#include <stdint.h>

const uint8_t gradients_rgb444[114688] = {
    0xEF, 0xFF, 0xEF, 0xFF, 0xEF, 0xFF, 0xEF, 0xFF,
    0xEF, 0xFF, 0xEF, 0xFF, 0xEF, 0xFF, 0xEF, 0xFF,
    0xEF, 0xFF, 0xEF, 0xFF, 0xEF, 0xFF, 0xEF, 0xFF,
    0xEF, 0xFF, 0xEF, 0xFF, 0xEF, 0xFF, 0xEF, 0xFF,
    0xEF, 0xFF, 0xEF, 0xFF, 0xEF, 0xFF, 0xEF, 0xFF,
    0xEF, 0xFF, 0xEF, 0xFF, 0xEF, 0xFF, 0xEF, 0xFF,
    0xEF, 0xFF, 0xEF, 0xFF, 0xEF, 0xFF, 0xEF, 0xFF,
    0xEF, 0xFF, 0xEF, 0xFF, 0xEF, 0xFF, 0xEF, 0xFF,
    0xEF, 0xFF, 0xEF, 0xFF, 0xEF, 0xFF, 0xEF, 0xFF,
    0xEF, 0xFF, 0xEF, 0xFF, 0xEF, 0xFF, 0xEF, 0xFF,
    0xEF, 0xFF, 0xEF, 0xFF, 0xEF, 0xFF, 0xEF, 0xFF,
    0xEF, 0xFF, 0xEF, 0xFF, 0xEF, 0xFF, 0xEF, 0xFF,
    0xEF, 0xFF, 0xEF, 0xFF, 0xEF, 0xFF, 0xEF, 0xFF,
    0xEF, 0xFF, 0xEF, 0xFF, 0xEF, 0xFF, 0xEF, 0xFF,
    0xEF, 0xFF, 0xEF, 0xFF, 0xEF, 0xFF, 0xEF, 0xFF,
    0xEF, 0xFF, 0xEF, 0xFF, 0xEF, 0xFF, 0xEF, 0xFF,
    0xEF, 0xFF, 0xEF, 0xFF, 0xEF, 0xFF, 0xEF, 0xFF,
    0xEF, 0xFF, 0xEF, 0xFF, 0xEF, 0xFF, 0xEF, 0xFF,
    0xEF, 0xFF, 0xEF, 0xFF, 0xEF, 0xFF, 0xEF, 0xFF,
    0xEF, 0xFF, 0xEF, 0xFF, 0xEF, 0xFF, 0xEF, 0xFF,
    0xEF, 0xFF, 0xEF, 0xFF, 0xEF, 0xFF, 0xEF, 0xFF,
    0xEF, 0xFF, 0xEF, 0xFF, 0xEF, 0xFF, 0xEF, 0xFF,
    0xEF, 0xFF, 0xEF, 0xFF, 0xEF, 0xFF, 0xEF, 0xFF,
    0xEF, 0xFF, 0xEF, 0xFF, 0xEF, 0xFF, 0xEF, 0xFF,
    0xEF, 0xFF, 0xEF, 0xFF, 0xEF, 0xFF, 0xEF, 0xFF,
    0xEF, 0xFF, 0xEF, 0xFF, 0xEF, 0xFF, 0xEF, 0xFF,
    0xEF, 0xFF, 0xEF, 0xFF, 0xEF, 0xFF, 0xEF, 0xFF,
    0xEF, 0xFF, 0xEF, 0xFF, 0xEF, 0xFF, 0xEF, 0xFF,
    0xEF, 0xFF, 0xEF, 0xFF, 0xEF, 0xFF, 0xEF, 0xFF,
    0xEF, 0xFF, 0xEF, 0xFF, 0xEF, 0xFF, 0xEF, 0xFF,
    0xEF, 0xFF, 0xEF, 0xFF, 0xEF, 0xFF, 0xEF, 0xFF,
    0xEF, 0xFF, 0xEF, 0xFF, 0xEF, 0xFF, 0xEF, 0xFF,
    0xEF, 0xFF, 0xEF, 0xFF, 0xEF, 0xFF, 0xEF, 0xFF,
    0xEF, 0xFF, 0xEF, 0xFF, 0xEF, 0xFF, 0xEF, 0xFF,
    0xEF, 0xFF, 0xEF, 0xFF, 0xEF, 0xFF, 0xEF, 0xFF,
    0xEF, 0xFF, 0xEF, 0xFF, 0xEF, 0xFF, 0xEF, 0xFF,
    0xEF, 0xFF, 0xEF, 0xFF, 0xEF, 0xFF, 0xEF, 0xFF,
    0xEF, 0xFF, 0xEF, 0xFF, 0xEF, 0xFF, 0xEF, 0xFF,
    0xEF, 0xFF, 0xEF, 0xFF, 0xEF, 0xFF, 0xEF, 0xFF,
    0xEF, 0xFF, 0xEF, 0xFF, 0xEF, 0xFF, 0xEF, 0xFF,
    0xEF, 0xFF, 0xEF, 0xFF, 0xEF, 0xFF, 0xEF, 0xFF,
    0xEF, 0xFF, 0xEF, 0xFF, 0xEF, 0xFF, 0xEF, 0xFF,
    0xEF, 0xFF, 0xEF, 0xFF, 0xEF, 0xFF, 0xEF, 0xFF,
    0xEF, 0xFF, 0xEF, 0xFF, 0xEF, 0xFF, 0xEF, 0xFF,
    0xEF, 0xFF, 0xEF, 0xFF, 0xEF, 0xFF, 0xEF, 0xFF,
    0xEF, 0xFF, 0xEF, 0xFF, 0xEF, 0xFF, 0xEF, 0xFF,
    0xEF, 0xFF, 0xEF, 0xFF, 0xEF, 0xFF, 0xEF, 0xFF,
    0xEF, 0xFF, 0xEF, 0xFF, 0xEF, 0xFF, 0xEF, 0xFF,
    0xEF, 0xFF, 0xEF, 0xFF, 0xEF, 0xFF, 0xEF, 0xFF,
    0xEF, 0xFF, 0xEF, 0xFF, 0xEF, 0xFF, 0xEF, 0xFF,
    0xEF, 0xFF, 0xEF, 0xFF, 0xEF, 0xFF, 0xEF, 0xFF,
    0xEF, 0xFF, 0xEF, 0xFF, 0xEF, 0xFF, 0xEF, 0xFF,
    0xEF, 0xFF, 0xEF, 0xFF, 0xEF, 0xFF, 0xEF, 0xFF,
    0xEF, 0xFF, 0xEF, 0xFF, 0xEF, 0xFF, 0xEF, 0xFF,
    0xEF, 0xFF, 0xEF, 0xFF, 0xEF, 0xFF, 0xEF, 0xFF,
    0xEF, 0xFF, 0xEF, 0xFF, 0xEF, 0xFF, 0xEF, 0xFF,
    0xEF, 0xFF, 0xEF, 0xFF, 0xEF, 0xFF, 0xEF, 0xFF,
    0xEF, 0xFF, 0xEF, 0xFF, 0xEF, 0xFF, 0xEF, 0xFF,
    0xEF, 0xFF, 0xEF, 0xFF, 0xEF, 0xFF, 0xEF, 0xFF,
    0xEF, 0xFF, 0xEF, 0xFF, 0xEF, 0xFF, 0xEF, 0xFF,
    0xEF, 0xFF, 0xEF, 0xFF, 0xEF, 0xFF, 0xEF, 0xFF,
    0xEF, 0xFF, 0xEF, 0xFF, 0xEF, 0xFF, 0xEF, 0xFF,
    0xEF, 0xFF, 0xEF, 0xFF, 0xEF, 0xFF, 0xEF, 0xFF,
    0xEF, 0xFF, 0xEF, 0xFF, 0xEF, 0xFF, 0xEF, 0xFF,
    0xEF, 0xFF, 0xEF, 0xFF, 0xEF, 0xFF, 0xEF, 0xFF,
    0xEF, 0xFF, 0xEF, 0xFF, 0xEF, 0xFF, 0xEF, 0xFF,
    0xEF, 0xFF, 0xEF, 0xFF, 0xEF, 0xFF, 0xEF, 0xFF,
    0xEF, 0xFF, 0xEF, 0xFF, 0xEF, 0xFF, 0xEF, 0xFF,
    0xEF, 0xFF, 0xEF, 0xFF, 0xEF, 0xFF, 0xEF, 0xFF,
    0xEF, 0xFF, 0xEF, 0xFF, 0xEF, 0xFF, 0xEF, 0xFF,
    0xEF, 0xFF, 0xEF, 0xFF, 0xEF, 0xFF, 0xEF, 0xFF,
    0xEF, 0xFF, 0xEF, 0xFF, 0xEF, 0xFF, 0xEF, 0xFF,
    0xEF, 0xFF, 0xEF, 0xFF, 0xEF, 0xFF, 0xEF, 0xFF,
    0xEF, 0xFF, 0xEF, 0xFF, 0xEF, 0xFF, 0xEF, 0xFF,
    0xEF, 0xFF, 0xEF, 0xFF, 0xEF, 0xFF, 0xEF, 0xFF,
    0xEF, 0xFF, 0xEF, 0xFF, 0xEF, 0xFF, 0xEF, 0xFF,
    0xEF, 0xFF, 0xEF, 0xFF, 0xEF, 0xFF, 0xEF, 0xFF,
    0xEF, 0xFF, 0xEF, 0xFF, 0xEF, 0xFF, 0xEF, 0xFF,
    0xEF, 0xFF, 0xEF, 0xFF, 0xEF, 0xFF, 0xEF, 0xFF,
    0xEF, 0xFF, 0xEF, 0xFF, 0xEF, 0xFF, 0xEF, 0xFF,
    0xEF, 0xFF, 0xEF, 0xFF, 0xEF, 0xFF, 0xEF, 0xFF,
    0xEF, 0xFF, 0xEF, 0xFF, 0xEF, 0xFF, 0xEF, 0xFF,
    0xEF, 0xFF, 0xEF, 0xFF, 0xEF, 0xFF, 0xEF, 0xFF,
    0xEF, 0xFF, 0xEF, 0xFF, 0xEF, 0xFF, 0xEF, 0xFF,
    0xEF, 0xFF, 0xEF, 0xFF, 0xEF, 0xFF, 0xEF, 0xFF,
    0xEF, 0xFF, 0xEF, 0xFF, 0xEF, 0xFF, 0xEF, 0xFF,
    0xEF, 0xFF, 0xEF, 0xFF, 0xEF, 0xFF, 0xEF, 0xFF,
    0xEF, 0xFF, 0xEF, 0xFF, 0xEF, 0xFF, 0xEF, 0xFF,
    0xEF, 0xFF, 0xEF, 0xFF, 0xEF, 0xFF, 0xEF, 0xFF,
    0xEF, 0xFF, 0xEF, 0xFF, 0xEF, 0xFF, 0xEF, 0xFF,
    0xEF, 0xFF, 0xEF, 0xFF, 0xEF, 0xFF, 0xEF, 0xFF,
    0xEF, 0xFF, 0xEF, 0xFF, 0xEF, 0xFF, 0xEF, 0xFF,
    0xEF, 0xFF, 0xEF, 0xFF, 0xEF, 0xFF, 0xEF, 0xFF,
    0xEF, 0xFF, 0xEF, 0xFF, 0xEF, 0xFF, 0xEF, 0xFF,
    0xEF, 0xFF, 0xEF, 0xFF, 0xEF, 0xFF, 0xEF, 0xFF,
    0xEF, 0xFF, 0xEF, 0xFF, 0xEF, 0xFF, 0xEF, 0xFF,
    0xEF, 0xFF, 0xEF, 0xFF, 0xEF, 0xFF, 0xEF, 0xFF,
    0xEF, 0xFF, 0xEF, 0xFF, 0xEF, 0xFF, 0xEF, 0xFF,
    0xEF, 0xFF, 0xEF, 0xFF, 0xEF, 0xFF, 0xEF, 0xFF,
    0xEF, 0xFF, 0xEF, 0xFF, 0xEF, 0xFF, 0xEF, 0xFF,
    0xEF, 0xFF, 0xEF, 0xFF, 0xEF, 0xFF, 0xEF, 0xFF,
    0xEF, 0xFF, 0xEF, 0xFF, 0xEF, 0xFF, 0xEF, 0xFF,
    0xEF, 0xFF, 0xEF, 0xFF, 0xEF, 0xFF, 0xEF, 0xFF,
    0xEF, 0xFF, 0xEF, 0xFF, 0xEF, 0xFF, 0xEF, 0xFF,
    0xEF, 0xFF, 0xEF, 0xFF, 0xEF, 0xFF, 0xEF, 0xFF,
    0xEF, 0xFF, 0xEF, 0xFF, 0xEF, 0xFF, 0xEF, 0xFF,
    0xEF, 0xFF, 0xEF, 0xFF, 0xEF, 0xFF, 0xEF, 0xFF,
    0xEF, 0xFF, 0xEF, 0xFF, 0xEF, 0xFF, 0xEF, 0xFF,
    0xEF, 0xFF, 0xEF, 0xFF, 0xEF, 0xFF, 0xEF, 0xFF,
    0xEF, 0xFF, 0xEF, 0xFF, 0xEF, 0xFF, 0xEF, 0xFF,
    0xEF, 0xFF, 0xEF, 0xFF, 0xEF, 0xFF, 0xEF, 0xFF,
    0xEF, 0xFF, 0xEF, 0xFF, 0xEF, 0xFF, 0xEF, 0xFF,
    0xEF, 0xFF, 0xEF, 0xFF, 0xEF, 0xFF, 0xEF, 0xFF,
    0xEF, 0xFF, 0xEF, 0xFF, 0xEF, 0xFF, 0xEF, 0xFF,
    0xEF, 0xFF, 0xEF, 0xFF, 0xEF, 0xFF, 0xEF, 0xFF,
    0xEF, 0xFF, 0xEF, 0xFF, 0xEF, 0xFF, 0xEF, 0xFF,
    0xEF, 0xFF, 0xEF, 0xFF, 0xEF, 0xFF, 0xEF, 0xFF,
    0xEF, 0xFF, 0xEF, 0xFF, 0xEF, 0xFF, 0xEF, 0xFF,
    0xEF, 0xFF, 0xEF, 0xFF, 0xEF, 0xFF, 0xEF, 0xFF,
    0xEF, 0xFF, 0xEF, 0xFF, 0xEF, 0xFF, 0xEF, 0xFF,
    0xEF, 0xFF, 0xEF, 0xFF, 0xEF, 0xFF, 0xEF, 0xFF,
    0xEF, 0xFF, 0xEF, 0xFF, 0xEF, 0xFF, 0xEF, 0xFF,
    0xEF, 0xFF, 0xEF, 0xFF, 0xEF, 0xFF, 0xEF, 0xFF,
    0xEF, 0xFF, 0xEF, 0xFF, 0xEF, 0xFF, 0xEF, 0xFF,
    0xEF, 0xFF, 0xEF, 0xFF, 0xEF, 0xFF, 0xEF, 0xFF,
    0xEF, 0xFF, 0xEF, 0xFF, 0xEF, 0xFF, 0xEF, 0xFF,
    0xEF, 0xFF, 0xEF, 0xFF, 0xEF, 0xFF, 0xEF, 0xFF,
    0xEF, 0xFF, 0xEF, 0xFF, 0xEF, 0xFF, 0xEF, 0xFF,
    0xEF, 0xFF, 0xEF, 0xFF, 0xEF, 0xFF, 0xEF, 0xFF,
    0xEF, 0xFF, 0xEF, 0xFF, 0xEF, 0xFF, 0xEF, 0xFF,
    0xEF, 0xFF, 0xEF, 0xFF, 0xEF, 0xFF, 0xEF, 0xFF,
    0xEF, 0xFF, 0xEF, 0xFF, 0xEF, 0xFF, 0xEF, 0xFF,
    0xEF, 0xFF, 0xEF, 0xFF, 0xEF, 0xFF, 0xEF, 0xFF,
    0xEF, 0xFF, 0xEF, 0xFF, 0xEF, 0xFF, 0xEF, 0xFF,
    0xEF, 0xFF, 0xEF, 0xFF, 0xEF, 0xFF, 0xEF, 0xFF,
    0xEF, 0xFF, 0xEF, 0xFF, 0xEF, 0xFF, 0xEF, 0xFF,
    0xEF, 0xFF, 0xEF, 0xFF, 0xEF, 0xFF, 0xEF, 0xFF,
    0xEF, 0xFF, 0xEF, 0xFF, 0xEF, 0xFF, 0xEF, 0xFF,
    0xEF, 0xFF, 0xEF, 0xFF, 0xEF, 0xFF, 0xEF, 0xFF,
    0xEF, 0xFF, 0xEF, 0xFF, 0xEF, 0xFF, 0xEF, 0xFF,
    0xEF, 0xFF, 0xEF, 0xFF, 0xEF, 0xFF, 0xEF, 0xFF,
    0xEF, 0xFF, 0xEF, 0xFF, 0xEF, 0xFF, 0xEF, 0xFF,
    0xEF, 0xFF, 0xEF, 0xFF, 0xEF, 0xFF, 0xEF, 0xFF,
    0xEF, 0xFF, 0xEF, 0xFF, 0xEF, 0xFF, 0xEF, 0xFF,
    0xEF, 0xFF, 0xEF, 0xFF, 0xEF, 0xFF, 0xEF, 0xFF,
    0xEF, 0xFF, 0xEF, 0xFF, 0xEF, 0xFF, 0xEF, 0xFF,
    0xEF, 0xFF, 0xEF, 0xFF, 0xEF, 0xFF, 0xEF, 0xFF,
    0xEF, 0xFF, 0xEF, 0xFF, 0xEF, 0xFF, 0xEF, 0xFF,
    0xEF, 0xFF, 0xEF, 0xFF, 0xEF, 0xFF, 0xEF, 0xFF,
    0xEF, 0xFF, 0xEF, 0xFF, 0xEF, 0xFF, 0xEF, 0xFF,
    0xEF, 0xFF, 0xEF, 0xFF, 0xEF, 0xFF, 0xEF, 0xFF,
    0xEF, 0xFF, 0xEF, 0xFF, 0xEF, 0xFF, 0xEF, 0xFF,
    0xEF, 0xFF, 0xEF, 0xFF, 0xEF, 0xFF, 0xEF, 0xFF,
    0xEF, 0xFF, 0xEF, 0xFF, 0xEF, 0xFF, 0xEF, 0xFF,
    0xEF, 0xFF, 0xEF, 0xFF, 0xEF, 0xFF, 0xEF, 0xFF,
    0xEF, 0xFF, 0xEF, 0xFF, 0xEF, 0xFF, 0xEF, 0xFF,
    0xEF, 0xFF, 0xEF, 0xFF, 0xEF, 0xFF, 0xEF, 0xFF,
    0xEF, 0xFF, 0xEF, 0xFF, 0xEF, 0xFF, 0xEF, 0xFF,
    0xEF, 0xFF, 0xEF, 0xFF, 0xEF, 0xFF, 0xEF, 0xFF,
    0xEF, 0xFF, 0xEF, 0xFF, 0xEF, 0xFF, 0xEF, 0xFF,
    0xEF, 0xFF, 0xEF, 0xFF, 0xEF, 0xFF, 0xEF, 0xFF,
    0xEF, 0xFF, 0xEF, 0xFF, 0xEF, 0xFF, 0xEF, 0xFF,
    0xEF, 0xFF, 0xEF, 0xFF, 0xEF, 0xFF, 0xEF, 0xFF,
    0xEF, 0xFF, 0xEF, 0xFF, 0xEF, 0xFF, 0xEF, 0xFF,
    0xEF, 0xFF, 0xEF, 0xFF, 0xEF, 0xFF, 0xEF, 0xFF,
    0xEF, 0xFF, 0xEF, 0xFF, 0xEF, 0xFF, 0xEF, 0xFF,
    0xEF, 0xFF, 0xEF, 0xFF, 0xEF, 0xFF, 0xEF, 0xFF,
    0xEF, 0xFF, 0xEF, 0xFF, 0xEF, 0xFF, 0xEF, 0xFF,
    0xEF, 0xFF, 0xEF, 0xFF, 0xEF, 0xFF, 0xEF, 0xFF,
    0xEF, 0xFF, 0xEF, 0xFF, 0xEF, 0xFF, 0xEF, 0xFF,
    0xEF, 0xFF, 0xEF, 0xFF, 0xEF, 0xFF, 0xEF, 0xFF,
    0xEF, 0xFF, 0xEF, 0xFF, 0xEF, 0xFF, 0xEF, 0xFF,
    0xEF, 0xFF, 0xEF, 0xFF, 0xEF, 0xFF, 0xEF, 0xFF,
    0xEF, 0xFF, 0xEF, 0xFF, 0xEF, 0xFF, 0xEF, 0xFF,
    0xEF, 0xFF, 0xEF, 0xFF, 0xEF, 0xFF, 0xEF, 0xFF,
    0xEF, 0xFF, 0xEF, 0xFF, 0xEF, 0xFF, 0xEF, 0xFF,
    0xEF, 0xFF, 0xEF, 0xFF, 0xEF, 0xFF, 0xEF, 0xFF,
    0xEF, 0xFF, 0xEF, 0xFF, 0xEF, 0xFF, 0xEF, 0xFF,
    0xEF, 0xFF, 0xEF, 0xFF, 0xEF, 0xFF, 0xEF, 0xFF,
    0xEF, 0xFF, 0xEF, 0xFF, 0xEF, 0xFF, 0xEF, 0xFF,
    0xEF, 0xFF, 0xEF, 0xFF, 0xEF, 0xFF, 0xEF, 0xFF,
    0xEF, 0xFF, 0xEF, 0xFF, 0xEF, 0xFF, 0xEF, 0xFF,
    0xEF, 0xFF, 0xEF, 0xFF, 0xEF, 0xFF, 0xEF, 0xFF,
    0xEF, 0xFF, 0xEF, 0xFF, 0xEF, 0xFF, 0xEF, 0xFF,
    0xEF, 0xFF, 0xEF, 0xFF, 0xEF, 0xFF, 0xEF, 0xFF,
    0xEF, 0xFF, 0xEF, 0xFF, 0xEF, 0xFF, 0xEF, 0xFF,
    0xEF, 0xFF, 0xEF, 0xFF, 0xEF, 0xFF, 0xEF, 0xFF,
    0xEF, 0xFF, 0xEF, 0xFF, 0xEF, 0xFF, 0xEF, 0xFF,
    0xEF, 0xFF, 0xEF, 0xFF, 0xEF, 0xFF, 0xEF, 0xFF,
    0xEF, 0xFF, 0xEF, 0xFF, 0xEF, 0xFF, 0xEF, 0xFF,
    0xEF, 0xFF, 0xEF, 0xFF, 0xEF, 0xFF, 0xEF, 0xFF,
    0xEF, 0xFF, 0xEF, 0xFF, 0xEF, 0xFF, 0xEF, 0xFF,
    0xEF, 0xFF, 0xEF, 0xFF, 0xEF, 0xFF, 0xEF, 0xFF,
    0xEF, 0xFF, 0xEF, 0xFF, 0xEF, 0xFF, 0xEF, 0xFF,
    0xEF, 0xFF, 0xEF, 0xFF, 0xEF, 0xFF, 0xEF, 0xFF,
    0xEF, 0xFF, 0xEF, 0xFF, 0xEF, 0xFF, 0xEF, 0xFF,
    0xEF, 0xFF, 0xEF, 0xFF, 0xEF, 0xFF, 0xEF, 0xFF,
    0xEF, 0xFF, 0xEF, 0xFF, 0xEF, 0xFF, 0xEF, 0xFF,
    0xEF, 0xFF, 0xEF, 0xFF, 0xEF, 0xFF, 0xEF, 0xFF,
    0xEF, 0xFF, 0xEF, 0xFF, 0xEF, 0xFF, 0xEF, 0xFF,
    0xEF, 0xFF, 0xEF, 0xFF, 0xEF, 0xFF, 0xEF, 0xFF,
    0xEF, 0xFF, 0xEF, 0xFF, 0xEF, 0xFF, 0xEF, 0xFF,
    0xEF, 0xFF, 0xEF, 0xFF, 0xEF, 0xFF, 0xEF, 0xFF,
    0xEF, 0xFF, 0xEF, 0xFF, 0xEF, 0xFF, 0xEF, 0xFF,
    0xEF, 0xFF, 0xEF, 0xFF, 0xEF, 0xFF, 0xEF, 0xFF,
    0xEF, 0xFF, 0xEF, 0xFF, 0xEF, 0xFF, 0xEF, 0xFF,
    0xEF, 0xFF, 0xEF, 0xFF, 0xEF, 0xFF, 0xEF, 0xFF,
    0xEF, 0xFF, 0xEF, 0xFF, 0xEF, 0xFF, 0xEF, 0xFF,
    0xEF, 0xFF, 0xEF, 0xFF, 0xEF, 0xFF, 0xEF, 0xFF,
    0xEF, 0xFF, 0xEF, 0xFF, 0xEF, 0xFF, 0xEF, 0xFF,
    0xEF, 0xFF, 0xEF, 0xFF, 0xEF, 0xFF, 0xEF, 0xFF,
    0xEF, 0xFF, 0xEF, 0xFF, 0xEF, 0xFF, 0xEF, 0xFF,
    0xEF, 0xFF, 0xEF, 0xFF, 0xEF, 0xFF, 0xEF, 0xFF,
    0xEF, 0xFF, 0xEF, 0xFF, 0xEF, 0xFF, 0xEF, 0xFF,
    0xEF, 0xFF, 0xEF, 0xFF, 0xEF, 0xFF, 0xEF, 0xFF,
    0xEF, 0xFF, 0xEF, 0xFF, 0xEF, 0xFF, 0xEF, 0xFF,
    0xEF, 0xFF, 0xEF, 0xFF, 0xEF, 0xFF, 0xEF, 0xFF,
    0xEF, 0xFF, 0xEF, 0xFF, 0xEF, 0xFF, 0xEF, 0xFF,
    0xEF, 0xFF, 0xEF, 0xFF, 0xEF, 0xFF, 0xEF, 0xFF,
    0xEF, 0xFF, 0xEF, 0xFF, 0xEF, 0xFF, 0xEF, 0xFF,
    0xEF, 0xFF, 0xEF, 0xFF, 0xEF, 0xFF, 0xEF, 0xFF,
    0xEF, 0xFF, 0xEF, 0xFF, 0xEF, 0xFF, 0xEF, 0xFF,
    0xEF, 0xFF, 0xEF, 0xFF, 0xEF, 0xFF, 0xEF, 0xFF,
    0xEF, 0xFF, 0xEF, 0xFF, 0xEF, 0xFF, 0xEF, 0xFF,
    0xEF, 0xFF, 0xEF, 0xFF, 0xEF, 0xFF, 0xEF, 0xFF,
    0xEF, 0xFF, 0xEF, 0xFF, 0xEF, 0xFF, 0xEF, 0xFF,
    0xEF, 0xFF, 0xEF, 0xFF, 0xEF, 0xFF, 0xEF, 0xFF,
    0xEF, 0xFF, 0xEF, 0xFF, 0xEF, 0xFF, 0xEF, 0xFF,
    0xEF, 0xFF, 0xEF, 0xFF, 0xEF, 0xFF, 0xEF, 0xFF,
    0xEF, 0xFF, 0xEF, 0xFF, 0xEF, 0xFF, 0xEF, 0xFF,
    0xEF, 0xFF, 0xEF, 0xFF, 0xEF, 0xFF, 0xEF, 0xFF,
    0xEF, 0xFF, 0xEF, 0xFF, 0xEF, 0xFF, 0xEF, 0xFF,
    0xEF, 0xFF, 0xEF, 0xFF, 0xEF, 0xFF, 0xEF, 0xFF,
    0xEF, 0xFF, 0xEF, 0xFF, 0xEF, 0xFF, 0xEF, 0xFF,
    0xEF, 0xFF, 0xEF, 0xFF, 0xEF, 0xFF, 0xEF, 0xFF,
    0xEF, 0xFF, 0xEF, 0xFF, 0xEF, 0xFF, 0xEF, 0xFF,
    0xEF, 0xFF, 0xEF, 0xFF, 0xEF, 0xFF, 0xEF, 0xFF,
    0xEF, 0xFF, 0xEF, 0xFF, 0xEF, 0xFF, 0xEF, 0xFF,
    0xEF, 0xFF, 0xEF, 0xFF, 0xEF, 0xFF, 0xEF, 0xFF,
    0xEF, 0xFF, 0xEF, 0xFF, 0xEF, 0xFF, 0xEF, 0xFF,
    0xEF, 0xFF, 0xEF, 0xFF, 0xEF, 0xFF, 0xEF, 0xFF,
    0xEF, 0xFF, 0xEF, 0xFF, 0xEF, 0xFF, 0xEF, 0xFF,
    0xEF, 0xFF, 0xEF, 0xFF, 0xEF, 0xFF, 0xEF, 0xFF,
    0xEF, 0xFF, 0xEF, 0xFF, 0xEF, 0xFF, 0xEF, 0xFF,
    0xEF, 0xFF, 0xEF, 0xFF, 0xEF, 0xFF, 0xEF, 0xFF,
    0xEF, 0xFF, 0xEF, 0xFF, 0xEF, 0xFF, 0xEF, 0xFF,
    0xEF, 0xFF, 0xEF, 0xFF, 0xEF, 0xFF, 0xEF, 0xFF,
    0xEF, 0xFF, 0xEF, 0xFF, 0xEF, 0xFF, 0xEF, 0xFF,
    0xEF, 0xFF, 0xEF, 0xFF, 0xEF, 0xFF, 0xEF, 0xFF,
    0xEF, 0xFF, 0xEF, 0xFF, 0xEF, 0xFF, 0xEF, 0xFF,
    0xEF, 0xFF, 0xEF, 0xFF, 0xEF, 0xFF, 0xEF, 0xFF,
    0xEF, 0xFF, 0xEF, 0xFF, 0xEF, 0xFF, 0xEF, 0xFF,
    0xEF, 0xFF, 0xEF, 0xFF, 0xEF, 0xFF, 0xEF, 0xFF,
    0xEF, 0xFF, 0xEF, 0xFF, 0xEF, 0xFF, 0xEF, 0xFF,
    0xEF, 0xFF, 0xEF, 0xFF, 0xEF, 0xFF, 0xEF, 0xFF,
    0xEF, 0xFF, 0xEF, 0xFF, 0xEF, 0xFF, 0xEF, 0xFF,
    0xEF, 0xFF, 0xEF, 0xFF, 0xEF, 0xFF, 0xEF, 0xFF,
    0xEF, 0xFF, 0xEF, 0xFF, 0xEF, 0xFF, 0xEF, 0xFF,
    0xEF, 0xFF, 0xEF, 0xFF, 0xEF, 0xFF, 0xEF, 0xFF,
    0xEF, 0xFF, 0xEF, 0xFF, 0xEF, 0xFF, 0xEF, 0xFF,
    0xEF, 0xFF, 0xEF, 0xFF, 0xEF, 0xFF, 0xEF, 0xFF,
    0xEF, 0xFF, 0xEF, 0xFF, 0xEF, 0xFF, 0xEF, 0xFF,
    0xEF, 0xFF, 0xEF, 0xFF, 0xEF, 0xFF, 0xEF, 0xFF,
    0xEF, 0xFF, 0xEF, 0xFF, 0xEF, 0xFF, 0xEF, 0xFF,
    0xEF, 0xFF, 0xEF, 0xFF, 0xEF, 0xFF, 0xEF, 0xFF,
    0xEF, 0xFF, 0xEF, 0xFF, 0xEF, 0xFF, 0xEF, 0xFF,
    0xEF, 0xFF, 0xEF, 0xFF, 0xEF, 0xFF, 0xEF, 0xFF,
    0xEF, 0xFF, 0xEF, 0xFF, 0xEF, 0xFF, 0xEF, 0xFF,
    0xEF, 0xFF, 0xEF, 0xFF, 0xEF, 0xFF, 0xEF, 0xFF,
    0xEF, 0xFF, 0xEF, 0xFF, 0xEF, 0xFF, 0xEF, 0xFF,
    0xEF, 0xFF, 0xEF, 0xFF, 0xEF, 0xFF, 0xEF, 0xFF,
    0xEF, 0xFF, 0xEF, 0xFF, 0xEF, 0xFF, 0xEF, 0xFF,
    0xEF, 0xFF, 0xEF, 0xFF, 0xEF, 0xFF, 0xEF, 0xFF,
    0xEF, 0xFF, 0xEF, 0xFF, 0xEF, 0xFF, 0xEF, 0xFF,
    0xEF, 0xFF, 0xEF, 0xFF, 0xEF, 0xFF, 0xEF, 0xFF,
    0xEF, 0xFF, 0xEF, 0xFF, 0xEF, 0xFF, 0xEF, 0xFF,
    0xEF, 0xFF, 0xEF, 0xFF, 0xEF, 0xFF, 0xEF, 0xFF,
    0xEF, 0xFF, 0xEF, 0xFF, 0xEF, 0xFF, 0xEF, 0xFF,
    0xEF, 0xFF, 0xEF, 0xFF, 0xEF, 0xFF, 0xEF, 0xFF,
    0xEF, 0xFF, 0xEF, 0xFF, 0xEF, 0xFF, 0xEF, 0xFF,
    0xEF, 0xFF, 0xEF, 0xFF, 0xEF, 0xFF, 0xEF, 0xFF,
    0xEF, 0xFF, 0xEF, 0xFF, 0xEF, 0xFF, 0xEF, 0xFF,
    0xEF, 0xFF, 0xEF, 0xFF, 0xEF, 0xFF, 0xEF, 0xFF,
    0xEF, 0xFF, 0xEF, 0xFF, 0xEF, 0xFF, 0xEF, 0xFF,
    0xEF, 0xFF, 0xEF, 0xFF, 0xEF, 0xFF, 0xEF, 0xFF,
    0xEF, 0xFF, 0xEF, 0xFF, 0xEF, 0xFF, 0xEF, 0xFF,
    0xEF, 0xFF, 0xEF, 0xFF, 0xEF, 0xFF, 0xEF, 0xFF,
    0xEF, 0xFF, 0xEF, 0xFF, 0xEF, 0xFF, 0xEF, 0xFF,
    0xEF, 0xFF, 0xEF, 0xFF, 0xEF, 0xFF, 0xEF, 0xFF,
    0xEF, 0xFF, 0xEF, 0xFF, 0xEF, 0xFF, 0xEF, 0xFF,
    0xEF, 0xFF, 0xEF, 0xFF, 0xEF, 0xFF, 0xEF, 0xFF,
    0xEF, 0xFF, 0xEF, 0xFF, 0xEF, 0xFF, 0xEF, 0xFF,
    0xEF, 0xFF, 0xEF, 0xFF, 0xEF, 0xFF, 0xEF, 0xFF,
    0xEF, 0xFF, 0xEF, 0xFF, 0xEF, 0xFF, 0xEF, 0xFF,
    0xEF, 0xFF, 0xEF, 0xFF, 0xEF, 0xFF, 0xEF, 0xFF,
    0xEF, 0xFF, 0xEF, 0xFF, 0xEF, 0xFF, 0xEF, 0xFF,
    0xEF, 0xFF, 0xEF, 0xFF, 0xEF, 0xFF, 0xEF, 0xFF,
    0xEF, 0xFF, 0xEF, 0xFF, 0xEF, 0xFF, 0xEF, 0xFF,
    0xEF, 0xFF, 0xEF, 0xFF, 0xEF, 0xFF, 0xEF, 0xFF,
    0xEF, 0xFF, 0xEF, 0xFF, 0xEF, 0xFF, 0xEF, 0xFF,
    0xEF, 0xFF, 0xEF, 0xFF, 0xEF, 0xFF, 0xEF, 0xFF,
    0xEF, 0xFF, 0xEF, 0xFF, 0xEF, 0xFF, 0xEF, 0xFF,
    0xEF, 0xFF, 0xEF, 0xFF, 0xEF, 0xFF, 0xEF, 0xFF,
    0xEF, 0xFF, 0xEF, 0xFF, 0xEF, 0xFF, 0xEF, 0xFF,
    0xEF, 0xFF, 0xEF, 0xFF, 0xEF, 0xFF, 0xEF, 0xFF,
    0xEF, 0xFF, 0xEF, 0xFF, 0xEF, 0xFF, 0xEF, 0xFF,
    0xEF, 0xFF, 0xEF, 0xFF, 0xEF, 0xFF, 0xEF, 0xFF,
    0xEF, 0xFF, 0xEF, 0xFF, 0xEF, 0xFF, 0xEF, 0xFF,
    0xEF, 0xFF, 0xEF, 0xFF, 0xEF, 0xFF, 0xEF, 0xFF,
    0xEF, 0xFF, 0xEF, 0xFF, 0xEF, 0xFF, 0xEF, 0xFF,
    0xEF, 0xFF, 0xEF, 0xFF, 0xEF, 0xFF, 0xEF, 0xFF,
    0xEF, 0xFF, 0xEF, 0xFF, 0xEF, 0xFF, 0xEF, 0xFF,
    0xEF, 0xFF, 0xEF, 0xFF, 0xEF, 0xFF, 0xEF, 0xFF,
    0xEF, 0xFF, 0xEF, 0xFF, 0xEF, 0xFF, 0xEF, 0xFF,
    0xEF, 0xFF, 0xEF, 0xFF, 0xEF, 0xFF, 0xEF, 0xFF,
    0xEF, 0xFF, 0xEF, 0xFF, 0xEF, 0xFF, 0xEF, 0xFF,
    0xEF, 0xFF, 0xEF, 0xFF, 0xEF, 0xFF, 0xEF, 0xFF,
    0xEF, 0xFF, 0xEF, 0xFF, 0xEF, 0xFF, 0xEF, 0xFF,
    0xEF, 0xFF, 0xEF, 0xFF, 0xEF, 0xFF, 0xEF, 0xFF,
    0xEF, 0xFF, 0xEF, 0xFF, 0xEF, 0xFF, 0xEF, 0xFF,
    0xEF, 0xFF, 0xEF, 0xFF, 0xEF, 0xFF, 0xEF, 0xFF,
    0xEF, 0xFF, 0xEF, 0xFF, 0xEF, 0xFF, 0xEF, 0xFF,
    0xEF, 0xFF, 0xEF, 0xFF, 0xEF, 0xFF, 0xEF, 0xFF,
    0xEF, 0xFF, 0xEF, 0xFF, 0xEF, 0xFF, 0xEF, 0xFF,
    0xEF, 0xFF, 0xEF, 0xFF, 0xEF, 0xFF, 0xEF, 0xFF,
    0xEF, 0xFF, 0xEF, 0xFF, 0xEF, 0xFF, 0xEF, 0xFF,
    0xEF, 0xFF, 0xEF, 0xFF, 0xEF, 0xFF, 0xEF, 0xFF,
    0xEF, 0xFF, 0xEF, 0xFF, 0xEF, 0xFF, 0xEF, 0xFF,
    0xEF, 0xFF, 0xEF, 0xFF, 0xEF, 0xFF, 0xEF, 0xFF,
    0xEF, 0xFF, 0xEF, 0xFF, 0xEF, 0xFF, 0xEF, 0xFF,
    0xEF, 0xFF, 0xEF, 0xFF, 0xEF, 0xFF, 0xEF, 0xFF,
    0xEF, 0xFF, 0xEF, 0xFF, 0xEF, 0xFF, 0xEF, 0xFF,
    0xEF, 0xFF, 0xEF, 0xFF, 0xEF, 0xFF, 0xEF, 0xFF,
    0xEF, 0xFF, 0xEF, 0xFF, 0xEF, 0xFF, 0xEF, 0xFF,
    0xEF, 0xFF, 0xEF, 0xFF, 0xEF, 0xFF, 0xEF, 0xFF,
    0xEF, 0xFF, 0xEF, 0xFF, 0xEF, 0xFF, 0xEF, 0xFF,
    0xEF, 0xFF, 0xEF, 0xFF, 0xEF, 0xFF, 0xEF, 0xFF,
    0xEF, 0xFF, 0xEF, 0xFF, 0xEF, 0xFF, 0xEF, 0xFF,
    0xEF, 0xFF, 0xEF, 0xFF, 0xEF, 0xFF, 0xEF, 0xFF,
    0xEF, 0xFF, 0xEF, 0xFF, 0xEF, 0xFF, 0xEF, 0xFF,
    0xEF, 0xFF, 0xEF, 0xFF, 0xEF, 0xFF, 0xEF, 0xFF,
    0xEF, 0xFF, 0xEF, 0xFF, 0xEF, 0xFF, 0xEF, 0xFF,
    0xEF, 0xFF, 0xEF, 0xFF, 0xEF, 0xFF, 0xEF, 0xFF,
    0xEF, 0xFF, 0xEF, 0xFF, 0xEF, 0xFF, 0xEF, 0xFF,
    0xEF, 0xFF, 0xEF, 0xFF, 0xEF, 0xFF, 0xEF, 0xFF,
    0xEF, 0xFF, 0xEF, 0xFF, 0xEF, 0xFF, 0xEF, 0xFF,
    0xEF, 0xFF, 0xEF, 0xFF, 0xEF, 0xFF, 0xEF, 0xFF,
    0xEF, 0xFF, 0xEF, 0xFF, 0xEF, 0xFF, 0xEF, 0xFF,
    0xEF, 0xFF, 0xEF, 0xFF, 0xEF, 0xFF, 0xEF, 0xFF,
    0xEF, 0xFF, 0xEF, 0xFF, 0xEF, 0xFF, 0xEF, 0xFF,
    0xEF, 0xFF, 0xEF, 0xFF, 0xEF, 0xFF, 0xEF, 0xFF,
    0xEF, 0xFF, 0xEF, 0xFF, 0xEF, 0xFF, 0xEF, 0xFF,
    0xEF, 0xFF, 0xEF, 0xFF, 0xEF, 0xFF, 0xEF, 0xFF,
    0xEF, 0xFF, 0xEF, 0xFF, 0xEF, 0xFF, 0xEF, 0xFF,
    0xEF, 0xFF, 0xEF, 0xFF, 0xEF, 0xFF, 0xEF, 0xFF,
    0xEF, 0xFF, 0xEF, 0xFF, 0xEF, 0xFF, 0xEF, 0xFF,
    0xEF, 0xFF, 0xEF, 0xFF, 0xEF, 0xFF, 0xEF, 0xFF,
    0xEF, 0xFF, 0xEF, 0xFF, 0xEF, 0xFF, 0xEF, 0xFF,
    0xEF, 0xFF, 0xEF, 0xFF, 0xEF, 0xFF, 0xEF, 0xFF,
    0xEF, 0xFF, 0xEF, 0xFF, 0xEF, 0xFF, 0xEF, 0xFF,
    0xEF, 0xFF, 0xEF, 0xFF, 0xEF, 0xFF, 0xEF, 0xFF,
    0xEF, 0xFF, 0xEF, 0xFF, 0xEF, 0xFF, 0xEF, 0xFF,
    0xEF, 0xFF, 0xEF, 0xFF, 0xEF, 0xFF, 0xEF, 0xFF,
    0xEF, 0xFF, 0xEF, 0xFF, 0xEF, 0xFF, 0xEF, 0xFF,
    0xEF, 0xFF, 0xEF, 0xFF, 0xEF, 0xFF, 0xEF, 0xFF,
    0xEF, 0xFF, 0xEF, 0xFF, 0xEF, 0xFF, 0xEF, 0xFF,
    0xEF, 0xFF, 0xEF, 0xFF, 0xEF, 0xFF, 0xEF, 0xFF,
    0xEF, 0xFF, 0xEF, 0xFF, 0xEF, 0xFF, 0xEF, 0xFF,
    0xEF, 0xFF, 0xEF, 0xFF, 0xEF, 0xFF, 0xEF, 0xFF,
    0xEF, 0xFF, 0xEF, 0xFF, 0xEF, 0xFF, 0xEF, 0xFF,
    0xEF, 0xFF, 0xEF, 0xFF, 0xEF, 0xFF, 0xEF, 0xFF,
    0xEF, 0xFF, 0xEF, 0xFF, 0xEF, 0xFF, 0xEF, 0xFF,
    0xEF, 0xFF, 0xEF, 0xFF, 0xEF, 0xFF, 0xEF, 0xFF,
    0xEF, 0xFF, 0xEF, 0xFF, 0xEF, 0xFF, 0xEF, 0xFF,
    0xEF, 0xFF, 0xEF, 0xFF, 0xEF, 0xFF, 0xEF, 0xFF,
    0xEF, 0xFF, 0xEF, 0xFF, 0xEF, 0xFF, 0xEF, 0xFF,
    0xEF, 0xFF, 0xEF, 0xFF, 0xEF, 0xFF, 0xEF, 0xFF,
    0xEF, 0xFF, 0xEF, 0xFF, 0xEF, 0xFF, 0xEF, 0xFF,
    0xEF, 0xFF, 0xEF, 0xFF, 0xEF, 0xFF, 0xEF, 0xFF,
    0xEF, 0xFF, 0xEF, 0xFF, 0xEF, 0xFF, 0xEF, 0xFF,
    0xEF, 0xFF, 0xEF, 0xFF, 0xEF, 0xFF, 0xEF, 0xFF,
    0xEF, 0xFF, 0xEF, 0xFF, 0xEF, 0xFF, 0xEF, 0xFF,
    0xEF, 0xFF, 0xEF, 0xFF, 0xEF, 0xFF, 0xEF, 0xFF,
    0xEF, 0xFF, 0xEF, 0xFF, 0xEF, 0xFF, 0xEF, 0xFF,
    0xEF, 0xFF, 0xEF, 0xFF, 0xEF, 0xFF, 0xEF, 0xFF,
    0xEF, 0xFF, 0xEF, 0xFF, 0xEF, 0xFF, 0xEF, 0xFF,
    0xEF, 0xFF, 0xEF, 0xFF, 0xEF, 0xFF, 0xEF, 0xFF,
    0xEF, 0xFF, 0xEF, 0xFF, 0xEF, 0xFF, 0xEF, 0xFF,
    0xEF, 0xFF, 0xEF, 0xFF, 0xEF, 0xFF, 0xEF, 0xFE,
    0xEF, 0xFE, 0xEF, 0xFE, 0xEF, 0xFE, 0xEF, 0xFF,
    0xEF, 0xFF, 0xEF, 0xFF, 0xEF, 0xFF, 0xEF, 0xFF,
    0xEF, 0xFF, 0xEF, 0xFF, 0xEF, 0xFF, 0xEF, 0xFF,
    0xEF, 0xFF, 0xEF, 0xFF, 0xEF, 0xFF, 0xEF, 0xFF,
    0xEF, 0xFF, 0xEF, 0xFF, 0xEF, 0xFF, 0xEF, 0xFF,
    0xEF, 0xFF, 0xEF, 0xFF, 0xEF, 0xFF, 0xEF, 0xFF,
    0xEF, 0xFF, 0xEF, 0xFF, 0xEF, 0xFF, 0xEF, 0xFF,
    0xEF, 0xFF, 0xEF, 0xFF, 0xEF, 0xFF, 0xEF, 0xFF,
    0xEF, 0xFF, 0xEF, 0xFF, 0xEF, 0xFF, 0xEF, 0xFF,
    0xEF, 0xFF, 0xEF, 0xFF, 0xEF, 0xFF, 0xEF, 0xFF,
    0xEF, 0xFF, 0xEF, 0xFF, 0xEF, 0xFF, 0xEF, 0xFF,
    0xEF, 0xFF, 0xEF, 0xFF, 0xEF, 0xFF, 0xEF, 0xFF,
    0xEF, 0xFF, 0xEF, 0xFF, 0xEF, 0xFF, 0xEF, 0xFF,
    0xEF, 0xFF, 0xEF, 0xFF, 0xEF, 0xFF, 0xEF, 0xFF,
    0xEF, 0xFF, 0xEF, 0xFF, 0xEF, 0xFF, 0xEF, 0xFF,
    0xEF, 0xFF, 0xEF, 0xFF, 0xEF, 0xFF, 0xEF, 0xFF,
    0xEF, 0xFF, 0xEF, 0xFF, 0xEF, 0xFF, 0xEF, 0xFF,
    0xEF, 0xFF, 0xEF, 0xFF, 0xEF, 0xFF, 0xEF, 0xFF,
    0xEF, 0xFF, 0xEF, 0xFF, 0xEF, 0xFF, 0xEF, 0xFF,
    0xEF, 0xFF, 0xEF, 0xFF, 0xEF, 0xFF, 0xEF, 0xFF,
    0xEF, 0xFF, 0xEF, 0xFF, 0xEF, 0xFF, 0xEF, 0xFF,
    0xEF, 0xFF, 0xEF, 0xFF, 0xEF, 0xFF, 0xEF, 0xFF,
    0xEF, 0xFF, 0xEF, 0xFF, 0xEF, 0xFF, 0xEF, 0xFF,
    0xEF, 0xFF, 0xEF, 0xFF, 0xEF, 0xFF, 0xEF, 0xFF,
    0xEF, 0xFF, 0xEF, 0xFF, 0xEF, 0xFF, 0xEF, 0xFF,
    0xEF, 0xFF, 0xEF, 0xFF, 0xEF, 0xFF, 0xEF, 0xFF,
    0xEF, 0xFF, 0xEF, 0xFF, 0xEF, 0xFF, 0xEF, 0xFF,
    0xEF, 0xFF, 0xEF, 0xFF, 0xEF, 0xFF, 0xEF, 0xFF,
    0xEF, 0xFF, 0xEF, 0xFF, 0xEF, 0xFF, 0xEF, 0xFF,
    0xEF, 0xFF, 0xEF, 0xFF, 0xEF, 0xFF, 0xEF, 0xFF,
    0xEF, 0xFF, 0xEF, 0xFF, 0xEF, 0xFF, 0xEF, 0xFF,
    0xEF, 0xFF, 0xEF, 0xFF, 0xEF, 0xFF, 0xEF, 0xFF,
    0xEF, 0xFF, 0xEF, 0xFF, 0xEF, 0xFF, 0xEF, 0xFF,
    0xEF, 0xFF, 0xEF, 0xFF, 0xEF, 0xFF, 0xEF, 0xFF,
    0xEF, 0xFF, 0xEF, 0xFF, 0xEF, 0xFF, 0xEF, 0xFF,
    0xEF, 0xFF, 0xEF, 0xFF, 0xEF, 0xFF, 0xEF, 0xFF,
    0xEF, 0xFF, 0xEF, 0xFF, 0xEF, 0xFF, 0xEF, 0xFF,
    0xEF, 0xFF, 0xEF, 0xFF, 0xEF, 0xFF, 0xEF, 0xFF,
    0xEF, 0xFF, 0xEF, 0xFF, 0xEF, 0xFF, 0xEF, 0xFF,
    0xEF, 0xFF, 0xEF, 0xFF, 0xEF, 0xFF, 0xEF, 0xFF,
    0xEF, 0xFF, 0xEF, 0xFF, 0xEF, 0xFF, 0xEF, 0xFF,
    0xEF, 0xFF, 0xEF, 0xFF, 0xEF, 0xFF, 0xEF, 0xFF,
    0xEF, 0xFF, 0xEF, 0xFF, 0xEF, 0xFF, 0xEF, 0xFF,
    0xEF, 0xFF, 0xEF, 0xFF, 0xEF, 0xFF, 0xEF, 0xFF,
    0xEF, 0xFF, 0xEF, 0xFF, 0xEF, 0xFF, 0xEF, 0xFF,
    0xEF, 0xFF, 0xEF, 0xFF, 0xEF, 0xFF, 0xEF, 0xFF,
    0xEF, 0xFF, 0xEF, 0xFF, 0xEF, 0xFF, 0xEF, 0xFF,
    0xEF, 0xFF, 0xEF, 0xFF, 0xEF, 0xFF, 0xEF, 0xFF,
    0xEF, 0xFF, 0xEF, 0xFF, 0xEF, 0xFF, 0xEF, 0xFF,
    0xEF, 0xFF, 0xEF, 0xFF, 0xEF, 0xFF, 0xEF, 0xFF,
    0xEF, 0xFF, 0xEF, 0xFF, 0xEF, 0xFF, 0xEF, 0xFF,
    0xEF, 0xFF, 0xEF, 0xFF, 0xEF, 0xFF, 0xEF, 0xFF,
    0xEF, 0xFF, 0xEF, 0xFF, 0xEF, 0xFF, 0xEF, 0xFF,
    0xEF, 0xFF, 0xEF, 0xFF, 0xEF, 0xFF, 0xEF, 0xFF,
    0xEF, 0xFF, 0xEF, 0xFF, 0xEF, 0xFF, 0xEF, 0xFF,
    0xEF, 0xFF, 0xEF, 0xFF, 0xEF, 0xFF, 0xEF, 0xFF,
    0xEF, 0xFF, 0xEF, 0xFF, 0xEF, 0xFF, 0xEF, 0xFF,
    0xEF, 0xFF, 0xEF, 0xFF, 0xEF, 0xFF, 0xEF, 0xFF,
    0xEF, 0xFF, 0xEF, 0xFF, 0xEF, 0xFF, 0xEF, 0xFF,
    0xEE, 0xFE, 0xEE, 0xFE, 0xEE, 0xFE, 0xEF, 0xFE,
    0xEF, 0xFE, 0xEF, 0xFE, 0xEF, 0xFE, 0xEF, 0xFE,
    0xEF, 0xFE, 0xEF, 0xFE, 0xEF, 0xFE, 0xEF, 0xFE,
    0xEF, 0xFE, 0xEF, 0xFE, 0xEF, 0xFE, 0xEF, 0xFE,
    0xEF, 0xFE, 0xEF, 0xFE, 0xEF, 0xFE, 0xEF, 0xFE,
    0xEF, 0xFE, 0xEF, 0xFE, 0xEF, 0xFE, 0xEF, 0xFE,
    0xEF, 0xFE, 0xEF, 0xFE, 0xEF, 0xFE, 0xEF, 0xFE,
    0xEF, 0xFE, 0xEF, 0xFE, 0xEF, 0xFE, 0xEF, 0xFE,
    0xEF, 0xFE, 0xEF, 0xFE, 0xEF, 0xFE, 0xEF, 0xFE,
    0xEF, 0xFE, 0xEF, 0xFE, 0xEF, 0xFE, 0xEF, 0xFE,
    0xEF, 0xFE, 0xEF, 0xFE, 0xEF, 0xFE, 0xEF, 0xFE,
    0xEF, 0xFE, 0xEF, 0xFF, 0xEF, 0xFF, 0xEF, 0xFF,
    0xEF, 0xFF, 0xEF, 0xFF, 0xEF, 0xFF, 0xEF, 0xFF,
    0xEF, 0xFF, 0xEF, 0xFF, 0xEF, 0xFE, 0xEF, 0xFE,
    0xEF, 0xFE, 0xEF, 0xFE, 0xEF, 0xFE, 0xEF, 0xFE,
    0xEF, 0xFE, 0xEF, 0xFE, 0xEF, 0xFE, 0xEF, 0xFE,
    0xEF, 0xFE, 0xEF, 0xFF, 0xEF, 0xFE, 0xEF, 0xFE,
    0xEF, 0xFE, 0xEF, 0xFE, 0xEF, 0xFE, 0xEF, 0xFE,
    0xEF, 0xFE, 0xEF, 0xFE, 0xEF, 0xFE, 0xEF, 0xFE,
    0xEF, 0xFE, 0xEF, 0xFE, 0xEF, 0xFE, 0xEF, 0xFE,
    0xDF, 0xFE, 0xDF, 0xFE, 0xDF, 0xFE, 0xDF, 0xFE,
    0xDF, 0xFE, 0xDF, 0xFE, 0xDF, 0xFF, 0xDF, 0xFF,
    0xDF, 0xFF, 0xDF, 0xFF, 0xDF, 0xFF, 0xDF, 0xFF,
    0xDF, 0xFF, 0xDF, 0xFF, 0xDF, 0xFF, 0xDF, 0xFF,
    0xDF, 0xFF, 0xDF, 0xFF, 0xDF, 0xFF, 0xDF, 0xFF,
    0xDF, 0xFF, 0xDF, 0xFF, 0xDF, 0xFF, 0xDF, 0xFF,
    0xDF, 0xFF, 0xDF, 0xFF, 0xDF, 0xFF, 0xDF, 0xFF,
    0xDF, 0xFF, 0xDF, 0xFF, 0xDF, 0xFF, 0xDF, 0xFF,
    0xDF, 0xFF, 0xDF, 0xFF, 0xDF, 0xFF, 0xDF, 0xFF,
    0xDF, 0xFF, 0xDF, 0xFF, 0xDF, 0xFF, 0xDF, 0xFF,
    0xDF, 0xFF, 0xDF, 0xFF, 0xDF, 0xFF, 0xDF, 0xFF,
    0xDF, 0xFF, 0xDF, 0xFF, 0xDF, 0xFF, 0xDF, 0xFF,
    0xDF, 0xFF, 0xEF, 0xFF, 0xEF, 0xFF, 0xDF, 0xFF,
    0xDF, 0xFF, 0xDF, 0xFF, 0xDF, 0xFF, 0xDF, 0xFF,
    0xDF, 0xFF, 0xDF, 0xFF, 0xDF, 0xFF, 0xDF, 0xFF,
    0xDF, 0xFF, 0xDF, 0xFF, 0xDF, 0xFF, 0xDF, 0xFF,
    0xDF, 0xFF, 0xDF, 0xFF, 0xDF, 0xFF, 0xDF, 0xFF,
    0xDF, 0xFF, 0xDF, 0xFF, 0xDF, 0xFF, 0xDF, 0xFF,
    0xDF, 0xFF, 0xDF, 0xFF, 0xDF, 0xFF, 0xDF, 0xFF,
    0xDF, 0xFF, 0xDF, 0xFF, 0xDF, 0xFF, 0xDF, 0xFF,
    0xDF, 0xFF, 0xDF, 0xFF, 0xDF, 0xFF, 0xDF, 0xFF,
    0xDF, 0xFF, 0xDF, 0xFF, 0xDE, 0xFF, 0xEE, 0xFF,
    0xEE, 0xFF, 0xEE, 0xFF, 0xEE, 0xFF, 0xEE, 0xFF,
    0xEE, 0xFF, 0xEE, 0xFF, 0xEE, 0xFF, 0xEE, 0xFF,
    0xEE, 0xFF, 0xEE, 0xFF, 0xEE, 0xFF, 0xEE, 0xFF,
    0xEE, 0xFF, 0xEE, 0xFF, 0xEE, 0xFF, 0xEE, 0xFF,
    0xEE, 0xFF, 0xEE, 0xFF, 0xEE, 0xFF, 0xEE, 0xFF,
    0xEE, 0xFF, 0xEE, 0xFF, 0xEE, 0xFF, 0xEE, 0xFF,
    0xEE, 0xFF, 0xEE, 0xFF, 0xEE, 0xFF, 0xEE, 0xFF,
    0xEE, 0xFF, 0xEE, 0xFF, 0xEE, 0xFF, 0xEE, 0xFF,
    0xEE, 0xFF, 0xEE, 0xFF, 0xEE, 0xFF, 0xEE, 0xFF,
    0xEE, 0xFF, 0xEE, 0xFF, 0xEE, 0xFF, 0xEE, 0xFF,
    0xEE, 0xFF, 0xEE, 0xFF, 0xEE, 0xFF, 0xEE, 0xFF,
    0xEE, 0xFF, 0xEE, 0xFF, 0xEE, 0xFF, 0xEE, 0xFF,
    0xEE, 0xFF, 0xEE, 0xFF, 0xEE, 0xFF, 0xEE, 0xFF,
    0xEE, 0xFF, 0xEE, 0xFF, 0xEE, 0xFF, 0xEE, 0xFF,
    0xEE, 0xFF, 0xEE, 0xFF, 0xEE, 0xFF, 0xEE, 0xFF,
    0xEE, 0xFF, 0xEE, 0xFF, 0xEE, 0xFF, 0xEE, 0xFF,
    0xEE, 0xFF, 0xEE, 0xFF, 0xEE, 0xFF, 0xEE, 0xFF,
    0xEE, 0xFF, 0xEE, 0xFF, 0xEE, 0xFF, 0xEE, 0xFF,
    0xEE, 0xFF, 0xEE, 0xFF, 0xEE, 0xFF, 0xEE, 0xFF,
    0xEE, 0xFF, 0xEE, 0xFF, 0xEE, 0xFF, 0xEE, 0xFF,
    0xEE, 0xFF, 0xEE, 0xFF, 0xEE, 0xFE, 0xEE, 0xFE,
    0xEE, 0xFE, 0xEE, 0xFE, 0xEE, 0xFE, 0xEE, 0xFE,
    0xEE, 0xFE, 0xEE, 0xFE, 0xEE, 0xFE, 0xEE, 0xFE,
    0xEE, 0xFE, 0xEE, 0xFE, 0xEE, 0xFE, 0xEF, 0xFE,
    0xEF, 0xFE, 0xEF, 0xFE, 0xEF, 0xFE, 0xEF, 0xFE,
    0xEF, 0xFE, 0xEF, 0xFE, 0xEF, 0xFE, 0xEF, 0xFE,
    0xEF, 0xFE, 0xEF, 0xFE, 0xEF, 0xFE, 0xEF, 0xFE,
    0xEF, 0xFE, 0xEF, 0xFE, 0xEF, 0xFE, 0xEF, 0xFE,
    0xEF, 0xFE, 0xEF, 0xFE, 0xEF, 0xFE, 0xEF, 0xFE,
    0xEF, 0xFE, 0xEF, 0xFE, 0xEF, 0xFE, 0xEF, 0xFE,
    0xEF, 0xFE, 0xEF, 0xFE, 0xEF, 0xFE, 0xEF, 0xFE,
    0xEF, 0xFE, 0xEF, 0xFE, 0xEF, 0xFE, 0xEF, 0xFE,
    0xEF, 0xFE, 0xEF, 0xFE, 0xEF, 0xFE, 0xEF, 0xFE,
    0xEF, 0xFE, 0xEF, 0xFE, 0xEF, 0xFE, 0xEF, 0xFE,
    0xEF, 0xFE, 0xEF, 0xFE, 0xEF, 0xFE, 0xEF, 0xFE,
    0xEF, 0xFE, 0xEF, 0xFE, 0xEF, 0xFE, 0xEF, 0xFE,
    0xEF, 0xFE, 0xEF, 0xFE, 0xEF, 0xFE, 0xEF, 0xFE,
    0xEF, 0xFE, 0xEF, 0xFE, 0xEF, 0xFE, 0xEF, 0xFE,
    0xEF, 0xFE, 0xEF, 0xFE, 0xEF, 0xFE, 0xEF, 0xFE,
    0xEF, 0xFE, 0xEF, 0xFE, 0xEF, 0xFE, 0xEF, 0xFE,
    0xEF, 0xFE, 0xEF, 0xFE, 0xEF, 0xFE, 0xEF, 0xFE,
    0xEF, 0xFE, 0xDF, 0xFE, 0xDF, 0xFE, 0xDF, 0xFE,
    0xDF, 0xFE, 0xDF, 0xFE, 0xDF, 0xFE, 0xDF, 0xFE,
    0xDF, 0xFE, 0xDF, 0xFE, 0xDF, 0xFE, 0xDF, 0xFE,
    0xDF, 0xFE, 0xDF, 0xFE, 0xDF, 0xFF, 0xDF, 0xFF,
    0xDF, 0xFF, 0xDF, 0xFF, 0xDF, 0xFF, 0xDF, 0xFF,
    0xDF, 0xFF, 0xDF, 0xFF, 0xDF, 0xFF, 0xDF, 0xFF,
    0xDF, 0xFF, 0xDF, 0xFF, 0xDF, 0xFF, 0xDF, 0xFF,
    0xDF, 0xFF, 0xDF, 0xFF, 0xDF, 0xFF, 0xDF, 0xFF,
    0xDF, 0xFF, 0xDF, 0xFF, 0xDF, 0xFF, 0xDF, 0xFF,
    0xDF, 0xFF, 0xDF, 0xFF, 0xDF, 0xFF, 0xDF, 0xFF,
    0xDF, 0xFF, 0xDF, 0xFF, 0xDF, 0xFF, 0xDF, 0xFF,
    0xDF, 0xFF, 0xDF, 0xFF, 0xDF, 0xFF, 0xDF, 0xFF,
    0xDF, 0xFF, 0xDF, 0xFF, 0xDF, 0xFF, 0xDF, 0xFF,
    0xDF, 0xFF, 0xDF, 0xFF, 0xDF, 0xFF, 0xDF, 0xFF,
    0xDF, 0xFF, 0xDF, 0xFF, 0xDF, 0xFF, 0xDF, 0xFF,
    0xDF, 0xFF, 0xDF, 0xFF, 0xDF, 0xFF, 0xDF, 0xFF,
    0xDF, 0xFF, 0xDF, 0xFF, 0xDF, 0xFF, 0xDF, 0xFF,
    0xDF, 0xFF, 0xDF, 0xFF, 0xDF, 0xFF, 0xDF, 0xFF,
    0xDF, 0xFF, 0xDF, 0xFF, 0xDF, 0xFF, 0xDF, 0xFF,
    0xDF, 0xFF, 0xDF, 0xFF, 0xDF, 0xFF, 0xDF, 0xFF,
    0xDF, 0xFF, 0xDF, 0xFF, 0xDF, 0xFF, 0xDF, 0xFF,
    0xDF, 0xFF, 0xDF, 0xFF, 0xDF, 0xFF, 0xDE, 0xFF,
    0xDE, 0xFF, 0xDE, 0xFF, 0xDE, 0xFF, 0xDE, 0xFF,
    0xDE, 0xFF, 0xDE, 0xFF, 0xDE, 0xFF, 0xDE, 0xFF,
    0xDE, 0xFF, 0xDE, 0xFF, 0xDE, 0xFF, 0xDE, 0xFF,
    0xEE, 0xFF, 0xEE, 0xFF, 0xEE, 0xFF, 0xEE, 0xFF,
    0xEE, 0xFF, 0xEE, 0xFF, 0xEE, 0xFF, 0xEE, 0xFF,
    0xEE, 0xFF, 0xEE, 0xFF, 0xEE, 0xFF, 0xEE, 0xFF,
    0xEE, 0xFF, 0xEE, 0xFF, 0xEE, 0xFF, 0xEE, 0xFF,
    0xEE, 0xFF, 0xEE, 0xFF, 0xEE, 0xFF, 0xEE, 0xFF,
    0xEE, 0xFF, 0xEE, 0xFF, 0xEE, 0xFF, 0xEE, 0xFF,
    0xEE, 0xFF, 0xEE, 0xFF, 0xEE, 0xFF, 0xEE, 0xFF,
    0xEE, 0xFF, 0xEE, 0xFF, 0xEE, 0xFF, 0xEE, 0xFF,
    0xEE, 0xFF, 0xEE, 0xFF, 0xEE, 0xFF, 0xEE, 0xFF,
    0xEE, 0xFF, 0xEE, 0xFF, 0xEE, 0xFF, 0xEE, 0xFF,
    0xEE, 0xFF, 0xEE, 0xFF, 0xEE, 0xFF, 0xEE, 0xFF,
    0xEE, 0xFF, 0xEE, 0xFF, 0xEE, 0xFF, 0xEE, 0xFF,
    0xEE, 0xFF, 0xEE, 0xFF, 0xEE, 0xFF, 0xEE, 0xFF,
    0xEE, 0xFF, 0xEE, 0xFF, 0xEE, 0xFF, 0xEE, 0xFF,
    0xEE, 0xFF, 0xEE, 0xFF, 0xEE, 0xFF, 0xEE, 0xFF,
    0xEE, 0xFF, 0xEE, 0xFF, 0xEE, 0xFF, 0xEE, 0xFF,
    0xEE, 0xFF, 0xEE, 0xFF, 0xEE, 0xFF, 0xEE, 0xFF,
    0xEE, 0xFF, 0xEE, 0xFF, 0xEE, 0xFF, 0xEE, 0xFF,
    0xEE, 0xFF, 0xEE, 0xFE, 0xEE, 0xFE, 0xEE, 0xFE,
    0xEE, 0xFE, 0xEE, 0xFE, 0xEE, 0xFE, 0xEE, 0xFE,
    0xEE, 0xFE, 0xEE, 0xFE, 0xEE, 0xFE, 0xEE, 0xFE,
    0xEE, 0xFE, 0xEE, 0xFE, 0xEE, 0xFE, 0xEE, 0xFE,
    0xEE, 0xFE, 0xEE, 0xFE, 0xEF, 0xFE, 0xEF, 0xFE,
    0xEF, 0xFE, 0xEF, 0xFE, 0xEF, 0xFE, 0xEF, 0xFE,
    0xEF, 0xFE, 0xEF, 0xFE, 0xEF, 0xFE, 0xEF, 0xFE,
    0xEF, 0xFE, 0xEF, 0xFE, 0xEF, 0xFE, 0xEF, 0xFE,
    0xEF, 0xFE, 0xEF, 0xFE, 0xEF, 0xFE, 0xEF, 0xFE,
    0xEF, 0xFE, 0xEF, 0xFE, 0xEF, 0xFE, 0xEF, 0xFE,
    0xEF, 0xFE, 0xEF, 0xFE, 0xEF, 0xFE, 0xEF, 0xFE,
    0xEF, 0xFE, 0xEF, 0xFE, 0xEF, 0xFE, 0xEF, 0xFE,
    0xEF, 0xFE, 0xEF, 0xFE, 0xEF, 0xFE, 0xEF, 0xFE,
    0xEF, 0xFE, 0xEF, 0xFE, 0xEF, 0xFE, 0xEF, 0xFE,
    0xEF, 0xFE, 0xEF, 0xFE, 0xEF, 0xFE, 0xEF, 0xFE,
    0xEF, 0xFE, 0xEF, 0xFE, 0xEF, 0xFE, 0xEF, 0xFE,
    0xEF, 0xFE, 0xEF, 0xFE, 0xEF, 0xFE, 0xEF, 0xFE,
    0xEF, 0xFE, 0xEF, 0xFE, 0xEF, 0xFE, 0xEF, 0xFE,
    0xEF, 0xFE, 0xEF, 0xFE, 0xEF, 0xFE, 0xEF, 0xFE,
    0xEF, 0xFE, 0xEF, 0xFE, 0xEF, 0xFE, 0xEF, 0xFE,
    0xEF, 0xFE, 0xEF, 0xFE, 0xEF, 0xFE, 0xEF, 0xFE,
    0xDF, 0xFE, 0xDF, 0xFE, 0xDF, 0xFE, 0xDF, 0xFE,
    0xDF, 0xFE, 0xDF, 0xFE, 0xDF, 0xFE, 0xDF, 0xFE,
    0xDF, 0xFE, 0xDF, 0xFE, 0xDF, 0xFE, 0xDF, 0xFE,
    0xDF, 0xFE, 0xDF, 0xFE, 0xDF, 0xFE, 0xDF, 0xFE,
    0xDF, 0xFE, 0xDF, 0xFE, 0xDF, 0xFE, 0xDF, 0xFE,
    0xDF, 0xFF, 0xDF, 0xFF, 0xDF, 0xFF, 0xDF, 0xFF,
    0xDF, 0xFF, 0xDF, 0xFF, 0xDF, 0xFF, 0xDF, 0xFF,
    0xDF, 0xFF, 0xDF, 0xFF, 0xDF, 0xFF, 0xDF, 0xFF,
    0xDF, 0xFF, 0xDF, 0xFF, 0xDF, 0xFF, 0xDF, 0xFF,
    0xDF, 0xFF, 0xDF, 0xFF, 0xDF, 0xFF, 0xDF, 0xFF,
    0xDF, 0xFF, 0xDF, 0xFF, 0xDF, 0xFF, 0xDF, 0xFF,
    0xDF, 0xFF, 0xDF, 0xFF, 0xDF, 0xFF, 0xDF, 0xFF,
    0xDF, 0xFF, 0xDF, 0xFF, 0xDF, 0xFF, 0xDF, 0xFF,
    0xDF, 0xFF, 0xDF, 0xFF, 0xDF, 0xFF, 0xDF, 0xFF,
    0xDF, 0xFF, 0xDF, 0xFF, 0xDF, 0xFF, 0xDF, 0xFF,
    0xDF, 0xFF, 0xDF, 0xFF, 0xDF, 0xFF, 0xDF, 0xFF,
    0xDF, 0xFF, 0xDF, 0xFF, 0xDF, 0xFF, 0xDF, 0xFF,
    0xDF, 0xFF, 0xDF, 0xFF, 0xDF, 0xFF, 0xDF, 0xFF,
    0xDF, 0xFF, 0xDF, 0xFF, 0xDF, 0xFF, 0xDF, 0xFF,
    0xDF, 0xFF, 0xDF, 0xFF, 0xDF, 0xFF, 0xDF, 0xFF,
    0xDF, 0xFF, 0xDF, 0xFF, 0xDF, 0xFF, 0xDF, 0xFF,
    0xDE, 0xFF, 0xDE, 0xFF, 0xDE, 0xFF, 0xDE, 0xFF,
    0xDE, 0xFF, 0xDE, 0xFF, 0xDE, 0xFF, 0xDE, 0xFF,
    0xDE, 0xFF, 0xDE, 0xFF, 0xDE, 0xFF, 0xDE, 0xFF,
    0xDE, 0xFF, 0xDE, 0xFF, 0xDE, 0xFF, 0xDE, 0xFF,
    0xDE, 0xFF, 0xDE, 0xFF, 0xDE, 0xFF, 0xDE, 0xFF,
    0xDE, 0xFF, 0xDE, 0xFF, 0xEE, 0xFF, 0xEE, 0xFF,
    0xEE, 0xFF, 0xEE, 0xFF, 0xEE, 0xFF, 0xEE, 0xFF,
    0xEE, 0xFF, 0xEE, 0xFF, 0xEE, 0xFF, 0xEE, 0xFF,
    0xEE, 0xFF, 0xEE, 0xFF, 0xEE, 0xFF, 0xEE, 0xFF,
    0xEE, 0xFF, 0xEE, 0xFF, 0xEE, 0xFF, 0xEE, 0xFF,
    0xEE, 0xFF, 0xEE, 0xFF, 0xEE, 0xFF, 0xEE, 0xFF,
    0xEE, 0xFF, 0xEE, 0xFF, 0xEE, 0xFF, 0xEE, 0xFF,
    0xEE, 0xFF, 0xEE, 0xFF, 0xEE, 0xFF, 0xEE, 0xFF,
    0xEE, 0xFF, 0xEE, 0xFF, 0xEE, 0xFF, 0xEE, 0xFF,
    0xEE, 0xFF, 0xEE, 0xFF, 0xEE, 0xFF, 0xEE, 0xFF,
    0xEE, 0xFF, 0xEE, 0xFF, 0xEE, 0xFF, 0xEE, 0xFF,
    0xEE, 0xFF, 0xEE, 0xFF, 0xEE, 0xFF, 0xEE, 0xFF,
    0xEE, 0xFF, 0xEE, 0xFF, 0xEE, 0xFF, 0xEE, 0xFF,
    0xEE, 0xFF, 0xEE, 0xFF, 0xEE, 0xFF, 0xEE, 0xFF,
    0xEE, 0xFF, 0xEE, 0xFF, 0xEE, 0xFF, 0xEE, 0xFF,
    0xEE, 0xFF, 0xEE, 0xFF, 0xEE, 0xFF, 0xEE, 0xFE,
    0xEE, 0xFE, 0xEE, 0xFE, 0xEE, 0xFE, 0xEE, 0xFE,
    0xEE, 0xFE, 0xEE, 0xFE, 0xEE, 0xFE, 0xEE, 0xFE,
    0xEE, 0xFE, 0xEE, 0xFE, 0xEE, 0xFE, 0xEE, 0xFE,
    0xEE, 0xFE, 0xEE, 0xFE, 0xEE, 0xFE, 0xEE, 0xFE,
    0xEE, 0xFE, 0xEE, 0xFE, 0xEE, 0xFE, 0xEE, 0xFE,
    0xEE, 0xFE, 0xEE, 0xFE, 0xEE, 0xFE, 0xEE, 0xFE,
    0xEE, 0xFE, 0xEE, 0xFE, 0xEE, 0xFE, 0xEE, 0xFE,
    0xEF, 0xFE, 0xEF, 0xFE, 0xEF, 0xFE, 0xEF, 0xFE,
    0xEF, 0xFE, 0xEF, 0xFE, 0xEF, 0xFE, 0xEF, 0xFE,
    0xEF, 0xFE, 0xEF, 0xFE, 0xEF, 0xFE, 0xEF, 0xFE,
    0xEF, 0xFE, 0xEF, 0xFE, 0xEF, 0xFE, 0xEF, 0xFE,
    0xEF, 0xFE, 0xEF, 0xFE, 0xEF, 0xFE, 0xEF, 0xFE,
    0xEF, 0xFE, 0xEF, 0xFE, 0xEF, 0xFE, 0xEF, 0xFE,
    0xEF, 0xFE, 0xEF, 0xFE, 0xEF, 0xFE, 0xEF, 0xFE,
    0xEF, 0xFE, 0xEF, 0xFE, 0xEF, 0xFE, 0xEF, 0xFE,
    0xEF, 0xFE, 0xEF, 0xFE, 0xEF, 0xFE, 0xEF, 0xFE,
    0xEF, 0xFE, 0xEF, 0xFE, 0xEF, 0xFE, 0xEF, 0xFE,
    0xEF, 0xFE, 0xEF, 0xFE, 0xEF, 0xFE, 0xEF, 0xFE,
    0xEF, 0xFE, 0xEF, 0xFE, 0xEF, 0xFE, 0xEF, 0xFE,
    0xEF, 0xFE, 0xEF, 0xFE, 0xEF, 0xFE, 0xEF, 0xFE,
    0xEF, 0xFE, 0xEF, 0xFE, 0xEF, 0xFE, 0xDF, 0xFE,
    0xDF, 0xFE, 0xDF, 0xFE, 0xDF, 0xFE, 0xDF, 0xFE,
    0xDF, 0xFE, 0xDF, 0xFE, 0xDF, 0xFE, 0xDF, 0xFE,
    0xDF, 0xFE, 0xDF, 0xFE, 0xDF, 0xFE, 0xDF, 0xFE,
    0xDF, 0xFE, 0xDF, 0xFE, 0xDF, 0xFE, 0xDF, 0xFE,
    0xDF, 0xFE, 0xDF, 0xFE, 0xDF, 0xFE, 0xDF, 0xFE,
    0xDF, 0xFE, 0xDF, 0xFE, 0xDF, 0xFE, 0xDF, 0xFE,
    0xDF, 0xFF, 0xDF, 0xFF, 0xDF, 0xFF, 0xDF, 0xFF,
    0xDF, 0xFF, 0xDF, 0xFF, 0xDF, 0xFF, 0xDF, 0xFF,
    0xDF, 0xFF, 0xDF, 0xFF, 0xDF, 0xFF, 0xDF, 0xFF,
    0xDF, 0xFF, 0xDF, 0xFF, 0xDF, 0xFF, 0xDF, 0xFF,
    0xDF, 0xFF, 0xDF, 0xFF, 0xDF, 0xFF, 0xDF, 0xFF,
    0xDF, 0xFF, 0xDF, 0xFF, 0xDF, 0xFF, 0xDF, 0xFF,
    0xDF, 0xFF, 0xDF, 0xFF, 0xDF, 0xFF, 0xDF, 0xFF,
    0xDF, 0xFF, 0xDF, 0xFF, 0xDF, 0xFF, 0xDF, 0xFF,
    0xDF, 0xFF, 0xDF, 0xFF, 0xDF, 0xFF, 0xDF, 0xFF,
    0xDF, 0xFF, 0xDF, 0xFF, 0xDF, 0xFF, 0xDF, 0xFF,
    0xDF, 0xFF, 0xDF, 0xFF, 0xDF, 0xFF, 0xDF, 0xFF,
    0xDF, 0xFF, 0xDF, 0xFF, 0xDF, 0xFF, 0xDF, 0xFF,
    0xDF, 0xFF, 0xDF, 0xFF, 0xDF, 0xFF, 0xDF, 0xFF,
    0xDF, 0xFF, 0xDF, 0xFF, 0xDF, 0xFF, 0xDF, 0xFF,
    0xDF, 0xFF, 0xDF, 0xFF, 0xDF, 0xFF, 0xDF, 0xFF,
    0xDF, 0xFF, 0xDF, 0xFF, 0xDF, 0xFF, 0xDE, 0xFF,
    0xDE, 0xFF, 0xDE, 0xFF, 0xDE, 0xFF, 0xDE, 0xFF,
    0xDE, 0xFF, 0xDE, 0xFF, 0xDE, 0xFF, 0xDE, 0xFF,
    0xDE, 0xFF, 0xDE, 0xFF, 0xDE, 0xFF, 0xDE, 0xFF,
    0xDE, 0xFF, 0xDE, 0xFF, 0xDE, 0xFF, 0xDE, 0xFF,
    0xDE, 0xFF, 0xDE, 0xFF, 0xDE, 0xFF, 0xDE, 0xFF,
    0xDE, 0xFF, 0xDE, 0xFF, 0xDE, 0xFF, 0xDE, 0xFF,
    0xDE, 0xFF, 0xEE, 0xFF, 0xEE, 0xFF, 0xEE, 0xFF,
    0xEE, 0xFF, 0xEE, 0xFF, 0xEE, 0xFF, 0xEE, 0xFF,
    0xEE, 0xFF, 0xEE, 0xFF, 0xEE, 0xFF, 0xEE, 0xFF,
    0xEE, 0xFF, 0xEE, 0xFF, 0xEE, 0xFF, 0xEE, 0xFF,
    0xEE, 0xFF, 0xEE, 0xFF, 0xEE, 0xFF, 0xEE, 0xFF,
    0xEE, 0xFF, 0xEE, 0xFF, 0xEE, 0xFF, 0xEE, 0xFF,
    0xEE, 0xFF, 0xEE, 0xFF, 0xEE, 0xFF, 0xEE, 0xFF,
    0xEE, 0xFF, 0xEE, 0xFF, 0xEE, 0xFF, 0xEE, 0xFF,
    0xEE, 0xFF, 0xEE, 0xFF, 0xEE, 0xFF, 0xEE, 0xFF,
    0xEE, 0xFF, 0xEE, 0xFF, 0xEE, 0xFF, 0xEE, 0xFF,
    0xEE, 0xFF, 0xEE, 0xFF, 0xEE, 0xFF, 0xEE, 0xFF,
    0xEE, 0xFF, 0xEE, 0xFF, 0xEE, 0xFF, 0xEE, 0xFF,
    0xEE, 0xFF, 0xEE, 0xFF, 0xEE, 0xFF, 0xEE, 0xFF,
    0xEE, 0xFF, 0xEE, 0xFF, 0xEE, 0xFF, 0xEE, 0xFF,
    0xEE, 0xFF, 0xEE, 0xFF, 0xEE, 0xFF, 0xEE, 0xFE,
    0xEE, 0xFE, 0xEE, 0xFE, 0xEE, 0xFE, 0xEE, 0xFE,
    0xEE, 0xFE, 0xEE, 0xFE, 0xEE, 0xFE, 0xEE, 0xFE,
    0xEE, 0xFE, 0xEE, 0xFE, 0xEE, 0xFE, 0xEE, 0xFE,
    0xEE, 0xFE, 0xEE, 0xFE, 0xEE, 0xFE, 0xEE, 0xFE,
    0xEE, 0xFE, 0xEE, 0xFE, 0xEE, 0xFE, 0xEE, 0xFE,
    0xEE, 0xFE, 0xEE, 0xFE, 0xEE, 0xFE, 0xEE, 0xFE,
    0xEE, 0xFE, 0xEE, 0xFE, 0xEE, 0xFE, 0xEE, 0xFE,
    0xEE, 0xFE, 0xEE, 0xFE, 0xEE, 0xFE, 0xEF, 0xFE,
    0xEF, 0xFE, 0xEF, 0xFE, 0xEF, 0xFE, 0xEF, 0xFE,
    0xEF, 0xFE, 0xEF, 0xFE, 0xEF, 0xFE, 0xEF, 0xFE,
    0xEF, 0xFE, 0xEF, 0xFE, 0xEF, 0xFE, 0xEF, 0xFE,
    0xEF, 0xFE, 0xEF, 0xFE, 0xEF, 0xFE, 0xEF, 0xFE,
    0xEF, 0xFE, 0xEF, 0xFE, 0xEF, 0xFE, 0xEF, 0xFE,
    0xEF, 0xFE, 0xEF, 0xFE, 0xEF, 0xFE, 0xEF, 0xFE,
    0xEF, 0xFE, 0xEF, 0xFE, 0xEF, 0xFE, 0xEF, 0xFE,
    0xEF, 0xFE, 0xEF, 0xFE, 0xEF, 0xFE, 0xEF, 0xFE,
    0xEF, 0xFE, 0xEF, 0xFE, 0xEF, 0xFE, 0xEF, 0xFE,
    0xEF, 0xFE, 0xEF, 0xFE, 0xEF, 0xFE, 0xEF, 0xFE,
    0xEF, 0xFE, 0xEF, 0xFE, 0xEF, 0xFE, 0xEF, 0xFE,
    0xEF, 0xFE, 0xEF, 0xFE, 0xEF, 0xFE, 0xEF, 0xFE,
    0xDF, 0xFE, 0xDF, 0xFE, 0xDF, 0xFE, 0xDF, 0xFE,
    0xDF, 0xFE, 0xDF, 0xFE, 0xDF, 0xFE, 0xDF, 0xFE,
    0xDF, 0xFE, 0xDF, 0xFE, 0xDF, 0xFE, 0xDF, 0xFE,
    0xDF, 0xFE, 0xDF, 0xFE, 0xDF, 0xFE, 0xDF, 0xFE,
    0xDF, 0xFE, 0xDF, 0xFE, 0xDF, 0xFE, 0xDF, 0xFE,
    0xDF, 0xFE, 0xDF, 0xFE, 0xDF, 0xFE, 0xDF, 0xFE,
    0xDF, 0xFE, 0xDF, 0xFE, 0xDF, 0xFE, 0xDF, 0xFE,
    0xDF, 0xFE, 0xDF, 0xFE, 0xDF, 0xFE, 0xDF, 0xFE,
    0xDF, 0xFE, 0xDF, 0xFE, 0xDF, 0xFF, 0xDF, 0xFF,
    0xDF, 0xFF, 0xDF, 0xFF, 0xDF, 0xFF, 0xDF, 0xFF,
    0xDF, 0xFF, 0xDF, 0xFF, 0xDF, 0xFF, 0xDF, 0xFF,
    0xDF, 0xFF, 0xDF, 0xFF, 0xDF, 0xFF, 0xDF, 0xFF,
    0xDF, 0xFF, 0xDF, 0xFF, 0xDF, 0xFF, 0xDF, 0xFF,
    0xDF, 0xFF, 0xDF, 0xFF, 0xDF, 0xFF, 0xDF, 0xFF,
    0xDF, 0xFF, 0xDF, 0xFF, 0xDF, 0xFF, 0xDF, 0xFF,
    0xDF, 0xFF, 0xDF, 0xFF, 0xDF, 0xFF, 0xDF, 0xFF,
    0xDF, 0xFF, 0xDF, 0xFF, 0xDF, 0xFF, 0xDF, 0xFF,
    0xDF, 0xFF, 0xDF, 0xFF, 0xDF, 0xFF, 0xDF, 0xFF,
    0xDF, 0xFF, 0xDF, 0xFF, 0xDF, 0xFF, 0xDF, 0xFF,
    0xDF, 0xFF, 0xDF, 0xFF, 0xDF, 0xFF, 0xDF, 0xFF,
    0xDF, 0xFF, 0xDF, 0xFF, 0xDF, 0xFF, 0xDF, 0xFF,
    0xDF, 0xFF, 0xDF, 0xFF, 0xDE, 0xFF, 0xDE, 0xFF,
    0xDE, 0xFF, 0xDE, 0xFF, 0xDE, 0xFF, 0xDE, 0xFF,
    0xDE, 0xFF, 0xDE, 0xFF, 0xDE, 0xFF, 0xDE, 0xFF,
    0xDE, 0xFF, 0xDE, 0xFF, 0xDE, 0xFF, 0xDE, 0xFF,
    0xDE, 0xFF, 0xDE, 0xFF, 0xDE, 0xFF, 0xDE, 0xFF,
    0xDE, 0xFF, 0xDE, 0xFF, 0xDE, 0xFF, 0xDE, 0xFF,
    0xDE, 0xFF, 0xDE, 0xFF, 0xDE, 0xFF, 0xDE, 0xFF,
    0xDE, 0xFF, 0xDE, 0xFF, 0xDE, 0xFF, 0xDE, 0xFF,
    0xDE, 0xFF, 0xDE, 0xFF, 0xEE, 0xFF, 0xEE, 0xFF,
    0xEE, 0xFF, 0xEE, 0xFF, 0xEE, 0xFF, 0xEE, 0xFF,
    0xEE, 0xFF, 0xEE, 0xFF, 0xEE, 0xFF, 0xEE, 0xFF,
    0xEE, 0xFF, 0xEE, 0xFF, 0xEE, 0xFF, 0xEE, 0xFF,
    0xEE, 0xFF, 0xEE, 0xFF, 0xEE, 0xFF, 0xEE, 0xFF,
    0xEE, 0xFF, 0xEE, 0xFF, 0xEE, 0xFF, 0xEE, 0xFF,
    0xEE, 0xFF, 0xEE, 0xFF, 0xEE, 0xFF, 0xEE, 0xFF,
    0xEE, 0xFF, 0xEE, 0xFF, 0xEE, 0xFF, 0xEE, 0xFF,
    0xEE, 0xFF, 0xEE, 0xFF, 0xEE, 0xFF, 0xEE, 0xFF,
    0xEE, 0xFF, 0xEE, 0xFF, 0xEE, 0xFF, 0xEE, 0xFF,
    0xEE, 0xFF, 0xEE, 0xFF, 0xEE, 0xFF, 0xEE, 0xFF,
    0xEE, 0xFF, 0xEE, 0xFF, 0xEE, 0xFF, 0xEE, 0xFF,
    0xEE, 0xFF, 0xEE, 0xFF, 0xEE, 0xFF, 0xEE, 0xFF,
    0xEE, 0xFF, 0xEE, 0xFE, 0xEE, 0xFE, 0xEE, 0xFE,
    0xEE, 0xFE, 0xEE, 0xFE, 0xEE, 0xFE, 0xEE, 0xFE,
    0xEE, 0xFE, 0xEE, 0xFE, 0xEE, 0xFE, 0xEE, 0xFE,
    0xEE, 0xFE, 0xEE, 0xFE, 0xEE, 0xFE, 0xEE, 0xFE,
    0xEE, 0xFE, 0xEE, 0xFE, 0xEE, 0xFE, 0xEE, 0xFE,
    0xEE, 0xFE, 0xEE, 0xFE, 0xEE, 0xFE, 0xEE, 0xFE,
    0xEE, 0xFE, 0xEE, 0xFE, 0xEE, 0xFE, 0xEE, 0xFE,
    0xEE, 0xFE, 0xEE, 0xFE, 0xEE, 0xFE, 0xEE, 0xFE,
    0xEE, 0xFE, 0xEE, 0xFE, 0xEE, 0xFE, 0xEE, 0xFE,
    0xEE, 0xFE, 0xEE, 0xFE, 0xEE, 0xFE, 0xEF, 0xFE,
    0xEF, 0xFE, 0xEF, 0xFE, 0xEF, 0xFE, 0xEF, 0xFE,
    0xEF, 0xFE, 0xEF, 0xFE, 0xEF, 0xFE, 0xEF, 0xFE,
    0xEF, 0xFE, 0xEF, 0xFE, 0xEF, 0xFE, 0xEF, 0xFE,
    0xEF, 0xFE, 0xEF, 0xFE, 0xEF, 0xFE, 0xEF, 0xFE,
    0xEF, 0xFE, 0xEF, 0xFE, 0xEF, 0xFE, 0xEF, 0xFE,
    0xEF, 0xFE, 0xEF, 0xFE, 0xEF, 0xFE, 0xEF, 0xFE,
    0xEF, 0xFE, 0xEF, 0xFE, 0xEF, 0xFE, 0xEF, 0xFE,
    0xEF, 0xFE, 0xEF, 0xFE, 0xEF, 0xFE, 0xEF, 0xFE,
    0xEF, 0xFE, 0xEF, 0xFE, 0xEF, 0xFE, 0xEF, 0xFE,
    0xEF, 0xFE, 0xEF, 0xFE, 0xEF, 0xFE, 0xEF, 0xFE,
    0xEF, 0xFE, 0xEF, 0xFE, 0xEF, 0xFE, 0xEF, 0xFE,
    0xEF, 0xFE, 0xDF, 0xFE, 0xDF, 0xFE, 0xDF, 0xFE,
    0xDF, 0xFE, 0xDF, 0xFE, 0xDF, 0xFE, 0xDF, 0xFE,
    0xDF, 0xFE, 0xDF, 0xFE, 0xDF, 0xFE, 0xDF, 0xFE,
    0xDF, 0xFE, 0xDF, 0xFE, 0xDF, 0xFE, 0xDF, 0xFE,
    0xDF, 0xFE, 0xDF, 0xFE, 0xDF, 0xFE, 0xDF, 0xFE,
    0xDF, 0xFE, 0xDF, 0xFE, 0xDF, 0xFE, 0xDF, 0xFE,
    0xDF, 0xFE, 0xDF, 0xFE, 0xDF, 0xFE, 0xDF, 0xFE,
    0xDF, 0xFE, 0xDF, 0xFE, 0xDF, 0xFE, 0xDF, 0xFE,
    0xDF, 0xFE, 0xDF, 0xFE, 0xDF, 0xFE, 0xDF, 0xFE,
    0xDF, 0xFE, 0xDF, 0xFE, 0xDF, 0xFE, 0xDF, 0xFF,
    0xDF, 0xFF, 0xDF, 0xFF, 0xDF, 0xFF, 0xDF, 0xFF,
    0xDF, 0xFF, 0xDF, 0xFF, 0xDF, 0xFF, 0xDF, 0xFF,
    0xDF, 0xFF, 0xDF, 0xFF, 0xDF, 0xFF, 0xDF, 0xFF,
    0xDF, 0xFF, 0xDF, 0xFF, 0xDF, 0xFF, 0xDF, 0xFF,
    0xDF, 0xFF, 0xDF, 0xFF, 0xDF, 0xFF, 0xDF, 0xFF,
    0xDF, 0xFF, 0xDF, 0xFF, 0xDF, 0xFF, 0xDF, 0xFF,
    0xDF, 0xFF, 0xDF, 0xFF, 0xDF, 0xFF, 0xDF, 0xFF,
    0xDF, 0xFF, 0xDF, 0xFF, 0xDF, 0xFF, 0xDF, 0xFF,
    0xDF, 0xFF, 0xDF, 0xFF, 0xDF, 0xFF, 0xDF, 0xFF,
    0xDF, 0xFF, 0xDF, 0xFF, 0xDF, 0xFF, 0xDF, 0xFF,
    0xDF, 0xFF, 0xDF, 0xFF, 0xDF, 0xFF, 0xDF, 0xFF,
    0xDF, 0xFF, 0xDF, 0xFF, 0xDF, 0xFF, 0xDE, 0xFF,
    0xDE, 0xFF, 0xDE, 0xFF, 0xDE, 0xFF, 0xDE, 0xFF,
    0xDE, 0xFF, 0xDE, 0xFF, 0xDE, 0xFF, 0xDE, 0xFF,
    0xDE, 0xFF, 0xDE, 0xFF, 0xDE, 0xFF, 0xDE, 0xFF,
    0xDE, 0xFF, 0xDE, 0xFF, 0xDE, 0xFF, 0xDE, 0xFF,
    0xDE, 0xFF, 0xDE, 0xFF, 0xDE, 0xFF, 0xDE, 0xFF,
    0xDE, 0xFF, 0xDE, 0xFF, 0xDE, 0xFF, 0xDE, 0xFF,
    0xDE, 0xFF, 0xDE, 0xFF, 0xDE, 0xFF, 0xDE, 0xFF,
    0xDE, 0xFF, 0xDE, 0xFF, 0xDE, 0xFF, 0xDE, 0xFF,
    0xDE, 0xFF, 0xDE, 0xFF, 0xDE, 0xFF, 0xDE, 0xFF,
    0xDE, 0xFF, 0xEE, 0xFF, 0xEE, 0xFF, 0xEE, 0xFF,
    0xEE, 0xFF, 0xEE, 0xFF, 0xEE, 0xFF, 0xEE, 0xFF,
    0xEE, 0xFF, 0xEE, 0xFF, 0xEE, 0xFF, 0xEE, 0xFF,
    0xEE, 0xFF, 0xEE, 0xFF, 0xEE, 0xFF, 0xEE, 0xFF,
    0xEE, 0xFF, 0xEE, 0xFF, 0xEE, 0xFF, 0xEE, 0xFF,
    0xEE, 0xFF, 0xEE, 0xFF, 0xEE, 0xFF, 0xEE, 0xFF,
    0xEE, 0xFF, 0xEE, 0xFF, 0xEE, 0xFF, 0xEE, 0xFF,
    0xEE, 0xFF, 0xEE, 0xFF, 0xEE, 0xFF, 0xEE, 0xFF,
    0xEE, 0xFF, 0xEE, 0xFF, 0xEE, 0xFF, 0xEE, 0xFF,
    0xEE, 0xFF, 0xEE, 0xFF, 0xEE, 0xFF, 0xEE, 0xFF,
    0xEE, 0xFF, 0xEE, 0xFF, 0xEE, 0xFF, 0xEE, 0xFF,
    0xEE, 0xFF, 0xEE, 0xFF, 0xEE, 0xFF, 0xEE, 0xFF,
    0xEE, 0xFF, 0xEE, 0xFE, 0xEE, 0xFE, 0xEE, 0xFE,
    0xEE, 0xFE, 0xEE, 0xFE, 0xEE, 0xFE, 0xEE, 0xFE,
    0xEE, 0xFE, 0xEE, 0xFE, 0xEE, 0xFE, 0xEE, 0xFE,
    0xEE, 0xFE, 0xEE, 0xFE, 0xEE, 0xFE, 0xEE, 0xFE,
    0xEE, 0xFE, 0xEE, 0xFE, 0xEE, 0xFE, 0xEE, 0xFE,
    0xEE, 0xFE, 0xEE, 0xFE, 0xEE, 0xFE, 0xEE, 0xFE,
    0xEE, 0xFE, 0xEE, 0xFE, 0xEE, 0xFE, 0xEE, 0xFE,
    0xEE, 0xFE, 0xEE, 0xFE, 0xEE, 0xFE, 0xEE, 0xFE,
    0xEE, 0xFE, 0xEE, 0xFE, 0xEE, 0xFE, 0xEE, 0xFE,
    0xEE, 0xFE, 0xEE, 0xFE, 0xEE, 0xFE, 0xEE, 0xFE,
    0xEF, 0xFE, 0xEF, 0xFE, 0xEF, 0xFE, 0xEF, 0xFE,
    0xEF, 0xFE, 0xEF, 0xFE, 0xEF, 0xFE, 0xEF, 0xFE,
    0xEF, 0xFE, 0xEF, 0xFE, 0xEF, 0xFE, 0xEF, 0xFE,
    0xEF, 0xFE, 0xEF, 0xFE, 0xEF, 0xFE, 0xEF, 0xFE,
    0xEF, 0xFE, 0xEF, 0xFE, 0xEF, 0xFE, 0xEF, 0xFE,
    0xEF, 0xFE, 0xEF, 0xFE, 0xEF, 0xFE, 0xEF, 0xFE,
    0xEF, 0xFE, 0xEF, 0xFE, 0xEF, 0xFE, 0xEF, 0xFE,
    0xEF, 0xFE, 0xEF, 0xFE, 0xEF, 0xFE, 0xEF, 0xFE,
    0xEF, 0xFE, 0xEF, 0xFE, 0xEF, 0xFE, 0xEF, 0xFE,
    0xEF, 0xFE, 0xEF, 0xFE, 0xEF, 0xFE, 0xEF, 0xFE,
    0xEF, 0xFE, 0xEF, 0xFE, 0xEF, 0xFE, 0xEF, 0xFE,
    0xDF, 0xFE, 0xDF, 0xFE, 0xDF, 0xFE, 0xDF, 0xFE,
    0xDF, 0xFE, 0xDF, 0xFE, 0xDF, 0xFE, 0xDF, 0xFE,
    0xDF, 0xFE, 0xDF, 0xFE, 0xDF, 0xFE, 0xDF, 0xFE,
    0xDF, 0xFE, 0xDF, 0xFE, 0xDF, 0xFE, 0xDF, 0xFE,
    0xDF, 0xFE, 0xDF, 0xFE, 0xDF, 0xFE, 0xDF, 0xFE,
    0xDF, 0xFE, 0xDF, 0xFE, 0xDF, 0xFE, 0xDF, 0xFE,
    0xDF, 0xFE, 0xDF, 0xFE, 0xDF, 0xFE, 0xDF, 0xFE,
    0xDF, 0xFE, 0xDF, 0xFE, 0xDF, 0xFE, 0xDF, 0xFE,
    0xDF, 0xFE, 0xDF, 0xFE, 0xDF, 0xFE, 0xDF, 0xFE,
    0xDF, 0xFE, 0xDF, 0xFE, 0xDF, 0xFE, 0xDF, 0xFF,
    0xDF, 0xFF, 0xDF, 0xFF, 0xDF, 0xFF, 0xDF, 0xFF,
    0xDF, 0xFF, 0xDF, 0xFF, 0xDF, 0xFF, 0xDF, 0xFF,
    0xDF, 0xFF, 0xDF, 0xFF, 0xDF, 0xFF, 0xDF, 0xFF,
    0xDF, 0xFF, 0xDF, 0xFF, 0xDF, 0xFF, 0xDF, 0xFF,
    0xDF, 0xFF, 0xDF, 0xFF, 0xDF, 0xFF, 0xDF, 0xFF,
    0xDF, 0xFF, 0xDF, 0xFF, 0xDF, 0xFF, 0xDF, 0xFF,
    0xDF, 0xFF, 0xDF, 0xFF, 0xDF, 0xFF, 0xDF, 0xFF,
    0xDF, 0xFF, 0xDF, 0xFF, 0xDF, 0xFF, 0xDF, 0xFF,
    0xDF, 0xFF, 0xDF, 0xFF, 0xDF, 0xFF, 0xDF, 0xFF,
    0xDF, 0xFF, 0xDF, 0xFF, 0xDF, 0xFF, 0xDF, 0xFF,
    0xDF, 0xFF, 0xDF, 0xFF, 0xDF, 0xFF, 0xDF, 0xFF,
    0xDF, 0xFF, 0xDF, 0xFF, 0xDF, 0xFF, 0xDE, 0xFF,
    0xDE, 0xFF, 0xDE, 0xFF, 0xDE, 0xFF, 0xDE, 0xFF,
    0xDE, 0xFF, 0xDE, 0xFF, 0xDE, 0xFF, 0xDE, 0xFF,
    0xDE, 0xFF, 0xDE, 0xFF, 0xDE, 0xFF, 0xDE, 0xFF,
    0xDE, 0xFF, 0xDE, 0xFF, 0xDE, 0xFF, 0xDE, 0xFF,
    0xDE, 0xFF, 0xDE, 0xFF, 0xDE, 0xFF, 0xDE, 0xFF,
    0xDE, 0xFF, 0xDE, 0xFF, 0xDE, 0xFF, 0xDE, 0xFF,
    0xDE, 0xFF, 0xDE, 0xFF, 0xDE, 0xFF, 0xDE, 0xFF,
    0xDE, 0xFF, 0xDE, 0xFF, 0xDE, 0xFF, 0xDE, 0xFF,
    0xDE, 0xFF, 0xDE, 0xFF, 0xDE, 0xFF, 0xDE, 0xFF,
    0xDE, 0xFF, 0xEE, 0xFF, 0xEE, 0xFF, 0xEE, 0xFF,
    0xEE, 0xFF, 0xEE, 0xFF, 0xEE, 0xFF, 0xEE, 0xFF,
    0xEE, 0xFF, 0xEE, 0xFF, 0xEE, 0xFF, 0xEE, 0xFF,
    0xEE, 0xFF, 0xEE, 0xFF, 0xEE, 0xFF, 0xEE, 0xFF,
    0xEE, 0xFF, 0xEE, 0xFF, 0xEE, 0xFF, 0xEE, 0xFF,
    0xEE, 0xFF, 0xEE, 0xFF, 0xEE, 0xFF, 0xEE, 0xFF,
    0xEE, 0xFF, 0xEE, 0xFF, 0xEE, 0xFF, 0xEE, 0xFF,
    0xEE, 0xFF, 0xEE, 0xFF, 0xEE, 0xFF, 0xEE, 0xFF,
    0xEE, 0xFF, 0xEE, 0xFF, 0xEE, 0xFF, 0xEE, 0xFF,
    0xEE, 0xFF, 0xEE, 0xFF, 0xEE, 0xFF, 0xEE, 0xFF,
    0xEE, 0xFF, 0xEE, 0xFF, 0xEE, 0xFF, 0xEE, 0xFF,
    0xEE, 0xFF, 0xEE, 0xFF, 0xEE, 0xFF, 0xEE, 0xFF,
    0xEE, 0xFF, 0xEE, 0xFE, 0xEE, 0xFE, 0xEE, 0xFE,
    0xEE, 0xFE, 0xEE, 0xFE, 0xEE, 0xFE, 0xEE, 0xFE,
    0xEE, 0xFE, 0xEE, 0xFE, 0xEE, 0xFE, 0xEE, 0xFE,
    0xEE, 0xFE, 0xEE, 0xFE, 0xEE, 0xFE, 0xEE, 0xFE,
    0xEE, 0xFE, 0xEE, 0xFE, 0xEE, 0xFE, 0xEE, 0xFE,
    0xED, 0xFD, 0xED, 0xFD, 0xEE, 0xFD, 0xEE, 0xFD,
    0xEE, 0xFD, 0xEE, 0xFD, 0xEE, 0xFD, 0xEE, 0xFE,
    0xEE, 0xFE, 0xEE, 0xFE, 0xEE, 0xFD, 0xEE, 0xFD,
    0xEE, 0xFD, 0xEE, 0xFD, 0xEE, 0xFD, 0xEE, 0xFD,
    0xEE, 0xFD, 0xEE, 0xFD, 0xEE, 0xFD, 0xEE, 0xFD,
    0xEE, 0xFE, 0xEE, 0xFE, 0xEE, 0xFD, 0xEE, 0xFD,
    0xEF, 0xFD, 0xEF, 0xFD, 0xEF, 0xFD, 0xEF, 0xFE,
    0xEF, 0xFE, 0xEF, 0xFD, 0xEF, 0xFD, 0xEF, 0xFD,
    0xEF, 0xFE, 0xEF, 0xFE, 0xEF, 0xFE, 0xEF, 0xFD,
    0xEF, 0xFD, 0xEF, 0xFD, 0xEF, 0xFD, 0xEF, 0xFD,
    0xEF, 0xFD, 0xEF, 0xFE, 0xEF, 0xFD, 0xEF, 0xFD,
    0xEF, 0xFE, 0xEF, 0xFE, 0xEF, 0xFE, 0xEF, 0xFE,
    0xEF, 0xFD, 0xEF, 0xFD, 0xEF, 0xFD, 0xEF, 0xFD,
    0xEF, 0xFD, 0xEF, 0xFD, 0xEF, 0xFD, 0xEF, 0xFD,
    0xEF, 0xFD, 0xEF, 0xFD, 0xEF, 0xFD, 0xEF, 0xFD,
    0xEF, 0xFD, 0xEF, 0xFD, 0xEF, 0xFD, 0xEF, 0xFD,
    0xDF, 0xFD, 0xDF, 0xFD, 0xDF, 0xFD, 0xDF, 0xFD,
    0xDF, 0xFD, 0xDF, 0xFD, 0xDF, 0xFD, 0xDF, 0xFE,
    0xDF, 0xFE, 0xDF, 0xFE, 0xDF, 0xFD, 0xDF, 0xFD,
    0xDF, 0xFD, 0xDF, 0xFD, 0xDF, 0xFD, 0xDF, 0xFD,
    0xDF, 0xFD, 0xDF, 0xFD, 0xDF, 0xFD, 0xCF, 0xFD,
    0xCF, 0xFD, 0xCF, 0xFD, 0xCF, 0xFD, 0xCF, 0xFE,
    0xCF, 0xFE, 0xCF, 0xFE, 0xDF, 0xFE, 0xDF, 0xFE,
    0xDF, 0xFE, 0xDF, 0xFE, 0xDF, 0xFE, 0xCF, 0xFE,
    0xCF, 0xFE, 0xCF, 0xFE, 0xCF, 0xFE, 0xCF, 0xFE,
    0xCF, 0xFE, 0xCF, 0xFE, 0xCF, 0xFE, 0xCF, 0xFE,
    0xCF, 0xFE, 0xCF, 0xFE, 0xCF, 0xFE, 0xCF, 0xFE,
    0xCF, 0xFE, 0xCF, 0xFF, 0xCF, 0xFF, 0xCF, 0xFF,
    0xCF, 0xFF, 0xCF, 0xFF, 0xCF, 0xFF, 0xCF, 0xFF,
    0xCF, 0xFF, 0xCF, 0xFF, 0xCF, 0xFF, 0xCF, 0xFF,
    0xDF, 0xFF, 0xCF, 0xFF, 0xCF, 0xFF, 0xCF, 0xFF,
    0xCF, 0xFF, 0xCF, 0xFF, 0xCF, 0xFF, 0xCF, 0xFF,
    0xCF, 0xFF, 0xCF, 0xFF, 0xCF, 0xFF, 0xCF, 0xFF,
    0xCF, 0xFF, 0xCF, 0xFF, 0xCF, 0xFF, 0xCF, 0xFF,
    0xCF, 0xFF, 0xCF, 0xFF, 0xCF, 0xFF, 0xCF, 0xFF,
    0xCF, 0xFF, 0xCF, 0xFF, 0xCF, 0xFF, 0xCF, 0xFF,
    0xCF, 0xFF, 0xCF, 0xFF, 0xCF, 0xFF, 0xCF, 0xFF,
    0xCF, 0xFF, 0xCE, 0xFF, 0xCE, 0xFF, 0xCE, 0xFF,
    0xCE, 0xFF, 0xCE, 0xFF, 0xCE, 0xFF, 0xCE, 0xFF,
    0xCE, 0xFF, 0xCE, 0xFF, 0xCE, 0xFF, 0xCE, 0xFF,
    0xCE, 0xFF, 0xCE, 0xFF, 0xCE, 0xFF, 0xCE, 0xFF,
    0xCE, 0xFF, 0xCE, 0xFF, 0xCE, 0xFF, 0xCE, 0xFF,
    0xCE, 0xFF, 0xCD, 0xFF, 0xCD, 0xFF, 0xDD, 0xFF,
    0xDD, 0xFF, 0xCD, 0xFF, 0xDD, 0xFF, 0xDD, 0xFF,
    0xDD, 0xFF, 0xDD, 0xFF, 0xDD, 0xFF, 0xDD, 0xFF,
    0xDD, 0xFF, 0xDD, 0xFF, 0xDD, 0xFF, 0xDD, 0xFF,
    0xDD, 0xFF, 0xDD, 0xFF, 0xDD, 0xFF, 0xDD, 0xFF,
    0xDD, 0xFF, 0xDE, 0xFF, 0xDD, 0xFF, 0xDD, 0xFF,
    0xDD, 0xFF, 0xDD, 0xFF, 0xDD, 0xFF, 0xED, 0xFF,
    0xED, 0xFF, 0xED, 0xFF, 0xED, 0xFF, 0xED, 0xFF,
    0xED, 0xFF, 0xED, 0xFF, 0xED, 0xFF, 0xED, 0xFF,
    0xED, 0xFF, 0xED, 0xFF, 0xED, 0xFF, 0xED, 0xFF,
    0xED, 0xFF, 0xED, 0xFF, 0xED, 0xFF, 0xED, 0xFF,
    0xED, 0xFF, 0xED, 0xFF, 0xED, 0xFF, 0xEE, 0xFF,
    0xEE, 0xFF, 0xEE, 0xFF, 0xEE, 0xFF, 0xEE, 0xFF,
    0xEE, 0xFF, 0xED, 0xFF, 0xED, 0xFF, 0xED, 0xFF,
    0xED, 0xFF, 0xED, 0xFF, 0xED, 0xFF, 0xED, 0xFF,
    0xEE, 0xFF, 0xEE, 0xFF, 0xED, 0xFF, 0xED, 0xFF,
    0xED, 0xFF, 0xED, 0xFE, 0xED, 0xFE, 0xED, 0xFE,
    0xED, 0xFE, 0xED, 0xFE, 0xED, 0xFE, 0xED, 0xFE,
    0xED, 0xFE, 0xED, 0xFE, 0xED, 0xFE, 0xED, 0xFE,
    0xED, 0xFE, 0xED, 0xFE, 0xED, 0xFE, 0xED, 0xFE,
    0xED, 0xFE, 0xED, 0xFE, 0xED, 0xFE, 0xED, 0xFE,
    0xED, 0xFE, 0xED, 0xFE, 0xED, 0xFD, 0xED, 0xFD,
    0xED, 0xFD, 0xED, 0xFD, 0xED, 0xFD, 0xED, 0xFD,
    0xEE, 0xFD, 0xEE, 0xFD, 0xEE, 0xFD, 0xEE, 0xFD,
    0xEE, 0xFD, 0xEE, 0xFD, 0xEE, 0xFD, 0xEE, 0xFD,
    0xEE, 0xFD, 0xEE, 0xFD, 0xEE, 0xFD, 0xEE, 0xFD,
    0xEE, 0xFD, 0xEE, 0xFD, 0xEE, 0xFD, 0xEE, 0xFD,
    0xEE, 0xFD, 0xEE, 0xFE, 0xEE, 0xFD, 0xEE, 0xFD,
    0xEF, 0xFD, 0xEF, 0xFD, 0xEF, 0xFD, 0xEF, 0xFD,
    0xEF, 0xFD, 0xEF, 0xFD, 0xEF, 0xFD, 0xEF, 0xFD,
    0xEF, 0xFD, 0xEF, 0xFD, 0xEF, 0xFD, 0xEF, 0xFD,
    0xEF, 0xFD, 0xEF, 0xFD, 0xEF, 0xFD, 0xEF, 0xFD,
    0xEF, 0xFD, 0xEF, 0xFD, 0xEF, 0xFD, 0xEF, 0xFD,
    0xEF, 0xFD, 0xEF, 0xFD, 0xEF, 0xFD, 0xEF, 0xFD,
    0xEF, 0xFD, 0xEF, 0xFD, 0xEF, 0xFD, 0xEF, 0xFD,
    0xEF, 0xFD, 0xEF, 0xFD, 0xEF, 0xFD, 0xEF, 0xFD,
    0xEF, 0xFD, 0xEF, 0xFD, 0xEF, 0xFD, 0xEF, 0xFD,
    0xEF, 0xFD, 0xEF, 0xFD, 0xEF, 0xFD, 0xDF, 0xFD,
    0xDF, 0xFD, 0xDF, 0xFD, 0xDF, 0xFD, 0xDF, 0xFD,
    0xDF, 0xFD, 0xDF, 0xFD, 0xDF, 0xFD, 0xDF, 0xFD,
    0xDF, 0xFD, 0xDF, 0xFD, 0xDF, 0xFD, 0xDF, 0xFD,
    0xDF, 0xFD, 0xDF, 0xFD, 0xDF, 0xFD, 0xDF, 0xFD,
    0xDF, 0xFD, 0xCF, 0xFD, 0xCF, 0xFD, 0xCF, 0xFD,
    0xCF, 0xFD, 0xCF, 0xFD, 0xCF, 0xFD, 0xCF, 0xFE,
    0xCF, 0xFE, 0xCF, 0xFE, 0xCF, 0xFE, 0xCF, 0xFE,
    0xCF, 0xFE, 0xCF, 0xFE, 0xCF, 0xFE, 0xCF, 0xFE,
    0xCF, 0xFE, 0xCF, 0xFE, 0xCF, 0xFE, 0xCF, 0xFE,
    0xCF, 0xFE, 0xCF, 0xFE, 0xCF, 0xFE, 0xCF, 0xFE,
    0xCF, 0xFE, 0xCF, 0xFE, 0xCF, 0xFE, 0xCF, 0xFE,
    0xCF, 0xFE, 0xCF, 0xFE, 0xCF, 0xFF, 0xCF, 0xFF,
    0xCF, 0xFF, 0xCF, 0xFF, 0xCF, 0xFF, 0xCF, 0xFF,
    0xCF, 0xFF, 0xCF, 0xFF, 0xCF, 0xFF, 0xCF, 0xFF,
    0xCF, 0xFF, 0xCF, 0xFF, 0xCF, 0xFF, 0xCF, 0xFF,
    0xCF, 0xFF, 0xCF, 0xFF, 0xCF, 0xFF, 0xCF, 0xFF,
    0xCF, 0xFF, 0xCF, 0xFF, 0xCF, 0xFF, 0xCF, 0xFF,
    0xCF, 0xFF, 0xCF, 0xFF, 0xCF, 0xFF, 0xCF, 0xFF,
    0xCF, 0xFF, 0xCF, 0xFF, 0xCF, 0xFF, 0xCF, 0xFF,
    0xCF, 0xFF, 0xCF, 0xFF, 0xCF, 0xFF, 0xCF, 0xFF,
    0xCF, 0xFF, 0xCF, 0xFF, 0xCE, 0xFF, 0xCF, 0xFF,
    0xCF, 0xFF, 0xCE, 0xFF, 0xCE, 0xFF, 0xCE, 0xFF,
    0xCE, 0xFF, 0xCE, 0xFF, 0xCE, 0xFF, 0xCE, 0xFF,
    0xCE, 0xFF, 0xCE, 0xFF, 0xCE, 0xFF, 0xCE, 0xFF,
    0xCE, 0xFF, 0xCE, 0xFF, 0xCE, 0xFF, 0xCE, 0xFF,
    0xCE, 0xFF, 0xCE, 0xFF, 0xCE, 0xFF, 0xCE, 0xFF,
    0xCD, 0xFF, 0xCD, 0xFF, 0xCD, 0xFF, 0xCD, 0xFF,
    0xCD, 0xFF, 0xCD, 0xFF, 0xCD, 0xFF, 0xCD, 0xFF,
    0xDD, 0xFF, 0xDD, 0xFF, 0xDD, 0xFF, 0xDD, 0xFF,
    0xDD, 0xFF, 0xDD, 0xFF, 0xDD, 0xFF, 0xDD, 0xFF,
    0xDD, 0xFF, 0xDD, 0xFF, 0xDD, 0xFF, 0xDD, 0xFF,
    0xDD, 0xFF, 0xDD, 0xFF, 0xDD, 0xFF, 0xDD, 0xFF,
    0xDD, 0xFF, 0xDD, 0xFF, 0xDD, 0xFF, 0xED, 0xFF,
    0xED, 0xFF, 0xED, 0xFF, 0xED, 0xFF, 0xED, 0xFF,
    0xED, 0xFF, 0xED, 0xFF, 0xED, 0xFF, 0xED, 0xFF,
    0xED, 0xFF, 0xED, 0xFF, 0xED, 0xFF, 0xED, 0xFF,
    0xED, 0xFF, 0xED, 0xFF, 0xED, 0xFF, 0xED, 0xFF,
    0xED, 0xFF, 0xED, 0xFF, 0xED, 0xFF, 0xED, 0xFF,
    0xED, 0xFF, 0xED, 0xFF, 0xED, 0xFF, 0xED, 0xFF,
    0xED, 0xFF, 0xED, 0xFF, 0xED, 0xFF, 0xED, 0xFF,
    0xED, 0xFF, 0xED, 0xFF, 0xED, 0xFF, 0xED, 0xFF,
    0xED, 0xFF, 0xED, 0xFF, 0xED, 0xFF, 0xED, 0xFF,
    0xED, 0xFF, 0xED, 0xFE, 0xED, 0xFE, 0xED, 0xFE,
    0xED, 0xFE, 0xED, 0xFE, 0xED, 0xFE, 0xED, 0xFE,
    0xED, 0xFE, 0xED, 0xFE, 0xED, 0xFE, 0xED, 0xFE,
    0xED, 0xFE, 0xED, 0xFE, 0xED, 0xFE, 0xED, 0xFE,
    0xED, 0xFE, 0xED, 0xFE, 0xED, 0xFE, 0xED, 0xFE,
    0xED, 0xFE, 0xED, 0xFD, 0xED, 0xFD, 0xED, 0xFD,
    0xED, 0xFD, 0xED, 0xFD, 0xED, 0xFD, 0xED, 0xFD,
    0xED, 0xFD, 0xED, 0xFD, 0xED, 0xFD, 0xEE, 0xFD,
    0xEE, 0xFD, 0xEE, 0xFD, 0xEE, 0xFD, 0xEE, 0xFD,
    0xEE, 0xFD, 0xEE, 0xFD, 0xEE, 0xFD, 0xEE, 0xFD,
    0xEE, 0xFD, 0xEE, 0xFD, 0xEE, 0xFD, 0xEE, 0xFD,
    0xEE, 0xFD, 0xEE, 0xFD, 0xEE, 0xFD, 0xEE, 0xFD,
    0xEE, 0xFD, 0xEF, 0xFD, 0xEF, 0xFD, 0xEF, 0xFD,
    0xEF, 0xFD, 0xEF, 0xFD, 0xEF, 0xFD, 0xEF, 0xFD,
    0xEF, 0xFD, 0xEF, 0xFD, 0xEF, 0xFD, 0xEF, 0xFD,
    0xEF, 0xFD, 0xEF, 0xFD, 0xEF, 0xFD, 0xEF, 0xFD,
    0xEF, 0xFD, 0xEF, 0xFD, 0xEF, 0xFD, 0xEF, 0xFD,
    0xEF, 0xFD, 0xEF, 0xFD, 0xEF, 0xFD, 0xEF, 0xFD,
    0xEF, 0xFD, 0xEF, 0xFD, 0xEF, 0xFD, 0xEF, 0xFD,
    0xEF, 0xFD, 0xEF, 0xFD, 0xEF, 0xFD, 0xEF, 0xFD,
    0xEF, 0xFD, 0xEF, 0xFD, 0xEF, 0xFD, 0xEF, 0xFD,
    0xEF, 0xFD, 0xDF, 0xFD, 0xDF, 0xFD, 0xDF, 0xFD,
    0xDF, 0xFD, 0xDF, 0xFD, 0xDF, 0xFD, 0xDF, 0xFD,
    0xDF, 0xFD, 0xDF, 0xFD, 0xDF, 0xFD, 0xDF, 0xFD,
    0xDF, 0xFD, 0xDF, 0xFD, 0xDF, 0xFD, 0xDF, 0xFD,
    0xDF, 0xFD, 0xDF, 0xFD, 0xDF, 0xFD, 0xDF, 0xFD,
    0xCF, 0xFD, 0xCF, 0xFD, 0xCF, 0xFD, 0xCF, 0xFD,
    0xCF, 0xFD, 0xCF, 0xFD, 0xCF, 0xFD, 0xCF, 0xFD,
    0xCF, 0xFD, 0xCF, 0xFD, 0xCF, 0xFD, 0xCF, 0xFE,
    0xCF, 0xFE, 0xCF, 0xFE, 0xCF, 0xFE, 0xCF, 0xFE,
    0xCF, 0xFE, 0xCF, 0xFE, 0xCF, 0xFE, 0xCF, 0xFE,
    0xCF, 0xFE, 0xCF, 0xFE, 0xCF, 0xFE, 0xCF, 0xFE,
    0xCF, 0xFE, 0xCF, 0xFE, 0xCF, 0xFE, 0xCF, 0xFE,
    0xCF, 0xFE, 0xCF, 0xFE, 0xCF, 0xFE, 0xCF, 0xFF,
    0xCF, 0xFF, 0xCF, 0xFF, 0xCF, 0xFF, 0xCF, 0xFF,
    0xCF, 0xFF, 0xCF, 0xFF, 0xCF, 0xFF, 0xCF, 0xFF,
    0xCF, 0xFF, 0xCF, 0xFF, 0xCF, 0xFF, 0xCF, 0xFF,
    0xCF, 0xFF, 0xCF, 0xFF, 0xCF, 0xFF, 0xCF, 0xFF,
    0xCF, 0xFF, 0xCF, 0xFF, 0xCF, 0xFF, 0xCF, 0xFF,
    0xCF, 0xFF, 0xCF, 0xFF, 0xCF, 0xFF, 0xCF, 0xFF,
    0xCF, 0xFF, 0xCF, 0xFF, 0xCF, 0xFF, 0xCF, 0xFF,
    0xCF, 0xFF, 0xCF, 0xFF, 0xCF, 0xFF, 0xCF, 0xFF,
    0xCF, 0xFF, 0xCE, 0xFF, 0xCE, 0xFF, 0xCE, 0xFF,
    0xCE, 0xFF, 0xCE, 0xFF, 0xCE, 0xFF, 0xCE, 0xFF,
    0xCE, 0xFF, 0xCE, 0xFF, 0xCE, 0xFF, 0xCE, 0xFF,
    0xCE, 0xFF, 0xCE, 0xFF, 0xCE, 0xFF, 0xCE, 0xFF,
    0xCE, 0xFF, 0xCE, 0xFF, 0xCE, 0xFF, 0xCE, 0xFF,
    0xCE, 0xFF, 0xCD, 0xFF, 0xCD, 0xFF, 0xCD, 0xFF,
    0xCD, 0xFF, 0xCD, 0xFF, 0xCD, 0xFF, 0xCD, 0xFF,
    0xCD, 0xFF, 0xCD, 0xFF, 0xCD, 0xFF, 0xCD, 0xFF,
    0xCD, 0xFF, 0xDD, 0xFF, 0xDD, 0xFF, 0xDD, 0xFF,
    0xDD, 0xFF, 0xDD, 0xFF, 0xDD, 0xFF, 0xDD, 0xFF,
    0xDD, 0xFF, 0xDD, 0xFF, 0xDD, 0xFF, 0xDD, 0xFF,
    0xDD, 0xFF, 0xDD, 0xFF, 0xDD, 0xFF, 0xDD, 0xFF,
    0xDD, 0xFF, 0xDD, 0xFF, 0xDD, 0xFF, 0xDD, 0xFF,
    0xED, 0xFF, 0xED, 0xFF, 0xED, 0xFF, 0xED, 0xFF,
    0xED, 0xFF, 0xED, 0xFF, 0xED, 0xFF, 0xED, 0xFF,
    0xED, 0xFF, 0xED, 0xFF, 0xED, 0xFF, 0xED, 0xFF,
    0xED, 0xFF, 0xED, 0xFF, 0xED, 0xFF, 0xED, 0xFF,
    0xED, 0xFF, 0xED, 0xFF, 0xED, 0xFF, 0xED, 0xFF,
    0xED, 0xFF, 0xED, 0xFF, 0xED, 0xFF, 0xED, 0xFF,
    0xED, 0xFF, 0xED, 0xFF, 0xED, 0xFF, 0xED, 0xFF,
    0xED, 0xFF, 0xED, 0xFF, 0xED, 0xFF, 0xED, 0xFF,
    0xED, 0xFF, 0xED, 0xFF, 0xED, 0xFF, 0xED, 0xFF,
    0xED, 0xFE, 0xED, 0xFE, 0xED, 0xFE, 0xED, 0xFE,
    0xED, 0xFE, 0xED, 0xFE, 0xED, 0xFE, 0xED, 0xFE,
    0xED, 0xFE, 0xED, 0xFE, 0xED, 0xFE, 0xED, 0xFE,
    0xED, 0xFE, 0xED, 0xFE, 0xED, 0xFE, 0xED, 0xFE,
    0xED, 0xFE, 0xED, 0xFE, 0xED, 0xFE, 0xED, 0xFE,
    0xED, 0xFD, 0xED, 0xFD, 0xED, 0xFD, 0xED, 0xFD,
    0xED, 0xFD, 0xED, 0xFD, 0xED, 0xFD, 0xED, 0xFD,
    0xED, 0xFD, 0xED, 0xFD, 0xED, 0xFD, 0xED, 0xFD,
    0xED, 0xFD, 0xEE, 0xFD, 0xEE, 0xFD, 0xEE, 0xFD,
    0xEE, 0xFD, 0xEE, 0xFD, 0xEE, 0xFD, 0xEE, 0xFD,
    0xEE, 0xFD, 0xEE, 0xFD, 0xEE, 0xFD, 0xEE, 0xFD,
    0xEE, 0xFD, 0xEE, 0xFD, 0xEE, 0xFD, 0xEE, 0xFD,
    0xEE, 0xFD, 0xEE, 0xFD, 0xEE, 0xFD, 0xEF, 0xFD,
    0xEF, 0xFD, 0xEF, 0xFD, 0xEF, 0xFD, 0xEF, 0xFD,
    0xEF, 0xFD, 0xEF, 0xFD, 0xEF, 0xFD, 0xEF, 0xFD,
    0xEF, 0xFD, 0xEF, 0xFD, 0xEF, 0xFD, 0xEF, 0xFD,
    0xEF, 0xFD, 0xEF, 0xFD, 0xEF, 0xFD, 0xEF, 0xFD,
    0xEF, 0xFD, 0xEF, 0xFD, 0xEF, 0xFD, 0xEF, 0xFD,
    0xEF, 0xFD, 0xEF, 0xFD, 0xEF, 0xFD, 0xEF, 0xFD,
    0xEF, 0xFD, 0xEF, 0xFD, 0xEF, 0xFD, 0xEF, 0xFD,
    0xEF, 0xFD, 0xEF, 0xFD, 0xEF, 0xFD, 0xEF, 0xFD,
    0xEF, 0xFD, 0xDF, 0xFD, 0xDF, 0xFD, 0xDF, 0xFD,
    0xDF, 0xFD, 0xDF, 0xFD, 0xDF, 0xFD, 0xDF, 0xFD,
    0xDF, 0xFD, 0xDF, 0xFD, 0xDF, 0xFD, 0xDF, 0xFD,
    0xDF, 0xFD, 0xDF, 0xFD, 0xDF, 0xFD, 0xDF, 0xFD,
    0xDF, 0xFD, 0xCF, 0xFD, 0xCF, 0xFD, 0xCF, 0xFD,
    0xCF, 0xFD, 0xCF, 0xFD, 0xCF, 0xFD, 0xCF, 0xFD,
    0xCF, 0xFD, 0xCF, 0xFD, 0xCF, 0xFD, 0xCF, 0xFD,
    0xCF, 0xFD, 0xCF, 0xFD, 0xCF, 0xFD, 0xCF, 0xFD,
    0xCF, 0xFD, 0xCF, 0xFE, 0xCF, 0xFE, 0xCF, 0xFE,
    0xCF, 0xFE, 0xCF, 0xFE, 0xCF, 0xFE, 0xCF, 0xFE,
    0xCF, 0xFE, 0xCF, 0xFE, 0xCF, 0xFE, 0xCF, 0xFE,
    0xCF, 0xFE, 0xCF, 0xFE, 0xCF, 0xFE, 0xCF, 0xFE,
    0xCF, 0xFE, 0xCF, 0xFE, 0xCF, 0xFE, 0xCF, 0xFF,
    0xCF, 0xFF, 0xCF, 0xFF, 0xCF, 0xFF, 0xCF, 0xFF,
    0xCF, 0xFF, 0xCF, 0xFF, 0xCF, 0xFF, 0xCF, 0xFF,
    0xCF, 0xFF, 0xCF, 0xFF, 0xCF, 0xFF, 0xCF, 0xFF,
    0xCF, 0xFF, 0xCF, 0xFF, 0xCF, 0xFF, 0xCF, 0xFF,
    0xCF, 0xFF, 0xCF, 0xFF, 0xCF, 0xFF, 0xCF, 0xFF,
    0xCF, 0xFF, 0xCF, 0xFF, 0xCF, 0xFF, 0xCF, 0xFF,
    0xCF, 0xFF, 0xCF, 0xFF, 0xCF, 0xFF, 0xCF, 0xFF,
    0xCF, 0xFF, 0xCF, 0xFF, 0xCF, 0xFF, 0xCF, 0xFF,
    0xCE, 0xFF, 0xCE, 0xFF, 0xCE, 0xFF, 0xCE, 0xFF,
    0xCE, 0xFF, 0xCE, 0xFF, 0xCE, 0xFF, 0xCE, 0xFF,
    0xCE, 0xFF, 0xCE, 0xFF, 0xCE, 0xFF, 0xCE, 0xFF,
    0xCE, 0xFF, 0xCE, 0xFF, 0xCE, 0xFF, 0xCE, 0xFF,
    0xCE, 0xFF, 0xCE, 0xFF, 0xCE, 0xFF, 0xCE, 0xFF,
    0xCD, 0xFF, 0xCD, 0xFF, 0xCD, 0xFF, 0xCD, 0xFF,
    0xCD, 0xFF, 0xCD, 0xFF, 0xCD, 0xFF, 0xCD, 0xFF,
    0xCD, 0xFF, 0xCD, 0xFF, 0xCD, 0xFF, 0xCD, 0xFF,
    0xCD, 0xFF, 0xCD, 0xFF, 0xCD, 0xFF, 0xDD, 0xFF,
    0xDD, 0xFF, 0xDD, 0xFF, 0xDD, 0xFF, 0xDD, 0xFF,
    0xDD, 0xFF, 0xDD, 0xFF, 0xDD, 0xFF, 0xDD, 0xFF,
    0xDD, 0xFF, 0xDD, 0xFF, 0xDD, 0xFF, 0xDD, 0xFF,
    0xDD, 0xFF, 0xDD, 0xFF, 0xDD, 0xFF, 0xDD, 0xFF,
    0xDD, 0xFF, 0xED, 0xFF, 0xED, 0xFF, 0xED, 0xFF,
    0xED, 0xFF, 0xED, 0xFF, 0xED, 0xFF, 0xED, 0xFF,
    0xED, 0xFF, 0xED, 0xFF, 0xED, 0xFF, 0xED, 0xFF,
    0xED, 0xFF, 0xED, 0xFF, 0xED, 0xFF, 0xED, 0xFF,
    0xED, 0xFF, 0xED, 0xFF, 0xED, 0xFF, 0xED, 0xFF,
    0xED, 0xFF, 0xED, 0xFF, 0xED, 0xFF, 0xED, 0xFF,
    0xED, 0xFF, 0xED, 0xFF, 0xED, 0xFF, 0xED, 0xFF,
    0xED, 0xFF, 0xED, 0xFF, 0xED, 0xFF, 0xED, 0xFF,
    0xED, 0xFF, 0xED, 0xFF, 0xED, 0xFE, 0xED, 0xFE,
    0xED, 0xFE, 0xED, 0xFE, 0xED, 0xFE, 0xED, 0xFE,
    0xED, 0xFE, 0xED, 0xFE, 0xED, 0xFE, 0xED, 0xFE,
    0xED, 0xFE, 0xED, 0xFE, 0xED, 0xFE, 0xED, 0xFE,
    0xED, 0xFE, 0xED, 0xFE, 0xED, 0xFE, 0xED, 0xFE,
    0xED, 0xFD, 0xED, 0xFD, 0xED, 0xFD, 0xED, 0xFD,
    0xED, 0xFD, 0xED, 0xFD, 0xED, 0xFD, 0xED, 0xFD,
    0xED, 0xFD, 0xED, 0xFD, 0xED, 0xFD, 0xED, 0xFD,
    0xED, 0xFD, 0xED, 0xFD, 0xED, 0xFD, 0xED, 0xFD,
    0xED, 0xFD, 0xED, 0xFD, 0xEE, 0xFD, 0xEE, 0xFD,
    0xEE, 0xFD, 0xEE, 0xFD, 0xEE, 0xFD, 0xEE, 0xFD,
    0xEE, 0xFD, 0xEE, 0xFD, 0xEE, 0xFD, 0xEE, 0xFD,
    0xEE, 0xFD, 0xEE, 0xFD, 0xEE, 0xFD, 0xEE, 0xFD,
    0xEE, 0xFD, 0xEE, 0xFD, 0xEE, 0xFD, 0xEF, 0xFD,
    0xEF, 0xFD, 0xEF, 0xFD, 0xEF, 0xFD, 0xEF, 0xFD,
    0xEF, 0xFD, 0xEF, 0xFD, 0xEF, 0xFD, 0xEF, 0xFD,
    0xEF, 0xFD, 0xEF, 0xFD, 0xEF, 0xFD, 0xEF, 0xFD,
    0xEF, 0xFD, 0xEF, 0xFD, 0xEF, 0xFD, 0xEF, 0xFD,
    0xEF, 0xFD, 0xEF, 0xFD, 0xEF, 0xFD, 0xEF, 0xFD,
    0xEF, 0xFD, 0xEF, 0xFD, 0xEF, 0xFD, 0xEF, 0xFD,
    0xEF, 0xFD, 0xEF, 0xFD, 0xEF, 0xFD, 0xEF, 0xFD,
    0xEF, 0xFD, 0xEF, 0xFD, 0xEF, 0xFD, 0xEF, 0xFD,
    0xDF, 0xFD, 0xDF, 0xFD, 0xDF, 0xFD, 0xDF, 0xFD,
    0xDF, 0xFD, 0xDF, 0xFD, 0xDF, 0xFD, 0xDF, 0xFD,
    0xDF, 0xFD, 0xDF, 0xFD, 0xDF, 0xFD, 0xDF, 0xFD,
    0xDF, 0xFD, 0xDF, 0xFD, 0xDF, 0xFD, 0xCF, 0xFD,
    0xCF, 0xFD, 0xCF, 0xFD, 0xCF, 0xFD, 0xCF, 0xFD,
    0xCF, 0xFD, 0xCF, 0xFD, 0xCF, 0xFD, 0xCF, 0xFD,
    0xCF, 0xFD, 0xCF, 0xFD, 0xCF, 0xFD, 0xCF, 0xFD,
    0xCF, 0xFD, 0xCF, 0xFD, 0xCF, 0xFD, 0xCF, 0xFD,
    0xCF, 0xFD, 0xCF, 0xFD, 0xCF, 0xFE, 0xCF, 0xFE,
    0xCF, 0xFE, 0xCF, 0xFE, 0xCF, 0xFE, 0xCF, 0xFE,
    0xCF, 0xFE, 0xCF, 0xFE, 0xCF, 0xFE, 0xCF, 0xFE,
    0xCF, 0xFE, 0xCF, 0xFE, 0xCF, 0xFE, 0xCF, 0xFE,
    0xCF, 0xFE, 0xCF, 0xFE, 0xCF, 0xFE, 0xCF, 0xFE,
    0xCF, 0xFF, 0xCF, 0xFF, 0xCF, 0xFF, 0xCF, 0xFF,
    0xCF, 0xFF, 0xCF, 0xFF, 0xCF, 0xFF, 0xCF, 0xFF,
    0xCF, 0xFF, 0xCF, 0xFF, 0xCF, 0xFF, 0xCF, 0xFF,
    0xCF, 0xFF, 0xCF, 0xFF, 0xCF, 0xFF, 0xCF, 0xFF,
    0xCF, 0xFF, 0xCF, 0xFF, 0xCF, 0xFF, 0xCF, 0xFF,
    0xCF, 0xFF, 0xCF, 0xFF, 0xCF, 0xFF, 0xCF, 0xFF,
    0xCF, 0xFF, 0xCF, 0xFF, 0xCF, 0xFF, 0xCF, 0xFF,
    0xCF, 0xFF, 0xCF, 0xFF, 0xCF, 0xFF, 0xCE, 0xFF,
    0xCE, 0xFF, 0xCE, 0xFF, 0xCE, 0xFF, 0xCE, 0xFF,
    0xCE, 0xFF, 0xCE, 0xFF, 0xCE, 0xFF, 0xCE, 0xFF,
    0xCE, 0xFF, 0xCE, 0xFF, 0xCE, 0xFF, 0xCE, 0xFF,
    0xCE, 0xFF, 0xCE, 0xFF, 0xCE, 0xFF, 0xCE, 0xFF,
    0xCE, 0xFF, 0xCD, 0xFF, 0xCD, 0xFF, 0xCD, 0xFF,
    0xCD, 0xFF, 0xCD, 0xFF, 0xCD, 0xFF, 0xCD, 0xFF,
    0xCD, 0xFF, 0xCD, 0xFF, 0xCD, 0xFF, 0xCD, 0xFF,
    0xCD, 0xFF, 0xCD, 0xFF, 0xCD, 0xFF, 0xCD, 0xFF,
    0xCD, 0xFF, 0xCD, 0xFF, 0xCD, 0xFF, 0xCD, 0xFF,
    0xCD, 0xFF, 0xCD, 0xFF, 0xDD, 0xFF, 0xDD, 0xFF,
    0xDD, 0xFF, 0xDD, 0xFF, 0xDD, 0xFF, 0xDD, 0xFF,
    0xDD, 0xFF, 0xDD, 0xFF, 0xDD, 0xFF, 0xDD, 0xFF,
    0xDD, 0xFF, 0xDD, 0xFF, 0xDD, 0xFF, 0xDD, 0xFF,
    0xDD, 0xFF, 0xDD, 0xFF, 0xED, 0xFF, 0xED, 0xFF,
    0xED, 0xFF, 0xED, 0xFF, 0xED, 0xFF, 0xED, 0xFF,
    0xED, 0xFF, 0xED, 0xFF, 0xED, 0xFF, 0xED, 0xFF,
    0xED, 0xFF, 0xED, 0xFF, 0xED, 0xFF, 0xED, 0xFF,
    0xED, 0xFF, 0xED, 0xFF, 0xED, 0xFF, 0xED, 0xFF,
    0xED, 0xFF, 0xED, 0xFF, 0xED, 0xFF, 0xED, 0xFF,
    0xED, 0xFF, 0xED, 0xFF, 0xED, 0xFF, 0xED, 0xFF,
    0xED, 0xFF, 0xED, 0xFF, 0xED, 0xFF, 0xED, 0xFF,
    0xED, 0xFF, 0xED, 0xFF, 0xED, 0xFE, 0xED, 0xFE,
    0xED, 0xFE, 0xED, 0xFE, 0xED, 0xFE, 0xED, 0xFE,
    0xED, 0xFE, 0xED, 0xFE, 0xED, 0xFE, 0xED, 0xFE,
    0xED, 0xFE, 0xED, 0xFE, 0xED, 0xFE, 0xED, 0xFE,
    0xED, 0xFE, 0xED, 0xFE, 0xED, 0xFD, 0xED, 0xFD,
    0xED, 0xFD, 0xED, 0xFD, 0xED, 0xFD, 0xED, 0xFD,
    0xED, 0xFD, 0xED, 0xFD, 0xED, 0xFD, 0xED, 0xFD,
    0xED, 0xFD, 0xED, 0xFD, 0xED, 0xFD, 0xED, 0xFD,
    0xED, 0xFD, 0xED, 0xFD, 0xED, 0xFD, 0xED, 0xFD,
    0xED, 0xFD, 0xED, 0xFD, 0xED, 0xFD, 0xEE, 0xFD,
    0xEE, 0xFD, 0xEE, 0xFD, 0xEE, 0xFD, 0xEE, 0xFD,
    0xEE, 0xFD, 0xEE, 0xFD, 0xEE, 0xFD, 0xEE, 0xFD,
    0xEE, 0xFD, 0xEE, 0xFD, 0xEE, 0xFD, 0xEE, 0xFD,
    0xEE, 0xFD, 0xEE, 0xFD, 0xEE, 0xFD, 0xEE, 0xFD,
    0xEF, 0xFD, 0xEF, 0xFD, 0xEF, 0xFD, 0xEF, 0xFD,
    0xEF, 0xFD, 0xEF, 0xFD, 0xEF, 0xFD, 0xEF, 0xFD,
    0xEF, 0xFD, 0xEF, 0xFD, 0xEF, 0xFD, 0xEF, 0xFD,
    0xEF, 0xFD, 0xEF, 0xFD, 0xEF, 0xFD, 0xEF, 0xFD,
    0xEF, 0xFD, 0xEF, 0xFD, 0xEF, 0xFD, 0xEF, 0xFD,
    0xEF, 0xFD, 0xEF, 0xFD, 0xEF, 0xFD, 0xEF, 0xFD,
    0xEF, 0xFD, 0xEF, 0xFD, 0xEF, 0xFD, 0xEF, 0xFD,
    0xEF, 0xFD, 0xEF, 0xFD, 0xDF, 0xFD, 0xDF, 0xFD,
    0xDF, 0xFD, 0xDF, 0xFD, 0xDF, 0xFD, 0xDF, 0xFD,
    0xDF, 0xFD, 0xDF, 0xFD, 0xDF, 0xFD, 0xDF, 0xFD,
    0xDF, 0xFD, 0xDF, 0xFD, 0xDF, 0xFD, 0xDF, 0xFD,
    0xDF, 0xFD, 0xCF, 0xFD, 0xCF, 0xFD, 0xCF, 0xFD,
    0xCF, 0xFD, 0xCF, 0xFD, 0xCF, 0xFD, 0xCF, 0xFD,
    0xCF, 0xFD, 0xCF, 0xFD, 0xCF, 0xFD, 0xCF, 0xFD,
    0xCF, 0xFD, 0xCF, 0xFD, 0xCF, 0xFD, 0xCF, 0xFD,
    0xCF, 0xFD, 0xCF, 0xFD, 0xCF, 0xFD, 0xCF, 0xFD,
    0xCF, 0xFD, 0xCF, 0xFD, 0xCF, 0xFD, 0xCF, 0xFD,
    0xCF, 0xFD, 0xCF, 0xFD, 0xCF, 0xFE, 0xCF, 0xFE,
    0xCF, 0xFE, 0xCF, 0xFE, 0xCF, 0xFE, 0xCF, 0xFE,
    0xCF, 0xFE, 0xCF, 0xFE, 0xCF, 0xFE, 0xCF, 0xFE,
    0xCF, 0xFE, 0xCF, 0xFE, 0xCF, 0xFE, 0xCF, 0xFE,
    0xCF, 0xFE, 0xCF, 0xFF, 0xCF, 0xFF, 0xCF, 0xFF,
    0xCF, 0xFF, 0xCF, 0xFF, 0xCF, 0xFF, 0xCF, 0xFF,
    0xCF, 0xFF, 0xCF, 0xFF, 0xCF, 0xFF, 0xCF, 0xFF,
    0xCF, 0xFF, 0xCF, 0xFF, 0xCF, 0xFF, 0xCF, 0xFF,
    0xCF, 0xFF, 0xCF, 0xFF, 0xCF, 0xFF, 0xCF, 0xFF,
    0xCF, 0xFF, 0xCF, 0xFF, 0xCF, 0xFF, 0xCF, 0xFF,
    0xCF, 0xFF, 0xCF, 0xFF, 0xCF, 0xFF, 0xCF, 0xFF,
    0xCF, 0xFF, 0xCF, 0xFF, 0xCF, 0xFF, 0xCE, 0xFF,
    0xCE, 0xFF, 0xCE, 0xFF, 0xCE, 0xFF, 0xCE, 0xFF,
    0xCE, 0xFF, 0xCE, 0xFF, 0xCE, 0xFF, 0xCE, 0xFF,
    0xCE, 0xFF, 0xCE, 0xFF, 0xCE, 0xFF, 0xCE, 0xFF,
    0xCE, 0xFF, 0xCE, 0xFF, 0xCD, 0xFF, 0xCD, 0xFF,
    0xCD, 0xFF, 0xCD, 0xFF, 0xCD, 0xFF, 0xCD, 0xFF,
    0xCD, 0xFF, 0xCD, 0xFF, 0xCD, 0xFF, 0xCD, 0xFF,
    0xCD, 0xFF, 0xCD, 0xFF, 0xCD, 0xFF, 0xCD, 0xFF,
    0xCD, 0xFF, 0xCD, 0xFF, 0xCD, 0xFF, 0xCD, 0xFF,
    0xCD, 0xFF, 0xCD, 0xFF, 0xCD, 0xFF, 0xCD, 0xFF,
    0xCD, 0xFF, 0xCD, 0xFF, 0xCD, 0xFF, 0xDD, 0xFF,
    0xDD, 0xFF, 0xDD, 0xFF, 0xDD, 0xFF, 0xDD, 0xFF,
    0xDD, 0xFF, 0xDD, 0xFF, 0xDD, 0xFF, 0xDD, 0xFF,
    0xDD, 0xFF, 0xDD, 0xFF, 0xDD, 0xFF, 0xDD, 0xFF,
    0xDD, 0xFF, 0xDD, 0xFF, 0xDD, 0xFF, 0xED, 0xFF,
    0xED, 0xFF, 0xED, 0xFF, 0xED, 0xFF, 0xED, 0xFF,
    0xED, 0xFF, 0xED, 0xFF, 0xED, 0xFF, 0xED, 0xFF,
    0xED, 0xFF, 0xED, 0xFF, 0xED, 0xFF, 0xED, 0xFF,
    0xED, 0xFF, 0xED, 0xFF, 0xED, 0xFF, 0xED, 0xFF,
    0xED, 0xFF, 0xED, 0xFF, 0xED, 0xFF, 0xED, 0xFF,
    0xED, 0xFF, 0xED, 0xFF, 0xED, 0xFF, 0xED, 0xFF,
    0xED, 0xFF, 0xED, 0xFF, 0xED, 0xFF, 0xED, 0xFF,
    0xED, 0xFF, 0xED, 0xFE, 0xED, 0xFE, 0xED, 0xFE,
    0xED, 0xFE, 0xED, 0xFE, 0xED, 0xFE, 0xED, 0xFE,
    0xED, 0xFE, 0xED, 0xFE, 0xED, 0xFE, 0xED, 0xFE,
    0xED, 0xFE, 0xED, 0xFE, 0xED, 0xFE, 0xED, 0xFE,
    0xED, 0xFD, 0xED, 0xFD, 0xED, 0xFD, 0xED, 0xFD,
    0xED, 0xFD, 0xED, 0xFD, 0xED, 0xFD, 0xED, 0xFD,
    0xED, 0xFD, 0xED, 0xFD, 0xED, 0xFD, 0xED, 0xFD,
    0xED, 0xFD, 0xED, 0xFD, 0xED, 0xFD, 0xED, 0xFD,
    0xED, 0xFD, 0xED, 0xFD, 0xED, 0xFD, 0xED, 0xFD,
    0xED, 0xFD, 0xED, 0xFD, 0xED, 0xFD, 0xED, 0xFD,
    0xED, 0xFD, 0xED, 0xFD, 0xEE, 0xFD, 0xEE, 0xFD,
    0xEE, 0xFD, 0xEE, 0xFD, 0xEE, 0xFD, 0xEE, 0xFD,
    0xEE, 0xFD, 0xEE, 0xFD, 0xEE, 0xFD, 0xEE, 0xFD,
    0xEE, 0xFD, 0xEE, 0xFD, 0xEE, 0xFD, 0xEE, 0xFD,
    0xEF, 0xFD, 0xEF, 0xFD, 0xEF, 0xFD, 0xEF, 0xFD,
    0xEF, 0xFD, 0xEF, 0xFD, 0xEF, 0xFD, 0xEF, 0xFD,
    0xEF, 0xFD, 0xEF, 0xFD, 0xEF, 0xFD, 0xEF, 0xFD,
    0xEF, 0xFD, 0xEF, 0xFD, 0xEF, 0xFD, 0xEF, 0xFD,
    0xEF, 0xFD, 0xEF, 0xFD, 0xEF, 0xFD, 0xEF, 0xFD,
    0xEF, 0xFD, 0xEF, 0xFD, 0xEF, 0xFD, 0xEF, 0xFD,
    0xEF, 0xFD, 0xEF, 0xFD, 0xEF, 0xFD, 0xEF, 0xFD,
    0xEF, 0xFD, 0xDF, 0xFD, 0xDF, 0xFD, 0xDF, 0xFD,
    0xDF, 0xFD, 0xDF, 0xFD, 0xDF, 0xFD, 0xDF, 0xFD,
    0xDF, 0xFD, 0xDF, 0xFD, 0xDF, 0xFD, 0xDF, 0xFD,
    0xDF, 0xFD, 0xDF, 0xFD, 0xDF, 0xFD, 0xDF, 0xFD,
    0xCF, 0xFD, 0xCF, 0xFD, 0xCF, 0xFD, 0xCF, 0xFD,
    0xCF, 0xFD, 0xCF, 0xFD, 0xCF, 0xFD, 0xCF, 0xFD,
    0xCF, 0xFD, 0xCF, 0xFD, 0xCF, 0xFD, 0xCF, 0xFD,
    0xCF, 0xFD, 0xCF, 0xFD, 0xCF, 0xFD, 0xCF, 0xFD,
    0xCF, 0xFD, 0xCF, 0xFD, 0xCF, 0xFD, 0xCF, 0xFD,
    0xCF, 0xFD, 0xCF, 0xFD, 0xCF, 0xFD, 0xCF, 0xFD,
    0xCF, 0xFD, 0xCF, 0xFD, 0xCF, 0xFE, 0xCF, 0xFE,
    0xCF, 0xFE, 0xCF, 0xFE, 0xCF, 0xFE, 0xCF, 0xFE,
    0xCF, 0xFE, 0xCF, 0xFE, 0xCF, 0xFE, 0xCF, 0xFE,
    0xCF, 0xFE, 0xCF, 0xFE, 0xCF, 0xFE, 0xCF, 0xFE,
    0xCF, 0xFE, 0xCF, 0xFF, 0xCF, 0xFF, 0xCF, 0xFF,
    0xCF, 0xFF, 0xCF, 0xFF, 0xCF, 0xFF, 0xCF, 0xFF,
    0xCF, 0xFF, 0xCF, 0xFF, 0xCF, 0xFF, 0xCF, 0xFF,
    0xCF, 0xFF, 0xCF, 0xFF, 0xCF, 0xFF, 0xCF, 0xFF,
    0xCF, 0xFF, 0xCF, 0xFF, 0xCF, 0xFF, 0xCF, 0xFF,
    0xCF, 0xFF, 0xCF, 0xFF, 0xCF, 0xFF, 0xCF, 0xFF,
    0xCF, 0xFF, 0xCF, 0xFF, 0xCF, 0xFF, 0xCF, 0xFF,
    0xCF, 0xFF, 0xCF, 0xFF, 0xCF, 0xFF, 0xCE, 0xFF,
    0xCE, 0xFF, 0xCE, 0xFF, 0xCE, 0xFF, 0xCE, 0xFF,
    0xCE, 0xFF, 0xCE, 0xFF, 0xCE, 0xFF, 0xCE, 0xFF,
    0xCE, 0xFF, 0xCE, 0xFF, 0xCE, 0xFF, 0xCE, 0xFF,
    0xCE, 0xFF, 0xCE, 0xFF, 0xCD, 0xFF, 0xCD, 0xFF,
    0xCD, 0xFF, 0xCD, 0xFF, 0xCD, 0xFF, 0xCD, 0xFF,
    0xCD, 0xFF, 0xCD, 0xFF, 0xCD, 0xFF, 0xCD, 0xFF,
    0xCD, 0xFF, 0xCD, 0xFF, 0xCD, 0xFF, 0xCD, 0xFF,
    0xCD, 0xFF, 0xCD, 0xFF, 0xCD, 0xFF, 0xCD, 0xFF,
    0xCD, 0xFF, 0xCD, 0xFF, 0xCD, 0xFF, 0xCD, 0xFF,
    0xCD, 0xFF, 0xCD, 0xFF, 0xCD, 0xFF, 0xCD, 0xFF,
    0xDD, 0xFF, 0xDD, 0xFF, 0xDD, 0xFF, 0xDD, 0xFF,
    0xDD, 0xFF, 0xDD, 0xFF, 0xDD, 0xFF, 0xDD, 0xFF,
    0xDD, 0xFF, 0xDD, 0xFF, 0xDD, 0xFF, 0xDD, 0xFF,
    0xDD, 0xFF, 0xDD, 0xFF, 0xDD, 0xFF, 0xED, 0xFF,
    0xED, 0xFF, 0xED, 0xFF, 0xED, 0xFF, 0xED, 0xFF,
    0xED, 0xFF, 0xED, 0xFF, 0xED, 0xFF, 0xED, 0xFF,
    0xED, 0xFF, 0xED, 0xFF, 0xED, 0xFF, 0xED, 0xFF,
    0xED, 0xFF, 0xED, 0xFF, 0xED, 0xFF, 0xED, 0xFF,
    0xED, 0xFF, 0xED, 0xFF, 0xED, 0xFF, 0xED, 0xFF,
    0xED, 0xFF, 0xED, 0xFF, 0xED, 0xFF, 0xED, 0xFF,
    0xED, 0xFF, 0xED, 0xFF, 0xED, 0xFF, 0xED, 0xFE,
    0xED, 0xFE, 0xED, 0xFE, 0xED, 0xFE, 0xED, 0xFE,
    0xED, 0xFE, 0xED, 0xFE, 0xED, 0xFE, 0xED, 0xFE,
    0xED, 0xFE, 0xED, 0xFE, 0xED, 0xFE, 0xED, 0xFE,
    0xED, 0xFE, 0xED, 0xFE, 0xED, 0xFE, 0xED, 0xFD,
    0xED, 0xFD, 0xED, 0xFD, 0xED, 0xFD, 0xED, 0xFD,
    0xED, 0xFD, 0xED, 0xFD, 0xED, 0xFD, 0xED, 0xFD,
    0xED, 0xFD, 0xED, 0xFD, 0xED, 0xFD, 0xED, 0xFD,
    0xEC, 0xFC, 0xED, 0xFD, 0xED, 0xFC, 0xED, 0xFC,
    0xED, 0xFC, 0xED, 0xFC, 0xED, 0xFC, 0xED, 0xFC,
    0xED, 0xFD, 0xED, 0xFC, 0xED, 0xFC, 0xED, 0xFC,
    0xED, 0xFC, 0xED, 0xFC, 0xED, 0xFC, 0xEE, 0xFC,
    0xEE, 0xFC, 0xEE, 0xFC, 0xEE, 0xFC, 0xEE, 0xFC,
    0xEE, 0xFD, 0xEE, 0xFC, 0xEE, 0xFC, 0xEE, 0xFC,
    0xEE, 0xFC, 0xEE, 0xFC, 0xEE, 0xFD, 0xEE, 0xFD,
    0xEE, 0xFC, 0xEF, 0xFC, 0xEF, 0xFC, 0xEF, 0xFC,
    0xEF, 0xFD, 0xEF, 0xFD, 0xEF, 0xFD, 0xEF, 0xFC,
    0xEF, 0xFC, 0xEF, 0xFC, 0xEF, 0xFC, 0xEF, 0xFC,
    0xEF, 0xFC, 0xEF, 0xFC, 0xEF, 0xFD, 0xEF, 0xFD,
    0xEF, 0xFC, 0xEF, 0xFC, 0xEF, 0xFC, 0xEF, 0xFC,
    0xEF, 0xFC, 0xEF, 0xFC, 0xEF, 0xFC, 0xEF, 0xFC,
    0xEF, 0xFC, 0xEF, 0xFC, 0xEF, 0xFC, 0xEF, 0xFC,
    0xDF, 0xFC, 0xDF, 0xFC, 0xDF, 0xFC, 0xDF, 0xFC,
    0xDF, 0xFC, 0xDF, 0xFC, 0xDF, 0xFC, 0xDF, 0xFC,
    0xDF, 0xFC, 0xDF, 0xFD, 0xDF, 0xFC, 0xDF, 0xFC,
    0xDF, 0xFC, 0xDF, 0xFC, 0xCF, 0xFC, 0xCF, 0xFC,
    0xCF, 0xFC, 0xCF, 0xFC, 0xCF, 0xFC, 0xCF, 0xFC,
    0xCF, 0xFC, 0xCF, 0xFC, 0xCF, 0xFC, 0xCF, 0xFC,
    0xCF, 0xFC, 0xCF, 0xFC, 0xCF, 0xFC, 0xCF, 0xFC,
    0xCF, 0xFC, 0xCF, 0xFC, 0xBF, 0xFD, 0xBF, 0xFD,
    0xCF, 0xFD, 0xBF, 0xFD, 0xBF, 0xFD, 0xBF, 0xFD,
    0xBF, 0xFD, 0xBF, 0xFD, 0xBF, 0xFD, 0xBF, 0xFD,
    0xBF, 0xFD, 0xBF, 0xFD, 0xBF, 0xFD, 0xBF, 0xFD,
    0xBF, 0xFE, 0xBF, 0xFE, 0xBF, 0xFE, 0xBF, 0xFE,
    0xBF, 0xFE, 0xBF, 0xFE, 0xBF, 0xFE, 0xBF, 0xFE,
    0xBF, 0xFE, 0xBF, 0xFE, 0xBF, 0xFE, 0xBF, 0xFE,
    0xBF, 0xFE, 0xBF, 0xFE, 0xBF, 0xFE, 0xBF, 0xFF,
    0xBF, 0xFF, 0xBF, 0xFF, 0xBF, 0xFF, 0xBF, 0xFF,
    0xBF, 0xFF, 0xBF, 0xFF, 0xBF, 0xFF, 0xBF, 0xFF,
    0xBF, 0xFF, 0xBF, 0xFF, 0xBF, 0xFF, 0xBF, 0xFF,
    0xBF, 0xFF, 0xBF, 0xFF, 0xBF, 0xFF, 0xBF, 0xFF,
    0xBF, 0xFF, 0xBF, 0xFF, 0xBF, 0xFF, 0xBF, 0xFF,
    0xBF, 0xFF, 0xBF, 0xFF, 0xBF, 0xFF, 0xBF, 0xFF,
    0xBF, 0xFF, 0xBF, 0xFF, 0xBE, 0xFF, 0xBE, 0xFF,
    0xBE, 0xFF, 0xBE, 0xFF, 0xBE, 0xFF, 0xBE, 0xFF,
    0xBE, 0xFF, 0xBE, 0xFF, 0xBE, 0xFF, 0xBE, 0xFF,
    0xBE, 0xFF, 0xBE, 0xFF, 0xBE, 0xFF, 0xBE, 0xFF,
    0xBD, 0xFF, 0xBD, 0xFF, 0xBD, 0xFF, 0xBD, 0xFF,
    0xBD, 0xFF, 0xBD, 0xFF, 0xBD, 0xFF, 0xBD, 0xFF,
    0xBD, 0xFF, 0xBD, 0xFF, 0xBD, 0xFF, 0xBD, 0xFF,
    0xBD, 0xFF, 0xBD, 0xFF, 0xBC, 0xFF, 0xCC, 0xFF,
    0xCC, 0xFF, 0xCC, 0xFF, 0xCC, 0xFF, 0xCC, 0xFF,
    0xCC, 0xFF, 0xCC, 0xFF, 0xCC, 0xFF, 0xCC, 0xFF,
    0xCC, 0xFF, 0xCC, 0xFF, 0xCC, 0xFF, 0xCC, 0xFF,
    0xCC, 0xFF, 0xCC, 0xFF, 0xDC, 0xFF, 0xDC, 0xFF,
    0xDC, 0xFF, 0xDC, 0xFF, 0xDC, 0xFF, 0xDC, 0xFF,
    0xDC, 0xFF, 0xDC, 0xFF, 0xDC, 0xFF, 0xDC, 0xFF,
    0xDC, 0xFF, 0xDC, 0xFF, 0xDC, 0xFF, 0xEC, 0xFF,
    0xEC, 0xFF, 0xEC, 0xFF, 0xEC, 0xFF, 0xEC, 0xFF,
    0xEC, 0xFF, 0xEC, 0xFF, 0xEC, 0xFF, 0xEC, 0xFF,
    0xEC, 0xFF, 0xEC, 0xFF, 0xEC, 0xFF, 0xEC, 0xFF,
    0xEC, 0xFF, 0xEC, 0xFF, 0xEC, 0xFF, 0xED, 0xFF,
    0xEC, 0xFF, 0xEC, 0xFF, 0xEC, 0xFF, 0xEC, 0xFF,
    0xEC, 0xFF, 0xEC, 0xFF, 0xEC, 0xFF, 0xEC, 0xFF,
    0xEC, 0xFF, 0xEC, 0xFF, 0xEC, 0xFF, 0xEC, 0xFE,
    0xEC, 0xFE, 0xEC, 0xFE, 0xEC, 0xFE, 0xEC, 0xFE,
    0xEC, 0xFE, 0xEC, 0xFE, 0xEC, 0xFE, 0xEC, 0xFE,
    0xEC, 0xFE, 0xEC, 0xFE, 0xEC, 0xFE, 0xEC, 0xFE,
    0xEC, 0xFE, 0xEC, 0xFD, 0xEC, 0xFD, 0xEC, 0xFD,
    0xEC, 0xFD, 0xEC, 0xFD, 0xEC, 0xFD, 0xEC, 0xFD,
    0xEC, 0xFD, 0xEC, 0xFD, 0xEC, 0xFD, 0xEC, 0xFD,
    0xEC, 0xFD, 0xEC, 0xFD, 0xEC, 0xFD, 0xEC, 0xFD,
    0xEC, 0xFC, 0xEC, 0xFC, 0xEC, 0xFC, 0xED, 0xFC,
    0xED, 0xFC, 0xED, 0xFC, 0xED, 0xFC, 0xED, 0xFC,
    0xED, 0xFC, 0xED, 0xFC, 0xED, 0xFC, 0xED, 0xFC,
    0xED, 0xFC, 0xED, 0xFC, 0xED, 0xFC, 0xED, 0xFC,
    0xEE, 0xFC, 0xEE, 0xFC, 0xEE, 0xFC, 0xEE, 0xFC,
    0xEE, 0xFC, 0xEE, 0xFC, 0xEE, 0xFC, 0xEE, 0xFC,
    0xEE, 0xFC, 0xEE, 0xFC, 0xEE, 0xFC, 0xEE, 0xFC,
    0xEE, 0xFC, 0xEE, 0xFC, 0xEF, 0xFC, 0xEF, 0xFC,
    0xEF, 0xFC, 0xEF, 0xFC, 0xEF, 0xFC, 0xEF, 0xFC,
    0xEF, 0xFC, 0xEF, 0xFC, 0xEF, 0xFC, 0xEF, 0xFC,
    0xEF, 0xFC, 0xEF, 0xFC, 0xEF, 0xFC, 0xEF, 0xFC,
    0xEF, 0xFC, 0xEF, 0xFC, 0xEF, 0xFC, 0xEF, 0xFC,
    0xEF, 0xFC, 0xEF, 0xFC, 0xEF, 0xFC, 0xEF, 0xFC,
    0xEF, 0xFC, 0xEF, 0xFC, 0xEF, 0xFC, 0xEF, 0xFC,
    0xDF, 0xFC, 0xDF, 0xFC, 0xDF, 0xFC, 0xDF, 0xFC,
    0xDF, 0xFC, 0xDF, 0xFC, 0xDF, 0xFC, 0xDF, 0xFC,
    0xDF, 0xFC, 0xDF, 0xFC, 0xDF, 0xFC, 0xDF, 0xFC,
    0xDF, 0xFC, 0xCF, 0xFC, 0xCF, 0xFC, 0xCF, 0xFC,
    0xCF, 0xFC, 0xCF, 0xFC, 0xCF, 0xFC, 0xCF, 0xFC,
    0xCF, 0xFC, 0xCF, 0xFC, 0xCF, 0xFC, 0xCF, 0xFC,
    0xCF, 0xFC, 0xCF, 0xFC, 0xCF, 0xFC, 0xBF, 0xFC,
    0xBF, 0xFC, 0xBF, 0xFC, 0xBF, 0xFC, 0xBF, 0xFD,
    0xBF, 0xFD, 0xBF, 0xFD, 0xBF, 0xFD, 0xBF, 0xFD,
    0xBF, 0xFD, 0xBF, 0xFD, 0xBF, 0xFD, 0xBF, 0xFD,
    0xBF, 0xFD, 0xBF, 0xFD, 0xBF, 0xFD, 0xBF, 0xFD,
    0xBF, 0xFE, 0xBF, 0xFE, 0xBF, 0xFE, 0xBF, 0xFE,
    0xBF, 0xFE, 0xBF, 0xFE, 0xBF, 0xFE, 0xBF, 0xFE,
    0xBF, 0xFE, 0xBF, 0xFE, 0xBF, 0xFE, 0xBF, 0xFE,
    0xBF, 0xFE, 0xBF, 0xFE, 0xBF, 0xFE, 0xBF, 0xFF,
    0xBF, 0xFF, 0xBF, 0xFF, 0xBF, 0xFF, 0xBF, 0xFF,
    0xBF, 0xFF, 0xBF, 0xFF, 0xBF, 0xFF, 0xBF, 0xFF,
    0xBF, 0xFF, 0xBF, 0xFF, 0xBF, 0xFF, 0xBF, 0xFF,
    0xBF, 0xFF, 0xBF, 0xFF, 0xBF, 0xFF, 0xBF, 0xFF,
    0xBF, 0xFF, 0xBF, 0xFF, 0xBF, 0xFF, 0xBF, 0xFF,
    0xBF, 0xFF, 0xBF, 0xFF, 0xBF, 0xFF, 0xBF, 0xFF,
    0xBF, 0xFF, 0xBF, 0xFF, 0xBE, 0xFF, 0xBE, 0xFF,
    0xBE, 0xFF, 0xBE, 0xFF, 0xBE, 0xFF, 0xBE, 0xFF,
    0xBE, 0xFF, 0xBE, 0xFF, 0xBE, 0xFF, 0xBE, 0xFF,
    0xBE, 0xFF, 0xBE, 0xFF, 0xBE, 0xFF, 0xBD, 0xFF,
    0xBD, 0xFF, 0xBD, 0xFF, 0xBD, 0xFF, 0xBD, 0xFF,
    0xBD, 0xFF, 0xBD, 0xFF, 0xBD, 0xFF, 0xBD, 0xFF,
    0xBD, 0xFF, 0xBD, 0xFF, 0xBD, 0xFF, 0xBD, 0xFF,
    0xBC, 0xFF, 0xBC, 0xFF, 0xBC, 0xFF, 0xBC, 0xFF,
    0xBC, 0xFF, 0xCC, 0xFF, 0xCC, 0xFF, 0xCC, 0xFF,
    0xCC, 0xFF, 0xCC, 0xFF, 0xCC, 0xFF, 0xCC, 0xFF,
    0xCC, 0xFF, 0xCC, 0xFF, 0xCC, 0xFF, 0xCC, 0xFF,
    0xCC, 0xFF, 0xCC, 0xFF, 0xCC, 0xFF, 0xDC, 0xFF,
    0xDC, 0xFF, 0xDC, 0xFF, 0xDC, 0xFF, 0xDC, 0xFF,
    0xDC, 0xFF, 0xDC, 0xFF, 0xDC, 0xFF, 0xDC, 0xFF,
    0xDC, 0xFF, 0xDC, 0xFF, 0xDC, 0xFF, 0xEC, 0xFF,
    0xEC, 0xFF, 0xEC, 0xFF, 0xEC, 0xFF, 0xEC, 0xFF,
    0xEC, 0xFF, 0xEC, 0xFF, 0xEC, 0xFF, 0xEC, 0xFF,
    0xEC, 0xFF, 0xEC, 0xFF, 0xEC, 0xFF, 0xEC, 0xFF,
    0xEC, 0xFF, 0xEC, 0xFF, 0xEC, 0xFF, 0xEC, 0xFF,
    0xEC, 0xFF, 0xEC, 0xFF, 0xEC, 0xFF, 0xEC, 0xFF,
    0xEC, 0xFF, 0xEC, 0xFF, 0xEC, 0xFF, 0xEC, 0xFF,
    0xEC, 0xFF, 0xEC, 0xFF, 0xEC, 0xFF, 0xEC, 0xFE,
    0xEC, 0xFE, 0xEC, 0xFE, 0xEC, 0xFE, 0xEC, 0xFE,
    0xEC, 0xFE, 0xEC, 0xFE, 0xEC, 0xFE, 0xEC, 0xFE,
    0xEC, 0xFE, 0xEC, 0xFE, 0xEC, 0xFE, 0xEC, 0xFE,
    0xEC, 0xFE, 0xEC, 0xFD, 0xEC, 0xFD, 0xEC, 0xFD,
    0xEC, 0xFD, 0xEC, 0xFD, 0xEC, 0xFD, 0xEC, 0xFD,
    0xEC, 0xFD, 0xEC, 0xFD, 0xEC, 0xFD, 0xEC, 0xFD,
    0xEC, 0xFD, 0xEC, 0xFD, 0xEC, 0xFD, 0xEC, 0xFD,
    0xEC, 0xFC, 0xEC, 0xFC, 0xEC, 0xFC, 0xEC, 0xFC,
    0xED, 0xFC, 0xED, 0xFC, 0xED, 0xFC, 0xED, 0xFC,
    0xED, 0xFC, 0xED, 0xFC, 0xED, 0xFC, 0xED, 0xFC,
    0xED, 0xFC, 0xED, 0xFC, 0xED, 0xFC, 0xED, 0xFC,
    0xED, 0xFC, 0xEE, 0xFC, 0xEE, 0xFC, 0xEE, 0xFC,
    0xEE, 0xFC, 0xEE, 0xFC, 0xEE, 0xFC, 0xEE, 0xFC,
    0xEE, 0xFC, 0xEE, 0xFC, 0xEE, 0xFC, 0xEE, 0xFC,
    0xEE, 0xFC, 0xEE, 0xFC, 0xEF, 0xFC, 0xEF, 0xFC,
    0xEF, 0xFC, 0xEF, 0xFC, 0xEF, 0xFC, 0xEF, 0xFC,
    0xEF, 0xFC, 0xEF, 0xFC, 0xEF, 0xFC, 0xEF, 0xFC,
    0xEF, 0xFC, 0xEF, 0xFC, 0xEF, 0xFC, 0xEF, 0xFC,
    0xEF, 0xFC, 0xEF, 0xFC, 0xEF, 0xFC, 0xEF, 0xFC,
    0xEF, 0xFC, 0xEF, 0xFC, 0xEF, 0xFC, 0xEF, 0xFC,
    0xEF, 0xFC, 0xEF, 0xFC, 0xEF, 0xFC, 0xEF, 0xFC,
    0xDF, 0xFC, 0xDF, 0xFC, 0xDF, 0xFC, 0xDF, 0xFC,
    0xDF, 0xFC, 0xDF, 0xFC, 0xDF, 0xFC, 0xDF, 0xFC,
    0xDF, 0xFC, 0xDF, 0xFC, 0xDF, 0xFC, 0xCF, 0xFC,
    0xCF, 0xFC, 0xCF, 0xFC, 0xCF, 0xFC, 0xCF, 0xFC,
    0xCF, 0xFC, 0xCF, 0xFC, 0xCF, 0xFC, 0xCF, 0xFC,
    0xCF, 0xFC, 0xCF, 0xFC, 0xCF, 0xFC, 0xCF, 0xFC,
    0xBF, 0xFC, 0xBF, 0xFC, 0xBF, 0xFC, 0xBF, 0xFC,
    0xBF, 0xFC, 0xBF, 0xFC, 0xBF, 0xFC, 0xBF, 0xFC,
    0xBF, 0xFC, 0xBF, 0xFC, 0xBF, 0xFD, 0xBF, 0xFD,
    0xBF, 0xFD, 0xBF, 0xFD, 0xBF, 0xFD, 0xBF, 0xFD,
    0xBF, 0xFD, 0xBF, 0xFD, 0xBF, 0xFD, 0xBF, 0xFD,
    0xBF, 0xFD, 0xBF, 0xFE, 0xBF, 0xFE, 0xBF, 0xFE,
    0xBF, 0xFE, 0xBF, 0xFE, 0xBF, 0xFE, 0xBF, 0xFE,
    0xBF, 0xFE, 0xBF, 0xFE, 0xBF, 0xFE, 0xBF, 0xFE,
    0xBF, 0xFE, 0xBF, 0xFE, 0xBF, 0xFE, 0xBF, 0xFE,
    0xBF, 0xFF, 0xBF, 0xFF, 0xBF, 0xFF, 0xBF, 0xFF,
    0xBF, 0xFF, 0xBF, 0xFF, 0xBF, 0xFF, 0xBF, 0xFF,
    0xBF, 0xFF, 0xBF, 0xFF, 0xBF, 0xFF, 0xBF, 0xFF,
    0xBF, 0xFF, 0xBF, 0xFF, 0xBF, 0xFF, 0xBF, 0xFF,
    0xBF, 0xFF, 0xBF, 0xFF, 0xBF, 0xFF, 0xBF, 0xFF,
    0xBF, 0xFF, 0xBF, 0xFF, 0xBF, 0xFF, 0xBF, 0xFF,
    0xBF, 0xFF, 0xBE, 0xFF, 0xBE, 0xFF, 0xBE, 0xFF,
    0xBE, 0xFF, 0xBE, 0xFF, 0xBE, 0xFF, 0xBE, 0xFF,
    0xBE, 0xFF, 0xBE, 0xFF, 0xBE, 0xFF, 0xBE, 0xFF,
    0xBE, 0xFF, 0xBD, 0xFF, 0xBD, 0xFF, 0xBD, 0xFF,
    0xBD, 0xFF, 0xBD, 0xFF, 0xBD, 0xFF, 0xBD, 0xFF,
    0xBD, 0xFF, 0xBD, 0xFF, 0xBD, 0xFF, 0xBD, 0xFF,
    0xBD, 0xFF, 0xBD, 0xFF, 0xBD, 0xFF, 0xBC, 0xFF,
    0xBC, 0xFF, 0xBC, 0xFF, 0xBC, 0xFF, 0xBC, 0xFF,
    0xBC, 0xFF, 0xBC, 0xFF, 0xBC, 0xFF, 0xCC, 0xFF,
    0xCC, 0xFF, 0xCC, 0xFF, 0xCC, 0xFF, 0xCC, 0xFF,
    0xCC, 0xFF, 0xCC, 0xFF, 0xCC, 0xFF, 0xCC, 0xFF,
    0xCC, 0xFF, 0xCC, 0xFF, 0xCC, 0xFF, 0xCC, 0xFF,
    0xDC, 0xFF, 0xDC, 0xFF, 0xDC, 0xFF, 0xDC, 0xFF,
    0xDC, 0xFF, 0xDC, 0xFF, 0xDC, 0xFF, 0xDC, 0xFF,
    0xDC, 0xFF, 0xDC, 0xFF, 0xDC, 0xFF, 0xEC, 0xFF,
    0xEC, 0xFF, 0xEC, 0xFF, 0xEC, 0xFF, 0xEC, 0xFF,
    0xEC, 0xFF, 0xEC, 0xFF, 0xEC, 0xFF, 0xEC, 0xFF,
    0xEC, 0xFF, 0xEC, 0xFF, 0xEC, 0xFF, 0xEC, 0xFF,
    0xEC, 0xFF, 0xEC, 0xFF, 0xEC, 0xFF, 0xEC, 0xFF,
    0xEC, 0xFF, 0xEC, 0xFF, 0xEC, 0xFF, 0xEC, 0xFF,
    0xEC, 0xFF, 0xEC, 0xFF, 0xEC, 0xFF, 0xEC, 0xFF,
    0xEC, 0xFF, 0xEC, 0xFF, 0xEC, 0xFE, 0xEC, 0xFE,
    0xEC, 0xFE, 0xEC, 0xFE, 0xEC, 0xFE, 0xEC, 0xFE,
    0xEC, 0xFE, 0xEC, 0xFE, 0xEC, 0xFE, 0xEC, 0xFE,
    0xEC, 0xFE, 0xEC, 0xFE, 0xEC, 0xFE, 0xEC, 0xFD,
    0xEC, 0xFD, 0xEC, 0xFD, 0xEC, 0xFD, 0xEC, 0xFD,
    0xEC, 0xFD, 0xEC, 0xFD, 0xEC, 0xFD, 0xEC, 0xFD,
    0xEC, 0xFD, 0xEC, 0xFD, 0xEC, 0xFD, 0xEC, 0xFD,
    0xEC, 0xFC, 0xEC, 0xFC, 0xEC, 0xFC, 0xEC, 0xFC,
    0xEC, 0xFC, 0xEC, 0xFC, 0xEC, 0xFC, 0xEC, 0xFC,
    0xEC, 0xFC, 0xEC, 0xFC, 0xED, 0xFC, 0xED, 0xFC,
    0xED, 0xFC, 0xED, 0xFC, 0xED, 0xFC, 0xED, 0xFC,
    0xED, 0xFC, 0xED, 0xFC, 0xED, 0xFC, 0xED, 0xFC,
    0xED, 0xFC, 0xED, 0xFC, 0xEE, 0xFC, 0xEE, 0xFC,
    0xEE, 0xFC, 0xEE, 0xFC, 0xEE, 0xFC, 0xEE, 0xFC,
    0xEE, 0xFC, 0xEE, 0xFC, 0xEE, 0xFC, 0xEE, 0xFC,
    0xEE, 0xFC, 0xEE, 0xFC, 0xEE, 0xFC, 0xEF, 0xFC,
    0xEF, 0xFC, 0xEF, 0xFC, 0xEF, 0xFC, 0xEF, 0xFC,
    0xEF, 0xFC, 0xEF, 0xFC, 0xEF, 0xFC, 0xEF, 0xFC,
    0xEF, 0xFC, 0xEF, 0xFC, 0xEF, 0xFC, 0xEF, 0xFC,
    0xEF, 0xFC, 0xEF, 0xFC, 0xEF, 0xFC, 0xEF, 0xFC,
    0xEF, 0xFC, 0xEF, 0xFC, 0xEF, 0xFC, 0xEF, 0xFC,
    0xEF, 0xFC, 0xEF, 0xFC, 0xEF, 0xFC, 0xEF, 0xFC,
    0xDF, 0xFC, 0xDF, 0xFC, 0xDF, 0xFC, 0xDF, 0xFC,
    0xDF, 0xFC, 0xDF, 0xFC, 0xDF, 0xFC, 0xDF, 0xFC,
    0xDF, 0xFC, 0xDF, 0xFC, 0xCF, 0xFC, 0xCF, 0xFC,
    0xCF, 0xFC, 0xCF, 0xFC, 0xCF, 0xFC, 0xCF, 0xFC,
    0xCF, 0xFC, 0xCF, 0xFC, 0xCF, 0xFC, 0xCF, 0xFC,
    0xCF, 0xFC, 0xCF, 0xFC, 0xBF, 0xFC, 0xBF, 0xFC,
    0xBF, 0xFC, 0xBF, 0xFC, 0xBF, 0xFC, 0xBF, 0xFC,
    0xBF, 0xFC, 0xBF, 0xFC, 0xBF, 0xFC, 0xBF, 0xFC,
    0xBF, 0xFC, 0xBF, 0xFC, 0xBF, 0xFC, 0xBF, 0xFC,
    0xBF, 0xFD, 0xBF, 0xFD, 0xBF, 0xFD, 0xBF, 0xFD,
    0xBF, 0xFD, 0xBF, 0xFD, 0xBF, 0xFD, 0xBF, 0xFD,
    0xBF, 0xFD, 0xBF, 0xFD, 0xBF, 0xFD, 0xBF, 0xFD,
    0xBF, 0xFE, 0xBF, 0xFE, 0xBF, 0xFE, 0xBF, 0xFE,
    0xBF, 0xFE, 0xBF, 0xFE, 0xBF, 0xFE, 0xBF, 0xFE,
    0xBF, 0xFE, 0xBF, 0xFE, 0xBF, 0xFE, 0xBF, 0xFE,
    0xBF, 0xFE, 0xBF, 0xFF, 0xBF, 0xFF, 0xBF, 0xFF,
    0xBF, 0xFF, 0xBF, 0xFF, 0xBF, 0xFF, 0xBF, 0xFF,
    0xBF, 0xFF, 0xBF, 0xFF, 0xBF, 0xFF, 0xBF, 0xFF,
    0xBF, 0xFF, 0xBF, 0xFF, 0xBF, 0xFF, 0xBF, 0xFF,
    0xBF, 0xFF, 0xBF, 0xFF, 0xBF, 0xFF, 0xBF, 0xFF,
    0xBF, 0xFF, 0xBF, 0xFF, 0xBF, 0xFF, 0xBF, 0xFF,
    0xBE, 0xFF, 0xBE, 0xFF, 0xBE, 0xFF, 0xBE, 0xFF,
    0xBE, 0xFF, 0xBE, 0xFF, 0xBE, 0xFF, 0xBE, 0xFF,
    0xBE, 0xFF, 0xBE, 0xFF, 0xBE, 0xFF, 0xBE, 0xFF,
    0xBD, 0xFF, 0xBD, 0xFF, 0xBD, 0xFF, 0xBD, 0xFF,
    0xBD, 0xFF, 0xBD, 0xFF, 0xBD, 0xFF, 0xBD, 0xFF,
    0xBD, 0xFF, 0xBD, 0xFF, 0xBD, 0xFF, 0xBD, 0xFF,
    0xBD, 0xFF, 0xBC, 0xFF, 0xBC, 0xFF, 0xBC, 0xFF,
    0xBC, 0xFF, 0xBC, 0xFF, 0xBC, 0xFF, 0xBC, 0xFF,
    0xBC, 0xFF, 0xBC, 0xFF, 0xBC, 0xFF, 0xBC, 0xFF,
    0xBC, 0xFF, 0xCC, 0xFF, 0xCC, 0xFF, 0xCC, 0xFF,
    0xCC, 0xFF, 0xCC, 0xFF, 0xCC, 0xFF, 0xCC, 0xFF,
    0xCC, 0xFF, 0xCC, 0xFF, 0xCC, 0xFF, 0xCC, 0xFF,
    0xCC, 0xFF, 0xDC, 0xFF, 0xDC, 0xFF, 0xDC, 0xFF,
    0xDC, 0xFF, 0xDC, 0xFF, 0xDC, 0xFF, 0xDC, 0xFF,
    0xDC, 0xFF, 0xDC, 0xFF, 0xDC, 0xFF, 0xDC, 0xFF,
    0xDC, 0xFF, 0xEC, 0xFF, 0xEC, 0xFF, 0xEC, 0xFF,
    0xEC, 0xFF, 0xEC, 0xFF, 0xEC, 0xFF, 0xEC, 0xFF,
    0xEC, 0xFF, 0xEC, 0xFF, 0xEC, 0xFF, 0xEC, 0xFF,
    0xEC, 0xFF, 0xEC, 0xFF, 0xEC, 0xFF, 0xEC, 0xFF,
    0xEC, 0xFF, 0xEC, 0xFF, 0xEC, 0xFF, 0xEC, 0xFF,
    0xEC, 0xFF, 0xEC, 0xFF, 0xEC, 0xFF, 0xEC, 0xFF,
    0xEC, 0xFF, 0xEC, 0xFE, 0xEC, 0xFE, 0xEC, 0xFE,
    0xEC, 0xFE, 0xEC, 0xFE, 0xEC, 0xFE, 0xEC, 0xFE,
    0xEC, 0xFE, 0xEC, 0xFE, 0xEC, 0xFE, 0xEC, 0xFE,
    0xEC, 0xFE, 0xEC, 0xFE, 0xEC, 0xFD, 0xEC, 0xFD,
    0xEC, 0xFD, 0xEC, 0xFD, 0xEC, 0xFD, 0xEC, 0xFD,
    0xEC, 0xFD, 0xEC, 0xFD, 0xEC, 0xFD, 0xEC, 0xFD,
    0xEC, 0xFD, 0xEC, 0xFD, 0xEC, 0xFC, 0xEC, 0xFC,
    0xEC, 0xFC, 0xEC, 0xFC, 0xEC, 0xFC, 0xEC, 0xFC,
    0xEC, 0xFC, 0xEC, 0xFC, 0xEC, 0xFC, 0xEC, 0xFC,
    0xEC, 0xFC, 0xEC, 0xFC, 0xEC, 0xFC, 0xEC, 0xFC,
    0xED, 0xFC, 0xED, 0xFC, 0xED, 0xFC, 0xED, 0xFC,
    0xED, 0xFC, 0xED, 0xFC, 0xED, 0xFC, 0xED, 0xFC,
    0xED, 0xFC, 0xED, 0xFC, 0xED, 0xFC, 0xED, 0xFC,
    0xEE, 0xFC, 0xEE, 0xFC, 0xEE, 0xFC, 0xEE, 0xFC,
    0xEE, 0xFC, 0xEE, 0xFC, 0xEE, 0xFC, 0xEE, 0xFC,
    0xEE, 0xFC, 0xEE, 0xFC, 0xEE, 0xFC, 0xEE, 0xFC,
    0xEF, 0xFC, 0xEF, 0xFC, 0xEF, 0xFC, 0xEF, 0xFC,
    0xEF, 0xFC, 0xEF, 0xFC, 0xEF, 0xFC, 0xEF, 0xFC,
    0xEF, 0xFC, 0xEF, 0xFC, 0xEF, 0xFC, 0xEF, 0xFC,
    0xEF, 0xFC, 0xEF, 0xFC, 0xEF, 0xFC, 0xEF, 0xFC,
    0xEF, 0xFC, 0xEF, 0xFC, 0xEF, 0xFC, 0xEF, 0xFC,
    0xEF, 0xFC, 0xEF, 0xFC, 0xEF, 0xFC, 0xEF, 0xFC,
    0xDF, 0xFC, 0xDF, 0xFC, 0xDF, 0xFC, 0xDF, 0xFC,
    0xDF, 0xFC, 0xDF, 0xFC, 0xDF, 0xFC, 0xDF, 0xFC,
    0xDF, 0xFC, 0xDF, 0xFC, 0xCF, 0xFC, 0xCF, 0xFC,
    0xCF, 0xFC, 0xCF, 0xFC, 0xCF, 0xFC, 0xCF, 0xFC,
    0xCF, 0xFC, 0xCF, 0xFC, 0xCF, 0xFC, 0xCF, 0xFC,
    0xCF, 0xFC, 0xCF, 0xFC, 0xBF, 0xFC, 0xBF, 0xFC,
    0xBF, 0xFC, 0xBF, 0xFC, 0xBF, 0xFC, 0xBF, 0xFC,
    0xBF, 0xFC, 0xBF, 0xFC, 0xBF, 0xFC, 0xBF, 0xFC,
    0xBF, 0xFC, 0xBF, 0xFC, 0xBF, 0xFC, 0xBF, 0xFC,
    0xBF, 0xFD, 0xBF, 0xFD, 0xBF, 0xFD, 0xBF, 0xFD,
    0xBF, 0xFD, 0xBF, 0xFD, 0xBF, 0xFD, 0xBF, 0xFD,
    0xBF, 0xFD, 0xBF, 0xFD, 0xBF, 0xFD, 0xBF, 0xFD,
    0xBF, 0xFD, 0xBF, 0xFD, 0xBF, 0xFE, 0xBF, 0xFE,
    0xBF, 0xFE, 0xBF, 0xFE, 0xBF, 0xFE, 0xBF, 0xFE,
    0xBF, 0xFE, 0xBF, 0xFE, 0xBF, 0xFE, 0xBF, 0xFE,
    0xBF, 0xFE, 0xBF, 0xFE, 0xBF, 0xFF, 0xBF, 0xFF,
    0xBF, 0xFF, 0xBF, 0xFF, 0xBF, 0xFF, 0xBF, 0xFF,
    0xBF, 0xFF, 0xBF, 0xFF, 0xBF, 0xFF, 0xBF, 0xFF,
    0xBF, 0xFF, 0xBF, 0xFF, 0xBF, 0xFF, 0xBF, 0xFF,
    0xBF, 0xFF, 0xBF, 0xFF, 0xBF, 0xFF, 0xBF, 0xFF,
    0xBF, 0xFF, 0xBF, 0xFF, 0xBF, 0xFF, 0xBE, 0xFF,
    0xBE, 0xFF, 0xBE, 0xFF, 0xBE, 0xFF, 0xBE, 0xFF,
    0xBE, 0xFF, 0xBE, 0xFF, 0xBE, 0xFF, 0xBE, 0xFF,
    0xBE, 0xFF, 0xBE, 0xFF, 0xBE, 0xFF, 0xBD, 0xFF,
    0xBD, 0xFF, 0xBD, 0xFF, 0xBD, 0xFF, 0xBD, 0xFF,
    0xBD, 0xFF, 0xBD, 0xFF, 0xBD, 0xFF, 0xBD, 0xFF,
    0xBD, 0xFF, 0xBD, 0xFF, 0xBD, 0xFF, 0xBC, 0xFF,
    0xBC, 0xFF, 0xBC, 0xFF, 0xBC, 0xFF, 0xBC, 0xFF,
    0xBC, 0xFF, 0xBC, 0xFF, 0xBC, 0xFF, 0xBC, 0xFF,
    0xBC, 0xFF, 0xBC, 0xFF, 0xBC, 0xFF, 0xBC, 0xFF,
    0xBC, 0xFF, 0xBC, 0xFF, 0xCC, 0xFF, 0xCC, 0xFF,
    0xCC, 0xFF, 0xCC, 0xFF, 0xCC, 0xFF, 0xCC, 0xFF,
    0xCC, 0xFF, 0xCC, 0xFF, 0xCC, 0xFF, 0xCC, 0xFF,
    0xCC, 0xFF, 0xCC, 0xFF, 0xCC, 0xFF, 0xCC, 0xFF,
    0xDC, 0xFF, 0xDC, 0xFF, 0xDC, 0xFF, 0xDC, 0xFF,
    0xDC, 0xFF, 0xDC, 0xFF, 0xDC, 0xFF, 0xDC, 0xFF,
    0xDC, 0xFF, 0xDC, 0xFF, 0xEC, 0xFF, 0xEC, 0xFF,
    0xEC, 0xFF, 0xEC, 0xFF, 0xEC, 0xFF, 0xEC, 0xFF,
    0xEC, 0xFF, 0xEC, 0xFF, 0xEC, 0xFF, 0xEC, 0xFF,
    0xEC, 0xFF, 0xEC, 0xFF, 0xEC, 0xFF, 0xEC, 0xFF,
    0xEC, 0xFF, 0xEC, 0xFF, 0xEC, 0xFF, 0xEC, 0xFF,
    0xEC, 0xFF, 0xEC, 0xFF, 0xEC, 0xFF, 0xEC, 0xFF,
    0xEC, 0xFE, 0xEC, 0xFE, 0xEC, 0xFE, 0xEC, 0xFE,
    0xEC, 0xFE, 0xEC, 0xFE, 0xEC, 0xFE, 0xEC, 0xFE,
    0xEC, 0xFE, 0xEC, 0xFE, 0xEC, 0xFE, 0xEC, 0xFE,
    0xEC, 0xFE, 0xEC, 0xFD, 0xEC, 0xFD, 0xEC, 0xFD,
    0xEC, 0xFD, 0xEC, 0xFD, 0xEC, 0xFD, 0xEC, 0xFD,
    0xEC, 0xFD, 0xEC, 0xFD, 0xEC, 0xFD, 0xEC, 0xFD,
    0xEC, 0xFD, 0xEC, 0xFD, 0xEC, 0xFC, 0xEC, 0xFC,
    0xEC, 0xFC, 0xEC, 0xFC, 0xEC, 0xFC, 0xEC, 0xFC,
    0xEC, 0xFC, 0xEC, 0xFC, 0xEC, 0xFC, 0xEC, 0xFC,
    0xEC, 0xFC, 0xEC, 0xFC, 0xEC, 0xFC, 0xEC, 0xFC,
    0xEC, 0xFC, 0xED, 0xFC, 0xED, 0xFC, 0xED, 0xFC,
    0xED, 0xFC, 0xED, 0xFC, 0xED, 0xFC, 0xED, 0xFC,
    0xED, 0xFC, 0xED, 0xFC, 0xED, 0xFC, 0xED, 0xFC,
    0xEE, 0xFC, 0xEE, 0xFC, 0xEE, 0xFC, 0xEE, 0xFC,
    0xEE, 0xFC, 0xEE, 0xFC, 0xEE, 0xFC, 0xEE, 0xFC,
    0xEE, 0xFC, 0xEE, 0xFC, 0xEE, 0xFC, 0xEE, 0xFC,
    0xEF, 0xFC, 0xEF, 0xFC, 0xEF, 0xFC, 0xEF, 0xFC,
    0xEF, 0xFC, 0xEF, 0xFC, 0xEF, 0xFC, 0xEF, 0xFC,
    0xEF, 0xFC, 0xEF, 0xFC, 0xEF, 0xFC, 0xEF, 0xFC,
    0xEF, 0xFC, 0xEF, 0xFC, 0xEF, 0xFC, 0xEF, 0xFC,
    0xEF, 0xFC, 0xEF, 0xFC, 0xEF, 0xFC, 0xEF, 0xFC,
    0xEF, 0xFC, 0xEF, 0xFC, 0xEF, 0xFC, 0xEF, 0xFC,
    0xDF, 0xFC, 0xDF, 0xFC, 0xDF, 0xFC, 0xDF, 0xFC,
    0xDF, 0xFC, 0xDF, 0xFC, 0xDF, 0xFC, 0xDF, 0xFC,
    0xCF, 0xFC, 0xCF, 0xFC, 0xCF, 0xFC, 0xCF, 0xFC,
    0xCF, 0xFC, 0xCF, 0xFC, 0xCF, 0xFC, 0xCF, 0xFC,
    0xCF, 0xFC, 0xCF, 0xFC, 0xCF, 0xFC, 0xCF, 0xFC,
    0xCF, 0xFC, 0xBF, 0xFC, 0xBF, 0xFC, 0xBF, 0xFC,
    0xBF, 0xFC, 0xBF, 0xFC, 0xBF, 0xFC, 0xBF, 0xFC,
    0xBF, 0xFC, 0xBF, 0xFC, 0xBF, 0xFC, 0xBF, 0xFC,
    0xBF, 0xFC, 0xBF, 0xFC, 0xBF, 0xFC, 0xBF, 0xFC,
    0xBF, 0xFC, 0xBF, 0xFD, 0xBF, 0xFD, 0xBF, 0xFD,
    0xBF, 0xFD, 0xBF, 0xFD, 0xBF, 0xFD, 0xBF, 0xFD,
    0xBF, 0xFD, 0xBF, 0xFD, 0xBF, 0xFD, 0xBF, 0xFD,
    0xBF, 0xFD, 0xBF, 0xFD, 0xBF, 0xFD, 0xBF, 0xFE,
    0xBF, 0xFE, 0xBF, 0xFE, 0xBF, 0xFE, 0xBF, 0xFE,
    0xBF, 0xFE, 0xBF, 0xFE, 0xBF, 0xFE, 0xBF, 0xFE,
    0xBF, 0xFE, 0xBF, 0xFE, 0xBF, 0xFF, 0xBF, 0xFF,
    0xBF, 0xFF, 0xBF, 0xFF, 0xBF, 0xFF, 0xBF, 0xFF,
    0xBF, 0xFF, 0xBF, 0xFF, 0xBF, 0xFF, 0xBF, 0xFF,
    0xBF, 0xFF, 0xBF, 0xFF, 0xBF, 0xFF, 0xBF, 0xFF,
    0xBF, 0xFF, 0xBF, 0xFF, 0xBF, 0xFF, 0xBF, 0xFF,
    0xBF, 0xFF, 0xBF, 0xFF, 0xBF, 0xFF, 0xBE, 0xFF,
    0xBE, 0xFF, 0xBE, 0xFF, 0xBE, 0xFF, 0xBE, 0xFF,
    0xBE, 0xFF, 0xBE, 0xFF, 0xBE, 0xFF, 0xBE, 0xFF,
    0xBE, 0xFF, 0xBE, 0xFF, 0xBD, 0xFF, 0xBD, 0xFF,
    0xBD, 0xFF, 0xBD, 0xFF, 0xBD, 0xFF, 0xBD, 0xFF,
    0xBD, 0xFF, 0xBD, 0xFF, 0xBD, 0xFF, 0xBD, 0xFF,
    0xBD, 0xFF, 0xBD, 0xFF, 0xBC, 0xFF, 0xBC, 0xFF,
    0xBC, 0xFF, 0xBC, 0xFF, 0xBC, 0xFF, 0xBC, 0xFF,
    0xBC, 0xFF, 0xBC, 0xFF, 0xBC, 0xFF, 0xBC, 0xFF,
    0xBC, 0xFF, 0xBC, 0xFF, 0xBC, 0xFF, 0xBC, 0xFF,
    0xBC, 0xFF, 0xBC, 0xFF, 0xBC, 0xFF, 0xBC, 0xFF,
    0xBC, 0xFF, 0xCC, 0xFF, 0xCC, 0xFF, 0xCC, 0xFF,
    0xCC, 0xFF, 0xCC, 0xFF, 0xCC, 0xFF, 0xCC, 0xFF,
    0xCC, 0xFF, 0xCC, 0xFF, 0xCC, 0xFF, 0xCC, 0xFF,
    0xDC, 0xFF, 0xDC, 0xFF, 0xDC, 0xFF, 0xDC, 0xFF,
    0xDC, 0xFF, 0xDC, 0xFF, 0xDC, 0xFF, 0xDC, 0xFF,
    0xDC, 0xFF, 0xDC, 0xFF, 0xEC, 0xFF, 0xEC, 0xFF,
    0xEC, 0xFF, 0xEC, 0xFF, 0xEC, 0xFF, 0xEC, 0xFF,
    0xEC, 0xFF, 0xEC, 0xFF, 0xEC, 0xFF, 0xEC, 0xFF,
    0xEC, 0xFF, 0xEC, 0xFF, 0xEC, 0xFF, 0xEC, 0xFF,
    0xEC, 0xFF, 0xEC, 0xFF, 0xEC, 0xFF, 0xEC, 0xFF,
    0xEC, 0xFF, 0xEC, 0xFF, 0xEC, 0xFF, 0xEC, 0xFE,
    0xEC, 0xFE, 0xEC, 0xFE, 0xEC, 0xFE, 0xEC, 0xFE,
    0xEC, 0xFE, 0xEC, 0xFE, 0xEC, 0xFE, 0xEC, 0xFE,
    0xEC, 0xFE, 0xEC, 0xFE, 0xEC, 0xFE, 0xEC, 0xFE,
    0xEC, 0xFE, 0xEC, 0xFD, 0xEC, 0xFD, 0xEC, 0xFD,
    0xEC, 0xFD, 0xEC, 0xFD, 0xEC, 0xFD, 0xEC, 0xFD,
    0xEC, 0xFD, 0xEC, 0xFD, 0xEC, 0xFD, 0xEC, 0xFD,
    0xEC, 0xFC, 0xEC, 0xFC, 0xEC, 0xFC, 0xEC, 0xFC,
    0xEC, 0xFC, 0xEC, 0xFC, 0xEC, 0xFC, 0xEC, 0xFC,
    0xEC, 0xFC, 0xEC, 0xFC, 0xEC, 0xFC, 0xEC, 0xFC,
    0xEC, 0xFC, 0xEC, 0xFC, 0xEC, 0xFC, 0xEC, 0xFC,
    0xEC, 0xFC, 0xEC, 0xFC, 0xED, 0xFC, 0xED, 0xFC,
    0xED, 0xFC, 0xED, 0xFC, 0xED, 0xFC, 0xED, 0xFC,
    0xED, 0xFC, 0xED, 0xFC, 0xED, 0xFC, 0xED, 0xFC,
    0xED, 0xFC, 0xEE, 0xFC, 0xEE, 0xFC, 0xEE, 0xFC,
    0xEE, 0xFC, 0xEE, 0xFC, 0xEE, 0xFC, 0xEE, 0xFC,
    0xEE, 0xFC, 0xEE, 0xFC, 0xEE, 0xFC, 0xEE, 0xFC,
    0xEF, 0xFC, 0xEF, 0xFC, 0xEF, 0xFC, 0xEF, 0xFC,
    0xEF, 0xFC, 0xEF, 0xFC, 0xEF, 0xFC, 0xEF, 0xFC,
    0xEF, 0xFC, 0xEF, 0xFC, 0xEF, 0xFC, 0xEF, 0xFC,
    0xEF, 0xFC, 0xEF, 0xFC, 0xEF, 0xFC, 0xEF, 0xFC,
    0xEF, 0xFC, 0xEF, 0xFC, 0xEF, 0xFC, 0xEF, 0xFC,
    0xEF, 0xFC, 0xEF, 0xFC, 0xDF, 0xFC, 0xDF, 0xFC,
    0xDF, 0xFC, 0xDF, 0xFC, 0xDF, 0xFC, 0xDF, 0xFC,
    0xDF, 0xFC, 0xDF, 0xFC, 0xDF, 0xFC, 0xDF, 0xFC,
    0xCF, 0xFC, 0xCF, 0xFC, 0xCF, 0xFC, 0xCF, 0xFC,
    0xCF, 0xFC, 0xCF, 0xFC, 0xCF, 0xFC, 0xCF, 0xFC,
    0xCF, 0xFC, 0xCF, 0xFC, 0xCF, 0xFC, 0xBF, 0xFC,
    0xBF, 0xFC, 0xBF, 0xFC, 0xBF, 0xFC, 0xBF, 0xFC,
    0xBF, 0xFC, 0xBF, 0xFC, 0xBF, 0xFC, 0xBF, 0xFC,
    0xBF, 0xFC, 0xBF, 0xFC, 0xBF, 0xFC, 0xBF, 0xFC,
    0xBF, 0xFC, 0xBF, 0xFC, 0xBF, 0xFC, 0xBF, 0xFC,
    0xBF, 0xFC, 0xBF, 0xFC, 0xBF, 0xFD, 0xBF, 0xFD,
    0xBF, 0xFD, 0xBF, 0xFD, 0xBF, 0xFD, 0xBF, 0xFD,
    0xBF, 0xFD, 0xBF, 0xFD, 0xBF, 0xFD, 0xBF, 0xFD,
    0xBF, 0xFD, 0xBF, 0xFD, 0xBF, 0xFD, 0xBF, 0xFE,
    0xBF, 0xFE, 0xBF, 0xFE, 0xBF, 0xFE, 0xBF, 0xFE,
    0xBF, 0xFE, 0xBF, 0xFE, 0xBF, 0xFE, 0xBF, 0xFE,
    0xBF, 0xFE, 0xBF, 0xFE, 0xBF, 0xFF, 0xBF, 0xFF,
    0xBF, 0xFF, 0xBF, 0xFF, 0xBF, 0xFF, 0xBF, 0xFF,
    0xBF, 0xFF, 0xBF, 0xFF, 0xBF, 0xFF, 0xBF, 0xFF,
    0xBF, 0xFF, 0xBF, 0xFF, 0xBF, 0xFF, 0xBF, 0xFF,
    0xBF, 0xFF, 0xBF, 0xFF, 0xBF, 0xFF, 0xBF, 0xFF,
    0xBF, 0xFF, 0xBF, 0xFF, 0xBF, 0xFF, 0xBE, 0xFF,
    0xBE, 0xFF, 0xBE, 0xFF, 0xBE, 0xFF, 0xBE, 0xFF,
    0xBE, 0xFF, 0xBE, 0xFF, 0xBE, 0xFF, 0xBE, 0xFF,
    0xBE, 0xFF, 0xBE, 0xFF, 0xBD, 0xFF, 0xBD, 0xFF,
    0xBD, 0xFF, 0xBD, 0xFF, 0xBD, 0xFF, 0xBD, 0xFF,
    0xBD, 0xFF, 0xBD, 0xFF, 0xBD, 0xFF, 0xBD, 0xFF,
    0xBD, 0xFF, 0xBC, 0xFF, 0xBC, 0xFF, 0xBC, 0xFF,
    0xBC, 0xFF, 0xBC, 0xFF, 0xBC, 0xFF, 0xBC, 0xFF,
    0xBC, 0xFF, 0xBC, 0xFF, 0xBC, 0xFF, 0xBC, 0xFF,
    0xBC, 0xFF, 0xBC, 0xFF, 0xBC, 0xFF, 0xBC, 0xFF,
    0xBC, 0xFF, 0xBC, 0xFF, 0xBC, 0xFF, 0xBC, 0xFF,
    0xBC, 0xFF, 0xCC, 0xFF, 0xCC, 0xFF, 0xCC, 0xFF,
    0xCC, 0xFF, 0xCC, 0xFF, 0xCC, 0xFF, 0xCC, 0xFF,
    0xCC, 0xFF, 0xCC, 0xFF, 0xCC, 0xFF, 0xCC, 0xFF,
    0xDC, 0xFF, 0xDC, 0xFF, 0xDC, 0xFF, 0xDC, 0xFF,
    0xDC, 0xFF, 0xDC, 0xFF, 0xDC, 0xFF, 0xDC, 0xFF,
    0xDC, 0xFF, 0xDC, 0xFF, 0xEC, 0xFF, 0xEC, 0xFF,
    0xEC, 0xFF, 0xEC, 0xFF, 0xEC, 0xFF, 0xEC, 0xFF,
    0xEC, 0xFF, 0xEC, 0xFF, 0xEC, 0xFF, 0xEC, 0xFF,
    0xEC, 0xFF, 0xEC, 0xFF, 0xEC, 0xFF, 0xEC, 0xFF,
    0xEC, 0xFF, 0xEC, 0xFF, 0xEC, 0xFF, 0xEC, 0xFF,
    0xEC, 0xFF, 0xEC, 0xFF, 0xEC, 0xFF, 0xEC, 0xFF,
    0xEC, 0xFE, 0xEC, 0xFE, 0xEC, 0xFE, 0xEC, 0xFE,
    0xEC, 0xFE, 0xEC, 0xFE, 0xEC, 0xFE, 0xEC, 0xFE,
    0xEC, 0xFE, 0xEC, 0xFE, 0xEC, 0xFE, 0xEC, 0xFE,
    0xEC, 0xFD, 0xEC, 0xFD, 0xEC, 0xFD, 0xEC, 0xFD,
    0xEC, 0xFD, 0xEC, 0xFD, 0xEC, 0xFD, 0xEC, 0xFD,
    0xEC, 0xFD, 0xEC, 0xFD, 0xEC, 0xFD, 0xEC, 0xFD,
    0xEC, 0xFC, 0xEC, 0xFC, 0xEC, 0xFC, 0xEC, 0xFC,
    0xEC, 0xFC, 0xEC, 0xFC, 0xEC, 0xFC, 0xEC, 0xFC,
    0xEB, 0xFC, 0xEC, 0xFC, 0xEC, 0xFC, 0xEC, 0xFC,
    0xEC, 0xFC, 0xEC, 0xFC, 0xEC, 0xFB, 0xEC, 0xFB,
    0xEC, 0xFB, 0xEC, 0xFB, 0xEC, 0xFB, 0xEC, 0xFB,
    0xED, 0xFB, 0xED, 0xFB, 0xED, 0xFC, 0xED, 0xFB,
    0xED, 0xFB, 0xED, 0xFB, 0xED, 0xFB, 0xED, 0xFB,
    0xED, 0xFC, 0xED, 0xFC, 0xED, 0xFB, 0xEE, 0xFB,
    0xEE, 0xFB, 0xEE, 0xFB, 0xEE, 0xFC, 0xEE, 0xFB,
    0xEE, 0xFC, 0xEE, 0xFB, 0xEE, 0xFB, 0xEE, 0xFC,
    0xEE, 0xFB, 0xEF, 0xFB, 0xEF, 0xFB, 0xEF, 0xFB,
    0xEF, 0xFB, 0xEF, 0xFB, 0xEF, 0xFB, 0xEF, 0xFB,
    0xEF, 0xFB, 0xEF, 0xFB, 0xEF, 0xFB, 0xEF, 0xFB,
    0xEF, 0xFB, 0xEF, 0xFB, 0xEF, 0xFB, 0xEF, 0xFB,
    0xEF, 0xFB, 0xEF, 0xFB, 0xEF, 0xFB, 0xEF, 0xFB,
    0xEF, 0xFB, 0xDF, 0xFB, 0xDF, 0xFB, 0xDF, 0xFB,
    0xDF, 0xFB, 0xDF, 0xFB, 0xDF, 0xFB, 0xDF, 0xFB,
    0xDF, 0xFB, 0xDF, 0xFB, 0xDF, 0xFB, 0xCF, 0xFB,
    0xDF, 0xFB, 0xCF, 0xFB, 0xCF, 0xFB, 0xCF, 0xFB,
    0xCF, 0xFC, 0xCF, 0xFC, 0xCF, 0xFB, 0xCF, 0xFB,
    0xCF, 0xFB, 0xBF, 0xFB, 0xBF, 0xFB, 0xBF, 0xFB,
    0xBF, 0xFB, 0xBF, 0xFB, 0xBF, 0xFB, 0xBF, 0xFB,
    0xBF, 0xFB, 0xBF, 0xFB, 0xBF, 0xFB, 0xBF, 0xFB,
    0xBF, 0xFC, 0xBF, 0xFC, 0xAF, 0xFC, 0xAF, 0xFC,
    0xAF, 0xFC, 0xAF, 0xFC, 0xAF, 0xFC, 0xAF, 0xFC,
    0xAF, 0xFC, 0xAF, 0xFC, 0xAF, 0xFC, 0xAF, 0xFC,
    0xAF, 0xFD, 0xAF, 0xFD, 0xAF, 0xFD, 0xAF, 0xFD,
    0xAF, 0xFD, 0xAF, 0xFD, 0xAF, 0xFD, 0xAF, 0xFD,
    0xAF, 0xFD, 0xAF, 0xFD, 0xAF, 0xFD, 0xAF, 0xFE,
    0xAF, 0xFE, 0xAF, 0xFE, 0xAF, 0xFE, 0xAF, 0xFE,
    0xAF, 0xFE, 0xAF, 0xFE, 0xAF, 0xFE, 0xAF, 0xFE,
    0xAF, 0xFE, 0xAF, 0xFE, 0xAF, 0xFF, 0xAF, 0xFF,
    0xAF, 0xFF, 0xAF, 0xFF, 0xAF, 0xFF, 0xAF, 0xFF,
    0xAF, 0xFF, 0xAF, 0xFF, 0xAF, 0xFF, 0xAF, 0xFF,
    0xAF, 0xFF, 0xAF, 0xFF, 0xAF, 0xFF, 0xAF, 0xFF,
    0xAF, 0xFF, 0xAF, 0xFF, 0xAF, 0xFF, 0xAF, 0xFF,
    0xAF, 0xFF, 0xAF, 0xFF, 0xAF, 0xFF, 0xAE, 0xFF,
    0xAE, 0xFF, 0xAE, 0xFF, 0xAE, 0xFF, 0xAE, 0xFF,
    0xAE, 0xFF, 0xAE, 0xFF, 0xAE, 0xFF, 0xAE, 0xFF,
    0xAE, 0xFF, 0xAD, 0xFF, 0xAD, 0xFF, 0xAD, 0xFF,
    0xAD, 0xFF, 0xAD, 0xFF, 0xAD, 0xFF, 0xAD, 0xFF,
    0xAD, 0xFF, 0xAD, 0xFF, 0xAD, 0xFF, 0xAC, 0xFF,
    0xAC, 0xFF, 0xAC, 0xFF, 0xAC, 0xFF, 0xAC, 0xFF,
    0xAC, 0xFF, 0xAC, 0xFF, 0xAC, 0xFF, 0xAC, 0xFF,
    0xAC, 0xFF, 0xAC, 0xFF, 0xAB, 0xFF, 0xAB, 0xFF,
    0xAB, 0xFF, 0xBB, 0xFF, 0xBB, 0xFF, 0xBB, 0xFF,
    0xBB, 0xFF, 0xBB, 0xFF, 0xBB, 0xFF, 0xBB, 0xFF,
    0xBB, 0xFF, 0xBB, 0xFF, 0xCB, 0xFF, 0xCB, 0xFF,
    0xCB, 0xFF, 0xCB, 0xFF, 0xCB, 0xFF, 0xCB, 0xFF,
    0xCB, 0xFF, 0xCB, 0xFF, 0xCB, 0xFF, 0xCB, 0xFF,
    0xCB, 0xFF, 0xCB, 0xFF, 0xDB, 0xFF, 0xDB, 0xFF,
    0xDB, 0xFF, 0xDB, 0xFF, 0xDB, 0xFF, 0xDB, 0xFF,
    0xDB, 0xFF, 0xDB, 0xFF, 0xDB, 0xFF, 0xEB, 0xFF,
    0xEB, 0xFF, 0xEB, 0xFF, 0xEB, 0xFF, 0xEB, 0xFF,
    0xEB, 0xFF, 0xEB, 0xFF, 0xEB, 0xFF, 0xEB, 0xFF,
    0xEB, 0xFF, 0xEB, 0xFF, 0xEB, 0xFF, 0xEB, 0xFF,
    0xEB, 0xFF, 0xEB, 0xFF, 0xEB, 0xFF, 0xEB, 0xFF,
    0xEB, 0xFF, 0xEB, 0xFF, 0xEB, 0xFF, 0xEB, 0xFE,
    0xEB, 0xFE, 0xEB, 0xFE, 0xEB, 0xFE, 0xEB, 0xFE,
    0xEB, 0xFE, 0xEB, 0xFE, 0xEB, 0xFE, 0xEB, 0xFE,
    0xEB, 0xFE, 0xEB, 0xFE, 0xEB, 0xFD, 0xEB, 0xFD,
    0xEB, 0xFD, 0xEB, 0xFD, 0xEB, 0xFD, 0xEB, 0xFD,
    0xEB, 0xFD, 0xEB, 0xFD, 0xEB, 0xFD, 0xEB, 0xFC,
    0xEB, 0xFC, 0xEB, 0xFC, 0xEB, 0xFC, 0xEB, 0xFC,
    0xEB, 0xFC, 0xEB, 0xFC, 0xEB, 0xFC, 0xEB, 0xFC,
    0xEB, 0xFC, 0xEB, 0xFC, 0xEB, 0xFC, 0xEB, 0xFC,
    0xEB, 0xFB, 0xEB, 0xFC, 0xEC, 0xFC, 0xEC, 0xFB,
    0xEC, 0xFB, 0xEC, 0xFB, 0xEC, 0xFB, 0xEC, 0xFB,
    0xEC, 0xFB, 0xEC, 0xFB, 0xEC, 0xFB, 0xEC, 0xFB,
    0xED, 0xFB, 0xED, 0xFB, 0xED, 0xFB, 0xED, 0xFB,
    0xED, 0xFB, 0xED, 0xFB, 0xED, 0xFB, 0xED, 0xFB,
    0xED, 0xFB, 0xED, 0xFB, 0xED, 0xFB, 0xEE, 0xFB,
    0xEE, 0xFB, 0xEE, 0xFB, 0xEE, 0xFB, 0xEE, 0xFB,
    0xEE, 0xFB, 0xEE, 0xFB, 0xEE, 0xFB, 0xEE, 0xFB,
    0xEE, 0xFB, 0xEF, 0xFB, 0xEF, 0xFB, 0xEF, 0xFB,
    0xEF, 0xFB, 0xEF, 0xFB, 0xEF, 0xFB, 0xEF, 0xFB,
    0xEF, 0xFB, 0xEF, 0xFB, 0xEF, 0xFB, 0xEF, 0xFB,
    0xEF, 0xFB, 0xEF, 0xFB, 0xEF, 0xFB, 0xEF, 0xFB,
    0xEF, 0xFB, 0xEF, 0xFB, 0xEF, 0xFB, 0xEF, 0xFB,
    0xDF, 0xFB, 0xDF, 0xFB, 0xDF, 0xFB, 0xDF, 0xFB,
    0xDF, 0xFB, 0xDF, 0xFB, 0xDF, 0xFB, 0xDF, 0xFB,
    0xDF, 0xFB, 0xDF, 0xFB, 0xDF, 0xFB, 0xCF, 0xFB,
    0xCF, 0xFB, 0xCF, 0xFB, 0xCF, 0xFB, 0xCF, 0xFB,
    0xCF, 0xFB, 0xCF, 0xFB, 0xCF, 0xFB, 0xCF, 0xFB,
    0xBF, 0xFB, 0xBF, 0xFB, 0xBF, 0xFB, 0xBF, 0xFB,
    0xBF, 0xFB, 0xBF, 0xFB, 0xBF, 0xFB, 0xBF, 0xFB,
    0xBF, 0xFB, 0xBF, 0xFB, 0xBF, 0xFB, 0xBF, 0xFB,
    0xAF, 0xFB, 0xAF, 0xFC, 0xAF, 0xFC, 0xAF, 0xFC,
    0xAF, 0xFC, 0xAF, 0xFC, 0xAF, 0xFC, 0xAF, 0xFC,
    0xAF, 0xFC, 0xAF, 0xFC, 0xAF, 0xFC, 0xAF, 0xFC,
    0xAF, 0xFC, 0xAF, 0xFC, 0xAF, 0xFD, 0xAF, 0xFD,
    0xAF, 0xFD, 0xAF, 0xFD, 0xAF, 0xFD, 0xAF, 0xFD,
    0xAF, 0xFD, 0xAF, 0xFD, 0xAF, 0xFD, 0xAF, 0xFE,
    0xAF, 0xFE, 0xAF, 0xFD, 0xAF, 0xFE, 0xAF, 0xFE,
    0xAF, 0xFE, 0xAF, 0xFE, 0xAF, 0xFE, 0xAF, 0xFE,
    0xAF, 0xFE, 0xAF, 0xFF, 0xAF, 0xFF, 0xAF, 0xFF,
    0xAF, 0xFF, 0xAF, 0xFF, 0xAF, 0xFF, 0xAF, 0xFF,
    0xAF, 0xFF, 0xAF, 0xFF, 0xAF, 0xFF, 0xAF, 0xFF,
    0xAF, 0xFF, 0xAF, 0xFF, 0xAF, 0xFF, 0xAF, 0xFF,
    0xAF, 0xFF, 0xAF, 0xFF, 0xAF, 0xFF, 0xAF, 0xFF,
    0xAF, 0xFF, 0xAF, 0xFF, 0xAF, 0xFF, 0xAE, 0xFF,
    0xAE, 0xFF, 0xAE, 0xFF, 0xAE, 0xFF, 0xAE, 0xFF,
    0xAE, 0xFF, 0xAE, 0xFF, 0xAE, 0xFF, 0xAE, 0xFF,
    0xAD, 0xFF, 0xAD, 0xFF, 0xAD, 0xFF, 0xAD, 0xFF,
    0xAD, 0xFF, 0xAD, 0xFF, 0xAD, 0xFF, 0xAD, 0xFF,
    0xAD, 0xFF, 0xAD, 0xFF, 0xAC, 0xFF, 0xAC, 0xFF,
    0xAC, 0xFF, 0xAC, 0xFF, 0xAC, 0xFF, 0xAC, 0xFF,
    0xAC, 0xFF, 0xAC, 0xFF, 0xAC, 0xFF, 0xAC, 0xFF,
    0xAC, 0xFF, 0xAB, 0xFF, 0xAB, 0xFF, 0xAB, 0xFF,
    0xAB, 0xFF, 0xAB, 0xFF, 0xBB, 0xFF, 0xBB, 0xFF,
    0xBB, 0xFF, 0xBB, 0xFF, 0xBB, 0xFF, 0xBB, 0xFF,
    0xBB, 0xFF, 0xBB, 0xFF, 0xCB, 0xFF, 0xCB, 0xFF,
    0xCB, 0xFF, 0xCB, 0xFF, 0xCB, 0xFF, 0xCB, 0xFF,
    0xCB, 0xFF, 0xCB, 0xFF, 0xCB, 0xFF, 0xCB, 0xFF,
    0xCB, 0xFF, 0xCB, 0xFF, 0xDB, 0xFF, 0xDB, 0xFF,
    0xDB, 0xFF, 0xDB, 0xFF, 0xDB, 0xFF, 0xDB, 0xFF,
    0xDB, 0xFF, 0xDB, 0xFF, 0xDB, 0xFF, 0xEB, 0xFF,
    0xEB, 0xFF, 0xEB, 0xFF, 0xEB, 0xFF, 0xEB, 0xFF,
    0xEB, 0xFF, 0xEB, 0xFF, 0xEB, 0xFF, 0xEB, 0xFF,
    0xEB, 0xFF, 0xEB, 0xFF, 0xEB, 0xFF, 0xEB, 0xFF,
    0xEB, 0xFF, 0xEB, 0xFF, 0xEB, 0xFF, 0xEB, 0xFF,
    0xEB, 0xFF, 0xEB, 0xFF, 0xEB, 0xFF, 0xEB, 0xFE,
    0xEB, 0xFE, 0xEB, 0xFE, 0xEB, 0xFE, 0xEB, 0xFE,
    0xEB, 0xFE, 0xEB, 0xFE, 0xEB, 0xFE, 0xEB, 0xFE,
    0xEB, 0xFE, 0xEB, 0xFE, 0xEB, 0xFD, 0xEB, 0xFD,
    0xEB, 0xFD, 0xEB, 0xFD, 0xEB, 0xFD, 0xEB, 0xFD,
    0xEB, 0xFD, 0xEB, 0xFD, 0xEB, 0xFD, 0xEB, 0xFC,
    0xEB, 0xFC, 0xEB, 0xFC, 0xEB, 0xFC, 0xEB, 0xFC,
    0xEB, 0xFC, 0xEB, 0xFC, 0xEB, 0xFC, 0xEB, 0xFC,
    0xEB, 0xFC, 0xEB, 0xFC, 0xEB, 0xFC, 0xEB, 0xFC,
    0xEB, 0xFB, 0xEB, 0xFB, 0xEB, 0xFB, 0xEC, 0xFB,
    0xEC, 0xFB, 0xEC, 0xFB, 0xEC, 0xFB, 0xEC, 0xFB,
    0xEC, 0xFB, 0xEC, 0xFB, 0xEC, 0xFB, 0xEC, 0xFB,
    0xEC, 0xFB, 0xED, 0xFB, 0xED, 0xFB, 0xED, 0xFB,
    0xED, 0xFB, 0xED, 0xFB, 0xED, 0xFB, 0xED, 0xFB,
    0xED, 0xFB, 0xED, 0xFB, 0xED, 0xFB, 0xED, 0xFB,
    0xEE, 0xFB, 0xEE, 0xFB, 0xEE, 0xFB, 0xEE, 0xFB,
    0xEE, 0xFB, 0xEE, 0xFB, 0xEE, 0xFB, 0xEE, 0xFB,
    0xEE, 0xFB, 0xEE, 0xFB, 0xEF, 0xFB, 0xEF, 0xFB,
    0xEF, 0xFB, 0xEF, 0xFB, 0xEF, 0xFB, 0xEF, 0xFB,
    0xEF, 0xFB, 0xEF, 0xFB, 0xEF, 0xFB, 0xEF, 0xFB,
    0xEF, 0xFB, 0xEF, 0xFB, 0xEF, 0xFB, 0xEF, 0xFB,
    0xEF, 0xFB, 0xEF, 0xFB, 0xEF, 0xFB, 0xEF, 0xFB,
    0xDF, 0xFB, 0xDF, 0xFB, 0xDF, 0xFB, 0xDF, 0xFB,
    0xDF, 0xFB, 0xDF, 0xFB, 0xDF, 0xFB, 0xDF, 0xFB,
    0xDF, 0xFB, 0xDF, 0xFB, 0xCF, 0xFB, 0xCF, 0xFB,
    0xCF, 0xFB, 0xCF, 0xFB, 0xCF, 0xFB, 0xCF, 0xFB,
    0xCF, 0xFB, 0xCF, 0xFB, 0xCF, 0xFB, 0xBF, 0xFB,
    0xBF, 0xFB, 0xBF, 0xFB, 0xBF, 0xFB, 0xBF, 0xFB,
    0xBF, 0xFB, 0xBF, 0xFB, 0xBF, 0xFB, 0xBF, 0xFB,
    0xBF, 0xFB, 0xBF, 0xFB, 0xBF, 0xFB, 0xAF, 0xFB,
    0xAF, 0xFB, 0xAF, 0xFB, 0xAF, 0xFB, 0xAF, 0xFC,
    0xAF, 0xFC, 0xAF, 0xFC, 0xAF, 0xFC, 0xAF, 0xFC,
    0xAF, 0xFC, 0xAF, 0xFC, 0xAF, 0xFC, 0xAF, 0xFC,
    0xAF, 0xFC, 0xAF, 0xFC, 0xAF, 0xFC, 0xAF, 0xFD,
    0xAF, 0xFD, 0xAF, 0xFD, 0xAF, 0xFD, 0xAF, 0xFD,
    0xAF, 0xFD, 0xAF, 0xFD, 0xAF, 0xFD, 0xAF, 0xFD,
    0xAF, 0xFE, 0xAF, 0xFD, 0xAF, 0xFD, 0xAF, 0xFE,
    0xAF, 0xFE, 0xAF, 0xFE, 0xAF, 0xFE, 0xAF, 0xFE,
    0xAF, 0xFE, 0xAF, 0xFE, 0xAF, 0xFF, 0xAF, 0xFF,
    0xAF, 0xFF, 0xAF, 0xFF, 0xAF, 0xFF, 0xAF, 0xFF,
    0xAF, 0xFF, 0xAF, 0xFF, 0xAF, 0xFF, 0xAF, 0xFF,
    0xAF, 0xFF, 0xAF, 0xFF, 0xAF, 0xFF, 0xAF, 0xFF,
    0xAF, 0xFF, 0xAF, 0xFF, 0xAF, 0xFF, 0xAF, 0xFF,
    0xAF, 0xFF, 0xAF, 0xFF, 0xAE, 0xFF, 0xAE, 0xFF,
    0xAE, 0xFF, 0xAE, 0xFF, 0xAE, 0xFF, 0xAE, 0xFF,
    0xAE, 0xFF, 0xAE, 0xFF, 0xAE, 0xFF, 0xAE, 0xFF,
    0xAD, 0xFF, 0xAD, 0xFF, 0xAD, 0xFF, 0xAD, 0xFF,
    0xAD, 0xFF, 0xAD, 0xFF, 0xAD, 0xFF, 0xAD, 0xFF,
    0xAD, 0xFF, 0xAC, 0xFF, 0xAC, 0xFF, 0xAC, 0xFF,
    0xAC, 0xFF, 0xAC, 0xFF, 0xAC, 0xFF, 0xAC, 0xFF,
    0xAC, 0xFF, 0xAC, 0xFF, 0xAC, 0xFF, 0xAC, 0xFF,
    0xAB, 0xFF, 0xAB, 0xFF, 0xAB, 0xFF, 0xAB, 0xFF,
    0xAB, 0xFF, 0xAB, 0xFF, 0xAB, 0xFF, 0xBB, 0xFF,
    0xBB, 0xFF, 0xBB, 0xFF, 0xBB, 0xFF, 0xBB, 0xFF,
    0xBB, 0xFF, 0xBB, 0xFF, 0xBB, 0xFF, 0xCB, 0xFF,
    0xCB, 0xFF, 0xCB, 0xFF, 0xCB, 0xFF, 0xCB, 0xFF,
    0xCB, 0xFF, 0xCB, 0xFF, 0xCB, 0xFF, 0xCB, 0xFF,
    0xCB, 0xFF, 0xCB, 0xFF, 0xCB, 0xFF, 0xDB, 0xFF,
    0xDB, 0xFF, 0xDB, 0xFF, 0xDB, 0xFF, 0xDB, 0xFF,
    0xDB, 0xFF, 0xDB, 0xFF, 0xDB, 0xFF, 0xDB, 0xFF,
    0xEB, 0xFF, 0xEB, 0xFF, 0xEB, 0xFF, 0xEB, 0xFF,
    0xEB, 0xFF, 0xEB, 0xFF, 0xEB, 0xFF, 0xEB, 0xFF,
    0xEB, 0xFF, 0xEB, 0xFF, 0xEB, 0xFF, 0xEB, 0xFF,
    0xEB, 0xFF, 0xEB, 0xFF, 0xEB, 0xFF, 0xEB, 0xFF,
    0xEB, 0xFF, 0xEB, 0xFF, 0xEB, 0xFE, 0xEB, 0xFE,
    0xEB, 0xFE, 0xEB, 0xFE, 0xEB, 0xFE, 0xEB, 0xFE,
    0xEB, 0xFE, 0xEB, 0xFE, 0xEB, 0xFE, 0xEB, 0xFE,
    0xEB, 0xFE, 0xEB, 0xFD, 0xEB, 0xFD, 0xEB, 0xFD,
    0xEB, 0xFD, 0xEB, 0xFD, 0xEB, 0xFD, 0xEB, 0xFD,
    0xEB, 0xFD, 0xEB, 0xFD, 0xEB, 0xFD, 0xEB, 0xFC,
    0xEB, 0xFC, 0xEB, 0xFC, 0xEB, 0xFC, 0xEB, 0xFC,
    0xEB, 0xFC, 0xEB, 0xFC, 0xEB, 0xFC, 0xEB, 0xFC,
    0xEB, 0xFC, 0xEB, 0xFB, 0xEB, 0xFB, 0xEB, 0xFB,
    0xEB, 0xFB, 0xEB, 0xFB, 0xEB, 0xFB, 0xEB, 0xFB,
    0xEC, 0xFB, 0xEC, 0xFB, 0xEC, 0xFB, 0xEC, 0xFB,
    0xEC, 0xFB, 0xEC, 0xFB, 0xEC, 0xFB, 0xEC, 0xFB,
    0xEC, 0xFB, 0xEC, 0xFB, 0xED, 0xFB, 0xED, 0xFB,
    0xED, 0xFB, 0xED, 0xFB, 0xED, 0xFB, 0xED, 0xFB,
    0xED, 0xFB, 0xED, 0xFB, 0xED, 0xFB, 0xED, 0xFB,
    0xEE, 0xFB, 0xEE, 0xFB, 0xEE, 0xFB, 0xEE, 0xFB,
    0xEE, 0xFB, 0xEE, 0xFB, 0xEE, 0xFB, 0xEE, 0xFB,
    0xEE, 0xFB, 0xEE, 0xFB, 0xEF, 0xFB, 0xEF, 0xFB,
    0xEF, 0xFB, 0xEF, 0xFB, 0xEF, 0xFB, 0xEF, 0xFB,
    0xEF, 0xFB, 0xEF, 0xFB, 0xEF, 0xFB, 0xEF, 0xFB,
    0xEF, 0xFB, 0xEF, 0xFB, 0xEF, 0xFB, 0xEF, 0xFB,
    0xEF, 0xFB, 0xEF, 0xFB, 0xEF, 0xFB, 0xEF, 0xFB,
    0xDF, 0xFB, 0xDF, 0xFB, 0xDF, 0xFB, 0xDF, 0xFB,
    0xDF, 0xFB, 0xDF, 0xFB, 0xDF, 0xFB, 0xDF, 0xFB,
    0xDF, 0xFB, 0xCF, 0xFB, 0xCF, 0xFB, 0xCF, 0xFB,
    0xCF, 0xFB, 0xCF, 0xFB, 0xCF, 0xFB, 0xCF, 0xFB,
    0xCF, 0xFB, 0xCF, 0xFB, 0xCF, 0xFB, 0xBF, 0xFB,
    0xBF, 0xFB, 0xBF, 0xFB, 0xBF, 0xFB, 0xBF, 0xFB,
    0xBF, 0xFB, 0xBF, 0xFB, 0xBF, 0xFB, 0xBF, 0xFB,
    0xBF, 0xFB, 0xBF, 0xFB, 0xAF, 0xFB, 0xAF, 0xFB,
    0xAF, 0xFB, 0xAF, 0xFB, 0xAF, 0xFB, 0xAF, 0xFB,
    0xAF, 0xFB, 0xAF, 0xFC, 0xAF, 0xFC, 0xAF, 0xFC,
    0xAF, 0xFC, 0xAF, 0xFC, 0xAF, 0xFC, 0xAF, 0xFC,
    0xAF, 0xFC, 0xAF, 0xFC, 0xAF, 0xFC, 0xAF, 0xFD,
    0xAF, 0xFD, 0xAF, 0xFD, 0xAF, 0xFD, 0xAF, 0xFD,
    0xAF, 0xFD, 0xAF, 0xFD, 0xAF, 0xFD, 0xAF, 0xFD,
    0xAF, 0xFD, 0xAF, 0xFD, 0xAF, 0xFD, 0xAF, 0xFE,
    0xAF, 0xFE, 0xAF, 0xFE, 0xAF, 0xFE, 0xAF, 0xFE,
    0xAF, 0xFE, 0xAF, 0xFE, 0xAF, 0xFF, 0xAF, 0xFF,
    0xAF, 0xFF, 0xAF, 0xFF, 0xAF, 0xFF, 0xAF, 0xFF,
    0xAF, 0xFF, 0xAF, 0xFF, 0xAF, 0xFF, 0xAF, 0xFF,
    0xAF, 0xFF, 0xAF, 0xFF, 0xAF, 0xFF, 0xAF, 0xFF,
    0xAF, 0xFF, 0xAF, 0xFF, 0xAF, 0xFF, 0xAF, 0xFF,
    0xAF, 0xFF, 0xAF, 0xFF, 0xAE, 0xFF, 0xAE, 0xFF,
    0xAE, 0xFF, 0xAE, 0xFF, 0xAE, 0xFF, 0xAE, 0xFF,
    0xAE, 0xFF, 0xAE, 0xFF, 0xAE, 0xFF, 0xAD, 0xFF,
    0xAD, 0xFF, 0xAD, 0xFF, 0xAD, 0xFF, 0xAD, 0xFF,
    0xAD, 0xFF, 0xAD, 0xFF, 0xAD, 0xFF, 0xAD, 0xFF,
    0xAC, 0xFF, 0xAC, 0xFF, 0xAC, 0xFF, 0xAC, 0xFF,
    0xAC, 0xFF, 0xAC, 0xFF, 0xAC, 0xFF, 0xAC, 0xFF,
    0xAC, 0xFF, 0xAC, 0xFF, 0xAC, 0xFF, 0xAB, 0xFF,
    0xAB, 0xFF, 0xAB, 0xFF, 0xAB, 0xFF, 0xAB, 0xFF,
    0xAB, 0xFF, 0xAB, 0xFF, 0xAB, 0xFF, 0xAB, 0xFF,
    0xBB, 0xFF, 0xBB, 0xFF, 0xBB, 0xFF, 0xBB, 0xFF,
    0xBB, 0xFF, 0xBB, 0xFF, 0xBB, 0xFF, 0xBB, 0xFF,
    0xCB, 0xFF, 0xCB, 0xFF, 0xCB, 0xFF, 0xCB, 0xFF,
    0xCB, 0xFF, 0xCB, 0xFF, 0xCB, 0xFF, 0xCB, 0xFF,
    0xCB, 0xFF, 0xCB, 0xFF, 0xCB, 0xFF, 0xCB, 0xFF,
    0xDB, 0xFF, 0xDB, 0xFF, 0xDB, 0xFF, 0xDB, 0xFF,
    0xDB, 0xFF, 0xDB, 0xFF, 0xDB, 0xFF, 0xDB, 0xFF,
    0xEB, 0xFF, 0xEB, 0xFF, 0xEB, 0xFF, 0xEB, 0xFF,
    0xEB, 0xFF, 0xEB, 0xFF, 0xEB, 0xFF, 0xEB, 0xFF,
    0xEB, 0xFF, 0xEB, 0xFF, 0xEB, 0xFF, 0xEB, 0xFF,
    0xEB, 0xFF, 0xEB, 0xFF, 0xEB, 0xFF, 0xEB, 0xFF,
    0xEB, 0xFF, 0xEB, 0xFF, 0xEB, 0xFE, 0xEB, 0xFE,
    0xEB, 0xFE, 0xEB, 0xFE, 0xEB, 0xFE, 0xEB, 0xFE,
    0xEB, 0xFE, 0xEB, 0xFE, 0xEB, 0xFE, 0xEB, 0xFE,
    0xEB, 0xFD, 0xEB, 0xFD, 0xEB, 0xFD, 0xEB, 0xFD,
    0xEB, 0xFD, 0xEB, 0xFD, 0xEB, 0xFD, 0xEB, 0xFD,
    0xEB, 0xFD, 0xEB, 0xFD, 0xEB, 0xFD, 0xEB, 0xFC,
    0xEB, 0xFC, 0xEB, 0xFC, 0xEB, 0xFC, 0xEB, 0xFC,
    0xEB, 0xFC, 0xEB, 0xFC, 0xEB, 0xFC, 0xEB, 0xFC,
    0xEB, 0xFB, 0xEB, 0xFB, 0xEB, 0xFB, 0xEB, 0xFB,
    0xEB, 0xFB, 0xEB, 0xFB, 0xEB, 0xFB, 0xEB, 0xFB,
    0xEB, 0xFB, 0xEB, 0xFB, 0xEC, 0xFB, 0xEC, 0xFB,
    0xEC, 0xFB, 0xEC, 0xFB, 0xEC, 0xFB, 0xEC, 0xFB,
    0xEC, 0xFB, 0xEC, 0xFB, 0xEC, 0xFB, 0xED, 0xFB,
    0xED, 0xFB, 0xED, 0xFB, 0xED, 0xFB, 0xED, 0xFB,
    0xED, 0xFB, 0xED, 0xFB, 0xED, 0xFB, 0xED, 0xFB,
    0xED, 0xFB, 0xEE, 0xFB, 0xEE, 0xFB, 0xEE, 0xFB,
    0xEE, 0xFB, 0xEE, 0xFB, 0xEE, 0xFB, 0xEE, 0xFB,
    0xEE, 0xFB, 0xEE, 0xFB, 0xEF, 0xFB, 0xEF, 0xFB,
    0xEF, 0xFB, 0xEF, 0xFB, 0xEF, 0xFB, 0xEF, 0xFB,
    0xEF, 0xFB, 0xEF, 0xFB, 0xEF, 0xFB, 0xEF, 0xFB,
    0xEF, 0xFB, 0xEF, 0xFB, 0xEF, 0xFB, 0xEF, 0xFB,
    0xEF, 0xFB, 0xEF, 0xFB, 0xEF, 0xFB, 0xDF, 0xFB,
    0xDF, 0xFB, 0xDF, 0xFB, 0xDF, 0xFB, 0xDF, 0xFB,
    0xDF, 0xFB, 0xDF, 0xFB, 0xDF, 0xFB, 0xDF, 0xFB,
    0xDF, 0xFB, 0xCF, 0xFB, 0xCF, 0xFB, 0xCF, 0xFB,
    0xCF, 0xFB, 0xCF, 0xFB, 0xCF, 0xFB, 0xCF, 0xFB,
    0xCF, 0xFB, 0xCF, 0xFB, 0xBF, 0xFB, 0xBF, 0xFB,
    0xBF, 0xFB, 0xBF, 0xFB, 0xBF, 0xFB, 0xBF, 0xFB,
    0xBF, 0xFB, 0xBF, 0xFB, 0xBF, 0xFB, 0xBF, 0xFB,
    0xBF, 0xFB, 0xAF, 0xFB, 0xAF, 0xFB, 0xAF, 0xFB,
    0xAF, 0xFB, 0xAF, 0xFB, 0xAF, 0xFB, 0xAF, 0xFB,
    0xAF, 0xFB, 0xAF, 0xFB, 0xAF, 0xFB, 0xAF, 0xFC,
    0xAF, 0xFC, 0xAF, 0xFC, 0xAF, 0xFC, 0xAF, 0xFC,
    0xAF, 0xFC, 0xAF, 0xFC, 0xAF, 0xFC, 0xAF, 0xFC,
    0xAF, 0xFD, 0xAF, 0xFD, 0xAF, 0xFD, 0xAF, 0xFD,
    0xAF, 0xFD, 0xAF, 0xFD, 0xAF, 0xFD, 0xAF, 0xFD,
    0xAF, 0xFD, 0xAF, 0xFD, 0xAF, 0xFD, 0xAF, 0xFE,
    0xAF, 0xFE, 0xAF, 0xFE, 0xAF, 0xFE, 0xAF, 0xFE,
    0xAF, 0xFE, 0xAF, 0xFE, 0xAF, 0xFF, 0xAF, 0xFF,
    0xAF, 0xFF, 0xAF, 0xFF, 0xAF, 0xFF, 0xAF, 0xFF,
    0xAF, 0xFF, 0xAF, 0xFF, 0xAF, 0xFF, 0xAF, 0xFF,
    0xAF, 0xFF, 0xAF, 0xFF, 0xAF, 0xFF, 0xAF, 0xFF,
    0xAF, 0xFF, 0xAF, 0xFF, 0xAF, 0xFF, 0xAF, 0xFF,
    0xAF, 0xFF, 0xAE, 0xFF, 0xAE, 0xFF, 0xAE, 0xFF,
    0xAE, 0xFF, 0xAE, 0xFF, 0xAE, 0xFF, 0xAE, 0xFF,
    0xAE, 0xFF, 0xAE, 0xFF, 0xAE, 0xFF, 0xAD, 0xFF,
    0xAD, 0xFF, 0xAD, 0xFF, 0xAD, 0xFF, 0xAD, 0xFF,
    0xAD, 0xFF, 0xAD, 0xFF, 0xAD, 0xFF, 0xAC, 0xFF,
    0xAC, 0xFF, 0xAC, 0xFF, 0xAC, 0xFF, 0xAC, 0xFF,
    0xAC, 0xFF, 0xAC, 0xFF, 0xAC, 0xFF, 0xAC, 0xFF,
    0xAC, 0xFF, 0xAB, 0xFF, 0xAB, 0xFF, 0xAB, 0xFF,
    0xAB, 0xFF, 0xAB, 0xFF, 0xAB, 0xFF, 0xAB, 0xFF,
    0xAB, 0xFF, 0xAB, 0xFF, 0xAB, 0xFF, 0xAB, 0xFF,
    0xAB, 0xFF, 0xBB, 0xFF, 0xBB, 0xFF, 0xBB, 0xFF,
    0xBB, 0xFF, 0xBB, 0xFF, 0xBB, 0xFF, 0xBB, 0xFF,
    0xBB, 0xFF, 0xCB, 0xFF, 0xBB, 0xFF, 0xCB, 0xFF,
    0xCB, 0xFF, 0xCB, 0xFF, 0xCB, 0xFF, 0xCB, 0xFF,
    0xCB, 0xFF, 0xCB, 0xFF, 0xCB, 0xFF, 0xCB, 0xFF,
    0xDB, 0xFF, 0xDB, 0xFF, 0xDB, 0xFF, 0xDB, 0xFF,
    0xDB, 0xFF, 0xDB, 0xFF, 0xDB, 0xFF, 0xDB, 0xFF,
    0xDB, 0xFF, 0xEB, 0xFF, 0xEB, 0xFF, 0xEB, 0xFF,
    0xEB, 0xFF, 0xEB, 0xFF, 0xEB, 0xFF, 0xEB, 0xFF,
    0xEB, 0xFF, 0xEB, 0xFF, 0xEB, 0xFF, 0xEB, 0xFF,
    0xEB, 0xFF, 0xEB, 0xFF, 0xEB, 0xFF, 0xEB, 0xFF,
    0xEB, 0xFF, 0xEB, 0xFF, 0xEB, 0xFE, 0xEB, 0xFE,
    0xEB, 0xFE, 0xEB, 0xFE, 0xEB, 0xFE, 0xEB, 0xFE,
    0xEB, 0xFE, 0xEB, 0xFE, 0xEB, 0xFE, 0xEB, 0xFD,
    0xEB, 0xFD, 0xEB, 0xFD, 0xEB, 0xFD, 0xEB, 0xFD,
    0xEB, 0xFD, 0xEB, 0xFD, 0xEB, 0xFD, 0xEB, 0xFD,
    0xEB, 0xFD, 0xEB, 0xFC, 0xEB, 0xFC, 0xEB, 0xFC,
    0xEB, 0xFC, 0xEB, 0xFC, 0xEB, 0xFC, 0xEB, 0xFC,
    0xEB, 0xFC, 0xEB, 0xFC, 0xEB, 0xFB, 0xEB, 0xFB,
    0xEB, 0xFB, 0xEB, 0xFB, 0xEB, 0xFB, 0xEB, 0xFB,
    0xEB, 0xFB, 0xEB, 0xFB, 0xEB, 0xFB, 0xEB, 0xFB,
    0xEB, 0xFB, 0xEB, 0xFB, 0xEB, 0xFB, 0xEC, 0xFB,
    0xEC, 0xFB, 0xEC, 0xFB, 0xEC, 0xFB, 0xEC, 0xFB,
    0xEC, 0xFB, 0xEC, 0xFB, 0xEC, 0xFB, 0xEC, 0xFB,
    0xED, 0xFB, 0xED, 0xFB, 0xED, 0xFB, 0xED, 0xFB,
    0xED, 0xFB, 0xED, 0xFB, 0xED, 0xFB, 0xED, 0xFB,
    0xED, 0xFB, 0xEE, 0xFB, 0xEE, 0xFB, 0xEE, 0xFB,
    0xEE, 0xFB, 0xEE, 0xFB, 0xEE, 0xFB, 0xEE, 0xFB,
    0xEE, 0xFB, 0xEE, 0xFB, 0xEF, 0xFB, 0xEF, 0xFB,
    0xEF, 0xFB, 0xEF, 0xFB, 0xEF, 0xFB, 0xEF, 0xFB,
    0xEF, 0xFB, 0xEF, 0xFB, 0xEF, 0xFB, 0xEF, 0xFB,
    0xEF, 0xFB, 0xEF, 0xFB, 0xEF, 0xFB, 0xEF, 0xFB,
    0xEF, 0xFB, 0xEF, 0xFB, 0xEF, 0xFB, 0xDF, 0xFB,
    0xDF, 0xFB, 0xDF, 0xFB, 0xDF, 0xFB, 0xDF, 0xFB,
    0xDF, 0xFB, 0xDF, 0xFB, 0xDF, 0xFB, 0xDF, 0xFB,
    0xDF, 0xFB, 0xCF, 0xFB, 0xCF, 0xFB, 0xCF, 0xFB,
    0xCF, 0xFB, 0xCF, 0xFB, 0xCF, 0xFB, 0xCF, 0xFB,
    0xCF, 0xFB, 0xCF, 0xFB, 0xBF, 0xFB, 0xBF, 0xFB,
    0xBF, 0xFB, 0xBF, 0xFB, 0xBF, 0xFB, 0xBF, 0xFB,
    0xBF, 0xFB, 0xBF, 0xFB, 0xAF, 0xFB, 0xAF, 0xFB,
    0xAF, 0xFB, 0xAF, 0xFB, 0xAF, 0xFB, 0xAF, 0xFB,
    0xAF, 0xFB, 0xAF, 0xFB, 0xAF, 0xFB, 0xAF, 0xFB,
    0xAF, 0xFB, 0xAF, 0xFB, 0xAF, 0xFB, 0xAF, 0xFB,
    0xAF, 0xFC, 0xAF, 0xFC, 0xAF, 0xFC, 0xAF, 0xFC,
    0xAF, 0xFC, 0xAF, 0xFC, 0xAF, 0xFC, 0xAF, 0xFC,
    0xAF, 0xFC, 0xAF, 0xFC, 0xAF, 0xFD, 0xAF, 0xFD,
    0xAF, 0xFD, 0xAF, 0xFD, 0xAF, 0xFD, 0xAF, 0xFD,
    0xAF, 0xFD, 0xAF, 0xFD, 0xAF, 0xFD, 0xAF, 0xFD,
    0xAF, 0xFE, 0xAF, 0xFE, 0xAF, 0xFE, 0xAF, 0xFE,
    0xAF, 0xFE, 0xAF, 0xFE, 0xAF, 0xFE, 0xAF, 0xFF,
    0xAF, 0xFF, 0xAF, 0xFF, 0xAF, 0xFF, 0xAF, 0xFF,
    0xAF, 0xFF, 0xAF, 0xFF, 0xAF, 0xFF, 0xAF, 0xFF,
    0xAF, 0xFF, 0xAF, 0xFF, 0xAF, 0xFF, 0xAF, 0xFF,
    0xAF, 0xFF, 0xAF, 0xFF, 0xAF, 0xFF, 0xAF, 0xFF,
    0xAF, 0xFF, 0xAE, 0xFF, 0xAE, 0xFF, 0xAE, 0xFF,
    0xAE, 0xFF, 0xAE, 0xFF, 0xAE, 0xFF, 0xAE, 0xFF,
    0xAE, 0xFF, 0xAE, 0xFF, 0xAD, 0xFF, 0xAD, 0xFF,
    0xAD, 0xFF, 0xAD, 0xFF, 0xAD, 0xFF, 0xAD, 0xFF,
    0xAD, 0xFF, 0xAD, 0xFF, 0xAD, 0xFF, 0xAC, 0xFF,
    0xAC, 0xFF, 0xAC, 0xFF, 0xAC, 0xFF, 0xAC, 0xFF,
    0xAC, 0xFF, 0xAC, 0xFF, 0xAC, 0xFF, 0xAC, 0xFF,
    0xAB, 0xFF, 0xAB, 0xFF, 0xAB, 0xFF, 0xAB, 0xFF,
    0xAB, 0xFF, 0xAB, 0xFF, 0xAB, 0xFF, 0xAB, 0xFF,
    0xAB, 0xFF, 0xAB, 0xFF, 0xAB, 0xFF, 0xAB, 0xFF,
    0xAB, 0xFF, 0xAB, 0xFF, 0xBB, 0xFF, 0xBB, 0xFF,
    0xBB, 0xFF, 0xBB, 0xFF, 0xBB, 0xFF, 0xBB, 0xFF,
    0xBB, 0xFF, 0xBB, 0xFF, 0xBB, 0xFF, 0xBB, 0xFF,
    0xCB, 0xFF, 0xCB, 0xFF, 0xCB, 0xFF, 0xCB, 0xFF,
    0xCB, 0xFF, 0xCB, 0xFF, 0xCB, 0xFF, 0xCB, 0xFF,
    0xCB, 0xFF, 0xDB, 0xFF, 0xDB, 0xFF, 0xDB, 0xFF,
    0xDB, 0xFF, 0xDB, 0xFF, 0xDB, 0xFF, 0xDB, 0xFF,
    0xDB, 0xFF, 0xEB, 0xFF, 0xEB, 0xFF, 0xEB, 0xFF,
    0xEB, 0xFF, 0xEB, 0xFF, 0xEB, 0xFF, 0xEB, 0xFF,
    0xEB, 0xFF, 0xEB, 0xFF, 0xEB, 0xFF, 0xEB, 0xFF,
    0xEB, 0xFF, 0xEB, 0xFF, 0xEB, 0xFF, 0xEB, 0xFF,
    0xEB, 0xFF, 0xEB, 0xFE, 0xEB, 0xFE, 0xEB, 0xFE,
    0xEB, 0xFE, 0xEB, 0xFE, 0xEB, 0xFE, 0xEB, 0xFE,
    0xEB, 0xFE, 0xEB, 0xFE, 0xEB, 0xFE, 0xEB, 0xFD,
    0xEB, 0xFD, 0xEB, 0xFD, 0xEB, 0xFD, 0xEB, 0xFD,
    0xEB, 0xFD, 0xEB, 0xFD, 0xEB, 0xFD, 0xEB, 0xFD,
    0xEB, 0xFC, 0xEB, 0xFC, 0xEB, 0xFC, 0xEB, 0xFC,
    0xEB, 0xFC, 0xEB, 0xFC, 0xEB, 0xFC, 0xEB, 0xFC,
    0xEB, 0xFC, 0xEB, 0xFB, 0xEB, 0xFB, 0xEB, 0xFB,
    0xEB, 0xFB, 0xEB, 0xFB, 0xEB, 0xFB, 0xEB, 0xFB,
    0xEB, 0xFB, 0xEB, 0xFB, 0xEB, 0xFB, 0xEB, 0xFB,
    0xEB, 0xFB, 0xEB, 0xFB, 0xEB, 0xFB, 0xEB, 0xFB,
    0xEC, 0xFB, 0xEC, 0xFB, 0xEC, 0xFB, 0xEC, 0xFB,
    0xEC, 0xFB, 0xEC, 0xFB, 0xEC, 0xFB, 0xEC, 0xFB,
    0xEC, 0xFB, 0xED, 0xFB, 0xED, 0xFB, 0xED, 0xFB,
    0xED, 0xFB, 0xED, 0xFB, 0xED, 0xFB, 0xED, 0xFB,
    0xED, 0xFB, 0xED, 0xFB, 0xEE, 0xFB, 0xEE, 0xFB,
    0xEE, 0xFB, 0xEE, 0xFB, 0xEE, 0xFB, 0xEE, 0xFB,
    0xEE, 0xFB, 0xEE, 0xFB, 0xEF, 0xFB, 0xEF, 0xFB,
    0xEF, 0xFB, 0xEF, 0xFB, 0xEF, 0xFB, 0xEF, 0xFB,
    0xEF, 0xFB, 0xEF, 0xFB, 0xEF, 0xFB, 0xEF, 0xFB,
    0xEF, 0xFA, 0xEF, 0xFB, 0xEF, 0xFA, 0xEF, 0xFB,
    0xEF, 0xFB, 0xEF, 0xFB, 0xEF, 0xFB, 0xDF, 0xFB,
    0xDF, 0xFB, 0xDF, 0xFB, 0xDF, 0xFB, 0xDF, 0xFB,
    0xDF, 0xFB, 0xDF, 0xFB, 0xDF, 0xFB, 0xDF, 0xFB,
    0xCF, 0xFB, 0xCF, 0xFB, 0xCF, 0xFB, 0xCF, 0xFB,
    0xCF, 0xFB, 0xCF, 0xFB, 0xCF, 0xFB, 0xCF, 0xFB,
    0xCF, 0xFB, 0xCF, 0xFB, 0xBF, 0xFB, 0xBF, 0xFA,
    0xBF, 0xFA, 0xBF, 0xFB, 0xBF, 0xFB, 0xBF, 0xFB,
    0xBF, 0xFB, 0xAF, 0xFB, 0xAF, 0xFB, 0xAF, 0xFB,
    0xAF, 0xFB, 0xAF, 0xFB, 0xAF, 0xFB, 0xAF, 0xFB,
    0xAF, 0xFB, 0xAF, 0xFB, 0xAF, 0xFB, 0xAF, 0xFB,
    0xAF, 0xFB, 0xAF, 0xFB, 0xAF, 0xFB, 0xAF, 0xFB,
    0xAF, 0xFB, 0xAF, 0xFC, 0xAF, 0xFC, 0xAF, 0xFC,
    0xAF, 0xFC, 0xAF, 0xFC, 0xAF, 0xFC, 0xAF, 0xFC,
    0xAF, 0xFC, 0xAF, 0xFC, 0xAF, 0xFC, 0xAF, 0xFD,
    0xAF, 0xFD, 0xAF, 0xFD, 0xAF, 0xFD, 0xAF, 0xFD,
    0xAF, 0xFD, 0xAF, 0xFD, 0xAF, 0xFD, 0xAF, 0xFD,
    0xAF, 0xFE, 0xAF, 0xFE, 0xAF, 0xFE, 0xAF, 0xFE,
    0xAF, 0xFE, 0xAF, 0xFE, 0xAF, 0xFE, 0xAF, 0xFF,
    0xAF, 0xFF, 0xAF, 0xFF, 0xAF, 0xFF, 0xAF, 0xFF,
    0xAF, 0xFF, 0xAF, 0xFF, 0xAF, 0xFF, 0xAF, 0xFF,
    0xAF, 0xFF, 0xAF, 0xFF, 0xAF, 0xFF, 0xAF, 0xFF,
    0xAF, 0xFF, 0xAF, 0xFF, 0xAF, 0xFF, 0xAF, 0xFF,
    0xAF, 0xFF, 0xAE, 0xFF, 0xAE, 0xFF, 0xAE, 0xFF,
    0xAE, 0xFF, 0xAE, 0xFF, 0xAE, 0xFF, 0xAE, 0xFF,
    0xAE, 0xFF, 0xAE, 0xFF, 0xAD, 0xFF, 0xAD, 0xFF,
    0xAD, 0xFF, 0xAD, 0xFF, 0xAD, 0xFF, 0xAD, 0xFF,
    0xAD, 0xFF, 0xAD, 0xFF, 0xAC, 0xFF, 0xAC, 0xFF,
    0xAC, 0xFF, 0xAC, 0xFF, 0xAC, 0xFF, 0xAC, 0xFF,
    0xAC, 0xFF, 0xAC, 0xFF, 0xAC, 0xFF, 0xAB, 0xFF,
    0xAB, 0xFF, 0xAB, 0xFF, 0xAB, 0xFF, 0xAB, 0xFF,
    0xAB, 0xFF, 0xAB, 0xFF, 0xAB, 0xFF, 0xAB, 0xFF,
    0xAB, 0xFF, 0xAB, 0xFF, 0xAB, 0xFF, 0xAB, 0xFF,
    0xAB, 0xFF, 0xAB, 0xFF, 0xAB, 0xFF, 0xBB, 0xFF,
    0xBB, 0xFF, 0xBB, 0xFF, 0xBB, 0xFF, 0xBB, 0xFF,
    0xBB, 0xFF, 0xBB, 0xFF, 0xBB, 0xFF, 0xBB, 0xFF,
    0xCB, 0xFF, 0xCB, 0xFF, 0xCB, 0xFF, 0xCB, 0xFF,
    0xCB, 0xFF, 0xCB, 0xFF, 0xCB, 0xFF, 0xCB, 0xFF,
    0xCB, 0xFF, 0xDB, 0xFF, 0xDB, 0xFF, 0xDB, 0xFF,
    0xDB, 0xFF, 0xDB, 0xFF, 0xDB, 0xFF, 0xDB, 0xFF,
    0xDB, 0xFF, 0xEB, 0xFF, 0xEB, 0xFF, 0xEB, 0xFF,
    0xEB, 0xFF, 0xEB, 0xFF, 0xEB, 0xFF, 0xEB, 0xFF,
    0xEB, 0xFF, 0xEB, 0xFF, 0xEB, 0xFF, 0xEB, 0xFF,
    0xEB, 0xFF, 0xEB, 0xFF, 0xEB, 0xFF, 0xEB, 0xFF,
    0xEB, 0xFF, 0xEB, 0xFF, 0xEB, 0xFE, 0xEB, 0xFE,
    0xEB, 0xFE, 0xEB, 0xFE, 0xEB, 0xFE, 0xEB, 0xFE,
    0xEB, 0xFE, 0xEB, 0xFE, 0xEB, 0xFE, 0xEB, 0xFD,
    0xEB, 0xFD, 0xEB, 0xFD, 0xEB, 0xFD, 0xEB, 0xFD,
    0xEB, 0xFD, 0xEB, 0xFD, 0xEB, 0xFD, 0xEB, 0xFC,
    0xEB, 0xFC, 0xEB, 0xFC, 0xEB, 0xFC, 0xEB, 0xFC,
    0xEB, 0xFC, 0xEB, 0xFC, 0xEB, 0xFC, 0xEB, 0xFC,
    0xEB, 0xFC, 0xEB, 0xFB, 0xEB, 0xFB, 0xEB, 0xFB,
    0xEB, 0xFB, 0xEB, 0xFB, 0xEB, 0xFB, 0xEB, 0xFB,
    0xEB, 0xFA, 0xEB, 0xFA, 0xEB, 0xFA, 0xEB, 0xFA,
    0xEB, 0xFA, 0xEB, 0xFA, 0xEB, 0xFA, 0xEB, 0xFA,
    0xEB, 0xFA, 0xEB, 0xFA, 0xEC, 0xFA, 0xEC, 0xFA,
    0xEC, 0xFA, 0xEC, 0xFA, 0xEC, 0xFA, 0xEC, 0xFA,
    0xEC, 0xFB, 0xEC, 0xFA, 0xED, 0xFB, 0xED, 0xFB,
    0xED, 0xFA, 0xED, 0xFA, 0xED, 0xFA, 0xED, 0xFA,
    0xED, 0xFA, 0xED, 0xFA, 0xEE, 0xFA, 0xEE, 0xFA,
    0xEE, 0xFA, 0xEE, 0xFB, 0xEE, 0xFA, 0xEE, 0xFA,
    0xEE, 0xFA, 0xEE, 0xFA, 0xEF, 0xFA, 0xEF, 0xFA,
    0xEF, 0xFA, 0xEF, 0xFA, 0xEF, 0xFA, 0xEF, 0xFB,
    0xEF, 0xFB, 0xEF, 0xFB, 0xEF, 0xFA, 0xEF, 0xFA,
    0xEF, 0xFA, 0xEF, 0xFA, 0xEF, 0xFA, 0xEF, 0xFA,
    0xEF, 0xFA, 0xEF, 0xFA, 0xEF, 0xFA, 0xDF, 0xFA,
    0xDF, 0xFA, 0xDF, 0xFA, 0xDF, 0xFA, 0xDF, 0xFA,
    0xDF, 0xFA, 0xDF, 0xFA, 0xDF, 0xFA, 0xDF, 0xFA,
    0xCF, 0xFA, 0xCF, 0xFB, 0xCF, 0xFB, 0xCF, 0xFB,
    0xCF, 0xFA, 0xCF, 0xFA, 0xCF, 0xFA, 0xCF, 0xFA,
    0xBF, 0xFB, 0xBF, 0xFB, 0xBF, 0xFA, 0xBF, 0xFA,
    0xBF, 0xFA, 0xBF, 0xFA, 0xBF, 0xFA, 0xBF, 0xFA,
    0xAF, 0xFA, 0xAF, 0xFA, 0xAF, 0xFA, 0xAF, 0xFA,
    0xAF, 0xFA, 0xAF, 0xFA, 0xAF, 0xFA, 0xAF, 0xFB,
    0xAF, 0xFB, 0xAF, 0xFB, 0xAF, 0xFB, 0x9F, 0xFB,
    0x9F, 0xFB, 0x9F, 0xFB, 0x9F, 0xFB, 0x9F, 0xFB,
    0x9F, 0xFB, 0x9F, 0xFB, 0x9F, 0xFC, 0x9F, 0xFC,
    0x9F, 0xFC, 0x9F, 0xFC, 0x9F, 0xFC, 0x9F, 0xFC,
    0xAF, 0xFC, 0xAF, 0xFC, 0x9F, 0xFC, 0x9F, 0xFC,
    0x9F, 0xFD, 0x9F, 0xFD, 0x9F, 0xFD, 0x9F, 0xFD,
    0x9F, 0xFD, 0x9F, 0xFD, 0x9F, 0xFD, 0x9F, 0xFD,
    0x9F, 0xFE, 0x9F, 0xFE, 0x9F, 0xFE, 0x9F, 0xFE,
    0x9F, 0xFE, 0x9F, 0xFE, 0x9F, 0xFE, 0x9F, 0xFF,
    0x9F, 0xFF, 0x9F, 0xFF, 0x9F, 0xFF, 0x9F, 0xFF,
    0x9F, 0xFF, 0x9F, 0xFF, 0x9F, 0xFF, 0x9F, 0xFF,
    0x9F, 0xFF, 0x9F, 0xFF, 0x9F, 0xFF, 0x9F, 0xFF,
    0x9F, 0xFF, 0x9F, 0xFF, 0x9F, 0xFF, 0x9F, 0xFF,
    0x9F, 0xFF, 0x9E, 0xFF, 0x9E, 0xFF, 0x9E, 0xFF,
    0x9E, 0xFF, 0x9E, 0xFF, 0x9E, 0xFF, 0x9E, 0xFF,
    0x9D, 0xFF, 0x9D, 0xFF, 0x9D, 0xFF, 0x9D, 0xFF,
    0x9D, 0xFF, 0x9D, 0xFF, 0x9D, 0xFF, 0x9D, 0xFF,
    0x9D, 0xFF, 0x9C, 0xFF, 0x9C, 0xFF, 0x9C, 0xFF,
    0x9C, 0xFF, 0x9C, 0xFF, 0x9C, 0xFF, 0x9C, 0xFF,
    0x9C, 0xFF, 0x9C, 0xFF, 0x9B, 0xFF, 0x9B, 0xFF,
    0x9B, 0xFF, 0x9B, 0xFF, 0x9B, 0xFF, 0x9B, 0xFF,
    0x9B, 0xFF, 0x9B, 0xFF, 0x9A, 0xFF, 0x9A, 0xFF,
    0x9A, 0xFF, 0xAA, 0xFF, 0xAA, 0xFF, 0xAA, 0xFF,
    0xAA, 0xFF, 0xAA, 0xFF, 0xAA, 0xFF, 0xAA, 0xFF,
    0xBA, 0xFF, 0xBA, 0xFF, 0xBA, 0xFF, 0xBA, 0xFF,
    0xBA, 0xFF, 0xBA, 0xFF, 0xBA, 0xFF, 0xBB, 0xFF,
    0xCA, 0xFF, 0xCA, 0xFF, 0xCA, 0xFF, 0xCA, 0xFF,
    0xCA, 0xFF, 0xCA, 0xFF, 0xCA, 0xFF, 0xCA, 0xFF,
    0xCA, 0xFF, 0xDA, 0xFF, 0xDA, 0xFF, 0xDA, 0xFF,
    0xDA, 0xFF, 0xDA, 0xFF, 0xDA, 0xFF, 0xDA, 0xFF,
    0xDA, 0xFF, 0xEA, 0xFF, 0xEA, 0xFF, 0xEA, 0xFF,
    0xEA, 0xFF, 0xEA, 0xFF, 0xEB, 0xFF, 0xEA, 0xFF,
    0xEA, 0xFF, 0xEA, 0xFF, 0xEA, 0xFF, 0xEA, 0xFF,
    0xEA, 0xFF, 0xEA, 0xFF, 0xEA, 0xFF, 0xEA, 0xFF,
    0xEA, 0xFF, 0xEA, 0xFE, 0xEB, 0xFE, 0xEA, 0xFE,
    0xEA, 0xFE, 0xEA, 0xFE, 0xEA, 0xFE, 0xEA, 0xFE,
    0xEA, 0xFE, 0xEA, 0xFE, 0xEA, 0xFD, 0xEA, 0xFD,
    0xEA, 0xFD, 0xEA, 0xFD, 0xEA, 0xFD, 0xEA, 0xFD,
    0xEA, 0xFD, 0xEA, 0xFC, 0xEA, 0xFC, 0xEA, 0xFC,
    0xEA, 0xFC, 0xEA, 0xFC, 0xEA, 0xFC, 0xEA, 0xFC,
    0xEA, 0xFC, 0xEA, 0xFC, 0xEA, 0xFC, 0xEA, 0xFB,
    0xEA, 0xFB, 0xEA, 0xFB, 0xEA, 0xFB, 0xEA, 0xFB,
    0xEA, 0xFB, 0xEA, 0xFB, 0xEA, 0xFB, 0xEA, 0xFB,
    0xEA, 0xFA, 0xEA, 0xFA, 0xEB, 0xFA, 0xEB, 0xFA,
    0xEB, 0xFA, 0xEB, 0xFA, 0xEB, 0xFA, 0xEB, 0xFA,
    0xEB, 0xFA, 0xEB, 0xFA, 0xEC, 0xFA, 0xEC, 0xFA,
    0xEC, 0xFA, 0xEC, 0xFA, 0xEC, 0xFA, 0xEC, 0xFA,
    0xEC, 0xFA, 0xEC, 0xFA, 0xED, 0xFA, 0xED, 0xFA,
    0xED, 0xFA, 0xED, 0xFA, 0xED, 0xFA, 0xED, 0xFA,
    0xED, 0xFA, 0xED, 0xFA, 0xEE, 0xFA, 0xEE, 0xFA,
    0xEE, 0xFA, 0xEE, 0xFA, 0xEE, 0xFA, 0xEE, 0xFA,
    0xEE, 0xFA, 0xEE, 0xFA, 0xEE, 0xFA, 0xEF, 0xFA,
    0xEF, 0xFA, 0xEF, 0xFA, 0xEF, 0xFA, 0xEF, 0xFA,
    0xEF, 0xFA, 0xEF, 0xFA, 0xEF, 0xFA, 0xEF, 0xFA,
    0xEF, 0xFA, 0xEF, 0xFA, 0xEF, 0xFA, 0xEF, 0xFA,
    0xEF, 0xFA, 0xEF, 0xFA, 0xEF, 0xFA, 0xDF, 0xFA,
    0xDF, 0xFA, 0xDF, 0xFA, 0xDF, 0xFA, 0xDF, 0xFA,
    0xDF, 0xFA, 0xDF, 0xFA, 0xDF, 0xFA, 0xCF, 0xFA,
    0xCF, 0xFA, 0xCF, 0xFA, 0xCF, 0xFA, 0xCF, 0xFA,
    0xCF, 0xFA, 0xCF, 0xFA, 0xCF, 0xFA, 0xCF, 0xFA,
    0xBF, 0xFA, 0xBF, 0xFA, 0xBF, 0xFA, 0xBF, 0xFA,
    0xBF, 0xFA, 0xBF, 0xFA, 0xBF, 0xFA, 0xBF, 0xFA,
    0xAF, 0xFA, 0xAF, 0xFA, 0xAF, 0xFA, 0xAF, 0xFA,
    0xAF, 0xFA, 0xAF, 0xFA, 0xAF, 0xFA, 0xAF, 0xFA,
    0xAF, 0xFA, 0x9F, 0xFA, 0x9F, 0xFA, 0x9F, 0xFB,
    0x9F, 0xFB, 0x9F, 0xFB, 0x9F, 0xFB, 0x9F, 0xFB,
    0x9F, 0xFB, 0x9F, 0xFB, 0x9F, 0xFC, 0x9F, 0xFC,
    0x9F, 0xFC, 0x9F, 0xFC, 0x9F, 0xFC, 0x9F, 0xFC,
    0x9F, 0xFC, 0x9F, 0xFC, 0x9F, 0xFC, 0x9F, 0xFC,
    0x9F, 0xFC, 0x9F, 0xFD, 0x9F, 0xFD, 0x9F, 0xFD,
    0x9F, 0xFD, 0x9F, 0xFD, 0x9F, 0xFD, 0x9F, 0xFD,
    0x9F, 0xFE, 0x9F, 0xFE, 0x9F, 0xFE, 0x9F, 0xFE,
    0x9F, 0xFE, 0x9F, 0xFE, 0x9F, 0xFE, 0x9F, 0xFE,
    0x9F, 0xFF, 0x9F, 0xFF, 0x9F, 0xFF, 0x9F, 0xFF,
    0x9F, 0xFF, 0x9F, 0xFF, 0x9F, 0xFF, 0x9F, 0xFF,
    0x9F, 0xFF, 0x9F, 0xFF, 0x9F, 0xFF, 0x9F, 0xFF,
    0x9F, 0xFF, 0x9F, 0xFF, 0x9F, 0xFF, 0x9F, 0xFF,
    0x9E, 0xFF, 0x9E, 0xFF, 0x9E, 0xFF, 0x9E, 0xFF,
    0x9E, 0xFF, 0x9E, 0xFF, 0x9E, 0xFF, 0x9E, 0xFF,
    0x9E, 0xFF, 0x9D, 0xFF, 0x9D, 0xFF, 0x9D, 0xFF,
    0x9D, 0xFF, 0x9D, 0xFF, 0x9D, 0xFF, 0x9D, 0xFF,
    0x9D, 0xFF, 0x9C, 0xFF, 0x9C, 0xFF, 0x9C, 0xFF,
    0x9C, 0xFF, 0x9C, 0xFF, 0x9C, 0xFF, 0x9C, 0xFF,
    0x9C, 0xFF, 0x9B, 0xFF, 0x9B, 0xFF, 0x9B, 0xFF,
    0x9B, 0xFF, 0x9B, 0xFF, 0x9B, 0xFF, 0x9B, 0xFF,
    0x9B, 0xFF, 0x9A, 0xFF, 0x9A, 0xFF, 0x9A, 0xFF,
    0x9A, 0xFF, 0xAA, 0xFF, 0xAA, 0xFF, 0xAA, 0xFF,
    0xAA, 0xFF, 0xAA, 0xFF, 0xAA, 0xFF, 0xAA, 0xFF,
    0xAA, 0xFF, 0xBA, 0xFF, 0xBA, 0xFF, 0xBA, 0xFF,
    0xBA, 0xFF, 0xBA, 0xFF, 0xBA, 0xFF, 0xBA, 0xFF,
    0xBA, 0xFF, 0xCA, 0xFF, 0xCA, 0xFF, 0xCA, 0xFF,
    0xCA, 0xFF, 0xCA, 0xFF, 0xCA, 0xFF, 0xCA, 0xFF,
    0xCA, 0xFF, 0xCA, 0xFF, 0xDA, 0xFF, 0xDA, 0xFF,
    0xDA, 0xFF, 0xDA, 0xFF, 0xDA, 0xFF, 0xDA, 0xFF,
    0xDA, 0xFF, 0xEA, 0xFF, 0xEA, 0xFF, 0xEA, 0xFF,
    0xEA, 0xFF, 0xEA, 0xFF, 0xEA, 0xFF, 0xEA, 0xFF,
    0xEA, 0xFF, 0xEA, 0xFF, 0xEA, 0xFF, 0xEA, 0xFF,
    0xEA, 0xFF, 0xEA, 0xFF, 0xEA, 0xFF, 0xEA, 0xFF,
    0xEA, 0xFF, 0xEA, 0xFF, 0xEA, 0xFE, 0xEA, 0xFE,
    0xEA, 0xFE, 0xEA, 0xFE, 0xEA, 0xFE, 0xEA, 0xFE,
    0xEA, 0xFE, 0xEA, 0xFE, 0xEA, 0xFD, 0xEA, 0xFD,
    0xEA, 0xFD, 0xEA, 0xFD, 0xEA, 0xFD, 0xEA, 0xFD,
    0xEA, 0xFD, 0xEA, 0xFC, 0xEA, 0xFC, 0xEA, 0xFC,
    0xEA, 0xFC, 0xEA, 0xFC, 0xEA, 0xFC, 0xEA, 0xFC,
    0xEA, 0xFC, 0xEA, 0xFC, 0xEA, 0xFC, 0xEA, 0xFB,
    0xEA, 0xFB, 0xEA, 0xFB, 0xEA, 0xFB, 0xEA, 0xFB,
    0xEA, 0xFB, 0xEA, 0xFB, 0xEA, 0xFB, 0xEA, 0xFB,
    0xEA, 0xFA, 0xEA, 0xFA, 0xEA, 0xFA, 0xEB, 0xFA,
    0xEB, 0xFA, 0xEB, 0xFA, 0xEB, 0xFA, 0xEB, 0xFA,
    0xEB, 0xFA, 0xEB, 0xFA, 0xEB, 0xFA, 0xEC, 0xFA,
    0xEC, 0xFA, 0xEC, 0xFA, 0xEC, 0xFA, 0xEC, 0xFA,
    0xEC, 0xFA, 0xEC, 0xFA, 0xEC, 0xFA, 0xED, 0xFA,
    0xED, 0xFA, 0xED, 0xFA, 0xED, 0xFA, 0xED, 0xFA,
    0xED, 0xFA, 0xED, 0xFA, 0xED, 0xFA, 0xEE, 0xFA,
    0xEE, 0xFA, 0xEE, 0xFA, 0xEE, 0xFA, 0xEE, 0xFA,
    0xEE, 0xFA, 0xEE, 0xFA, 0xEE, 0xFA, 0xEF, 0xFA,
    0xEF, 0xFA, 0xEF, 0xFA, 0xEF, 0xFA, 0xEF, 0xFA,
    0xEF, 0xFA, 0xEF, 0xFA, 0xEF, 0xFA, 0xEF, 0xFA,
    0xEF, 0xFA, 0xEF, 0xFA, 0xEF, 0xFA, 0xEF, 0xFA,
    0xEF, 0xFA, 0xEF, 0xFA, 0xEF, 0xFA, 0xDF, 0xFA,
    0xDF, 0xFA, 0xDF, 0xFA, 0xDF, 0xFA, 0xDF, 0xFA,
    0xDF, 0xFA, 0xDF, 0xFA, 0xDF, 0xFA, 0xCF, 0xFA,
    0xCF, 0xFA, 0xCF, 0xFA, 0xCF, 0xFA, 0xCF, 0xFA,
    0xCF, 0xFA, 0xCF, 0xFA, 0xBF, 0xFA, 0xBF, 0xFA,
    0xBF, 0xFA, 0xBF, 0xFA, 0xBF, 0xFA, 0xBF, 0xFA,
    0xBF, 0xFA, 0xBF, 0xFA, 0xBF, 0xFA, 0xAF, 0xFA,
    0xAF, 0xFA, 0xAF, 0xFA, 0xAF, 0xFA, 0xAF, 0xFA,
    0xAF, 0xFA, 0xAF, 0xFA, 0xAF, 0xFA, 0x9F, 0xFA,
    0x9F, 0xFA, 0x9F, 0xFA, 0x9F, 0xFA, 0x9F, 0xFA,
    0x9F, 0xFA, 0x9F, 0xFB, 0x9F, 0xFB, 0x9F, 0xFB,
    0x9F, 0xFB, 0x9F, 0xFB, 0x9F, 0xFB, 0x9F, 0xFB,
    0x9F, 0xFC, 0x9F, 0xFC, 0x9F, 0xFC, 0x9F, 0xFC,
    0x9F, 0xFC, 0x9F, 0xFC, 0x9F, 0xFC, 0x9F, 0xFC,
    0x9F, 0xFC, 0x9F, 0xFD, 0x9F, 0xFD, 0x9F, 0xFD,
    0x9F, 0xFD, 0x9F, 0xFD, 0x9F, 0xFD, 0x9F, 0xFD,
    0x9F, 0xFD, 0x9F, 0xFE, 0x9F, 0xFE, 0x9F, 0xFE,
    0x9F, 0xFE, 0x9F, 0xFE, 0x9F, 0xFE, 0x9F, 0xFE,
    0x9F, 0xFF, 0x9F, 0xFF, 0x9F, 0xFF, 0x9F, 0xFF,
    0x9F, 0xFF, 0x9F, 0xFF, 0x9F, 0xFF, 0x9F, 0xFF,
    0x9F, 0xFF, 0x9F, 0xFF, 0x9F, 0xFF, 0x9F, 0xFF,
    0x9F, 0xFF, 0x9F, 0xFF, 0x9F, 0xFF, 0x9F, 0xFF,
    0x9E, 0xFF, 0x9E, 0xFF, 0x9E, 0xFF, 0x9E, 0xFF,
    0x9E, 0xFF, 0x9E, 0xFF, 0x9E, 0xFF, 0x9E, 0xFF,
    0x9D, 0xFF, 0x9D, 0xFF, 0x9D, 0xFF, 0x9D, 0xFF,
    0x9D, 0xFF, 0x9D, 0xFF, 0x9D, 0xFF, 0x9D, 0xFF,
    0x9C, 0xFF, 0x9C, 0xFF, 0x9C, 0xFF, 0x9C, 0xFF,
    0x9C, 0xFF, 0x9C, 0xFF, 0x9C, 0xFF, 0x9C, 0xFF,
    0x9B, 0xFF, 0x9B, 0xFF, 0x9B, 0xFF, 0x9B, 0xFF,
    0x9B, 0xFF, 0x9B, 0xFF, 0x9B, 0xFF, 0x9B, 0xFF,
    0x9A, 0xFF, 0x9A, 0xFF, 0x9A, 0xFF, 0x9A, 0xFF,
    0x9A, 0xFF, 0x9A, 0xFF, 0xAA, 0xFF, 0xAA, 0xFF,
    0xAA, 0xFF, 0xAA, 0xFF, 0xAA, 0xFF, 0xAA, 0xFF,
    0xAA, 0xFF, 0xBA, 0xFF, 0xBA, 0xFF, 0xBA, 0xFF,
    0xBA, 0xFF, 0xBA, 0xFF, 0xBA, 0xFF, 0xBA, 0xFF,
    0xBA, 0xFF, 0xCA, 0xFF, 0xCA, 0xFF, 0xCA, 0xFF,
    0xCA, 0xFF, 0xCA, 0xFF, 0xCA, 0xFF, 0xCA, 0xFF,
    0xCA, 0xFF, 0xCA, 0xFF, 0xDA, 0xFF, 0xDA, 0xFF,
    0xDA, 0xFF, 0xDA, 0xFF, 0xDA, 0xFF, 0xDA, 0xFF,
    0xDA, 0xFF, 0xEA, 0xFF, 0xEA, 0xFF, 0xEA, 0xFF,
    0xEA, 0xFF, 0xEA, 0xFF, 0xEA, 0xFF, 0xEA, 0xFF,
    0xEA, 0xFF, 0xEA, 0xFF, 0xEA, 0xFF, 0xEA, 0xFF,
    0xEA, 0xFF, 0xEA, 0xFF, 0xEA, 0xFF, 0xEA, 0xFF,
    0xEA, 0xFF, 0xEA, 0xFE, 0xEA, 0xFE, 0xEA, 0xFE,
    0xEA, 0xFE, 0xEA, 0xFE, 0xEA, 0xFE, 0xEA, 0xFE,
    0xEA, 0xFE, 0xEA, 0xFE, 0xEA, 0xFD, 0xEA, 0xFD,
    0xEA, 0xFD, 0xEA, 0xFD, 0xEA, 0xFD, 0xEA, 0xFD,
    0xEA, 0xFD, 0xEA, 0xFC, 0xEA, 0xFC, 0xEA, 0xFC,
    0xEA, 0xFC, 0xEA, 0xFC, 0xEA, 0xFC, 0xEA, 0xFC,
    0xEA, 0xFC, 0xEA, 0xFC, 0xEA, 0xFB, 0xEA, 0xFB,
    0xEA, 0xFB, 0xEA, 0xFB, 0xEA, 0xFB, 0xEA, 0xFB,
    0xEA, 0xFB, 0xEA, 0xFB, 0xEA, 0xFA, 0xEA, 0xFA,
    0xEA, 0xFA, 0xEA, 0xFA, 0xEA, 0xFA, 0xEA, 0xFA,
    0xEB, 0xFA, 0xEB, 0xFA, 0xEB, 0xFA, 0xEB, 0xFA,
    0xEB, 0xFA, 0xEB, 0xFA, 0xEB, 0xFA, 0xEB, 0xFA,
    0xEC, 0xFA, 0xEC, 0xFA, 0xEC, 0xFA, 0xEC, 0xFA,
    0xEC, 0xFA, 0xEC, 0xFA, 0xEC, 0xFA, 0xED, 0xFA,
    0xED, 0xFA, 0xED, 0xFA, 0xED, 0xFA, 0xED, 0xFA,
    0xED, 0xFA, 0xED, 0xFA, 0xED, 0xFA, 0xED, 0xFA,
    0xEE, 0xFA, 0xEE, 0xFA, 0xEE, 0xFA, 0xEE, 0xFA,
    0xEE, 0xFA, 0xEE, 0xFA, 0xEE, 0xFA, 0xEF, 0xFA,
    0xEF, 0xFA, 0xEF, 0xFA, 0xEF, 0xFA, 0xEF, 0xFA,
    0xEF, 0xFA, 0xEF, 0xFA, 0xEF, 0xFA, 0xEF, 0xFA,
    0xEF, 0xFA, 0xEF, 0xFA, 0xEF, 0xFA, 0xEF, 0xFA,
    0xEF, 0xFA, 0xEF, 0xFA, 0xEF, 0xFA, 0xDF, 0xFA,
    0xDF, 0xFA, 0xDF, 0xFA, 0xDF, 0xFA, 0xDF, 0xFA,
    0xDF, 0xFA, 0xDF, 0xFA, 0xDF, 0xFA, 0xCF, 0xFA,
    0xCF, 0xFA, 0xCF, 0xFA, 0xCF, 0xFA, 0xCF, 0xFA,
    0xCF, 0xFA, 0xBF, 0xFA, 0xBF, 0xFA, 0xBF, 0xFA,
    0xBF, 0xFA, 0xBF, 0xFA, 0xBF, 0xFA, 0xBF, 0xFA,
    0xBF, 0xFA, 0xAF, 0xFA, 0xAF, 0xFA, 0xAF, 0xFA,
    0xAF, 0xFA, 0xAF, 0xFA, 0xAF, 0xFA, 0xAF, 0xFA,
    0xAF, 0xFA, 0xAF, 0xFA, 0x9F, 0xFA, 0x9F, 0xFA,
    0x9F, 0xFA, 0x9F, 0xFA, 0x9F, 0xFA, 0x9F, 0xFA,
    0x9F, 0xFA, 0x9F, 0xFA, 0x9F, 0xFB, 0x9F, 0xFB,
    0x9F, 0xFB, 0x9F, 0xFB, 0x9F, 0xFB, 0x9F, 0xFB,
    0x9F, 0xFC, 0x9F, 0xFC, 0x9F, 0xFC, 0x9F, 0xFC,
    0x9F, 0xFC, 0x9F, 0xFC, 0x9F, 0xFC, 0x9F, 0xFC,
    0x9F, 0xFC, 0x9F, 0xFC, 0x9F, 0xFD, 0x9F, 0xFD,
    0x9F, 0xFD, 0x9F, 0xFD, 0x9F, 0xFD, 0x9F, 0xFD,
    0x9F, 0xFD, 0x9F, 0xFE, 0x9F, 0xFE, 0x9F, 0xFE,
    0x9F, 0xFE, 0x9F, 0xFE, 0x9F, 0xFE, 0x9F, 0xFE,
    0x9F, 0xFE, 0x9F, 0xFF, 0x9F, 0xFF, 0x9F, 0xFF,
    0x9F, 0xFF, 0x9F, 0xFF, 0x9F, 0xFF, 0x9F, 0xFF,
    0x9F, 0xFF, 0x9F, 0xFF, 0x9F, 0xFF, 0x9F, 0xFF,
    0x9F, 0xFF, 0x9F, 0xFF, 0x9F, 0xFF, 0x9F, 0xFF,
    0x9E, 0xFF, 0x9E, 0xFF, 0x9E, 0xFF, 0x9E, 0xFF,
    0x9E, 0xFF, 0x9E, 0xFF, 0x9E, 0xFF, 0x9E, 0xFF,
    0x9D, 0xFF, 0x9D, 0xFF, 0x9D, 0xFF, 0x9D, 0xFF,
    0x9D, 0xFF, 0x9D, 0xFF, 0x9D, 0xFF, 0x9C, 0xFF,
    0x9C, 0xFF, 0x9C, 0xFF, 0x9C, 0xFF, 0x9C, 0xFF,
    0x9C, 0xFF, 0x9C, 0xFF, 0x9C, 0xFF, 0x9C, 0xFF,
    0x9B, 0xFF, 0x9B, 0xFF, 0x9B, 0xFF, 0x9B, 0xFF,
    0x9B, 0xFF, 0x9B, 0xFF, 0x9B, 0xFF, 0x9A, 0xFF,
    0x9A, 0xFF, 0x9A, 0xFF, 0x9A, 0xFF, 0x9A, 0xFF,
    0x9A, 0xFF, 0x9A, 0xFF, 0x9A, 0xFF, 0xAA, 0xFF,
    0xAA, 0xFF, 0xAA, 0xFF, 0xAA, 0xFF, 0xAA, 0xFF,
    0xAA, 0xFF, 0xAA, 0xFF, 0xBA, 0xFF, 0xBA, 0xFF,
    0xBA, 0xFF, 0xBA, 0xFF, 0xBA, 0xFF, 0xBA, 0xFF,
    0xBA, 0xFF, 0xBA, 0xFF, 0xCA, 0xFF, 0xCA, 0xFF,
    0xCA, 0xFF, 0xCA, 0xFF, 0xCA, 0xFF, 0xCA, 0xFF,
    0xCA, 0xFF, 0xCA, 0xFF, 0xDA, 0xFF, 0xDA, 0xFF,
    0xDA, 0xFF, 0xDA, 0xFF, 0xDA, 0xFF, 0xDA, 0xFF,
    0xDA, 0xFF, 0xEA, 0xFF, 0xEA, 0xFF, 0xEA, 0xFF,
    0xEA, 0xFF, 0xEA, 0xFF, 0xEA, 0xFF, 0xEA, 0xFF,
    0xEA, 0xFF, 0xEA, 0xFF, 0xEA, 0xFF, 0xEA, 0xFF,
    0xEA, 0xFF, 0xEA, 0xFF, 0xEA, 0xFF, 0xEA, 0xFF,
    0xEA, 0xFF, 0xEA, 0xFE, 0xEA, 0xFE, 0xEA, 0xFE,
    0xEA, 0xFE, 0xEA, 0xFE, 0xEA, 0xFE, 0xEA, 0xFE,
    0xEA, 0xFE, 0xEA, 0xFD, 0xEA, 0xFD, 0xEA, 0xFD,
    0xEA, 0xFD, 0xEA, 0xFD, 0xEA, 0xFD, 0xEA, 0xFD,
    0xEA, 0xFD, 0xEA, 0xFC, 0xEA, 0xFC, 0xEA, 0xFC,
    0xEA, 0xFC, 0xEA, 0xFC, 0xEA, 0xFC, 0xEA, 0xFC,
    0xEA, 0xFC, 0xEA, 0xFB, 0xEA, 0xFB, 0xEA, 0xFB,
    0xEA, 0xFB, 0xEA, 0xFB, 0xEA, 0xFB, 0xEA, 0xFB,
    0xEA, 0xFB, 0xEA, 0xFA, 0xEA, 0xFA, 0xEA, 0xFA,
    0xEA, 0xFA, 0xEA, 0xFA, 0xEA, 0xFA, 0xEA, 0xFA,
    0xEA, 0xFA, 0xEA, 0xFA, 0xEB, 0xFA, 0xEB, 0xFA,
    0xEB, 0xFA, 0xEB, 0xFA, 0xEB, 0xFA, 0xEB, 0xFA,
    0xEB, 0xFA, 0xEC, 0xFA, 0xEC, 0xFA, 0xEC, 0xFA,
    0xEC, 0xFA, 0xEC, 0xFA, 0xEC, 0xFA, 0xEC, 0xFA,
    0xED, 0xFA, 0xED, 0xFA, 0xED, 0xFA, 0xED, 0xFA,
    0xED, 0xFA, 0xED, 0xFA, 0xED, 0xFA, 0xED, 0xFA,
    0xEE, 0xFA, 0xEE, 0xFA, 0xEE, 0xFA, 0xEE, 0xFA,
    0xEE, 0xFA, 0xEE, 0xFA, 0xEE, 0xFA, 0xEF, 0xFA,
    0xEF, 0xFA, 0xEF, 0xFA, 0xEF, 0xFA, 0xEF, 0xFA,
    0xEF, 0xFA, 0xEF, 0xFA, 0xEF, 0xFA, 0xEF, 0xFA,
    0xEF, 0xFA, 0xEF, 0xFA, 0xEF, 0xFA, 0xEF, 0xFA,
    0xEF, 0xFA, 0xEF, 0xFA, 0xEF, 0xFA, 0xDF, 0xFA,
    0xDF, 0xFA, 0xDF, 0xFA, 0xDF, 0xFA, 0xDF, 0xFA,
    0xDF, 0xFA, 0xDF, 0xFA, 0xCF, 0xFA, 0xCF, 0xFA,
    0xCF, 0xFA, 0xCF, 0xFA, 0xCF, 0xFA, 0xCF, 0xFA,
    0xCF, 0xFA, 0xBF, 0xFA, 0xBF, 0xFA, 0xBF, 0xFA,
    0xBF, 0xFA, 0xBF, 0xFA, 0xBF, 0xFA, 0xBF, 0xFA,
    0xBF, 0xFA, 0xAF, 0xFA, 0xAF, 0xFA, 0xAF, 0xFA,
    0xAF, 0xFA, 0xAF, 0xFA, 0xAF, 0xFA, 0xAF, 0xFA,
    0xAF, 0xFA, 0x9F, 0xFA, 0x9F, 0xFA, 0x9F, 0xFA,
    0x9F, 0xFA, 0x9F, 0xFA, 0x9F, 0xFA, 0x9F, 0xFA,
    0x9F, 0xFA, 0x9F, 0xFA, 0x9F, 0xFB, 0x9F, 0xFB,
    0x9F, 0xFB, 0x9F, 0xFB, 0x9F, 0xFB, 0x9F, 0xFB,
    0x9F, 0xFC, 0x9F, 0xFC, 0x9F, 0xFC, 0x9F, 0xFC,
    0x9F, 0xFC, 0x9F, 0xFC, 0x9F, 0xFC, 0x9F, 0xFC,
    0x9F, 0xFC, 0x9F, 0xFC, 0x9F, 0xFD, 0x9F, 0xFD,
    0x9F, 0xFD, 0x9F, 0xFD, 0x9F, 0xFD, 0x9F, 0xFD,
    0x9F, 0xFD, 0x9F, 0xFE, 0x9F, 0xFE, 0x9F, 0xFE,
    0x9F, 0xFE, 0x9F, 0xFE, 0x9F, 0xFE, 0x9F, 0xFE,
    0x9F, 0xFE, 0x9F, 0xFF, 0x9F, 0xFF, 0x9F, 0xFF,
    0x9F, 0xFF, 0x9F, 0xFF, 0x9F, 0xFF, 0x9F, 0xFF,
    0x9F, 0xFF, 0x9F, 0xFF, 0x9F, 0xFF, 0x9F, 0xFF,
    0x9F, 0xFF, 0x9F, 0xFF, 0x9F, 0xFF, 0x9E, 0xFF,
    0x9E, 0xFF, 0x9E, 0xFF, 0x9E, 0xFF, 0x9E, 0xFF,
    0x9E, 0xFF, 0x9E, 0xFF, 0x9E, 0xFF, 0x9E, 0xFF,
    0x9D, 0xFF, 0x9D, 0xFF, 0x9D, 0xFF, 0x9D, 0xFF,
    0x9D, 0xFF, 0x9D, 0xFF, 0x9C, 0xFF, 0x9C, 0xFF,
    0x9C, 0xFF, 0x9C, 0xFF, 0x9C, 0xFF, 0x9C, 0xFF,
    0x9C, 0xFF, 0x9C, 0xFF, 0x9C, 0xFF, 0x9B, 0xFF,
    0x9B, 0xFF, 0x9B, 0xFF, 0x9B, 0xFF, 0x9B, 0xFF,
    0x9B, 0xFF, 0x9A, 0xFF, 0x9A, 0xFF, 0x9A, 0xFF,
    0x9A, 0xFF, 0x9A, 0xFF, 0x9A, 0xFF, 0x9A, 0xFF,
    0x9A, 0xFF, 0x9A, 0xFF, 0x9A, 0xFF, 0x9A, 0xFF,
    0xAA, 0xFF, 0xAA, 0xFF, 0xAA, 0xFF, 0xAA, 0xFF,
    0xAA, 0xFF, 0xAA, 0xFF, 0xAA, 0xFF, 0xAA, 0xFF,
    0xBA, 0xFF, 0xBA, 0xFF, 0xBA, 0xFF, 0xBA, 0xFF,
    0xBA, 0xFF, 0xBA, 0xFF, 0xBA, 0xFF, 0xCA, 0xFF,
    0xCA, 0xFF, 0xCA, 0xFF, 0xCA, 0xFF, 0xCA, 0xFF,
    0xCA, 0xFF, 0xCA, 0xFF, 0xDA, 0xFF, 0xDA, 0xFF,
    0xDA, 0xFF, 0xDA, 0xFF, 0xDA, 0xFF, 0xDA, 0xFF,
    0xDA, 0xFF, 0xEA, 0xFF, 0xEA, 0xFF, 0xEA, 0xFF,
    0xEA, 0xFF, 0xEA, 0xFF, 0xEA, 0xFF, 0xEA, 0xFF,
    0xEA, 0xFF, 0xEA, 0xFF, 0xEA, 0xFF, 0xEA, 0xFF,
    0xEA, 0xFF, 0xEA, 0xFF, 0xEA, 0xFF, 0xEA, 0xFF,
    0xEA, 0xFF, 0xEA, 0xFE, 0xEA, 0xFE, 0xEA, 0xFE,
    0xEA, 0xFE, 0xEA, 0xFE, 0xEA, 0xFE, 0xEA, 0xFE,
    0xEA, 0xFD, 0xEA, 0xFD, 0xEA, 0xFD, 0xEA, 0xFD,
    0xEA, 0xFD, 0xEA, 0xFD, 0xEA, 0xFD, 0xEA, 0xFD,
    0xEA, 0xFD, 0xEA, 0xFC, 0xEA, 0xFC, 0xEA, 0xFC,
    0xEA, 0xFC, 0xEA, 0xFC, 0xEA, 0xFC, 0xEA, 0xFB,
    0xEA, 0xFB, 0xEA, 0xFB, 0xEA, 0xFB, 0xEA, 0xFB,
    0xEA, 0xFB, 0xEA, 0xFB, 0xEA, 0xFA, 0xEA, 0xFA,
    0xEA, 0xFA, 0xEA, 0xFA, 0xEA, 0xFA, 0xEA, 0xFA,
    0xEA, 0xFA, 0xEA, 0xFA, 0xEA, 0xFA, 0xEA, 0xFA,
    0xEA, 0xFA, 0xEA, 0xFA, 0xEB, 0xFA, 0xEB, 0xFA,
    0xEB, 0xFA, 0xEB, 0xFA, 0xEB, 0xFA, 0xEB, 0xFA,
    0xEB, 0xFA, 0xEC, 0xFA, 0xEC, 0xFA, 0xEC, 0xFA,
    0xEC, 0xFA, 0xEC, 0xFA, 0xEC, 0xFA, 0xEC, 0xFA,
    0xED, 0xFA, 0xED, 0xFA, 0xED, 0xFA, 0xED, 0xFA,
    0xED, 0xFA, 0xED, 0xFA, 0xED, 0xFA, 0xED, 0xFA,
    0xED, 0xFA, 0xEE, 0xFA, 0xEE, 0xFA, 0xEE, 0xFA,
    0xEE, 0xFA, 0xEE, 0xFA, 0xEE, 0xFA, 0xEE, 0xFA,
    0xEF, 0xFA, 0xEF, 0xFA, 0xEF, 0xFA, 0xEF, 0xFA,
    0xEF, 0xFA, 0xEF, 0xFA, 0xEF, 0xFA, 0xEF, 0xFA,
    0xEF, 0xFA, 0xEF, 0xFA, 0xEF, 0xFA, 0xEF, 0xFA,
    0xEF, 0xFA, 0xEF, 0xFA, 0xDF, 0xFA, 0xDF, 0xFA,
    0xDF, 0xFA, 0xDF, 0xFA, 0xDF, 0xFA, 0xDF, 0xFA,
    0xDF, 0xFA, 0xDF, 0xFA, 0xCF, 0xFA, 0xCF, 0xFA,
    0xCF, 0xFA, 0xCF, 0xFA, 0xCF, 0xFA, 0xCF, 0xFA,
    0xBF, 0xFA, 0xBF, 0xFA, 0xBF, 0xFA, 0xBF, 0xFA,
    0xBF, 0xFA, 0xBF, 0xFA, 0xBF, 0xFA, 0xBF, 0xFA,
    0xAF, 0xFA, 0xAF, 0xFA, 0xAF, 0xFA, 0xAF, 0xFA,
    0xAF, 0xFA, 0xAF, 0xFA, 0xAF, 0xFA, 0x9F, 0xFA,
    0x9F, 0xFA, 0x9F, 0xFA, 0x9F, 0xFA, 0x9F, 0xFA,
    0x9F, 0xFA, 0x9F, 0xFA, 0x9F, 0xFA, 0x9F, 0xFA,
    0x9F, 0xFA, 0x9F, 0xFA, 0x9F, 0xFA, 0x9F, 0xFA,
    0x9F, 0xFB, 0x9F, 0xFB, 0x9F, 0xFB, 0x9F, 0xFB,
    0x9F, 0xFB, 0x9F, 0xFC, 0x9F, 0xFC, 0x9F, 0xFC,
    0x9F, 0xFC, 0x9F, 0xFC, 0x9F, 0xFC, 0x9F, 0xFC,
    0x9F, 0xFC, 0x9F, 0xFC, 0x9F, 0xFC, 0x9F, 0xFD,
    0x9F, 0xFD, 0x9F, 0xFD, 0x9F, 0xFD, 0x9F, 0xFD,
    0x9F, 0xFD, 0x9F, 0xFE, 0x9F, 0xFE, 0x9F, 0xFE,
    0x9F, 0xFE, 0x9F, 0xFE, 0x9F, 0xFE, 0x9F, 0xFE,
    0x9F, 0xFE, 0x9F, 0xFF, 0x9F, 0xFF, 0x9F, 0xFF,
    0x9F, 0xFF, 0x9F, 0xFF, 0x9F, 0xFF, 0x9F, 0xFF,
    0x9F, 0xFF, 0x9F, 0xFF, 0x9F, 0xFF, 0x9F, 0xFF,
    0x9F, 0xFF, 0x9F, 0xFF, 0x9F, 0xFF, 0x9E, 0xFF,
    0x9E, 0xFF, 0x9E, 0xFF, 0x9E, 0xFF, 0x9E, 0xFF,
    0x9E, 0xFF, 0x9E, 0xFF, 0x9E, 0xFF, 0x9D, 0xFF,
    0x9D, 0xFF, 0x9D, 0xFF, 0x9D, 0xFF, 0x9D, 0xFF,
    0x9D, 0xFF, 0x9D, 0xFF, 0x9C, 0xFF, 0x9C, 0xFF,
    0x9C, 0xFF, 0x9C, 0xFF, 0x9C, 0xFF, 0x9C, 0xFF,
    0x9C, 0xFF, 0x9C, 0xFF, 0x9B, 0xFF, 0x9B, 0xFF,
    0x9B, 0xFF, 0x9B, 0xFF, 0x9B, 0xFF, 0x9B, 0xFF,
    0x9B, 0xFF, 0x9A, 0xFF, 0x9A, 0xFF, 0x9A, 0xFF,
    0x9A, 0xFF, 0x9A, 0xFF, 0x9A, 0xFF, 0x9A, 0xFF,
    0x9A, 0xFF, 0x9A, 0xFF, 0x9A, 0xFF, 0x9A, 0xFF,
    0x9A, 0xFF, 0xAA, 0xFF, 0xAA, 0xFF, 0xAA, 0xFF,
    0xAA, 0xFF, 0xAA, 0xFF, 0xAA, 0xFF, 0xAA, 0xFF,
    0xBA, 0xFF, 0xBA, 0xFF, 0xBA, 0xFF, 0xBA, 0xFF,
    0xBA, 0xFF, 0xBA, 0xFF, 0xBA, 0xFF, 0xCA, 0xFF,
    0xCA, 0xFF, 0xCA, 0xFF, 0xCA, 0xFF, 0xCA, 0xFF,
    0xCA, 0xFF, 0xCA, 0xFF, 0xCA, 0xFF, 0xDA, 0xFF,
    0xDA, 0xFF, 0xDA, 0xFF, 0xDA, 0xFF, 0xDA, 0xFF,
    0xDA, 0xFF, 0xDA, 0xFF, 0xEA, 0xFF, 0xEA, 0xFF,
    0xEA, 0xFF, 0xEA, 0xFF, 0xEA, 0xFF, 0xEA, 0xFF,
    0xEA, 0xFF, 0xEA, 0xFF, 0xEA, 0xFF, 0xEA, 0xFF,
    0xEA, 0xFF, 0xEA, 0xFF, 0xEA, 0xFF, 0xEA, 0xFF,
    0xEA, 0xFE, 0xEA, 0xFE, 0xEA, 0xFE, 0xEA, 0xFE,
    0xEA, 0xFE, 0xEA, 0xFE, 0xEA, 0xFE, 0xEA, 0xFE,
    0xEA, 0xFD, 0xEA, 0xFD, 0xEA, 0xFD, 0xEA, 0xFD,
    0xEA, 0xFD, 0xEA, 0xFD, 0xEA, 0xFD, 0xEA, 0xFD,
    0xEA, 0xFC, 0xEA, 0xFC, 0xEA, 0xFC, 0xEA, 0xFC,
    0xEA, 0xFC, 0xEA, 0xFC, 0xEA, 0xFC, 0xEA, 0xFB,
    0xEA, 0xFB, 0xEA, 0xFB, 0xEA, 0xFB, 0xEA, 0xFB,
    0xEA, 0xFB, 0xEA, 0xFB, 0xEA, 0xFA, 0xEA, 0xFA,
    0xEA, 0xFA, 0xEA, 0xFA, 0xEA, 0xFA, 0xEA, 0xFA,
    0xEA, 0xFA, 0xEA, 0xFA, 0xEA, 0xFA, 0xEA, 0xFA,
    0xEA, 0xFA, 0xEA, 0xFA, 0xEA, 0xFA, 0xEB, 0xFA,
    0xEB, 0xFA, 0xEB, 0xFA, 0xEB, 0xFA, 0xEB, 0xFA,
    0xEB, 0xFA, 0xEB, 0xFA, 0xEC, 0xFA, 0xEC, 0xFA,
    0xEC, 0xFA, 0xEC, 0xFA, 0xEC, 0xFA, 0xEC, 0xFA,
    0xEC, 0xFA, 0xED, 0xFA, 0xED, 0xFA, 0xED, 0xFA,
    0xED, 0xFA, 0xED, 0xFA, 0xED, 0xFA, 0xED, 0xFA,
    0xED, 0xFA, 0xEE, 0xFA, 0xEE, 0xFA, 0xEE, 0xFA,
    0xEE, 0xFA, 0xEE, 0xFA, 0xEE, 0xFA, 0xEE, 0xFA,
    0xEF, 0xFA, 0xEF, 0xFA, 0xEF, 0xFA, 0xEF, 0xFA,
    0xEF, 0xFA, 0xEF, 0xFA, 0xEF, 0xFA, 0xEF, 0xFA,
    0xEF, 0xFA, 0xEF, 0xFA, 0xEF, 0xFA, 0xEF, 0xFA,
    0xEF, 0xFA, 0xEF, 0xFA, 0xDF, 0xFA, 0xDF, 0xFA,
    0xDF, 0xFA, 0xDF, 0xFA, 0xDF, 0xFA, 0xDF, 0xFA,
    0xDF, 0xFA, 0xDF, 0xFA, 0xCF, 0xFA, 0xCF, 0xFA,
    0xCF, 0xFA, 0xCF, 0xFA, 0xCF, 0xFA, 0xCF, 0xFA,
    0xBF, 0xFA, 0xBF, 0xFA, 0xBF, 0xFA, 0xBF, 0xFA,
    0xBF, 0xFA, 0xBF, 0xFA, 0xBF, 0xFA, 0xAF, 0xF9,
    0xAF, 0xFA, 0xAF, 0xFA, 0xAF, 0xFA, 0xAF, 0xFA,
    0xAF, 0xFA, 0xAF, 0xFA, 0xAF, 0xFA, 0x9F, 0xFA,
    0x9F, 0xFA, 0x9F, 0xFA, 0x9F, 0xFA, 0x9F, 0xFA,
    0x9F, 0xFA, 0x9F, 0xFA, 0x9F, 0xFA, 0x9F, 0xFA,
    0x9F, 0xFA, 0x9F, 0xFA, 0x9F, 0xFA, 0x9F, 0xFA,
    0x9F, 0xFB, 0x9F, 0xFB, 0x9F, 0xFB, 0x9F, 0xFB,
    0x9F, 0xFB, 0x9F, 0xFB, 0x9F, 0xFB, 0x9F, 0xFC,
    0x9F, 0xFC, 0x9F, 0xFC, 0x9F, 0xFC, 0x9F, 0xFC,
    0x9F, 0xFC, 0x9F, 0xFC, 0x9F, 0xFC, 0x9F, 0xFD,
    0x9F, 0xFD, 0x9F, 0xFD, 0x9F, 0xFD, 0x9F, 0xFD,
    0x9F, 0xFD, 0x9F, 0xFE, 0x9F, 0xFE, 0x9F, 0xFE,
    0x9F, 0xFE, 0x9F, 0xFE, 0x9F, 0xFE, 0x9F, 0xFE,
    0x9F, 0xFE, 0x9F, 0xFF, 0x9F, 0xFF, 0x9F, 0xFF,
    0x9F, 0xFF, 0x9F, 0xFF, 0x9F, 0xFF, 0x9F, 0xFF,
    0x9F, 0xFF, 0x9F, 0xFF, 0x9F, 0xFF, 0x9F, 0xFF,
    0x9F, 0xFF, 0x9F, 0xFF, 0x9F, 0xFF, 0x9E, 0xFF,
    0x9E, 0xFF, 0x9E, 0xFF, 0x9E, 0xFF, 0x9E, 0xFF,
    0x9E, 0xFF, 0x9E, 0xFF, 0x9E, 0xFF, 0x9D, 0xFF,
    0x9D, 0xFF, 0x9D, 0xFF, 0x9D, 0xFF, 0x9D, 0xFF,
    0x9D, 0xFF, 0x9D, 0xFF, 0x9C, 0xFF, 0x9C, 0xFF,
    0x9C, 0xFF, 0x9C, 0xFF, 0x9C, 0xFF, 0x9C, 0xFF,
    0x9C, 0xFF, 0x9B, 0xFF, 0x9B, 0xFF, 0x9B, 0xFF,
    0x9B, 0xFF, 0x9B, 0xFF, 0x9B, 0xFF, 0x9B, 0xFF,
    0x9A, 0xFF, 0x9A, 0xFF, 0x9A, 0xFF, 0x9A, 0xFF,
    0x9A, 0xFF, 0x9A, 0xFF, 0x9A, 0xFF, 0x9A, 0xFF,
    0x9A, 0xFF, 0x9A, 0xFF, 0x9A, 0xFF, 0x9A, 0xFF,
    0x9A, 0xFF, 0xAA, 0xFF, 0xAA, 0xFF, 0xAA, 0xFF,
    0xAA, 0xFF, 0xAA, 0xFF, 0xAA, 0xFF, 0xAA, 0xFF,
    0xAA, 0xFF, 0xBA, 0xFF, 0xBA, 0xFF, 0xBA, 0xFF,
    0xBA, 0xFF, 0xBA, 0xFF, 0xBA, 0xFF, 0xBA, 0xFF,
    0xCA, 0xFF, 0xCA, 0xFF, 0xCA, 0xFF, 0xCA, 0xFF,
    0xCA, 0xFF, 0xCA, 0xFF, 0xCA, 0xFF, 0xDA, 0xFF,
    0xDA, 0xFF, 0xDA, 0xFF, 0xDA, 0xFF, 0xDA, 0xFF,
    0xDA, 0xFF, 0xDA, 0xFF, 0xEA, 0xFF, 0xEA, 0xFF,
    0xEA, 0xFF, 0xEA, 0xFF, 0xEA, 0xFF, 0xEA, 0xFF,
    0xEA, 0xFF, 0xEA, 0xFF, 0xEA, 0xFF, 0xEA, 0xFF,
    0xEA, 0xFF, 0xEA, 0xFF, 0xEA, 0xFF, 0xEA, 0xFF,
    0xEA, 0xFF, 0xEA, 0xFE, 0xEA, 0xFE, 0xEA, 0xFE,
    0xEA, 0xFE, 0xEA, 0xFE, 0xEA, 0xFE, 0xEA, 0xFE,
    0xEA, 0xFD, 0xEA, 0xFD, 0xEA, 0xFD, 0xEA, 0xFD,
    0xEA, 0xFD, 0xEA, 0xFD, 0xEA, 0xFD, 0xEA, 0xFD,
    0xEA, 0xFC, 0xEA, 0xFC, 0xEA, 0xFC, 0xEA, 0xFC,
    0xEA, 0xFC, 0xEA, 0xFC, 0xEA, 0xFC, 0xEA, 0xFB,
    0xEA, 0xFB, 0xEA, 0xFB, 0xEA, 0xFB, 0xEA, 0xFB,
    0xEA, 0xFB, 0xEA, 0xFB, 0xEA, 0xFA, 0xEA, 0xFA,
    0xEA, 0xFA, 0xEA, 0xFA, 0xEA, 0xFA, 0xEA, 0xFA,
    0xE9, 0xF9, 0xEA, 0xF9, 0xEA, 0xFA, 0xEA, 0xF9,
    0xEA, 0xF9, 0xEA, 0xF9, 0xEA, 0xF9, 0xEA, 0xF9,
    0xEB, 0xF9, 0xEB, 0xF9, 0xEB, 0xF9, 0xEB, 0xF9,
    0xEB, 0xF9, 0xEB, 0xF9, 0xEB, 0xF9, 0xEC, 0xF9,
    0xEC, 0xF9, 0xEC, 0xF9, 0xEC, 0xF9, 0xEC, 0xF9,
    0xEC, 0xFA, 0xEC, 0xFA, 0xED, 0xF9, 0xED, 0xF9,
    0xED, 0xF9, 0xED, 0xF9, 0xED, 0xF9, 0xED, 0xF9,
    0xED, 0xF9, 0xEE, 0xF9, 0xEE, 0xFA, 0xEE, 0xF9,
    0xEE, 0xF9, 0xEE, 0xF9, 0xEE, 0xF9, 0xEE, 0xFA,
    0xEF, 0xFA, 0xEF, 0xFA, 0xEF, 0xF9, 0xEF, 0xF9,
    0xEF, 0xF9, 0xEF, 0xF9, 0xEF, 0xF9, 0xEF, 0xF9,
    0xEF, 0xF9, 0xEF, 0xF9, 0xEF, 0xF9, 0xEF, 0xF9,
    0xEF, 0xF9, 0xDF, 0xF9, 0xDF, 0xF9, 0xDF, 0xF9,
    0xDF, 0xF9, 0xDF, 0xF9, 0xDF, 0xF9, 0xDF, 0xFA,
    0xDF, 0xFA, 0xCF, 0xF9, 0xCF, 0xF9, 0xCF, 0xF9,
    0xCF, 0xF9, 0xCF, 0xF9, 0xCF, 0xF9, 0xBF, 0xF9,
    0xBF, 0xF9, 0xBF, 0xF9, 0xBF, 0xF9, 0xBF, 0xF9,
    0xBF, 0xF9, 0xBF, 0xF9, 0xBF, 0xF9, 0xAF, 0xF9,
    0xAF, 0xF9, 0xAF, 0xF9, 0xAF, 0xF9, 0xAF, 0xF9,
    0xAF, 0xF9, 0xAF, 0xF9, 0x9F, 0xF9, 0x9F, 0xF9,
    0x9F, 0xF9, 0x9F, 0xF9, 0x9F, 0xF9, 0x9F, 0xF9,
    0x9F, 0xF9, 0x9F, 0xFA, 0x8F, 0xFA, 0x8F, 0xFA,
    0x8F, 0xFA, 0x8F, 0xFA, 0x8F, 0xFA, 0x8F, 0xFA,
    0x8F, 0xFA, 0x9F, 0xFB, 0x9F, 0xFB, 0x9F, 0xFB,
    0x8F, 0xFB, 0x8F, 0xFB, 0x8F, 0xFB, 0x8F, 0xFB,
    0x9F, 0xFC, 0x9F, 0xFC, 0x8F, 0xFC, 0x8F, 0xFC,
    0x8F, 0xFC, 0x8F, 0xFC, 0x8F, 0xFC, 0x8F, 0xFD,
    0x8F, 0xFD, 0x8F, 0xFD, 0x8F, 0xFD, 0x8F, 0xFD,
    0x9F, 0xFD, 0x9F, 0xFD, 0x9F, 0xFD, 0x8F, 0xFE,
    0x8F, 0xFE, 0x8F, 0xFE, 0x8F, 0xFE, 0x9F, 0xFE,
    0x9F, 0xFE, 0x8F, 0xFF, 0x8F, 0xFF, 0x8F, 0xFF,
    0x8F, 0xFF, 0x8F, 0xFF, 0x8F, 0xFF, 0x8F, 0xFF,
    0x8F, 0xFF, 0x8F, 0xFF, 0x8F, 0xFF, 0x8F, 0xFF,
    0x8F, 0xFF, 0x8F, 0xFF, 0x8F, 0xFF, 0x8E, 0xFF,
    0x8E, 0xFF, 0x8E, 0xFF, 0x8E, 0xFF, 0x8E, 0xFF,
    0x8E, 0xFF, 0x8E, 0xFF, 0x8D, 0xFF, 0x8D, 0xFF,
    0x8D, 0xFF, 0x8D, 0xFF, 0x8D, 0xFF, 0x8D, 0xFF,
    0x8D, 0xFF, 0x8C, 0xFF, 0x8C, 0xFF, 0x8C, 0xFF,
    0x8C, 0xFF, 0x8C, 0xFF, 0x8C, 0xFF, 0x8C, 0xFF,
    0x8B, 0xFF, 0x8B, 0xFF, 0x8B, 0xFF, 0x8B, 0xFF,
    0x8B, 0xFF, 0x8B, 0xFF, 0x8B, 0xFF, 0x8A, 0xFF,
    0x8A, 0xFF, 0x8A, 0xFF, 0x8A, 0xFF, 0x8A, 0xFF,
    0x8A, 0xFF, 0x8A, 0xFF, 0x89, 0xFF, 0x89, 0xFF,
    0x99, 0xFF, 0x99, 0xFF, 0x99, 0xFF, 0x99, 0xFF,
    0x99, 0xFF, 0x99, 0xFF, 0xA9, 0xFF, 0xA9, 0xFF,
    0xA9, 0xFF, 0xA9, 0xFF, 0xA9, 0xFF, 0xA9, 0xFF,
    0xA9, 0xFF, 0xB9, 0xFF, 0xB9, 0xFF, 0xB9, 0xFF,
    0xB9, 0xFF, 0xB9, 0xFF, 0xB9, 0xFF, 0xB9, 0xFF,
    0xB9, 0xFF, 0xC9, 0xFF, 0xC9, 0xFF, 0xC9, 0xFF,
    0xC9, 0xFF, 0xC9, 0xFF, 0xC9, 0xFF, 0xD9, 0xFF,
    0xD9, 0xFF, 0xD9, 0xFF, 0xD9, 0xFF, 0xD9, 0xFF,
    0xD9, 0xFF, 0xD9, 0xFF, 0xD9, 0xFF, 0xE9, 0xFF,
    0xE9, 0xFF, 0xE9, 0xFF, 0xE9, 0xFF, 0xE9, 0xFF,
    0xE9, 0xFF, 0xEA, 0xFF, 0xE9, 0xFF, 0xE9, 0xFF,
    0xE9, 0xFF, 0xE9, 0xFF, 0xE9, 0xFF, 0xE9, 0xFF,
    0xE9, 0xFE, 0xE9, 0xFE, 0xE9, 0xFE, 0xE9, 0xFE,
    0xE9, 0xFE, 0xE9, 0xFE, 0xE9, 0xFE, 0xE9, 0xFE,
    0xE9, 0xFD, 0xE9, 0xFD, 0xE9, 0xFD, 0xE9, 0xFD,
    0xE9, 0xFD, 0xE9, 0xFD, 0xEA, 0xFC, 0xEA, 0xFC,
    0xEA, 0xFC, 0xE9, 0xFC, 0xE9, 0xFC, 0xE9, 0xFC,
    0xE9, 0xFC, 0xE9, 0xFB, 0xE9, 0xFB, 0xE9, 0xFB,
    0xE9, 0xFB, 0xE9, 0xFB, 0xE9, 0xFB, 0xE9, 0xFB,
    0xE9, 0xFA, 0xE9, 0xFA, 0xE9, 0xFA, 0xE9, 0xFA,
    0xE9, 0xFA, 0xE9, 0xFA, 0xE9, 0xFA, 0xE9, 0xFA,
    0xE9, 0xF9, 0xE9, 0xF9, 0xEA, 0xF9, 0xEA, 0xF9,
    0xEA, 0xF9, 0xEA, 0xF9, 0xEA, 0xF9, 0xEA, 0xF9,
    0xEB, 0xF9, 0xEB, 0xF9, 0xEB, 0xF9, 0xEB, 0xF9,
    0xEB, 0xF9, 0xEB, 0xF9, 0xEB, 0xF9, 0xEC, 0xF9,
    0xEC, 0xF9, 0xEC, 0xF9, 0xEC, 0xF9, 0xEC, 0xF9,
    0xEC, 0xF9, 0xEC, 0xF9, 0xEC, 0xF9, 0xED, 0xF9,
    0xED, 0xF9, 0xED, 0xF9, 0xED, 0xF9, 0xED, 0xF9,
    0xED, 0xF9, 0xEE, 0xF9, 0xEE, 0xF9, 0xEE, 0xF9,
    0xEE, 0xF9, 0xEE, 0xF9, 0xEE, 0xF9, 0xEE, 0xF9,
    0xEE, 0xF9, 0xEF, 0xF9, 0xEF, 0xF9, 0xEF, 0xF9,
    0xEF, 0xF9, 0xEF, 0xF9, 0xEF, 0xF9, 0xEF, 0xF9,
    0xEF, 0xF9, 0xEF, 0xF9, 0xEF, 0xF9, 0xEF, 0xF9,
    0xEF, 0xF9, 0xDF, 0xF9, 0xDF, 0xF9, 0xDF, 0xF9,
    0xDF, 0xF9, 0xDF, 0xF9, 0xDF, 0xF9, 0xDF, 0xF9,
    0xCF, 0xF9, 0xCF, 0xF9, 0xCF, 0xF9, 0xCF, 0xF9,
    0xCF, 0xF9, 0xCF, 0xF9, 0xCF, 0xF9, 0xBF, 0xF9,
    0xBF, 0xF9, 0xBF, 0xF9, 0xBF, 0xF9, 0xBF, 0xF9,
    0xBF, 0xF9, 0xBF, 0xF9, 0xAF, 0xF9, 0xAF, 0xF9,
    0xAF, 0xF9, 0xAF, 0xF9, 0xAF, 0xF9, 0xAF, 0xF9,
    0xAF, 0xF9, 0x9F, 0xF9, 0x9F, 0xF9, 0x9F, 0xF9,
    0x9F, 0xF9, 0x9F, 0xF9, 0x9F, 0xF9, 0x9F, 0xF9,
    0x8F, 0xF9, 0x8F, 0xF9, 0x8F, 0xFA, 0x8F, 0xFA,
    0x8F, 0xFA, 0x8F, 0xFA, 0x8F, 0xFA, 0x8F, 0xFA,
    0x8F, 0xFA, 0x8F, 0xFB, 0x8F, 0xFB, 0x8F, 0xFB,
    0x8F, 0xFB, 0x8F, 0xFB, 0x8F, 0xFB, 0x8F, 0xFB,
    0x8F, 0xFB, 0x8F, 0xFC, 0x8F, 0xFC, 0x8F, 0xFC,
    0x8F, 0xFC, 0x8F, 0xFC, 0x8F, 0xFC, 0x8F, 0xFC,
    0x8F, 0xFD, 0x8F, 0xFD, 0x8F, 0xFD, 0x8F, 0xFD,
    0x8F, 0xFD, 0x8F, 0xFD, 0x8F, 0xFD, 0x8F, 0xFE,
    0x8F, 0xFE, 0x8F, 0xFE, 0x8F, 0xFE, 0x8F, 0xFE,
    0x8F, 0xFE, 0x8F, 0xFF, 0x8F, 0xFF, 0x8F, 0xFF,
    0x8F, 0xFF, 0x8F, 0xFF, 0x8F, 0xFF, 0x8F, 0xFF,
    0x8F, 0xFF, 0x8F, 0xFF, 0x8F, 0xFF, 0x8F, 0xFF,
    0x8F, 0xFF, 0x8F, 0xFF, 0x8F, 0xFF, 0x8E, 0xFF,
    0x8E, 0xFF, 0x8E, 0xFF, 0x8E, 0xFF, 0x8E, 0xFF,
    0x8E, 0xFF, 0x8E, 0xFF, 0x8D, 0xFF, 0x8D, 0xFF,
    0x8D, 0xFF, 0x8D, 0xFF, 0x8D, 0xFF, 0x8D, 0xFF,
    0x8D, 0xFF, 0x8C, 0xFF, 0x8C, 0xFF, 0x8C, 0xFF,
    0x8C, 0xFF, 0x8C, 0xFF, 0x8C, 0xFF, 0x8C, 0xFF,
    0x8B, 0xFF, 0x8B, 0xFF, 0x8B, 0xFF, 0x8B, 0xFF,
    0x8B, 0xFF, 0x8B, 0xFF, 0x8B, 0xFF, 0x8A, 0xFF,
    0x8A, 0xFF, 0x8A, 0xFF, 0x8A, 0xFF, 0x8A, 0xFF,
    0x8A, 0xFF, 0x89, 0xFF, 0x89, 0xFF, 0x89, 0xFF,
    0x99, 0xFF, 0x99, 0xFF, 0x99, 0xFF, 0x99, 0xFF,
    0x99, 0xFF, 0x99, 0xFF, 0x99, 0xFF, 0xA9, 0xFF,
    0xA9, 0xFF, 0xA9, 0xFF, 0xA9, 0xFF, 0xA9, 0xFF,
    0xA9, 0xFF, 0xB9, 0xFF, 0xB9, 0xFF, 0xB9, 0xFF,
    0xB9, 0xFF, 0xB9, 0xFF, 0xB9, 0xFF, 0xB9, 0xFF,
    0xB9, 0xFF, 0xC9, 0xFF, 0xC9, 0xFF, 0xC9, 0xFF,
    0xC9, 0xFF, 0xC9, 0xFF, 0xC9, 0xFF, 0xD9, 0xFF,
    0xD9, 0xFF, 0xD9, 0xFF, 0xD9, 0xFF, 0xD9, 0xFF,
    0xD9, 0xFF, 0xD9, 0xFF, 0xD9, 0xFF, 0xE9, 0xFF,
    0xE9, 0xFF, 0xE9, 0xFF, 0xE9, 0xFF, 0xE9, 0xFF,
    0xE9, 0xFF, 0xE9, 0xFF, 0xE9, 0xFF, 0xE9, 0xFF,
    0xE9, 0xFF, 0xE9, 0xFF, 0xE9, 0xFF, 0xE9, 0xFF,
    0xE9, 0xFF, 0xE9, 0xFE, 0xE9, 0xFE, 0xE9, 0xFE,
    0xE9, 0xFE, 0xE9, 0xFE, 0xE9, 0xFE, 0xE9, 0xFE,
    0xE9, 0xFD, 0xE9, 0xFD, 0xE9, 0xFD, 0xE9, 0xFD,
    0xE9, 0xFD, 0xE9, 0xFD, 0xE9, 0xFC, 0xE9, 0xFC,
    0xE9, 0xFC, 0xE9, 0xFC, 0xE9, 0xFC, 0xE9, 0xFC,
    0xE9, 0xFC, 0xE9, 0xFB, 0xE9, 0xFB, 0xE9, 0xFB,
    0xE9, 0xFB, 0xE9, 0xFB, 0xE9, 0xFB, 0xE9, 0xFA,
    0xE9, 0xFA, 0xE9, 0xFA, 0xE9, 0xFA, 0xE9, 0xFA,
    0xE9, 0xFA, 0xE9, 0xFA, 0xE9, 0xF9, 0xE9, 0xF9,
    0xE9, 0xF9, 0xE9, 0xF9, 0xEA, 0xF9, 0xEA, 0xF9,
    0xEA, 0xF9, 0xEA, 0xF9, 0xEA, 0xF9, 0xEA, 0xF9,
    0xEA, 0xF9, 0xEB, 0xF9, 0xEB, 0xF9, 0xEB, 0xF9,
    0xEB, 0xF9, 0xEB, 0xF9, 0xEB, 0xF9, 0xEC, 0xF9,
    0xEC, 0xF9, 0xEC, 0xF9, 0xEC, 0xF9, 0xEC, 0xF9,
    0xEC, 0xF9, 0xEC, 0xF9, 0xEC, 0xF9, 0xED, 0xF9,
    0xED, 0xF9, 0xED, 0xF9, 0xED, 0xF9, 0xED, 0xF9,
    0xED, 0xF9, 0xED, 0xF9, 0xEE, 0xF9, 0xEE, 0xF9,
    0xEE, 0xF9, 0xEE, 0xF9, 0xEE, 0xF9, 0xEE, 0xF9,
    0xEE, 0xF9, 0xEF, 0xF9, 0xEF, 0xF9, 0xEF, 0xF9,
    0xEF, 0xF9, 0xEF, 0xF9, 0xEF, 0xF9, 0xEF, 0xF9,
    0xEF, 0xF9, 0xEF, 0xF9, 0xEF, 0xF9, 0xEF, 0xF9,
    0xEF, 0xF9, 0xDF, 0xF9, 0xDF, 0xF9, 0xDF, 0xF9,
    0xDF, 0xF9, 0xDF, 0xF9, 0xDF, 0xF9, 0xDF, 0xF9,
    0xCF, 0xF9, 0xCF, 0xF9, 0xCF, 0xF9, 0xCF, 0xF9,
    0xCF, 0xF9, 0xCF, 0xF9, 0xCF, 0xF9, 0xBF, 0xF9,
    0xBF, 0xF9, 0xBF, 0xF9, 0xBF, 0xF9, 0xBF, 0xF9,
    0xBF, 0xF9, 0xBF, 0xF9, 0xAF, 0xF9, 0xAF, 0xF9,
    0xAF, 0xF9, 0xAF, 0xF9, 0xAF, 0xF9, 0xAF, 0xF9,
    0x9F, 0xF9, 0x9F, 0xF9, 0x9F, 0xF9, 0x9F, 0xF9,
    0x9F, 0xF9, 0x9F, 0xF9, 0x9F, 0xF9, 0x8F, 0xF9,
    0x8F, 0xF9, 0x8F, 0xF9, 0x8F, 0xF9, 0x8F, 0xFA,
    0x8F, 0xFA, 0x8F, 0xFA, 0x8F, 0xFA, 0x8F, 0xFA,
    0x8F, 0xFA, 0x8F, 0xFA, 0x8F, 0xFB, 0x8F, 0xFB,
    0x8F, 0xFB, 0x8F, 0xFB, 0x8F, 0xFB, 0x8F, 0xFB,
    0x8F, 0xFB, 0x8F, 0xFB, 0x8F, 0xFC, 0x8F, 0xFC,
    0x8F, 0xFC, 0x8F, 0xFC, 0x8F, 0xFC, 0x8F, 0xFC,
    0x8F, 0xFC, 0x8F, 0xFD, 0x8F, 0xFD, 0x8F, 0xFD,
    0x8F, 0xFD, 0x8F, 0xFD, 0x8F, 0xFD, 0x8F, 0xFE,
    0x8F, 0xFE, 0x8F, 0xFE, 0x8F, 0xFE, 0x8F, 0xFE,
    0x8F, 0xFE, 0x8F, 0xFF, 0x8F, 0xFF, 0x8F, 0xFF,
    0x8F, 0xFF, 0x8F, 0xFF, 0x8F, 0xFF, 0x8F, 0xFF,
    0x8F, 0xFF, 0x8F, 0xFF, 0x8F, 0xFF, 0x8F, 0xFF,
    0x8F, 0xFF, 0x8F, 0xFF, 0x8E, 0xFF, 0x8E, 0xFF,
    0x8E, 0xFF, 0x8E, 0xFF, 0x8E, 0xFF, 0x8E, 0xFF,
    0x8E, 0xFF, 0x8E, 0xFF, 0x8D, 0xFF, 0x8D, 0xFF,
    0x8D, 0xFF, 0x8D, 0xFF, 0x8D, 0xFF, 0x8D, 0xFF,
    0x8D, 0xFF, 0x8C, 0xFF, 0x8C, 0xFF, 0x8C, 0xFF,
    0x8C, 0xFF, 0x8C, 0xFF, 0x8C, 0xFF, 0x8B, 0xFF,
    0x8B, 0xFF, 0x8B, 0xFF, 0x8B, 0xFF, 0x8B, 0xFF,
    0x8B, 0xFF, 0x8B, 0xFF, 0x8A, 0xFF, 0x8A, 0xFF,
    0x8A, 0xFF, 0x8A, 0xFF, 0x8A, 0xFF, 0x8A, 0xFF,
    0x8A, 0xFF, 0x89, 0xFF, 0x89, 0xFF, 0x89, 0xFF,
    0x89, 0xFF, 0x99, 0xFF, 0x99, 0xFF, 0x99, 0xFF,
    0x99, 0xFF, 0x99, 0xFF, 0x99, 0xFF, 0xA9, 0xFF,
    0xA9, 0xFF, 0xA9, 0xFF, 0xA9, 0xFF, 0xA9, 0xFF,
    0xA9, 0xFF, 0xA9, 0xFF, 0xB9, 0xFF, 0xB9, 0xFF,
    0xB9, 0xFF, 0xB9, 0xFF, 0xB9, 0xFF, 0xB9, 0xFF,
    0xB9, 0xFF, 0xB9, 0xFF, 0xC9, 0xFF, 0xC9, 0xFF,
    0xC9, 0xFF, 0xC9, 0xFF, 0xC9, 0xFF, 0xC9, 0xFF,
    0xD9, 0xFF, 0xD9, 0xFF, 0xD9, 0xFF, 0xD9, 0xFF,
    0xD9, 0xFF, 0xD9, 0xFF, 0xD9, 0xFF, 0xE9, 0xFF,
    0xE9, 0xFF, 0xE9, 0xFF, 0xE9, 0xFF, 0xE9, 0xFF,
    0xE9, 0xFF, 0xE9, 0xFF, 0xE9, 0xFF, 0xE9, 0xFF,
    0xE9, 0xFF, 0xE9, 0xFF, 0xE9, 0xFF, 0xE9, 0xFF,
    0xE9, 0xFE, 0xE9, 0xFE, 0xE9, 0xFE, 0xE9, 0xFE,
    0xE9, 0xFE, 0xE9, 0xFE, 0xE9, 0xFE, 0xE9, 0xFD,
    0xE9, 0xFD, 0xE9, 0xFD, 0xE9, 0xFD, 0xE9, 0xFD,
    0xE9, 0xFD, 0xE9, 0xFC, 0xE9, 0xFC, 0xE9, 0xFC,
    0xE9, 0xFC, 0xE9, 0xFC, 0xE9, 0xFC, 0xE9, 0xFC,
    0xE9, 0xFC, 0xE9, 0xFB, 0xE9, 0xFB, 0xE9, 0xFB,
    0xE9, 0xFB, 0xE9, 0xFB, 0xE9, 0xFA, 0xE9, 0xFA,
    0xE9, 0xFA, 0xE9, 0xFA, 0xE9, 0xFA, 0xE9, 0xFA,
    0xE9, 0xFA, 0xE9, 0xF9, 0xE9, 0xF9, 0xE9, 0xF9,
    0xE9, 0xF9, 0xE9, 0xF9, 0xE9, 0xF9, 0xE9, 0xF9,
    0xEA, 0xF9, 0xEA, 0xF9, 0xEA, 0xF9, 0xEA, 0xF9,
    0xEA, 0xF9, 0xEA, 0xF9, 0xEB, 0xF9, 0xEB, 0xF9,
    0xEB, 0xF9, 0xEB, 0xF9, 0xEB, 0xF9, 0xEB, 0xF9,
    0xEB, 0xF9, 0xEC, 0xF9, 0xEC, 0xF9, 0xEC, 0xF9,
    0xEC, 0xF9, 0xEC, 0xF9, 0xEC, 0xF9, 0xEC, 0xF9,
    0xED, 0xF9, 0xED, 0xF9, 0xED, 0xF9, 0xED, 0xF9,
    0xED, 0xF9, 0xED, 0xF9, 0xEE, 0xF9, 0xEE, 0xF9,
    0xEE, 0xF9, 0xEE, 0xF9, 0xEE, 0xF9, 0xEE, 0xF9,
    0xEE, 0xF9, 0xEF, 0xF9, 0xEF, 0xF9, 0xEF, 0xF9,
    0xEF, 0xF9, 0xEF, 0xF9, 0xEF, 0xF9, 0xEF, 0xF9,
    0xEF, 0xF9, 0xEF, 0xF9, 0xEF, 0xF9, 0xEF, 0xF9,
    0xEF, 0xF9, 0xDF, 0xF9, 0xDF, 0xF9, 0xDF, 0xF9,
    0xDF, 0xF9, 0xDF, 0xF9, 0xDF, 0xF9, 0xDF, 0xF9,
    0xCF, 0xF9, 0xCF, 0xF9, 0xCF, 0xF9, 0xCF, 0xF9,
    0xCF, 0xF9, 0xCF, 0xF9, 0xBF, 0xF9, 0xBF, 0xF9,
    0xBF, 0xF9, 0xBF, 0xF9, 0xBF, 0xF9, 0xBF, 0xF9,
    0xBF, 0xF9, 0xBF, 0xF9, 0xAF, 0xF9, 0xAF, 0xF9,
    0xAF, 0xF9, 0xAF, 0xF9, 0xAF, 0xF9, 0x9F, 0xF9,
    0x9F, 0xF9, 0x9F, 0xF9, 0x9F, 0xF9, 0x9F, 0xF9,
    0x9F, 0xF9, 0x9F, 0xF9, 0x8F, 0xF9, 0x8F, 0xF9,
    0x8F, 0xF9, 0x8F, 0xF9, 0x8F, 0xF9, 0x8F, 0xFA,
    0x8F, 0xFA, 0x8F, 0xFA, 0x8F, 0xFA, 0x8F, 0xFA,
    0x8F, 0xFA, 0x8F, 0xFA, 0x8F, 0xFA, 0x8F, 0xFB,
    0x8F, 0xFB, 0x8F, 0xFB, 0x8F, 0xFB, 0x8F, 0xFB,
    0x8F, 0xFB, 0x8F, 0xFB, 0x8F, 0xFC, 0x8F, 0xFC,
    0x8F, 0xFC, 0x8F, 0xFC, 0x8F, 0xFC, 0x8F, 0xFC,
    0x8F, 0xFC, 0x8F, 0xFD, 0x8F, 0xFD, 0x8F, 0xFD,
    0x8F, 0xFD, 0x8F, 0xFD, 0x8F, 0xFD, 0x8F, 0xFE,
    0x8F, 0xFE, 0x8F, 0xFE, 0x8F, 0xFE, 0x8F, 0xFE,
    0x8F, 0xFE, 0x8F, 0xFE, 0x8F, 0xFF, 0x8F, 0xFF,
    0x8F, 0xFF, 0x8F, 0xFF, 0x8F, 0xFF, 0x8F, 0xFF,
    0x8F, 0xFF, 0x8F, 0xFF, 0x8F, 0xFF, 0x8F, 0xFF,
    0x8F, 0xFF, 0x8F, 0xFF, 0x8E, 0xFF, 0x8E, 0xFF,
    0x8E, 0xFF, 0x8E, 0xFF, 0x8E, 0xFF, 0x8E, 0xFF,
    0x8E, 0xFF, 0x8D, 0xFF, 0x8D, 0xFF, 0x8D, 0xFF,
    0x8D, 0xFF, 0x8D, 0xFF, 0x8D, 0xFF, 0x8D, 0xFF,
    0x8C, 0xFF, 0x8C, 0xFF, 0x8C, 0xFF, 0x8C, 0xFF,
    0x8C, 0xFF, 0x8C, 0xFF, 0x8C, 0xFF, 0x8B, 0xFF,
    0x8B, 0xFF, 0x8B, 0xFF, 0x8B, 0xFF, 0x8B, 0xFF,
    0x8B, 0xFF, 0x8A, 0xFF, 0x8A, 0xFF, 0x8A, 0xFF,
    0x8A, 0xFF, 0x8A, 0xFF, 0x8A, 0xFF, 0x8A, 0xFF,
    0x89, 0xFF, 0x89, 0xFF, 0x89, 0xFF, 0x89, 0xFF,
    0x89, 0xFF, 0x89, 0xFF, 0x99, 0xFF, 0x99, 0xFF,
    0x99, 0xFF, 0x99, 0xFF, 0x99, 0xFF, 0x99, 0xFF,
    0x99, 0xFF, 0xA9, 0xFF, 0xA9, 0xFF, 0xA9, 0xFF,
    0xA9, 0xFF, 0xA9, 0xFF, 0xA9, 0xFF, 0xB9, 0xFF,
    0xB9, 0xFF, 0xB9, 0xFF, 0xB9, 0xFF, 0xB9, 0xFF,
    0xB9, 0xFF, 0xB9, 0xFF, 0xC9, 0xFF, 0xC9, 0xFF,
    0xC9, 0xFF, 0xC9, 0xFF, 0xC9, 0xFF, 0xC9, 0xFF,
    0xD9, 0xFF, 0xD9, 0xFF, 0xD9, 0xFF, 0xD9, 0xFF,
    0xD9, 0xFF, 0xD9, 0xFF, 0xD9, 0xFF, 0xD9, 0xFF,
    0xE9, 0xFF, 0xE9, 0xFF, 0xE9, 0xFF, 0xE9, 0xFF,
    0xE9, 0xFF, 0xE9, 0xFF, 0xE9, 0xFF, 0xE9, 0xFF,
    0xE9, 0xFF, 0xE9, 0xFF, 0xE9, 0xFF, 0xE9, 0xFF,
    0xE9, 0xFE, 0xE9, 0xFE, 0xE9, 0xFE, 0xE9, 0xFE,
    0xE9, 0xFE, 0xE9, 0xFE, 0xE9, 0xFE, 0xE9, 0xFD,
    0xE9, 0xFD, 0xE9, 0xFD, 0xE9, 0xFD, 0xE9, 0xFD,
    0xE9, 0xFD, 0xE9, 0xFC, 0xE9, 0xFC, 0xE9, 0xFC,
    0xE9, 0xFC, 0xE9, 0xFC, 0xE9, 0xFC, 0xE9, 0xFC,
    0xE9, 0xFB, 0xE9, 0xFB, 0xE9, 0xFB, 0xE9, 0xFB,
    0xE9, 0xFB, 0xE9, 0xFB, 0xE9, 0xFA, 0xE9, 0xFA,
    0xE9, 0xFA, 0xE9, 0xFA, 0xE9, 0xFA, 0xE9, 0xFA,
    0xE9, 0xFA, 0xE9, 0xF9, 0xE9, 0xF9, 0xE9, 0xF9,
    0xE9, 0xF9, 0xE9, 0xF9, 0xE9, 0xF9, 0xE9, 0xF9,
    0xE9, 0xF9, 0xEA, 0xF9, 0xEA, 0xF9, 0xEA, 0xF9,
    0xEA, 0xF9, 0xEA, 0xF9, 0xEA, 0xF9, 0xEB, 0xF9,
    0xEB, 0xF9, 0xEB, 0xF9, 0xEB, 0xF9, 0xEB, 0xF9,
    0xEB, 0xF9, 0xEC, 0xF9, 0xEC, 0xF9, 0xEC, 0xF9,
    0xEC, 0xF9, 0xEC, 0xF9, 0xEC, 0xF9, 0xEC, 0xF9,
    0xED, 0xF9, 0xED, 0xF9, 0xED, 0xF9, 0xED, 0xF9,
    0xED, 0xF9, 0xED, 0xF9, 0xEE, 0xF9, 0xEE, 0xF9,
    0xEE, 0xF9, 0xEE, 0xF9, 0xEE, 0xF9, 0xEE, 0xF9,
    0xEE, 0xF9, 0xEF, 0xF9, 0xEF, 0xF9, 0xEF, 0xF9,
    0xEF, 0xF9, 0xEF, 0xF9, 0xEF, 0xF9, 0xEF, 0xF9,
    0xEF, 0xF9, 0xEF, 0xF9, 0xEF, 0xF9, 0xEF, 0xF9,
    0xEF, 0xF9, 0xDF, 0xF9, 0xDF, 0xF9, 0xDF, 0xF9,
    0xDF, 0xF9, 0xDF, 0xF9, 0xDF, 0xF9, 0xDF, 0xF9,
    0xCF, 0xF9, 0xCF, 0xF9, 0xCF, 0xF9, 0xCF, 0xF9,
    0xCF, 0xF9, 0xCF, 0xF9, 0xBF, 0xF9, 0xBF, 0xF9,
    0xBF, 0xF9, 0xBF, 0xF9, 0xBF, 0xF9, 0xBF, 0xF9,
    0xBF, 0xF9, 0xAF, 0xF9, 0xAF, 0xF9, 0xAF, 0xF9,
    0xAF, 0xF9, 0xAF, 0xF9, 0xAF, 0xF9, 0x9F, 0xF9,
    0x9F, 0xF9, 0x9F, 0xF9, 0x9F, 0xF9, 0x9F, 0xF9,
    0x9F, 0xF9, 0x9F, 0xF9, 0x8F, 0xF9, 0x8F, 0xF9,
    0x8F, 0xF9, 0x8F, 0xF9, 0x8F, 0xF9, 0x8F, 0xF9,
    0x8F, 0xFA, 0x8F, 0xFA, 0x8F, 0xFA, 0x8F, 0xFA,
    0x8F, 0xFA, 0x8F, 0xFA, 0x8F, 0xFA, 0x8F, 0xFA,
    0x8F, 0xFB, 0x8F, 0xFB, 0x8F, 0xFB, 0x8F, 0xFB,
    0x8F, 0xFB, 0x8F, 0xFB, 0x8F, 0xFC, 0x8F, 0xFC,
    0x8F, 0xFC, 0x8F, 0xFC, 0x8F, 0xFC, 0x8F, 0xFC,
    0x8F, 0xFC, 0x8F, 0xFD, 0x8F, 0xFD, 0x8F, 0xFD,
    0x8F, 0xFD, 0x8F, 0xFD, 0x8F, 0xFD, 0x8F, 0xFE,
    0x8F, 0xFE, 0x8F, 0xFE, 0x8F, 0xFE, 0x8F, 0xFE,
    0x8F, 0xFE, 0x8F, 0xFE, 0x8F, 0xFF, 0x8F, 0xFF,
    0x8F, 0xFF, 0x8F, 0xFF, 0x8F, 0xFF, 0x8F, 0xFF,
    0x8F, 0xFF, 0x8F, 0xFF, 0x8F, 0xFF, 0x8F, 0xFF,
    0x8F, 0xFF, 0x8F, 0xFF, 0x8E, 0xFF, 0x8E, 0xFF,
    0x8E, 0xFF, 0x8E, 0xFF, 0x8E, 0xFF, 0x8E, 0xFF,
    0x8D, 0xFF, 0x8D, 0xFF, 0x8D, 0xFF, 0x8D, 0xFF,
    0x8D, 0xFF, 0x8D, 0xFF, 0x8D, 0xFF, 0x8C, 0xFF,
    0x8C, 0xFF, 0x8C, 0xFF, 0x8C, 0xFF, 0x8C, 0xFF,
    0x8C, 0xFF, 0x8C, 0xFF, 0x8B, 0xFF, 0x8B, 0xFF,
    0x8B, 0xFF, 0x8B, 0xFF, 0x8B, 0xFF, 0x8B, 0xFF,
    0x8A, 0xFF, 0x8A, 0xFF, 0x8A, 0xFF, 0x8A, 0xFF,
    0x8A, 0xFF, 0x8A, 0xFF, 0x8A, 0xFF, 0x89, 0xFF,
    0x89, 0xFF, 0x89, 0xFF, 0x89, 0xFF, 0x89, 0xFF,
    0x89, 0xFF, 0x89, 0xFF, 0x89, 0xFF, 0x99, 0xFF,
    0x99, 0xFF, 0x99, 0xFF, 0x99, 0xFF, 0x99, 0xFF,
    0x99, 0xFF, 0xA9, 0xFF, 0xA9, 0xFF, 0xA9, 0xFF,
    0xA9, 0xFF, 0xA9, 0xFF, 0xA9, 0xFF, 0xA9, 0xFF,
    0xB9, 0xFF, 0xB9, 0xFF, 0xB9, 0xFF, 0xB9, 0xFF,
    0xB9, 0xFF, 0xB9, 0xFF, 0xB9, 0xFF, 0xC9, 0xFF,
    0xC9, 0xFF, 0xC9, 0xFF, 0xC9, 0xFF, 0xC9, 0xFF,
    0xC9, 0xFF, 0xD9, 0xFF, 0xD9, 0xFF, 0xD9, 0xFF,
    0xD9, 0xFF, 0xD9, 0xFF, 0xD9, 0xFF, 0xD9, 0xFF,
    0xE9, 0xFF, 0xE9, 0xFF, 0xE9, 0xFF, 0xE9, 0xFF,
    0xE9, 0xFF, 0xE9, 0xFF, 0xE9, 0xFF, 0xE9, 0xFF,
    0xE9, 0xFF, 0xE9, 0xFF, 0xE9, 0xFF, 0xE9, 0xFF,
    0xE9, 0xFE, 0xE9, 0xFE, 0xE9, 0xFE, 0xE9, 0xFE,
    0xE9, 0xFE, 0xE9, 0xFE, 0xE9, 0xFE, 0xE9, 0xFD,
    0xE9, 0xFD, 0xE9, 0xFD, 0xE9, 0xFD, 0xE9, 0xFD,
    0xE9, 0xFC, 0xE9, 0xFC, 0xE9, 0xFC, 0xE9, 0xFC,
    0xE9, 0xFC, 0xE9, 0xFC, 0xE9, 0xFC, 0xE9, 0xFC,
    0xE9, 0xFB, 0xE9, 0xFB, 0xE9, 0xFB, 0xE9, 0xFB,
    0xE9, 0xFB, 0xE9, 0xFA, 0xE9, 0xFA, 0xE9, 0xFA,
    0xE9, 0xFA, 0xE9, 0xFA, 0xE9, 0xFA, 0xE9, 0xFA,
    0xE9, 0xF9, 0xE9, 0xF9, 0xE9, 0xF9, 0xE9, 0xF9,
    0xE9, 0xF9, 0xE9, 0xF9, 0xE9, 0xF9, 0xE9, 0xF9,
    0xE9, 0xF9, 0xEA, 0xF9, 0xEA, 0xF9, 0xEA, 0xF9,
    0xEA, 0xF9, 0xEA, 0xF9, 0xEA, 0xF9, 0xEB, 0xF9,
    0xEB, 0xF9, 0xEB, 0xF9, 0xEB, 0xF9, 0xEB, 0xF9,
    0xEB, 0xF9, 0xEB, 0xF9, 0xEC, 0xF9, 0xEC, 0xF9,
    0xEC, 0xF9, 0xEC, 0xF9, 0xEC, 0xF9, 0xEC, 0xF9,
    0xED, 0xF9, 0xED, 0xF9, 0xED, 0xF9, 0xED, 0xF9,
    0xED, 0xF9, 0xED, 0xF9, 0xED, 0xF9, 0xEE, 0xF9,
    0xEE, 0xF9, 0xEE, 0xF9, 0xEE, 0xF9, 0xEE, 0xF9,
    0xEE, 0xF9, 0xEF, 0xF9, 0xEF, 0xF9, 0xEF, 0xF9,
    0xEF, 0xF9, 0xEF, 0xF9, 0xEF, 0xF9, 0xEF, 0xF9,
    0xEF, 0xF9, 0xEF, 0xF9, 0xEF, 0xF9, 0xEF, 0xF9,
    0xEF, 0xF9, 0xDF, 0xF9, 0xDF, 0xF9, 0xDF, 0xF9,
    0xDF, 0xF9, 0xDF, 0xF9, 0xDF, 0xF9, 0xDF, 0xF9,
    0xCF, 0xF9, 0xCF, 0xF9, 0xCF, 0xF9, 0xCF, 0xF9,
    0xCF, 0xF9, 0xCF, 0xF9, 0xBF, 0xF9, 0xBF, 0xF9,
    0xBF, 0xF9, 0xBF, 0xF9, 0xBF, 0xF9, 0xBF, 0xF9,
    0xAF, 0xF9, 0xAF, 0xF9, 0xAF, 0xF9, 0xAF, 0xF9,
    0xAF, 0xF9, 0xAF, 0xF9, 0x9F, 0xF9, 0x9F, 0xF9,
    0x9F, 0xF9, 0x9F, 0xF9, 0x9F, 0xF9, 0x9F, 0xF9,
    0x9F, 0xF9, 0x8F, 0xF9, 0x8F, 0xF9, 0x8F, 0xF9,
    0x8F, 0xF9, 0x8F, 0xF9, 0x8F, 0xF9, 0x8F, 0xF9,
    0x8F, 0xF9, 0x8F, 0xF9, 0x8F, 0xFA, 0x8F, 0xFA,
    0x8F, 0xFA, 0x8F, 0xFA, 0x8F, 0xFA, 0x8F, 0xFA,
    0x8F, 0xFB, 0x8F, 0xFB, 0x8F, 0xFB, 0x8F, 0xFB,
    0x8F, 0xFB, 0x8F, 0xFB, 0x8F, 0xFB, 0x8F, 0xFC,
    0x8F, 0xFC, 0x8F, 0xFC, 0x8F, 0xFC, 0x8F, 0xFC,
    0x8F, 0xFC, 0x8F, 0xFD, 0x8F, 0xFD, 0x8F, 0xFD,
    0x8F, 0xFD, 0x8F, 0xFD, 0x8F, 0xFD, 0x8F, 0xFD,
    0x8F, 0xFE, 0x8F, 0xFE, 0x8F, 0xFE, 0x8F, 0xFE,
    0x8F, 0xFE, 0x8F, 0xFE, 0x8F, 0xFF, 0x8F, 0xFF,
    0x8F, 0xFF, 0x8F, 0xFF, 0x8F, 0xFF, 0x8F, 0xFF,
    0x8F, 0xFF, 0x8F, 0xFF, 0x8F, 0xFF, 0x8F, 0xFF,
    0x8F, 0xFF, 0x8F, 0xFF, 0x8E, 0xFF, 0x8E, 0xFF,
    0x8E, 0xFF, 0x8E, 0xFF, 0x8E, 0xFF, 0x8E, 0xFF,
    0x8D, 0xFF, 0x8D, 0xFF, 0x8D, 0xFF, 0x8D, 0xFF,
    0x8D, 0xFF, 0x8D, 0xFF, 0x8D, 0xFF, 0x8C, 0xFF,
    0x8C, 0xFF, 0x8C, 0xFF, 0x8C, 0xFF, 0x8C, 0xFF,
    0x8C, 0xFF, 0x8B, 0xFF, 0x8B, 0xFF, 0x8B, 0xFF,
    0x8B, 0xFF, 0x8B, 0xFF, 0x8B, 0xFF, 0x8B, 0xFF,
    0x8A, 0xFF, 0x8A, 0xFF, 0x8A, 0xFF, 0x8A, 0xFF,
    0x8A, 0xFF, 0x89, 0xFF, 0x89, 0xFF, 0x89, 0xFF,
    0x89, 0xFF, 0x89, 0xFF, 0x89, 0xFF, 0x89, 0xFF,
    0x89, 0xFF, 0x89, 0xFF, 0x89, 0xFF, 0x89, 0xFF,
    0x99, 0xFF, 0x99, 0xFF, 0x99, 0xFF, 0x99, 0xFF,
    0x99, 0xFF, 0x99, 0xFF, 0xA9, 0xFF, 0xA9, 0xFF,
    0xA9, 0xFF, 0xA9, 0xFF, 0xA9, 0xFF, 0xA9, 0xFF,
    0xB9, 0xFF, 0xB9, 0xFF, 0xB9, 0xFF, 0xB9, 0xFF,
    0xB9, 0xFF, 0xB9, 0xFF, 0xB9, 0xFF, 0xC9, 0xFF,
    0xC9, 0xFF, 0xC9, 0xFF, 0xC9, 0xFF, 0xC9, 0xFF,
    0xC9, 0xFF, 0xD9, 0xFF, 0xD9, 0xFF, 0xD9, 0xFF,
    0xD9, 0xFF, 0xD9, 0xFF, 0xD9, 0xFF, 0xD9, 0xFF,
    0xE9, 0xFF, 0xE9, 0xFF, 0xE9, 0xFF, 0xE9, 0xFF,
    0xE9, 0xFF, 0xE9, 0xFF, 0xE9, 0xFF, 0xE9, 0xFF,
    0xE9, 0xFF, 0xE9, 0xFF, 0xE9, 0xFF, 0xE9, 0xFE,
    0xE9, 0xFE, 0xE9, 0xFE, 0xE9, 0xFE, 0xE9, 0xFE,
    0xE9, 0xFE, 0xE9, 0xFE, 0xE9, 0xFD, 0xE9, 0xFD,
    0xE9, 0xFD, 0xE9, 0xFD, 0xE9, 0xFD, 0xE9, 0xFC,
    0xE9, 0xFC, 0xE9, 0xFC, 0xE9, 0xFC, 0xE9, 0xFC,
    0xE9, 0xFC, 0xE9, 0xFC, 0xE9, 0xFC, 0xE9, 0xFB,
    0xE9, 0xFB, 0xE9, 0xFB, 0xE9, 0xFB, 0xE9, 0xFB,
    0xE9, 0xFA, 0xE9, 0xFA, 0xE9, 0xFA, 0xE9, 0xFA,
    0xE9, 0xFA, 0xE9, 0xFA, 0xE9, 0xFA, 0xE9, 0xF9,
    0xE9, 0xF9, 0xE9, 0xF9, 0xE9, 0xF9, 0xE9, 0xF9,
    0xE9, 0xF9, 0xE9, 0xF9, 0xE9, 0xF9, 0xE9, 0xF9,
    0xE9, 0xF9, 0xE9, 0xF9, 0xEA, 0xF9, 0xEA, 0xF9,
    0xEA, 0xF9, 0xEA, 0xF9, 0xEA, 0xF9, 0xEA, 0xF9,
    0xEB, 0xF9, 0xEB, 0xF9, 0xEB, 0xF9, 0xEB, 0xF9,
    0xEB, 0xF9, 0xEB, 0xF9, 0xEC, 0xF9, 0xEC, 0xF9,
    0xEC, 0xF9, 0xEC, 0xF9, 0xEC, 0xF9, 0xEC, 0xF9,
    0xEC, 0xF9, 0xED, 0xF9, 0xED, 0xF9, 0xED, 0xF9,
    0xED, 0xF9, 0xED, 0xF9, 0xED, 0xF9, 0xEE, 0xF9,
    0xEE, 0xF9, 0xEE, 0xF9, 0xEE, 0xF9, 0xEE, 0xF9,
    0xEE, 0xF9, 0xEF, 0xF9, 0xEF, 0xF9, 0xEF, 0xF9,
    0xEF, 0xF9, 0xEF, 0xF9, 0xEF, 0xF9, 0xEF, 0xF9,
    0xEF, 0xF9, 0xEF, 0xF9, 0xEF, 0xF9, 0xEF, 0xF9,
    0xEF, 0xF9, 0xDF, 0xF9, 0xDF, 0xF9, 0xDF, 0xF9,
    0xDF, 0xF9, 0xDF, 0xF9, 0xDF, 0xF9, 0xDF, 0xF9,
    0xCF, 0xF9, 0xCF, 0xF9, 0xCF, 0xF9, 0xCF, 0xF9,
    0xCF, 0xF9, 0xBF, 0xF9, 0xBF, 0xF9, 0xBF, 0xF9,
    0xBF, 0xF9, 0xBF, 0xF9, 0xBF, 0xF9, 0xBF, 0xF9,
    0xAF, 0xF9, 0xAF, 0xF9, 0xAF, 0xF9, 0xAF, 0xF9,
    0xAF, 0xF9, 0xAF, 0xF9, 0x9F, 0xF9, 0x9F, 0xF9,
    0x9F, 0xF9, 0x9F, 0xF9, 0x9F, 0xF9, 0x9F, 0xF9,
    0x8F, 0xF9, 0x8F, 0xF9, 0x8F, 0xF9, 0x8F, 0xF9,
    0x8F, 0xF9, 0x8F, 0xF9, 0x8F, 0xF9, 0x8F, 0xF9,
    0x8F, 0xF9, 0x8F, 0xF9, 0x8F, 0xFA, 0x8F, 0xFA,
    0x8F, 0xFA, 0x8F, 0xFA, 0x8F, 0xFA, 0x8F, 0xFA,
    0x8F, 0xFA, 0x8F, 0xFB, 0x8F, 0xFB, 0x8F, 0xFB,
    0x8F, 0xFB, 0x8F, 0xFB, 0x8F, 0xFB, 0x8F, 0xFB,
    0x8F, 0xFC, 0x8F, 0xFC, 0x8F, 0xFC, 0x8F, 0xFC,
    0x8F, 0xFC, 0x8F, 0xFD, 0x8F, 0xFD, 0x8F, 0xFD,
    0x8F, 0xFD, 0x8F, 0xFD, 0x8F, 0xFD, 0x8F, 0xFD,
    0x8F, 0xFE, 0x8F, 0xFE, 0x8F, 0xFE, 0x8F, 0xFE,
    0x8F, 0xFE, 0x8F, 0xFE, 0x8F, 0xFF, 0x8F, 0xFF,
    0x8F, 0xFF, 0x8F, 0xFF, 0x8F, 0xFF, 0x8F, 0xFF,
    0x8F, 0xFF, 0x8F, 0xFF, 0x8F, 0xFF, 0x8F, 0xFF,
    0x8F, 0xFF, 0x8F, 0xFF, 0x8E, 0xFF, 0x8E, 0xFF,
    0x8E, 0xFF, 0x8E, 0xFF, 0x8E, 0xFF, 0x8E, 0xFF,
    0x8D, 0xFF, 0x8D, 0xFF, 0x8D, 0xFF, 0x8D, 0xFF,
    0x8D, 0xFF, 0x8D, 0xFF, 0x8C, 0xFF, 0x8C, 0xFF,
    0x8C, 0xFF, 0x8C, 0xFF, 0x8C, 0xFF, 0x8C, 0xFF,
    0x8C, 0xFF, 0x8B, 0xFF, 0x8B, 0xFF, 0x8B, 0xFF,
    0x8B, 0xFF, 0x8B, 0xFF, 0x8B, 0xFF, 0x8A, 0xFF,
    0x8A, 0xFF, 0x8A, 0xFF, 0x8A, 0xFF, 0x8A, 0xFF,
    0x8A, 0xFF, 0x89, 0xFF, 0x89, 0xFF, 0x89, 0xFF,
    0x89, 0xFF, 0x89, 0xFF, 0x89, 0xFF, 0x89, 0xFF,
    0x89, 0xFF, 0x89, 0xFF, 0x89, 0xFF, 0x89, 0xFF,
    0x99, 0xFF, 0x99, 0xFF, 0x99, 0xFF, 0x99, 0xFF,
    0x99, 0xFF, 0x99, 0xFF, 0x99, 0xFF, 0xA9, 0xFF,
    0xA9, 0xFF, 0xA9, 0xFF, 0xA9, 0xFF, 0xA9, 0xFF,
    0xB9, 0xFF, 0xB9, 0xFF, 0xB9, 0xFF, 0xB9, 0xFF,
    0xB9, 0xFF, 0xB9, 0xFF, 0xB9, 0xFF, 0xC9, 0xFF,
    0xC9, 0xFF, 0xC9, 0xFF, 0xC9, 0xFF, 0xC9, 0xFF,
    0xC9, 0xFF, 0xD9, 0xFF, 0xD9, 0xFF, 0xD9, 0xFF,
    0xD9, 0xFF, 0xD9, 0xFF, 0xD9, 0xFF, 0xE9, 0xFF,
    0xE9, 0xFF, 0xE9, 0xFF, 0xE9, 0xFF, 0xE9, 0xFF,
    0xE9, 0xFF, 0xE9, 0xFF, 0xE9, 0xFF, 0xE9, 0xFF,
    0xE9, 0xFF, 0xE9, 0xFF, 0xE9, 0xFF, 0xE9, 0xFE,
    0xE9, 0xFE, 0xE9, 0xFE, 0xE9, 0xFE, 0xE9, 0xFE,
    0xE9, 0xFE, 0xE9, 0xFE, 0xE9, 0xFD, 0xE9, 0xFD,
    0xE9, 0xFD, 0xE9, 0xFD, 0xE9, 0xFD, 0xE9, 0xFC,
    0xE9, 0xFC, 0xE9, 0xFC, 0xE9, 0xFC, 0xE9, 0xFC,
    0xE9, 0xFC, 0xE9, 0xFC, 0xE9, 0xFC, 0xE9, 0xFB,
    0xE9, 0xFB, 0xE9, 0xFB, 0xE9, 0xFB, 0xE9, 0xFB,
    0xE9, 0xFA, 0xE9, 0xFA, 0xE9, 0xFA, 0xE9, 0xFA,
    0xE9, 0xFA, 0xE9, 0xFA, 0xE9, 0xFA, 0xE9, 0xF9,
    0xE9, 0xF9, 0xE9, 0xF9, 0xE9, 0xF9, 0xE9, 0xF9,
    0xE8, 0xF8, 0xE9, 0xF8, 0xE9, 0xF8, 0xE9, 0xF8,
    0xE9, 0xF8, 0xE9, 0xF8, 0xE9, 0xF8, 0xEA, 0xF8,
    0xEA, 0xF8, 0xEA, 0xF8, 0xEA, 0xF8, 0xEA, 0xF8,
    0xEA, 0xF8, 0xEB, 0xF8, 0xEB, 0xF8, 0xEB, 0xF8,
    0xEB, 0xF8, 0xEB, 0xF8, 0xEB, 0xF8, 0xEC, 0xF8,
    0xEC, 0xF8, 0xEC, 0xF9, 0xEC, 0xF8, 0xEC, 0xF8,
    0xEC, 0xF9, 0xED, 0xF8, 0xED, 0xF8, 0xED, 0xF9,
    0xED, 0xF9, 0xED, 0xF9, 0xED, 0xF9, 0xEE, 0xF9,
    0xEE, 0xF8, 0xEE, 0xF8, 0xEE, 0xF9, 0xEE, 0xF8,
    0xEE, 0xF8, 0xEE, 0xF9, 0xEF, 0xF8, 0xEF, 0xF8,
    0xEF, 0xF8, 0xEF, 0xF8, 0xEF, 0xF9, 0xEF, 0xF8,
    0xEF, 0xF8, 0xEF, 0xF8, 0xEF, 0xF8, 0xEF, 0xF8,
    0xEF, 0xF9, 0xDF, 0xF9, 0xDF, 0xF9, 0xDF, 0xF8,
    0xDF, 0xF8, 0xDF, 0xF8, 0xDF, 0xF8, 0xCF, 0xF8,
    0xCF, 0xF8, 0xCF, 0xF8, 0xCF, 0xF8, 0xCF, 0xF8,
    0xCF, 0xF8, 0xBF, 0xF9, 0xBF, 0xF9, 0xBF, 0xF9,
    0xBF, 0xF8, 0xBF, 0xF8, 0xBF, 0xF8, 0xAF, 0xF8,
    0xAF, 0xF8, 0xAF, 0xF8, 0xAF, 0xF8, 0xAF, 0xF8,
    0xAF, 0xF8, 0x9F, 0xF8, 0x9F, 0xF8, 0x9F, 0xF8,
    0x9F, 0xF8, 0x9F, 0xF8, 0x9F, 0xF8, 0x8F, 0xF8,
    0x8F, 0xF8, 0x8F, 0xF8, 0x8F, 0xF8, 0x8F, 0xF8,
    0x8F, 0xF8, 0x8F, 0xF8, 0x8F, 0xF9, 0x8F, 0xF9,
    0x7F, 0xF9, 0x7F, 0xF9, 0x7F, 0xF9, 0x7F, 0xF9,
    0x7F, 0xFA, 0x7F, 0xFA, 0x7F, 0xFA, 0x7F, 0xFA,
    0x7F, 0xFA, 0x7F, 0xFA, 0x7F, 0xFB, 0x7F, 0xFB,
    0x7F, 0xFB, 0x7F, 0xFB, 0x7F, 0xFB, 0x7F, 0xFB,
    0x7F, 0xFB, 0x7F, 0xFC, 0x7F, 0xFC, 0x7F, 0xFC,
    0x7F, 0xFC, 0x7F, 0xFC, 0x7F, 0xFD, 0x7F, 0xFD,
    0x8F, 0xFD, 0x8F, 0xFD, 0x8F, 0xFD, 0x7F, 0xFD,
    0x7F, 0xFD, 0x7F, 0xFE, 0x7F, 0xFE, 0x8F, 0xFE,
    0x8F, 0xFE, 0x7F, 0xFE, 0x7F, 0xFF, 0x7F, 0xFF,
    0x7F, 0xFF, 0x7F, 0xFF, 0x7F, 0xFF, 0x7F, 0xFF,
    0x8F, 0xFF, 0x7F, 0xFF, 0x7F, 0xFF, 0x7F, 0xFF,
    0x8F, 0xFF, 0x7F, 0xFF, 0x7E, 0xFF, 0x7E, 0xFF,
    0x7E, 0xFF, 0x7E, 0xFF, 0x8E, 0xFF, 0x8E, 0xFF,
    0x7D, 0xFF, 0x7D, 0xFF, 0x7D, 0xFF, 0x7D, 0xFF,
    0x7D, 0xFF, 0x7D, 0xFF, 0x7C, 0xFF, 0x7C, 0xFF,
    0x7C, 0xFF, 0x7C, 0xFF, 0x7C, 0xFF, 0x7C, 0xFF,
    0x7B, 0xFF, 0x7B, 0xFF, 0x7B, 0xFF, 0x7B, 0xFF,
    0x7B, 0xFF, 0x7B, 0xFF, 0x7A, 0xFF, 0x7A, 0xFF,
    0x8A, 0xFF, 0x7A, 0xFF, 0x7A, 0xFF, 0x7A, 0xFF,
    0x89, 0xFF, 0x79, 0xFF, 0x79, 0xFF, 0x79, 0xFF,
    0x79, 0xFF, 0x79, 0xFF, 0x78, 0xFF, 0x78, 0xFF,
    0x88, 0xFF, 0x88, 0xFF, 0x88, 0xFF, 0x88, 0xFF,
    0x88, 0xFF, 0x98, 0xFF, 0x98, 0xFF, 0x98, 0xFF,
    0x98, 0xFF, 0x98, 0xFF, 0x98, 0xFF, 0x98, 0xFF,
    0xA8, 0xFF, 0xA8, 0xFF, 0xA8, 0xFF, 0xA8, 0xFF,
    0xA8, 0xFF, 0xB8, 0xFF, 0xB8, 0xFF, 0xB8, 0xFF,
    0xB8, 0xFF, 0xB8, 0xFF, 0xB8, 0xFF, 0xB8, 0xFF,
    0xC8, 0xFF, 0xC8, 0xFF, 0xC8, 0xFF, 0xC8, 0xFF,
    0xC8, 0xFF, 0xD8, 0xFF, 0xD8, 0xFF, 0xD8, 0xFF,
    0xD8, 0xFF, 0xD8, 0xFF, 0xD8, 0xFF, 0xD8, 0xFF,
    0xE8, 0xFF, 0xE8, 0xFF, 0xE8, 0xFF, 0xE8, 0xFF,
    0xE8, 0xFF, 0xE8, 0xFF, 0xE8, 0xFF, 0xE8, 0xFF,
    0xE8, 0xFF, 0xE8, 0xFF, 0xE8, 0xFF, 0xE8, 0xFE,
    0xE8, 0xFE, 0xE8, 0xFE, 0xE8, 0xFE, 0xE8, 0xFE,
    0xE8, 0xFE, 0xE8, 0xFD, 0xE8, 0xFD, 0xE8, 0xFD,
    0xE8, 0xFD, 0xE8, 0xFD, 0xE8, 0xFD, 0xE8, 0xFC,
    0xE8, 0xFC, 0xE8, 0xFC, 0xE8, 0xFC, 0xE8, 0xFC,
    0xE8, 0xFC, 0xE8, 0xFB, 0xE8, 0xFB, 0xE8, 0xFB,
    0xE8, 0xFB, 0xE8, 0xFB, 0xE8, 0xFB, 0xE8, 0xFA,
    0xE8, 0xFA, 0xE8, 0xFA, 0xE8, 0xFA, 0xE8, 0xFA,
    0xE8, 0xFA, 0xE8, 0xF9, 0xE8, 0xF9, 0xE8, 0xF9,
    0xE8, 0xF9, 0xE8, 0xF9, 0xE8, 0xF9, 0xE8, 0xF9,
    0xE8, 0xF8, 0xE9, 0xF8, 0xE9, 0xF8, 0xE9, 0xF8,
    0xE9, 0xF8, 0xE9, 0xF8, 0xE9, 0xF8, 0xEA, 0xF8,
    0xEA, 0xF8, 0xEA, 0xF8, 0xEA, 0xF8, 0xEA, 0xF8,
    0xEA, 0xF8, 0xEB, 0xF8, 0xEB, 0xF8, 0xEB, 0xF8,
    0xEB, 0xF8, 0xEB, 0xF8, 0xEB, 0xF8, 0xEC, 0xF8,
    0xEC, 0xF8, 0xEC, 0xF8, 0xEC, 0xF8, 0xEC, 0xF8,
    0xEC, 0xF8, 0xED, 0xF8, 0xED, 0xF8, 0xED, 0xF8,
    0xED, 0xF8, 0xED, 0xF8, 0xED, 0xF8, 0xEE, 0xF8,
    0xEE, 0xF8, 0xEE, 0xF8, 0xEE, 0xF8, 0xEE, 0xF8,
    0xEE, 0xF8, 0xEF, 0xF8, 0xEF, 0xF8, 0xEF, 0xF8,
    0xEF, 0xF8, 0xEF, 0xF8, 0xEF, 0xF8, 0xEF, 0xF8,
    0xEF, 0xF8, 0xEF, 0xF8, 0xEF, 0xF8, 0xEF, 0xF8,
    0xEF, 0xF8, 0xDF, 0xF8, 0xDF, 0xF8, 0xDF, 0xF8,
    0xDF, 0xF8, 0xDF, 0xF8, 0xDF, 0xF8, 0xCF, 0xF8,
    0xCF, 0xF8, 0xCF, 0xF8, 0xCF, 0xF8, 0xCF, 0xF8,
    0xBF, 0xF8, 0xBF, 0xF8, 0xBF, 0xF8, 0xBF, 0xF8,
    0xBF, 0xF8, 0xBF, 0xF8, 0xAF, 0xF8, 0xAF, 0xF8,
    0xAF, 0xF8, 0xAF, 0xF8, 0xAF, 0xF8, 0xAF, 0xF8,
    0x9F, 0xF8, 0x9F, 0xF8, 0x9F, 0xF8, 0x9F, 0xF8,
    0x9F, 0xF8, 0x9F, 0xF8, 0x8F, 0xF8, 0x8F, 0xF8,
    0x8F, 0xF8, 0x8F, 0xF8, 0x8F, 0xF8, 0x8F, 0xF8,
    0x8F, 0xF8, 0x7F, 0xF8, 0x7F, 0xF9, 0x7F, 0xF9,
    0x7F, 0xF9, 0x7F, 0xF9, 0x7F, 0xF9, 0x7F, 0xF9,
    0x7F, 0xFA, 0x7F, 0xFA, 0x7F, 0xFA, 0x7F, 0xFA,
    0x7F, 0xFA, 0x7F, 0xFA, 0x7F, 0xFB, 0x7F, 0xFB,
    0x7F, 0xFB, 0x7F, 0xFB, 0x7F, 0xFB, 0x7F, 0xFB,
    0x7F, 0xFB, 0x7F, 0xFC, 0x7F, 0xFC, 0x7F, 0xFC,
    0x7F, 0xFC, 0x7F, 0xFC, 0x7F, 0xFD, 0x7F, 0xFD,
    0x7F, 0xFD, 0x7F, 0xFD, 0x7F, 0xFD, 0x7F, 0xFD,
    0x7F, 0xFD, 0x7F, 0xFE, 0x7F, 0xFE, 0x7F, 0xFE,
    0x7F, 0xFE, 0x7F, 0xFE, 0x7F, 0xFF, 0x7F, 0xFF,
    0x7F, 0xFF, 0x7F, 0xFF, 0x7F, 0xFF, 0x7F, 0xFF,
    0x7F, 0xFF, 0x7F, 0xFF, 0x7F, 0xFF, 0x7F, 0xFF,
    0x7F, 0xFF, 0x7F, 0xFF, 0x7E, 0xFF, 0x7E, 0xFF,
    0x7E, 0xFF, 0x7E, 0xFF, 0x7E, 0xFF, 0x7E, 0xFF,
    0x7D, 0xFF, 0x7D, 0xFF, 0x7D, 0xFF, 0x7D, 0xFF,
    0x7D, 0xFF, 0x7D, 0xFF, 0x7C, 0xFF, 0x7C, 0xFF,
    0x7C, 0xFF, 0x7C, 0xFF, 0x7C, 0xFF, 0x7C, 0xFF,
    0x7B, 0xFF, 0x7B, 0xFF, 0x7B, 0xFF, 0x7B, 0xFF,
    0x7B, 0xFF, 0x7B, 0xFF, 0x7A, 0xFF, 0x7A, 0xFF,
    0x7A, 0xFF, 0x7A, 0xFF, 0x7A, 0xFF, 0x7A, 0xFF,
    0x79, 0xFF, 0x79, 0xFF, 0x79, 0xFF, 0x79, 0xFF,
    0x79, 0xFF, 0x79, 0xFF, 0x78, 0xFF, 0x78, 0xFF,
    0x88, 0xFF, 0x88, 0xFF, 0x88, 0xFF, 0x88, 0xFF,
    0x88, 0xFF, 0x88, 0xFF, 0x98, 0xFF, 0x98, 0xFF,
    0x98, 0xFF, 0x98, 0xFF, 0x98, 0xFF, 0x98, 0xFF,
    0xA8, 0xFF, 0xA8, 0xFF, 0xA8, 0xFF, 0xA8, 0xFF,
    0xA8, 0xFF, 0xB8, 0xFF, 0xB8, 0xFF, 0xB8, 0xFF,
    0xB8, 0xFF, 0xB8, 0xFF, 0xB8, 0xFF, 0xB8, 0xFF,
    0xC8, 0xFF, 0xC8, 0xFF, 0xC8, 0xFF, 0xC8, 0xFF,
    0xC8, 0xFF, 0xD8, 0xFF, 0xD8, 0xFF, 0xD8, 0xFF,
    0xD8, 0xFF, 0xD8, 0xFF, 0xD8, 0xFF, 0xD8, 0xFF,
    0xE8, 0xFF, 0xE8, 0xFF, 0xE8, 0xFF, 0xE8, 0xFF,
    0xE8, 0xFF, 0xE8, 0xFF, 0xE8, 0xFF, 0xE8, 0xFF,
    0xE8, 0xFF, 0xE8, 0xFF, 0xE8, 0xFF, 0xE8, 0xFE,
    0xE8, 0xFE, 0xE8, 0xFE, 0xE8, 0xFE, 0xE8, 0xFE,
    0xE8, 0xFE, 0xE8, 0xFE, 0xE8, 0xFD, 0xE8, 0xFD,
    0xE8, 0xFD, 0xE8, 0xFD, 0xE8, 0xFD, 0xE8, 0xFC,
    0xE8, 0xFC, 0xE8, 0xFC, 0xE8, 0xFC, 0xE8, 0xFC,
    0xE8, 0xFC, 0xE8, 0xFB, 0xE8, 0xFB, 0xE8, 0xFB,
    0xE8, 0xFB, 0xE8, 0xFB, 0xE8, 0xFB, 0xE8, 0xFA,
    0xE8, 0xFA, 0xE8, 0xFA, 0xE8, 0xFA, 0xE8, 0xFA,
    0xE8, 0xFA, 0xE8, 0xF9, 0xE8, 0xF9, 0xE8, 0xF9,
    0xE8, 0xF9, 0xE8, 0xF9, 0xE8, 0xF9, 0xE8, 0xF8,
    0xE8, 0xF8, 0xE8, 0xF8, 0xE9, 0xF8, 0xE9, 0xF8,
    0xE9, 0xF8, 0xE9, 0xF8, 0xE9, 0xF8, 0xE9, 0xF8,
    0xEA, 0xF8, 0xEA, 0xF8, 0xEA, 0xF8, 0xEA, 0xF8,
    0xEA, 0xF8, 0xEA, 0xF8, 0xEB, 0xF8, 0xEB, 0xF8,
    0xEB, 0xF8, 0xEB, 0xF8, 0xEB, 0xF8, 0xEB, 0xF8,
    0xEC, 0xF8, 0xEC, 0xF8, 0xEC, 0xF8, 0xEC, 0xF8,
    0xEC, 0xF8, 0xEC, 0xF8, 0xED, 0xF8, 0xED, 0xF8,
    0xED, 0xF8, 0xED, 0xF8, 0xED, 0xF8, 0xED, 0xF8,
    0xEE, 0xF8, 0xEE, 0xF8, 0xEE, 0xF8, 0xEE, 0xF8,
    0xEE, 0xF8, 0xEE, 0xF8, 0xEF, 0xF8, 0xEF, 0xF8,
    0xEF, 0xF8, 0xEF, 0xF8, 0xEF, 0xF8, 0xEF, 0xF8,
    0xEF, 0xF8, 0xEF, 0xF8, 0xEF, 0xF8, 0xEF, 0xF8,
    0xDF, 0xF8, 0xDF, 0xF8, 0xDF, 0xF8, 0xDF, 0xF8,
    0xDF, 0xF8, 0xDF, 0xF8, 0xDF, 0xF8, 0xCF, 0xF8,
    0xCF, 0xF8, 0xCF, 0xF8, 0xCF, 0xF8, 0xCF, 0xF8,
    0xBF, 0xF8, 0xBF, 0xF8, 0xBF, 0xF8, 0xBF, 0xF8,
    0xBF, 0xF8, 0xBF, 0xF8, 0xAF, 0xF8, 0xAF, 0xF8,
    0xAF, 0xF8, 0xAF, 0xF8, 0xAF, 0xF8, 0xAF, 0xF8,
    0x9F, 0xF8, 0x9F, 0xF8, 0x9F, 0xF8, 0x9F, 0xF8,
    0x9F, 0xF8, 0x8F, 0xF8, 0x8F, 0xF8, 0x8F, 0xF8,
    0x8F, 0xF8, 0x8F, 0xF8, 0x8F, 0xF8, 0x8F, 0xF8,
    0x7F, 0xF8, 0x7F, 0xF8, 0x7F, 0xF8, 0x7F, 0xF9,
    0x7F, 0xF9, 0x7F, 0xF9, 0x7F, 0xF9, 0x7F, 0xF9,
    0x7F, 0xF9, 0x7F, 0xFA, 0x7F, 0xFA, 0x7F, 0xFA,
    0x7F, 0xFA, 0x7F, 0xFA, 0x7F, 0xFA, 0x7F, 0xFB,
    0x7F, 0xFB, 0x7F, 0xFB, 0x7F, 0xFB, 0x7F, 0xFB,
    0x7F, 0xFB, 0x7F, 0xFB, 0x7F, 0xFC, 0x7F, 0xFC,
    0x7F, 0xFC, 0x7F, 0xFC, 0x7F, 0xFC, 0x7F, 0xFD,
    0x7F, 0xFD, 0x7F, 0xFD, 0x7F, 0xFD, 0x7F, 0xFD,
    0x7F, 0xFD, 0x7F, 0xFE, 0x7F, 0xFE, 0x7F, 0xFE,
    0x7F, 0xFE, 0x7F, 0xFE, 0x7F, 0xFF, 0x7F, 0xFF,
    0x7F, 0xFF, 0x7F, 0xFF, 0x7F, 0xFF, 0x7F, 0xFF,
    0x7F, 0xFF, 0x7F, 0xFF, 0x7F, 0xFF, 0x7F, 0xFF,
    0x7F, 0xFF, 0x7F, 0xFF, 0x7E, 0xFF, 0x7E, 0xFF,
    0x7E, 0xFF, 0x7E, 0xFF, 0x7E, 0xFF, 0x7E, 0xFF,
    0x7D, 0xFF, 0x7D, 0xFF, 0x7D, 0xFF, 0x7D, 0xFF,
    0x7D, 0xFF, 0x7D, 0xFF, 0x7C, 0xFF, 0x7C, 0xFF,
    0x7C, 0xFF, 0x7C, 0xFF, 0x7C, 0xFF, 0x7B, 0xFF,
    0x7B, 0xFF, 0x7B, 0xFF, 0x7B, 0xFF, 0x7B, 0xFF,
    0x7B, 0xFF, 0x7B, 0xFF, 0x7A, 0xFF, 0x7A, 0xFF,
    0x7A, 0xFF, 0x7A, 0xFF, 0x7A, 0xFF, 0x79, 0xFF,
    0x79, 0xFF, 0x79, 0xFF, 0x79, 0xFF, 0x79, 0xFF,
    0x79, 0xFF, 0x78, 0xFF, 0x78, 0xFF, 0x78, 0xFF,
    0x78, 0xFF, 0x88, 0xFF, 0x88, 0xFF, 0x88, 0xFF,
    0x88, 0xFF, 0x88, 0xFF, 0x88, 0xFF, 0x98, 0xFF,
    0x98, 0xFF, 0x98, 0xFF, 0x98, 0xFF, 0x98, 0xFF,
    0x98, 0xFF, 0xA8, 0xFF, 0xA8, 0xFF, 0xA8, 0xFF,
    0xA8, 0xFF, 0xA8, 0xFF, 0xB8, 0xFF, 0xB8, 0xFF,
    0xB8, 0xFF, 0xB8, 0xFF, 0xB8, 0xFF, 0xB8, 0xFF,
    0xC8, 0xFF, 0xC8, 0xFF, 0xC8, 0xFF, 0xC8, 0xFF,
    0xC8, 0xFF, 0xD8, 0xFF, 0xD8, 0xFF, 0xD8, 0xFF,
    0xD8, 0xFF, 0xD8, 0xFF, 0xD8, 0xFF, 0xD8, 0xFF,
    0xE8, 0xFF, 0xE8, 0xFF, 0xE8, 0xFF, 0xE8, 0xFF,
    0xE8, 0xFF, 0xE8, 0xFF, 0xE8, 0xFF, 0xE8, 0xFF,
    0xE8, 0xFF, 0xE8, 0xFF, 0xE8, 0xFF, 0xE8, 0xFE,
    0xE8, 0xFE, 0xE8, 0xFE, 0xE8, 0xFE, 0xE8, 0xFE,
    0xE8, 0xFE, 0xE8, 0xFD, 0xE8, 0xFD, 0xE8, 0xFD,
    0xE8, 0xFD, 0xE8, 0xFD, 0xE8, 0xFD, 0xE8, 0xFC,
    0xE8, 0xFC, 0xE8, 0xFC, 0xE8, 0xFC, 0xE8, 0xFC,
    0xE8, 0xFC, 0xE8, 0xFB, 0xE8, 0xFB, 0xE8, 0xFB,
    0xE8, 0xFB, 0xE8, 0xFB, 0xE8, 0xFB, 0xE8, 0xFA,
    0xE8, 0xFA, 0xE8, 0xFA, 0xE8, 0xFA, 0xE8, 0xFA,
    0xE8, 0xF9, 0xE8, 0xF9, 0xE8, 0xF9, 0xE8, 0xF9,
    0xE8, 0xF9, 0xE8, 0xF9, 0xE8, 0xF8, 0xE8, 0xF8,
    0xE8, 0xF8, 0xE8, 0xF8, 0xE8, 0xF8, 0xE9, 0xF8,
    0xE9, 0xF8, 0xE9, 0xF8, 0xE9, 0xF8, 0xE9, 0xF8,
    0xE9, 0xF8, 0xEA, 0xF8, 0xEA, 0xF8, 0xEA, 0xF8,
    0xEA, 0xF8, 0xEA, 0xF8, 0xEA, 0xF8, 0xEB, 0xF8,
    0xEB, 0xF8, 0xEB, 0xF8, 0xEB, 0xF8, 0xEB, 0xF8,
    0xEC, 0xF8, 0xEC, 0xF8, 0xEC, 0xF8, 0xEC, 0xF8,
    0xEC, 0xF8, 0xEC, 0xF8, 0xED, 0xF8, 0xED, 0xF8,
    0xED, 0xF8, 0xED, 0xF8, 0xED, 0xF8, 0xED, 0xF8,
    0xEE, 0xF8, 0xEE, 0xF8, 0xEE, 0xF8, 0xEE, 0xF8,
    0xEE, 0xF8, 0xEE, 0xF8, 0xEF, 0xF8, 0xEF, 0xF8,
    0xEF, 0xF8, 0xEF, 0xF8, 0xEF, 0xF8, 0xEF, 0xF8,
    0xEF, 0xF8, 0xEF, 0xF8, 0xEF, 0xF8, 0xEF, 0xF8,
    0xDF, 0xF8, 0xDF, 0xF8, 0xDF, 0xF8, 0xDF, 0xF8,
    0xDF, 0xF8, 0xDF, 0xF8, 0xDF, 0xF8, 0xCF, 0xF8,
    0xCF, 0xF8, 0xCF, 0xF8, 0xCF, 0xF8, 0xCF, 0xF8,
    0xBF, 0xF8, 0xBF, 0xF8, 0xBF, 0xF8, 0xBF, 0xF8,
    0xBF, 0xF8, 0xAF, 0xF8, 0xAF, 0xF8, 0xAF, 0xF8,
    0xAF, 0xF8, 0xAF, 0xF8, 0xAF, 0xF8, 0x9F, 0xF8,
    0x9F, 0xF8, 0x9F, 0xF8, 0x9F, 0xF8, 0x9F, 0xF8,
    0x9F, 0xF8, 0x8F, 0xF8, 0x8F, 0xF8, 0x8F, 0xF8,
    0x8F, 0xF8, 0x8F, 0xF8, 0x8F, 0xF8, 0x7F, 0xF8,
    0x7F, 0xF8, 0x7F, 0xF8, 0x7F, 0xF8, 0x7F, 0xF8,
    0x7F, 0xF9, 0x7F, 0xF9, 0x7F, 0xF9, 0x7F, 0xF9,
    0x7F, 0xF9, 0x7F, 0xF9, 0x7F, 0xFA, 0x7F, 0xFA,
    0x7F, 0xFA, 0x7F, 0xFA, 0x7F, 0xFA, 0x7F, 0xFB,
    0x7F, 0xFB, 0x7F, 0xFB, 0x7F, 0xFB, 0x7F, 0xFB,
    0x7F, 0xFB, 0x7F, 0xFB, 0x7F, 0xFC, 0x7F, 0xFC,
    0x7F, 0xFC, 0x7F, 0xFC, 0x7F, 0xFC, 0x7F, 0xFD,
    0x7F, 0xFD, 0x7F, 0xFD, 0x7F, 0xFD, 0x7F, 0xFD,
    0x7F, 0xFD, 0x7F, 0xFE, 0x7F, 0xFE, 0x7F, 0xFE,
    0x7F, 0xFE, 0x7F, 0xFE, 0x7F, 0xFF, 0x7F, 0xFF,
    0x7F, 0xFF, 0x7F, 0xFF, 0x7F, 0xFF, 0x7F, 0xFF,
    0x7F, 0xFF, 0x7F, 0xFF, 0x7F, 0xFF, 0x7F, 0xFF,
    0x7F, 0xFF, 0x7F, 0xFF, 0x7E, 0xFF, 0x7E, 0xFF,
    0x7E, 0xFF, 0x7E, 0xFF, 0x7E, 0xFF, 0x7D, 0xFF,
    0x7D, 0xFF, 0x7D, 0xFF, 0x7D, 0xFF, 0x7D, 0xFF,
    0x7D, 0xFF, 0x7C, 0xFF, 0x7C, 0xFF, 0x7C, 0xFF,
    0x7C, 0xFF, 0x7C, 0xFF, 0x7C, 0xFF, 0x7B, 0xFF,
    0x7B, 0xFF, 0x7B, 0xFF, 0x7B, 0xFF, 0x7B, 0xFF,
    0x7B, 0xFF, 0x7A, 0xFF, 0x7A, 0xFF, 0x7A, 0xFF,
    0x7A, 0xFF, 0x7A, 0xFF, 0x79, 0xFF, 0x79, 0xFF,
    0x79, 0xFF, 0x79, 0xFF, 0x79, 0xFF, 0x79, 0xFF,
    0x78, 0xFF, 0x78, 0xFF, 0x78, 0xFF, 0x78, 0xFF,
    0x78, 0xFF, 0x88, 0xFF, 0x88, 0xFF, 0x88, 0xFF,
    0x88, 0xFF, 0x88, 0xFF, 0x88, 0xFF, 0x98, 0xFF,
    0x98, 0xFF, 0x98, 0xFF, 0x98, 0xFF, 0x98, 0xFF,
    0x98, 0xFF, 0xA8, 0xFF, 0xA8, 0xFF, 0xA8, 0xFF,
    0xA8, 0xFF, 0xA8, 0xFF, 0xB8, 0xFF, 0xB8, 0xFF,
    0xB8, 0xFF, 0xB8, 0xFF, 0xB8, 0xFF, 0xB8, 0xFF,
    0xC8, 0xFF, 0xC8, 0xFF, 0xC8, 0xFF, 0xC8, 0xFF,
    0xC8, 0xFF, 0xC8, 0xFF, 0xD8, 0xFF, 0xD8, 0xFF,
    0xD8, 0xFF, 0xD8, 0xFF, 0xD8, 0xFF, 0xD8, 0xFF,
    0xE8, 0xFF, 0xE8, 0xFF, 0xE8, 0xFF, 0xE8, 0xFF,
    0xE8, 0xFF, 0xE8, 0xFF, 0xE8, 0xFF, 0xE8, 0xFF,
    0xE8, 0xFF, 0xE8, 0xFF, 0xE8, 0xFF, 0xE8, 0xFE,
    0xE8, 0xFE, 0xE8, 0xFE, 0xE8, 0xFE, 0xE8, 0xFE,
    0xE8, 0xFD, 0xE8, 0xFD, 0xE8, 0xFD, 0xE8, 0xFD,
    0xE8, 0xFD, 0xE8, 0xFD, 0xE8, 0xFC, 0xE8, 0xFC,
    0xE8, 0xFC, 0xE8, 0xFC, 0xE8, 0xFC, 0xE8, 0xFC,
    0xE8, 0xFB, 0xE8, 0xFB, 0xE8, 0xFB, 0xE8, 0xFB,
    0xE8, 0xFB, 0xE8, 0xFB, 0xE8, 0xFA, 0xE8, 0xFA,
    0xE8, 0xFA, 0xE8, 0xFA, 0xE8, 0xFA, 0xE8, 0xF9,
    0xE8, 0xF9, 0xE8, 0xF9, 0xE8, 0xF9, 0xE8, 0xF9,
    0xE8, 0xF9, 0xE8, 0xF8, 0xE8, 0xF8, 0xE8, 0xF8,
    0xE8, 0xF8, 0xE8, 0xF8, 0xE8, 0xF8, 0xE8, 0xF8,
    0xE9, 0xF8, 0xE9, 0xF8, 0xE9, 0xF8, 0xE9, 0xF8,
    0xE9, 0xF8, 0xE9, 0xF8, 0xEA, 0xF8, 0xEA, 0xF8,
    0xEA, 0xF8, 0xEA, 0xF8, 0xEA, 0xF8, 0xEB, 0xF8,
    0xEB, 0xF8, 0xEB, 0xF8, 0xEB, 0xF8, 0xEB, 0xF8,
    0xEB, 0xF8, 0xEC, 0xF8, 0xEC, 0xF8, 0xEC, 0xF8,
    0xEC, 0xF8, 0xEC, 0xF8, 0xED, 0xF8, 0xED, 0xF8,
    0xED, 0xF8, 0xED, 0xF8, 0xED, 0xF8, 0xED, 0xF8,
    0xEE, 0xF8, 0xEE, 0xF8, 0xEE, 0xF8, 0xEE, 0xF8,
    0xEE, 0xF8, 0xEE, 0xF8, 0xEF, 0xF8, 0xEF, 0xF8,
    0xEF, 0xF8, 0xEF, 0xF8, 0xEF, 0xF8, 0xEF, 0xF8,
    0xEF, 0xF8, 0xEF, 0xF8, 0xEF, 0xF8, 0xEF, 0xF8,
    0xDF, 0xF8, 0xDF, 0xF8, 0xDF, 0xF8, 0xDF, 0xF8,
    0xDF, 0xF8, 0xDF, 0xF8, 0xCF, 0xF8, 0xCF, 0xF8,
    0xCF, 0xF8, 0xCF, 0xF8, 0xCF, 0xF8, 0xCF, 0xF8,
    0xBF, 0xF8, 0xBF, 0xF8, 0xBF, 0xF8, 0xBF, 0xF8,
    0xBF, 0xF8, 0xAF, 0xF8, 0xAF, 0xF8, 0xAF, 0xF8,
    0xAF, 0xF8, 0xAF, 0xF8, 0xAF, 0xF8, 0x9F, 0xF8,
    0x9F, 0xF8, 0x9F, 0xF8, 0x9F, 0xF8, 0x9F, 0xF8,
    0x8F, 0xF8, 0x8F, 0xF8, 0x8F, 0xF8, 0x8F, 0xF8,
    0x8F, 0xF8, 0x8F, 0xF8, 0x7F, 0xF8, 0x7F, 0xF8,
    0x7F, 0xF8, 0x7F, 0xF8, 0x7F, 0xF8, 0x7F, 0xF8,
    0x7F, 0xF8, 0x7F, 0xF9, 0x7F, 0xF9, 0x7F, 0xF9,
    0x7F, 0xF9, 0x7F, 0xF9, 0x7F, 0xFA, 0x7F, 0xFA,
    0x7F, 0xFA, 0x7F, 0xFA, 0x7F, 0xFA, 0x7F, 0xFA,
    0x7F, 0xFB, 0x7F, 0xFB, 0x7F, 0xFB, 0x7F, 0xFB,
    0x7F, 0xFB, 0x7F, 0xFB, 0x7F, 0xFC, 0x7F, 0xFC,
    0x7F, 0xFC, 0x7F, 0xFC, 0x7F, 0xFC, 0x7F, 0xFD,
    0x7F, 0xFD, 0x7F, 0xFD, 0x7F, 0xFD, 0x7F, 0xFD,
    0x7F, 0xFD, 0x7F, 0xFD, 0x7F, 0xFE, 0x7F, 0xFE,
    0x7F, 0xFE, 0x7F, 0xFE, 0x7F, 0xFF, 0x7F, 0xFF,
    0x7F, 0xFF, 0x7F, 0xFF, 0x7F, 0xFF, 0x7F, 0xFF,
    0x7F, 0xFF, 0x7F, 0xFF, 0x7F, 0xFF, 0x7F, 0xFF,
    0x7F, 0xFF, 0x7F, 0xFF, 0x7E, 0xFF, 0x7E, 0xFF,
    0x7E, 0xFF, 0x7E, 0xFF, 0x7E, 0xFF, 0x7D, 0xFF,
    0x7D, 0xFF, 0x7D, 0xFF, 0x7D, 0xFF, 0x7D, 0xFF,
    0x7D, 0xFF, 0x7C, 0xFF, 0x7C, 0xFF, 0x7C, 0xFF,
    0x7C, 0xFF, 0x7C, 0xFF, 0x7B, 0xFF, 0x7B, 0xFF,
    0x7B, 0xFF, 0x7B, 0xFF, 0x7B, 0xFF, 0x7B, 0xFF,
    0x7A, 0xFF, 0x7A, 0xFF, 0x7A, 0xFF, 0x7A, 0xFF,
    0x7A, 0xFF, 0x79, 0xFF, 0x79, 0xFF, 0x79, 0xFF,
    0x79, 0xFF, 0x79, 0xFF, 0x79, 0xFF, 0x78, 0xFF,
    0x78, 0xFF, 0x78, 0xFF, 0x78, 0xFF, 0x78, 0xFF,
    0x78, 0xFF, 0x78, 0xFF, 0x78, 0xFF, 0x88, 0xFF,
    0x88, 0xFF, 0x88, 0xFF, 0x88, 0xFF, 0x88, 0xFF,
    0x98, 0xFF, 0x98, 0xFF, 0x98, 0xFF, 0x98, 0xFF,
    0x98, 0xFF, 0x98, 0xFF, 0xA8, 0xFF, 0xA8, 0xFF,
    0xA8, 0xFF, 0xA8, 0xFF, 0xA8, 0xFF, 0xB8, 0xFF,
    0xB8, 0xFF, 0xB8, 0xFF, 0xB8, 0xFF, 0xB8, 0xFF,
    0xB8, 0xFF, 0xC8, 0xFF, 0xC8, 0xFF, 0xC8, 0xFF,
    0xC8, 0xFF, 0xC8, 0xFF, 0xD8, 0xFF, 0xD8, 0xFF,
    0xD8, 0xFF, 0xD8, 0xFF, 0xD8, 0xFF, 0xD8, 0xFF,
    0xE8, 0xFF, 0xE8, 0xFF, 0xE8, 0xFF, 0xE8, 0xFF,
    0xE8, 0xFF, 0xE8, 0xFF, 0xE8, 0xFF, 0xE8, 0xFF,
    0xE8, 0xFF, 0xE8, 0xFF, 0xE8, 0xFE, 0xE8, 0xFE,
    0xE8, 0xFE, 0xE8, 0xFE, 0xE8, 0xFE, 0xE8, 0xFE,
    0xE8, 0xFD, 0xE8, 0xFD, 0xE8, 0xFD, 0xE8, 0xFD,
    0xE8, 0xFD, 0xE8, 0xFD, 0xE8, 0xFC, 0xE8, 0xFC,
    0xE8, 0xFC, 0xE8, 0xFC, 0xE8, 0xFC, 0xE8, 0xFC,
    0xE8, 0xFB, 0xE8, 0xFB, 0xE8, 0xFB, 0xE8, 0xFB,
    0xE8, 0xFB, 0xE8, 0xFA, 0xE8, 0xFA, 0xE8, 0xFA,
    0xE8, 0xFA, 0xE8, 0xFA, 0xE8, 0xFA, 0xE8, 0xF9,
    0xE8, 0xF9, 0xE8, 0xF9, 0xE8, 0xF9, 0xE8, 0xF9,
    0xE8, 0xF9, 0xE8, 0xF8, 0xE8, 0xF8, 0xE8, 0xF8,
    0xE8, 0xF8, 0xE8, 0xF8, 0xE8, 0xF8, 0xE8, 0xF8,
    0xE8, 0xF8, 0xE9, 0xF8, 0xE9, 0xF8, 0xE9, 0xF8,
    0xE9, 0xF8, 0xE9, 0xF8, 0xEA, 0xF8, 0xEA, 0xF8,
    0xEA, 0xF8, 0xEA, 0xF8, 0xEA, 0xF8, 0xEA, 0xF8,
    0xEB, 0xF8, 0xEB, 0xF8, 0xEB, 0xF8, 0xEB, 0xF8,
    0xEB, 0xF8, 0xEC, 0xF8, 0xEC, 0xF8, 0xEC, 0xF8,
    0xEC, 0xF8, 0xEC, 0xF8, 0xEC, 0xF8, 0xED, 0xF8,
    0xED, 0xF8, 0xED, 0xF8, 0xED, 0xF8, 0xED, 0xF8,
    0xEE, 0xF8, 0xEE, 0xF8, 0xEE, 0xF8, 0xEE, 0xF8,
    0xEE, 0xF8, 0xEE, 0xF8, 0xEF, 0xF8, 0xEF, 0xF8,
    0xEF, 0xF8, 0xEF, 0xF8, 0xEF, 0xF8, 0xEF, 0xF8,
    0xEF, 0xF8, 0xEF, 0xF8, 0xEF, 0xF8, 0xEF, 0xF8,
    0xDF, 0xF8, 0xDF, 0xF8, 0xDF, 0xF8, 0xDF, 0xF8,
    0xDF, 0xF8, 0xDF, 0xF8, 0xCF, 0xF8, 0xCF, 0xF8,
    0xCF, 0xF8, 0xCF, 0xF8, 0xCF, 0xF8, 0xBF, 0xF8,
    0xBF, 0xF8, 0xBF, 0xF8, 0xBF, 0xF8, 0xBF, 0xF8,
    0xAF, 0xF8, 0xAF, 0xF8, 0xAF, 0xF8, 0xAF, 0xF8,
    0xAF, 0xF8, 0xAF, 0xF8, 0x9F, 0xF8, 0x9F, 0xF8,
    0x9F, 0xF8, 0x9F, 0xF8, 0x9F, 0xF8, 0x9F, 0xF8,
    0x8F, 0xF8, 0x8F, 0xF8, 0x8F, 0xF8, 0x8F, 0xF8,
    0x8F, 0xF8, 0x8F, 0xF8, 0x7F, 0xF8, 0x7F, 0xF8,
    0x7F, 0xF8, 0x7F, 0xF8, 0x7F, 0xF8, 0x7F, 0xF8,
    0x7F, 0xF8, 0x7F, 0xF9, 0x7F, 0xF9, 0x7F, 0xF9,
    0x7F, 0xF9, 0x7F, 0xF9, 0x7F, 0xF9, 0x7F, 0xFA,
    0x7F, 0xFA, 0x7F, 0xFA, 0x7F, 0xFA, 0x7F, 0xFA,
    0x7F, 0xFB, 0x7F, 0xFB, 0x7F, 0xFB, 0x7F, 0xFB,
    0x7F, 0xFB, 0x7F, 0xFB, 0x7F, 0xFB, 0x7F, 0xFC,
    0x7F, 0xFC, 0x7F, 0xFC, 0x7F, 0xFC, 0x7F, 0xFC,
    0x7F, 0xFD, 0x7F, 0xFD, 0x7F, 0xFD, 0x7F, 0xFD,
    0x7F, 0xFD, 0x7F, 0xFD, 0x7F, 0xFE, 0x7F, 0xFE,
    0x7F, 0xFE, 0x7F, 0xFE, 0x7F, 0xFF, 0x7F, 0xFF,
    0x7F, 0xFF, 0x7F, 0xFF, 0x7F, 0xFF, 0x7F, 0xFF,
    0x7F, 0xFF, 0x7F, 0xFF, 0x7F, 0xFF, 0x7F, 0xFF,
    0x7F, 0xFF, 0x7E, 0xFF, 0x7E, 0xFF, 0x7E, 0xFF,
    0x7E, 0xFF, 0x7E, 0xFF, 0x7E, 0xFF, 0x7D, 0xFF,
    0x7D, 0xFF, 0x7D, 0xFF, 0x7D, 0xFF, 0x7D, 0xFF,
    0x7D, 0xFF, 0x7C, 0xFF, 0x7C, 0xFF, 0x7C, 0xFF,
    0x7C, 0xFF, 0x7C, 0xFF, 0x7B, 0xFF, 0x7B, 0xFF,
    0x7B, 0xFF, 0x7B, 0xFF, 0x7B, 0xFF, 0x7B, 0xFF,
    0x7A, 0xFF, 0x7A, 0xFF, 0x7A, 0xFF, 0x7A, 0xFF,
    0x7A, 0xFF, 0x79, 0xFF, 0x79, 0xFF, 0x79, 0xFF,
    0x79, 0xFF, 0x79, 0xFF, 0x78, 0xFF, 0x78, 0xFF,
    0x78, 0xFF, 0x78, 0xFF, 0x78, 0xFF, 0x78, 0xFF,
    0x78, 0xFF, 0x78, 0xFF, 0x78, 0xFF, 0x88, 0xFF,
    0x88, 0xFF, 0x88, 0xFF, 0x88, 0xFF, 0x88, 0xFF,
    0x88, 0xFF, 0x98, 0xFF, 0x98, 0xFF, 0x98, 0xFF,
    0x98, 0xFF, 0x98, 0xFF, 0xA8, 0xFF, 0xA8, 0xFF,
    0xA8, 0xFF, 0xA8, 0xFF, 0xA8, 0xFF, 0xA8, 0xFF,
    0xB8, 0xFF, 0xB8, 0xFF, 0xB8, 0xFF, 0xB8, 0xFF,
    0xB8, 0xFF, 0xC8, 0xFF, 0xC8, 0xFF, 0xC8, 0xFF,
    0xC8, 0xFF, 0xC8, 0xFF, 0xC8, 0xFF, 0xD8, 0xFF,
    0xD8, 0xFF, 0xD8, 0xFF, 0xD8, 0xFF, 0xD8, 0xFF,
    0xE8, 0xFF, 0xE8, 0xFF, 0xE8, 0xFF, 0xE8, 0xFF,
    0xE8, 0xFF, 0xE8, 0xFF, 0xE8, 0xFF, 0xE8, 0xFF,
    0xE8, 0xFF, 0xE8, 0xFF, 0xE8, 0xFE, 0xE8, 0xFE,
    0xE8, 0xFE, 0xE8, 0xFE, 0xE8, 0xFE, 0xE8, 0xFE,
    0xE8, 0xFD, 0xE8, 0xFD, 0xE8, 0xFD, 0xE8, 0xFD,
    0xE8, 0xFD, 0xE8, 0xFD, 0xE8, 0xFC, 0xE8, 0xFC,
    0xE8, 0xFC, 0xE8, 0xFC, 0xE8, 0xFC, 0xE8, 0xFB,
    0xE8, 0xFB, 0xE8, 0xFB, 0xE8, 0xFB, 0xE8, 0xFB,
    0xE8, 0xFA, 0xE8, 0xFA, 0xE8, 0xFA, 0xE8, 0xFA,
    0xE8, 0xFA, 0xE8, 0xFA, 0xE8, 0xF9, 0xE8, 0xF9,
    0xE8, 0xF9, 0xE8, 0xF9, 0xE8, 0xF9, 0xE8, 0xF9,
    0xE8, 0xF8, 0xE8, 0xF8, 0xE8, 0xF8, 0xE8, 0xF8,
    0xE8, 0xF8, 0xE8, 0xF8, 0xE8, 0xF8, 0xE8, 0xF8,
    0xE8, 0xF8, 0xE9, 0xF8, 0xE9, 0xF8, 0xE9, 0xF8,
    0xE9, 0xF8, 0xE9, 0xF8, 0xEA, 0xF8, 0xEA, 0xF8,
    0xEA, 0xF8, 0xEA, 0xF8, 0xEA, 0xF8, 0xEA, 0xF8,
    0xEB, 0xF8, 0xEB, 0xF8, 0xEB, 0xF8, 0xEB, 0xF8,
    0xEB, 0xF8, 0xEC, 0xF8, 0xEC, 0xF8, 0xEC, 0xF8,
    0xEC, 0xF8, 0xEC, 0xF8, 0xEC, 0xF8, 0xED, 0xF8,
    0xED, 0xF8, 0xED, 0xF8, 0xED, 0xF8, 0xED, 0xF8,
    0xEE, 0xF8, 0xEE, 0xF8, 0xEE, 0xF8, 0xEE, 0xF8,
    0xEE, 0xF8, 0xEE, 0xF8, 0xEF, 0xF8, 0xEF, 0xF8,
    0xEF, 0xF8, 0xEF, 0xF8, 0xEF, 0xF8, 0xEF, 0xF8,
    0xEF, 0xF7, 0xEF, 0xF8, 0xEF, 0xF8, 0xEF, 0xF8,
    0xDF, 0xF8, 0xDF, 0xF8, 0xDF, 0xF8, 0xDF, 0xF8,
    0xDF, 0xF8, 0xDF, 0xF8, 0xCF, 0xF8, 0xCF, 0xF8,
    0xCF, 0xF8, 0xCF, 0xF8, 0xCF, 0xF8, 0xBF, 0xF8,
    0xBF, 0xF8, 0xBF, 0xF8, 0xBF, 0xF8, 0xBF, 0xF8,
    0xAF, 0xF8, 0xAF, 0xF8, 0xAF, 0xF8, 0xAF, 0xF8,
    0xAF, 0xF8, 0xAF, 0xF8, 0x9F, 0xF8, 0x9F, 0xF8,
    0x9F, 0xF8, 0x9F, 0xF8, 0x9F, 0xF8, 0x8F, 0xF8,
    0x8F, 0xF8, 0x8F, 0xF8, 0x8F, 0xF8, 0x8F, 0xF8,
    0x8F, 0xF8, 0x7F, 0xF8, 0x7F, 0xF8, 0x7F, 0xF8,
    0x7F, 0xF8, 0x7F, 0xF8, 0x7F, 0xF8, 0x7F, 0xF8,
    0x7F, 0xF8, 0x7F, 0xF8, 0x7F, 0xF9, 0x7F, 0xF9,
    0x7F, 0xF9, 0x7F, 0xF9, 0x7F, 0xF9, 0x7F, 0xF9,
    0x7F, 0xFA, 0x7F, 0xFA, 0x7F, 0xFA, 0x7F, 0xFA,
    0x7F, 0xFA, 0x7F, 0xFB, 0x7F, 0xFB, 0x7F, 0xFB,
    0x7F, 0xFB, 0x7F, 0xFB, 0x7F, 0xFC, 0x7F, 0xFC,
    0x7F, 0xFC, 0x7F, 0xFC, 0x7F, 0xFC, 0x7F, 0xFC,
    0x7F, 0xFD, 0x7F, 0xFD, 0x7F, 0xFD, 0x7F, 0xFD,
    0x7F, 0xFD, 0x7F, 0xFD, 0x7F, 0xFE, 0x7F, 0xFE,
    0x7F, 0xFE, 0x7F, 0xFE, 0x7F, 0xFE, 0x7F, 0xFF,
    0x7F, 0xFF, 0x7F, 0xFF, 0x7F, 0xFF, 0x7F, 0xFF,
    0x7F, 0xFF, 0x7F, 0xFF, 0x7F, 0xFF, 0x7F, 0xFF,
    0x7F, 0xFF, 0x7E, 0xFF, 0x7E, 0xFF, 0x7E, 0xFF,
    0x7E, 0xFF, 0x7E, 0xFF, 0x7E, 0xFF, 0x7D, 0xFF,
    0x7D, 0xFF, 0x7D, 0xFF, 0x7D, 0xFF, 0x7D, 0xFF,
    0x7C, 0xFF, 0x7C, 0xFF, 0x7C, 0xFF, 0x7C, 0xFF,
    0x7C, 0xFF, 0x7C, 0xFF, 0x7B, 0xFF, 0x7B, 0xFF,
    0x7B, 0xFF, 0x7B, 0xFF, 0x7B, 0xFF, 0x7A, 0xFF,
    0x7A, 0xFF, 0x7A, 0xFF, 0x7A, 0xFF, 0x7A, 0xFF,
    0x79, 0xFF, 0x79, 0xFF, 0x79, 0xFF, 0x79, 0xFF,
    0x79, 0xFF, 0x79, 0xFF, 0x78, 0xFF, 0x78, 0xFF,
    0x78, 0xFF, 0x78, 0xFF, 0x78, 0xFF, 0x78, 0xFF,
    0x78, 0xFF, 0x78, 0xFF, 0x78, 0xFF, 0x78, 0xFF,
    0x88, 0xFF, 0x88, 0xFF, 0x88, 0xFF, 0x88, 0xFF,
    0x88, 0xFF, 0x98, 0xFF, 0x98, 0xFF, 0x98, 0xFF,
    0x98, 0xFF, 0x98, 0xFF, 0xA8, 0xFF, 0xA8, 0xFF,
    0xA8, 0xFF, 0xA8, 0xFF, 0xA8, 0xFF, 0xA8, 0xFF,
    0xB8, 0xFF, 0xB8, 0xFF, 0xB8, 0xFF, 0xB8, 0xFF,
    0xB8, 0xFF, 0xC8, 0xFF, 0xC8, 0xFF, 0xC8, 0xFF,
    0xC8, 0xFF, 0xC8, 0xFF, 0xC8, 0xFF, 0xD8, 0xFF,
    0xD8, 0xFF, 0xD8, 0xFF, 0xD8, 0xFF, 0xD8, 0xFF,
    0xE8, 0xFF, 0xE8, 0xFF, 0xE8, 0xFF, 0xE8, 0xFF,
    0xE8, 0xFF, 0xE8, 0xFF, 0xE8, 0xFF, 0xE8, 0xFF,
    0xE8, 0xFF, 0xE8, 0xFF, 0xE8, 0xFE, 0xE8, 0xFE,
    0xE8, 0xFE, 0xE8, 0xFE, 0xE8, 0xFE, 0xE8, 0xFE,
    0xE8, 0xFD, 0xE8, 0xFD, 0xE8, 0xFD, 0xE8, 0xFD,
    0xE8, 0xFD, 0xE8, 0xFD, 0xE8, 0xFC, 0xE8, 0xFC,
    0xE8, 0xFC, 0xE8, 0xFC, 0xE8, 0xFC, 0xE8, 0xFB,
    0xE8, 0xFB, 0xE8, 0xFB, 0xE8, 0xFB, 0xE8, 0xFB,
    0xE8, 0xFA, 0xE8, 0xFA, 0xE8, 0xFA, 0xE8, 0xFA,
    0xE8, 0xFA, 0xE8, 0xFA, 0xE8, 0xF9, 0xE8, 0xF9,
    0xE8, 0xF9, 0xE8, 0xF9, 0xE8, 0xF9, 0xE8, 0xF8,
    0xE8, 0xF8, 0xE8, 0xF8, 0xE8, 0xF8, 0xE8, 0xF8,
    0xE8, 0xF7, 0xE8, 0xF8, 0xE8, 0xF7, 0xE8, 0xF7,
    0xE8, 0xF7, 0xE8, 0xF7, 0xE9, 0xF7, 0xE9, 0xF7,
    0xE9, 0xF7, 0xE9, 0xF7, 0xE9, 0xF7, 0xEA, 0xF7,
    0xEA, 0xF7, 0xEA, 0xF7, 0xEA, 0xF7, 0xEA, 0xF7,
    0xEB, 0xF7, 0xEB, 0xF7, 0xEB, 0xF7, 0xEB, 0xF7,
    0xEB, 0xF8, 0xEB, 0xF8, 0xEC, 0xF7, 0xEC, 0xF7,
    0xEC, 0xF7, 0xEC, 0xF7, 0xEC, 0xF7, 0xED, 0xF7,
    0xED, 0xF7, 0xED, 0xF7, 0xED, 0xF7, 0xED, 0xF7,
    0xED, 0xF7, 0xEE, 0xF8, 0xEE, 0xF8, 0xEE, 0xF7,
    0xEE, 0xF7, 0xEE, 0xF7, 0xEF, 0xF7, 0xEF, 0xF7,
    0xEF, 0xF7, 0xEF, 0xF7, 0xEF, 0xF7, 0xEF, 0xF7,
    0xEF, 0xF7, 0xEF, 0xF7, 0xEF, 0xF7, 0xEF, 0xF7,
    0xDF, 0xF7, 0xDF, 0xF8, 0xDF, 0xF7, 0xDF, 0xF7,
    0xDF, 0xF7, 0xCF, 0xF7, 0xCF, 0xF7, 0xCF, 0xF7,
    0xCF, 0xF7, 0xCF, 0xF7, 0xCF, 0xF7, 0xBF, 0xF7,
    0xBF, 0xF7, 0xBF, 0xF7, 0xBF, 0xF7, 0xBF, 0xF7,
    0xAF, 0xF7, 0xAF, 0xF7, 0xAF, 0xF7, 0xAF, 0xF8,
    0xAF, 0xF7, 0x9F, 0xF8, 0x9F, 0xF7, 0x9F, 0xF7,
    0x9F, 0xF7, 0x9F, 0xF7, 0x8F, 0xF8, 0x8F, 0xF8,
    0x8F, 0xF7, 0x8F, 0xF7, 0x8F, 0xF7, 0x8F, 0xF7,
    0x7F, 0xF7, 0x7F, 0xF7, 0x7F, 0xF7, 0x7F, 0xF8,
    0x7F, 0xF8, 0x7F, 0xF8, 0x6F, 0xF8, 0x6F, 0xF8,
    0x6F, 0xF8, 0x6F, 0xF8, 0x6F, 0xF8, 0x6F, 0xF8,
    0x6F, 0xF9, 0x6F, 0xF9, 0x6F, 0xF9, 0x6F, 0xF9,
    0x6F, 0xF9, 0x6F, 0xFA, 0x6F, 0xFA, 0x6F, 0xFA,
    0x6F, 0xFA, 0x6F, 0xFA, 0x6F, 0xFB, 0x6F, 0xFB,
    0x6F, 0xFB, 0x6F, 0xFB, 0x6F, 0xFB, 0x6F, 0xFC,
    0x6F, 0xFC, 0x6F, 0xFC, 0x6F, 0xFC, 0x6F, 0xFC,
    0x6F, 0xFC, 0x6F, 0xFD, 0x6F, 0xFD, 0x6F, 0xFD,
    0x6F, 0xFD, 0x6F, 0xFD, 0x7F, 0xFE, 0x7F, 0xFE,
    0x7F, 0xFE, 0x6F, 0xFE, 0x6F, 0xFE, 0x6F, 0xFF,
    0x6F, 0xFF, 0x6F, 0xFF, 0x6F, 0xFF, 0x6F, 0xFF,
    0x7F, 0xFF, 0x6F, 0xFF, 0x6F, 0xFF, 0x6F, 0xFF,
    0x6F, 0xFF, 0x6E, 0xFF, 0x6E, 0xFF, 0x6E, 0xFF,
    0x6E, 0xFF, 0x6E, 0xFF, 0x6E, 0xFF, 0x6D, 0xFF,
    0x6D, 0xFF, 0x6D, 0xFF, 0x6D, 0xFF, 0x6D, 0xFF,
    0x6C, 0xFF, 0x6C, 0xFF, 0x6C, 0xFF, 0x6C, 0xFF,
    0x6C, 0xFF, 0x6B, 0xFF, 0x6B, 0xFF, 0x6B, 0xFF,
    0x6B, 0xFF, 0x6B, 0xFF, 0x6A, 0xFF, 0x6A, 0xFF,
    0x6A, 0xFF, 0x6A, 0xFF, 0x6A, 0xFF, 0x6A, 0xFF,
    0x69, 0xFF, 0x69, 0xFF, 0x69, 0xFF, 0x69, 0xFF,
    0x69, 0xFF, 0x68, 0xFF, 0x68, 0xFF, 0x68, 0xFF,
    0x68, 0xFF, 0x68, 0xFF, 0x67, 0xFF, 0x67, 0xFF,
    0x77, 0xFF, 0x77, 0xFF, 0x78, 0xFF, 0x77, 0xFF,
    0x87, 0xFF, 0x87, 0xFF, 0x87, 0xFF, 0x87, 0xFF,
    0x87, 0xFF, 0x87, 0xFF, 0x97, 0xFF, 0x97, 0xFF,
    0x97, 0xFF, 0x97, 0xFF, 0x97, 0xFF, 0xA7, 0xFF,
    0xA7, 0xFF, 0xA7, 0xFF, 0xA7, 0xFF, 0xA7, 0xFF,
    0xA7, 0xFF, 0xB7, 0xFF, 0xB7, 0xFF, 0xB7, 0xFF,
    0xB7, 0xFF, 0xB7, 0xFF, 0xC7, 0xFF, 0xC7, 0xFF,
    0xC7, 0xFF, 0xC7, 0xFF, 0xC7, 0xFF, 0xD7, 0xFF,
    0xD7, 0xFF, 0xD7, 0xFF, 0xD7, 0xFF, 0xD7, 0xFF,
    0xE7, 0xFF, 0xE7, 0xFF, 0xE7, 0xFF, 0xE7, 0xFF,
    0xE7, 0xFF, 0xE7, 0xFF, 0xE7, 0xFF, 0xE7, 0xFF,
    0xE7, 0xFF, 0xE7, 0xFF, 0xE7, 0xFF, 0xE7, 0xFE,
    0xE7, 0xFE, 0xE7, 0xFE, 0xE8, 0xFE, 0xE8, 0xFE,
    0xE7, 0xFD, 0xE7, 0xFD, 0xE7, 0xFD, 0xE7, 0xFD,
    0xE7, 0xFD, 0xE7, 0xFD, 0xE7, 0xFC, 0xE7, 0xFC,
    0xE7, 0xFC, 0xE7, 0xFC, 0xE7, 0xFB, 0xE7, 0xFB,
    0xE7, 0xFB, 0xE7, 0xFB, 0xE7, 0xFB, 0xE7, 0xFB,
    0xE7, 0xFA, 0xE7, 0xFA, 0xE7, 0xFA, 0xE7, 0xFA,
    0xE7, 0xFA, 0xE7, 0xF9, 0xE7, 0xF9, 0xE7, 0xF9,
    0xE8, 0xF9, 0xE7, 0xF9, 0xE7, 0xF8, 0xE7, 0xF8,
    0xE7, 0xF8, 0xE7, 0xF8, 0xE7, 0xF8, 0xE7, 0xF8,
    0xE7, 0xF7, 0xE8, 0xF7, 0xE8, 0xF7, 0xE8, 0xF7,
    0xE8, 0xF7, 0xE8, 0xF7, 0xE9, 0xF7, 0xE9, 0xF7,
    0xE9, 0xF7, 0xE9, 0xF7, 0xE9, 0xF7, 0xE9, 0xF7,
    0xEA, 0xF7, 0xEA, 0xF7, 0xEA, 0xF7, 0xEA, 0xF7,
    0xEA, 0xF7, 0xEB, 0xF7, 0xEB, 0xF7, 0xEB, 0xF7,
    0xEB, 0xF7, 0xEB, 0xF7, 0xEC, 0xF7, 0xEC, 0xF7,
    0xEC, 0xF7, 0xEC, 0xF7, 0xEC, 0xF7, 0xED, 0xF7,
    0xED, 0xF7, 0xED, 0xF7, 0xED, 0xF7, 0xED, 0xF7,
    0xED, 0xF7, 0xEE, 0xF7, 0xEE, 0xF7, 0xEE, 0xF7,
    0xEE, 0xF7, 0xEE, 0xF7, 0xEF, 0xF7, 0xEF, 0xF7,
    0xEF, 0xF7, 0xEF, 0xF7, 0xEF, 0xF7, 0xEF, 0xF7,
    0xEF, 0xF7, 0xEF, 0xF7, 0xEF, 0xF7, 0xEF, 0xF7,
    0xDF, 0xF7, 0xDF, 0xF7, 0xDF, 0xF7, 0xDF, 0xF7,
    0xDF, 0xF7, 0xCF, 0xF7, 0xCF, 0xF7, 0xCF, 0xF7,
    0xCF, 0xF7, 0xCF, 0xF7, 0xCF, 0xF7, 0xBF, 0xF7,
    0xBF, 0xF7, 0xBF, 0xF7, 0xBF, 0xF7, 0xBF, 0xF7,
    0xAF, 0xF7, 0xAF, 0xF7, 0xAF, 0xF7, 0xAF, 0xF7,
    0xAF, 0xF7, 0x9F, 0xF7, 0x9F, 0xF7, 0x9F, 0xF7,
    0x9F, 0xF7, 0x9F, 0xF7, 0x8F, 0xF7, 0x8F, 0xF7,
    0x8F, 0xF7, 0x8F, 0xF7, 0x8F, 0xF7, 0x8F, 0xF7,
    0x7F, 0xF7, 0x7F, 0xF7, 0x7F, 0xF7, 0x7F, 0xF7,
    0x6F, 0xF7, 0x6F, 0xF8, 0x6F, 0xF8, 0x6F, 0xF8,
    0x6F, 0xF8, 0x6F, 0xF8, 0x6F, 0xF8, 0x6F, 0xF8,
    0x6F, 0xF9, 0x6F, 0xF9, 0x6F, 0xF9, 0x6F, 0xF9,
    0x6F, 0xF9, 0x6F, 0xF9, 0x6F, 0xFA, 0x6F, 0xFA,
    0x6F, 0xFA, 0x6F, 0xFA, 0x6F, 0xFB, 0x6F, 0xFB,
    0x6F, 0xFB, 0x6F, 0xFB, 0x6F, 0xFB, 0x6F, 0xFC,
    0x6F, 0xFC, 0x6F, 0xFC, 0x6F, 0xFC, 0x6F, 0xFC,
    0x6F, 0xFC, 0x6F, 0xFD, 0x6F, 0xFD, 0x6F, 0xFD,
    0x6F, 0xFD, 0x6F, 0xFD, 0x6F, 0xFE, 0x6F, 0xFE,
    0x6F, 0xFE, 0x6F, 0xFE, 0x6F, 0xFE, 0x6F, 0xFE,
    0x6F, 0xFF, 0x6F, 0xFF, 0x6F, 0xFF, 0x6F, 0xFF,
    0x6F, 0xFF, 0x6F, 0xFF, 0x6F, 0xFF, 0x6F, 0xFF,
    0x6F, 0xFF, 0x6E, 0xFF, 0x6E, 0xFF, 0x6E, 0xFF,
    0x6E, 0xFF, 0x6E, 0xFF, 0x6D, 0xFF, 0x6D, 0xFF,
    0x6D, 0xFF, 0x6D, 0xFF, 0x6D, 0xFF, 0x6D, 0xFF,
    0x6C, 0xFF, 0x6C, 0xFF, 0x6C, 0xFF, 0x6C, 0xFF,
    0x6C, 0xFF, 0x6B, 0xFF, 0x6B, 0xFF, 0x6B, 0xFF,
    0x6B, 0xFF, 0x6B, 0xFF, 0x6A, 0xFF, 0x6A, 0xFF,
    0x6A, 0xFF, 0x6A, 0xFF, 0x6A, 0xFF, 0x69, 0xFF,
    0x69, 0xFF, 0x69, 0xFF, 0x69, 0xFF, 0x69, 0xFF,
    0x69, 0xFF, 0x68, 0xFF, 0x68, 0xFF, 0x68, 0xFF,
    0x68, 0xFF, 0x68, 0xFF, 0x67, 0xFF, 0x67, 0xFF,
    0x77, 0xFF, 0x77, 0xFF, 0x77, 0xFF, 0x77, 0xFF,
    0x77, 0xFF, 0x87, 0xFF, 0x87, 0xFF, 0x87, 0xFF,
    0x87, 0xFF, 0x87, 0xFF, 0x97, 0xFF, 0x97, 0xFF,
    0x97, 0xFF, 0x97, 0xFF, 0x97, 0xFF, 0x97, 0xFF,
    0xA7, 0xFF, 0xA7, 0xFF, 0xA7, 0xFF, 0xA7, 0xFF,
    0xA7, 0xFF, 0xB7, 0xFF, 0xB7, 0xFF, 0xB7, 0xFF,
    0xB7, 0xFF, 0xB7, 0xFF, 0xC7, 0xFF, 0xC7, 0xFF,
    0xC7, 0xFF, 0xC7, 0xFF, 0xC7, 0xFF, 0xD7, 0xFF,
    0xD7, 0xFF, 0xD7, 0xFF, 0xD7, 0xFF, 0xD7, 0xFF,
    0xE7, 0xFF, 0xE7, 0xFF, 0xE7, 0xFF, 0xE7, 0xFF,
    0xE7, 0xFF, 0xE7, 0xFF, 0xE7, 0xFF, 0xE7, 0xFF,
    0xE7, 0xFF, 0xE7, 0xFF, 0xE7, 0xFF, 0xE7, 0xFE,
    0xE7, 0xFE, 0xE7, 0xFE, 0xE7, 0xFE, 0xE7, 0xFE,
    0xE7, 0xFE, 0xE7, 0xFD, 0xE7, 0xFD, 0xE7, 0xFD,
    0xE7, 0xFD, 0xE7, 0xFD, 0xE7, 0xFC, 0xE7, 0xFC,
    0xE7, 0xFC, 0xE7, 0xFC, 0xE7, 0xFB, 0xE7, 0xFB,
    0xE7, 0xFB, 0xE7, 0xFB, 0xE7, 0xFB, 0xE7, 0xFB,
    0xE7, 0xFA, 0xE7, 0xFA, 0xE7, 0xFA, 0xE7, 0xFA,
    0xE7, 0xFA, 0xE7, 0xF9, 0xE7, 0xF9, 0xE7, 0xF9,
    0xE7, 0xF9, 0xE7, 0xF8, 0xE7, 0xF8, 0xE7, 0xF8,
    0xE7, 0xF8, 0xE7, 0xF8, 0xE7, 0xF7, 0xE7, 0xF7,
    0xE7, 0xF7, 0xE7, 0xF7, 0xE8, 0xF7, 0xE8, 0xF7,
    0xE8, 0xF7, 0xE8, 0xF7, 0xE8, 0xF7, 0xE9, 0xF7,
    0xE9, 0xF7, 0xE9, 0xF7, 0xE9, 0xF7, 0xE9, 0xF7,
    0xEA, 0xF7, 0xEA, 0xF7, 0xEA, 0xF7, 0xEA, 0xF7,
    0xEA, 0xF7, 0xEB, 0xF7, 0xEB, 0xF7, 0xEB, 0xF7,
    0xEB, 0xF7, 0xEB, 0xF7, 0xEB, 0xF7, 0xEC, 0xF7,
    0xEC, 0xF7, 0xEC, 0xF7, 0xEC, 0xF7, 0xEC, 0xF7,
    0xED, 0xF7, 0xED, 0xF7, 0xED, 0xF7, 0xED, 0xF7,
    0xED, 0xF7, 0xEE, 0xF7, 0xEE, 0xF7, 0xEE, 0xF7,
    0xEE, 0xF7, 0xEE, 0xF7, 0xEF, 0xF7, 0xEF, 0xF7,
    0xEF, 0xF7, 0xEF, 0xF7, 0xEF, 0xF7, 0xEF, 0xF7,
    0xEF, 0xF7, 0xEF, 0xF7, 0xEF, 0xF7, 0xEF, 0xF7,
    0xDF, 0xF7, 0xDF, 0xF7, 0xDF, 0xF7, 0xDF, 0xF7,
    0xDF, 0xF7, 0xCF, 0xF7, 0xCF, 0xF7, 0xCF, 0xF7,
    0xCF, 0xF7, 0xCF, 0xF7, 0xBF, 0xF7, 0xBF, 0xF7,
    0xBF, 0xF7, 0xBF, 0xF7, 0xBF, 0xF7, 0xBF, 0xF7,
    0xAF, 0xF7, 0xAF, 0xF7, 0xAF, 0xF7, 0xAF, 0xF7,
    0x9F, 0xF7, 0x9F, 0xF7, 0x9F, 0xF7, 0x9F, 0xF7,
    0x9F, 0xF7, 0x8F, 0xF7, 0x8F, 0xF7, 0x8F, 0xF7,
    0x8F, 0xF7, 0x8F, 0xF7, 0x8F, 0xF7, 0x7F, 0xF7,
    0x7F, 0xF7, 0x7F, 0xF7, 0x7F, 0xF7, 0x7F, 0xF7,
    0x6F, 0xF7, 0x6F, 0xF7, 0x6F, 0xF8, 0x6F, 0xF8,
    0x6F, 0xF8, 0x6F, 0xF8, 0x6F, 0xF8, 0x6F, 0xF8,
    0x6F, 0xF9, 0x6F, 0xF9, 0x6F, 0xF9, 0x6F, 0xF9,
    0x6F, 0xF9, 0x6F, 0xF9, 0x6F, 0xFA, 0x6F, 0xFA,
    0x6F, 0xFA, 0x6F, 0xFA, 0x6F, 0xFA, 0x6F, 0xFB,
    0x6F, 0xFB, 0x6F, 0xFB, 0x6F, 0xFB, 0x6F, 0xFC,
    0x6F, 0xFC, 0x6F, 0xFC, 0x6F, 0xFC, 0x6F, 0xFC,
    0x6F, 0xFC, 0x6F, 0xFD, 0x6F, 0xFD, 0x6F, 0xFD,
    0x6F, 0xFD, 0x6F, 0xFD, 0x6F, 0xFE, 0x6F, 0xFE,
    0x6F, 0xFE, 0x6F, 0xFE, 0x6F, 0xFE, 0x6F, 0xFE,
    0x6F, 0xFF, 0x6F, 0xFF, 0x6F, 0xFF, 0x6F, 0xFF,
    0x6F, 0xFF, 0x6F, 0xFF, 0x6F, 0xFF, 0x6F, 0xFF,
    0x6F, 0xFF, 0x6E, 0xFF, 0x6E, 0xFF, 0x6E, 0xFF,
    0x6E, 0xFF, 0x6E, 0xFF, 0x6D, 0xFF, 0x6D, 0xFF,
    0x6D, 0xFF, 0x6D, 0xFF, 0x6D, 0xFF, 0x6D, 0xFF,
    0x6C, 0xFF, 0x6C, 0xFF, 0x6C, 0xFF, 0x6C, 0xFF,
    0x6C, 0xFF, 0x6B, 0xFF, 0x6B, 0xFF, 0x6B, 0xFF,
    0x6B, 0xFF, 0x6B, 0xFF, 0x6A, 0xFF, 0x6A, 0xFF,
    0x6A, 0xFF, 0x6A, 0xFF, 0x6A, 0xFF, 0x69, 0xFF,
    0x69, 0xFF, 0x69, 0xFF, 0x69, 0xFF, 0x69, 0xFF,
    0x68, 0xFF, 0x68, 0xFF, 0x68, 0xFF, 0x68, 0xFF,
    0x68, 0xFF, 0x67, 0xFF, 0x67, 0xFF, 0x67, 0xFF,
    0x67, 0xFF, 0x77, 0xFF, 0x77, 0xFF, 0x77, 0xFF,
    0x77, 0xFF, 0x87, 0xFF, 0x87, 0xFF, 0x87, 0xFF,
    0x87, 0xFF, 0x87, 0xFF, 0x97, 0xFF, 0x97, 0xFF,
    0x97, 0xFF, 0x97, 0xFF, 0x97, 0xFF, 0x97, 0xFF,
    0xA7, 0xFF, 0xA7, 0xFF, 0xA7, 0xFF, 0xA7, 0xFF,
    0xA7, 0xFF, 0xB7, 0xFF, 0xB7, 0xFF, 0xB7, 0xFF,
    0xB7, 0xFF, 0xB7, 0xFF, 0xB7, 0xFF, 0xC7, 0xFF,
    0xC7, 0xFF, 0xC7, 0xFF, 0xC7, 0xFF, 0xD7, 0xFF,
    0xD7, 0xFF, 0xD7, 0xFF, 0xD7, 0xFF, 0xD7, 0xFF,
    0xE7, 0xFF, 0xE7, 0xFF, 0xE7, 0xFF, 0xE7, 0xFF,
    0xE7, 0xFF, 0xE7, 0xFF, 0xE7, 0xFF, 0xE7, 0xFF,
    0xE7, 0xFF, 0xE7, 0xFF, 0xE7, 0xFF, 0xE7, 0xFE,
    0xE7, 0xFE, 0xE7, 0xFE, 0xE7, 0xFE, 0xE7, 0xFE,
    0xE7, 0xFD, 0xE7, 0xFD, 0xE7, 0xFD, 0xE7, 0xFD,
    0xE7, 0xFD, 0xE7, 0xFC, 0xE7, 0xFC, 0xE7, 0xFC,
    0xE7, 0xFC, 0xE7, 0xFC, 0xE7, 0xFB, 0xE7, 0xFB,
    0xE7, 0xFB, 0xE7, 0xFB, 0xE7, 0xFB, 0xE7, 0xFA,
    0xE7, 0xFA, 0xE7, 0xFA, 0xE7, 0xFA, 0xE7, 0xFA,
    0xE7, 0xF9, 0xE7, 0xF9, 0xE7, 0xF9, 0xE7, 0xF9,
    0xE7, 0xF8, 0xE7, 0xF8, 0xE7, 0xF8, 0xE7, 0xF8,
    0xE7, 0xF8, 0xE7, 0xF8, 0xE7, 0xF7, 0xE7, 0xF7,
    0xE7, 0xF7, 0xE7, 0xF7, 0xE7, 0xF7, 0xE8, 0xF7,
    0xE8, 0xF7, 0xE8, 0xF7, 0xE8, 0xF7, 0xE8, 0xF7,
    0xE9, 0xF7, 0xE9, 0xF7, 0xE9, 0xF7, 0xE9, 0xF7,
    0xE9, 0xF7, 0xEA, 0xF7, 0xEA, 0xF7, 0xEA, 0xF7,
    0xEA, 0xF7, 0xEB, 0xF7, 0xEB, 0xF7, 0xEB, 0xF7,
    0xEB, 0xF7, 0xEB, 0xF7, 0xEB, 0xF7, 0xEC, 0xF7,
    0xEC, 0xF7, 0xEC, 0xF7, 0xEC, 0xF7, 0xEC, 0xF7,
    0xED, 0xF7, 0xED, 0xF7, 0xED, 0xF7, 0xED, 0xF7,
    0xED, 0xF7, 0xEE, 0xF7, 0xEE, 0xF7, 0xEE, 0xF7,
    0xEE, 0xF7, 0xEE, 0xF7, 0xEF, 0xF7, 0xEF, 0xF7,
    0xEF, 0xF7, 0xEF, 0xF7, 0xEF, 0xF7, 0xEF, 0xF7,
    0xEF, 0xF7, 0xEF, 0xF7, 0xEF, 0xF7, 0xEF, 0xF7,
    0xDF, 0xF7, 0xDF, 0xF7, 0xDF, 0xF7, 0xDF, 0xF7,
    0xDF, 0xF7, 0xCF, 0xF7, 0xCF, 0xF7, 0xCF, 0xF7,
    0xCF, 0xF7, 0xCF, 0xF7, 0xBF, 0xF7, 0xBF, 0xF7,
    0xBF, 0xF7, 0xBF, 0xF7, 0xBF, 0xF7, 0xAF, 0xF7,
    0xAF, 0xF7, 0xAF, 0xF7, 0xAF, 0xF7, 0xAF, 0xF7,
    0x9F, 0xF7, 0x9F, 0xF7, 0x9F, 0xF7, 0x9F, 0xF7,
    0x9F, 0xF7, 0x8F, 0xF7, 0x8F, 0xF7, 0x8F, 0xF7,
    0x8F, 0xF7, 0x8F, 0xF7, 0x8F, 0xF7, 0x7F, 0xF7,
    0x7F, 0xF7, 0x7F, 0xF7, 0x7F, 0xF7, 0x6F, 0xF7,
    0x6F, 0xF7, 0x6F, 0xF7, 0x6F, 0xF7, 0x6F, 0xF8,
    0x6F, 0xF8, 0x6F, 0xF8, 0x6F, 0xF8, 0x6F, 0xF8,
    0x6F, 0xF8, 0x6F, 0xF9, 0x6F, 0xF9, 0x6F, 0xF9,
    0x6F, 0xF9, 0x6F, 0xF9, 0x6F, 0xF9, 0x6F, 0xFA,
    0x6F, 0xFA, 0x6F, 0xFA, 0x6F, 0xFA, 0x6F, 0xFB,
    0x6F, 0xFB, 0x6F, 0xFB, 0x6F, 0xFB, 0x6F, 0xFB,
    0x6F, 0xFC, 0x6F, 0xFC, 0x6F, 0xFC, 0x6F, 0xFC,
    0x6F, 0xFC, 0x6F, 0xFD, 0x6F, 0xFD, 0x6F, 0xFD,
    0x6F, 0xFD, 0x6F, 0xFD, 0x6F, 0xFE, 0x6F, 0xFE,
    0x6F, 0xFE, 0x6F, 0xFE, 0x6F, 0xFE, 0x6F, 0xFE,
    0x6F, 0xFF, 0x6F, 0xFF, 0x6F, 0xFF, 0x6F, 0xFF,
    0x6F, 0xFF, 0x6F, 0xFF, 0x6F, 0xFF, 0x6F, 0xFF,
    0x6F, 0xFF, 0x6E, 0xFF, 0x6E, 0xFF, 0x6E, 0xFF,
    0x6E, 0xFF, 0x6E, 0xFF, 0x6D, 0xFF, 0x6D, 0xFF,
    0x6D, 0xFF, 0x6D, 0xFF, 0x6D, 0xFF, 0x6C, 0xFF,
    0x6C, 0xFF, 0x6C, 0xFF, 0x6C, 0xFF, 0x6C, 0xFF,
    0x6B, 0xFF, 0x6B, 0xFF, 0x6B, 0xFF, 0x6B, 0xFF,
    0x6B, 0xFF, 0x6A, 0xFF, 0x6A, 0xFF, 0x6A, 0xFF,
    0x6A, 0xFF, 0x6A, 0xFF, 0x69, 0xFF, 0x69, 0xFF,
    0x69, 0xFF, 0x69, 0xFF, 0x69, 0xFF, 0x68, 0xFF,
    0x68, 0xFF, 0x68, 0xFF, 0x68, 0xFF, 0x68, 0xFF,
    0x67, 0xFF, 0x67, 0xFF, 0x67, 0xFF, 0x67, 0xFF,
    0x67, 0xFF, 0x77, 0xFF, 0x77, 0xFF, 0x77, 0xFF,
    0x77, 0xFF, 0x77, 0xFF, 0x87, 0xFF, 0x87, 0xFF,
    0x87, 0xFF, 0x87, 0xFF, 0x87, 0xFF, 0x97, 0xFF,
    0x97, 0xFF, 0x97, 0xFF, 0x97, 0xFF, 0x97, 0xFF,
    0x97, 0xFF, 0xA7, 0xFF, 0xA7, 0xFF, 0xA7, 0xFF,
    0xA7, 0xFF, 0xA7, 0xFF, 0xB7, 0xFF, 0xB7, 0xFF,
    0xB7, 0xFF, 0xB7, 0xFF, 0xB7, 0xFF, 0xC7, 0xFF,
    0xC7, 0xFF, 0xC7, 0xFF, 0xC7, 0xFF, 0xC7, 0xFF,
    0xD7, 0xFF, 0xD7, 0xFF, 0xD7, 0xFF, 0xD7, 0xFF,
    0xD7, 0xFF, 0xE7, 0xFF, 0xE7, 0xFF, 0xE7, 0xFF,
    0xE7, 0xFF, 0xE7, 0xFF, 0xE7, 0xFF, 0xE7, 0xFF,
    0xE7, 0xFF, 0xE7, 0xFF, 0xE7, 0xFF, 0xE7, 0xFE,
    0xE7, 0xFE, 0xE7, 0xFE, 0xE7, 0xFE, 0xE7, 0xFD,
    0xE7, 0xFD, 0xE7, 0xFD, 0xE7, 0xFD, 0xE7, 0xFD,
    0xE7, 0xFC, 0xE7, 0xFC, 0xE7, 0xFC, 0xE7, 0xFC,
    0xE7, 0xFC, 0xE7, 0xFB, 0xE7, 0xFB, 0xE7, 0xFB,
    0xE7, 0xFB, 0xE7, 0xFB, 0xE7, 0xFB, 0xE7, 0xFA,
    0xE7, 0xFA, 0xE7, 0xFA, 0xE7, 0xFA, 0xE7, 0xFA,
    0xE7, 0xF9, 0xE7, 0xF9, 0xE7, 0xF9, 0xE7, 0xF9,
    0xE7, 0xF8, 0xE7, 0xF8, 0xE7, 0xF8, 0xE7, 0xF8,
    0xE7, 0xF8, 0xE7, 0xF7, 0xE7, 0xF7, 0xE7, 0xF7,
    0xE7, 0xF7, 0xE7, 0xF7, 0xE7, 0xF7, 0xE8, 0xF7,
    0xE8, 0xF7, 0xE8, 0xF7, 0xE8, 0xF7, 0xE8, 0xF7,
    0xE9, 0xF7, 0xE9, 0xF7, 0xE9, 0xF7, 0xE9, 0xF7,
    0xE9, 0xF7, 0xEA, 0xF7, 0xEA, 0xF7, 0xEA, 0xF7,
    0xEA, 0xF7, 0xEA, 0xF7, 0xEB, 0xF7, 0xEB, 0xF7,
    0xEB, 0xF7, 0xEB, 0xF7, 0xEB, 0xF7, 0xEB, 0xF7,
    0xEC, 0xF7, 0xEC, 0xF7, 0xEC, 0xF7, 0xEC, 0xF7,
    0xED, 0xF7, 0xED, 0xF7, 0xED, 0xF7, 0xED, 0xF7,
    0xED, 0xF7, 0xED, 0xF7, 0xEE, 0xF7, 0xEE, 0xF7,
    0xEE, 0xF7, 0xEE, 0xF7, 0xEF, 0xF7, 0xEF, 0xF7,
    0xEF, 0xF7, 0xEF, 0xF7, 0xEF, 0xF7, 0xEF, 0xF7,
    0xEF, 0xF7, 0xEF, 0xF7, 0xEF, 0xF7, 0xEF, 0xF7,
    0xDF, 0xF7, 0xDF, 0xF7, 0xDF, 0xF7, 0xDF, 0xF7,
    0xDF, 0xF7, 0xCF, 0xF7, 0xCF, 0xF7, 0xCF, 0xF7,
    0xCF, 0xF7, 0xBF, 0xF7, 0xBF, 0xF7, 0xBF, 0xF7,
    0xBF, 0xF7, 0xBF, 0xF7, 0xAF, 0xF7, 0xAF, 0xF7,
    0xAF, 0xF7, 0xAF, 0xF7, 0xAF, 0xF7, 0xAF, 0xF7,
    0x9F, 0xF7, 0x9F, 0xF7, 0x9F, 0xF7, 0x9F, 0xF7,
    0x9F, 0xF7, 0x8F, 0xF7, 0x8F, 0xF7, 0x8F, 0xF7,
    0x8F, 0xF7, 0x8F, 0xF7, 0x7F, 0xF7, 0x7F, 0xF7,
    0x7F, 0xF7, 0x7F, 0xF7, 0x6F, 0xF7, 0x6F, 0xF7,
    0x6F, 0xF7, 0x6F, 0xF7, 0x6F, 0xF7, 0x6F, 0xF7,
    0x6F, 0xF8, 0x6F, 0xF8, 0x6F, 0xF8, 0x6F, 0xF8,
    0x6F, 0xF8, 0x6F, 0xF9, 0x6F, 0xF9, 0x6F, 0xF9,
    0x6F, 0xF9, 0x6F, 0xF9, 0x6F, 0xF9, 0x6F, 0xFA,
    0x6F, 0xFA, 0x6F, 0xFA, 0x6F, 0xFA, 0x6F, 0xFB,
    0x6F, 0xFB, 0x6F, 0xFB, 0x6F, 0xFB, 0x6F, 0xFB,
    0x6F, 0xFC, 0x6F, 0xFC, 0x6F, 0xFC, 0x6F, 0xFC,
    0x6F, 0xFC, 0x6F, 0xFD, 0x6F, 0xFD, 0x6F, 0xFD,
    0x6F, 0xFD, 0x6F, 0xFD, 0x6F, 0xFE, 0x6F, 0xFE,
    0x6F, 0xFE, 0x6F, 0xFE, 0x6F, 0xFE, 0x6F, 0xFE,
    0x6F, 0xFF, 0x6F, 0xFF, 0x6F, 0xFF, 0x6F, 0xFF,
    0x6F, 0xFF, 0x6F, 0xFF, 0x6F, 0xFF, 0x6F, 0xFF,
    0x6F, 0xFF, 0x6E, 0xFF, 0x6E, 0xFF, 0x6E, 0xFF,
    0x6E, 0xFF, 0x6E, 0xFF, 0x6D, 0xFF, 0x6D, 0xFF,
    0x6D, 0xFF, 0x6D, 0xFF, 0x6D, 0xFF, 0x6C, 0xFF,
    0x6C, 0xFF, 0x6C, 0xFF, 0x6C, 0xFF, 0x6C, 0xFF,
    0x6B, 0xFF, 0x6B, 0xFF, 0x6B, 0xFF, 0x6B, 0xFF,
    0x6B, 0xFF, 0x6A, 0xFF, 0x6A, 0xFF, 0x6A, 0xFF,
    0x6A, 0xFF, 0x69, 0xFF, 0x69, 0xFF, 0x69, 0xFF,
    0x69, 0xFF, 0x69, 0xFF, 0x69, 0xFF, 0x68, 0xFF,
    0x68, 0xFF, 0x68, 0xFF, 0x68, 0xFF, 0x67, 0xFF,
    0x67, 0xFF, 0x67, 0xFF, 0x67, 0xFF, 0x67, 0xFF,
    0x67, 0xFF, 0x67, 0xFF, 0x77, 0xFF, 0x77, 0xFF,
    0x77, 0xFF, 0x77, 0xFF, 0x77, 0xFF, 0x87, 0xFF,
    0x87, 0xFF, 0x87, 0xFF, 0x87, 0xFF, 0x97, 0xFF,
    0x97, 0xFF, 0x97, 0xFF, 0x97, 0xFF, 0x97, 0xFF,
    0x97, 0xFF, 0xA7, 0xFF, 0xA7, 0xFF, 0xA7, 0xFF,
    0xA7, 0xFF, 0xA7, 0xFF, 0xB7, 0xFF, 0xB7, 0xFF,
    0xB7, 0xFF, 0xB7, 0xFF, 0xB7, 0xFF, 0xC7, 0xFF,
    0xC7, 0xFF, 0xC7, 0xFF, 0xC7, 0xFF, 0xC7, 0xFF,
    0xD7, 0xFF, 0xD7, 0xFF, 0xD7, 0xFF, 0xD7, 0xFF,
    0xD7, 0xFF, 0xE7, 0xFF, 0xE7, 0xFF, 0xE7, 0xFF,
    0xE7, 0xFF, 0xE7, 0xFF, 0xE7, 0xFF, 0xE7, 0xFF,
    0xE7, 0xFF, 0xE7, 0xFF, 0xE7, 0xFE, 0xE7, 0xFE,
    0xE7, 0xFE, 0xE7, 0xFE, 0xE7, 0xFE, 0xE7, 0xFD,
    0xE7, 0xFD, 0xE7, 0xFD, 0xE7, 0xFD, 0xE7, 0xFD,
    0xE7, 0xFC, 0xE7, 0xFC, 0xE7, 0xFC, 0xE7, 0xFC,
    0xE7, 0xFC, 0xE7, 0xFB, 0xE7, 0xFB, 0xE7, 0xFB,
    0xE7, 0xFB, 0xE7, 0xFB, 0xE7, 0xFA, 0xE7, 0xFA,
    0xE7, 0xFA, 0xE7, 0xFA, 0xE7, 0xFA, 0xE7, 0xF9,
    0xE7, 0xF9, 0xE7, 0xF9, 0xE7, 0xF9, 0xE7, 0xF8,
    0xE7, 0xF8, 0xE7, 0xF8, 0xE7, 0xF8, 0xE7, 0xF8,
    0xE7, 0xF8, 0xE7, 0xF7, 0xE7, 0xF7, 0xE7, 0xF7,
    0xE7, 0xF7, 0xE7, 0xF7, 0xE7, 0xF7, 0xE7, 0xF7,
    0xE8, 0xF7, 0xE8, 0xF7, 0xE8, 0xF7, 0xE8, 0xF7,
    0xE8, 0xF7, 0xE9, 0xF7, 0xE9, 0xF7, 0xE9, 0xF7,
    0xE9, 0xF7, 0xEA, 0xF7, 0xEA, 0xF7, 0xEA, 0xF7,
    0xEA, 0xF7, 0xEA, 0xF7, 0xEA, 0xF7, 0xEB, 0xF7,
    0xEB, 0xF7, 0xEB, 0xF7, 0xEB, 0xF7, 0xEB, 0xF7,
    0xEC, 0xF7, 0xEC, 0xF7, 0xEC, 0xF7, 0xEC, 0xF7,
    0xED, 0xF7, 0xED, 0xF7, 0xED, 0xF7, 0xED, 0xF7,
    0xED, 0xF7, 0xED, 0xF7, 0xEE, 0xF7, 0xEE, 0xF7,
    0xEE, 0xF7, 0xEE, 0xF7, 0xEF, 0xF7, 0xEF, 0xF7,
    0xEF, 0xF7, 0xEF, 0xF7, 0xEF, 0xF7, 0xEF, 0xF7,
    0xEF, 0xF7, 0xEF, 0xF7, 0xEF, 0xF7, 0xEF, 0xF7,
    0xDF, 0xF7, 0xDF, 0xF7, 0xDF, 0xF7, 0xDF, 0xF7,
    0xCF, 0xF7, 0xCF, 0xF7, 0xCF, 0xF7, 0xCF, 0xF7,
    0xCF, 0xF7, 0xBF, 0xF7, 0xBF, 0xF7, 0xBF, 0xF7,
    0xBF, 0xF7, 0xBF, 0xF7, 0xAF, 0xF7, 0xAF, 0xF7,
    0xAF, 0xF7, 0xAF, 0xF7, 0xAF, 0xF7, 0x9F, 0xF7,
    0x9F, 0xF7, 0x9F, 0xF7, 0x9F, 0xF7, 0x9F, 0xF7,
    0x8F, 0xF7, 0x8F, 0xF7, 0x8F, 0xF7, 0x8F, 0xF7,
    0x8F, 0xF7, 0x7F, 0xF7, 0x7F, 0xF7, 0x7F, 0xF7,
    0x7F, 0xF7, 0x7F, 0xF7, 0x6F, 0xF7, 0x6F, 0xF7,
    0x6F, 0xF7, 0x6F, 0xF7, 0x6F, 0xF7, 0x6F, 0xF7,
    0x6F, 0xF7, 0x6F, 0xF8, 0x6F, 0xF8, 0x6F, 0xF8,
    0x6F, 0xF8, 0x6F, 0xF8, 0x6F, 0xF9, 0x6F, 0xF9,
    0x6F, 0xF9, 0x6F, 0xF9, 0x6F, 0xF9, 0x6F, 0xFA,
    0x6F, 0xFA, 0x6F, 0xFA, 0x6F, 0xFA, 0x6F, 0xFA,
    0x6F, 0xFB, 0x6F, 0xFB, 0x6F, 0xFB, 0x6F, 0xFB,
    0x6F, 0xFB, 0x6F, 0xFC, 0x6F, 0xFC, 0x6F, 0xFC,
    0x6F, 0xFC, 0x6F, 0xFC, 0x6F, 0xFD, 0x6F, 0xFD,
    0x6F, 0xFD, 0x6F, 0xFD, 0x6F, 0xFE, 0x6F, 0xFE,
    0x6F, 0xFE, 0x6F, 0xFE, 0x6F, 0xFE, 0x6F, 0xFE,
    0x6F, 0xFF, 0x6F, 0xFF, 0x6F, 0xFF, 0x6F, 0xFF,
    0x6F, 0xFF, 0x6F, 0xFF, 0x6F, 0xFF, 0x6F, 0xFF,
    0x6F, 0xFF, 0x6E, 0xFF, 0x6E, 0xFF, 0x6E, 0xFF,
    0x6E, 0xFF, 0x6E, 0xFF, 0x6D, 0xFF, 0x6D, 0xFF,
    0x6D, 0xFF, 0x6D, 0xFF, 0x6D, 0xFF, 0x6C, 0xFF,
    0x6C, 0xFF, 0x6C, 0xFF, 0x6C, 0xFF, 0x6B, 0xFF,
    0x6B, 0xFF, 0x6B, 0xFF, 0x6B, 0xFF, 0x6B, 0xFF,
    0x6A, 0xFF, 0x6A, 0xFF, 0x6A, 0xFF, 0x6A, 0xFF,
    0x6A, 0xFF, 0x69, 0xFF, 0x69, 0xFF, 0x69, 0xFF,
    0x69, 0xFF, 0x69, 0xFF, 0x68, 0xFF, 0x68, 0xFF,
    0x68, 0xFF, 0x68, 0xFF, 0x68, 0xFF, 0x67, 0xFF,
    0x67, 0xFF, 0x67, 0xFF, 0x67, 0xFF, 0x67, 0xFF,
    0x67, 0xFF, 0x67, 0xFF, 0x67, 0xFF, 0x77, 0xFF,
    0x77, 0xFF, 0x77, 0xFF, 0x77, 0xFF, 0x87, 0xFF,
    0x87, 0xFF, 0x87, 0xFF, 0x87, 0xFF, 0x87, 0xFF,
    0x97, 0xFF, 0x97, 0xFF, 0x97, 0xFF, 0x97, 0xFF,
    0x97, 0xFF, 0xA7, 0xFF, 0xA7, 0xFF, 0xA7, 0xFF,
    0xA7, 0xFF, 0xA7, 0xFF, 0xB7, 0xFF, 0xB7, 0xFF,
    0xB7, 0xFF, 0xB7, 0xFF, 0xB7, 0xFF, 0xC7, 0xFF,
    0xC7, 0xFF, 0xC7, 0xFF, 0xC7, 0xFF, 0xC7, 0xFF,
    0xD7, 0xFF, 0xD7, 0xFF, 0xD7, 0xFF, 0xD7, 0xFF,
    0xD7, 0xFF, 0xE7, 0xFF, 0xE7, 0xFF, 0xE7, 0xFF,
    0xE7, 0xFF, 0xE7, 0xFF, 0xE7, 0xFF, 0xE7, 0xFF,
    0xE7, 0xFF, 0xE7, 0xFF, 0xE7, 0xFE, 0xE7, 0xFE,
    0xE7, 0xFE, 0xE7, 0xFE, 0xE7, 0xFD, 0xE7, 0xFD,
    0xE7, 0xFD, 0xE7, 0xFD, 0xE7, 0xFD, 0xE7, 0xFD,
    0xE7, 0xFC, 0xE7, 0xFC, 0xE7, 0xFC, 0xE7, 0xFC,
    0xE7, 0xFC, 0xE7, 0xFB, 0xE7, 0xFB, 0xE7, 0xFB,
    0xE7, 0xFB, 0xE7, 0xFA, 0xE7, 0xFA, 0xE7, 0xFA,
    0xE7, 0xFA, 0xE7, 0xFA, 0xE7, 0xF9, 0xE7, 0xF9,
    0xE7, 0xF9, 0xE7, 0xF9, 0xE7, 0xF9, 0xE7, 0xF8,
    0xE7, 0xF8, 0xE7, 0xF8, 0xE7, 0xF8, 0xE7, 0xF8,
    0xE7, 0xF7, 0xE7, 0xF7, 0xE7, 0xF7, 0xE7, 0xF7,
    0xE7, 0xF7, 0xE7, 0xF7, 0xE7, 0xF7, 0xE7, 0xF7,
    0xE8, 0xF7, 0xE8, 0xF7, 0xE8, 0xF7, 0xE8, 0xF7,
    0xE8, 0xF7, 0xE9, 0xF7, 0xE9, 0xF7, 0xE9, 0xF7,
    0xE9, 0xF7, 0xE9, 0xF7, 0xEA, 0xF7, 0xEA, 0xF7,
    0xEA, 0xF7, 0xEA, 0xF7, 0xEA, 0xF7, 0xEB, 0xF7,
    0xEB, 0xF7, 0xEB, 0xF7, 0xEB, 0xF7, 0xEB, 0xF7,
    0xEC, 0xF7, 0xEC, 0xF7, 0xEC, 0xF7, 0xEC, 0xF7,
    0xEC, 0xF7, 0xED, 0xF7, 0xED, 0xF6, 0xED, 0xF7,
    0xED, 0xF7, 0xED, 0xF7, 0xEE, 0xF7, 0xEE, 0xF7,
    0xEE, 0xF7, 0xEE, 0xF7, 0xEF, 0xF7, 0xEF, 0xF7,
    0xEF, 0xF7, 0xEF, 0xF7, 0xEF, 0xF7, 0xEF, 0xF7,
    0xEF, 0xF7, 0xEF, 0xF7, 0xEF, 0xF7, 0xEF, 0xF7,
    0xDF, 0xF7, 0xDF, 0xF7, 0xDF, 0xF7, 0xDF, 0xF7,
    0xCF, 0xF7, 0xCF, 0xF7, 0xCF, 0xF7, 0xCF, 0xF7,
    0xCF, 0xF7, 0xBF, 0xF7, 0xBF, 0xF7, 0xBF, 0xF7,
    0xBF, 0xF7, 0xBF, 0xF7, 0xAF, 0xF7, 0xAF, 0xF7,
    0xAF, 0xF7, 0xAF, 0xF7, 0xAF, 0xF7, 0x9F, 0xF7,
    0x9F, 0xF7, 0x9F, 0xF7, 0x9F, 0xF7, 0x9F, 0xF7,
    0x8F, 0xF7, 0x8F, 0xF7, 0x8F, 0xF7, 0x8F, 0xF7,
    0x7F, 0xF7, 0x7F, 0xF7, 0x7F, 0xF7, 0x7F, 0xF7,
    0x7F, 0xF7, 0x6F, 0xF7, 0x6F, 0xF7, 0x6F, 0xF7,
    0x6F, 0xF7, 0x6F, 0xF7, 0x6F, 0xF7, 0x6F, 0xF7,
    0x6F, 0xF7, 0x6F, 0xF7, 0x6F, 0xF8, 0x6F, 0xF8,
    0x6F, 0xF8, 0x6F, 0xF8, 0x6F, 0xF9, 0x6F, 0xF9,
    0x6F, 0xF9, 0x6F, 0xF9, 0x6F, 0xF9, 0x6F, 0xFA,
    0x6F, 0xFA, 0x6F, 0xFA, 0x6F, 0xFA, 0x6F, 0xFA,
    0x6F, 0xFB, 0x6F, 0xFB, 0x6F, 0xFB, 0x6F, 0xFB,
    0x6F, 0xFB, 0x6F, 0xFC, 0x6F, 0xFC, 0x6F, 0xFC,
    0x6F, 0xFC, 0x6F, 0xFC, 0x6F, 0xFD, 0x6F, 0xFD,
    0x6F, 0xFD, 0x6F, 0xFD, 0x6F, 0xFE, 0x6F, 0xFE,
    0x6F, 0xFE, 0x6F, 0xFE, 0x6F, 0xFE, 0x6F, 0xFE,
    0x6F, 0xFF, 0x6F, 0xFF, 0x6F, 0xFF, 0x6F, 0xFF,
    0x6F, 0xFF, 0x6F, 0xFF, 0x6F, 0xFF, 0x6F, 0xFF,
    0x6F, 0xFF, 0x6E, 0xFF, 0x6E, 0xFF, 0x6E, 0xFF,
    0x6E, 0xFF, 0x6E, 0xFF, 0x6D, 0xFF, 0x6D, 0xFF,
    0x6D, 0xFF, 0x6D, 0xFF, 0x6C, 0xFF, 0x6C, 0xFF,
    0x6C, 0xFF, 0x6C, 0xFF, 0x6C, 0xFF, 0x6B, 0xFF,
    0x6B, 0xFF, 0x6B, 0xFF, 0x6B, 0xFF, 0x6B, 0xFF,
    0x6A, 0xFF, 0x6A, 0xFF, 0x6A, 0xFF, 0x6A, 0xFF,
    0x6A, 0xFF, 0x69, 0xFF, 0x69, 0xFF, 0x69, 0xFF,
    0x69, 0xFF, 0x69, 0xFF, 0x68, 0xFF, 0x68, 0xFF,
    0x68, 0xFF, 0x68, 0xFF, 0x67, 0xFF, 0x67, 0xFF,
    0x67, 0xFF, 0x67, 0xFF, 0x67, 0xFF, 0x67, 0xFF,
    0x67, 0xFF, 0x67, 0xFF, 0x67, 0xFF, 0x77, 0xFF,
    0x77, 0xFF, 0x77, 0xFF, 0x77, 0xFF, 0x77, 0xFF,
    0x87, 0xFF, 0x87, 0xFF, 0x87, 0xFF, 0x87, 0xFF,
    0x97, 0xFF, 0x97, 0xFF, 0x97, 0xFF, 0x97, 0xFF,
    0x97, 0xFF, 0x97, 0xFF, 0xA7, 0xFF, 0xA7, 0xFF,
    0xA7, 0xFF, 0xA7, 0xFF, 0xB7, 0xFF, 0xB7, 0xFF,
    0xB7, 0xFF, 0xB7, 0xFF, 0xB7, 0xFF, 0xB7, 0xFF,
    0xC7, 0xFF, 0xC7, 0xFF, 0xC7, 0xFF, 0xC7, 0xFF,
    0xD7, 0xFF, 0xD7, 0xFF, 0xD7, 0xFF, 0xD7, 0xFF,
    0xD7, 0xFF, 0xE7, 0xFF, 0xE7, 0xFF, 0xE7, 0xFF,
    0xE7, 0xFF, 0xE7, 0xFF, 0xE7, 0xFF, 0xE7, 0xFF,
    0xE7, 0xFF, 0xE7, 0xFF, 0xE7, 0xFE, 0xE7, 0xFE,
    0xE7, 0xFE, 0xE7, 0xFE, 0xE7, 0xFE, 0xE7, 0xFD,
    0xE7, 0xFD, 0xE7, 0xFD, 0xE7, 0xFD, 0xE7, 0xFD,
    0xE7, 0xFC, 0xE7, 0xFC, 0xE7, 0xFC, 0xE7, 0xFC,
    0xE7, 0xFC, 0xE7, 0xFB, 0xE7, 0xFB, 0xE7, 0xFB,
    0xE7, 0xFB, 0xE7, 0xFA, 0xE7, 0xFA, 0xE7, 0xFA,
    0xE7, 0xFA, 0xE7, 0xFA, 0xE7, 0xF9, 0xE7, 0xF9,
    0xE7, 0xF9, 0xE7, 0xF9, 0xE7, 0xF9, 0xE7, 0xF8,
    0xE7, 0xF8, 0xE7, 0xF8, 0xE7, 0xF8, 0xE7, 0xF8,
    0xE7, 0xF7, 0xE7, 0xF7, 0xE7, 0xF7, 0xE7, 0xF7,
    0xE6, 0xF6, 0xE7, 0xF7, 0xE7, 0xF7, 0xE7, 0xF7,
    0xE7, 0xF7, 0xE8, 0xF7, 0xE8, 0xF6, 0xE8, 0xF6,
    0xE8, 0xF6, 0xE8, 0xF6, 0xE9, 0xF6, 0xE9, 0xF6,
    0xE9, 0xF6, 0xE9, 0xF6, 0xEA, 0xF7, 0xEA, 0xF7,
    0xEA, 0xF6, 0xEA, 0xF6, 0xEA, 0xF6, 0xEB, 0xF6,
    0xEB, 0xF6, 0xEB, 0xF6, 0xEB, 0xF6, 0xEB, 0xF6,
    0xEC, 0xF6, 0xEC, 0xF6, 0xEC, 0xF6, 0xEC, 0xF6,
    0xEC, 0xF6, 0xED, 0xF6, 0xED, 0xF6, 0xED, 0xF6,
    0xED, 0xF6, 0xED, 0xF6, 0xEE, 0xF6, 0xEE, 0xF6,
    0xEE, 0xF6, 0xEE, 0xF6, 0xEF, 0xF6, 0xEF, 0xF6,
    0xEF, 0xF6, 0xEF, 0xF7, 0xEF, 0xF7, 0xEF, 0xF7,
    0xEF, 0xF6, 0xEF, 0xF6, 0xEF, 0xF6, 0xEF, 0xF6,
    0xDF, 0xF6, 0xDF, 0xF6, 0xDF, 0xF6, 0xDF, 0xF6,
    0xCF, 0xF6, 0xCF, 0xF6, 0xCF, 0xF6, 0xCF, 0xF6,
    0xBF, 0xF6, 0xBF, 0xF6, 0xBF, 0xF6, 0xBF, 0xF6,
    0xBF, 0xF6, 0xBF, 0xF7, 0xAF, 0xF7, 0xAF, 0xF7,
    0xAF, 0xF7, 0xAF, 0xF6, 0xAF, 0xF6, 0x9F, 0xF6,
    0x9F, 0xF6, 0x9F, 0xF6, 0x9F, 0xF6, 0x8F, 0xF6,
    0x8F, 0xF7, 0x8F, 0xF6, 0x8F, 0xF6, 0x7F, 0xF6,
    0x7F, 0xF6, 0x7F, 0xF6, 0x7F, 0xF6, 0x7F, 0xF6,
    0x6F, 0xF6, 0x6F, 0xF6, 0x6F, 0xF6, 0x6F, 0xF6,
    0x6F, 0xF7, 0x6F, 0xF7, 0x6F, 0xF7, 0x5F, 0xF7,
    0x5F, 0xF7, 0x5F, 0xF7, 0x5F, 0xF7, 0x5F, 0xF8,
    0x5F, 0xF8, 0x5F, 0xF8, 0x5F, 0xF8, 0x5F, 0xF8,
    0x5F, 0xF9, 0x5F, 0xF9, 0x5F, 0xF9, 0x5F, 0xF9,
    0x5F, 0xFA, 0x5F, 0xFA, 0x5F, 0xFA, 0x5F, 0xFA,
    0x5F, 0xFA, 0x5F, 0xFB, 0x5F, 0xFB, 0x5F, 0xFB,
    0x5F, 0xFB, 0x5F, 0xFB, 0x5F, 0xFC, 0x5F, 0xFC,
    0x5F, 0xFC, 0x5F, 0xFC, 0x5F, 0xFD, 0x5F, 0xFD,
    0x5F, 0xFD, 0x5F, 0xFD, 0x5F, 0xFD, 0x6F, 0xFE,
    0x6F, 0xFE, 0x5F, 0xFE, 0x5F, 0xFE, 0x5F, 0xFE,
    0x5F, 0xFF, 0x5F, 0xFF, 0x5F, 0xFF, 0x5F, 0xFF,
    0x5F, 0xFF, 0x5F, 0xFF, 0x5F, 0xFF, 0x5F, 0xFF,
    0x5F, 0xFF, 0x5E, 0xFF, 0x5E, 0xFF, 0x5E, 0xFF,
    0x5E, 0xFF, 0x5D, 0xFF, 0x5D, 0xFF, 0x5D, 0xFF,
    0x5D, 0xFF, 0x5D, 0xFF, 0x5C, 0xFF, 0x5C, 0xFF,
    0x5C, 0xFF, 0x5C, 0xFF, 0x5C, 0xFF, 0x5B, 0xFF,
    0x5B, 0xFF, 0x5B, 0xFF, 0x5B, 0xFF, 0x5B, 0xFF,
    0x5A, 0xFF, 0x5A, 0xFF, 0x5A, 0xFF, 0x5A, 0xFF,
    0x59, 0xFF, 0x59, 0xFF, 0x59, 0xFF, 0x59, 0xFF,
    0x69, 0xFF, 0x58, 0xFF, 0x58, 0xFF, 0x58, 0xFF,
    0x58, 0xFF, 0x58, 0xFF, 0x57, 0xFF, 0x57, 0xFF,
    0x57, 0xFF, 0x57, 0xFF, 0x57, 0xFF, 0x56, 0xFF,
    0x66, 0xFF, 0x66, 0xFF, 0x66, 0xFF, 0x66, 0xFF,
    0x76, 0xFF, 0x76, 0xFF, 0x76, 0xFF, 0x76, 0xFF,
    0x76, 0xFF, 0x86, 0xFF, 0x86, 0xFF, 0x86, 0xFF,
    0x86, 0xFF, 0x96, 0xFF, 0x96, 0xFF, 0x96, 0xFF,
    0x96, 0xFF, 0x96, 0xFF, 0xA6, 0xFF, 0xA6, 0xFF,
    0xA6, 0xFF, 0xA6, 0xFF, 0xA6, 0xFF, 0xB6, 0xFF,
    0xB6, 0xFF, 0xB6, 0xFF, 0xB6, 0xFF, 0xB6, 0xFF,
    0xC6, 0xFF, 0xC6, 0xFF, 0xC6, 0xFF, 0xC6, 0xFF,
    0xC6, 0xFF, 0xD6, 0xFF, 0xD6, 0xFF, 0xD6, 0xFF,
    0xD6, 0xFF, 0xE6, 0xFF, 0xE6, 0xFF, 0xE6, 0xFF,
    0xE6, 0xFF, 0xE6, 0xFF, 0xE6, 0xFF, 0xE6, 0xFF,
    0xE6, 0xFF, 0xE6, 0xFF, 0xE6, 0xFE, 0xE6, 0xFE,
    0xE6, 0xFE, 0xE6, 0xFE, 0xE7, 0xFE, 0xE7, 0xFD,
    0xE6, 0xFD, 0xE6, 0xFD, 0xE6, 0xFD, 0xE6, 0xFC,
    0xE6, 0xFC, 0xE6, 0xFC, 0xE6, 0xFC, 0xE6, 0xFC,
    0xE6, 0xFB, 0xE6, 0xFB, 0xE6, 0xFB, 0xE6, 0xFB,
    0xE7, 0xFB, 0xE6, 0xFA, 0xE6, 0xFA, 0xE6, 0xFA,
    0xE6, 0xFA, 0xE6, 0xF9, 0xE6, 0xF9, 0xE6, 0xF9,
    0xE6, 0xF9, 0xE6, 0xF9, 0xE6, 0xF8, 0xE6, 0xF8,
    0xE6, 0xF8, 0xE6, 0xF8, 0xE6, 0xF8, 0xE6, 0xF7,
    0xE6, 0xF7, 0xE6, 0xF7, 0xE6, 0xF7, 0xE6, 0xF7,
    0xE6, 0xF6, 0xE7, 0xF6, 0xE7, 0xF6, 0xE7, 0xF6,
    0xE7, 0xF6, 0xE7, 0xF6, 0xE8, 0xF6, 0xE8, 0xF6,
    0xE8, 0xF6, 0xE8, 0xF6, 0xE9, 0xF6, 0xE9, 0xF6,
    0xE9, 0xF6, 0xE9, 0xF6, 0xE9, 0xF6, 0xEA, 0xF6,
    0xEA, 0xF6, 0xEA, 0xF6, 0xEA, 0xF6, 0xEA, 0xF6,
    0xEB, 0xF6, 0xEB, 0xF6, 0xEB, 0xF6, 0xEB, 0xF6,
    0xEC, 0xF6, 0xEC, 0xF6, 0xEC, 0xF6, 0xEC, 0xF6,
    0xEC, 0xF6, 0xED, 0xF6, 0xED, 0xF6, 0xED, 0xF6,
    0xED, 0xF6, 0xED, 0xF6, 0xEE, 0xF6, 0xEE, 0xF6,
    0xEE, 0xF6, 0xEE, 0xF6, 0xEF, 0xF6, 0xEF, 0xF6,
    0xEF, 0xF6, 0xEF, 0xF6, 0xEF, 0xF6, 0xEF, 0xF6,
    0xEF, 0xF6, 0xEF, 0xF6, 0xEF, 0xF6, 0xEF, 0xF6,
    0xDF, 0xF6, 0xDF, 0xF6, 0xDF, 0xF6, 0xDF, 0xF6,
    0xCF, 0xF6, 0xCF, 0xF6, 0xCF, 0xF6, 0xCF, 0xF6,
    0xBF, 0xF6, 0xBF, 0xF6, 0xBF, 0xF6, 0xBF, 0xF6,
    0xBF, 0xF6, 0xAF, 0xF6, 0xAF, 0xF6, 0xAF, 0xF6,
    0xAF, 0xF6, 0xAF, 0xF6, 0x9F, 0xF6, 0x9F, 0xF6,
    0x9F, 0xF6, 0x9F, 0xF6, 0x9F, 0xF6, 0x8F, 0xF6,
    0x8F, 0xF6, 0x8F, 0xF6, 0x8F, 0xF6, 0x7F, 0xF6,
    0x7F, 0xF6, 0x7F, 0xF6, 0x7F, 0xF6, 0x7F, 0xF6,
    0x6F, 0xF6, 0x6F, 0xF6, 0x6F, 0xF6, 0x6F, 0xF6,
    0x6F, 0xF6, 0x5F, 0xF6, 0x5F, 0xF7, 0x5F, 0xF7,
    0x5F, 0xF7, 0x5F, 0xF7, 0x5F, 0xF7, 0x5F, 0xF8,
    0x5F, 0xF8, 0x5F, 0xF8, 0x5F, 0xF8, 0x5F, 0xF8,
    0x5F, 0xF9, 0x5F, 0xF9, 0x5F, 0xF9, 0x5F, 0xF9,
    0x5F, 0xFA, 0x5F, 0xFA, 0x5F, 0xFA, 0x5F, 0xFA,
    0x5F, 0xFA, 0x5F, 0xFB, 0x5F, 0xFB, 0x5F, 0xFB,
    0x5F, 0xFB, 0x5F, 0xFB, 0x5F, 0xFC, 0x5F, 0xFC,
    0x5F, 0xFC, 0x5F, 0xFC, 0x5F, 0xFD, 0x5F, 0xFD,
    0x5F, 0xFD, 0x5F, 0xFD, 0x5F, 0xFD, 0x5F, 0xFE,
    0x5F, 0xFE, 0x5F, 0xFE, 0x5F, 0xFE, 0x5F, 0xFE,
    0x5F, 0xFF, 0x5F, 0xFF, 0x5F, 0xFF, 0x5F, 0xFF,
    0x5F, 0xFF, 0x5F, 0xFF, 0x5F, 0xFF, 0x5F, 0xFF,
    0x5F, 0xFF, 0x5E, 0xFF, 0x5E, 0xFF, 0x5E, 0xFF,
    0x5E, 0xFF, 0x5D, 0xFF, 0x5D, 0xFF, 0x5D, 0xFF,
    0x5D, 0xFF, 0x5D, 0xFF, 0x5C, 0xFF, 0x5C, 0xFF,
    0x5C, 0xFF, 0x5C, 0xFF, 0x5C, 0xFF, 0x5B, 0xFF,
    0x5B, 0xFF, 0x5B, 0xFF, 0x5B, 0xFF, 0x5A, 0xFF,
    0x5A, 0xFF, 0x5A, 0xFF, 0x5A, 0xFF, 0x5A, 0xFF,
    0x59, 0xFF, 0x59, 0xFF, 0x59, 0xFF, 0x59, 0xFF,
    0x59, 0xFF, 0x58, 0xFF, 0x58, 0xFF, 0x58, 0xFF,
    0x58, 0xFF, 0x57, 0xFF, 0x57, 0xFF, 0x57, 0xFF,
    0x57, 0xFF, 0x57, 0xFF, 0x56, 0xFF, 0x56, 0xFF,
    0x66, 0xFF, 0x66, 0xFF, 0x66, 0xFF, 0x66, 0xFF,
    0x76, 0xFF, 0x76, 0xFF, 0x76, 0xFF, 0x76, 0xFF,
    0x76, 0xFF, 0x86, 0xFF, 0x86, 0xFF, 0x86, 0xFF,
    0x86, 0xFF, 0x86, 0xFF, 0x96, 0xFF, 0x96, 0xFF,
    0x96, 0xFF, 0x96, 0xFF, 0xA6, 0xFF, 0xA6, 0xFF,
    0xA6, 0xFF, 0xA6, 0xFF, 0xA6, 0xFF, 0xB6, 0xFF,
    0xB6, 0xFF, 0xB6, 0xFF, 0xB6, 0xFF, 0xB6, 0xFF,
    0xC6, 0xFF, 0xC6, 0xFF, 0xC6, 0xFF, 0xC6, 0xFF,
    0xD6, 0xFF, 0xD6, 0xFF, 0xD6, 0xFF, 0xD6, 0xFF,
    0xD6, 0xFF, 0xE6, 0xFF, 0xE6, 0xFF, 0xE6, 0xFF,
    0xE6, 0xFF, 0xE6, 0xFF, 0xE6, 0xFF, 0xE6, 0xFF,
    0xE6, 0xFF, 0xE6, 0xFF, 0xE6, 0xFE, 0xE6, 0xFE,
    0xE6, 0xFE, 0xE6, 0xFE, 0xE6, 0xFE, 0xE6, 0xFD,
    0xE6, 0xFD, 0xE6, 0xFD, 0xE6, 0xFD, 0xE6, 0xFC,
    0xE6, 0xFC, 0xE6, 0xFC, 0xE6, 0xFC, 0xE6, 0xFC,
    0xE6, 0xFB, 0xE6, 0xFB, 0xE6, 0xFB, 0xE6, 0xFB,
    0xE6, 0xFB, 0xE6, 0xFA, 0xE6, 0xFA, 0xE6, 0xFA,
    0xE6, 0xFA, 0xE6, 0xF9, 0xE6, 0xF9, 0xE6, 0xF9,
    0xE6, 0xF9, 0xE6, 0xF9, 0xE6, 0xF8, 0xE6, 0xF8,
    0xE6, 0xF8, 0xE6, 0xF8, 0xE6, 0xF7, 0xE6, 0xF7,
    0xE6, 0xF7, 0xE6, 0xF7, 0xE6, 0xF7, 0xE6, 0xF6,
    0xE6, 0xF6, 0xE6, 0xF6, 0xE7, 0xF6, 0xE7, 0xF6,
    0xE7, 0xF6, 0xE7, 0xF6, 0xE8, 0xF6, 0xE8, 0xF6,
    0xE8, 0xF6, 0xE8, 0xF6, 0xE8, 0xF6, 0xE9, 0xF6,
    0xE9, 0xF6, 0xE9, 0xF6, 0xE9, 0xF6, 0xEA, 0xF6,
    0xEA, 0xF6, 0xEA, 0xF6, 0xEA, 0xF6, 0xEA, 0xF6,
    0xEB, 0xF6, 0xEB, 0xF6, 0xEB, 0xF6, 0xEB, 0xF6,
    0xEB, 0xF6, 0xEC, 0xF6, 0xEC, 0xF6, 0xEC, 0xF6,
    0xEC, 0xF6, 0xED, 0xF6, 0xED, 0xF6, 0xED, 0xF6,
    0xED, 0xF6, 0xED, 0xF6, 0xEE, 0xF6, 0xEE, 0xF6,
    0xEE, 0xF6, 0xEE, 0xF6, 0xEF, 0xF6, 0xEF, 0xF6,
    0xEF, 0xF6, 0xEF, 0xF6, 0xEF, 0xF6, 0xEF, 0xF6,
    0xEF, 0xF6, 0xEF, 0xF6, 0xEF, 0xF6, 0xDF, 0xF6,
    0xDF, 0xF6, 0xDF, 0xF6, 0xDF, 0xF6, 0xDF, 0xF6,
    0xCF, 0xF6, 0xCF, 0xF6, 0xCF, 0xF6, 0xCF, 0xF6,
    0xBF, 0xF6, 0xBF, 0xF6, 0xBF, 0xF6, 0xBF, 0xF6,
    0xBF, 0xF6, 0xAF, 0xF6, 0xAF, 0xF6, 0xAF, 0xF6,
    0xAF, 0xF6, 0xAF, 0xF6, 0x9F, 0xF6, 0x9F, 0xF6,
    0x9F, 0xF6, 0x9F, 0xF6, 0x8F, 0xF6, 0x8F, 0xF6,
    0x8F, 0xF6, 0x8F, 0xF6, 0x8F, 0xF6, 0x7F, 0xF6,
    0x7F, 0xF6, 0x7F, 0xF6, 0x7F, 0xF6, 0x6F, 0xF6,
    0x6F, 0xF6, 0x6F, 0xF6, 0x6F, 0xF6, 0x6F, 0xF6,
    0x5F, 0xF6, 0x5F, 0xF6, 0x5F, 0xF6, 0x5F, 0xF7,
    0x5F, 0xF7, 0x5F, 0xF7, 0x5F, 0xF7, 0x5F, 0xF7,
    0x5F, 0xF8, 0x5F, 0xF8, 0x5F, 0xF8, 0x5F, 0xF8,
    0x5F, 0xF9, 0x5F, 0xF9, 0x5F, 0xF9, 0x5F, 0xF9,
    0x5F, 0xF9, 0x5F, 0xFA, 0x5F, 0xFA, 0x5F, 0xFA,
    0x5F, 0xFA, 0x5F, 0xFA, 0x5F, 0xFB, 0x5F, 0xFB,
    0x5F, 0xFB, 0x5F, 0xFB, 0x5F, 0xFC, 0x5F, 0xFC,
    0x5F, 0xFC, 0x5F, 0xFC, 0x5F, 0xFD, 0x5F, 0xFD,
    0x5F, 0xFD, 0x5F, 0xFD, 0x5F, 0xFD, 0x5F, 0xFE,
    0x5F, 0xFE, 0x5F, 0xFE, 0x5F, 0xFE, 0x5F, 0xFE,
    0x5F, 0xFF, 0x5F, 0xFF, 0x5F, 0xFF, 0x5F, 0xFF,
    0x5F, 0xFF, 0x5F, 0xFF, 0x5F, 0xFF, 0x5F, 0xFF,
    0x5F, 0xFF, 0x5E, 0xFF, 0x5E, 0xFF, 0x5E, 0xFF,
    0x5E, 0xFF, 0x5D, 0xFF, 0x5D, 0xFF, 0x5D, 0xFF,
    0x5D, 0xFF, 0x5D, 0xFF, 0x5C, 0xFF, 0x5C, 0xFF,
    0x5C, 0xFF, 0x5C, 0xFF, 0x5B, 0xFF, 0x5B, 0xFF,
    0x5B, 0xFF, 0x5B, 0xFF, 0x5B, 0xFF, 0x5A, 0xFF,
    0x5A, 0xFF, 0x5A, 0xFF, 0x5A, 0xFF, 0x59, 0xFF,
    0x59, 0xFF, 0x59, 0xFF, 0x59, 0xFF, 0x59, 0xFF,
    0x58, 0xFF, 0x58, 0xFF, 0x58, 0xFF, 0x58, 0xFF,
    0x58, 0xFF, 0x57, 0xFF, 0x57, 0xFF, 0x57, 0xFF,
    0x57, 0xFF, 0x57, 0xFF, 0x56, 0xFF, 0x56, 0xFF,
    0x56, 0xFF, 0x66, 0xFF, 0x66, 0xFF, 0x66, 0xFF,
    0x66, 0xFF, 0x76, 0xFF, 0x76, 0xFF, 0x76, 0xFF,
    0x76, 0xFF, 0x76, 0xFF, 0x86, 0xFF, 0x86, 0xFF,
    0x86, 0xFF, 0x86, 0xFF, 0x96, 0xFF, 0x96, 0xFF,
    0x96, 0xFF, 0x96, 0xFF, 0xA6, 0xFF, 0xA6, 0xFF,
    0xA6, 0xFF, 0xA6, 0xFF, 0xA6, 0xFF, 0xB6, 0xFF,
    0xB6, 0xFF, 0xB6, 0xFF, 0xB6, 0xFF, 0xB6, 0xFF,
    0xC6, 0xFF, 0xC6, 0xFF, 0xC6, 0xFF, 0xC6, 0xFF,
    0xC6, 0xFF, 0xD6, 0xFF, 0xD6, 0xFF, 0xD6, 0xFF,
    0xD6, 0xFF, 0xE6, 0xFF, 0xE6, 0xFF, 0xE6, 0xFF,
    0xE6, 0xFF, 0xE6, 0xFF, 0xE6, 0xFF, 0xE6, 0xFF,
    0xE6, 0xFF, 0xE6, 0xFF, 0xE6, 0xFE, 0xE6, 0xFE,
    0xE6, 0xFE, 0xE6, 0xFE, 0xE6, 0xFD, 0xE6, 0xFD,
    0xE6, 0xFD, 0xE6, 0xFD, 0xE6, 0xFD, 0xE6, 0xFC,
    0xE6, 0xFC, 0xE6, 0xFC, 0xE6, 0xFC, 0xE6, 0xFC,
    0xE6, 0xFB, 0xE6, 0xFB, 0xE6, 0xFB, 0xE6, 0xFB,
    0xE6, 0xFB, 0xE6, 0xFA, 0xE6, 0xFA, 0xE6, 0xFA,
    0xE6, 0xFA, 0xE6, 0xF9, 0xE6, 0xF9, 0xE6, 0xF9,
    0xE6, 0xF9, 0xE6, 0xF9, 0xE6, 0xF8, 0xE6, 0xF8,
    0xE6, 0xF8, 0xE6, 0xF8, 0xE6, 0xF7, 0xE6, 0xF7,
    0xE6, 0xF7, 0xE6, 0xF7, 0xE6, 0xF6, 0xE6, 0xF6,
    0xE6, 0xF6, 0xE6, 0xF6, 0xE7, 0xF6, 0xE7, 0xF6,
    0xE7, 0xF6, 0xE7, 0xF6, 0xE7, 0xF6, 0xE8, 0xF6,
    0xE8, 0xF6, 0xE8, 0xF6, 0xE8, 0xF6, 0xE9, 0xF6,
    0xE9, 0xF6, 0xE9, 0xF6, 0xE9, 0xF6, 0xE9, 0xF6,
    0xEA, 0xF6, 0xEA, 0xF6, 0xEA, 0xF6, 0xEA, 0xF6,
    0xEB, 0xF6, 0xEB, 0xF6, 0xEB, 0xF6, 0xEB, 0xF6,
    0xEB, 0xF6, 0xEC, 0xF6, 0xEC, 0xF6, 0xEC, 0xF6,
    0xEC, 0xF6, 0xEC, 0xF6, 0xED, 0xF6, 0xED, 0xF6,
    0xED, 0xF6, 0xED, 0xF6, 0xEE, 0xF6, 0xEE, 0xF6,
    0xEE, 0xF6, 0xEE, 0xF6, 0xEF, 0xF6, 0xEF, 0xF6,
    0xEF, 0xF6, 0xEF, 0xF6, 0xEF, 0xF6, 0xEF, 0xF6,
    0xEF, 0xF6, 0xEF, 0xF6, 0xEF, 0xF6, 0xDF, 0xF6,
    0xDF, 0xF6, 0xDF, 0xF6, 0xDF, 0xF6, 0xDF, 0xF6,
    0xCF, 0xF6, 0xCF, 0xF6, 0xCF, 0xF6, 0xCF, 0xF6,
    0xBF, 0xF6, 0xBF, 0xF6, 0xBF, 0xF6, 0xBF, 0xF6,
    0xBF, 0xF6, 0xAF, 0xF6, 0xAF, 0xF6, 0xAF, 0xF6,
    0xAF, 0xF6, 0x9F, 0xF6, 0x9F, 0xF6, 0x9F, 0xF6,
    0x9F, 0xF6, 0x9F, 0xF6, 0x8F, 0xF6, 0x8F, 0xF6,
    0x8F, 0xF6, 0x8F, 0xF6, 0x7F, 0xF6, 0x7F, 0xF6,
    0x7F, 0xF6, 0x7F, 0xF6, 0x7F, 0xF6, 0x6F, 0xF6,
    0x6F, 0xF6, 0x6F, 0xF6, 0x6F, 0xF6, 0x5F, 0xF6,
    0x5F, 0xF6, 0x5F, 0xF6, 0x5F, 0xF6, 0x5F, 0xF6,
    0x5F, 0xF7, 0x5F, 0xF7, 0x5F, 0xF7, 0x5F, 0xF7,
    0x5F, 0xF8, 0x5F, 0xF8, 0x5F, 0xF8, 0x5F, 0xF8,
    0x5F, 0xF8, 0x5F, 0xF9, 0x5F, 0xF9, 0x5F, 0xF9,
    0x5F, 0xF9, 0x5F, 0xFA, 0x5F, 0xFA, 0x5F, 0xFA,
    0x5F, 0xFA, 0x5F, 0xFA, 0x5F, 0xFB, 0x5F, 0xFB,
    0x5F, 0xFB, 0x5F, 0xFB, 0x5F, 0xFC, 0x5F, 0xFC,
    0x5F, 0xFC, 0x5F, 0xFC, 0x5F, 0xFC, 0x5F, 0xFD,
    0x5F, 0xFD, 0x5F, 0xFD, 0x5F, 0xFD, 0x5F, 0xFE,
    0x5F, 0xFE, 0x5F, 0xFE, 0x5F, 0xFE, 0x5F, 0xFE,
    0x5F, 0xFF, 0x5F, 0xFF, 0x5F, 0xFF, 0x5F, 0xFF,
    0x5F, 0xFF, 0x5F, 0xFF, 0x5F, 0xFF, 0x5F, 0xFF,
    0x5F, 0xFF, 0x5E, 0xFF, 0x5E, 0xFF, 0x5E, 0xFF,
    0x5E, 0xFF, 0x5D, 0xFF, 0x5D, 0xFF, 0x5D, 0xFF,
    0x5D, 0xFF, 0x5D, 0xFF, 0x5C, 0xFF, 0x5C, 0xFF,
    0x5C, 0xFF, 0x5C, 0xFF, 0x5B, 0xFF, 0x5B, 0xFF,
    0x5B, 0xFF, 0x5B, 0xFF, 0x5B, 0xFF, 0x5A, 0xFF,
    0x5A, 0xFF, 0x5A, 0xFF, 0x5A, 0xFF, 0x59, 0xFF,
    0x59, 0xFF, 0x59, 0xFF, 0x59, 0xFF, 0x59, 0xFF,
    0x58, 0xFF, 0x58, 0xFF, 0x58, 0xFF, 0x58, 0xFF,
    0x57, 0xFF, 0x57, 0xFF, 0x57, 0xFF, 0x57, 0xFF,
    0x57, 0xFF, 0x56, 0xFF, 0x56, 0xFF, 0x56, 0xFF,
    0x56, 0xFF, 0x66, 0xFF, 0x66, 0xFF, 0x66, 0xFF,
    0x66, 0xFF, 0x76, 0xFF, 0x76, 0xFF, 0x76, 0xFF,
    0x76, 0xFF, 0x76, 0xFF, 0x86, 0xFF, 0x86, 0xFF,
    0x86, 0xFF, 0x86, 0xFF, 0x86, 0xFF, 0x96, 0xFF,
    0x96, 0xFF, 0x96, 0xFF, 0x96, 0xFF, 0xA6, 0xFF,
    0xA6, 0xFF, 0xA6, 0xFF, 0xA6, 0xFF, 0xB6, 0xFF,
    0xB6, 0xFF, 0xB6, 0xFF, 0xB6, 0xFF, 0xB6, 0xFF,
    0xC6, 0xFF, 0xC6, 0xFF, 0xC6, 0xFF, 0xC6, 0xFF,
    0xC6, 0xFF, 0xD6, 0xFF, 0xD6, 0xFF, 0xD6, 0xFF,
    0xD6, 0xFF, 0xE6, 0xFF, 0xE6, 0xFF, 0xE6, 0xFF,
    0xE6, 0xFF, 0xE6, 0xFF, 0xE6, 0xFF, 0xE6, 0xFF,
    0xE6, 0xFF, 0xE6, 0xFF, 0xE6, 0xFE, 0xE6, 0xFE,
    0xE6, 0xFE, 0xE6, 0xFE, 0xE6, 0xFD, 0xE6, 0xFD,
    0xE6, 0xFD, 0xE6, 0xFD, 0xE6, 0xFD, 0xE6, 0xFC,
    0xE6, 0xFC, 0xE6, 0xFC, 0xE6, 0xFC, 0xE6, 0xFC,
    0xE6, 0xFB, 0xE6, 0xFB, 0xE6, 0xFB, 0xE6, 0xFB,
    0xE6, 0xFA, 0xE6, 0xFA, 0xE6, 0xFA, 0xE6, 0xFA,
    0xE6, 0xF9, 0xE6, 0xF9, 0xE6, 0xF9, 0xE6, 0xF9,
    0xE6, 0xF9, 0xE6, 0xF8, 0xE6, 0xF8, 0xE6, 0xF8,
    0xE6, 0xF8, 0xE6, 0xF7, 0xE6, 0xF7, 0xE6, 0xF7,
    0xE6, 0xF7, 0xE6, 0xF6, 0xE6, 0xF6, 0xE6, 0xF6,
    0xE6, 0xF6, 0xE6, 0xF6, 0xE6, 0xF6, 0xE7, 0xF6,
    0xE7, 0xF6, 0xE7, 0xF6, 0xE7, 0xF6, 0xE8, 0xF6,
    0xE8, 0xF6, 0xE8, 0xF6, 0xE8, 0xF6, 0xE8, 0xF6,
    0xE9, 0xF6, 0xE9, 0xF6, 0xE9, 0xF6, 0xE9, 0xF6,
    0xE9, 0xF6, 0xEA, 0xF6, 0xEA, 0xF6, 0xEA, 0xF6,
    0xEA, 0xF6, 0xEB, 0xF6, 0xEB, 0xF6, 0xEB, 0xF6,
    0xEB, 0xF6, 0xEC, 0xF6, 0xEC, 0xF6, 0xEC, 0xF6,
    0xEC, 0xF6, 0xEC, 0xF6, 0xED, 0xF6, 0xED, 0xF6,
    0xED, 0xF6, 0xED, 0xF6, 0xEE, 0xF6, 0xEE, 0xF6,
    0xEE, 0xF6, 0xEE, 0xF6, 0xEE, 0xF6, 0xEF, 0xF6,
    0xEF, 0xF6, 0xEF, 0xF6, 0xEF, 0xF6, 0xEF, 0xF6,
    0xEF, 0xF6, 0xEF, 0xF6, 0xEF, 0xF6, 0xDF, 0xF6,
    0xDF, 0xF6, 0xDF, 0xF6, 0xDF, 0xF6, 0xDF, 0xF6,
    0xCF, 0xF6, 0xCF, 0xF6, 0xCF, 0xF6, 0xCF, 0xF6,
    0xBF, 0xF6, 0xBF, 0xF6, 0xBF, 0xF6, 0xBF, 0xF6,
    0xBF, 0xF6, 0xAF, 0xF6, 0xAF, 0xF6, 0xAF, 0xF6,
    0xAF, 0xF6, 0x9F, 0xF6, 0x9F, 0xF6, 0x9F, 0xF6,
    0x9F, 0xF6, 0x8F, 0xF6, 0x8F, 0xF6, 0x8F, 0xF6,
    0x8F, 0xF6, 0x8F, 0xF6, 0x7F, 0xF6, 0x7F, 0xF6,
    0x7F, 0xF6, 0x7F, 0xF6, 0x6F, 0xF6, 0x6F, 0xF6,
    0x6F, 0xF6, 0x6F, 0xF6, 0x6F, 0xF6, 0x5F, 0xF6,
    0x5F, 0xF6, 0x5F, 0xF6, 0x5F, 0xF6, 0x5F, 0xF6,
    0x5F, 0xF6, 0x5F, 0xF7, 0x5F, 0xF7, 0x5F, 0xF7,
    0x5F, 0xF7, 0x5F, 0xF8, 0x5F, 0xF8, 0x5F, 0xF8,
    0x5F, 0xF8, 0x5F, 0xF9, 0x5F, 0xF9, 0x5F, 0xF9,
    0x5F, 0xF9, 0x5F, 0xFA, 0x5F, 0xFA, 0x5F, 0xFA,
    0x5F, 0xFA, 0x5F, 0xFA, 0x5F, 0xFB, 0x5F, 0xFB,
    0x5F, 0xFB, 0x5F, 0xFB, 0x5F, 0xFB, 0x5F, 0xFC,
    0x5F, 0xFC, 0x5F, 0xFC, 0x5F, 0xFC, 0x5F, 0xFD,
    0x5F, 0xFD, 0x5F, 0xFD, 0x5F, 0xFD, 0x5F, 0xFE,
    0x5F, 0xFE, 0x5F, 0xFE, 0x5F, 0xFE, 0x5F, 0xFE,
    0x5F, 0xFF, 0x5F, 0xFF, 0x5F, 0xFF, 0x5F, 0xFF,
    0x5F, 0xFF, 0x5F, 0xFF, 0x5F, 0xFF, 0x5F, 0xFF,
    0x5E, 0xFF, 0x5E, 0xFF, 0x5E, 0xFF, 0x5E, 0xFF,
    0x5D, 0xFF, 0x5D, 0xFF, 0x5D, 0xFF, 0x5D, 0xFF,
    0x5D, 0xFF, 0x5C, 0xFF, 0x5C, 0xFF, 0x5C, 0xFF,
    0x5C, 0xFF, 0x5C, 0xFF, 0x5B, 0xFF, 0x5B, 0xFF,
    0x5B, 0xFF, 0x5B, 0xFF, 0x5A, 0xFF, 0x5A, 0xFF,
    0x5A, 0xFF, 0x5A, 0xFF, 0x5A, 0xFF, 0x59, 0xFF,
    0x59, 0xFF, 0x59, 0xFF, 0x59, 0xFF, 0x58, 0xFF,
    0x58, 0xFF, 0x58, 0xFF, 0x58, 0xFF, 0x58, 0xFF,
    0x57, 0xFF, 0x57, 0xFF, 0x57, 0xFF, 0x57, 0xFF,
    0x56, 0xFF, 0x56, 0xFF, 0x56, 0xFF, 0x56, 0xFF,
    0x56, 0xFF, 0x56, 0xFF, 0x66, 0xFF, 0x66, 0xFF,
    0x66, 0xFF, 0x66, 0xFF, 0x76, 0xFF, 0x76, 0xFF,
    0x76, 0xFF, 0x76, 0xFF, 0x76, 0xFF, 0x86, 0xFF,
    0x86, 0xFF, 0x86, 0xFF, 0x86, 0xFF, 0x86, 0xFF,
    0x96, 0xFF, 0x96, 0xFF, 0x96, 0xFF, 0x96, 0xFF,
    0xA6, 0xFF, 0xA6, 0xFF, 0xA6, 0xFF, 0xA6, 0xFF,
    0xB6, 0xFF, 0xB6, 0xFF, 0xB6, 0xFF, 0xB6, 0xFF,
    0xB6, 0xFF, 0xC6, 0xFF, 0xC6, 0xFF, 0xC6, 0xFF,
    0xC6, 0xFF, 0xD6, 0xFF, 0xD6, 0xFF, 0xD6, 0xFF,
    0xD6, 0xFF, 0xE6, 0xFF, 0xE6, 0xFF, 0xE6, 0xFF,
    0xE6, 0xFF, 0xE6, 0xFF, 0xE6, 0xFF, 0xE6, 0xFF,
    0xE6, 0xFF, 0xE6, 0xFF, 0xE6, 0xFE, 0xE6, 0xFE,
    0xE6, 0xFE, 0xE6, 0xFE, 0xE6, 0xFD, 0xE6, 0xFD,
    0xE6, 0xFD, 0xE6, 0xFD, 0xE6, 0xFC, 0xE6, 0xFC,
    0xE6, 0xFC, 0xE6, 0xFC, 0xE6, 0xFC, 0xE6, 0xFB,
    0xE6, 0xFB, 0xE6, 0xFB, 0xE6, 0xFB, 0xE6, 0xFB,
    0xE6, 0xFA, 0xE6, 0xFA, 0xE6, 0xFA, 0xE6, 0xF9,
    0xE6, 0xF9, 0xE6, 0xF9, 0xE6, 0xF9, 0xE6, 0xF9,
    0xE6, 0xF9, 0xE6, 0xF8, 0xE6, 0xF8, 0xE6, 0xF8,
    0xE6, 0xF8, 0xE6, 0xF7, 0xE6, 0xF7, 0xE6, 0xF7,
    0xE6, 0xF7, 0xE6, 0xF6, 0xE6, 0xF6, 0xE6, 0xF6,
    0xE6, 0xF6, 0xE6, 0xF6, 0xE6, 0xF6, 0xE7, 0xF6,
    0xE7, 0xF6, 0xE7, 0xF6, 0xE7, 0xF6, 0xE7, 0xF6,
    0xE8, 0xF6, 0xE8, 0xF6, 0xE8, 0xF6, 0xE8, 0xF6,
    0xE9, 0xF6, 0xE9, 0xF6, 0xE9, 0xF6, 0xE9, 0xF6,
    0xE9, 0xF6, 0xEA, 0xF6, 0xEA, 0xF6, 0xEA, 0xF6,
    0xEA, 0xF6, 0xEB, 0xF6, 0xEB, 0xF6, 0xEB, 0xF6,
    0xEB, 0xF6, 0xEB, 0xF6, 0xEC, 0xF6, 0xEC, 0xF6,
    0xEC, 0xF6, 0xEC, 0xF6, 0xED, 0xF6, 0xED, 0xF6,
    0xED, 0xF6, 0xED, 0xF6, 0xEE, 0xF6, 0xEE, 0xF6,
    0xEE, 0xF6, 0xEE, 0xF6, 0xEE, 0xF6, 0xEF, 0xF6,
    0xEF, 0xF6, 0xEF, 0xF6, 0xEF, 0xF6, 0xEF, 0xF6,
    0xEF, 0xF6, 0xEF, 0xF6, 0xEF, 0xF6, 0xDF, 0xF6,
    0xDF, 0xF6, 0xDF, 0xF6, 0xDF, 0xF6, 0xDF, 0xF6,
    0xCF, 0xF6, 0xCF, 0xF6, 0xCF, 0xF6, 0xCF, 0xF6,
    0xBF, 0xF6, 0xBF, 0xF6, 0xBF, 0xF6, 0xBF, 0xF6,
    0xAF, 0xF6, 0xAF, 0xF6, 0xAF, 0xF6, 0xAF, 0xF6,
    0x9F, 0xF6, 0x9F, 0xF6, 0x9F, 0xF6, 0x9F, 0xF6,
    0x9F, 0xF6, 0x8F, 0xF6, 0x8F, 0xF6, 0x8F, 0xF6,
    0x8F, 0xF6, 0x7F, 0xF6, 0x7F, 0xF6, 0x7F, 0xF6,
    0x7F, 0xF6, 0x7F, 0xF6, 0x6F, 0xF6, 0x6F, 0xF6,
    0x6F, 0xF6, 0x6F, 0xF6, 0x5F, 0xF6, 0x5F, 0xF6,
    0x5F, 0xF6, 0x5F, 0xF6, 0x5F, 0xF6, 0x5F, 0xF6,
    0x5F, 0xF6, 0x5F, 0xF7, 0x5F, 0xF7, 0x5F, 0xF7,
    0x5F, 0xF7, 0x5F, 0xF8, 0x5F, 0xF8, 0x5F, 0xF8,
    0x5F, 0xF8, 0x5F, 0xF8, 0x5F, 0xF9, 0x5F, 0xF9,
    0x5F, 0xF9, 0x5F, 0xF9, 0x5F, 0xFA, 0x5F, 0xFA,
    0x5F, 0xFA, 0x5F, 0xFA, 0x5F, 0xFB, 0x5F, 0xFB,
    0x5F, 0xFB, 0x5F, 0xFB, 0x5F, 0xFB, 0x5F, 0xFC,
    0x5F, 0xFC, 0x5F, 0xFC, 0x5F, 0xFC, 0x5F, 0xFD,
    0x5F, 0xFD, 0x5F, 0xFD, 0x5F, 0xFD, 0x5F, 0xFE,
    0x5F, 0xFE, 0x5F, 0xFE, 0x5F, 0xFE, 0x5F, 0xFE,
    0x5F, 0xFF, 0x5F, 0xFF, 0x5F, 0xFF, 0x5F, 0xFF,
    0x5F, 0xFF, 0x5F, 0xFF, 0x5F, 0xFF, 0x5F, 0xFF,
    0x5E, 0xFF, 0x5E, 0xFF, 0x5E, 0xFF, 0x5E, 0xFF,
    0x5E, 0xFF, 0x5D, 0xFF, 0x5D, 0xFF, 0x5D, 0xFF,
    0x5D, 0xFF, 0x5C, 0xFF, 0x5C, 0xFF, 0x5C, 0xFF,
    0x5C, 0xFF, 0x5C, 0xFF, 0x5B, 0xFF, 0x5B, 0xFF,
    0x5B, 0xFF, 0x5B, 0xFF, 0x5A, 0xFF, 0x5A, 0xFF,
    0x5A, 0xFF, 0x5A, 0xFF, 0x59, 0xFF, 0x59, 0xFF,
    0x59, 0xFF, 0x59, 0xFF, 0x59, 0xFF, 0x58, 0xFF,
    0x58, 0xFF, 0x58, 0xFF, 0x58, 0xFF, 0x57, 0xFF,
    0x57, 0xFF, 0x57, 0xFF, 0x57, 0xFF, 0x56, 0xFF,
    0x56, 0xFF, 0x56, 0xFF, 0x56, 0xFF, 0x56, 0xFF,
    0x56, 0xFF, 0x56, 0xFF, 0x66, 0xFF, 0x66, 0xFF,
    0x66, 0xFF, 0x66, 0xFF, 0x66, 0xFF, 0x76, 0xFF,
    0x76, 0xFF, 0x76, 0xFF, 0x76, 0xFF, 0x86, 0xFF,
    0x86, 0xFF, 0x86, 0xFF, 0x86, 0xFF, 0x86, 0xFF,
    0x96, 0xFF, 0x96, 0xFF, 0x96, 0xFF, 0x96, 0xFF,
    0xA6, 0xFF, 0xA6, 0xFF, 0xA6, 0xFF, 0xA6, 0xFF,
    0xB6, 0xFF, 0xB6, 0xFF, 0xB6, 0xFF, 0xB6, 0xFF,
    0xB6, 0xFF, 0xC6, 0xFF, 0xC6, 0xFF, 0xC6, 0xFF,
    0xC6, 0xFF, 0xD6, 0xFF, 0xD6, 0xFF, 0xD6, 0xFF,
    0xD6, 0xFF, 0xE6, 0xFF, 0xE6, 0xFF, 0xE6, 0xFF,
    0xE6, 0xFF, 0xE6, 0xFF, 0xE6, 0xFF, 0xE6, 0xFF,
    0xE6, 0xFF, 0xE6, 0xFF, 0xE6, 0xFE, 0xE6, 0xFE,
    0xE6, 0xFE, 0xE6, 0xFE, 0xE6, 0xFD, 0xE6, 0xFD,
    0xE6, 0xFD, 0xE6, 0xFD, 0xE6, 0xFC, 0xE6, 0xFC,
    0xE6, 0xFC, 0xE6, 0xFC, 0xE6, 0xFC, 0xE6, 0xFB,
    0xE6, 0xFB, 0xE6, 0xFB, 0xE6, 0xFB, 0xE6, 0xFA,
    0xE6, 0xFA, 0xE6, 0xFA, 0xE6, 0xFA, 0xE6, 0xF9,
    0xE6, 0xF9, 0xE6, 0xF9, 0xE6, 0xF9, 0xE6, 0xF9,
    0xE6, 0xF8, 0xE6, 0xF8, 0xE6, 0xF8, 0xE6, 0xF8,
    0xE6, 0xF7, 0xE6, 0xF7, 0xE6, 0xF7, 0xE6, 0xF7,
    0xE6, 0xF7, 0xE6, 0xF6, 0xE6, 0xF6, 0xE6, 0xF6,
    0xE6, 0xF6, 0xE6, 0xF6, 0xE6, 0xF6, 0xE6, 0xF6,
    0xE7, 0xF6, 0xE7, 0xF6, 0xE7, 0xF6, 0xE7, 0xF6,
    0xE7, 0xF6, 0xE8, 0xF6, 0xE8, 0xF6, 0xE8, 0xF6,
    0xE9, 0xF6, 0xE9, 0xF6, 0xE9, 0xF6, 0xE9, 0xF6,
    0xE9, 0xF6, 0xEA, 0xF6, 0xEA, 0xF6, 0xEA, 0xF6,
    0xEA, 0xF6, 0xEB, 0xF6, 0xEB, 0xF6, 0xEB, 0xF6,
    0xEB, 0xF6, 0xEB, 0xF6, 0xEC, 0xF6, 0xEC, 0xF6,
    0xEC, 0xF6, 0xEC, 0xF6, 0xED, 0xF6, 0xED, 0xF6,
    0xED, 0xF5, 0xED, 0xF6, 0xEE, 0xF6, 0xEE, 0xF6,
    0xEE, 0xF6, 0xEE, 0xF6, 0xEE, 0xF6, 0xEF, 0xF5,
    0xEF, 0xF6, 0xEF, 0xF6, 0xEF, 0xF6, 0xEF, 0xF6,
    0xEF, 0xF6, 0xEF, 0xF6, 0xEF, 0xF6, 0xDF, 0xF6,
    0xDF, 0xF6, 0xDF, 0xF6, 0xDF, 0xF6, 0xCF, 0xF6,
    0xCF, 0xF6, 0xCF, 0xF6, 0xCF, 0xF6, 0xCF, 0xF6,
    0xBF, 0xF6, 0xBF, 0xF6, 0xBF, 0xF6, 0xBF, 0xF6,
    0xAF, 0xF6, 0xAF, 0xF6, 0xAF, 0xF6, 0xAF, 0xF6,
    0x9F, 0xF6, 0x9F, 0xF6, 0x9F, 0xF6, 0x9F, 0xF6,
    0x8F, 0xF6, 0x8F, 0xF6, 0x8F, 0xF6, 0x8F, 0xF6,
    0x8F, 0xF6, 0x7F, 0xF6, 0x7F, 0xF6, 0x7F, 0xF6,
    0x7F, 0xF6, 0x6F, 0xF6, 0x6F, 0xF6, 0x6F, 0xF6,
    0x6F, 0xF6, 0x6F, 0xF6, 0x5F, 0xF6, 0x5F, 0xF6,
    0x5F, 0xF6, 0x5F, 0xF6, 0x5F, 0xF6, 0x5F, 0xF6,
    0x5F, 0xF6, 0x5F, 0xF7, 0x5F, 0xF7, 0x5F, 0xF7,
    0x5F, 0xF7, 0x5F, 0xF8, 0x5F, 0xF8, 0x5F, 0xF8,
    0x5F, 0xF8, 0x5F, 0xF8, 0x5F, 0xF9, 0x5F, 0xF9,
    0x5F, 0xF9, 0x5F, 0xF9, 0x5F, 0xFA, 0x5F, 0xFA,
    0x5F, 0xFA, 0x5F, 0xFA, 0x5F, 0xFA, 0x5F, 0xFB,
    0x5F, 0xFB, 0x5F, 0xFB, 0x5F, 0xFB, 0x5F, 0xFC,
    0x5F, 0xFC, 0x5F, 0xFC, 0x5F, 0xFC, 0x5F, 0xFD,
    0x5F, 0xFD, 0x5F, 0xFD, 0x5F, 0xFD, 0x5F, 0xFE,
    0x5F, 0xFE, 0x5F, 0xFE, 0x5F, 0xFE, 0x5F, 0xFE,
    0x5F, 0xFF, 0x5F, 0xFF, 0x5F, 0xFF, 0x5F, 0xFF,
    0x5F, 0xFF, 0x5F, 0xFF, 0x5F, 0xFF, 0x5F, 0xFF,
    0x5E, 0xFF, 0x5E, 0xFF, 0x5E, 0xFF, 0x5E, 0xFF,
    0x5E, 0xFF, 0x5D, 0xFF, 0x5D, 0xFF, 0x5D, 0xFF,
    0x5D, 0xFF, 0x5C, 0xFF, 0x5C, 0xFF, 0x5C, 0xFF,
    0x5C, 0xFF, 0x5B, 0xFF, 0x4B, 0xFF, 0x5B, 0xFF,
    0x5B, 0xFF, 0x5B, 0xFF, 0x5A, 0xFF, 0x5A, 0xFF,
    0x5A, 0xFF, 0x5A, 0xFF, 0x59, 0xFF, 0x59, 0xFF,
    0x59, 0xFF, 0x59, 0xFF, 0x58, 0xFF, 0x58, 0xFF,
    0x58, 0xFF, 0x58, 0xFF, 0x57, 0xFF, 0x57, 0xFF,
    0x57, 0xFF, 0x57, 0xFF, 0x57, 0xFF, 0x56, 0xFF,
    0x56, 0xFF, 0x56, 0xFF, 0x56, 0xFF, 0x56, 0xFF,
    0x56, 0xFF, 0x56, 0xFF, 0x56, 0xFF, 0x66, 0xFF,
    0x66, 0xFF, 0x66, 0xFF, 0x66, 0xFF, 0x76, 0xFF,
    0x76, 0xFF, 0x76, 0xFF, 0x76, 0xFF, 0x86, 0xFF,
    0x86, 0xFF, 0x86, 0xFF, 0x86, 0xFF, 0x86, 0xFF,
    0x96, 0xFF, 0x96, 0xFF, 0x96, 0xFF, 0x96, 0xFF,
    0xA6, 0xFF, 0xA6, 0xFF, 0xA6, 0xFF, 0xA6, 0xFF,
    0xB6, 0xFF, 0xB6, 0xFF, 0xB6, 0xFF, 0xB6, 0xFF,
    0xB6, 0xFF, 0xC6, 0xFF, 0xC6, 0xFF, 0xC6, 0xFF,
    0xC6, 0xFF, 0xD6, 0xFF, 0xD6, 0xFF, 0xD6, 0xFF,
    0xD6, 0xFF, 0xE6, 0xFF, 0xE6, 0xFF, 0xE6, 0xFF,
    0xE6, 0xFF, 0xE6, 0xFF, 0xE6, 0xFF, 0xE6, 0xFF,
    0xE6, 0xFF, 0xE6, 0xFF, 0xE6, 0xFE, 0xE6, 0xFE,
    0xE6, 0xFE, 0xE6, 0xFE, 0xE6, 0xFD, 0xE6, 0xFD,
    0xE6, 0xFD, 0xE6, 0xFD, 0xE6, 0xFC, 0xE6, 0xFC,
    0xE6, 0xFC, 0xE6, 0xFC, 0xE6, 0xFC, 0xE6, 0xFB,
    0xE6, 0xFB, 0xE6, 0xFB, 0xE6, 0xFB, 0xE6, 0xFA,
    0xE6, 0xFA, 0xE6, 0xFA, 0xE6, 0xFA, 0xE6, 0xF9,
    0xE6, 0xF9, 0xE6, 0xF9, 0xE6, 0xF9, 0xE6, 0xF9,
    0xE6, 0xF8, 0xE6, 0xF8, 0xE6, 0xF8, 0xE6, 0xF8,
    0xE6, 0xF7, 0xE6, 0xF7, 0xE6, 0xF7, 0xE6, 0xF7,
    0xE6, 0xF6, 0xE6, 0xF6, 0xE6, 0xF6, 0xE6, 0xF6,
    0xE6, 0xF5, 0xE6, 0xF5, 0xE6, 0xF5, 0xE6, 0xF5,
    0xE6, 0xF5, 0xE7, 0xF5, 0xE7, 0xF5, 0xE7, 0xF5,
    0xE7, 0xF6, 0xE8, 0xF5, 0xE8, 0xF5, 0xE8, 0xF5,
    0xE8, 0xF5, 0xE8, 0xF5, 0xE9, 0xF5, 0xE9, 0xF5,
    0xE9, 0xF5, 0xEA, 0xF5, 0xEA, 0xF5, 0xEA, 0xF5,
    0xEA, 0xF6, 0xEA, 0xF6, 0xEB, 0xF5, 0xEB, 0xF5,
    0xEB, 0xF5, 0xEB, 0xF5, 0xEC, 0xF5, 0xEC, 0xF5,
    0xEC, 0xF5, 0xEC, 0xF5, 0xED, 0xF5, 0xED, 0xF5,
    0xED, 0xF5, 0xED, 0xF6, 0xEE, 0xF6, 0xEE, 0xF5,
    0xEE, 0xF5, 0xEE, 0xF6, 0xEE, 0xF5, 0xEF, 0xF5,
    0xEF, 0xF5, 0xEF, 0xF5, 0xEF, 0xF6, 0xEF, 0xF5,
    0xEF, 0xF5, 0xEF, 0xF5, 0xEF, 0xF5, 0xDF, 0xF5,
    0xDF, 0xF5, 0xDF, 0xF5, 0xDF, 0xF5, 0xCF, 0xF5,
    0xCF, 0xF5, 0xCF, 0xF5, 0xCF, 0xF5, 0xBF, 0xF5,
    0xBF, 0xF5, 0xBF, 0xF5, 0xBF, 0xF5, 0xBF, 0xF5,
    0xAF, 0xF5, 0xAF, 0xF5, 0xAF, 0xF5, 0xAF, 0xF5,
    0x9F, 0xF5, 0x9F, 0xF5, 0x9F, 0xF5, 0x9F, 0xF5,
    0x8F, 0xF5, 0x8F, 0xF5, 0x8F, 0xF5, 0x8F, 0xF5,
    0x7F, 0xF5, 0x7F, 0xF5, 0x7F, 0xF5, 0x7F, 0xF5,
    0x6F, 0xF5, 0x6F, 0xF5, 0x6F, 0xF5, 0x6F, 0xF5,
    0x6F, 0xF5, 0x5F, 0xF5, 0x5F, 0xF5, 0x5F, 0xF5,
    0x5F, 0xF5, 0x4F, 0xF6, 0x4F, 0xF6, 0x4F, 0xF6,
    0x4F, 0xF6, 0x4F, 0xF6, 0x4F, 0xF7, 0x4F, 0xF7,
    0x4F, 0xF7, 0x4F, 0xF7, 0x4F, 0xF8, 0x4F, 0xF8,
    0x4F, 0xF8, 0x4F, 0xF8, 0x4F, 0xF8, 0x4F, 0xF9,
    0x4F, 0xF9, 0x4F, 0xF9, 0x4F, 0xF9, 0x4F, 0xFA,
    0x4F, 0xFA, 0x4F, 0xFA, 0x4F, 0xFA, 0x5F, 0xFB,
    0x5F, 0xFB, 0x4F, 0xFB, 0x4F, 0xFB, 0x4F, 0xFC,
    0x4F, 0xFC, 0x4F, 0xFC, 0x4F, 0xFC, 0x4F, 0xFC,
    0x4F, 0xFD, 0x4F, 0xFD, 0x4F, 0xFD, 0x4F, 0xFD,
    0x4F, 0xFE, 0x4F, 0xFE, 0x4F, 0xFE, 0x4F, 0xFE,
    0x4F, 0xFF, 0x4F, 0xFF, 0x4F, 0xFF, 0x5F, 0xFF,
    0x4F, 0xFF, 0x4F, 0xFF, 0x4F, 0xFF, 0x4F, 0xFF,
    0x4E, 0xFF, 0x4E, 0xFF, 0x4E, 0xFF, 0x4E, 0xFF,
    0x4E, 0xFF, 0x4D, 0xFF, 0x4D, 0xFF, 0x4D, 0xFF,
    0x4D, 0xFF, 0x4C, 0xFF, 0x4C, 0xFF, 0x4C, 0xFF,
    0x4C, 0xFF, 0x5B, 0xFF, 0x4B, 0xFF, 0x4B, 0xFF,
    0x4B, 0xFF, 0x4A, 0xFF, 0x4A, 0xFF, 0x4A, 0xFF,
    0x4A, 0xFF, 0x4A, 0xFF, 0x49, 0xFF, 0x49, 0xFF,
    0x49, 0xFF, 0x48, 0xFF, 0x48, 0xFF, 0x48, 0xFF,
    0x48, 0xFF, 0x48, 0xFF, 0x47, 0xFF, 0x47, 0xFF,
    0x57, 0xFF, 0x47, 0xFF, 0x46, 0xFF, 0x46, 0xFF,
    0x46, 0xFF, 0x46, 0xFF, 0x56, 0xFF, 0x55, 0xFF,
    0x55, 0xFF, 0x55, 0xFF, 0x55, 0xFF, 0x55, 0xFF,
    0x65, 0xFF, 0x65, 0xFF, 0x65, 0xFF, 0x75, 0xFF,
    0x75, 0xFF, 0x75, 0xFF, 0x75, 0xFF, 0x75, 0xFF,
    0x85, 0xFF, 0x85, 0xFF, 0x85, 0xFF, 0x85, 0xFF,
    0x95, 0xFF, 0x95, 0xFF, 0x95, 0xFF, 0x95, 0xFF,
    0xA5, 0xFF, 0xA5, 0xFF, 0xA5, 0xFF, 0xA5, 0xFF,
    0xA5, 0xFF, 0xB5, 0xFF, 0xB5, 0xFF, 0xB5, 0xFF,
    0xB5, 0xFF, 0xC5, 0xFF, 0xC5, 0xFF, 0xC5, 0xFF,
    0xC5, 0xFF, 0xD5, 0xFF, 0xD5, 0xFF, 0xD5, 0xFF,
    0xD5, 0xFF, 0xE5, 0xFF, 0xE5, 0xFF, 0xE5, 0xFF,
    0xE5, 0xFF, 0xE5, 0xFF, 0xE6, 0xFF, 0xE5, 0xFF,
    0xE5, 0xFF, 0xE5, 0xFE, 0xE5, 0xFE, 0xE5, 0xFE,
    0xE5, 0xFE, 0xE6, 0xFE, 0xE5, 0xFD, 0xE5, 0xFD,
    0xE6, 0xFD, 0xE6, 0xFD, 0xE5, 0xFC, 0xE5, 0xFC,
    0xE5, 0xFC, 0xE5, 0xFC, 0xE5, 0xFB, 0xE6, 0xFB,
    0xE5, 0xFB, 0xE5, 0xFB, 0xE5, 0xFA, 0xE5, 0xFA,
    0xE5, 0xFA, 0xE5, 0xFA, 0xE5, 0xFA, 0xE5, 0xF9,
    0xE5, 0xF9, 0xE5, 0xF9, 0xE5, 0xF9, 0xE5, 0xF8,
    0xE5, 0xF8, 0xE5, 0xF8, 0xE5, 0xF8, 0xE5, 0xF8,
    0xE5, 0xF7, 0xE5, 0xF7, 0xE5, 0xF7, 0xE5, 0xF7,
    0xE5, 0xF6, 0xE5, 0xF6, 0xE5, 0xF6, 0xE5, 0xF6,
    0xE5, 0xF5, 0xE6, 0xF5, 0xE6, 0xF5, 0xE6, 0xF5,
    0xE6, 0xF5, 0xE7, 0xF5, 0xE7, 0xF5, 0xE7, 0xF5,
    0xE7, 0xF5, 0xE8, 0xF5, 0xE8, 0xF5, 0xE8, 0xF5,
    0xE8, 0xF5, 0xE8, 0xF5, 0xE9, 0xF5, 0xE9, 0xF5,
    0xE9, 0xF5, 0xE9, 0xF5, 0xEA, 0xF5, 0xEA, 0xF5,
    0xEA, 0xF5, 0xEA, 0xF5, 0xEB, 0xF5, 0xEB, 0xF5,
    0xEB, 0xF5, 0xEB, 0xF5, 0xEC, 0xF5, 0xEC, 0xF5,
    0xEC, 0xF5, 0xEC, 0xF5, 0xED, 0xF5, 0xED, 0xF5,
    0xED, 0xF5, 0xED, 0xF6, 0xEE, 0xF6, 0xEE, 0xF5,
    0xEE, 0xF5, 0xEE, 0xF5, 0xEE, 0xF5, 0xEF, 0xF5,
    0xEF, 0xF5, 0xEF, 0xF5, 0xEF, 0xF5, 0xEF, 0xF5,
    0xEF, 0xF5, 0xEF, 0xF5, 0xEF, 0xF5, 0xDF, 0xF5,
    0xDF, 0xF5, 0xDF, 0xF5, 0xDF, 0xF5, 0xCF, 0xF5,
    0xCF, 0xF5, 0xCF, 0xF5, 0xCF, 0xF5, 0xBF, 0xF5,
    0xBF, 0xF5, 0xBF, 0xF5, 0xBF, 0xF5, 0xBF, 0xF5,
    0xAF, 0xF5, 0xAF, 0xF5, 0xAF, 0xF5, 0xAF, 0xF5,
    0x9F, 0xF5, 0x9F, 0xF5, 0x9F, 0xF5, 0x9F, 0xF5,
    0x8F, 0xF5, 0x8F, 0xF5, 0x8F, 0xF5, 0x8F, 0xF5,
    0x7F, 0xF5, 0x7F, 0xF5, 0x7F, 0xF5, 0x7F, 0xF5,
    0x6F, 0xF5, 0x6F, 0xF5, 0x6F, 0xF5, 0x6F, 0xF5,
    0x5F, 0xF5, 0x5F, 0xF5, 0x5F, 0xF5, 0x5F, 0xF5,
    0x4F, 0xF5, 0x4F, 0xF5, 0x4F, 0xF6, 0x4F, 0xF6,
    0x4F, 0xF6, 0x4F, 0xF6, 0x4F, 0xF7, 0x4F, 0xF7,
    0x4F, 0xF7, 0x4F, 0xF7, 0x4F, 0xF7, 0x4F, 0xF8,
    0x4F, 0xF8, 0x4F, 0xF8, 0x4F, 0xF8, 0x4F, 0xF8,
    0x4F, 0xF9, 0x4F, 0xF9, 0x4F, 0xF9, 0x4F, 0xFA,
    0x4F, 0xFA, 0x4F, 0xFA, 0x4F, 0xFA, 0x4F, 0xFB,
    0x4F, 0xFB, 0x4F, 0xFB, 0x4F, 0xFB, 0x4F, 0xFC,
    0x4F, 0xFC, 0x4F, 0xFC, 0x4F, 0xFC, 0x4F, 0xFC,
    0x4F, 0xFD, 0x4F, 0xFD, 0x4F, 0xFD, 0x4F, 0xFD,
    0x4F, 0xFE, 0x4F, 0xFE, 0x4F, 0xFE, 0x4F, 0xFE,
    0x4F, 0xFF, 0x4F, 0xFF, 0x4F, 0xFF, 0x4F, 0xFF,
    0x4F, 0xFF, 0x4F, 0xFF, 0x4F, 0xFF, 0x4F, 0xFF,
    0x4E, 0xFF, 0x4E, 0xFF, 0x4E, 0xFF, 0x4E, 0xFF,
    0x4E, 0xFF, 0x4D, 0xFF, 0x4D, 0xFF, 0x4D, 0xFF,
    0x4D, 0xFF, 0x4C, 0xFF, 0x4C, 0xFF, 0x4C, 0xFF,
    0x4C, 0xFF, 0x4B, 0xFF, 0x4B, 0xFF, 0x4B, 0xFF,
    0x4B, 0xFF, 0x4A, 0xFF, 0x4A, 0xFF, 0x4A, 0xFF,
    0x4A, 0xFF, 0x49, 0xFF, 0x49, 0xFF, 0x49, 0xFF,
    0x49, 0xFF, 0x48, 0xFF, 0x48, 0xFF, 0x48, 0xFF,
    0x48, 0xFF, 0x48, 0xFF, 0x47, 0xFF, 0x47, 0xFF,
    0x47, 0xFF, 0x47, 0xFF, 0x46, 0xFF, 0x46, 0xFF,
    0x46, 0xFF, 0x46, 0xFF, 0x45, 0xFF, 0x55, 0xFF,
    0x55, 0xFF, 0x55, 0xFF, 0x55, 0xFF, 0x55, 0xFF,
    0x65, 0xFF, 0x65, 0xFF, 0x65, 0xFF, 0x65, 0xFF,
    0x75, 0xFF, 0x75, 0xFF, 0x75, 0xFF, 0x75, 0xFF,
    0x85, 0xFF, 0x85, 0xFF, 0x85, 0xFF, 0x85, 0xFF,
    0x95, 0xFF, 0x95, 0xFF, 0x95, 0xFF, 0x95, 0xFF,
    0xA5, 0xFF, 0xA5, 0xFF, 0xA5, 0xFF, 0xA5, 0xFF,
    0xA5, 0xFF, 0xB5, 0xFF, 0xB5, 0xFF, 0xB5, 0xFF,
    0xB5, 0xFF, 0xC5, 0xFF, 0xC5, 0xFF, 0xC5, 0xFF,
    0xC5, 0xFF, 0xD5, 0xFF, 0xD5, 0xFF, 0xD5, 0xFF,
    0xD5, 0xFF, 0xE5, 0xFF, 0xE5, 0xFF, 0xE5, 0xFF,
    0xE5, 0xFF, 0xE5, 0xFF, 0xE5, 0xFF, 0xE5, 0xFF,
    0xE5, 0xFF, 0xE5, 0xFE, 0xE5, 0xFE, 0xE5, 0xFE,
    0xE5, 0xFE, 0xE5, 0xFE, 0xE5, 0xFD, 0xE5, 0xFD,
    0xE5, 0xFD, 0xE5, 0xFD, 0xE5, 0xFC, 0xE5, 0xFC,
    0xE5, 0xFC, 0xE5, 0xFC, 0xE5, 0xFB, 0xE5, 0xFB,
    0xE5, 0xFB, 0xE5, 0xFB, 0xE5, 0xFA, 0xE5, 0xFA,
    0xE5, 0xFA, 0xE5, 0xFA, 0xE5, 0xFA, 0xE5, 0xF9,
    0xE5, 0xF9, 0xE5, 0xF9, 0xE5, 0xF9, 0xE5, 0xF8,
    0xE5, 0xF8, 0xE5, 0xF8, 0xE5, 0xF8, 0xE5, 0xF7,
    0xE5, 0xF7, 0xE5, 0xF7, 0xE5, 0xF7, 0xE5, 0xF6,
    0xE5, 0xF6, 0xE5, 0xF6, 0xE5, 0xF6, 0xE5, 0xF6,
    0xE5, 0xF5, 0xE5, 0xF5, 0xE6, 0xF5, 0xE6, 0xF5,
    0xE6, 0xF5, 0xE7, 0xF5, 0xE7, 0xF5, 0xE7, 0xF5,
    0xE7, 0xF5, 0xE7, 0xF5, 0xE8, 0xF5, 0xE8, 0xF5,
    0xE8, 0xF5, 0xE8, 0xF5, 0xE9, 0xF5, 0xE9, 0xF5,
    0xE9, 0xF5, 0xE9, 0xF5, 0xEA, 0xF5, 0xEA, 0xF5,
    0xEA, 0xF5, 0xEA, 0xF5, 0xEB, 0xF5, 0xEB, 0xF5,
    0xEB, 0xF5, 0xEB, 0xF5, 0xEC, 0xF5, 0xEC, 0xF5,
    0xEC, 0xF5, 0xEC, 0xF5, 0xED, 0xF5, 0xED, 0xF5,
    0xED, 0xF5, 0xED, 0xF5, 0xED, 0xF5, 0xEE, 0xF5,
    0xEE, 0xF5, 0xEE, 0xF5, 0xEE, 0xF5, 0xEF, 0xF5,
    0xEF, 0xF5, 0xEF, 0xF5, 0xEF, 0xF5, 0xEF, 0xF5,
    0xEF, 0xF5, 0xEF, 0xF5, 0xEF, 0xF5, 0xDF, 0xF5,
    0xDF, 0xF5, 0xDF, 0xF5, 0xDF, 0xF5, 0xCF, 0xF5,
    0xCF, 0xF5, 0xCF, 0xF5, 0xCF, 0xF5, 0xBF, 0xF5,
    0xBF, 0xF5, 0xBF, 0xF5, 0xBF, 0xF5, 0xAF, 0xF5,
    0xAF, 0xF5, 0xAF, 0xF5, 0xAF, 0xF5, 0xAF, 0xF5,
    0x9F, 0xF5, 0x9F, 0xF5, 0x9F, 0xF5, 0x9F, 0xF5,
    0x8F, 0xF5, 0x8F, 0xF5, 0x8F, 0xF5, 0x7F, 0xF5,
    0x7F, 0xF5, 0x7F, 0xF5, 0x7F, 0xF5, 0x7F, 0xF5,
    0x6F, 0xF5, 0x6F, 0xF5, 0x6F, 0xF5, 0x6F, 0xF5,
    0x5F, 0xF5, 0x5F, 0xF5, 0x5F, 0xF5, 0x5F, 0xF5,
    0x4F, 0xF5, 0x4F, 0xF5, 0x4F, 0xF6, 0x4F, 0xF6,
    0x4F, 0xF6, 0x4F, 0xF6, 0x4F, 0xF6, 0x4F, 0xF7,
    0x4F, 0xF7, 0x4F, 0xF7, 0x4F, 0xF7, 0x4F, 0xF8,
    0x4F, 0xF8, 0x4F, 0xF8, 0x4F, 0xF8, 0x4F, 0xF8,
    0x4F, 0xF9, 0x4F, 0xF9, 0x4F, 0xF9, 0x4F, 0xFA,
    0x4F, 0xFA, 0x4F, 0xFA, 0x4F, 0xFA, 0x4F, 0xFB,
    0x4F, 0xFB, 0x4F, 0xFB, 0x4F, 0xFB, 0x4F, 0xFB,
    0x4F, 0xFC, 0x4F, 0xFC, 0x4F, 0xFC, 0x4F, 0xFC,
    0x4F, 0xFD, 0x4F, 0xFD, 0x4F, 0xFD, 0x4F, 0xFD,
    0x4F, 0xFE, 0x4F, 0xFE, 0x4F, 0xFE, 0x4F, 0xFE,
    0x4F, 0xFF, 0x4F, 0xFF, 0x4F, 0xFF, 0x4F, 0xFF,
    0x4F, 0xFF, 0x4F, 0xFF, 0x4F, 0xFF, 0x4F, 0xFF,
    0x4E, 0xFF, 0x4E, 0xFF, 0x4E, 0xFF, 0x4E, 0xFF,
    0x4D, 0xFF, 0x4D, 0xFF, 0x4D, 0xFF, 0x4D, 0xFF,
    0x4C, 0xFF, 0x4C, 0xFF, 0x4C, 0xFF, 0x4C, 0xFF,
    0x4B, 0xFF, 0x4B, 0xFF, 0x4B, 0xFF, 0x4B, 0xFF,
    0x4B, 0xFF, 0x4A, 0xFF, 0x4A, 0xFF, 0x4A, 0xFF,
    0x4A, 0xFF, 0x49, 0xFF, 0x49, 0xFF, 0x49, 0xFF,
    0x49, 0xFF, 0x48, 0xFF, 0x48, 0xFF, 0x48, 0xFF,
    0x48, 0xFF, 0x47, 0xFF, 0x47, 0xFF, 0x47, 0xFF,
    0x47, 0xFF, 0x46, 0xFF, 0x46, 0xFF, 0x46, 0xFF,
    0x46, 0xFF, 0x45, 0xFF, 0x45, 0xFF, 0x45, 0xFF,
    0x55, 0xFF, 0x55, 0xFF, 0x55, 0xFF, 0x55, 0xFF,
    0x65, 0xFF, 0x65, 0xFF, 0x65, 0xFF, 0x65, 0xFF,
    0x75, 0xFF, 0x75, 0xFF, 0x75, 0xFF, 0x75, 0xFF,
    0x75, 0xFF, 0x85, 0xFF, 0x85, 0xFF, 0x85, 0xFF,
    0x85, 0xFF, 0x95, 0xFF, 0x95, 0xFF, 0x95, 0xFF,
    0x95, 0xFF, 0xA5, 0xFF, 0xA5, 0xFF, 0xA5, 0xFF,
    0xA5, 0xFF, 0xB5, 0xFF, 0xB5, 0xFF, 0xB5, 0xFF,
    0xB5, 0xFF, 0xC5, 0xFF, 0xC5, 0xFF, 0xC5, 0xFF,
    0xC5, 0xFF, 0xD5, 0xFF, 0xD5, 0xFF, 0xD5, 0xFF,
    0xD5, 0xFF, 0xE5, 0xFF, 0xE5, 0xFF, 0xE5, 0xFF,
    0xE5, 0xFF, 0xE5, 0xFF, 0xE5, 0xFF, 0xE5, 0xFF,
    0xE5, 0xFF, 0xE5, 0xFE, 0xE5, 0xFE, 0xE5, 0xFE,
    0xE5, 0xFE, 0xE5, 0xFE, 0xE5, 0xFD, 0xE5, 0xFD,
    0xE5, 0xFD, 0xE5, 0xFD, 0xE5, 0xFC, 0xE5, 0xFC,
    0xE5, 0xFC, 0xE5, 0xFC, 0xE5, 0xFB, 0xE5, 0xFB,
    0xE5, 0xFB, 0xE5, 0xFB, 0xE5, 0xFA, 0xE5, 0xFA,
    0xE5, 0xFA, 0xE5, 0xFA, 0xE5, 0xF9, 0xE5, 0xF9,
    0xE5, 0xF9, 0xE5, 0xF9, 0xE5, 0xF8, 0xE5, 0xF8,
    0xE5, 0xF8, 0xE5, 0xF8, 0xE5, 0xF8, 0xE5, 0xF7,
    0xE5, 0xF7, 0xE5, 0xF7, 0xE5, 0xF7, 0xE5, 0xF6,
    0xE5, 0xF6, 0xE5, 0xF6, 0xE5, 0xF6, 0xE5, 0xF5,
    0xE5, 0xF5, 0xE5, 0xF5, 0xE6, 0xF5, 0xE6, 0xF5,
    0xE6, 0xF5, 0xE6, 0xF5, 0xE7, 0xF5, 0xE7, 0xF5,
    0xE7, 0xF5, 0xE7, 0xF5, 0xE8, 0xF5, 0xE8, 0xF5,
    0xE8, 0xF5, 0xE8, 0xF5, 0xE8, 0xF5, 0xE9, 0xF5,
    0xE9, 0xF5, 0xE9, 0xF5, 0xEA, 0xF5, 0xEA, 0xF5,
    0xEA, 0xF5, 0xEA, 0xF5, 0xEA, 0xF5, 0xEB, 0xF5,
    0xEB, 0xF5, 0xEB, 0xF5, 0xEB, 0xF5, 0xEC, 0xF5,
    0xEC, 0xF5, 0xEC, 0xF5, 0xEC, 0xF5, 0xED, 0xF5,
    0xED, 0xF5, 0xED, 0xF5, 0xED, 0xF5, 0xEE, 0xF5,
    0xEE, 0xF5, 0xEE, 0xF5, 0xEE, 0xF5, 0xEF, 0xF5,
    0xEF, 0xF5, 0xEF, 0xF5, 0xEF, 0xF5, 0xEF, 0xF5,
    0xEF, 0xF5, 0xEF, 0xF5, 0xEF, 0xF5, 0xDF, 0xF5,
    0xDF, 0xF5, 0xDF, 0xF5, 0xDF, 0xF5, 0xCF, 0xF5,
    0xCF, 0xF5, 0xCF, 0xF5, 0xCF, 0xF5, 0xBF, 0xF5,
    0xBF, 0xF5, 0xBF, 0xF5, 0xBF, 0xF5, 0xAF, 0xF5,
    0xAF, 0xF5, 0xAF, 0xF5, 0xAF, 0xF5, 0xAF, 0xF5,
    0x9F, 0xF5, 0x9F, 0xF5, 0x9F, 0xF5, 0x8F, 0xF5,
    0x8F, 0xF5, 0x8F, 0xF5, 0x8F, 0xF5, 0x7F, 0xF5,
    0x7F, 0xF5, 0x7F, 0xF5, 0x7F, 0xF5, 0x6F, 0xF5,
    0x6F, 0xF5, 0x6F, 0xF5, 0x6F, 0xF5, 0x6F, 0xF5,
    0x5F, 0xF5, 0x5F, 0xF5, 0x5F, 0xF5, 0x4F, 0xF5,
    0x4F, 0xF5, 0x4F, 0xF5, 0x4F, 0xF5, 0x4F, 0xF6,
    0x4F, 0xF6, 0x4F, 0xF6, 0x4F, 0xF6, 0x4F, 0xF7,
    0x4F, 0xF7, 0x4F, 0xF7, 0x4F, 0xF7, 0x4F, 0xF8,
    0x4F, 0xF8, 0x4F, 0xF8, 0x4F, 0xF8, 0x4F, 0xF8,
    0x4F, 0xF9, 0x4F, 0xF9, 0x4F, 0xF9, 0x4F, 0xF9,
    0x4F, 0xFA, 0x4F, 0xFA, 0x4F, 0xFA, 0x4F, 0xFA,
    0x4F, 0xFB, 0x4F, 0xFB, 0x4F, 0xFB, 0x4F, 0xFB,
    0x4F, 0xFC, 0x4F, 0xFC, 0x4F, 0xFC, 0x4F, 0xFC,
    0x4F, 0xFD, 0x4F, 0xFD, 0x4F, 0xFD, 0x4F, 0xFD,
    0x4F, 0xFE, 0x4F, 0xFE, 0x4F, 0xFE, 0x4F, 0xFE,
    0x4F, 0xFF, 0x4F, 0xFF, 0x4F, 0xFF, 0x4F, 0xFF,
    0x4F, 0xFF, 0x4F, 0xFF, 0x4F, 0xFF, 0x4F, 0xFF,
    0x4E, 0xFF, 0x4E, 0xFF, 0x4E, 0xFF, 0x4E, 0xFF,
    0x4D, 0xFF, 0x4D, 0xFF, 0x4D, 0xFF, 0x4D, 0xFF,
    0x4C, 0xFF, 0x4C, 0xFF, 0x4C, 0xFF, 0x4C, 0xFF,
    0x4B, 0xFF, 0x4B, 0xFF, 0x4B, 0xFF, 0x4B, 0xFF,
    0x4B, 0xFF, 0x4A, 0xFF, 0x4A, 0xFF, 0x4A, 0xFF,
    0x49, 0xFF, 0x49, 0xFF, 0x49, 0xFF, 0x49, 0xFF,
    0x49, 0xFF, 0x48, 0xFF, 0x48, 0xFF, 0x48, 0xFF,
    0x48, 0xFF, 0x47, 0xFF, 0x47, 0xFF, 0x47, 0xFF,
    0x47, 0xFF, 0x46, 0xFF, 0x46, 0xFF, 0x46, 0xFF,
    0x46, 0xFF, 0x45, 0xFF, 0x45, 0xFF, 0x45, 0xFF,
    0x45, 0xFF, 0x55, 0xFF, 0x55, 0xFF, 0x55, 0xFF,
    0x55, 0xFF, 0x65, 0xFF, 0x65, 0xFF, 0x65, 0xFF,
    0x65, 0xFF, 0x75, 0xFF, 0x75, 0xFF, 0x75, 0xFF,
    0x75, 0xFF, 0x85, 0xFF, 0x85, 0xFF, 0x85, 0xFF,
    0x85, 0xFF, 0x95, 0xFF, 0x95, 0xFF, 0x95, 0xFF,
    0x95, 0xFF, 0xA5, 0xFF, 0xA5, 0xFF, 0xA5, 0xFF,
    0xA5, 0xFF, 0xA5, 0xFF, 0xB5, 0xFF, 0xB5, 0xFF,
    0xB5, 0xFF, 0xB5, 0xFF, 0xC5, 0xFF, 0xC5, 0xFF,
    0xC5, 0xFF, 0xD5, 0xFF, 0xD5, 0xFF, 0xD5, 0xFF,
    0xD5, 0xFF, 0xD5, 0xFF, 0xE5, 0xFF, 0xE5, 0xFF,
    0xE5, 0xFF, 0xE5, 0xFF, 0xE5, 0xFF, 0xE5, 0xFF,
    0xE5, 0xFF, 0xE5, 0xFE, 0xE5, 0xFE, 0xE5, 0xFE,
    0xE5, 0xFE, 0xE5, 0xFD, 0xE5, 0xFD, 0xE5, 0xFD,
    0xE5, 0xFD, 0xE5, 0xFD, 0xE5, 0xFC, 0xE5, 0xFC,
    0xE5, 0xFC, 0xE5, 0xFC, 0xE5, 0xFB, 0xE5, 0xFB,
    0xE5, 0xFB, 0xE5, 0xFB, 0xE5, 0xFA, 0xE5, 0xFA,
    0xE5, 0xFA, 0xE5, 0xFA, 0xE5, 0xF9, 0xE5, 0xF9,
    0xE5, 0xF9, 0xE5, 0xF9, 0xE5, 0xF8, 0xE5, 0xF8,
    0xE5, 0xF8, 0xE5, 0xF8, 0xE5, 0xF7, 0xE5, 0xF7,
    0xE5, 0xF7, 0xE5, 0xF7, 0xE5, 0xF6, 0xE5, 0xF6,
    0xE5, 0xF6, 0xE5, 0xF6, 0xE5, 0xF5, 0xE5, 0xF5,
    0xE5, 0xF5, 0xE5, 0xF5, 0xE5, 0xF5, 0xE6, 0xF5,
    0xE6, 0xF5, 0xE6, 0xF5, 0xE6, 0xF5, 0xE7, 0xF5,
    0xE7, 0xF5, 0xE7, 0xF5, 0xE7, 0xF5, 0xE8, 0xF5,
    0xE8, 0xF5, 0xE8, 0xF5, 0xE8, 0xF5, 0xE9, 0xF5,
    0xE9, 0xF5, 0xE9, 0xF5, 0xE9, 0xF5, 0xEA, 0xF5,
    0xEA, 0xF5, 0xEA, 0xF5, 0xEA, 0xF5, 0xEB, 0xF5,
    0xEB, 0xF5, 0xEB, 0xF5, 0xEB, 0xF5, 0xEC, 0xF5,
    0xEC, 0xF5, 0xEC, 0xF5, 0xEC, 0xF5, 0xED, 0xF5,
    0xED, 0xF5, 0xED, 0xF5, 0xED, 0xF5, 0xEE, 0xF5,
    0xEE, 0xF5, 0xEE, 0xF5, 0xEE, 0xF5, 0xEF, 0xF5,
    0xEF, 0xF5, 0xEF, 0xF5, 0xEF, 0xF5, 0xEF, 0xF5,
    0xEF, 0xF5, 0xEF, 0xF5, 0xEF, 0xF5, 0xDF, 0xF5,
    0xDF, 0xF5, 0xDF, 0xF5, 0xDF, 0xF5, 0xCF, 0xF5,
    0xCF, 0xF5, 0xCF, 0xF5, 0xBF, 0xF5, 0xBF, 0xF5,
    0xBF, 0xF5, 0xBF, 0xF5, 0xBF, 0xF5, 0xAF, 0xF5,
    0xAF, 0xF5, 0xAF, 0xF5, 0xAF, 0xF5, 0x9F, 0xF5,
    0x9F, 0xF5, 0x9F, 0xF5, 0x9F, 0xF5, 0x8F, 0xF5,
    0x8F, 0xF5, 0x8F, 0xF5, 0x8F, 0xF5, 0x7F, 0xF5,
    0x7F, 0xF5, 0x7F, 0xF5, 0x7F, 0xF5, 0x6F, 0xF5,
    0x6F, 0xF5, 0x6F, 0xF5, 0x6F, 0xF5, 0x5F, 0xF5,
    0x5F, 0xF5, 0x5F, 0xF5, 0x5F, 0xF5, 0x4F, 0xF5,
    0x4F, 0xF5, 0x4F, 0xF5, 0x4F, 0xF5, 0x4F, 0xF6,
    0x4F, 0xF6, 0x4F, 0xF6, 0x4F, 0xF6, 0x4F, 0xF6,
    0x4F, 0xF7, 0x4F, 0xF7, 0x4F, 0xF7, 0x4F, 0xF7,
    0x4F, 0xF8, 0x4F, 0xF8, 0x4F, 0xF8, 0x4F, 0xF8,
    0x4F, 0xF9, 0x4F, 0xF9, 0x4F, 0xF9, 0x4F, 0xF9,
    0x4F, 0xFA, 0x4F, 0xFA, 0x4F, 0xFA, 0x4F, 0xFA,
    0x4F, 0xFB, 0x4F, 0xFB, 0x4F, 0xFB, 0x4F, 0xFB,
    0x4F, 0xFC, 0x4F, 0xFC, 0x4F, 0xFC, 0x4F, 0xFC,
    0x4F, 0xFD, 0x4F, 0xFD, 0x4F, 0xFD, 0x4F, 0xFD,
    0x4F, 0xFE, 0x4F, 0xFE, 0x4F, 0xFE, 0x4F, 0xFE,
    0x4F, 0xFF, 0x4F, 0xFF, 0x4F, 0xFF, 0x4F, 0xFF,
    0x4F, 0xFF, 0x4F, 0xFF, 0x4F, 0xFF, 0x4F, 0xFF,
    0x4E, 0xFF, 0x4E, 0xFF, 0x4E, 0xFF, 0x4E, 0xFF,
    0x4D, 0xFF, 0x4D, 0xFF, 0x4D, 0xFF, 0x4D, 0xFF,
    0x4C, 0xFF, 0x4C, 0xFF, 0x4C, 0xFF, 0x4C, 0xFF,
    0x4B, 0xFF, 0x4B, 0xFF, 0x4B, 0xFF, 0x4B, 0xFF,
    0x4A, 0xFF, 0x4A, 0xFF, 0x4A, 0xFF, 0x4A, 0xFF,
    0x49, 0xFF, 0x49, 0xFF, 0x49, 0xFF, 0x49, 0xFF,
    0x48, 0xFF, 0x48, 0xFF, 0x48, 0xFF, 0x48, 0xFF,
    0x47, 0xFF, 0x47, 0xFF, 0x47, 0xFF, 0x47, 0xFF,
    0x46, 0xFF, 0x46, 0xFF, 0x46, 0xFF, 0x46, 0xFF,
    0x45, 0xFF, 0x45, 0xFF, 0x45, 0xFF, 0x45, 0xFF,
    0x45, 0xFF, 0x55, 0xFF, 0x55, 0xFF, 0x55, 0xFF,
    0x55, 0xFF, 0x65, 0xFF, 0x65, 0xFF, 0x65, 0xFF,
    0x65, 0xFF, 0x65, 0xFF, 0x75, 0xFF, 0x75, 0xFF,
    0x75, 0xFF, 0x75, 0xFF, 0x85, 0xFF, 0x85, 0xFF,
    0x85, 0xFF, 0x95, 0xFF, 0x95, 0xFF, 0x95, 0xFF,
    0x95, 0xFF, 0x95, 0xFF, 0xA5, 0xFF, 0xA5, 0xFF,
    0xA5, 0xFF, 0xA5, 0xFF, 0xB5, 0xFF, 0xB5, 0xFF,
    0xB5, 0xFF, 0xB5, 0xFF, 0xC5, 0xFF, 0xC5, 0xFF,
    0xC5, 0xFF, 0xC5, 0xFF, 0xD5, 0xFF, 0xD5, 0xFF,
    0xD5, 0xFF, 0xD5, 0xFF, 0xE5, 0xFF, 0xE5, 0xFF,
    0xE5, 0xFF, 0xE5, 0xFF, 0xE5, 0xFF, 0xE5, 0xFF,
    0xE5, 0xFF, 0xE5, 0xFE, 0xE5, 0xFE, 0xE5, 0xFE,
    0xE5, 0xFE, 0xE5, 0xFD, 0xE5, 0xFD, 0xE5, 0xFD,
    0xE5, 0xFD, 0xE5, 0xFC, 0xE5, 0xFC, 0xE5, 0xFC,
    0xE5, 0xFC, 0xE5, 0xFB, 0xE5, 0xFB, 0xE5, 0xFB,
    0xE5, 0xFB, 0xE5, 0xFA, 0xE5, 0xFA, 0xE5, 0xFA,
    0xE5, 0xFA, 0xE5, 0xF9, 0xE5, 0xF9, 0xE5, 0xF9,
    0xE5, 0xF9, 0xE5, 0xF8, 0xE5, 0xF8, 0xE5, 0xF8,
    0xE5, 0xF8, 0xE5, 0xF8, 0xE5, 0xF7, 0xE5, 0xF7,
    0xE5, 0xF7, 0xE5, 0xF7, 0xE5, 0xF6, 0xE5, 0xF6,
    0xE5, 0xF6, 0xE5, 0xF6, 0xE5, 0xF5, 0xE5, 0xF5,
    0xE5, 0xF5, 0xE5, 0xF5, 0xE5, 0xF5, 0xE6, 0xF5,
    0xE6, 0xF5, 0xE6, 0xF5, 0xE6, 0xF5, 0xE7, 0xF5,
    0xE7, 0xF5, 0xE7, 0xF5, 0xE7, 0xF5, 0xE8, 0xF5,
    0xE8, 0xF5, 0xE8, 0xF5, 0xE8, 0xF5, 0xE9, 0xF5,
    0xE9, 0xF5, 0xE9, 0xF5, 0xE9, 0xF5, 0xEA, 0xF5,
    0xEA, 0xF5, 0xEA, 0xF5, 0xEA, 0xF5, 0xEB, 0xF5,
    0xEB, 0xF5, 0xEB, 0xF5, 0xEB, 0xF5, 0xEC, 0xF5,
    0xEC, 0xF5, 0xEC, 0xF5, 0xEC, 0xF5, 0xED, 0xF5,
    0xED, 0xF5, 0xED, 0xF5, 0xED, 0xF5, 0xEE, 0xF5,
    0xEE, 0xF5, 0xEE, 0xF5, 0xEE, 0xF5, 0xEF, 0xF5,
    0xEF, 0xF5, 0xEF, 0xF5, 0xEF, 0xF5, 0xEF, 0xF5,
    0xEF, 0xF5, 0xEF, 0xF5, 0xEF, 0xF5, 0xDF, 0xF5,
    0xDF, 0xF5, 0xDF, 0xF5, 0xDF, 0xF5, 0xCF, 0xF5,
    0xCF, 0xF5, 0xCF, 0xF5, 0xBF, 0xF5, 0xBF, 0xF5,
    0xBF, 0xF5, 0xBF, 0xF5, 0xBF, 0xF5, 0xAF, 0xF5,
    0xAF, 0xF5, 0xAF, 0xF5, 0xAF, 0xF5, 0x9F, 0xF5,
    0x9F, 0xF5, 0x9F, 0xF5, 0x9F, 0xF5, 0x8F, 0xF5,
    0x8F, 0xF5, 0x8F, 0xF5, 0x7F, 0xF5, 0x7F, 0xF5,
    0x7F, 0xF5, 0x7F, 0xF5, 0x6F, 0xF5, 0x6F, 0xF5,
    0x6F, 0xF5, 0x6F, 0xF5, 0x6F, 0xF5, 0x5F, 0xF5,
    0x5F, 0xF5, 0x5F, 0xF5, 0x5F, 0xF5, 0x4F, 0xF5,
    0x4F, 0xF5, 0x4F, 0xF5, 0x4F, 0xF5, 0x4F, 0xF5,
    0x4F, 0xF6, 0x4F, 0xF6, 0x4F, 0xF6, 0x4F, 0xF6,
    0x4F, 0xF7, 0x4F, 0xF7, 0x4F, 0xF7, 0x4F, 0xF7,
    0x4F, 0xF7, 0x4F, 0xF8, 0x4F, 0xF8, 0x4F, 0xF8,
    0x4F, 0xF8, 0x4F, 0xF9, 0x4F, 0xF9, 0x4F, 0xF9,
    0x4F, 0xF9, 0x4F, 0xFA, 0x4F, 0xFA, 0x4F, 0xFA,
    0x4F, 0xFB, 0x4F, 0xFB, 0x4F, 0xFB, 0x4F, 0xFB,
    0x4F, 0xFC, 0x4F, 0xFC, 0x4F, 0xFC, 0x4F, 0xFC,
    0x4F, 0xFC, 0x4F, 0xFD, 0x4F, 0xFD, 0x4F, 0xFD,
    0x4F, 0xFD, 0x4F, 0xFE, 0x4F, 0xFE, 0x4F, 0xFE,
    0x4F, 0xFF, 0x4F, 0xFF, 0x4F, 0xFF, 0x4F, 0xFF,
    0x4F, 0xFF, 0x4F, 0xFF, 0x4F, 0xFF, 0x4F, 0xFF,
    0x4E, 0xFF, 0x4E, 0xFF, 0x4E, 0xFF, 0x4E, 0xFF,
    0x4D, 0xFF, 0x4D, 0xFF, 0x4D, 0xFF, 0x4D, 0xFF,
    0x4C, 0xFF, 0x4C, 0xFF, 0x4C, 0xFF, 0x4C, 0xFF,
    0x4B, 0xFF, 0x4B, 0xFF, 0x4B, 0xFF, 0x4B, 0xFF,
    0x4A, 0xFF, 0x4A, 0xFF, 0x4A, 0xFF, 0x4A, 0xFF,
    0x49, 0xFF, 0x49, 0xFF, 0x49, 0xFF, 0x49, 0xFF,
    0x48, 0xFF, 0x48, 0xFF, 0x48, 0xFF, 0x48, 0xFF,
    0x47, 0xFF, 0x47, 0xFF, 0x47, 0xFF, 0x47, 0xFF,
    0x46, 0xFF, 0x46, 0xFF, 0x46, 0xFF, 0x46, 0xFF,
    0x45, 0xFF, 0x45, 0xFF, 0x45, 0xFF, 0x45, 0xFF,
    0x45, 0xFF, 0x45, 0xFF, 0x55, 0xFF, 0x55, 0xFF,
    0x55, 0xFF, 0x55, 0xFF, 0x65, 0xFF, 0x65, 0xFF,
    0x65, 0xFF, 0x65, 0xFF, 0x75, 0xFF, 0x75, 0xFF,
    0x75, 0xFF, 0x75, 0xFF, 0x85, 0xFF, 0x85, 0xFF,
    0x85, 0xFF, 0x85, 0xFF, 0x95, 0xFF, 0x95, 0xFF,
    0x95, 0xFF, 0x95, 0xFF, 0xA5, 0xFF, 0xA5, 0xFF,
    0xA5, 0xFF, 0xA5, 0xFF, 0xB5, 0xFF, 0xB5, 0xFF,
    0xB5, 0xFF, 0xB5, 0xFF, 0xC5, 0xFF, 0xC5, 0xFF,
    0xC5, 0xFF, 0xC5, 0xFF, 0xD5, 0xFF, 0xD5, 0xFF,
    0xD5, 0xFF, 0xD5, 0xFF, 0xE5, 0xFF, 0xE5, 0xFF,
    0xE5, 0xFF, 0xE5, 0xFF, 0xE5, 0xFF, 0xE5, 0xFF,
    0xE5, 0xFF, 0xE5, 0xFE, 0xE5, 0xFE, 0xE5, 0xFE,
    0xE5, 0xFE, 0xE5, 0xFD, 0xE5, 0xFD, 0xE5, 0xFD,
    0xE5, 0xFD, 0xE5, 0xFC, 0xE5, 0xFC, 0xE5, 0xFC,
    0xE5, 0xFC, 0xE5, 0xFB, 0xE5, 0xFB, 0xE5, 0xFB,
    0xE5, 0xFB, 0xE5, 0xFA, 0xE5, 0xFA, 0xE5, 0xFA,
    0xE5, 0xFA, 0xE5, 0xF9, 0xE5, 0xF9, 0xE5, 0xF9,
    0xE5, 0xF9, 0xE5, 0xF8, 0xE5, 0xF8, 0xE5, 0xF8,
    0xE5, 0xF8, 0xE5, 0xF7, 0xE5, 0xF7, 0xE5, 0xF7,
    0xE5, 0xF7, 0xE5, 0xF6, 0xE5, 0xF6, 0xE5, 0xF6,
    0xE5, 0xF6, 0xE5, 0xF5, 0xE5, 0xF5, 0xE5, 0xF5,
    0xE5, 0xF5, 0xE5, 0xF5, 0xE5, 0xF5, 0xE5, 0xF5,
    0xE6, 0xF5, 0xE6, 0xF5, 0xE6, 0xF5, 0xE6, 0xF5,
    0xE7, 0xF5, 0xE7, 0xF5, 0xE7, 0xF5, 0xE8, 0xF5,
    0xE8, 0xF5, 0xE8, 0xF5, 0xE8, 0xF5, 0xE8, 0xF5,
    0xE9, 0xF5, 0xE9, 0xF5, 0xE9, 0xF5, 0xE9, 0xF5,
    0xEA, 0xF5, 0xEA, 0xF5, 0xEA, 0xF5, 0xEB, 0xF5,
    0xEB, 0xF5, 0xEB, 0xF5, 0xEB, 0xF5, 0xEC, 0xF5,
    0xEC, 0xF5, 0xEC, 0xF5, 0xEC, 0xF5, 0xED, 0xF5,
    0xED, 0xF5, 0xED, 0xF5, 0xED, 0xF5, 0xEE, 0xF5,
    0xEE, 0xF5, 0xEE, 0xF5, 0xEE, 0xF5, 0xEF, 0xF4,
    0xEF, 0xF5, 0xEF, 0xF5, 0xEF, 0xF5, 0xEF, 0xF5,
    0xEF, 0xF5, 0xEF, 0xF5, 0xDF, 0xF5, 0xDF, 0xF5,
    0xDF, 0xF5, 0xDF, 0xF5, 0xDF, 0xF5, 0xCF, 0xF5,
    0xCF, 0xF5, 0xCF, 0xF5, 0xBF, 0xF5, 0xBF, 0xF5,
    0xBF, 0xF5, 0xBF, 0xF5, 0xAF, 0xF5, 0xAF, 0xF5,
    0xAF, 0xF5, 0xAF, 0xF5, 0x9F, 0xF5, 0x9F, 0xF5,
    0x9F, 0xF5, 0x9F, 0xF5, 0x8F, 0xF5, 0x8F, 0xF5,
    0x8F, 0xF5, 0x8F, 0xF5, 0x7F, 0xF5, 0x7F, 0xF5,
    0x7F, 0xF5, 0x7F, 0xF5, 0x6F, 0xF5, 0x6F, 0xF5,
    0x6F, 0xF5, 0x6F, 0xF5, 0x5F, 0xF5, 0x5F, 0xF5,
    0x5F, 0xF5, 0x5F, 0xF5, 0x4F, 0xF5, 0x4F, 0xF5,
    0x4F, 0xF5, 0x4F, 0xF5, 0x4F, 0xF5, 0x4F, 0xF5,
    0x4F, 0xF6, 0x4F, 0xF6, 0x4F, 0xF6, 0x4F, 0xF6,
    0x4F, 0xF6, 0x4F, 0xF7, 0x4F, 0xF7, 0x4F, 0xF7,
    0x4F, 0xF7, 0x4F, 0xF8, 0x4F, 0xF8, 0x4F, 0xF8,
    0x4F, 0xF8, 0x4F, 0xF9, 0x4F, 0xF9, 0x4F, 0xF9,
    0x4F, 0xF9, 0x4F, 0xFA, 0x4F, 0xFA, 0x4F, 0xFA,
    0x4F, 0xFA, 0x4F, 0xFB, 0x4F, 0xFB, 0x4F, 0xFB,
    0x4F, 0xFC, 0x4F, 0xFC, 0x4F, 0xFC, 0x4F, 0xFC,
    0x4F, 0xFC, 0x4F, 0xFD, 0x4F, 0xFD, 0x4F, 0xFD,
    0x4F, 0xFD, 0x4F, 0xFE, 0x3F, 0xFE, 0x4F, 0xFE,
    0x4F, 0xFF, 0x4F, 0xFF, 0x4F, 0xFF, 0x4F, 0xFF,
    0x4F, 0xFF, 0x4F, 0xFF, 0x4F, 0xFF, 0x4F, 0xFF,
    0x4E, 0xFF, 0x4E, 0xFF, 0x4E, 0xFF, 0x4E, 0xFF,
    0x4D, 0xFF, 0x4D, 0xFF, 0x4D, 0xFF, 0x4D, 0xFF,
    0x4C, 0xFF, 0x4C, 0xFF, 0x4C, 0xFF, 0x4C, 0xFF,
    0x4B, 0xFF, 0x4B, 0xFF, 0x4B, 0xFF, 0x4A, 0xFF,
    0x4A, 0xFF, 0x3A, 0xFF, 0x4A, 0xFF, 0x4A, 0xFF,
    0x49, 0xFF, 0x49, 0xFF, 0x49, 0xFF, 0x49, 0xFF,
    0x48, 0xFF, 0x48, 0xFF, 0x48, 0xFF, 0x47, 0xFF,
    0x47, 0xFF, 0x47, 0xFF, 0x47, 0xFF, 0x46, 0xFF,
    0x46, 0xFF, 0x46, 0xFF, 0x46, 0xFF, 0x45, 0xFF,
    0x45, 0xFF, 0x45, 0xFF, 0x45, 0xFF, 0x45, 0xFF,
    0x45, 0xFF, 0x45, 0xFF, 0x55, 0xFF, 0x55, 0xFF,
    0x55, 0xFF, 0x55, 0xFF, 0x65, 0xFF, 0x65, 0xFF,
    0x65, 0xFF, 0x65, 0xFF, 0x75, 0xFF, 0x75, 0xFF,
    0x75, 0xFF, 0x75, 0xFF, 0x85, 0xFF, 0x85, 0xFF,
    0x85, 0xFF, 0x85, 0xFF, 0x95, 0xFF, 0x95, 0xFF,
    0x95, 0xFF, 0x95, 0xFF, 0xA5, 0xFF, 0xA5, 0xFF,
    0xA5, 0xFF, 0xA5, 0xFF, 0xB5, 0xFF, 0xB5, 0xFF,
    0xB5, 0xFF, 0xB5, 0xFF, 0xC5, 0xFF, 0xC5, 0xFF,
    0xC5, 0xFF, 0xD5, 0xFF, 0xD5, 0xFF, 0xD5, 0xFF,
    0xD5, 0xFF, 0xD5, 0xFF, 0xE5, 0xFF, 0xE5, 0xFF,
    0xE5, 0xFF, 0xE5, 0xFF, 0xE5, 0xFF, 0xE5, 0xFF,
    0xE5, 0xFF, 0xE5, 0xFE, 0xE5, 0xFE, 0xE5, 0xFE,
    0xE5, 0xFE, 0xE5, 0xFD, 0xE5, 0xFD, 0xE5, 0xFD,
    0xE5, 0xFD, 0xE5, 0xFC, 0xE5, 0xFC, 0xE5, 0xFC,
    0xE5, 0xFC, 0xE5, 0xFB, 0xE5, 0xFB, 0xE5, 0xFB,
    0xE5, 0xFB, 0xE5, 0xFA, 0xE5, 0xFA, 0xE5, 0xFA,
    0xE5, 0xFA, 0xE5, 0xF9, 0xE5, 0xF9, 0xE5, 0xF9,
    0xE5, 0xF9, 0xE5, 0xF8, 0xE5, 0xF8, 0xE5, 0xF8,
    0xE5, 0xF8, 0xE5, 0xF7, 0xE5, 0xF7, 0xE5, 0xF7,
    0xE5, 0xF7, 0xE5, 0xF6, 0xE5, 0xF6, 0xE5, 0xF6,
    0xE5, 0xF6, 0xE5, 0xF5, 0xE5, 0xF5, 0xE5, 0xF5,
    0xE5, 0xF4, 0xE5, 0xF4, 0xE5, 0xF4, 0xE5, 0xF4,
    0xE6, 0xF4, 0xE6, 0xF4, 0xE6, 0xF4, 0xE6, 0xF4,
    0xE7, 0xF5, 0xE7, 0xF4, 0xE7, 0xF4, 0xE7, 0xF4,
    0xE8, 0xF4, 0xE8, 0xF4, 0xE8, 0xF4, 0xE8, 0xF4,
    0xE9, 0xF4, 0xE9, 0xF4, 0xE9, 0xF5, 0xE9, 0xF4,
    0xEA, 0xF4, 0xEA, 0xF4, 0xEA, 0xF4, 0xEA, 0xF4,
    0xEB, 0xF4, 0xEB, 0xF4, 0xEB, 0xF4, 0xEC, 0xF4,
    0xEC, 0xF4, 0xEC, 0xF4, 0xEC, 0xF4, 0xED, 0xF4,
    0xED, 0xF4, 0xED, 0xF4, 0xED, 0xF4, 0xEE, 0xF5,
    0xEE, 0xF4, 0xEE, 0xF5, 0xEE, 0xF4, 0xEF, 0xF4,
    0xEF, 0xF4, 0xEF, 0xF5, 0xEF, 0xF5, 0xEF, 0xF5,
    0xEF, 0xF4, 0xEF, 0xF4, 0xDF, 0xF4, 0xDF, 0xF4,
    0xDF, 0xF4, 0xDF, 0xF4, 0xCF, 0xF4, 0xCF, 0xF4,
    0xCF, 0xF4, 0xCF, 0xF4, 0xBF, 0xF4, 0xBF, 0xF4,
    0xBF, 0xF4, 0xBF, 0xF4, 0xAF, 0xF4, 0xAF, 0xF4,
    0xAF, 0xF4, 0xAF, 0xF4, 0x9F, 0xF4, 0x9F, 0xF4,
    0x9F, 0xF5, 0x9F, 0xF4, 0x8F, 0xF4, 0x8F, 0xF4,
    0x8F, 0xF4, 0x8F, 0xF4, 0x7F, 0xF4, 0x7F, 0xF5,
    0x7F, 0xF4, 0x7F, 0xF4, 0x6F, 0xF4, 0x6F, 0xF4,
    0x6F, 0xF4, 0x5F, 0xF4, 0x5F, 0xF4, 0x5F, 0xF4,
    0x5F, 0xF4, 0x4F, 0xF4, 0x4F, 0xF4, 0x4F, 0xF4,
    0x4F, 0xF4, 0x4F, 0xF4, 0x3F, 0xF5, 0x3F, 0xF5,
    0x3F, 0xF5, 0x3F, 0xF6, 0x3F, 0xF6, 0x3F, 0xF6,
    0x3F, 0xF6, 0x3F, 0xF7, 0x3F, 0xF7, 0x3F, 0xF7,
    0x3F, 0xF7, 0x3F, 0xF7, 0x3F, 0xF8, 0x3F, 0xF8,
    0x3F, 0xF8, 0x3F, 0xF8, 0x3F, 0xF9, 0x3F, 0xF9,
    0x3F, 0xF9, 0x3F, 0xFA, 0x3F, 0xFA, 0x3F, 0xFA,
    0x4F, 0xFA, 0x3F, 0xFB, 0x4F, 0xFB, 0x3F, 0xFB,
    0x3F, 0xFB, 0x3F, 0xFC, 0x3F, 0xFC, 0x3F, 0xFC,
    0x4F, 0xFC, 0x4F, 0xFD, 0x3F, 0xFD, 0x3F, 0xFD,
    0x3F, 0xFD, 0x3F, 0xFE, 0x3F, 0xFE, 0x3F, 0xFE,
    0x3F, 0xFF, 0x3F, 0xFF, 0x3F, 0xFF, 0x4F, 0xFF,
    0x3F, 0xFF, 0x3F, 0xFF, 0x3F, 0xFF, 0x3F, 0xFF,
    0x3E, 0xFF, 0x3E, 0xFF, 0x3E, 0xFF, 0x3E, 0xFF,
    0x3D, 0xFF, 0x3D, 0xFF, 0x4D, 0xFF, 0x4C, 0xFF,
    0x3C, 0xFF, 0x3C, 0xFF, 0x3C, 0xFF, 0x3B, 0xFF,
    0x3B, 0xFF, 0x3B, 0xFF, 0x3B, 0xFF, 0x3A, 0xFF,
    0x3A, 0xFF, 0x3A, 0xFF, 0x3A, 0xFF, 0x49, 0xFF,
    0x39, 0xFF, 0x39, 0xFF, 0x39, 0xFF, 0x38, 0xFF,
    0x38, 0xFF, 0x38, 0xFF, 0x38, 0xFF, 0x37, 0xFF,
    0x37, 0xFF, 0x37, 0xFF, 0x37, 0xFF, 0x46, 0xFF,
    0x46, 0xFF, 0x36, 0xFF, 0x35, 0xFF, 0x35, 0xFF,
    0x35, 0xFF, 0x35, 0xFF, 0x44, 0xFF, 0x44, 0xFF,
    0x44, 0xFF, 0x44, 0xFF, 0x44, 0xFF, 0x54, 0xFF,
    0x54, 0xFF, 0x54, 0xFF, 0x54, 0xFF, 0x64, 0xFF,
    0x64, 0xFF, 0x64, 0xFF, 0x64, 0xFF, 0x74, 0xFF,
    0x75, 0xFF, 0x74, 0xFF, 0x84, 0xFF, 0x84, 0xFF,
    0x84, 0xFF, 0x84, 0xFF, 0x94, 0xFF, 0x95, 0xFF,
    0x94, 0xFF, 0x94, 0xFF, 0xA4, 0xFF, 0xA4, 0xFF,
    0xA4, 0xFF, 0xA4, 0xFF, 0xB4, 0xFF, 0xB4, 0xFF,
    0xB4, 0xFF, 0xB4, 0xFF, 0xC4, 0xFF, 0xC4, 0xFF,
    0xC4, 0xFF, 0xC4, 0xFF, 0xD4, 0xFF, 0xD4, 0xFF,
    0xD4, 0xFF, 0xD5, 0xFF, 0xE5, 0xFF, 0xE4, 0xFF,
    0xE4, 0xFF, 0xE4, 0xFF, 0xE5, 0xFF, 0xE5, 0xFF,
    0xE4, 0xFF, 0xE4, 0xFE, 0xE5, 0xFE, 0xE5, 0xFE,
    0xE4, 0xFE, 0xE4, 0xFD, 0xE4, 0xFD, 0xE4, 0xFD,
    0xE5, 0xFD, 0xE5, 0xFC, 0xE4, 0xFC, 0xE4, 0xFC,
    0xE4, 0xFB, 0xE4, 0xFB, 0xE4, 0xFB, 0xE4, 0xFB,
    0xE4, 0xFB, 0xE4, 0xFA, 0xE4, 0xFA, 0xE4, 0xFA,
    0xE4, 0xFA, 0xE4, 0xF9, 0xE4, 0xF9, 0xE4, 0xF9,
    0xE4, 0xF8, 0xE4, 0xF8, 0xE4, 0xF8, 0xE4, 0xF8,
    0xE4, 0xF7, 0xE4, 0xF7, 0xE4, 0xF7, 0xE4, 0xF7,
    0xE4, 0xF6, 0xE4, 0xF6, 0xE4, 0xF6, 0xE4, 0xF6,
    0xE4, 0xF5, 0xE4, 0xF5, 0xE4, 0xF5, 0xE4, 0xF5,
    0xE4, 0xF4, 0xE5, 0xF4, 0xE5, 0xF4, 0xE5, 0xF4,
    0xE5, 0xF4, 0xE6, 0xF4, 0xE6, 0xF4, 0xE6, 0xF4,
    0xE6, 0xF4, 0xE7, 0xF4, 0xE7, 0xF4, 0xE7, 0xF4,
    0xE7, 0xF4, 0xE8, 0xF4, 0xE8, 0xF4, 0xE8, 0xF4,
    0xE9, 0xF4, 0xE9, 0xF4, 0xE9, 0xF4, 0xE9, 0xF4,
    0xEA, 0xF4, 0xEA, 0xF4, 0xEA, 0xF4, 0xEA, 0xF4,
    0xEB, 0xF4, 0xEB, 0xF4, 0xEB, 0xF4, 0xEB, 0xF4,
    0xEC, 0xF4, 0xEC, 0xF4, 0xEC, 0xF4, 0xED, 0xF4,
    0xED, 0xF4, 0xED, 0xF4, 0xED, 0xF4, 0xEE, 0xF4,
    0xEE, 0xF4, 0xEE, 0xF4, 0xEE, 0xF4, 0xEF, 0xF4,
    0xEF, 0xF4, 0xEF, 0xF4, 0xEF, 0xF4, 0xEF, 0xF4,
    0xEF, 0xF4, 0xEF, 0xF4, 0xDF, 0xF4, 0xDF, 0xF4,
    0xDF, 0xF4, 0xDF, 0xF4, 0xCF, 0xF4, 0xCF, 0xF4,
    0xCF, 0xF4, 0xCF, 0xF4, 0xBF, 0xF4, 0xBF, 0xF4,
    0xBF, 0xF4, 0xBF, 0xF4, 0xAF, 0xF4, 0xAF, 0xF4,
    0xAF, 0xF4, 0xAF, 0xF4, 0x9F, 0xF4, 0x9F, 0xF4,
    0x9F, 0xF4, 0x8F, 0xF4, 0x8F, 0xF4, 0x8F, 0xF4,
    0x8F, 0xF4, 0x8F, 0xF4, 0x7F, 0xF4, 0x7F, 0xF4,
    0x7F, 0xF4, 0x6F, 0xF4, 0x6F, 0xF4, 0x6F, 0xF4,
    0x6F, 0xF4, 0x5F, 0xF4, 0x5F, 0xF4, 0x5F, 0xF4,
    0x5F, 0xF4, 0x4F, 0xF4, 0x4F, 0xF4, 0x4F, 0xF4,
    0x3F, 0xF4, 0x3F, 0xF4, 0x3F, 0xF5, 0x3F, 0xF5,
    0x3F, 0xF5, 0x3F, 0xF5, 0x3F, 0xF6, 0x3F, 0xF6,
    0x3F, 0xF6, 0x3F, 0xF6, 0x3F, 0xF7, 0x3F, 0xF7,
    0x3F, 0xF7, 0x3F, 0xF7, 0x3F, 0xF8, 0x3F, 0xF8,
    0x3F, 0xF8, 0x3F, 0xF8, 0x3F, 0xF9, 0x3F, 0xF9,
    0x3F, 0xF9, 0x3F, 0xF9, 0x3F, 0xFA, 0x3F, 0xFA,
    0x3F, 0xFA, 0x3F, 0xFB, 0x3F, 0xFB, 0x3F, 0xFB,
    0x3F, 0xFB, 0x3F, 0xFC, 0x3F, 0xFC, 0x3F, 0xFC,
    0x3F, 0xFC, 0x3F, 0xFD, 0x3F, 0xFD, 0x3F, 0xFD,
    0x3F, 0xFD, 0x3F, 0xFE, 0x3F, 0xFE, 0x3F, 0xFE,
    0x3F, 0xFF, 0x3F, 0xFF, 0x3F, 0xFF, 0x3F, 0xFF,
    0x3F, 0xFF, 0x3F, 0xFF, 0x3F, 0xFF, 0x3F, 0xFF,
    0x3E, 0xFF, 0x3E, 0xFF, 0x3E, 0xFF, 0x3E, 0xFF,
    0x3D, 0xFF, 0x3D, 0xFF, 0x3D, 0xFF, 0x3C, 0xFF,
    0x3C, 0xFF, 0x3C, 0xFF, 0x3C, 0xFF, 0x3B, 0xFF,
    0x3B, 0xFF, 0x3B, 0xFF, 0x3B, 0xFF, 0x3A, 0xFF,
    0x3A, 0xFF, 0x3A, 0xFF, 0x3A, 0xFF, 0x39, 0xFF,
    0x39, 0xFF, 0x39, 0xFF, 0x39, 0xFF, 0x38, 0xFF,
    0x38, 0xFF, 0x38, 0xFF, 0x38, 0xFF, 0x37, 0xFF,
    0x37, 0xFF, 0x37, 0xFF, 0x37, 0xFF, 0x36, 0xFF,
    0x36, 0xFF, 0x36, 0xFF, 0x35, 0xFF, 0x35, 0xFF,
    0x35, 0xFF, 0x35, 0xFF, 0x34, 0xFF, 0x44, 0xFF,
    0x44, 0xFF, 0x44, 0xFF, 0x44, 0xFF, 0x44, 0xFF,
    0x54, 0xFF, 0x54, 0xFF, 0x54, 0xFF, 0x64, 0xFF,
    0x64, 0xFF, 0x64, 0xFF, 0x64, 0xFF, 0x74, 0xFF,
    0x74, 0xFF, 0x74, 0xFF, 0x74, 0xFF, 0x84, 0xFF,
    0x84, 0xFF, 0x84, 0xFF, 0x94, 0xFF, 0x94, 0xFF,
    0x94, 0xFF, 0x94, 0xFF, 0xA4, 0xFF, 0xA4, 0xFF,
    0xA4, 0xFF, 0xA4, 0xFF, 0xB4, 0xFF, 0xB4, 0xFF,
    0xB4, 0xFF, 0xB4, 0xFF, 0xC4, 0xFF, 0xC4, 0xFF,
    0xC4, 0xFF, 0xC4, 0xFF, 0xD4, 0xFF, 0xD4, 0xFF,
    0xD4, 0xFF, 0xD4, 0xFF, 0xE4, 0xFF, 0xE4, 0xFF,
    0xE4, 0xFF, 0xE4, 0xFF, 0xE4, 0xFF, 0xE4, 0xFF,
    0xE4, 0xFF, 0xE4, 0xFE, 0xE4, 0xFE, 0xE4, 0xFE,
    0xE4, 0xFE, 0xE4, 0xFD, 0xE4, 0xFD, 0xE4, 0xFD,
    0xE4, 0xFD, 0xE4, 0xFC, 0xE4, 0xFC, 0xE4, 0xFC,
    0xE4, 0xFC, 0xE4, 0xFB, 0xE4, 0xFB, 0xE4, 0xFB,
    0xE4, 0xFB, 0xE4, 0xFA, 0xE4, 0xFA, 0xE4, 0xFA,
    0xE4, 0xFA, 0xE4, 0xF9, 0xE4, 0xF9, 0xE4, 0xF9,
    0xE4, 0xF8, 0xE4, 0xF8, 0xE4, 0xF8, 0xE4, 0xF7,
    0xE4, 0xF7, 0xE4, 0xF7, 0xE4, 0xF7, 0xE4, 0xF6,
    0xE4, 0xF6, 0xE4, 0xF6, 0xE4, 0xF6, 0xE4, 0xF6,
    0xE4, 0xF5, 0xE4, 0xF5, 0xE4, 0xF5, 0xE4, 0xF5,
    0xE4, 0xF4, 0xE5, 0xF4, 0xE5, 0xF4, 0xE5, 0xF4,
    0xE5, 0xF4, 0xE6, 0xF4, 0xE6, 0xF4, 0xE6, 0xF4,
    0xE6, 0xF4, 0xE7, 0xF4, 0xE7, 0xF4, 0xE7, 0xF4,
    0xE7, 0xF4, 0xE8, 0xF4, 0xE8, 0xF4, 0xE8, 0xF4,
    0xE8, 0xF4, 0xE9, 0xF4, 0xE9, 0xF4, 0xE9, 0xF4,
    0xEA, 0xF4, 0xEA, 0xF4, 0xEA, 0xF4, 0xEA, 0xF4,
    0xEB, 0xF4, 0xEB, 0xF4, 0xEB, 0xF4, 0xEB, 0xF4,
    0xEC, 0xF4, 0xEC, 0xF4, 0xEC, 0xF4, 0xEC, 0xF4,
    0xED, 0xF4, 0xED, 0xF4, 0xED, 0xF4, 0xEE, 0xF4,
    0xEE, 0xF4, 0xEE, 0xF4, 0xEE, 0xF4, 0xEF, 0xF4,
    0xEF, 0xF4, 0xEF, 0xF4, 0xEF, 0xF4, 0xEF, 0xF4,
    0xEF, 0xF4, 0xEF, 0xF4, 0xDF, 0xF4, 0xDF, 0xF4,
    0xDF, 0xF4, 0xDF, 0xF4, 0xCF, 0xF4, 0xCF, 0xF4,
    0xCF, 0xF4, 0xCF, 0xF4, 0xBF, 0xF4, 0xBF, 0xF4,
    0xBF, 0xF4, 0xBF, 0xF4, 0xAF, 0xF4, 0xAF, 0xF4,
    0xAF, 0xF4, 0xAF, 0xF4, 0x9F, 0xF4, 0x9F, 0xF4,
    0x9F, 0xF4, 0x8F, 0xF4, 0x8F, 0xF4, 0x8F, 0xF4,
    0x8F, 0xF4, 0x7F, 0xF4, 0x7F, 0xF4, 0x7F, 0xF4,
    0x7F, 0xF4, 0x6F, 0xF4, 0x6F, 0xF4, 0x6F, 0xF4,
    0x6F, 0xF4, 0x5F, 0xF4, 0x5F, 0xF4, 0x5F, 0xF4,
    0x4F, 0xF4, 0x4F, 0xF4, 0x4F, 0xF4, 0x4F, 0xF4,
    0x3F, 0xF4, 0x3F, 0xF4, 0x3F, 0xF4, 0x3F, 0xF5,
    0x3F, 0xF5, 0x3F, 0xF5, 0x3F, 0xF6, 0x3F, 0xF6,
    0x3F, 0xF6, 0x3F, 0xF6, 0x3F, 0xF7, 0x3F, 0xF7,
    0x3F, 0xF7, 0x3F, 0xF7, 0x3F, 0xF8, 0x3F, 0xF8,
    0x3F, 0xF8, 0x3F, 0xF8, 0x3F, 0xF9, 0x3F, 0xF9,
    0x3F, 0xF9, 0x3F, 0xF9, 0x3F, 0xFA, 0x3F, 0xFA,
    0x3F, 0xFA, 0x3F, 0xFB, 0x3F, 0xFB, 0x3F, 0xFB,
    0x3F, 0xFB, 0x3F, 0xFC, 0x3F, 0xFC, 0x3F, 0xFC,
    0x3F, 0xFC, 0x3F, 0xFD, 0x3F, 0xFD, 0x3F, 0xFD,
    0x3F, 0xFD, 0x3F, 0xFE, 0x3F, 0xFE, 0x3F, 0xFE,
    0x3F, 0xFE, 0x3F, 0xFF, 0x3F, 0xFF, 0x3F, 0xFF,
    0x3F, 0xFF, 0x3F, 0xFF, 0x3F, 0xFF, 0x3F, 0xFF,
    0x3E, 0xFF, 0x3E, 0xFF, 0x3E, 0xFF, 0x3D, 0xFF,
    0x3D, 0xFF, 0x3D, 0xFF, 0x3D, 0xFF, 0x3C, 0xFF,
    0x3C, 0xFF, 0x3C, 0xFF, 0x3C, 0xFF, 0x3B, 0xFF,
    0x3B, 0xFF, 0x3B, 0xFF, 0x3B, 0xFF, 0x3A, 0xFF,
    0x3A, 0xFF, 0x3A, 0xFF, 0x3A, 0xFF, 0x39, 0xFF,
    0x39, 0xFF, 0x39, 0xFF, 0x39, 0xFF, 0x38, 0xFF,
    0x38, 0xFF, 0x38, 0xFF, 0x37, 0xFF, 0x37, 0xFF,
    0x37, 0xFF, 0x37, 0xFF, 0x36, 0xFF, 0x36, 0xFF,
    0x36, 0xFF, 0x36, 0xFF, 0x35, 0xFF, 0x35, 0xFF,
    0x35, 0xFF, 0x35, 0xFF, 0x34, 0xFF, 0x34, 0xFF,
    0x44, 0xFF, 0x44, 0xFF, 0x44, 0xFF, 0x44, 0xFF,
    0x54, 0xFF, 0x54, 0xFF, 0x54, 0xFF, 0x54, 0xFF,
    0x64, 0xFF, 0x64, 0xFF, 0x64, 0xFF, 0x74, 0xFF,
    0x74, 0xFF, 0x74, 0xFF, 0x74, 0xFF, 0x84, 0xFF,
    0x84, 0xFF, 0x84, 0xFF, 0x84, 0xFF, 0x94, 0xFF,
    0x94, 0xFF, 0x94, 0xFF, 0xA4, 0xFF, 0xA4, 0xFF,
    0xA4, 0xFF, 0xA4, 0xFF, 0xA4, 0xFF, 0xB4, 0xFF,
    0xB4, 0xFF, 0xB4, 0xFF, 0xC4, 0xFF, 0xC4, 0xFF,
    0xC4, 0xFF, 0xC4, 0xFF, 0xD4, 0xFF, 0xD4, 0xFF,
    0xD4, 0xFF, 0xD4, 0xFF, 0xE4, 0xFF, 0xE4, 0xFF,
    0xE4, 0xFF, 0xE4, 0xFF, 0xE4, 0xFF, 0xE4, 0xFF,
    0xE4, 0xFF, 0xE4, 0xFE, 0xE4, 0xFE, 0xE4, 0xFE,
    0xE4, 0xFE, 0xE4, 0xFD, 0xE4, 0xFD, 0xE4, 0xFD,
    0xE4, 0xFC, 0xE4, 0xFC, 0xE4, 0xFC, 0xE4, 0xFC,
    0xE4, 0xFB, 0xE4, 0xFB, 0xE4, 0xFB, 0xE4, 0xFB,
    0xE4, 0xFA, 0xE4, 0xFA, 0xE4, 0xFA, 0xE4, 0xFA,
    0xE4, 0xF9, 0xE4, 0xF9, 0xE4, 0xF9, 0xE4, 0xF8,
    0xE4, 0xF8, 0xE4, 0xF8, 0xE4, 0xF8, 0xE4, 0xF7,
    0xE4, 0xF7, 0xE4, 0xF7, 0xE4, 0xF7, 0xE4, 0xF6,
    0xE4, 0xF6, 0xE4, 0xF6, 0xE4, 0xF6, 0xE4, 0xF5,
    0xE4, 0xF5, 0xE4, 0xF5, 0xE4, 0xF5, 0xE4, 0xF4,
    0xE4, 0xF4, 0xE4, 0xF4, 0xE5, 0xF4, 0xE5, 0xF4,
    0xE5, 0xF4, 0xE5, 0xF4, 0xE6, 0xF4, 0xE6, 0xF4,
    0xE6, 0xF4, 0xE6, 0xF4, 0xE7, 0xF4, 0xE7, 0xF4,
    0xE7, 0xF4, 0xE8, 0xF4, 0xE8, 0xF4, 0xE8, 0xF4,
    0xE8, 0xF4, 0xE9, 0xF4, 0xE9, 0xF4, 0xE9, 0xF4,
    0xE9, 0xF4, 0xEA, 0xF4, 0xEA, 0xF4, 0xEA, 0xF4,
    0xEB, 0xF4, 0xEB, 0xF4, 0xEB, 0xF4, 0xEB, 0xF4,
    0xEC, 0xF4, 0xEC, 0xF4, 0xEC, 0xF4, 0xEC, 0xF4,
    0xED, 0xF4, 0xED, 0xF4, 0xED, 0xF4, 0xEE, 0xF4,
    0xEE, 0xF4, 0xEE, 0xF4, 0xEE, 0xF4, 0xEF, 0xF4,
    0xEF, 0xF4, 0xEF, 0xF4, 0xEF, 0xF4, 0xEF, 0xF4,
    0xEF, 0xF4, 0xEF, 0xF4, 0xDF, 0xF4, 0xDF, 0xF4,
    0xDF, 0xF4, 0xDF, 0xF4, 0xCF, 0xF4, 0xCF, 0xF4,
    0xCF, 0xF4, 0xCF, 0xF4, 0xBF, 0xF4, 0xBF, 0xF4,
    0xBF, 0xF4, 0xBF, 0xF4, 0xAF, 0xF4, 0xAF, 0xF4,
    0xAF, 0xF4, 0x9F, 0xF4, 0x9F, 0xF4, 0x9F, 0xF4,
    0x9F, 0xF4, 0x8F, 0xF4, 0x8F, 0xF4, 0x8F, 0xF4,
    0x8F, 0xF4, 0x7F, 0xF4, 0x7F, 0xF4, 0x7F, 0xF4,
    0x6F, 0xF4, 0x6F, 0xF4, 0x6F, 0xF4, 0x6F, 0xF4,
    0x5F, 0xF4, 0x5F, 0xF4, 0x5F, 0xF4, 0x5F, 0xF4,
    0x4F, 0xF4, 0x4F, 0xF4, 0x4F, 0xF4, 0x3F, 0xF4,
    0x3F, 0xF4, 0x3F, 0xF4, 0x3F, 0xF4, 0x3F, 0xF5,
    0x3F, 0xF5, 0x3F, 0xF5, 0x3F, 0xF5, 0x3F, 0xF6,
    0x3F, 0xF6, 0x3F, 0xF6, 0x3F, 0xF6, 0x3F, 0xF7,
    0x3F, 0xF7, 0x3F, 0xF7, 0x3F, 0xF7, 0x3F, 0xF8,
    0x3F, 0xF8, 0x3F, 0xF8, 0x3F, 0xF9, 0x3F, 0xF9,
    0x3F, 0xF9, 0x3F, 0xF9, 0x3F, 0xFA, 0x3F, 0xFA,
    0x3F, 0xFA, 0x3F, 0xFB, 0x3F, 0xFB, 0x3F, 0xFB,
    0x3F, 0xFB, 0x3F, 0xFC, 0x3F, 0xFC, 0x3F, 0xFC,
    0x3F, 0xFC, 0x3F, 0xFD, 0x3F, 0xFD, 0x3F, 0xFD,
    0x3F, 0xFD, 0x3F, 0xFE, 0x3F, 0xFE, 0x3F, 0xFE,
    0x3F, 0xFE, 0x3F, 0xFF, 0x3F, 0xFF, 0x3F, 0xFF,
    0x3F, 0xFF, 0x3F, 0xFF, 0x3F, 0xFF, 0x3F, 0xFF,
    0x3E, 0xFF, 0x3E, 0xFF, 0x3E, 0xFF, 0x3D, 0xFF,
    0x3D, 0xFF, 0x3D, 0xFF, 0x3D, 0xFF, 0x3C, 0xFF,
    0x3C, 0xFF, 0x3C, 0xFF, 0x3C, 0xFF, 0x3B, 0xFF,
    0x3B, 0xFF, 0x3B, 0xFF, 0x3B, 0xFF, 0x3A, 0xFF,
    0x3A, 0xFF, 0x3A, 0xFF, 0x39, 0xFF, 0x39, 0xFF,
    0x39, 0xFF, 0x39, 0xFF, 0x38, 0xFF, 0x38, 0xFF,
    0x38, 0xFF, 0x38, 0xFF, 0x37, 0xFF, 0x37, 0xFF,
    0x37, 0xFF, 0x37, 0xFF, 0x36, 0xFF, 0x36, 0xFF,
    0x36, 0xFF, 0x35, 0xFF, 0x35, 0xFF, 0x35, 0xFF,
    0x35, 0xFF, 0x34, 0xFF, 0x34, 0xFF, 0x34, 0xFF,
    0x34, 0xFF, 0x44, 0xFF, 0x44, 0xFF, 0x44, 0xFF,
    0x54, 0xFF, 0x54, 0xFF, 0x54, 0xFF, 0x54, 0xFF,
    0x64, 0xFF, 0x64, 0xFF, 0x64, 0xFF, 0x64, 0xFF,
    0x74, 0xFF, 0x74, 0xFF, 0x74, 0xFF, 0x74, 0xFF,
    0x84, 0xFF, 0x84, 0xFF, 0x84, 0xFF, 0x94, 0xFF,
    0x94, 0xFF, 0x94, 0xFF, 0x94, 0xFF, 0xA4, 0xFF,
    0xA4, 0xFF, 0xA4, 0xFF, 0xA4, 0xFF, 0xB4, 0xFF,
    0xB4, 0xFF, 0xB4, 0xFF, 0xB4, 0xFF, 0xC4, 0xFF,
    0xC4, 0xFF, 0xC4, 0xFF, 0xD4, 0xFF, 0xD4, 0xFF,
    0xD4, 0xFF, 0xD4, 0xFF, 0xE4, 0xFF, 0xE4, 0xFF,
    0xE4, 0xFF, 0xE4, 0xFF, 0xE4, 0xFF, 0xE4, 0xFF,
    0xE4, 0xFF, 0xE4, 0xFE, 0xE4, 0xFE, 0xE4, 0xFE,
    0xE4, 0xFE, 0xE4, 0xFD, 0xE4, 0xFD, 0xE4, 0xFD,
    0xE4, 0xFC, 0xE4, 0xFC, 0xE4, 0xFC, 0xE4, 0xFC,
    0xE4, 0xFB, 0xE4, 0xFB, 0xE4, 0xFB, 0xE4, 0xFB,
    0xE4, 0xFA, 0xE4, 0xFA, 0xE4, 0xFA, 0xE4, 0xFA,
    0xE4, 0xF9, 0xE4, 0xF9, 0xE4, 0xF9, 0xE4, 0xF8,
    0xE4, 0xF8, 0xE4, 0xF8, 0xE4, 0xF8, 0xE4, 0xF7,
    0xE4, 0xF7, 0xE4, 0xF7, 0xE4, 0xF6, 0xE4, 0xF6,
    0xE4, 0xF6, 0xE4, 0xF6, 0xE4, 0xF5, 0xE4, 0xF5,
    0xE4, 0xF5, 0xE4, 0xF5, 0xE4, 0xF5, 0xE4, 0xF4,
    0xE4, 0xF4, 0xE4, 0xF4, 0xE4, 0xF4, 0xE5, 0xF4,
    0xE5, 0xF4, 0xE5, 0xF4, 0xE6, 0xF4, 0xE6, 0xF4,
    0xE6, 0xF4, 0xE6, 0xF4, 0xE7, 0xF4, 0xE7, 0xF4,
    0xE7, 0xF4, 0xE7, 0xF4, 0xE8, 0xF4, 0xE8, 0xF4,
    0xE8, 0xF4, 0xE9, 0xF4, 0xE9, 0xF4, 0xE9, 0xF4,
    0xE9, 0xF4, 0xEA, 0xF4, 0xEA, 0xF4, 0xEA, 0xF4,
    0xEA, 0xF4, 0xEB, 0xF4, 0xEB, 0xF4, 0xEB, 0xF4,
    0xEC, 0xF4, 0xEC, 0xF4, 0xEC, 0xF4, 0xEC, 0xF4,
    0xED, 0xF4, 0xED, 0xF4, 0xED, 0xF4, 0xEE, 0xF4,
    0xEE, 0xF4, 0xEE, 0xF4, 0xEE, 0xF4, 0xEF, 0xF4,
    0xEF, 0xF4, 0xEF, 0xF4, 0xEF, 0xF4, 0xEF, 0xF4,
    0xEF, 0xF4, 0xEF, 0xF4, 0xDF, 0xF4, 0xDF, 0xF4,
    0xDF, 0xF4, 0xDF, 0xF4, 0xCF, 0xF4, 0xCF, 0xF4,
    0xCF, 0xF4, 0xCF, 0xF4, 0xBF, 0xF4, 0xBF, 0xF4,
    0xBF, 0xF4, 0xAF, 0xF4, 0xAF, 0xF4, 0xAF, 0xF4,
    0xAF, 0xF4, 0x9F, 0xF4, 0x9F, 0xF4, 0x9F, 0xF4,
    0x8F, 0xF4, 0x8F, 0xF4, 0x8F, 0xF4, 0x8F, 0xF4,
    0x7F, 0xF4, 0x7F, 0xF4, 0x7F, 0xF4, 0x7F, 0xF4,
    0x6F, 0xF4, 0x6F, 0xF4, 0x6F, 0xF4, 0x6F, 0xF4,
    0x5F, 0xF4, 0x5F, 0xF4, 0x5F, 0xF4, 0x4F, 0xF4,
    0x4F, 0xF4, 0x4F, 0xF4, 0x4F, 0xF4, 0x3F, 0xF4,
    0x3F, 0xF4, 0x3F, 0xF4, 0x3F, 0xF4, 0x3F, 0xF4,
    0x3F, 0xF5, 0x3F, 0xF5, 0x3F, 0xF5, 0x3F, 0xF6,
    0x3F, 0xF6, 0x3F, 0xF6, 0x3F, 0xF6, 0x3F, 0xF7,
    0x3F, 0xF7, 0x3F, 0xF7, 0x3F, 0xF7, 0x3F, 0xF8,
    0x3F, 0xF8, 0x3F, 0xF8, 0x3F, 0xF8, 0x3F, 0xF9,
    0x3F, 0xF9, 0x3F, 0xF9, 0x3F, 0xFA, 0x3F, 0xFA,
    0x3F, 0xFA, 0x3F, 0xFB, 0x3F, 0xFB, 0x3F, 0xFB,
    0x3F, 0xFB, 0x3F, 0xFC, 0x3F, 0xFC, 0x3F, 0xFC,
    0x3F, 0xFC, 0x3F, 0xFC, 0x3F, 0xFD, 0x3F, 0xFD,
    0x3F, 0xFD, 0x3F, 0xFE, 0x3F, 0xFE, 0x3F, 0xFE,
    0x3F, 0xFE, 0x3F, 0xFF, 0x3F, 0xFF, 0x3F, 0xFF,
    0x3F, 0xFF, 0x3F, 0xFF, 0x3F, 0xFF, 0x3E, 0xFF,
    0x3E, 0xFF, 0x3E, 0xFF, 0x3E, 0xFF, 0x3D, 0xFF,
    0x3D, 0xFF, 0x3D, 0xFF, 0x3D, 0xFF, 0x3C, 0xFF,
    0x3C, 0xFF, 0x3C, 0xFF, 0x3C, 0xFF, 0x3B, 0xFF,
    0x3B, 0xFF, 0x3B, 0xFF, 0x3A, 0xFF, 0x3A, 0xFF,
    0x3A, 0xFF, 0x3A, 0xFF, 0x39, 0xFF, 0x39, 0xFF,
    0x39, 0xFF, 0x39, 0xFF, 0x38, 0xFF, 0x38, 0xFF,
    0x38, 0xFF, 0x37, 0xFF, 0x37, 0xFF, 0x37, 0xFF,
    0x37, 0xFF, 0x36, 0xFF, 0x36, 0xFF, 0x36, 0xFF,
    0x36, 0xFF, 0x35, 0xFF, 0x35, 0xFF, 0x35, 0xFF,
    0x34, 0xFF, 0x34, 0xFF, 0x34, 0xFF, 0x34, 0xFF,
    0x34, 0xFF, 0x44, 0xFF, 0x44, 0xFF, 0x44, 0xFF,
    0x44, 0xFF, 0x54, 0xFF, 0x54, 0xFF, 0x54, 0xFF,
    0x54, 0xFF, 0x64, 0xFF, 0x64, 0xFF, 0x64, 0xFF,
    0x64, 0xFF, 0x74, 0xFF, 0x74, 0xFF, 0x74, 0xFF,
    0x84, 0xFF, 0x84, 0xFF, 0x84, 0xFF, 0x84, 0xFF,
    0x94, 0xFF, 0x94, 0xFF, 0x94, 0xFF, 0xA4, 0xFF,
    0xA4, 0xFF, 0xA4, 0xFF, 0xA4, 0xFF, 0xB4, 0xFF,
    0xB4, 0xFF, 0xB4, 0xFF, 0xB4, 0xFF, 0xC4, 0xFF,
    0xC4, 0xFF, 0xC4, 0xFF, 0xD4, 0xFF, 0xD4, 0xFF,
    0xD4, 0xFF, 0xD4, 0xFF, 0xE4, 0xFF, 0xE4, 0xFF,
    0xE4, 0xFF, 0xE4, 0xFF, 0xE4, 0xFF, 0xE4, 0xFF,
    0xE4, 0xFF, 0xE4, 0xFE, 0xE4, 0xFE, 0xE4, 0xFE,
    0xE4, 0xFE, 0xE4, 0xFD, 0xE4, 0xFD, 0xE4, 0xFD,
    0xE4, 0xFC, 0xE4, 0xFC, 0xE4, 0xFC, 0xE4, 0xFC,
    0xE4, 0xFB, 0xE4, 0xFB, 0xE4, 0xFB, 0xE4, 0xFB,
    0xE4, 0xFA, 0xE4, 0xFA, 0xE4, 0xFA, 0xE4, 0xFA,
    0xE4, 0xF9, 0xE4, 0xF9, 0xE4, 0xF9, 0xE4, 0xF8,
    0xE4, 0xF8, 0xE4, 0xF8, 0xE4, 0xF8, 0xE4, 0xF7,
    0xE4, 0xF7, 0xE4, 0xF7, 0xE4, 0xF6, 0xE4, 0xF6,
    0xE4, 0xF6, 0xE4, 0xF6, 0xE4, 0xF5, 0xE4, 0xF5,
    0xE4, 0xF5, 0xE4, 0xF5, 0xE4, 0xF4, 0xE4, 0xF4,
    0xE4, 0xF4, 0xE4, 0xF4, 0xE4, 0xF4, 0xE5, 0xF4,
    0xE5, 0xF4, 0xE5, 0xF4, 0xE5, 0xF4, 0xE6, 0xF4,
    0xE6, 0xF4, 0xE6, 0xF4, 0xE7, 0xF4, 0xE7, 0xF4,
    0xE7, 0xF4, 0xE7, 0xF4, 0xE8, 0xF4, 0xE8, 0xF4,
    0xE8, 0xF4, 0xE8, 0xF4, 0xE9, 0xF4, 0xE9, 0xF4,
    0xE9, 0xF4, 0xEA, 0xF4, 0xEA, 0xF4, 0xEA, 0xF4,
    0xEA, 0xF4, 0xEB, 0xF4, 0xEB, 0xF4, 0xEB, 0xF4,
    0xEC, 0xF4, 0xEC, 0xF4, 0xEC, 0xF4, 0xEC, 0xF4,
    0xED, 0xF4, 0xED, 0xF4, 0xED, 0xF4, 0xED, 0xF4,
    0xEE, 0xF4, 0xEE, 0xF4, 0xEE, 0xF4, 0xEF, 0xF4,
    0xEF, 0xF4, 0xEF, 0xF4, 0xEF, 0xF4, 0xEF, 0xF4,
    0xEF, 0xF4, 0xEF, 0xF4, 0xDF, 0xF4, 0xDF, 0xF4,
    0xDF, 0xF4, 0xDF, 0xF4, 0xCF, 0xF4, 0xCF, 0xF4,
    0xCF, 0xF4, 0xCF, 0xF4, 0xBF, 0xF4, 0xBF, 0xF4,
    0xBF, 0xF4, 0xAF, 0xF4, 0xAF, 0xF4, 0xAF, 0xF4,
    0xAF, 0xF4, 0x9F, 0xF4, 0x9F, 0xF4, 0x9F, 0xF4,
    0x8F, 0xF4, 0x8F, 0xF4, 0x8F, 0xF4, 0x8F, 0xF4,
    0x7F, 0xF4, 0x7F, 0xF4, 0x7F, 0xF4, 0x7F, 0xF4,
    0x6F, 0xF4, 0x6F, 0xF4, 0x6F, 0xF4, 0x6F, 0xF4,
    0x5F, 0xF4, 0x5F, 0xF4, 0x5F, 0xF4, 0x4F, 0xF4,
    0x4F, 0xF4, 0x4F, 0xF4, 0x4F, 0xF4, 0x3F, 0xF4,
    0x3F, 0xF4, 0x3F, 0xF4, 0x3F, 0xF4, 0x3F, 0xF4,
    0x3F, 0xF5, 0x3F, 0xF5, 0x3F, 0xF5, 0x3F, 0xF5,
    0x3F, 0xF6, 0x3F, 0xF6, 0x3F, 0xF6, 0x3F, 0xF6,
    0x3F, 0xF7, 0x3F, 0xF7, 0x3F, 0xF7, 0x3F, 0xF8,
    0x3F, 0xF8, 0x3F, 0xF8, 0x3F, 0xF8, 0x3F, 0xF9,
    0x3F, 0xF9, 0x3F, 0xF9, 0x3F, 0xF9, 0x3F, 0xFA,
    0x3F, 0xFA, 0x3F, 0xFB, 0x3F, 0xFB, 0x3F, 0xFB,
    0x3F, 0xFB, 0x3F, 0xFB, 0x3F, 0xFC, 0x3F, 0xFC,
    0x3F, 0xFC, 0x3F, 0xFC, 0x3F, 0xFD, 0x3F, 0xFD,
    0x3F, 0xFD, 0x3F, 0xFE, 0x3F, 0xFE, 0x3F, 0xFE,
    0x3F, 0xFE, 0x3F, 0xFF, 0x3F, 0xFF, 0x3F, 0xFF,
    0x3F, 0xFF, 0x3F, 0xFF, 0x3F, 0xFF, 0x3E, 0xFF,
    0x3E, 0xFF, 0x3E, 0xFF, 0x3E, 0xFF, 0x3D, 0xFF,
    0x3D, 0xFF, 0x3D, 0xFF, 0x3D, 0xFF, 0x3C, 0xFF,
    0x3C, 0xFF, 0x3C, 0xFF, 0x3C, 0xFF, 0x3B, 0xFF,
    0x3B, 0xFF, 0x3B, 0xFF, 0x3A, 0xFF, 0x3A, 0xFF,
    0x3A, 0xFF, 0x3A, 0xFF, 0x39, 0xFF, 0x39, 0xFF,
    0x39, 0xFF, 0x38, 0xFF, 0x38, 0xFF, 0x38, 0xFF,
    0x38, 0xFF, 0x37, 0xFF, 0x37, 0xFF, 0x37, 0xFF,
    0x36, 0xFF, 0x36, 0xFF, 0x36, 0xFF, 0x36, 0xFF,
    0x35, 0xFF, 0x35, 0xFF, 0x35, 0xFF, 0x35, 0xFF,
    0x34, 0xFF, 0x34, 0xFF, 0x34, 0xFF, 0x34, 0xFF,
    0x34, 0xFF, 0x44, 0xFF, 0x44, 0xFF, 0x44, 0xFF,
    0x44, 0xFF, 0x54, 0xFF, 0x54, 0xFF, 0x54, 0xFF,
    0x54, 0xFF, 0x64, 0xFF, 0x64, 0xFF, 0x64, 0xFF,
    0x64, 0xFF, 0x74, 0xFF, 0x74, 0xFF, 0x74, 0xFF,
    0x84, 0xFF, 0x84, 0xFF, 0x84, 0xFF, 0x84, 0xFF,
    0x94, 0xFF, 0x94, 0xFF, 0x94, 0xFF, 0xA4, 0xFF,
    0xA4, 0xFF, 0xA4, 0xFF, 0xA4, 0xFF, 0xB4, 0xFF,
    0xB4, 0xFF, 0xB4, 0xFF, 0xB4, 0xFF, 0xC4, 0xFF,
    0xC4, 0xFF, 0xC4, 0xFF, 0xD4, 0xFF, 0xD4, 0xFF,
    0xD4, 0xFF, 0xD4, 0xFF, 0xE4, 0xFF, 0xE4, 0xFF,
    0xE4, 0xFF, 0xE4, 0xFF, 0xE4, 0xFF, 0xE4, 0xFF,
    0xE4, 0xFF, 0xE4, 0xFE, 0xE4, 0xFE, 0xE4, 0xFE,
    0xE4, 0xFD, 0xE4, 0xFD, 0xE4, 0xFD, 0xE4, 0xFD,
    0xE4, 0xFC, 0xE4, 0xFC, 0xE4, 0xFC, 0xE4, 0xFB,
    0xE4, 0xFB, 0xE4, 0xFB, 0xE4, 0xFB, 0xE4, 0xFA,
    0xE4, 0xFA, 0xE4, 0xFA, 0xE4, 0xFA, 0xE4, 0xFA,
    0xE4, 0xF9, 0xE4, 0xF9, 0xE4, 0xF8, 0xE4, 0xF8,
    0xE4, 0xF8, 0xE4, 0xF8, 0xE4, 0xF8, 0xE4, 0xF7,
    0xE4, 0xF7, 0xE4, 0xF6, 0xE4, 0xF6, 0xE4, 0xF6,
    0xE4, 0xF6, 0xE4, 0xF6, 0xE4, 0xF5, 0xE4, 0xF5,
    0xE4, 0xF5, 0xE4, 0xF5, 0xE4, 0xF4, 0xE4, 0xF4,
    0xE4, 0xF3, 0xE4, 0xF4, 0xE4, 0xF4, 0xE5, 0xF4,
    0xE5, 0xF3, 0xE5, 0xF4, 0xE5, 0xF4, 0xE6, 0xF4,
    0xE6, 0xF4, 0xE6, 0xF4, 0xE6, 0xF4, 0xE7, 0xF4,
    0xE7, 0xF4, 0xE7, 0xF4, 0xE8, 0xF4, 0xE8, 0xF4,
    0xE8, 0xF4, 0xE8, 0xF4, 0xE9, 0xF4, 0xE9, 0xF4,
    0xE9, 0xF4, 0xEA, 0xF4, 0xEA, 0xF4, 0xEA, 0xF4,
    0xEA, 0xF4, 0xEB, 0xF4, 0xEB, 0xF4, 0xEB, 0xF4,
    0xEB, 0xF4, 0xEC, 0xF4, 0xEC, 0xF4, 0xEC, 0xF4,
    0xED, 0xF4, 0xED, 0xF4, 0xED, 0xF4, 0xED, 0xF4,
    0xEE, 0xF4, 0xEE, 0xF4, 0xEE, 0xF4, 0xEE, 0xF4,
    0xEF, 0xF4, 0xEF, 0xF4, 0xEF, 0xF4, 0xEF, 0xF4,
    0xEF, 0xF4, 0xEF, 0xF4, 0xDF, 0xF4, 0xDF, 0xF4,
    0xDF, 0xF4, 0xDF, 0xF4, 0xCF, 0xF4, 0xCF, 0xF4,
    0xCF, 0xF4, 0xBF, 0xF4, 0xBF, 0xF4, 0xBF, 0xF4,
    0xBF, 0xF4, 0xAF, 0xF4, 0xAF, 0xF4, 0xAF, 0xF4,
    0xAF, 0xF4, 0x9F, 0xF4, 0x9F, 0xF4, 0x9F, 0xF4,
    0x8F, 0xF4, 0x8F, 0xF4, 0x8F, 0xF4, 0x8F, 0xF4,
    0x7F, 0xF4, 0x7F, 0xF4, 0x7F, 0xF4, 0x6F, 0xF4,
    0x6F, 0xF4, 0x6F, 0xF4, 0x6F, 0xF4, 0x5F, 0xF4,
    0x5F, 0xF4, 0x5F, 0xF4, 0x5F, 0xF4, 0x4F, 0xF4,
    0x4F, 0xF4, 0x4F, 0xF4, 0x3F, 0xF4, 0x3F, 0xF4,
    0x3F, 0xF4, 0x3F, 0xF4, 0x3F, 0xF4, 0x3F, 0xF4,
    0x3F, 0xF4, 0x3F, 0xF5, 0x3F, 0xF5, 0x3F, 0xF5,
    0x3F, 0xF6, 0x3F, 0xF6, 0x3F, 0xF6, 0x3F, 0xF6,
    0x3F, 0xF7, 0x3F, 0xF7, 0x3F, 0xF7, 0x3F, 0xF8,
    0x3F, 0xF8, 0x3F, 0xF8, 0x3F, 0xF8, 0x3F, 0xF9,
    0x3F, 0xF9, 0x3F, 0xF9, 0x3F, 0xF9, 0x3F, 0xFA,
    0x3F, 0xFA, 0x3F, 0xFA, 0x3F, 0xFB, 0x3F, 0xFB,
    0x3F, 0xFB, 0x3F, 0xFB, 0x3F, 0xFC, 0x3F, 0xFC,
    0x3F, 0xFC, 0x3F, 0xFC, 0x3F, 0xFD, 0x3F, 0xFD,
    0x3F, 0xFD, 0x3F, 0xFE, 0x3F, 0xFE, 0x3F, 0xFE,
    0x3F, 0xFE, 0x3F, 0xFF, 0x3F, 0xFF, 0x3F, 0xFF,
    0x3F, 0xFF, 0x3F, 0xFF, 0x3F, 0xFF, 0x3E, 0xFF,
    0x3E, 0xFF, 0x3E, 0xFF, 0x3E, 0xFF, 0x3D, 0xFF,
    0x3D, 0xFF, 0x3D, 0xFF, 0x3D, 0xFF, 0x3C, 0xFF,
    0x3C, 0xFF, 0x3C, 0xFF, 0x3B, 0xFF, 0x3B, 0xFF,
    0x3B, 0xFF, 0x3B, 0xFF, 0x3A, 0xFF, 0x3A, 0xFF,
    0x3A, 0xFF, 0x39, 0xFF, 0x39, 0xFF, 0x39, 0xFF,
    0x39, 0xFF, 0x38, 0xFF, 0x38, 0xFF, 0x38, 0xFF,
    0x38, 0xFF, 0x37, 0xFF, 0x37, 0xFF, 0x37, 0xFF,
    0x36, 0xFF, 0x36, 0xFF, 0x36, 0xFF, 0x36, 0xFF,
    0x35, 0xFF, 0x35, 0xFF, 0x35, 0xFF, 0x35, 0xFF,
    0x34, 0xFF, 0x34, 0xFF, 0x34, 0xFF, 0x34, 0xFF,
    0x34, 0xFF, 0x34, 0xFF, 0x44, 0xFF, 0x44, 0xFF,
    0x44, 0xFF, 0x54, 0xFF, 0x54, 0xFF, 0x54, 0xFF,
    0x54, 0xFF, 0x64, 0xFF, 0x64, 0xFF, 0x64, 0xFF,
    0x64, 0xFF, 0x74, 0xFF, 0x74, 0xFF, 0x74, 0xFF,
    0x84, 0xFF, 0x84, 0xFF, 0x84, 0xFF, 0x84, 0xFF,
    0x94, 0xFF, 0x94, 0xFF, 0x94, 0xFF, 0x94, 0xFF,
    0xA4, 0xFF, 0xA4, 0xFF, 0xA4, 0xFF, 0xB4, 0xFF,
    0xB4, 0xFF, 0xB4, 0xFF, 0xB4, 0xFF, 0xC4, 0xFF,
    0xC4, 0xFF, 0xC4, 0xFF, 0xC4, 0xFF, 0xD4, 0xFF,
    0xD4, 0xFF, 0xD4, 0xFF, 0xE4, 0xFF, 0xE4, 0xFF,
    0xE4, 0xFF, 0xE4, 0xFF, 0xE4, 0xFF, 0xE4, 0xFF,
    0xE4, 0xFF, 0xE4, 0xFE, 0xE4, 0xFE, 0xE4, 0xFE,
    0xE4, 0xFE, 0xE4, 0xFD, 0xE4, 0xFD, 0xE4, 0xFD,
    0xE4, 0xFC, 0xE4, 0xFC, 0xE4, 0xFC, 0xE4, 0xFB,
    0xE4, 0xFB, 0xE4, 0xFB, 0xE4, 0xFB, 0xE4, 0xFA,
    0xE4, 0xFA, 0xE4, 0xFA, 0xE4, 0xFA, 0xE4, 0xF9,
    0xE4, 0xF9, 0xE4, 0xF9, 0xE4, 0xF8, 0xE4, 0xF8,
    0xE4, 0xF8, 0xE4, 0xF8, 0xE4, 0xF7, 0xE4, 0xF7,
    0xE4, 0xF7, 0xE4, 0xF6, 0xE4, 0xF6, 0xE4, 0xF6,
    0xE4, 0xF6, 0xE4, 0xF5, 0xE4, 0xF5, 0xE4, 0xF5,
    0xE4, 0xF5, 0xE4, 0xF4, 0xE4, 0xF4, 0xE4, 0xF4,
    0xE4, 0xF3, 0xE4, 0xF3, 0xE4, 0xF3, 0xE4, 0xF3,
    0xE5, 0xF3, 0xE5, 0xF3, 0xE5, 0xF3, 0xE5, 0xF4,
    0xE6, 0xF4, 0xE6, 0xF4, 0xE6, 0xF3, 0xE7, 0xF3,
    0xE7, 0xF3, 0xE7, 0xF3, 0xE7, 0xF3, 0xE8, 0xF3,
    0xE8, 0xF3, 0xE8, 0xF3, 0xE9, 0xF3, 0xE9, 0xF3,
    0xE9, 0xF4, 0xE9, 0xF4, 0xEA, 0xF3, 0xEA, 0xF3,
    0xEA, 0xF3, 0xEB, 0xF3, 0xEB, 0xF3, 0xEB, 0xF3,
    0xEB, 0xF3, 0xEC, 0xF3, 0xEC, 0xF3, 0xEC, 0xF3,
    0xED, 0xF4, 0xED, 0xF4, 0xED, 0xF4, 0xED, 0xF3,
    0xEE, 0xF3, 0xEE, 0xF3, 0xEE, 0xF3, 0xEE, 0xF4,
    0xEF, 0xF3, 0xEF, 0xF3, 0xEF, 0xF4, 0xEF, 0xF4,
    0xEF, 0xF4, 0xEF, 0xF3, 0xDF, 0xF3, 0xDF, 0xF3,
    0xDF, 0xF3, 0xDF, 0xF3, 0xCF, 0xF3, 0xCF, 0xF3,
    0xCF, 0xF3, 0xBF, 0xF3, 0xBF, 0xF3, 0xBF, 0xF3,
    0xBF, 0xF3, 0xAF, 0xF3, 0xAF, 0xF4, 0xAF, 0xF3,
    0x9F, 0xF3, 0x9F, 0xF4, 0x9F, 0xF3, 0x9F, 0xF3,
    0x8F, 0xF4, 0x8F, 0xF4, 0x8F, 0xF3, 0x8F, 0xF4,
    0x7F, 0xF3, 0x7F, 0xF3, 0x7F, 0xF3, 0x6F, 0xF3,
    0x6F, 0xF3, 0x6F, 0xF3, 0x5F, 0xF3, 0x5F, 0xF3,
    0x5F, 0xF3, 0x5F, 0xF3, 0x5F, 0xF3, 0x4F, 0xF3,
    0x4F, 0xF3, 0x3F, 0xF3, 0x3F, 0xF3, 0x3F, 0xF3,
    0x3F, 0xF3, 0x3F, 0xF3, 0x2F, 0xF4, 0x2F, 0xF4,
    0x2F, 0xF4, 0x2F, 0xF4, 0x3F, 0xF5, 0x3F, 0xF5,
    0x3F, 0xF5, 0x2F, 0xF6, 0x2F, 0xF6, 0x2F, 0xF6,
    0x2F, 0xF6, 0x2F, 0xF7, 0x2F, 0xF7, 0x2F, 0xF7,
    0x2F, 0xF8, 0x2F, 0xF8, 0x2F, 0xF8, 0x2F, 0xF8,
    0x3F, 0xF9, 0x2F, 0xF9, 0x2F, 0xF9, 0x2F, 0xFA,
    0x2F, 0xFA, 0x2F, 0xFA, 0x2F, 0xFA, 0x3F, 0xFB,
    0x2F, 0xFB, 0x2F, 0xFB, 0x2F, 0xFC, 0x2F, 0xFC,
    0x2F, 0xFC, 0x2F, 0xFC, 0x2F, 0xFD, 0x2F, 0xFD,
    0x2F, 0xFD, 0x2F, 0xFE, 0x2F, 0xFE, 0x2F, 0xFE,
    0x2F, 0xFE, 0x2F, 0xFF, 0x2F, 0xFF, 0x2F, 0xFF,
    0x2F, 0xFF, 0x2F, 0xFF, 0x2F, 0xFF, 0x2F, 0xFF,
    0x3E, 0xFF, 0x2E, 0xFF, 0x2E, 0xFF, 0x2D, 0xFF,
    0x2D, 0xFF, 0x2D, 0xFF, 0x2D, 0xFF, 0x2C, 0xFF,
    0x2C, 0xFF, 0x2C, 0xFF, 0x2B, 0xFF, 0x2B, 0xFF,
    0x2B, 0xFF, 0x3B, 0xFF, 0x2A, 0xFF, 0x2A, 0xFF,
    0x2A, 0xFF, 0x2A, 0xFF, 0x29, 0xFF, 0x29, 0xFF,
    0x29, 0xFF, 0x28, 0xFF, 0x28, 0xFF, 0x28, 0xFF,
    0x27, 0xFF, 0x27, 0xFF, 0x27, 0xFF, 0x27, 0xFF,
    0x26, 0xFF, 0x26, 0xFF, 0x26, 0xFF, 0x25, 0xFF,
    0x25, 0xFF, 0x25, 0xFF, 0x25, 0xFF, 0x24, 0xFF,
    0x24, 0xFF, 0x24, 0xFF, 0x34, 0xFF, 0x33, 0xFF,
    0x33, 0xFF, 0x33, 0xFF, 0x34, 0xFF, 0x44, 0xFF,
    0x43, 0xFF, 0x43, 0xFF, 0x53, 0xFF, 0x53, 0xFF,
    0x53, 0xFF, 0x53, 0xFF, 0x63, 0xFF, 0x63, 0xFF,
    0x63, 0xFF, 0x73, 0xFF, 0x73, 0xFF, 0x73, 0xFF,
    0x73, 0xFF, 0x83, 0xFF, 0x83, 0xFF, 0x83, 0xFF,
    0x83, 0xFF, 0x93, 0xFF, 0x93, 0xFF, 0x93, 0xFF,
    0xA3, 0xFF, 0xA3, 0xFF, 0xA3, 0xFF, 0xA3, 0xFF,
    0xB3, 0xFF, 0xB3, 0xFF, 0xB3, 0xFF, 0xC3, 0xFF,
    0xC3, 0xFF, 0xC3, 0xFF, 0xC3, 0xFF, 0xD3, 0xFF,
    0xD3, 0xFF, 0xD3, 0xFF, 0xE3, 0xFF, 0xE3, 0xFF,
    0xE3, 0xFF, 0xE3, 0xFF, 0xE3, 0xFF, 0xE3, 0xFF,
    0xE3, 0xFF, 0xE3, 0xFE, 0xE3, 0xFE, 0xE3, 0xFE,
    0xE3, 0xFD, 0xE3, 0xFD, 0xE3, 0xFD, 0xE3, 0xFD,
    0xE4, 0xFC, 0xE3, 0xFC, 0xE3, 0xFC, 0xE3, 0xFC,
    0xE3, 0xFB, 0xE3, 0xFB, 0xE3, 0xFB, 0xE3, 0xFA,
    0xE3, 0xFA, 0xE3, 0xFA, 0xE4, 0xF9, 0xE3, 0xF9,
    0xE3, 0xF9, 0xE3, 0xF9, 0xE3, 0xF9, 0xE3, 0xF8,
    0xE3, 0xF8, 0xE3, 0xF8, 0xE3, 0xF7, 0xE3, 0xF7,
    0xE3, 0xF7, 0xE3, 0xF6, 0xE3, 0xF6, 0xE3, 0xF6,
    0xE3, 0xF5, 0xE3, 0xF5, 0xE3, 0xF5, 0xE3, 0xF5,
    0xE3, 0xF4, 0xE3, 0xF4, 0xE3, 0xF4, 0xE3, 0xF4,
    0xE3, 0xF3, 0xE4, 0xF3, 0xE4, 0xF3, 0xE4, 0xF3,
    0xE5, 0xF3, 0xE5, 0xF3, 0xE5, 0xF3, 0xE5, 0xF4,
    0xE6, 0xF3, 0xE6, 0xF3, 0xE6, 0xF3, 0xE6, 0xF3,
    0xE7, 0xF3, 0xE7, 0xF3, 0xE7, 0xF3, 0xE8, 0xF3,
    0xE8, 0xF3, 0xE8, 0xF3, 0xE9, 0xF3, 0xE9, 0xF3,
    0xE9, 0xF3, 0xE9, 0xF3, 0xEA, 0xF3, 0xEA, 0xF3,
    0xEA, 0xF3, 0xEA, 0xF3, 0xEB, 0xF3, 0xEB, 0xF3,
    0xEB, 0xF3, 0xEC, 0xF3, 0xEC, 0xF3, 0xEC, 0xF3,
    0xED, 0xF3, 0xED, 0xF3, 0xED, 0xF3, 0xED, 0xF3,
    0xEE, 0xF3, 0xEE, 0xF3, 0xEE, 0xF3, 0xEE, 0xF3,
    0xEF, 0xF3, 0xEF, 0xF3, 0xEF, 0xF3, 0xEF, 0xF3,
    0xEF, 0xF3, 0xEF, 0xF3, 0xEF, 0xF3, 0xDF, 0xF3,
    0xDF, 0xF3, 0xDF, 0xF3, 0xCF, 0xF3, 0xCF, 0xF3,
    0xCF, 0xF3, 0xBF, 0xF3, 0xBF, 0xF3, 0xBF, 0xF3,
    0xAF, 0xF3, 0xAF, 0xF3, 0xAF, 0xF3, 0xAF, 0xF3,
    0x9F, 0xF3, 0x9F, 0xF3, 0x9F, 0xF3, 0x9F, 0xF3,
    0x8F, 0xF3, 0x8F, 0xF3, 0x8F, 0xF3, 0x7F, 0xF3,
    0x7F, 0xF3, 0x7F, 0xF3, 0x7F, 0xF3, 0x6F, 0xF3,
    0x6F, 0xF3, 0x6F, 0xF3, 0x5F, 0xF3, 0x5F, 0xF3,
    0x5F, 0xF3, 0x5F, 0xF3, 0x4F, 0xF3, 0x4F, 0xF3,
    0x4F, 0xF3, 0x3F, 0xF3, 0x3F, 0xF3, 0x3F, 0xF3,
    0x3F, 0xF3, 0x2F, 0xF3, 0x2F, 0xF4, 0x2F, 0xF4,
    0x2F, 0xF4, 0x2F, 0xF4, 0x2F, 0xF5, 0x2F, 0xF5,
    0x2F, 0xF5, 0x2F, 0xF6, 0x2F, 0xF6, 0x2F, 0xF6,
    0x2F, 0xF6, 0x2F, 0xF6, 0x2F, 0xF7, 0x2F, 0xF7,
    0x2F, 0xF8, 0x2F, 0xF8, 0x2F, 0xF8, 0x2F, 0xF8,
    0x2F, 0xF9, 0x2F, 0xF9, 0x2F, 0xF9, 0x2F, 0xFA,
    0x2F, 0xFA, 0x2F, 0xFA, 0x2F, 0xFA, 0x2F, 0xFB,
    0x2F, 0xFB, 0x2F, 0xFB, 0x2F, 0xFC, 0x2F, 0xFC,
    0x2F, 0xFC, 0x2F, 0xFC, 0x2F, 0xFD, 0x2F, 0xFD,
    0x2F, 0xFD, 0x2F, 0xFE, 0x2F, 0xFE, 0x2F, 0xFE,
    0x2F, 0xFF, 0x2F, 0xFF, 0x2F, 0xFF, 0x2F, 0xFF,
    0x2F, 0xFF, 0x2F, 0xFF, 0x2F, 0xFF, 0x2F, 0xFF,
    0x2E, 0xFF, 0x2E, 0xFF, 0x2E, 0xFF, 0x2D, 0xFF,
    0x2D, 0xFF, 0x2D, 0xFF, 0x2D, 0xFF, 0x2C, 0xFF,
    0x2C, 0xFF, 0x2C, 0xFF, 0x2B, 0xFF, 0x2B, 0xFF,
    0x2B, 0xFF, 0x2A, 0xFF, 0x2A, 0xFF, 0x2A, 0xFF,
    0x2A, 0xFF, 0x29, 0xFF, 0x29, 0xFF, 0x29, 0xFF,
    0x29, 0xFF, 0x28, 0xFF, 0x28, 0xFF, 0x28, 0xFF,
    0x27, 0xFF, 0x27, 0xFF, 0x27, 0xFF, 0x27, 0xFF,
    0x26, 0xFF, 0x26, 0xFF, 0x26, 0xFF, 0x25, 0xFF,
    0x25, 0xFF, 0x25, 0xFF, 0x25, 0xFF, 0x24, 0xFF,
    0x24, 0xFF, 0x24, 0xFF, 0x23, 0xFF, 0x33, 0xFF,
    0x33, 0xFF, 0x33, 0xFF, 0x33, 0xFF, 0x43, 0xFF,
    0x43, 0xFF, 0x43, 0xFF, 0x53, 0xFF, 0x53, 0xFF,
    0x53, 0xFF, 0x53, 0xFF, 0x63, 0xFF, 0x63, 0xFF,
    0x63, 0xFF, 0x73, 0xFF, 0x73, 0xFF, 0x73, 0xFF,
    0x73, 0xFF, 0x83, 0xFF, 0x83, 0xFF, 0x83, 0xFF,
    0x83, 0xFF, 0x93, 0xFF, 0x93, 0xFF, 0x93, 0xFF,
    0xA3, 0xFF, 0xA3, 0xFF, 0xA3, 0xFF, 0xA3, 0xFF,
    0xB3, 0xFF, 0xB3, 0xFF, 0xB3, 0xFF, 0xC3, 0xFF,
    0xC3, 0xFF, 0xC3, 0xFF, 0xC3, 0xFF, 0xD3, 0xFF,
    0xD3, 0xFF, 0xD3, 0xFF, 0xE3, 0xFF, 0xE3, 0xFF,
    0xE3, 0xFF, 0xE3, 0xFF, 0xE3, 0xFF, 0xE3, 0xFF,
    0xE3, 0xFF, 0xE3, 0xFE, 0xE3, 0xFE, 0xE3, 0xFE,
    0xE3, 0xFE, 0xE3, 0xFD, 0xE3, 0xFD, 0xE3, 0xFD,
    0xE3, 0xFC, 0xE3, 0xFC, 0xE3, 0xFC, 0xE3, 0xFB,
    0xE3, 0xFB, 0xE3, 0xFB, 0xE3, 0xFB, 0xE3, 0xFA,
    0xE3, 0xFA, 0xE3, 0xFA, 0xE3, 0xF9, 0xE3, 0xF9,
    0xE3, 0xF9, 0xE3, 0xF9, 0xE3, 0xF8, 0xE3, 0xF8,
    0xE3, 0xF8, 0xE3, 0xF7, 0xE3, 0xF7, 0xE3, 0xF7,
    0xE3, 0xF7, 0xE3, 0xF6, 0xE3, 0xF6, 0xE3, 0xF6,
    0xE3, 0xF5, 0xE3, 0xF5, 0xE3, 0xF5, 0xE3, 0xF5,
    0xE3, 0xF4, 0xE3, 0xF4, 0xE3, 0xF4, 0xE3, 0xF3,
    0xE3, 0xF3, 0xE4, 0xF3, 0xE4, 0xF3, 0xE4, 0xF3,
    0xE4, 0xF3, 0xE5, 0xF3, 0xE5, 0xF3, 0xE5, 0xF3,
    0xE6, 0xF3, 0xE6, 0xF3, 0xE6, 0xF3, 0xE6, 0xF3,
    0xE7, 0xF3, 0xE7, 0xF3, 0xE7, 0xF3, 0xE8, 0xF3,
    0xE8, 0xF3, 0xE8, 0xF3, 0xE8, 0xF3, 0xE9, 0xF3,
    0xE9, 0xF3, 0xE9, 0xF3, 0xEA, 0xF3, 0xEA, 0xF3,
    0xEA, 0xF3, 0xEA, 0xF3, 0xEB, 0xF3, 0xEB, 0xF3,
    0xEB, 0xF3, 0xEC, 0xF3, 0xEC, 0xF3, 0xEC, 0xF3,
    0xED, 0xF3, 0xED, 0xF3, 0xED, 0xF3, 0xED, 0xF3,
    0xEE, 0xF3, 0xEE, 0xF3, 0xEE, 0xF3, 0xEE, 0xF3,
    0xEF, 0xF3, 0xEF, 0xF3, 0xEF, 0xF3, 0xEF, 0xF3,
    0xEF, 0xF3, 0xEF, 0xF3, 0xEF, 0xF3, 0xDF, 0xF3,
    0xDF, 0xF3, 0xDF, 0xF3, 0xCF, 0xF3, 0xCF, 0xF3,
    0xCF, 0xF3, 0xBF, 0xF3, 0xBF, 0xF3, 0xBF, 0xF3,
    0xAF, 0xF3, 0xAF, 0xF3, 0xAF, 0xF3, 0xAF, 0xF3,
    0x9F, 0xF3, 0x9F, 0xF3, 0x9F, 0xF3, 0x8F, 0xF3,
    0x8F, 0xF3, 0x8F, 0xF3, 0x8F, 0xF3, 0x7F, 0xF3,
    0x7F, 0xF3, 0x7F, 0xF3, 0x6F, 0xF3, 0x6F, 0xF3,
    0x6F, 0xF3, 0x6F, 0xF3, 0x5F, 0xF3, 0x5F, 0xF3,
    0x5F, 0xF3, 0x5F, 0xF3, 0x4F, 0xF3, 0x4F, 0xF3,
    0x4F, 0xF3, 0x3F, 0xF3, 0x3F, 0xF3, 0x3F, 0xF3,
    0x2F, 0xF3, 0x2F, 0xF3, 0x2F, 0xF4, 0x2F, 0xF4,
    0x2F, 0xF4, 0x2F, 0xF4, 0x2F, 0xF5, 0x2F, 0xF5,
    0x2F, 0xF5, 0x2F, 0xF6, 0x2F, 0xF6, 0x2F, 0xF6,
    0x2F, 0xF6, 0x2F, 0xF6, 0x2F, 0xF7, 0x2F, 0xF7,
    0x2F, 0xF7, 0x2F, 0xF8, 0x2F, 0xF8, 0x2F, 0xF8,
    0x2F, 0xF9, 0x2F, 0xF9, 0x2F, 0xF9, 0x2F, 0xFA,
    0x2F, 0xFA, 0x2F, 0xFA, 0x2F, 0xFA, 0x2F, 0xFB,
    0x2F, 0xFB, 0x2F, 0xFB, 0x2F, 0xFC, 0x2F, 0xFC,
    0x2F, 0xFC, 0x2F, 0xFC, 0x2F, 0xFD, 0x2F, 0xFD,
    0x2F, 0xFD, 0x2F, 0xFE, 0x2F, 0xFE, 0x2F, 0xFE,
    0x2F, 0xFE, 0x2F, 0xFF, 0x2F, 0xFF, 0x2F, 0xFF,
    0x2F, 0xFF, 0x2F, 0xFF, 0x2F, 0xFF, 0x2E, 0xFF,
    0x2E, 0xFF, 0x2E, 0xFF, 0x2E, 0xFF, 0x2D, 0xFF,
    0x2D, 0xFF, 0x2D, 0xFF, 0x2C, 0xFF, 0x2C, 0xFF,
    0x2C, 0xFF, 0x2C, 0xFF, 0x2B, 0xFF, 0x2B, 0xFF,
    0x2B, 0xFF, 0x2A, 0xFF, 0x2A, 0xFF, 0x2A, 0xFF,
    0x2A, 0xFF, 0x29, 0xFF, 0x29, 0xFF, 0x29, 0xFF,
    0x28, 0xFF, 0x28, 0xFF, 0x28, 0xFF, 0x28, 0xFF,
    0x27, 0xFF, 0x27, 0xFF, 0x27, 0xFF, 0x26, 0xFF,
    0x26, 0xFF, 0x26, 0xFF, 0x26, 0xFF, 0x25, 0xFF,
    0x25, 0xFF, 0x25, 0xFF, 0x24, 0xFF, 0x24, 0xFF,
    0x24, 0xFF, 0x24, 0xFF, 0x23, 0xFF, 0x23, 0xFF,
    0x33, 0xFF, 0x33, 0xFF, 0x33, 0xFF, 0x33, 0xFF,
    0x43, 0xFF, 0x43, 0xFF, 0x43, 0xFF, 0x53, 0xFF,
    0x53, 0xFF, 0x53, 0xFF, 0x63, 0xFF, 0x63, 0xFF,
    0x63, 0xFF, 0x63, 0xFF, 0x73, 0xFF, 0x73, 0xFF,
    0x73, 0xFF, 0x83, 0xFF, 0x83, 0xFF, 0x83, 0xFF,
    0x83, 0xFF, 0x93, 0xFF, 0x93, 0xFF, 0x93, 0xFF,
    0xA3, 0xFF, 0xA3, 0xFF, 0xA3, 0xFF, 0xA3, 0xFF,
    0xB3, 0xFF, 0xB3, 0xFF, 0xB3, 0xFF, 0xC3, 0xFF,
    0xC3, 0xFF, 0xC3, 0xFF, 0xC3, 0xFF, 0xD3, 0xFF,
    0xD3, 0xFF, 0xD3, 0xFF, 0xE3, 0xFF, 0xE3, 0xFF,
    0xE3, 0xFF, 0xE3, 0xFF, 0xE3, 0xFF, 0xE3, 0xFF,
    0xE3, 0xFF, 0xE3, 0xFE, 0xE3, 0xFE, 0xE3, 0xFE,
    0xE3, 0xFD, 0xE3, 0xFD, 0xE3, 0xFD, 0xE3, 0xFD,
    0xE3, 0xFC, 0xE3, 0xFC, 0xE3, 0xFC, 0xE3, 0xFB,
    0xE3, 0xFB, 0xE3, 0xFB, 0xE3, 0xFA, 0xE3, 0xFA,
    0xE3, 0xFA, 0xE3, 0xFA, 0xE3, 0xF9, 0xE3, 0xF9,
    0xE3, 0xF9, 0xE3, 0xF9, 0xE3, 0xF8, 0xE3, 0xF8,
    0xE3, 0xF8, 0xE3, 0xF7, 0xE3, 0xF7, 0xE3, 0xF7,
    0xE3, 0xF7, 0xE3, 0xF6, 0xE3, 0xF6, 0xE3, 0xF6,
    0xE3, 0xF5, 0xE3, 0xF5, 0xE3, 0xF5, 0xE3, 0xF5,
    0xE3, 0xF4, 0xE3, 0xF4, 0xE3, 0xF4, 0xE3, 0xF3,
    0xE3, 0xF3, 0xE3, 0xF3, 0xE4, 0xF3, 0xE4, 0xF3,
    0xE4, 0xF3, 0xE5, 0xF3, 0xE5, 0xF3, 0xE5, 0xF3,
    0xE5, 0xF3, 0xE6, 0xF3, 0xE6, 0xF3, 0xE6, 0xF3,
    0xE7, 0xF3, 0xE7, 0xF3, 0xE7, 0xF3, 0xE7, 0xF3,
    0xE8, 0xF3, 0xE8, 0xF3, 0xE8, 0xF3, 0xE9, 0xF3,
    0xE9, 0xF3, 0xE9, 0xF3, 0xE9, 0xF3, 0xEA, 0xF3,
    0xEA, 0xF3, 0xEA, 0xF3, 0xEB, 0xF3, 0xEB, 0xF3,
    0xEB, 0xF3, 0xEC, 0xF3, 0xEC, 0xF3, 0xEC, 0xF3,
    0xEC, 0xF3, 0xED, 0xF3, 0xED, 0xF3, 0xED, 0xF3,
    0xEE, 0xF3, 0xEE, 0xF3, 0xEE, 0xF3, 0xEE, 0xF3,
    0xEF, 0xF3, 0xEF, 0xF3, 0xEF, 0xF3, 0xEF, 0xF3,
    0xEF, 0xF3, 0xEF, 0xF3, 0xDF, 0xF3, 0xDF, 0xF3,
    0xDF, 0xF3, 0xDF, 0xF3, 0xCF, 0xF3, 0xCF, 0xF3,
    0xCF, 0xF3, 0xBF, 0xF3, 0xBF, 0xF3, 0xBF, 0xF3,
    0xAF, 0xF3, 0xAF, 0xF3, 0xAF, 0xF3, 0xAF, 0xF3,
    0x9F, 0xF3, 0x9F, 0xF3, 0x9F, 0xF3, 0x8F, 0xF3,
    0x8F, 0xF3, 0x8F, 0xF3, 0x8F, 0xF3, 0x7F, 0xF3,
    0x7F, 0xF3, 0x7F, 0xF3, 0x6F, 0xF3, 0x6F, 0xF3,
    0x6F, 0xF3, 0x5F, 0xF3, 0x5F, 0xF3, 0x5F, 0xF3,
    0x5F, 0xF3, 0x4F, 0xF3, 0x4F, 0xF3, 0x4F, 0xF3,
    0x4F, 0xF3, 0x3F, 0xF3, 0x3F, 0xF3, 0x2F, 0xF3,
    0x2F, 0xF3, 0x2F, 0xF3, 0x2F, 0xF3, 0x2F, 0xF4,
    0x2F, 0xF4, 0x2F, 0xF4, 0x2F, 0xF5, 0x2F, 0xF5,
    0x2F, 0xF5, 0x2F, 0xF5, 0x2F, 0xF6, 0x2F, 0xF6,
    0x2F, 0xF6, 0x2F, 0xF6, 0x2F, 0xF7, 0x2F, 0xF7,
    0x2F, 0xF7, 0x2F, 0xF8, 0x2F, 0xF8, 0x2F, 0xF8,
    0x2F, 0xF9, 0x2F, 0xF9, 0x2F, 0xF9, 0x2F, 0xF9,
    0x2F, 0xFA, 0x2F, 0xFA, 0x2F, 0xFA, 0x2F, 0xFB,
    0x2F, 0xFB, 0x2F, 0xFB, 0x2F, 0xFC, 0x2F, 0xFC,
    0x2F, 0xFC, 0x2F, 0xFC, 0x2F, 0xFD, 0x2F, 0xFD,
    0x2F, 0xFD, 0x2F, 0xFE, 0x2F, 0xFE, 0x2F, 0xFE,
    0x2F, 0xFE, 0x2F, 0xFF, 0x2F, 0xFF, 0x2F, 0xFF,
    0x2F, 0xFF, 0x2F, 0xFF, 0x2F, 0xFF, 0x2E, 0xFF,
    0x2E, 0xFF, 0x2E, 0xFF, 0x2E, 0xFF, 0x2D, 0xFF,
    0x2D, 0xFF, 0x2D, 0xFF, 0x2C, 0xFF, 0x2C, 0xFF,
    0x2C, 0xFF, 0x2B, 0xFF, 0x2B, 0xFF, 0x2B, 0xFF,
    0x2B, 0xFF, 0x2A, 0xFF, 0x2A, 0xFF, 0x2A, 0xFF,
    0x2A, 0xFF, 0x29, 0xFF, 0x29, 0xFF, 0x29, 0xFF,
    0x28, 0xFF, 0x28, 0xFF, 0x28, 0xFF, 0x27, 0xFF,
    0x27, 0xFF, 0x27, 0xFF, 0x27, 0xFF, 0x26, 0xFF,
    0x26, 0xFF, 0x26, 0xFF, 0x26, 0xFF, 0x25, 0xFF,
    0x25, 0xFF, 0x25, 0xFF, 0x24, 0xFF, 0x24, 0xFF,
    0x24, 0xFF, 0x23, 0xFF, 0x23, 0xFF, 0x23, 0xFF,
    0x23, 0xFF, 0x33, 0xFF, 0x33, 0xFF, 0x33, 0xFF,
    0x43, 0xFF, 0x43, 0xFF, 0x43, 0xFF, 0x53, 0xFF,
    0x53, 0xFF, 0x53, 0xFF, 0x53, 0xFF, 0x63, 0xFF,
    0x63, 0xFF, 0x63, 0xFF, 0x73, 0xFF, 0x73, 0xFF,
    0x73, 0xFF, 0x83, 0xFF, 0x83, 0xFF, 0x83, 0xFF,
    0x83, 0xFF, 0x83, 0xFF, 0x93, 0xFF, 0x93, 0xFF,
    0x93, 0xFF, 0xA3, 0xFF, 0xA3, 0xFF, 0xA3, 0xFF,
    0xB3, 0xFF, 0xB3, 0xFF, 0xB3, 0xFF, 0xC3, 0xFF,
    0xC3, 0xFF, 0xC3, 0xFF, 0xC3, 0xFF, 0xD3, 0xFF,
    0xD3, 0xFF, 0xD3, 0xFF, 0xE3, 0xFF, 0xE3, 0xFF,
    0xE3, 0xFF, 0xE3, 0xFF, 0xE3, 0xFF, 0xE3, 0xFF,
    0xE3, 0xFE, 0xE3, 0xFE, 0xE3, 0xFE, 0xE3, 0xFE,
    0xE3, 0xFD, 0xE3, 0xFD, 0xE3, 0xFD, 0xE3, 0xFC,
    0xE3, 0xFC, 0xE3, 0xFC, 0xE3, 0xFC, 0xE3, 0xFB,
    0xE3, 0xFB, 0xE3, 0xFB, 0xE3, 0xFA, 0xE3, 0xFA,
    0xE3, 0xFA, 0xE3, 0xFA, 0xE3, 0xF9, 0xE3, 0xF9,
    0xE3, 0xF9, 0xE3, 0xF9, 0xE3, 0xF8, 0xE3, 0xF8,
    0xE3, 0xF8, 0xE3, 0xF7, 0xE3, 0xF7, 0xE3, 0xF7,
    0xE3, 0xF6, 0xE3, 0xF6, 0xE3, 0xF6, 0xE3, 0xF5,
    0xE3, 0xF5, 0xE3, 0xF5, 0xE3, 0xF5, 0xE3, 0xF4,
    0xE3, 0xF4, 0xE3, 0xF4, 0xE3, 0xF3, 0xE3, 0xF3,
    0xE3, 0xF3, 0xE3, 0xF3, 0xE4, 0xF3, 0xE4, 0xF3,
    0xE4, 0xF3, 0xE4, 0xF3, 0xE5, 0xF3, 0xE5, 0xF3,
    0xE5, 0xF3, 0xE6, 0xF3, 0xE6, 0xF3, 0xE6, 0xF3,
    0xE6, 0xF3, 0xE7, 0xF3, 0xE7, 0xF3, 0xE7, 0xF3,
    0xE8, 0xF3, 0xE8, 0xF3, 0xE8, 0xF3, 0xE9, 0xF3,
    0xE9, 0xF3, 0xE9, 0xF3, 0xE9, 0xF3, 0xEA, 0xF3,
    0xEA, 0xF3, 0xEA, 0xF3, 0xEB, 0xF3, 0xEB, 0xF3,
    0xEB, 0xF3, 0xEC, 0xF3, 0xEC, 0xF3, 0xEC, 0xF3,
    0xEC, 0xF3, 0xED, 0xF3, 0xED, 0xF3, 0xED, 0xF3,
    0xEE, 0xF3, 0xEE, 0xF3, 0xEE, 0xF3, 0xEE, 0xF3,
    0xEF, 0xF3, 0xEF, 0xF3, 0xEF, 0xF3, 0xEF, 0xF3,
    0xEF, 0xF3, 0xEF, 0xF3, 0xDF, 0xF3, 0xDF, 0xF3,
    0xDF, 0xF3, 0xCF, 0xF3, 0xCF, 0xF3, 0xCF, 0xF3,
    0xCF, 0xF3, 0xBF, 0xF3, 0xBF, 0xF3, 0xBF, 0xF3,
    0xAF, 0xF3, 0xAF, 0xF3, 0xAF, 0xF3, 0xAF, 0xF3,
    0x9F, 0xF3, 0x9F, 0xF3, 0x9F, 0xF3, 0x8F, 0xF3,
    0x8F, 0xF3, 0x8F, 0xF3, 0x8F, 0xF3, 0x7F, 0xF3,
    0x7F, 0xF3, 0x7F, 0xF3, 0x6F, 0xF3, 0x6F, 0xF3,
    0x6F, 0xF3, 0x5F, 0xF3, 0x5F, 0xF3, 0x5F, 0xF3,
    0x5F, 0xF3, 0x4F, 0xF3, 0x4F, 0xF3, 0x4F, 0xF3,
    0x3F, 0xF3, 0x3F, 0xF3, 0x3F, 0xF3, 0x2F, 0xF3,
    0x2F, 0xF3, 0x2F, 0xF3, 0x2F, 0xF3, 0x2F, 0xF4,
    0x2F, 0xF4, 0x2F, 0xF4, 0x2F, 0xF4, 0x2F, 0xF5,
    0x2F, 0xF5, 0x2F, 0xF5, 0x2F, 0xF6, 0x2F, 0xF6,
    0x2F, 0xF6, 0x2F, 0xF6, 0x2F, 0xF7, 0x2F, 0xF7,
    0x2F, 0xF7, 0x2F, 0xF8, 0x2F, 0xF8, 0x2F, 0xF8,
    0x2F, 0xF8, 0x2F, 0xF9, 0x2F, 0xF9, 0x2F, 0xF9,
    0x2F, 0xFA, 0x2F, 0xFA, 0x2F, 0xFA, 0x2F, 0xFA,
    0x2F, 0xFB, 0x2F, 0xFB, 0x2F, 0xFB, 0x2F, 0xFC,
    0x2F, 0xFC, 0x2F, 0xFC, 0x2F, 0xFD, 0x2F, 0xFD,
    0x2F, 0xFD, 0x2F, 0xFE, 0x2F, 0xFE, 0x2F, 0xFE,
    0x2F, 0xFE, 0x2F, 0xFF, 0x2F, 0xFF, 0x2F, 0xFF,
    0x2F, 0xFF, 0x2F, 0xFF, 0x2F, 0xFF, 0x2E, 0xFF,
    0x2E, 0xFF, 0x2E, 0xFF, 0x2E, 0xFF, 0x2D, 0xFF,
    0x2D, 0xFF, 0x2D, 0xFF, 0x2C, 0xFF, 0x2C, 0xFF,
    0x2C, 0xFF, 0x2B, 0xFF, 0x2B, 0xFF, 0x2B, 0xFF,
    0x2B, 0xFF, 0x2A, 0xFF, 0x2A, 0xFF, 0x2A, 0xFF,
    0x29, 0xFF, 0x29, 0xFF, 0x29, 0xFF, 0x29, 0xFF,
    0x28, 0xFF, 0x28, 0xFF, 0x28, 0xFF, 0x27, 0xFF,
    0x27, 0xFF, 0x27, 0xFF, 0x26, 0xFF, 0x26, 0xFF,
    0x26, 0xFF, 0x26, 0xFF, 0x25, 0xFF, 0x25, 0xFF,
    0x25, 0xFF, 0x24, 0xFF, 0x24, 0xFF, 0x24, 0xFF,
    0x24, 0xFF, 0x23, 0xFF, 0x23, 0xFF, 0x23, 0xFF,
    0x23, 0xFF, 0x33, 0xFF, 0x33, 0xFF, 0x33, 0xFF,
    0x43, 0xFF, 0x43, 0xFF, 0x43, 0xFF, 0x43, 0xFF,
    0x53, 0xFF, 0x53, 0xFF, 0x53, 0xFF, 0x63, 0xFF,
    0x63, 0xFF, 0x63, 0xFF, 0x63, 0xFF, 0x73, 0xFF,
    0x73, 0xFF, 0x73, 0xFF, 0x83, 0xFF, 0x83, 0xFF,
    0x83, 0xFF, 0x83, 0xFF, 0x93, 0xFF, 0x93, 0xFF,
    0x93, 0xFF, 0xA3, 0xFF, 0xA3, 0xFF, 0xA3, 0xFF,
    0xB3, 0xFF, 0xB3, 0xFF, 0xB3, 0xFF, 0xC3, 0xFF,
    0xC3, 0xFF, 0xC3, 0xFF, 0xC3, 0xFF, 0xD3, 0xFF,
    0xD3, 0xFF, 0xD3, 0xFF, 0xE3, 0xFF, 0xE3, 0xFF,
    0xE3, 0xFF, 0xE3, 0xFF, 0xE3, 0xFF, 0xE3, 0xFF,
    0xE3, 0xFF, 0xE3, 0xFE, 0xE3, 0xFE, 0xE3, 0xFE,
    0xE3, 0xFD, 0xE3, 0xFD, 0xE3, 0xFD, 0xE3, 0xFC,
    0xE3, 0xFC, 0xE3, 0xFC, 0xE3, 0xFC, 0xE3, 0xFB,
    0xE3, 0xFB, 0xE3, 0xFB, 0xE3, 0xFA, 0xE3, 0xFA,
    0xE3, 0xFA, 0xE3, 0xF9, 0xE3, 0xF9, 0xE3, 0xF9,
    0xE3, 0xF9, 0xE3, 0xF8, 0xE3, 0xF8, 0xE3, 0xF8,
    0xE3, 0xF8, 0xE3, 0xF7, 0xE3, 0xF7, 0xE3, 0xF7,
    0xE3, 0xF6, 0xE3, 0xF6, 0xE3, 0xF6, 0xE3, 0xF5,
    0xE3, 0xF5, 0xE3, 0xF5, 0xE3, 0xF5, 0xE3, 0xF4,
    0xE3, 0xF4, 0xE3, 0xF4, 0xE3, 0xF3, 0xE3, 0xF3,
    0xE3, 0xF3, 0xE3, 0xF3, 0xE3, 0xF3, 0xE4, 0xF3,
    0xE4, 0xF3, 0xE4, 0xF3, 0xE5, 0xF3, 0xE5, 0xF3,
    0xE5, 0xF3, 0xE5, 0xF3, 0xE6, 0xF3, 0xE6, 0xF3,
    0xE6, 0xF3, 0xE7, 0xF3, 0xE7, 0xF3, 0xE7, 0xF3,
    0xE8, 0xF3, 0xE8, 0xF3, 0xE8, 0xF3, 0xE8, 0xF3,
    0xE9, 0xF3, 0xE9, 0xF3, 0xE9, 0xF3, 0xEA, 0xF3,
    0xEA, 0xF3, 0xEA, 0xF3, 0xEB, 0xF3, 0xEB, 0xF3,
    0xEB, 0xF3, 0xEC, 0xF3, 0xEC, 0xF3, 0xEC, 0xF3,
    0xEC, 0xF3, 0xED, 0xF3, 0xED, 0xF3, 0xED, 0xF3,
    0xEE, 0xF3, 0xEE, 0xF3, 0xEE, 0xF3, 0xEE, 0xF3,
    0xEF, 0xF3, 0xEF, 0xF3, 0xEF, 0xF3, 0xEF, 0xF3,
    0xEF, 0xF3, 0xEF, 0xF3, 0xDF, 0xF3, 0xDF, 0xF3,
    0xDF, 0xF3, 0xCF, 0xF3, 0xCF, 0xF3, 0xCF, 0xF3,
    0xCF, 0xF3, 0xBF, 0xF3, 0xBF, 0xF3, 0xBF, 0xF3,
    0xAF, 0xF3, 0xAF, 0xF3, 0xAF, 0xF3, 0xAF, 0xF3,
    0x9F, 0xF3, 0x9F, 0xF3, 0x9F, 0xF3, 0x8F, 0xF3,
    0x8F, 0xF3, 0x8F, 0xF3, 0x7F, 0xF3, 0x7F, 0xF3,
    0x7F, 0xF3, 0x6F, 0xF3, 0x6F, 0xF3, 0x6F, 0xF3,
    0x6F, 0xF3, 0x5F, 0xF3, 0x5F, 0xF3, 0x5F, 0xF3,
    0x4F, 0xF3, 0x4F, 0xF3, 0x4F, 0xF3, 0x4F, 0xF3,
    0x3F, 0xF3, 0x3F, 0xF3, 0x3F, 0xF3, 0x2F, 0xF3,
    0x2F, 0xF3, 0x2F, 0xF3, 0x2F, 0xF3, 0x2F, 0xF3,
    0x2F, 0xF4, 0x2F, 0xF4, 0x2F, 0xF4, 0x2F, 0xF5,
    0x2F, 0xF5, 0x2F, 0xF5, 0x2F, 0xF6, 0x2F, 0xF6,
    0x2F, 0xF6, 0x2F, 0xF6, 0x2F, 0xF7, 0x2F, 0xF7,
    0x2F, 0xF7, 0x2F, 0xF8, 0x2F, 0xF8, 0x2F, 0xF8,
    0x2F, 0xF8, 0x2F, 0xF9, 0x2F, 0xF9, 0x2F, 0xF9,
    0x2F, 0xFA, 0x2F, 0xFA, 0x2F, 0xFA, 0x2F, 0xFA,
    0x2F, 0xFB, 0x2F, 0xFB, 0x2F, 0xFB, 0x2F, 0xFC,
    0x2F, 0xFC, 0x2F, 0xFC, 0x2F, 0xFD, 0x2F, 0xFD,
    0x2F, 0xFD, 0x2F, 0xFD, 0x2F, 0xFE, 0x2F, 0xFE,
    0x2F, 0xFE, 0x2F, 0xFF, 0x2F, 0xFF, 0x2F, 0xFF,
    0x2F, 0xFF, 0x2F, 0xFF, 0x2F, 0xFF, 0x2E, 0xFF,
    0x2E, 0xFF, 0x2E, 0xFF, 0x2E, 0xFF, 0x2D, 0xFF,
    0x2D, 0xFF, 0x2D, 0xFF, 0x2C, 0xFF, 0x2C, 0xFF,
    0x2C, 0xFF, 0x2B, 0xFF, 0x2B, 0xFF, 0x2B, 0xFF,
    0x2B, 0xFF, 0x2A, 0xFF, 0x2A, 0xFF, 0x2A, 0xFF,
    0x29, 0xFF, 0x29, 0xFF, 0x29, 0xFF, 0x28, 0xFF,
    0x28, 0xFF, 0x28, 0xFF, 0x28, 0xFF, 0x27, 0xFF,
    0x27, 0xFF, 0x27, 0xFF, 0x26, 0xFF, 0x26, 0xFF,
    0x26, 0xFF, 0x26, 0xFF, 0x25, 0xFF, 0x25, 0xFF,
    0x25, 0xFF, 0x24, 0xFF, 0x24, 0xFF, 0x24, 0xFF,
    0x23, 0xFF, 0x23, 0xFF, 0x23, 0xFF, 0x23, 0xFF,
    0x23, 0xFF, 0x33, 0xFF, 0x33, 0xFF, 0x33, 0xFF,
    0x33, 0xFF, 0x43, 0xFF, 0x43, 0xFF, 0x43, 0xFF,
    0x53, 0xFF, 0x53, 0xFF, 0x53, 0xFF, 0x63, 0xFF,
    0x63, 0xFF, 0x63, 0xFF, 0x63, 0xFF, 0x73, 0xFF,
    0x73, 0xFF, 0x73, 0xFF, 0x83, 0xFF, 0x83, 0xFF,
    0x83, 0xFF, 0x83, 0xFF, 0x93, 0xFF, 0x93, 0xFF,
    0x93, 0xFF, 0xA3, 0xFF, 0xA3, 0xFF, 0xA3, 0xFF,
    0xA3, 0xFF, 0xB3, 0xFF, 0xB3, 0xFF, 0xB3, 0xFF,
    0xC3, 0xFF, 0xC3, 0xFF, 0xC3, 0xFF, 0xD3, 0xFF,
    0xD3, 0xFF, 0xD3, 0xFF, 0xE3, 0xFF, 0xE3, 0xFF,
    0xE3, 0xFF, 0xE3, 0xFF, 0xE3, 0xFF, 0xE3, 0xFF,
    0xE3, 0xFE, 0xE3, 0xFE, 0xE3, 0xFE, 0xE3, 0xFE,
    0xE3, 0xFD, 0xE3, 0xFD, 0xE3, 0xFD, 0xE3, 0xFC,
    0xE3, 0xFC, 0xE3, 0xFC, 0xE3, 0xFC, 0xE3, 0xFB,
    0xE3, 0xFB, 0xE3, 0xFB, 0xE3, 0xFA, 0xE3, 0xFA,
    0xE3, 0xFA, 0xE3, 0xF9, 0xE3, 0xF9, 0xE3, 0xF9,
    0xE3, 0xF9, 0xE3, 0xF8, 0xE3, 0xF8, 0xE3, 0xF8,
    0xE3, 0xF7, 0xE3, 0xF7, 0xE3, 0xF7, 0xE3, 0xF6,
    0xE3, 0xF6, 0xE3, 0xF6, 0xE3, 0xF6, 0xE3, 0xF5,
    0xE3, 0xF5, 0xE3, 0xF5, 0xE3, 0xF4, 0xE3, 0xF4,
    0xE3, 0xF4, 0xE3, 0xF3, 0xE3, 0xF3, 0xE3, 0xF3,
    0xE3, 0xF3, 0xE3, 0xF3, 0xE3, 0xF3, 0xE4, 0xF3,
    0xE4, 0xF3, 0xE4, 0xF3, 0xE5, 0xF3, 0xE5, 0xF3,
    0xE5, 0xF3, 0xE5, 0xF3, 0xE6, 0xF3, 0xE6, 0xF3,
    0xE6, 0xF3, 0xE7, 0xF3, 0xE7, 0xF3, 0xE7, 0xF3,
    0xE8, 0xF3, 0xE8, 0xF2, 0xE8, 0xF3, 0xE8, 0xF3,
    0xE9, 0xF3, 0xE9, 0xF3, 0xE9, 0xF3, 0xEA, 0xF2,
    0xEA, 0xF3, 0xEA, 0xF3, 0xEB, 0xF3, 0xEB, 0xF3,
    0xEB, 0xF3, 0xEB, 0xF3, 0xEC, 0xF2, 0xEC, 0xF3,
    0xEC, 0xF3, 0xED, 0xF3, 0xED, 0xF3, 0xED, 0xF3,
    0xEE, 0xF3, 0xEE, 0xF3, 0xEE, 0xF3, 0xEE, 0xF3,
    0xEF, 0xF3, 0xEF, 0xF3, 0xEF, 0xF3, 0xEF, 0xF3,
    0xEF, 0xF3, 0xEF, 0xF3, 0xDF, 0xF3, 0xDF, 0xF3,
    0xDF, 0xF3, 0xCF, 0xF3, 0xCF, 0xF3, 0xCF, 0xF3,
    0xCF, 0xF3, 0xBF, 0xF3, 0xBF, 0xF3, 0xBF, 0xF3,
    0xAF, 0xF3, 0xAF, 0xF3, 0xAF, 0xF3, 0x9F, 0xF3,
    0x9F, 0xF3, 0x9F, 0xF3, 0x8F, 0xF3, 0x8F, 0xF3,
    0x8F, 0xF3, 0x8F, 0xF3, 0x7F, 0xF3, 0x7F, 0xF3,
    0x7F, 0xF3, 0x6F, 0xF3, 0x6F, 0xF3, 0x6F, 0xF3,
    0x5F, 0xF3, 0x5F, 0xF3, 0x5F, 0xF3, 0x5F, 0xF3,
    0x4F, 0xF3, 0x4F, 0xF3, 0x4F, 0xF3, 0x3F, 0xF3,
    0x3F, 0xF3, 0x3F, 0xF3, 0x3F, 0xF3, 0x2F, 0xF3,
    0x2F, 0xF3, 0x2F, 0xF3, 0x2F, 0xF3, 0x2F, 0xF3,
    0x2F, 0xF3, 0x2F, 0xF4, 0x2F, 0xF4, 0x2F, 0xF4,
    0x2F, 0xF5, 0x2F, 0xF5, 0x2F, 0xF5, 0x2F, 0xF6,
    0x2F, 0xF6, 0x2F, 0xF6, 0x2F, 0xF6, 0x2F, 0xF7,
    0x2F, 0xF7, 0x2F, 0xF7, 0x2F, 0xF8, 0x2F, 0xF8,
    0x2F, 0xF8, 0x2F, 0xF9, 0x2F, 0xF9, 0x2F, 0xF9,
    0x2F, 0xF9, 0x2F, 0xFA, 0x2F, 0xFA, 0x2F, 0xFA,
    0x2F, 0xFB, 0x2F, 0xFB, 0x2F, 0xFB, 0x2F, 0xFC,
    0x2F, 0xFC, 0x2F, 0xFC, 0x2F, 0xFD, 0x2F, 0xFD,
    0x1F, 0xFD, 0x2F, 0xFD, 0x2F, 0xFE, 0x2F, 0xFE,
    0x2F, 0xFE, 0x2F, 0xFF, 0x2F, 0xFF, 0x2F, 0xFF,
    0x2F, 0xFF, 0x2F, 0xFF, 0x2F, 0xFF, 0x2E, 0xFF,
    0x2E, 0xFF, 0x2E, 0xFF, 0x2E, 0xFF, 0x2D, 0xFF,
    0x2D, 0xFF, 0x2D, 0xFF, 0x2C, 0xFF, 0x2C, 0xFF,
    0x2C, 0xFF, 0x2B, 0xFF, 0x2B, 0xFF, 0x2B, 0xFF,
    0x2B, 0xFF, 0x2A, 0xFF, 0x2A, 0xFF, 0x2A, 0xFF,
    0x29, 0xFF, 0x29, 0xFF, 0x29, 0xFF, 0x28, 0xFF,
    0x28, 0xFF, 0x28, 0xFF, 0x27, 0xFF, 0x27, 0xFF,
    0x27, 0xFF, 0x27, 0xFF, 0x26, 0xFF, 0x26, 0xFF,
    0x26, 0xFF, 0x25, 0xFF, 0x25, 0xFF, 0x25, 0xFF,
    0x25, 0xFF, 0x24, 0xFF, 0x24, 0xFF, 0x24, 0xFF,
    0x23, 0xFF, 0x23, 0xFF, 0x23, 0xFF, 0x23, 0xFF,
    0x23, 0xFF, 0x23, 0xFF, 0x33, 0xFF, 0x33, 0xFF,
    0x33, 0xFF, 0x43, 0xFF, 0x43, 0xFF, 0x43, 0xFF,
    0x53, 0xFF, 0x53, 0xFF, 0x53, 0xFF, 0x53, 0xFF,
    0x63, 0xFF, 0x63, 0xFF, 0x63, 0xFF, 0x73, 0xFF,
    0x73, 0xFF, 0x73, 0xFF, 0x83, 0xFF, 0x83, 0xFF,
    0x83, 0xFF, 0x83, 0xFF, 0x93, 0xFF, 0x93, 0xFF,
    0x93, 0xFF, 0xA3, 0xFF, 0xA3, 0xFF, 0xA3, 0xFF,
    0xA3, 0xFF, 0xB3, 0xFF, 0xB3, 0xFF, 0xB3, 0xFF,
    0xC3, 0xFF, 0xC3, 0xFF, 0xC3, 0xFF, 0xD3, 0xFF,
    0xD3, 0xFF, 0xD3, 0xFF, 0xE3, 0xFF, 0xE3, 0xFF,
    0xE3, 0xFF, 0xE3, 0xFF, 0xE3, 0xFF, 0xE3, 0xFF,
    0xE3, 0xFF, 0xE3, 0xFE, 0xE3, 0xFE, 0xE3, 0xFE,
    0xE3, 0xFD, 0xE3, 0xFD, 0xE3, 0xFD, 0xE3, 0xFC,
    0xE3, 0xFC, 0xE3, 0xFC, 0xE3, 0xFC, 0xE3, 0xFB,
    0xE3, 0xFB, 0xE3, 0xFB, 0xE3, 0xFA, 0xE3, 0xFA,
    0xE3, 0xFA, 0xE3, 0xF9, 0xE3, 0xF9, 0xE3, 0xF9,
    0xE3, 0xF9, 0xE3, 0xF8, 0xE3, 0xF8, 0xE3, 0xF8,
    0xE3, 0xF7, 0xE3, 0xF7, 0xE3, 0xF7, 0xE3, 0xF6,
    0xE3, 0xF6, 0xE3, 0xF6, 0xE3, 0xF6, 0xE3, 0xF5,
    0xE3, 0xF5, 0xE3, 0xF5, 0xE3, 0xF4, 0xE3, 0xF4,
    0xE3, 0xF4, 0xE3, 0xF3, 0xE3, 0xF3, 0xE3, 0xF3,
    0xE3, 0xF3, 0xE3, 0xF3, 0xE3, 0xF2, 0xE3, 0xF2,
    0xE4, 0xF2, 0xE4, 0xF2, 0xE4, 0xF3, 0xE5, 0xF3,
    0xE5, 0xF3, 0xE5, 0xF3, 0xE6, 0xF2, 0xE6, 0xF2,
    0xE6, 0xF2, 0xE6, 0xF2, 0xE7, 0xF2, 0xE7, 0xF2,
    0xE7, 0xF2, 0xE8, 0xF2, 0xE8, 0xF2, 0xE8, 0xF2,
    0xE9, 0xF2, 0xE9, 0xF3, 0xE9, 0xF2, 0xEA, 0xF2,
    0xEA, 0xF2, 0xEA, 0xF2, 0xEA, 0xF2, 0xEB, 0xF3,
    0xEB, 0xF2, 0xEB, 0xF2, 0xEC, 0xF2, 0xEC, 0xF2,
    0xEC, 0xF2, 0xED, 0xF2, 0xED, 0xF3, 0xED, 0xF2,
    0xED, 0xF2, 0xEE, 0xF2, 0xEE, 0xF3, 0xEE, 0xF3,
    0xEF, 0xF3, 0xEF, 0xF2, 0xEF, 0xF2, 0xEF, 0xF3,
    0xEF, 0xF3, 0xEF, 0xF3, 0xDF, 0xF2, 0xDF, 0xF2,
    0xDF, 0xF3, 0xCF, 0xF2, 0xCF, 0xF2, 0xCF, 0xF2,
    0xBF, 0xF2, 0xBF, 0xF2, 0xBF, 0xF2, 0xBF, 0xF2,
    0xAF, 0xF2, 0xAF, 0xF2, 0xAF, 0xF2, 0x9F, 0xF2,
    0x9F, 0xF2, 0x9F, 0xF2, 0x8F, 0xF2, 0x8F, 0xF2,
    0x8F, 0xF3, 0x8F, 0xF3, 0x7F, 0xF2, 0x7F, 0xF2,
    0x7F, 0xF2, 0x6F, 0xF2, 0x6F, 0xF2, 0x6F, 0xF2,
    0x5F, 0xF2, 0x5F, 0xF2, 0x5F, 0xF2, 0x4F, 0xF2,
    0x4F, 0xF2, 0x4F, 0xF2, 0x4F, 0xF2, 0x3F, 0xF2,
    0x3F, 0xF2, 0x3F, 0xF2, 0x2F, 0xF2, 0x2F, 0xF2,
    0x2F, 0xF2, 0x2F, 0xF2, 0x1F, 0xF3, 0x1F, 0xF3,
    0x1F, 0xF3, 0x1F, 0xF4, 0x1F, 0xF4, 0x1F, 0xF4,
    0x1F, 0xF5, 0x1F, 0xF5, 0x1F, 0xF5, 0x1F, 0xF5,
    0x1F, 0xF6, 0x1F, 0xF6, 0x1F, 0xF6, 0x1F, 0xF7,
    0x1F, 0xF7, 0x1F, 0xF7, 0x1F, 0xF8, 0x2F, 0xF8,
    0x1F, 0xF8, 0x1F, 0xF9, 0x1F, 0xF9, 0x1F, 0xF9,
    0x1F, 0xF9, 0x1F, 0xFA, 0x1F, 0xFA, 0x1F, 0xFA,
    0x1F, 0xFB, 0x1F, 0xFB, 0x1F, 0xFB, 0x1F, 0xFC,
    0x1F, 0xFC, 0x1F, 0xFC, 0x1F, 0xFC, 0x1F, 0xFD,
    0x1F, 0xFD, 0x1F, 0xFD, 0x1F, 0xFE, 0x1F, 0xFE,
    0x1F, 0xFE, 0x1F, 0xFF, 0x1F, 0xFF, 0x1F, 0xFF,
    0x1F, 0xFF, 0x1F, 0xFF, 0x1F, 0xFF, 0x2E, 0xFF,
    0x2E, 0xFF, 0x1E, 0xFF, 0x1D, 0xFF, 0x1D, 0xFF,
    0x1D, 0xFF, 0x1D, 0xFF, 0x2C, 0xFF, 0x1C, 0xFF,
    0x1C, 0xFF, 0x1B, 0xFF, 0x1B, 0xFF, 0x1B, 0xFF,
    0x1A, 0xFF, 0x1A, 0xFF, 0x1A, 0xFF, 0x1A, 0xFF,
    0x19, 0xFF, 0x19, 0xFF, 0x19, 0xFF, 0x18, 0xFF,
    0x18, 0xFF, 0x18, 0xFF, 0x17, 0xFF, 0x17, 0xFF,
    0x17, 0xFF, 0x16, 0xFF, 0x16, 0xFF, 0x16, 0xFF,
    0x26, 0xFF, 0x15, 0xFF, 0x15, 0xFF, 0x15, 0xFF,
    0x14, 0xFF, 0x14, 0xFF, 0x14, 0xFF, 0x23, 0xFF,
    0x13, 0xFF, 0x13, 0xFF, 0x23, 0xFF, 0x22, 0xFF,
    0x22, 0xFF, 0x22, 0xFF, 0x33, 0xFF, 0x32, 0xFF,
    0x32, 0xFF, 0x42, 0xFF, 0x42, 0xFF, 0x42, 0xFF,
    0x42, 0xFF, 0x52, 0xFF, 0x52, 0xFF, 0x52, 0xFF,
    0x62, 0xFF, 0x62, 0xFF, 0x62, 0xFF, 0x72, 0xFF,
    0x72, 0xFF, 0x72, 0xFF, 0x82, 0xFF, 0x82, 0xFF,
    0x82, 0xFF, 0x82, 0xFF, 0x92, 0xFF, 0x92, 0xFF,
    0x92, 0xFF, 0xA2, 0xFF, 0xA2, 0xFF, 0xA2, 0xFF,
    0xA2, 0xFF, 0xB2, 0xFF, 0xB2, 0xFF, 0xB2, 0xFF,
    0xC2, 0xFF, 0xC2, 0xFF, 0xC2, 0xFF, 0xD2, 0xFF,
    0xD2, 0xFF, 0xD2, 0xFF, 0xE2, 0xFF, 0xE2, 0xFF,
    0xE2, 0xFF, 0xE2, 0xFF, 0xE2, 0xFF, 0xE2, 0xFF,
    0xE2, 0xFF, 0xE2, 0xFE, 0xE2, 0xFE, 0xE2, 0xFE,
    0xE2, 0xFD, 0xE2, 0xFD, 0xE2, 0xFD, 0xE2, 0xFC,
    0xE3, 0xFC, 0xE2, 0xFC, 0xE2, 0xFB, 0xE2, 0xFB,
    0xE2, 0xFB, 0xE2, 0xFA, 0xE2, 0xFA, 0xE2, 0xFA,
    0xE2, 0xFA, 0xE2, 0xF9, 0xE2, 0xF9, 0xE2, 0xF9,
    0xE2, 0xF8, 0xE2, 0xF8, 0xE2, 0xF8, 0xE2, 0xF8,
    0xE2, 0xF7, 0xE2, 0xF7, 0xE2, 0xF7, 0xE2, 0xF6,
    0xE2, 0xF6, 0xE2, 0xF6, 0xE2, 0xF5, 0xE2, 0xF5,
    0xE2, 0xF5, 0xE2, 0xF4, 0xE2, 0xF4, 0xE2, 0xF4,
    0xE2, 0xF3, 0xE2, 0xF3, 0xE2, 0xF3, 0xE2, 0xF3,
    0xE2, 0xF2, 0xE3, 0xF2, 0xE3, 0xF2, 0xE3, 0xF2,
    0xE4, 0xF2, 0xE4, 0xF2, 0xE4, 0xF2, 0xE5, 0xF2,
    0xE5, 0xF2, 0xE5, 0xF2, 0xE5, 0xF2, 0xE6, 0xF2,
    0xE6, 0xF2, 0xE6, 0xF2, 0xE7, 0xF2, 0xE7, 0xF2,
    0xE7, 0xF2, 0xE8, 0xF2, 0xE8, 0xF2, 0xE8, 0xF2,
    0xE9, 0xF2, 0xE9, 0xF2, 0xE9, 0xF2, 0xE9, 0xF2,
    0xEA, 0xF2, 0xEA, 0xF2, 0xEA, 0xF2, 0xEB, 0xF2,
    0xEB, 0xF2, 0xEB, 0xF2, 0xEC, 0xF2, 0xEC, 0xF2,
    0xEC, 0xF2, 0xED, 0xF2, 0xED, 0xF2, 0xED, 0xF2,
    0xED, 0xF2, 0xEE, 0xF2, 0xEE, 0xF2, 0xEE, 0xF2,
    0xEF, 0xF2, 0xEF, 0xF2, 0xEF, 0xF2, 0xEF, 0xF2,
    0xEF, 0xF2, 0xEF, 0xF2, 0xDF, 0xF2, 0xDF, 0xF2,
    0xDF, 0xF2, 0xCF, 0xF2, 0xCF, 0xF2, 0xCF, 0xF2,
    0xBF, 0xF2, 0xBF, 0xF2, 0xBF, 0xF2, 0xBF, 0xF2,
    0xAF, 0xF2, 0xAF, 0xF2, 0xAF, 0xF2, 0x9F, 0xF2,
    0x9F, 0xF2, 0x9F, 0xF2, 0x8F, 0xF2, 0x8F, 0xF2,
    0x8F, 0xF2, 0x7F, 0xF2, 0x7F, 0xF2, 0x7F, 0xF2,
    0x6F, 0xF2, 0x6F, 0xF2, 0x6F, 0xF2, 0x6F, 0xF2,
    0x5F, 0xF2, 0x5F, 0xF2, 0x5F, 0xF2, 0x4F, 0xF2,
    0x4F, 0xF2, 0x4F, 0xF2, 0x3F, 0xF2, 0x3F, 0xF2,
    0x3F, 0xF2, 0x2F, 0xF2, 0x2F, 0xF2, 0x2F, 0xF2,
    0x2F, 0xF2, 0x1F, 0xF2, 0x1F, 0xF3, 0x1F, 0xF3,
    0x1F, 0xF3, 0x1F, 0xF3, 0x1F, 0xF4, 0x1F, 0xF4,
    0x1F, 0xF4, 0x1F, 0xF5, 0x1F, 0xF5, 0x1F, 0xF5,
    0x1F, 0xF6, 0x1F, 0xF6, 0x1F, 0xF6, 0x1F, 0xF7,
    0x1F, 0xF7, 0x1F, 0xF7, 0x1F, 0xF8, 0x1F, 0xF8,
    0x1F, 0xF8, 0x1F, 0xF8, 0x1F, 0xF9, 0x1F, 0xF9,
    0x1F, 0xF9, 0x1F, 0xFA, 0x1F, 0xFA, 0x1F, 0xFA,
    0x1F, 0xFB, 0x1F, 0xFB, 0x1F, 0xFB, 0x1F, 0xFC,
    0x1F, 0xFC, 0x1F, 0xFC, 0x1F, 0xFC, 0x1F, 0xFD,
    0x1F, 0xFD, 0x1F, 0xFD, 0x1F, 0xFE, 0x1F, 0xFE,
    0x1F, 0xFE, 0x1F, 0xFF, 0x1F, 0xFF, 0x1F, 0xFF,
    0x1F, 0xFF, 0x1F, 0xFF, 0x1F, 0xFF, 0x1E, 0xFF,
    0x1E, 0xFF, 0x1E, 0xFF, 0x1D, 0xFF, 0x1D, 0xFF,
    0x1D, 0xFF, 0x1D, 0xFF, 0x1C, 0xFF, 0x1C, 0xFF,
    0x1C, 0xFF, 0x1B, 0xFF, 0x1B, 0xFF, 0x1B, 0xFF,
    0x1A, 0xFF, 0x1A, 0xFF, 0x1A, 0xFF, 0x1A, 0xFF,
    0x19, 0xFF, 0x19, 0xFF, 0x19, 0xFF, 0x18, 0xFF,
    0x18, 0xFF, 0x18, 0xFF, 0x17, 0xFF, 0x17, 0xFF,
    0x17, 0xFF, 0x16, 0xFF, 0x16, 0xFF, 0x16, 0xFF,
    0x16, 0xFF, 0x15, 0xFF, 0x15, 0xFF, 0x15, 0xFF,
    0x14, 0xFF, 0x14, 0xFF, 0x14, 0xFF, 0x13, 0xFF,
    0x13, 0xFF, 0x13, 0xFF, 0x12, 0xFF, 0x12, 0xFF,
    0x22, 0xFF, 0x22, 0xFF, 0x22, 0xFF, 0x32, 0xFF,
    0x32, 0xFF, 0x32, 0xFF, 0x42, 0xFF, 0x42, 0xFF,
    0x42, 0xFF, 0x52, 0xFF, 0x52, 0xFF, 0x52, 0xFF,
    0x62, 0xFF, 0x62, 0xFF, 0x62, 0xFF, 0x72, 0xFF,
    0x72, 0xFF, 0x72, 0xFF, 0x72, 0xFF, 0x82, 0xFF,
    0x82, 0xFF, 0x82, 0xFF, 0x92, 0xFF, 0x92, 0xFF,
    0x92, 0xFF, 0xA2, 0xFF, 0xA2, 0xFF, 0xA2, 0xFF,
    0xA2, 0xFF, 0xB2, 0xFF, 0xB2, 0xFF, 0xB2, 0xFF,
    0xC2, 0xFF, 0xC2, 0xFF, 0xC2, 0xFF, 0xD2, 0xFF,
    0xD2, 0xFF, 0xD2, 0xFF, 0xE2, 0xFF, 0xE2, 0xFF,
    0xE2, 0xFF, 0xE2, 0xFF, 0xE2, 0xFF, 0xE2, 0xFF,
    0xE2, 0xFF, 0xE2, 0xFE, 0xE2, 0xFE, 0xE2, 0xFE,
    0xE2, 0xFD, 0xE2, 0xFD, 0xE2, 0xFD, 0xE2, 0xFC,
    0xE2, 0xFC, 0xE2, 0xFC, 0xE2, 0xFB, 0xE2, 0xFB,
    0xE2, 0xFB, 0xE2, 0xFA, 0xE2, 0xFA, 0xE2, 0xFA,
    0xE2, 0xFA, 0xE2, 0xF9, 0xE2, 0xF9, 0xE2, 0xF9,
    0xE2, 0xF8, 0xE2, 0xF8, 0xE2, 0xF8, 0xE2, 0xF7,
    0xE2, 0xF7, 0xE2, 0xF7, 0xE2, 0xF7, 0xE2, 0xF6,
    0xE2, 0xF6, 0xE2, 0xF6, 0xE2, 0xF5, 0xE2, 0xF5,
    0xE2, 0xF5, 0xE2, 0xF4, 0xE2, 0xF4, 0xE2, 0xF4,
    0xE2, 0xF3, 0xE2, 0xF3, 0xE2, 0xF3, 0xE2, 0xF3,
    0xE2, 0xF2, 0xE2, 0xF2, 0xE3, 0xF2, 0xE3, 0xF2,
    0xE3, 0xF2, 0xE4, 0xF2, 0xE4, 0xF2, 0xE4, 0xF2,
    0xE5, 0xF2, 0xE5, 0xF2, 0xE5, 0xF2, 0xE6, 0xF2,
    0xE6, 0xF2, 0xE6, 0xF2, 0xE7, 0xF2, 0xE7, 0xF2,
    0xE7, 0xF2, 0xE8, 0xF2, 0xE8, 0xF2, 0xE8, 0xF2,
    0xE9, 0xF2, 0xE9, 0xF2, 0xE9, 0xF2, 0xE9, 0xF2,
    0xEA, 0xF2, 0xEA, 0xF2, 0xEA, 0xF2, 0xEB, 0xF2,
    0xEB, 0xF2, 0xEB, 0xF2, 0xEC, 0xF2, 0xEC, 0xF2,
    0xEC, 0xF2, 0xED, 0xF2, 0xED, 0xF2, 0xED, 0xF2,
    0xED, 0xF2, 0xEE, 0xF2, 0xEE, 0xF2, 0xEE, 0xF2,
    0xEF, 0xF2, 0xEF, 0xF2, 0xEF, 0xF2, 0xEF, 0xF2,
    0xEF, 0xF2, 0xEF, 0xF2, 0xDF, 0xF2, 0xDF, 0xF2,
    0xDF, 0xF2, 0xCF, 0xF2, 0xCF, 0xF2, 0xCF, 0xF2,
    0xBF, 0xF2, 0xBF, 0xF2, 0xBF, 0xF2, 0xBF, 0xF2,
    0xAF, 0xF2, 0xAF, 0xF2, 0xAF, 0xF2, 0x9F, 0xF2,
    0x9F, 0xF2, 0x9F, 0xF2, 0x8F, 0xF2, 0x8F, 0xF2,
    0x8F, 0xF2, 0x7F, 0xF2, 0x7F, 0xF2, 0x7F, 0xF2,
    0x6F, 0xF2, 0x6F, 0xF2, 0x6F, 0xF2, 0x5F, 0xF2,
    0x5F, 0xF2, 0x5F, 0xF2, 0x5F, 0xF2, 0x4F, 0xF2,
    0x4F, 0xF2, 0x4F, 0xF2, 0x3F, 0xF2, 0x3F, 0xF2,
    0x3F, 0xF2, 0x2F, 0xF2, 0x2F, 0xF2, 0x2F, 0xF2,
    0x1F, 0xF2, 0x1F, 0xF2, 0x1F, 0xF2, 0x1F, 0xF3,
    0x1F, 0xF3, 0x1F, 0xF3, 0x1F, 0xF4, 0x1F, 0xF4,
    0x1F, 0xF4, 0x1F, 0xF5, 0x1F, 0xF5, 0x1F, 0xF5,
    0x1F, 0xF6, 0x1F, 0xF6, 0x1F, 0xF6, 0x1F, 0xF6,
    0x1F, 0xF7, 0x1F, 0xF7, 0x1F, 0xF7, 0x1F, 0xF8,
    0x1F, 0xF8, 0x1F, 0xF8, 0x1F, 0xF9, 0x1F, 0xF9,
    0x1F, 0xF9, 0x1F, 0xFA, 0x1F, 0xFA, 0x1F, 0xFA,
    0x1F, 0xFB, 0x1F, 0xFB, 0x1F, 0xFB, 0x1F, 0xFB,
    0x1F, 0xFC, 0x1F, 0xFC, 0x1F, 0xFC, 0x1F, 0xFD,
    0x1F, 0xFD, 0x1F, 0xFD, 0x1F, 0xFE, 0x1F, 0xFE,
    0x1F, 0xFE, 0x1F, 0xFF, 0x1F, 0xFF, 0x1F, 0xFF,
    0x1F, 0xFF, 0x1F, 0xFF, 0x1F, 0xFF, 0x1E, 0xFF,
    0x1E, 0xFF, 0x1E, 0xFF, 0x1D, 0xFF, 0x1D, 0xFF,
    0x1D, 0xFF, 0x1D, 0xFF, 0x1C, 0xFF, 0x1C, 0xFF,
    0x1C, 0xFF, 0x1B, 0xFF, 0x1B, 0xFF, 0x1B, 0xFF,
    0x1A, 0xFF, 0x1A, 0xFF, 0x1A, 0xFF, 0x19, 0xFF,
    0x19, 0xFF, 0x19, 0xFF, 0x19, 0xFF, 0x18, 0xFF,
    0x18, 0xFF, 0x18, 0xFF, 0x17, 0xFF, 0x17, 0xFF,
    0x17, 0xFF, 0x16, 0xFF, 0x16, 0xFF, 0x16, 0xFF,
    0x15, 0xFF, 0x15, 0xFF, 0x15, 0xFF, 0x14, 0xFF,
    0x14, 0xFF, 0x14, 0xFF, 0x14, 0xFF, 0x13, 0xFF,
    0x13, 0xFF, 0x13, 0xFF, 0x12, 0xFF, 0x12, 0xFF,
    0x22, 0xFF, 0x22, 0xFF, 0x22, 0xFF, 0x32, 0xFF,
    0x32, 0xFF, 0x32, 0xFF, 0x42, 0xFF, 0x42, 0xFF,
    0x42, 0xFF, 0x42, 0xFF, 0x52, 0xFF, 0x52, 0xFF,
    0x52, 0xFF, 0x62, 0xFF, 0x62, 0xFF, 0x62, 0xFF,
    0x72, 0xFF, 0x72, 0xFF, 0x72, 0xFF, 0x82, 0xFF,
    0x82, 0xFF, 0x82, 0xFF, 0x92, 0xFF, 0x92, 0xFF,
    0x92, 0xFF, 0xA2, 0xFF, 0xA2, 0xFF, 0xA2, 0xFF,
    0xA2, 0xFF, 0xB2, 0xFF, 0xB2, 0xFF, 0xB2, 0xFF,
    0xC2, 0xFF, 0xC2, 0xFF, 0xC2, 0xFF, 0xD2, 0xFF,
    0xD2, 0xFF, 0xD2, 0xFF, 0xE2, 0xFF, 0xE2, 0xFF,
    0xE2, 0xFF, 0xE2, 0xFF, 0xE2, 0xFF, 0xE2, 0xFF,
    0xE2, 0xFF, 0xE2, 0xFE, 0xE2, 0xFE, 0xE2, 0xFE,
    0xE2, 0xFD, 0xE2, 0xFD, 0xE2, 0xFD, 0xE2, 0xFC,
    0xE2, 0xFC, 0xE2, 0xFC, 0xE2, 0xFB, 0xE2, 0xFB,
    0xE2, 0xFB, 0xE2, 0xFA, 0xE2, 0xFA, 0xE2, 0xFA,
    0xE2, 0xFA, 0xE2, 0xF9, 0xE2, 0xF9, 0xE2, 0xF9,
    0xE2, 0xF8, 0xE2, 0xF8, 0xE2, 0xF8, 0xE2, 0xF7,
    0xE2, 0xF7, 0xE2, 0xF7, 0xE2, 0xF6, 0xE2, 0xF6,
    0xE2, 0xF6, 0xE2, 0xF6, 0xE2, 0xF5, 0xE2, 0xF5,
    0xE2, 0xF5, 0xE2, 0xF4, 0xE2, 0xF4, 0xE2, 0xF4,
    0xE2, 0xF3, 0xE2, 0xF3, 0xE2, 0xF3, 0xE2, 0xF2,
    0xE2, 0xF2, 0xE2, 0xF2, 0xE3, 0xF2, 0xE3, 0xF2,
    0xE3, 0xF2, 0xE4, 0xF2, 0xE4, 0xF2, 0xE4, 0xF2,
    0xE5, 0xF2, 0xE5, 0xF2, 0xE5, 0xF2, 0xE6, 0xF2,
    0xE6, 0xF2, 0xE6, 0xF2, 0xE6, 0xF2, 0xE7, 0xF2,
    0xE7, 0xF2, 0xE7, 0xF2, 0xE8, 0xF2, 0xE8, 0xF2,
    0xE8, 0xF2, 0xE9, 0xF2, 0xE9, 0xF2, 0xE9, 0xF2,
    0xEA, 0xF2, 0xEA, 0xF2, 0xEA, 0xF2, 0xEB, 0xF2,
    0xEB, 0xF2, 0xEB, 0xF2, 0xEC, 0xF2, 0xEC, 0xF2,
    0xEC, 0xF2, 0xED, 0xF2, 0xED, 0xF2, 0xED, 0xF2,
    0xED, 0xF2, 0xEE, 0xF2, 0xEE, 0xF2, 0xEE, 0xF2,
    0xEF, 0xF2, 0xEF, 0xF2, 0xEF, 0xF2, 0xEF, 0xF2,
    0xEF, 0xF2, 0xEF, 0xF2, 0xDF, 0xF2, 0xDF, 0xF2,
    0xDF, 0xF2, 0xCF, 0xF2, 0xCF, 0xF2, 0xCF, 0xF2,
    0xBF, 0xF2, 0xBF, 0xF2, 0xBF, 0xF2, 0xAF, 0xF2,
    0xAF, 0xF2, 0xAF, 0xF2, 0xAF, 0xF2, 0x9F, 0xF2,
    0x9F, 0xF2, 0x9F, 0xF2, 0x8F, 0xF2, 0x8F, 0xF2,
    0x8F, 0xF2, 0x7F, 0xF2, 0x7F, 0xF2, 0x7F, 0xF2,
    0x6F, 0xF2, 0x6F, 0xF2, 0x6F, 0xF2, 0x5F, 0xF2,
    0x5F, 0xF2, 0x5F, 0xF2, 0x4F, 0xF2, 0x4F, 0xF2,
    0x4F, 0xF2, 0x4F, 0xF2, 0x3F, 0xF2, 0x3F, 0xF2,
    0x3F, 0xF2, 0x2F, 0xF2, 0x2F, 0xF2, 0x2F, 0xF2,
    0x1F, 0xF2, 0x1F, 0xF2, 0x1F, 0xF2, 0x1F, 0xF3,
    0x1F, 0xF3, 0x1F, 0xF3, 0x1F, 0xF4, 0x1F, 0xF4,
    0x1F, 0xF4, 0x1F, 0xF5, 0x1F, 0xF5, 0x1F, 0xF5,
    0x1F, 0xF5, 0x1F, 0xF6, 0x1F, 0xF6, 0x1F, 0xF6,
    0x1F, 0xF7, 0x1F, 0xF7, 0x1F, 0xF7, 0x1F, 0xF8,
    0x1F, 0xF8, 0x1F, 0xF8, 0x1F, 0xF9, 0x1F, 0xF9,
    0x1F, 0xF9, 0x1F, 0xFA, 0x1F, 0xFA, 0x1F, 0xFA,
    0x1F, 0xFB, 0x1F, 0xFB, 0x1F, 0xFB, 0x1F, 0xFB,
    0x1F, 0xFC, 0x1F, 0xFC, 0x1F, 0xFC, 0x1F, 0xFD,
    0x1F, 0xFD, 0x1F, 0xFD, 0x1F, 0xFE, 0x1F, 0xFE,
    0x1F, 0xFE, 0x1F, 0xFF, 0x1F, 0xFF, 0x1F, 0xFF,
    0x1F, 0xFF, 0x1F, 0xFF, 0x1F, 0xFF, 0x1E, 0xFF,
    0x1E, 0xFF, 0x1E, 0xFF, 0x1D, 0xFF, 0x1D, 0xFF,
    0x1D, 0xFF, 0x1C, 0xFF, 0x1C, 0xFF, 0x1C, 0xFF,
    0x1C, 0xFF, 0x1B, 0xFF, 0x1B, 0xFF, 0x1B, 0xFF,
    0x1A, 0xFF, 0x1A, 0xFF, 0x1A, 0xFF, 0x19, 0xFF,
    0x19, 0xFF, 0x19, 0xFF, 0x18, 0xFF, 0x18, 0xFF,
    0x18, 0xFF, 0x17, 0xFF, 0x17, 0xFF, 0x17, 0xFF,
    0x16, 0xFF, 0x16, 0xFF, 0x16, 0xFF, 0x16, 0xFF,
    0x15, 0xFF, 0x15, 0xFF, 0x15, 0xFF, 0x14, 0xFF,
    0x14, 0xFF, 0x14, 0xFF, 0x13, 0xFF, 0x13, 0xFF,
    0x13, 0xFF, 0x12, 0xFF, 0x12, 0xFF, 0x12, 0xFF,
    0x12, 0xFF, 0x22, 0xFF, 0x22, 0xFF, 0x32, 0xFF,
    0x32, 0xFF, 0x32, 0xFF, 0x32, 0xFF, 0x42, 0xFF,
    0x42, 0xFF, 0x42, 0xFF, 0x52, 0xFF, 0x52, 0xFF,
    0x52, 0xFF, 0x62, 0xFF, 0x62, 0xFF, 0x62, 0xFF,
    0x72, 0xFF, 0x72, 0xFF, 0x72, 0xFF, 0x82, 0xFF,
    0x82, 0xFF, 0x82, 0xFF, 0x82, 0xFF, 0x92, 0xFF,
    0x92, 0xFF, 0x92, 0xFF, 0xA2, 0xFF, 0xA2, 0xFF,
    0xA2, 0xFF, 0xB2, 0xFF, 0xB2, 0xFF, 0xB2, 0xFF,
    0xC2, 0xFF, 0xC2, 0xFF, 0xC2, 0xFF, 0xD2, 0xFF,
    0xD2, 0xFF, 0xD2, 0xFF, 0xE2, 0xFF, 0xE2, 0xFF,
    0xE2, 0xFF, 0xE2, 0xFF, 0xE2, 0xFF, 0xE2, 0xFF,
    0xE2, 0xFF, 0xE2, 0xFE, 0xE2, 0xFE, 0xE2, 0xFE,
    0xE2, 0xFD, 0xE2, 0xFD, 0xE2, 0xFD, 0xE2, 0xFC,
    0xE2, 0xFC, 0xE2, 0xFC, 0xE2, 0xFB, 0xE2, 0xFB,
    0xE2, 0xFB, 0xE2, 0xFA, 0xE2, 0xFA, 0xE2, 0xFA,
    0xE2, 0xF9, 0xE2, 0xF9, 0xE2, 0xF9, 0xE2, 0xF8,
    0xE2, 0xF8, 0xE2, 0xF8, 0xE2, 0xF8, 0xE2, 0xF7,
    0xE2, 0xF7, 0xE2, 0xF7, 0xE2, 0xF6, 0xE2, 0xF6,
    0xE2, 0xF6, 0xE2, 0xF5, 0xE2, 0xF5, 0xE2, 0xF5,
    0xE2, 0xF4, 0xE2, 0xF4, 0xE2, 0xF4, 0xE2, 0xF4,
    0xE2, 0xF3, 0xE2, 0xF3, 0xE2, 0xF2, 0xE2, 0xF2,
    0xE2, 0xF2, 0xE2, 0xF2, 0xE2, 0xF2, 0xE3, 0xF2,
    0xE3, 0xF2, 0xE4, 0xF2, 0xE4, 0xF2, 0xE4, 0xF2,
    0xE4, 0xF2, 0xE5, 0xF2, 0xE5, 0xF2, 0xE6, 0xF2,
    0xE6, 0xF2, 0xE6, 0xF2, 0xE6, 0xF2, 0xE7, 0xF2,
    0xE7, 0xF2, 0xE7, 0xF2, 0xE8, 0xF2, 0xE8, 0xF2,
    0xE8, 0xF2, 0xE9, 0xF2, 0xE9, 0xF2, 0xE9, 0xF2,
    0xEA, 0xF2, 0xEA, 0xF2, 0xEA, 0xF2, 0xEB, 0xF2,
    0xEB, 0xF2, 0xEB, 0xF2, 0xEB, 0xF2, 0xEC, 0xF2,
    0xEC, 0xF2, 0xED, 0xF2, 0xED, 0xF2, 0xED, 0xF2,
    0xED, 0xF2, 0xEE, 0xF2, 0xEE, 0xF2, 0xEE, 0xF2,
    0xEF, 0xF2, 0xEF, 0xF2, 0xEF, 0xF2, 0xEF, 0xF2,
    0xEF, 0xF2, 0xEF, 0xF2, 0xDF, 0xF2, 0xDF, 0xF2,
    0xDF, 0xF2, 0xCF, 0xF2, 0xCF, 0xF2, 0xCF, 0xF2,
    0xBF, 0xF2, 0xBF, 0xF2, 0xBF, 0xF2, 0xAF, 0xF2,
    0xAF, 0xF2, 0xAF, 0xF2, 0x9F, 0xF2, 0x9F, 0xF2,
    0x9F, 0xF2, 0x9F, 0xF2, 0x8F, 0xF2, 0x8F, 0xF2,
    0x7F, 0xF2, 0x7F, 0xF2, 0x7F, 0xF2, 0x6F, 0xF2,
    0x6F, 0xF2, 0x6F, 0xF2, 0x6F, 0xF2, 0x5F, 0xF2,
    0x5F, 0xF2, 0x5F, 0xF2, 0x4F, 0xF2, 0x4F, 0xF2,
    0x4F, 0xF2, 0x3F, 0xF2, 0x3F, 0xF2, 0x3F, 0xF2,
    0x2F, 0xF2, 0x2F, 0xF2, 0x2F, 0xF2, 0x1F, 0xF2,
    0x1F, 0xF2, 0x1F, 0xF2, 0x1F, 0xF2, 0x1F, 0xF2,
    0x1F, 0xF3, 0x1F, 0xF3, 0x1F, 0xF3, 0x1F, 0xF4,
    0x1F, 0xF4, 0x1F, 0xF4, 0x1F, 0xF5, 0x1F, 0xF5,
    0x1F, 0xF5, 0x1F, 0xF6, 0x1F, 0xF6, 0x1F, 0xF6,
    0x1F, 0xF7, 0x1F, 0xF7, 0x1F, 0xF7, 0x1F, 0xF8,
    0x1F, 0xF8, 0x1F, 0xF8, 0x1F, 0xF9, 0x1F, 0xF9,
    0x1F, 0xF9, 0x1F, 0xF9, 0x1F, 0xFA, 0x1F, 0xFA,
    0x1F, 0xFA, 0x1F, 0xFB, 0x1F, 0xFB, 0x1F, 0xFB,
    0x1F, 0xFC, 0x1F, 0xFC, 0x1F, 0xFC, 0x1F, 0xFD,
    0x1F, 0xFD, 0x1F, 0xFD, 0x1F, 0xFE, 0x1F, 0xFE,
    0x1F, 0xFE, 0x1F, 0xFF, 0x1F, 0xFF, 0x1F, 0xFF,
    0x1F, 0xFF, 0x1F, 0xFF, 0x1F, 0xFF, 0x1E, 0xFF,
    0x1E, 0xFF, 0x1E, 0xFF, 0x1D, 0xFF, 0x1D, 0xFF,
    0x1D, 0xFF, 0x1C, 0xFF, 0x1C, 0xFF, 0x1C, 0xFF,
    0x1C, 0xFF, 0x1B, 0xFF, 0x1B, 0xFF, 0x1B, 0xFF,
    0x1A, 0xFF, 0x1A, 0xFF, 0x1A, 0xFF, 0x19, 0xFF,
    0x19, 0xFF, 0x19, 0xFF, 0x18, 0xFF, 0x18, 0xFF,
    0x18, 0xFF, 0x17, 0xFF, 0x17, 0xFF, 0x17, 0xFF,
    0x16, 0xFF, 0x16, 0xFF, 0x16, 0xFF, 0x15, 0xFF,
    0x15, 0xFF, 0x15, 0xFF, 0x15, 0xFF, 0x14, 0xFF,
    0x14, 0xFF, 0x14, 0xFF, 0x13, 0xFF, 0x13, 0xFF,
    0x13, 0xFF, 0x12, 0xFF, 0x12, 0xFF, 0x12, 0xFF,
    0x12, 0xFF, 0x22, 0xFF, 0x22, 0xFF, 0x22, 0xFF,
    0x32, 0xFF, 0x32, 0xFF, 0x32, 0xFF, 0x42, 0xFF,
    0x42, 0xFF, 0x42, 0xFF, 0x42, 0xFF, 0x52, 0xFF,
    0x52, 0xFF, 0x52, 0xFF, 0x62, 0xFF, 0x62, 0xFF,
    0x72, 0xFF, 0x72, 0xFF, 0x72, 0xFF, 0x72, 0xFF,
    0x82, 0xFF, 0x82, 0xFF, 0x82, 0xFF, 0x92, 0xFF,
    0x92, 0xFF, 0x92, 0xFF, 0xA2, 0xFF, 0xA2, 0xFF,
    0xA2, 0xFF, 0xB2, 0xFF, 0xB2, 0xFF, 0xB2, 0xFF,
    0xC2, 0xFF, 0xC2, 0xFF, 0xC2, 0xFF, 0xD2, 0xFF,
    0xD2, 0xFF, 0xD2, 0xFF, 0xD2, 0xFF, 0xE2, 0xFF,
    0xE2, 0xFF, 0xE2, 0xFF, 0xE2, 0xFF, 0xE2, 0xFF,
    0xE2, 0xFF, 0xE2, 0xFE, 0xE2, 0xFE, 0xE2, 0xFE,
    0xE2, 0xFD, 0xE2, 0xFD, 0xE2, 0xFD, 0xE2, 0xFC,
    0xE2, 0xFC, 0xE2, 0xFC, 0xE2, 0xFB, 0xE2, 0xFB,
    0xE2, 0xFB, 0xE2, 0xFA, 0xE2, 0xFA, 0xE2, 0xFA,
    0xE2, 0xF9, 0xE2, 0xF9, 0xE2, 0xF9, 0xE2, 0xF8,
    0xE2, 0xF8, 0xE2, 0xF8, 0xE2, 0xF7, 0xE2, 0xF7,
    0xE2, 0xF7, 0xE2, 0xF7, 0xE2, 0xF6, 0xE2, 0xF6,
    0xE2, 0xF6, 0xE2, 0xF5, 0xE2, 0xF5, 0xE2, 0xF5,
    0xE2, 0xF4, 0xE2, 0xF4, 0xE2, 0xF4, 0xE2, 0xF3,
    0xE2, 0xF3, 0xE2, 0xF3, 0xE2, 0xF2, 0xE2, 0xF2,
    0xE2, 0xF2, 0xE2, 0xF2, 0xE2, 0xF2, 0xE3, 0xF2,
    0xE3, 0xF2, 0xE3, 0xF2, 0xE4, 0xF2, 0xE4, 0xF2,
    0xE4, 0xF2, 0xE5, 0xF2, 0xE5, 0xF2, 0xE5, 0xF2,
    0xE6, 0xF2, 0xE6, 0xF2, 0xE6, 0xF2, 0xE7, 0xF2,
    0xE7, 0xF2, 0xE7, 0xF2, 0xE8, 0xF2, 0xE8, 0xF2,
    0xE8, 0xF2, 0xE9, 0xF2, 0xE9, 0xF2, 0xE9, 0xF2,
    0xEA, 0xF2, 0xEA, 0xF2, 0xEA, 0xF2, 0xEB, 0xF2,
    0xEB, 0xF2, 0xEB, 0xF2, 0xEB, 0xF2, 0xEC, 0xF2,
    0xEC, 0xF2, 0xEC, 0xF2, 0xED, 0xF2, 0xED, 0xF2,
    0xED, 0xF2, 0xEE, 0xF2, 0xEE, 0xF2, 0xEE, 0xF2,
    0xEF, 0xF2, 0xEF, 0xF2, 0xEF, 0xF2, 0xEF, 0xF2,
    0xEF, 0xF2, 0xEF, 0xF2, 0xDF, 0xF2, 0xDF, 0xF2,
    0xDF, 0xF2, 0xCF, 0xF2, 0xCF, 0xF2, 0xCF, 0xF2,
    0xBF, 0xF2, 0xBF, 0xF2, 0xBF, 0xF2, 0xAF, 0xF2,
    0xAF, 0xF2, 0xAF, 0xF2, 0x9F, 0xF2, 0x9F, 0xF2,
    0x9F, 0xF2, 0x8F, 0xF2, 0x8F, 0xF2, 0x8F, 0xF2,
    0x7F, 0xF2, 0x7F, 0xF2, 0x7F, 0xF2, 0x6F, 0xF2,
    0x6F, 0xF2, 0x6F, 0xF2, 0x5F, 0xF2, 0x5F, 0xF2,
    0x5F, 0xF2, 0x5F, 0xF2, 0x4F, 0xF2, 0x4F, 0xF2,
    0x4F, 0xF2, 0x3F, 0xF2, 0x3F, 0xF2, 0x3F, 0xF2,
    0x2F, 0xF2, 0x2F, 0xF2, 0x2F, 0xF2, 0x1F, 0xF2,
    0x1F, 0xF2, 0x1F, 0xF2, 0x1F, 0xF2, 0x1F, 0xF2,
    0x1F, 0xF3, 0x1F, 0xF3, 0x1F, 0xF3, 0x1F, 0xF4,
    0x1F, 0xF4, 0x1F, 0xF4, 0x1F, 0xF5, 0x1F, 0xF5,
    0x1F, 0xF5, 0x1F, 0xF6, 0x1F, 0xF6, 0x1F, 0xF6,
    0x1F, 0xF7, 0x1F, 0xF7, 0x1F, 0xF7, 0x1F, 0xF7,
    0x1F, 0xF8, 0x1F, 0xF8, 0x1F, 0xF8, 0x1F, 0xF9,
    0x1F, 0xF9, 0x1F, 0xF9, 0x1F, 0xFA, 0x1F, 0xFA,
    0x1F, 0xFA, 0x1F, 0xFB, 0x1F, 0xFB, 0x1F, 0xFB,
    0x1F, 0xFC, 0x1F, 0xFC, 0x1F, 0xFC, 0x1F, 0xFD,
    0x1F, 0xFD, 0x1F, 0xFD, 0x1F, 0xFE, 0x1F, 0xFE,
    0x1F, 0xFE, 0x1F, 0xFF, 0x1F, 0xFF, 0x1F, 0xFF,
    0x1F, 0xFF, 0x1F, 0xFF, 0x1F, 0xFF, 0x1E, 0xFF,
    0x1E, 0xFF, 0x1E, 0xFF, 0x1D, 0xFF, 0x1D, 0xFF,
    0x1D, 0xFF, 0x1C, 0xFF, 0x1C, 0xFF, 0x1C, 0xFF,
    0x1B, 0xFF, 0x1B, 0xFF, 0x1B, 0xFF, 0x1A, 0xFF,
    0x1A, 0xFF, 0x1A, 0xFF, 0x1A, 0xFF, 0x19, 0xFF,
    0x19, 0xFF, 0x19, 0xFF, 0x18, 0xFF, 0x18, 0xFF,
    0x18, 0xFF, 0x17, 0xFF, 0x17, 0xFF, 0x17, 0xFF,
    0x16, 0xFF, 0x16, 0xFF, 0x16, 0xFF, 0x15, 0xFF,
    0x15, 0xFF, 0x15, 0xFF, 0x14, 0xFF, 0x14, 0xFF,
    0x14, 0xFF, 0x13, 0xFF, 0x13, 0xFF, 0x13, 0xFF,
    0x12, 0xFF, 0x12, 0xFF, 0x12, 0xFF, 0x12, 0xFF,
    0x12, 0xFF, 0x22, 0xFF, 0x22, 0xFF, 0x22, 0xFF,
    0x32, 0xFF, 0x32, 0xFF, 0x32, 0xFF, 0x32, 0xFF,
    0x42, 0xFF, 0x42, 0xFF, 0x42, 0xFF, 0x52, 0xFF,
    0x52, 0xFF, 0x52, 0xFF, 0x62, 0xFF, 0x62, 0xFF,
    0x62, 0xFF, 0x72, 0xFF, 0x72, 0xFF, 0x72, 0xFF,
    0x82, 0xFF, 0x82, 0xFF, 0x82, 0xFF, 0x92, 0xFF,
    0x92, 0xFF, 0x92, 0xFF, 0xA2, 0xFF, 0xA2, 0xFF,
    0xA2, 0xFF, 0xA2, 0xFF, 0xB2, 0xFF, 0xB2, 0xFF,
    0xB2, 0xFF, 0xC2, 0xFF, 0xC2, 0xFF, 0xD2, 0xFF,
    0xD2, 0xFF, 0xD2, 0xFF, 0xD2, 0xFF, 0xE2, 0xFF,
    0xE2, 0xFF, 0xE2, 0xFF, 0xE2, 0xFF, 0xE2, 0xFF,
    0xE2, 0xFF, 0xE2, 0xFE, 0xE2, 0xFE, 0xE2, 0xFD,
    0xE2, 0xFD, 0xE2, 0xFD, 0xE2, 0xFC, 0xE2, 0xFC,
    0xE2, 0xFC, 0xE2, 0xFB, 0xE2, 0xFB, 0xE2, 0xFB,
    0xE2, 0xFA, 0xE2, 0xFA, 0xE2, 0xFA, 0xE2, 0xFA,
    0xE2, 0xF9, 0xE2, 0xF9, 0xE2, 0xF9, 0xE2, 0xF8,
    0xE2, 0xF8, 0xE2, 0xF8, 0xE2, 0xF7, 0xE2, 0xF7,
    0xE2, 0xF7, 0xE2, 0xF6, 0xE2, 0xF6, 0xE2, 0xF6,
    0xE2, 0xF6, 0xE2, 0xF5, 0xE2, 0xF5, 0xE2, 0xF5,
    0xE2, 0xF4, 0xE2, 0xF4, 0xE2, 0xF4, 0xE2, 0xF3,
    0xE2, 0xF3, 0xE2, 0xF3, 0xE2, 0xF2, 0xE2, 0xF2,
    0xE2, 0xF2, 0xE2, 0xF2, 0xE2, 0xF2, 0xE3, 0xF2,
    0xE3, 0xF2, 0xE3, 0xF2, 0xE4, 0xF2, 0xE4, 0xF2,
    0xE4, 0xF2, 0xE5, 0xF2, 0xE5, 0xF2, 0xE5, 0xF2,
    0xE6, 0xF2, 0xE6, 0xF2, 0xE6, 0xF2, 0xE7, 0xF2,
    0xE7, 0xF2, 0xE7, 0xF2, 0xE8, 0xF2, 0xE8, 0xF2,
    0xE8, 0xF2, 0xE9, 0xF2, 0xE9, 0xF2, 0xE9, 0xF2,
    0xE9, 0xF2, 0xEA, 0xF2, 0xEA, 0xF2, 0xEA, 0xF2,
    0xEB, 0xF2, 0xEB, 0xF2, 0xEB, 0xF2, 0xEC, 0xF2,
    0xEC, 0xF2, 0xEC, 0xF2, 0xED, 0xF2, 0xED, 0xF2,
    0xED, 0xF2, 0xEE, 0xF2, 0xEE, 0xF2, 0xEE, 0xF2,
    0xEF, 0xF2, 0xEF, 0xF2, 0xEF, 0xF2, 0xEF, 0xF2,
    0xEF, 0xF2, 0xEF, 0xF2, 0xDF, 0xF2, 0xDF, 0xF2,
    0xDF, 0xF2, 0xCF, 0xF2, 0xCF, 0xF2, 0xCF, 0xF2,
    0xBF, 0xF2, 0xBF, 0xF1, 0xBF, 0xF2, 0xAF, 0xF2,
    0xAF, 0xF2, 0xAF, 0xF2, 0x9F, 0xF2, 0x9F, 0xF2,
    0x9F, 0xF2, 0x8F, 0xF2, 0x8F, 0xF2, 0x8F, 0xF2,
    0x7F, 0xF2, 0x7F, 0xF2, 0x7F, 0xF2, 0x6F, 0xF2,
    0x6F, 0xF2, 0x6F, 0xF2, 0x5F, 0xF2, 0x5F, 0xF2,
    0x5F, 0xF2, 0x4F, 0xF2, 0x4F, 0xF2, 0x4F, 0xF2,
    0x4F, 0xF2, 0x3F, 0xF2, 0x3F, 0xF2, 0x3F, 0xF2,
    0x2F, 0xF2, 0x2F, 0xF2, 0x2F, 0xF2, 0x1F, 0xF1,
    0x1F, 0xF1, 0x1F, 0xF2, 0x1F, 0xF2, 0x1F, 0xF2,
    0x1F, 0xF2, 0x1F, 0xF3, 0x1F, 0xF3, 0x1F, 0xF4,
    0x1F, 0xF4, 0x0F, 0xF4, 0x1F, 0xF5, 0x1F, 0xF5,
    0x1F, 0xF5, 0x1F, 0xF5, 0x1F, 0xF6, 0x1F, 0xF6,
    0x1F, 0xF7, 0x1F, 0xF7, 0x1F, 0xF7, 0x1F, 0xF7,
    0x1F, 0xF8, 0x1F, 0xF8, 0x1F, 0xF8, 0x1F, 0xF9,
    0x1F, 0xF9, 0x1F, 0xF9, 0x1F, 0xFA, 0x1F, 0xFA,
    0x1F, 0xFA, 0x1F, 0xFB, 0x1F, 0xFB, 0x1F, 0xFB,
    0x1F, 0xFC, 0x1F, 0xFC, 0x1F, 0xFC, 0x1F, 0xFD,
    0x1F, 0xFD, 0x1F, 0xFD, 0x1F, 0xFE, 0x1F, 0xFE,
    0x1F, 0xFE, 0x1F, 0xFF, 0x1F, 0xFF, 0x1F, 0xFF,
    0x1F, 0xFF, 0x1F, 0xFF, 0x1F, 0xFF, 0x1E, 0xFF,
    0x1E, 0xFF, 0x1E, 0xFF, 0x1D, 0xFF, 0x1D, 0xFF,
    0x1D, 0xFF, 0x1C, 0xFF, 0x1C, 0xFF, 0x1C, 0xFF,
    0x1B, 0xFF, 0x1B, 0xFF, 0x1B, 0xFF, 0x1A, 0xFF,
    0x1A, 0xFF, 0x1A, 0xFF, 0x1A, 0xFF, 0x19, 0xFF,
    0x19, 0xFF, 0x18, 0xFF, 0x18, 0xFF, 0x18, 0xFF,
    0x18, 0xFF, 0x17, 0xFF, 0x17, 0xFF, 0x17, 0xFF,
    0x16, 0xFF, 0x16, 0xFF, 0x16, 0xFF, 0x15, 0xFF,
    0x15, 0xFF, 0x15, 0xFF, 0x14, 0xFF, 0x14, 0xFF,
    0x14, 0xFF, 0x13, 0xFF, 0x13, 0xFF, 0x13, 0xFF,
    0x12, 0xFF, 0x12, 0xFF, 0x12, 0xFF, 0x12, 0xFF,
    0x12, 0xFF, 0x12, 0xFF, 0x22, 0xFF, 0x22, 0xFF,
    0x22, 0xFF, 0x32, 0xFF, 0x32, 0xFF, 0x32, 0xFF,
    0x42, 0xFF, 0x42, 0xFF, 0x42, 0xFF, 0x52, 0xFF,
    0x52, 0xFF, 0x52, 0xFF, 0x62, 0xFF, 0x62, 0xFF,
    0x62, 0xFF, 0x72, 0xFF, 0x72, 0xFF, 0x72, 0xFF,
    0x82, 0xFF, 0x82, 0xFF, 0x82, 0xFF, 0x92, 0xFF,
    0x92, 0xFF, 0x92, 0xFF, 0xA2, 0xFF, 0xA2, 0xFF,
    0xA2, 0xFF, 0xA2, 0xFF, 0xB2, 0xFF, 0xB2, 0xFF,
    0xC2, 0xFF, 0xC2, 0xFF, 0xC2, 0xFF, 0xD2, 0xFF,
    0xD2, 0xFF, 0xD2, 0xFF, 0xD2, 0xFF, 0xE2, 0xFF,
    0xE2, 0xFF, 0xE2, 0xFF, 0xE2, 0xFF, 0xE2, 0xFF,
    0xE2, 0xFE, 0xE2, 0xFE, 0xE2, 0xFE, 0xE2, 0xFD,
    0xE2, 0xFD, 0xE2, 0xFD, 0xE2, 0xFC, 0xE2, 0xFC,
    0xE2, 0xFC, 0xE2, 0xFC, 0xE2, 0xFB, 0xE2, 0xFB,
    0xE2, 0xFA, 0xE2, 0xFA, 0xE2, 0xFA, 0xE2, 0xFA,
    0xE2, 0xF9, 0xE2, 0xF9, 0xE2, 0xF9, 0xE2, 0xF8,
    0xE2, 0xF8, 0xE2, 0xF8, 0xE2, 0xF7, 0xE2, 0xF7,
    0xE2, 0xF7, 0xE2, 0xF6, 0xE2, 0xF6, 0xE2, 0xF6,
    0xE2, 0xF5, 0xE2, 0xF5, 0xE2, 0xF5, 0xE2, 0xF4,
    0xE2, 0xF4, 0xE2, 0xF4, 0xE2, 0xF3, 0xE2, 0xF3,
    0xE2, 0xF3, 0xE2, 0xF2, 0xE2, 0xF2, 0xE2, 0xF2,
    0xE1, 0xF1, 0xE2, 0xF2, 0xE2, 0xF2, 0xE2, 0xF1,
    0xE3, 0xF1, 0xE3, 0xF1, 0xE4, 0xF1, 0xE4, 0xF1,
    0xE4, 0xF2, 0xE4, 0xF2, 0xE5, 0xF1, 0xE5, 0xF1,
    0xE5, 0xF1, 0xE6, 0xF1, 0xE6, 0xF1, 0xE6, 0xF1,
    0xE7, 0xF1, 0xE7, 0xF1, 0xE7, 0xF1, 0xE8, 0xF1,
    0xE8, 0xF2, 0xE8, 0xF2, 0xE9, 0xF1, 0xE9, 0xF1,
    0xE9, 0xF1, 0xEA, 0xF1, 0xEA, 0xF1, 0xEA, 0xF1,
    0xEB, 0xF1, 0xEB, 0xF1, 0xEB, 0xF1, 0xEC, 0xF1,
    0xEC, 0xF1, 0xEC, 0xF2, 0xED, 0xF2, 0xED, 0xF2,
    0xED, 0xF1, 0xEE, 0xF2, 0xEE, 0xF2, 0xEE, 0xF2,
    0xEF, 0xF1, 0xEF, 0xF1, 0xEF, 0xF1, 0xEF, 0xF2,
    0xEF, 0xF1, 0xEF, 0xF1, 0xDF, 0xF1, 0xDF, 0xF1,
    0xDF, 0xF1, 0xCF, 0xF1, 0xCF, 0xF1, 0xBF, 0xF1,
    0xBF, 0xF1, 0xBF, 0xF1, 0xBF, 0xF1, 0xAF, 0xF1,
    0xAF, 0xF1, 0xAF, 0xF1, 0x9F, 0xF1, 0x9F, 0xF1,
    0x9F, 0xF1, 0x8F, 0xF1, 0x8F, 0xF1, 0x8F, 0xF1,
    0x7F, 0xF1, 0x7F, 0xF1, 0x7F, 0xF1, 0x6F, 0xF1,
    0x6F, 0xF2, 0x6F, 0xF1, 0x5F, 0xF1, 0x5F, 0xF1,
    0x5F, 0xF1, 0x4F, 0xF1, 0x4F, 0xF1, 0x4F, 0xF1,
    0x3F, 0xF1, 0x3F, 0xF1, 0x3F, 0xF1, 0x2F, 0xF1,
    0x2F, 0xF1, 0x2F, 0xF1, 0x1F, 0xF1, 0x1F, 0xF1,
    0x1F, 0xF1, 0x1F, 0xF2, 0x0F, 0xF2, 0x0F, 0xF2,
    0x0F, 0xF2, 0x0F, 0xF3, 0x0F, 0xF3, 0x0F, 0xF3,
    0x0F, 0xF4, 0x0F, 0xF4, 0x0F, 0xF4, 0x0F, 0xF5,
    0x0F, 0xF5, 0x1F, 0xF5, 0x0F, 0xF6, 0x0F, 0xF6,
    0x0F, 0xF6, 0x0F, 0xF7, 0x0F, 0xF7, 0x0F, 0xF7,
    0x0F, 0xF8, 0x0F, 0xF8, 0x0F, 0xF8, 0x0F, 0xF9,
    0x0F, 0xF9, 0x0F, 0xF9, 0x0F, 0xF9, 0x0F, 0xFA,
    0x0F, 0xFA, 0x0F, 0xFB, 0x0F, 0xFB, 0x0F, 0xFB,
    0x0F, 0xFB, 0x1F, 0xFC, 0x0F, 0xFC, 0x0F, 0xFD,
    0x0F, 0xFD, 0x0F, 0xFD, 0x0F, 0xFD, 0x0F, 0xFE,
    0x0F, 0xFE, 0x0F, 0xFF, 0x0F, 0xFF, 0x0F, 0xFF,
    0x0F, 0xFF, 0x0F, 0xFF, 0x0F, 0xFF, 0x0E, 0xFF,
    0x0E, 0xFF, 0x0E, 0xFF, 0x0D, 0xFF, 0x0D, 0xFF,
    0x0D, 0xFF, 0x0C, 0xFF, 0x1C, 0xFF, 0x0C, 0xFF,
    0x0B, 0xFF, 0x0B, 0xFF, 0x0B, 0xFF, 0x0A, 0xFF,
    0x0A, 0xFF, 0x0A, 0xFF, 0x09, 0xFF, 0x09, 0xFF,
    0x09, 0xFF, 0x08, 0xFF, 0x08, 0xFF, 0x08, 0xFF,
    0x07, 0xFF, 0x07, 0xFF, 0x07, 0xFF, 0x06, 0xFF,
    0x06, 0xFF, 0x16, 0xFF, 0x15, 0xFF, 0x15, 0xFF,
    0x05, 0xFF, 0x05, 0xFF, 0x04, 0xFF, 0x04, 0xFF,
    0x03, 0xFF, 0x03, 0xFF, 0x03, 0xFF, 0x03, 0xFF,
    0x02, 0xFF, 0x02, 0xFF, 0x12, 0xFF, 0x11, 0xFF,
    0x11, 0xFF, 0x11, 0xFF, 0x11, 0xFF, 0x21, 0xFF,
    0x21, 0xFF, 0x31, 0xFF, 0x31, 0xFF, 0x31, 0xFF,
    0x31, 0xFF, 0x41, 0xFF, 0x41, 0xFF, 0x51, 0xFF,
    0x51, 0xFF, 0x51, 0xFF, 0x51, 0xFF, 0x62, 0xFF,
    0x61, 0xFF, 0x71, 0xFF, 0x71, 0xFF, 0x71, 0xFF,
    0x71, 0xFF, 0x81, 0xFF, 0x81, 0xFF, 0x81, 0xFF,
    0x91, 0xFF, 0x91, 0xFF, 0x91, 0xFF, 0xA1, 0xFF,
    0xA1, 0xFF, 0xB1, 0xFF, 0xB1, 0xFF, 0xB1, 0xFF,
    0xC1, 0xFF, 0xC1, 0xFF, 0xC2, 0xFF, 0xC1, 0xFF,
    0xD1, 0xFF, 0xD1, 0xFF, 0xD1, 0xFF, 0xE1, 0xFF,
    0xE1, 0xFF, 0xE1, 0xFF, 0xE1, 0xFF, 0xE1, 0xFF,
    0xE1, 0xFE, 0xE1, 0xFE, 0xE1, 0xFE, 0xE1, 0xFE,
    0xE1, 0xFD, 0xE1, 0xFD, 0xE1, 0xFC, 0xE1, 0xFC,
    0xE1, 0xFC, 0xE1, 0xFC, 0xE1, 0xFB, 0xE1, 0xFB,
    0xE1, 0xFA, 0xE1, 0xFA, 0xE1, 0xFA, 0xE1, 0xFA,
    0xE1, 0xF9, 0xE1, 0xF9, 0xE1, 0xF8, 0xE1, 0xF8,
    0xE1, 0xF8, 0xE1, 0xF8, 0xE1, 0xF7, 0xE1, 0xF7,
    0xE1, 0xF7, 0xE1, 0xF6, 0xE1, 0xF6, 0xE1, 0xF5,
    0xE1, 0xF5, 0xE1, 0xF5, 0xE1, 0xF4, 0xE1, 0xF4,
    0xE1, 0xF4, 0xE1, 0xF4, 0xE1, 0xF3, 0xE1, 0xF3,
    0xE1, 0xF3, 0xE1, 0xF2, 0xE1, 0xF2, 0xE1, 0xF2,
    0xE1, 0xF1, 0xE2, 0xF1, 0xE2, 0xF1, 0xE2, 0xF1,
    0xE3, 0xF1, 0xE3, 0xF1, 0xE3, 0xF1, 0xE4, 0xF1,
    0xE4, 0xF1, 0xE4, 0xF1, 0xE5, 0xF1, 0xE5, 0xF1,
    0xE5, 0xF1, 0xE6, 0xF1, 0xE6, 0xF1, 0xE6, 0xF1,
    0xE7, 0xF1, 0xE7, 0xF1, 0xE7, 0xF1, 0xE8, 0xF1,
    0xE8, 0xF1, 0xE8, 0xF1, 0xE9, 0xF1, 0xE9, 0xF1,
    0xE9, 0xF1, 0xEA, 0xF1, 0xEA, 0xF1, 0xEA, 0xF1,
    0xEB, 0xF1, 0xEB, 0xF1, 0xEB, 0xF1, 0xEC, 0xF1,
    0xEC, 0xF1, 0xEC, 0xF1, 0xED, 0xF1, 0xED, 0xF1,
    0xED, 0xF1, 0xEE, 0xF1, 0xEE, 0xF1, 0xEE, 0xF1,
    0xEF, 0xF1, 0xEF, 0xF1, 0xEF, 0xF1, 0xEF, 0xF2,
    0xEF, 0xF1, 0xEF, 0xF1, 0xDF, 0xF1, 0xDF, 0xF1,
    0xDF, 0xF1, 0xCF, 0xF1, 0xCF, 0xF1, 0xBF, 0xF1,
    0xBF, 0xF1, 0xBF, 0xF1, 0xAF, 0xF1, 0xAF, 0xF1,
    0xAF, 0xF1, 0xAF, 0xF1, 0x9F, 0xF1, 0x9F, 0xF1,
    0x9F, 0xF1, 0x8F, 0xF1, 0x8F, 0xF1, 0x8F, 0xF1,
    0x7F, 0xF1, 0x7F, 0xF1, 0x7F, 0xF1, 0x6F, 0xF1,
    0x6F, 0xF1, 0x6F, 0xF1, 0x5F, 0xF1, 0x5F, 0xF1,
    0x5F, 0xF1, 0x4F, 0xF1, 0x4F, 0xF1, 0x4F, 0xF1,
    0x3F, 0xF1, 0x3F, 0xF1, 0x3F, 0xF1, 0x2F, 0xF1,
    0x2F, 0xF1, 0x2F, 0xF1, 0x1F, 0xF1, 0x1F, 0xF1,
    0x1F, 0xF1, 0x0F, 0xF1, 0x0F, 0xF2, 0x0F, 0xF2,
    0x0F, 0xF2, 0x0F, 0xF3, 0x0F, 0xF3, 0x0F, 0xF3,
    0x0F, 0xF4, 0x0F, 0xF4, 0x0F, 0xF4, 0x0F, 0xF5,
    0x0F, 0xF5, 0x0F, 0xF5, 0x0F, 0xF6, 0x0F, 0xF6,
    0x0F, 0xF6, 0x0F, 0xF7, 0x0F, 0xF7, 0x0F, 0xF7,
    0x0F, 0xF7, 0x0F, 0xF8, 0x0F, 0xF8, 0x0F, 0xF9,
    0x0F, 0xF9, 0x0F, 0xF9, 0x0F, 0xF9, 0x0F, 0xFA,
    0x0F, 0xFA, 0x0F, 0xFB, 0x0F, 0xFB, 0x0F, 0xFB,
    0x0F, 0xFB, 0x0F, 0xFC, 0x0F, 0xFC, 0x0F, 0xFD,
    0x0F, 0xFD, 0x0F, 0xFD, 0x0F, 0xFD, 0x0F, 0xFE,
    0x0F, 0xFE, 0x0F, 0xFF, 0x0F, 0xFF, 0x0F, 0xFF,
    0x0F, 0xFF, 0x0F, 0xFF, 0x0F, 0xFF, 0x0E, 0xFF,
    0x0E, 0xFF, 0x0E, 0xFF, 0x0D, 0xFF, 0x0D, 0xFF,
    0x0D, 0xFF, 0x0C, 0xFF, 0x0C, 0xFF, 0x0C, 0xFF,
    0x0B, 0xFF, 0x0B, 0xFF, 0x0B, 0xFF, 0x0A, 0xFF,
    0x0A, 0xFF, 0x0A, 0xFF, 0x09, 0xFF, 0x09, 0xFF,
    0x09, 0xFF, 0x08, 0xFF, 0x08, 0xFF, 0x08, 0xFF,
    0x07, 0xFF, 0x07, 0xFF, 0x07, 0xFF, 0x06, 0xFF,
    0x06, 0xFF, 0x06, 0xFF, 0x05, 0xFF, 0x05, 0xFF,
    0x05, 0xFF, 0x04, 0xFF, 0x04, 0xFF, 0x04, 0xFF,
    0x03, 0xFF, 0x03, 0xFF, 0x03, 0xFF, 0x02, 0xFF,
    0x02, 0xFF, 0x02, 0xFF, 0x01, 0xFF, 0x11, 0xFF,
    0x11, 0xFF, 0x11, 0xFF, 0x11, 0xFF, 0x21, 0xFF,
    0x21, 0xFF, 0x31, 0xFF, 0x31, 0xFF, 0x31, 0xFF,
    0x31, 0xFF, 0x41, 0xFF, 0x41, 0xFF, 0x51, 0xFF,
    0x51, 0xFF, 0x51, 0xFF, 0x51, 0xFF, 0x61, 0xFF,
    0x61, 0xFF, 0x71, 0xFF, 0x71, 0xFF, 0x71, 0xFF,
    0x71, 0xFF, 0x81, 0xFF, 0x81, 0xFF, 0x81, 0xFF,
    0x91, 0xFF, 0x91, 0xFF, 0x91, 0xFF, 0xA1, 0xFF,
    0xA1, 0xFF, 0xA1, 0xFF, 0xB1, 0xFF, 0xB1, 0xFF,
    0xC1, 0xFF, 0xC1, 0xFF, 0xC1, 0xFF, 0xC1, 0xFF,
    0xD1, 0xFF, 0xD1, 0xFF, 0xE1, 0xFF, 0xE1, 0xFF,
    0xE1, 0xFF, 0xE1, 0xFF, 0xE1, 0xFF, 0xE1, 0xFF,
    0xE1, 0xFE, 0xE1, 0xFE, 0xE1, 0xFE, 0xE1, 0xFE,
    0xE1, 0xFD, 0xE1, 0xFD, 0xE1, 0xFC, 0xE1, 0xFC,
    0xE1, 0xFC, 0xE1, 0xFC, 0xE1, 0xFB, 0xE1, 0xFB,
    0xE1, 0xFA, 0xE1, 0xFA, 0xE1, 0xFA, 0xE1, 0xFA,
    0xE1, 0xF9, 0xE1, 0xF9, 0xE1, 0xF8, 0xE1, 0xF8,
    0xE1, 0xF8, 0xE1, 0xF8, 0xE1, 0xF7, 0xE1, 0xF7,
    0xE1, 0xF6, 0xE1, 0xF6, 0xE1, 0xF6, 0xE1, 0xF5,
    0xE1, 0xF5, 0xE1, 0xF5, 0xE1, 0xF4, 0xE1, 0xF4,
    0xE1, 0xF4, 0xE1, 0xF3, 0xE1, 0xF3, 0xE1, 0xF3,
    0xE1, 0xF2, 0xE1, 0xF2, 0xE1, 0xF2, 0xE1, 0xF2,
    0xE1, 0xF1, 0xE2, 0xF1, 0xE2, 0xF1, 0xE2, 0xF1,
    0xE3, 0xF1, 0xE3, 0xF1, 0xE3, 0xF1, 0xE4, 0xF1,
    0xE4, 0xF1, 0xE4, 0xF1, 0xE5, 0xF1, 0xE5, 0xF1,
    0xE5, 0xF1, 0xE6, 0xF1, 0xE6, 0xF1, 0xE6, 0xF1,
    0xE7, 0xF1, 0xE7, 0xF1, 0xE7, 0xF1, 0xE8, 0xF1,
    0xE8, 0xF1, 0xE8, 0xF1, 0xE9, 0xF1, 0xE9, 0xF1,
    0xE9, 0xF1, 0xEA, 0xF1, 0xEA, 0xF1, 0xEA, 0xF1,
    0xEB, 0xF1, 0xEB, 0xF1, 0xEB, 0xF1, 0xEC, 0xF1,
    0xEC, 0xF1, 0xEC, 0xF1, 0xED, 0xF1, 0xED, 0xF1,
    0xED, 0xF1, 0xEE, 0xF1, 0xEE, 0xF1, 0xEE, 0xF1,
    0xEF, 0xF1, 0xEF, 0xF1, 0xEF, 0xF1, 0xEF, 0xF1,
    0xEF, 0xF1, 0xEF, 0xF1, 0xDF, 0xF1, 0xDF, 0xF1,
    0xDF, 0xF1, 0xCF, 0xF1, 0xCF, 0xF1, 0xBF, 0xF1,
    0xBF, 0xF1, 0xBF, 0xF1, 0xAF, 0xF1, 0xAF, 0xF1,
    0xAF, 0xF1, 0xAF, 0xF1, 0x9F, 0xF1, 0x9F, 0xF1,
    0x9F, 0xF1, 0x8F, 0xF1, 0x8F, 0xF1, 0x7F, 0xF1,
    0x7F, 0xF1, 0x7F, 0xF1, 0x7F, 0xF1, 0x6F, 0xF1,
    0x6F, 0xF1, 0x6F, 0xF1, 0x5F, 0xF1, 0x5F, 0xF1,
    0x5F, 0xF1, 0x4F, 0xF1, 0x4F, 0xF1, 0x4F, 0xF1,
    0x3F, 0xF1, 0x3F, 0xF1, 0x3F, 0xF1, 0x2F, 0xF1,
    0x2F, 0xF1, 0x1F, 0xF1, 0x1F, 0xF1, 0x1F, 0xF1,
    0x1F, 0xF1, 0x0F, 0xF1, 0x0F, 0xF2, 0x0F, 0xF2,
    0x0F, 0xF2, 0x0F, 0xF2, 0x0F, 0xF3, 0x0F, 0xF3,
    0x0F, 0xF4, 0x0F, 0xF4, 0x0F, 0xF4, 0x0F, 0xF5,
    0x0F, 0xF5, 0x0F, 0xF5, 0x0F, 0xF5, 0x0F, 0xF6,
    0x0F, 0xF6, 0x0F, 0xF7, 0x0F, 0xF7, 0x0F, 0xF7,
    0x0F, 0xF7, 0x0F, 0xF8, 0x0F, 0xF8, 0x0F, 0xF9,
    0x0F, 0xF9, 0x0F, 0xF9, 0x0F, 0xF9, 0x0F, 0xFA,
    0x0F, 0xFA, 0x0F, 0xFB, 0x0F, 0xFB, 0x0F, 0xFB,
    0x0F, 0xFB, 0x0F, 0xFC, 0x0F, 0xFC, 0x0F, 0xFD,
    0x0F, 0xFD, 0x0F, 0xFD, 0x0F, 0xFD, 0x0F, 0xFE,
    0x0F, 0xFE, 0x0F, 0xFF, 0x0F, 0xFF, 0x0F, 0xFF,
    0x0F, 0xFF, 0x0F, 0xFF, 0x0F, 0xFF, 0x0E, 0xFF,
    0x0E, 0xFF, 0x0E, 0xFF, 0x0D, 0xFF, 0x0D, 0xFF,
    0x0D, 0xFF, 0x0C, 0xFF, 0x0C, 0xFF, 0x0C, 0xFF,
    0x0B, 0xFF, 0x0B, 0xFF, 0x0B, 0xFF, 0x0A, 0xFF,
    0x0A, 0xFF, 0x0A, 0xFF, 0x09, 0xFF, 0x09, 0xFF,
    0x09, 0xFF, 0x08, 0xFF, 0x08, 0xFF, 0x08, 0xFF,
    0x07, 0xFF, 0x07, 0xFF, 0x07, 0xFF, 0x06, 0xFF,
    0x06, 0xFF, 0x06, 0xFF, 0x05, 0xFF, 0x05, 0xFF,
    0x05, 0xFF, 0x04, 0xFF, 0x04, 0xFF, 0x04, 0xFF,
    0x03, 0xFF, 0x03, 0xFF, 0x03, 0xFF, 0x02, 0xFF,
    0x02, 0xFF, 0x02, 0xFF, 0x01, 0xFF, 0x01, 0xFF,
    0x11, 0xFF, 0x11, 0xFF, 0x11, 0xFF, 0x21, 0xFF,
    0x21, 0xFF, 0x21, 0xFF, 0x31, 0xFF, 0x31, 0xFF,
    0x31, 0xFF, 0x41, 0xFF, 0x41, 0xFF, 0x51, 0xFF,
    0x51, 0xFF, 0x51, 0xFF, 0x51, 0xFF, 0x61, 0xFF,
    0x61, 0xFF, 0x61, 0xFF, 0x71, 0xFF, 0x71, 0xFF,
    0x71, 0xFF, 0x81, 0xFF, 0x81, 0xFF, 0x81, 0xFF,
    0x91, 0xFF, 0x91, 0xFF, 0x91, 0xFF, 0xA1, 0xFF,
    0xA1, 0xFF, 0xA1, 0xFF, 0xB1, 0xFF, 0xB1, 0xFF,
    0xC1, 0xFF, 0xC1, 0xFF, 0xC1, 0xFF, 0xC1, 0xFF,
    0xD1, 0xFF, 0xD1, 0xFF, 0xD1, 0xFF, 0xE1, 0xFF,
    0xE1, 0xFF, 0xE1, 0xFF, 0xE1, 0xFF, 0xE1, 0xFF,
    0xE1, 0xFE, 0xE1, 0xFE, 0xE1, 0xFE, 0xE1, 0xFE,
    0xE1, 0xFD, 0xE1, 0xFD, 0xE1, 0xFC, 0xE1, 0xFC,
    0xE1, 0xFC, 0xE1, 0xFC, 0xE1, 0xFB, 0xE1, 0xFB,
    0xE1, 0xFA, 0xE1, 0xFA, 0xE1, 0xFA, 0xE1, 0xFA,
    0xE1, 0xF9, 0xE1, 0xF9, 0xE1, 0xF8, 0xE1, 0xF8,
    0xE1, 0xF8, 0xE1, 0xF7, 0xE1, 0xF7, 0xE1, 0xF7,
    0xE1, 0xF6, 0xE1, 0xF6, 0xE1, 0xF6, 0xE1, 0xF5,
    0xE1, 0xF5, 0xE1, 0xF5, 0xE1, 0xF4, 0xE1, 0xF4,
    0xE1, 0xF4, 0xE1, 0xF3, 0xE1, 0xF3, 0xE1, 0xF3,
    0xE1, 0xF2, 0xE1, 0xF2, 0xE1, 0xF2, 0xE1, 0xF1,
    0xE1, 0xF1, 0xE1, 0xF1, 0xE2, 0xF1, 0xE2, 0xF1,
    0xE2, 0xF1, 0xE3, 0xF1, 0xE3, 0xF1, 0xE3, 0xF1,
    0xE4, 0xF1, 0xE4, 0xF1, 0xE5, 0xF1, 0xE5, 0xF1,
    0xE5, 0xF1, 0xE6, 0xF1, 0xE6, 0xF1, 0xE6, 0xF1,
    0xE7, 0xF1, 0xE7, 0xF1, 0xE7, 0xF1, 0xE8, 0xF1,
    0xE8, 0xF1, 0xE8, 0xF1, 0xE8, 0xF1, 0xE9, 0xF1,
    0xE9, 0xF1, 0xEA, 0xF1, 0xEA, 0xF1, 0xEA, 0xF1,
    0xEB, 0xF1, 0xEB, 0xF1, 0xEB, 0xF1, 0xEC, 0xF1,
    0xEC, 0xF1, 0xEC, 0xF1, 0xED, 0xF1, 0xED, 0xF1,
    0xED, 0xF1, 0xEE, 0xF1, 0xEE, 0xF1, 0xEE, 0xF1,
    0xEF, 0xF1, 0xEF, 0xF1, 0xEF, 0xF1, 0xEF, 0xF1,
    0xEF, 0xF1, 0xEF, 0xF1, 0xDF, 0xF1, 0xDF, 0xF1,
    0xDF, 0xF1, 0xCF, 0xF1, 0xCF, 0xF1, 0xBF, 0xF1,
    0xBF, 0xF1, 0xBF, 0xF1, 0xAF, 0xF1, 0xAF, 0xF1,
    0xAF, 0xF1, 0x9F, 0xF1, 0x9F, 0xF1, 0x9F, 0xF1,
    0x8F, 0xF1, 0x8F, 0xF1, 0x8F, 0xF1, 0x7F, 0xF1,
    0x7F, 0xF1, 0x7F, 0xF1, 0x7F, 0xF1, 0x6F, 0xF1,
    0x6F, 0xF1, 0x5F, 0xF1, 0x5F, 0xF1, 0x5F, 0xF1,
    0x4F, 0xF1, 0x4F, 0xF1, 0x4F, 0xF1, 0x3F, 0xF1,
    0x3F, 0xF1, 0x3F, 0xF1, 0x3F, 0xF1, 0x2F, 0xF1,
    0x2F, 0xF1, 0x1F, 0xF1, 0x1F, 0xF1, 0x1F, 0xF1,
    0x0F, 0xF1, 0x0F, 0xF1, 0x0F, 0xF1, 0x0F, 0xF2,
    0x0F, 0xF2, 0x0F, 0xF2, 0x0F, 0xF3, 0x0F, 0xF3,
    0x0F, 0xF3, 0x0F, 0xF4, 0x0F, 0xF4, 0x0F, 0xF5,
    0x0F, 0xF5, 0x0F, 0xF5, 0x0F, 0xF5, 0x0F, 0xF6,
    0x0F, 0xF6, 0x0F, 0xF7, 0x0F, 0xF7, 0x0F, 0xF7,
    0x0F, 0xF7, 0x0F, 0xF8, 0x0F, 0xF8, 0x0F, 0xF9,
    0x0F, 0xF9, 0x0F, 0xF9, 0x0F, 0xF9, 0x0F, 0xFA,
    0x0F, 0xFA, 0x0F, 0xFB, 0x0F, 0xFB, 0x0F, 0xFB,
    0x0F, 0xFB, 0x0F, 0xFC, 0x0F, 0xFC, 0x0F, 0xFD,
    0x0F, 0xFD, 0x0F, 0xFD, 0x0F, 0xFD, 0x0F, 0xFE,
    0x0F, 0xFE, 0x0F, 0xFF, 0x0F, 0xFF, 0x0F, 0xFF,
    0x0F, 0xFF, 0x0F, 0xFF, 0x0F, 0xFF, 0x0E, 0xFF,
    0x0E, 0xFF, 0x0E, 0xFF, 0x0D, 0xFF, 0x0D, 0xFF,
    0x0D, 0xFF, 0x0C, 0xFF, 0x0C, 0xFF, 0x0C, 0xFF,
    0x0B, 0xFF, 0x0B, 0xFF, 0x0B, 0xFF, 0x0A, 0xFF,
    0x0A, 0xFF, 0x09, 0xFF, 0x09, 0xFF, 0x09, 0xFF,
    0x09, 0xFF, 0x08, 0xFF, 0x08, 0xFF, 0x08, 0xFF,
    0x07, 0xFF, 0x07, 0xFF, 0x07, 0xFF, 0x06, 0xFF,
    0x06, 0xFF, 0x06, 0xFF, 0x05, 0xFF, 0x05, 0xFF,
    0x04, 0xFF, 0x04, 0xFF, 0x04, 0xFF, 0x03, 0xFF,
    0x03, 0xFF, 0x03, 0xFF, 0x02, 0xFF, 0x02, 0xFF,
    0x02, 0xFF, 0x01, 0xFF, 0x01, 0xFF, 0x01, 0xFF,
    0x11, 0xFF, 0x11, 0xFF, 0x11, 0xFF, 0x21, 0xFF,
    0x21, 0xFF, 0x21, 0xFF, 0x31, 0xFF, 0x31, 0xFF,
    0x31, 0xFF, 0x41, 0xFF, 0x41, 0xFF, 0x41, 0xFF,
    0x51, 0xFF, 0x51, 0xFF, 0x51, 0xFF, 0x61, 0xFF,
    0x61, 0xFF, 0x61, 0xFF, 0x71, 0xFF, 0x71, 0xFF,
    0x71, 0xFF, 0x71, 0xFF, 0x81, 0xFF, 0x81, 0xFF,
    0x91, 0xFF, 0x91, 0xFF, 0x91, 0xFF, 0xA1, 0xFF,
    0xA1, 0xFF, 0xA1, 0xFF, 0xB1, 0xFF, 0xB1, 0xFF,
    0xB1, 0xFF, 0xC1, 0xFF, 0xC1, 0xFF, 0xC1, 0xFF,
    0xD1, 0xFF, 0xD1, 0xFF, 0xD1, 0xFF, 0xE1, 0xFF,
    0xE1, 0xFF, 0xE1, 0xFF, 0xE1, 0xFF, 0xE1, 0xFF,
    0xE1, 0xFE, 0xE1, 0xFE, 0xE1, 0xFE, 0xE1, 0xFD,
    0xE1, 0xFD, 0xE1, 0xFD, 0xE1, 0xFC, 0xE1, 0xFC,
    0xE1, 0xFC, 0xE1, 0xFC, 0xE1, 0xFB, 0xE1, 0xFB,
    0xE1, 0xFA, 0xE1, 0xFA, 0xE1, 0xFA, 0xE1, 0xF9,
    0xE1, 0xF9, 0xE1, 0xF9, 0xE1, 0xF8, 0xE1, 0xF8,
    0xE1, 0xF8, 0xE1, 0xF7, 0xE1, 0xF7, 0xE1, 0xF7,
    0xE1, 0xF6, 0xE1, 0xF6, 0xE1, 0xF6, 0xE1, 0xF5,
    0xE1, 0xF5, 0xE1, 0xF5, 0xE1, 0xF4, 0xE1, 0xF4,
    0xE1, 0xF4, 0xE1, 0xF3, 0xE1, 0xF3, 0xE1, 0xF3,
    0xE1, 0xF2, 0xE1, 0xF2, 0xE1, 0xF2, 0xE1, 0xF1,
    0xE1, 0xF1, 0xE1, 0xF1, 0xE2, 0xF1, 0xE2, 0xF1,
    0xE2, 0xF1, 0xE3, 0xF1, 0xE3, 0xF1, 0xE3, 0xF1,
    0xE4, 0xF1, 0xE4, 0xF1, 0xE4, 0xF1, 0xE5, 0xF1,
    0xE5, 0xF1, 0xE5, 0xF1, 0xE6, 0xF1, 0xE6, 0xF1,
    0xE6, 0xF1, 0xE7, 0xF1, 0xE7, 0xF1, 0xE7, 0xF1,
    0xE8, 0xF1, 0xE8, 0xF1, 0xE8, 0xF1, 0xE9, 0xF1,
    0xE9, 0xF1, 0xEA, 0xF1, 0xEA, 0xF1, 0xEA, 0xF1,
    0xEB, 0xF1, 0xEB, 0xF1, 0xEB, 0xF1, 0xEC, 0xF1,
    0xEC, 0xF1, 0xEC, 0xF1, 0xED, 0xF1, 0xED, 0xF1,
    0xED, 0xF1, 0xEE, 0xF1, 0xEE, 0xF1, 0xEE, 0xF1,
    0xEF, 0xF1, 0xEF, 0xF1, 0xEF, 0xF1, 0xEF, 0xF1,
    0xEF, 0xF1, 0xEF, 0xF1, 0xDF, 0xF1, 0xDF, 0xF1,
    0xCF, 0xF1, 0xCF, 0xF1, 0xCF, 0xF1, 0xBF, 0xF1,
    0xBF, 0xF1, 0xBF, 0xF1, 0xAF, 0xF1, 0xAF, 0xF1,
    0xAF, 0xF1, 0x9F, 0xF1, 0x9F, 0xF1, 0x9F, 0xF1,
    0x8F, 0xF1, 0x8F, 0xF1, 0x8F, 0xF1, 0x7F, 0xF1,
    0x7F, 0xF1, 0x7F, 0xF1, 0x7F, 0xF1, 0x6F, 0xF1,
    0x6F, 0xF1, 0x5F, 0xF1, 0x5F, 0xF1, 0x5F, 0xF1,
    0x4F, 0xF1, 0x4F, 0xF1, 0x4F, 0xF1, 0x3F, 0xF1,
    0x3F, 0xF1, 0x3F, 0xF1, 0x2F, 0xF1, 0x2F, 0xF1,
    0x2F, 0xF1, 0x1F, 0xF1, 0x1F, 0xF1, 0x1F, 0xF1,
    0x0F, 0xF1, 0x0F, 0xF1, 0x0F, 0xF1, 0x0F, 0xF2,
    0x0F, 0xF2, 0x0F, 0xF2, 0x0F, 0xF3, 0x0F, 0xF3,
    0x0F, 0xF3, 0x0F, 0xF4, 0x0F, 0xF4, 0x0F, 0xF4,
    0x0F, 0xF5, 0x0F, 0xF5, 0x0F, 0xF5, 0x0F, 0xF6,
    0x0F, 0xF6, 0x0F, 0xF6, 0x0F, 0xF7, 0x0F, 0xF7,
    0x0F, 0xF7, 0x0F, 0xF8, 0x0F, 0xF8, 0x0F, 0xF8,
    0x0F, 0xF9, 0x0F, 0xF9, 0x0F, 0xF9, 0x0F, 0xFA,
    0x0F, 0xFA, 0x0F, 0xFA, 0x0F, 0xFB, 0x0F, 0xFB,
    0x0F, 0xFB, 0x0F, 0xFC, 0x0F, 0xFC, 0x0F, 0xFC,
    0x0F, 0xFD, 0x0F, 0xFD, 0x0F, 0xFD, 0x0F, 0xFE,
    0x0F, 0xFE, 0x0F, 0xFF, 0x0F, 0xFF, 0x0F, 0xFF,
    0x0F, 0xFF, 0x0F, 0xFF, 0x0F, 0xFF, 0x0E, 0xFF,
    0x0E, 0xFF, 0x0E, 0xFF, 0x0D, 0xFF, 0x0D, 0xFF,
    0x0D, 0xFF, 0x0C, 0xFF, 0x0C, 0xFF, 0x0B, 0xFF,
    0x0B, 0xFF, 0x0B, 0xFF, 0x0B, 0xFF, 0x0A, 0xFF,
    0x0A, 0xFF, 0x09, 0xFF, 0x09, 0xFF, 0x09, 0xFF,
    0x09, 0xFF, 0x08, 0xFF, 0x08, 0xFF, 0x07, 0xFF,
    0x07, 0xFF, 0x07, 0xFF, 0x06, 0xFF, 0x06, 0xFF,
    0x06, 0xFF, 0x05, 0xFF, 0x05, 0xFF, 0x05, 0xFF,
    0x04, 0xFF, 0x04, 0xFF, 0x04, 0xFF, 0x03, 0xFF,
    0x03, 0xFF, 0x03, 0xFF, 0x02, 0xFF, 0x02, 0xFF,
    0x02, 0xFF, 0x01, 0xFF, 0x01, 0xFF, 0x01, 0xFF,
    0x01, 0xFF, 0x11, 0xFF, 0x11, 0xFF, 0x11, 0xFF,
    0x21, 0xFF, 0x21, 0xFF, 0x21, 0xFF, 0x31, 0xFF,
    0x31, 0xFF, 0x31, 0xFF, 0x41, 0xFF, 0x41, 0xFF,
    0x51, 0xFF, 0x51, 0xFF, 0x51, 0xFF, 0x51, 0xFF,
    0x61, 0xFF, 0x61, 0xFF, 0x71, 0xFF, 0x71, 0xFF,
    0x71, 0xFF, 0x71, 0xFF, 0x81, 0xFF, 0x81, 0xFF,
    0x91, 0xFF, 0x91, 0xFF, 0x91, 0xFF, 0x91, 0xFF,
    0xA1, 0xFF, 0xA1, 0xFF, 0xB1, 0xFF, 0xB1, 0xFF,
    0xB1, 0xFF, 0xC1, 0xFF, 0xC1, 0xFF, 0xC1, 0xFF,
    0xD1, 0xFF, 0xD1, 0xFF, 0xD1, 0xFF, 0xE1, 0xFF,
    0xE1, 0xFF, 0xE1, 0xFF, 0xE1, 0xFF, 0xE1, 0xFE,
    0xE1, 0xFE, 0xE1, 0xFE, 0xE1, 0xFE, 0xE1, 0xFD,
    0xE1, 0xFD, 0xE1, 0xFD, 0xE1, 0xFC, 0xE1, 0xFC,
    0xE1, 0xFC, 0xE1, 0xFB, 0xE1, 0xFB, 0xE1, 0xFB,
    0xE1, 0xFA, 0xE1, 0xFA, 0xE1, 0xFA, 0xE1, 0xF9,
    0xE1, 0xF9, 0xE1, 0xF9, 0xE1, 0xF8, 0xE1, 0xF8,
    0xE1, 0xF7, 0xE1, 0xF7, 0xE1, 0xF7, 0xE1, 0xF7,
    0xE1, 0xF6, 0xE1, 0xF6, 0xE1, 0xF5, 0xE1, 0xF5,
    0xE1, 0xF5, 0xE1, 0xF4, 0xE1, 0xF4, 0xE1, 0xF4,
    0xE1, 0xF3, 0xE1, 0xF3, 0xE1, 0xF3, 0xE1, 0xF2,
    0xE1, 0xF2, 0xE1, 0xF2, 0xE1, 0xF1, 0xE1, 0xF1,
    0xE1, 0xF1, 0xE1, 0xF1, 0xE2, 0xF1, 0xE2, 0xF1,
    0xE2, 0xF1, 0xE3, 0xF1, 0xE3, 0xF1, 0xE3, 0xF1,
    0xE4, 0xF1, 0xE4, 0xF1, 0xE4, 0xF1, 0xE5, 0xF1,
    0xE5, 0xF1, 0xE5, 0xF1, 0xE6, 0xF1, 0xE6, 0xF1,
    0xE6, 0xF1, 0xE7, 0xF1, 0xE7, 0xF1, 0xE7, 0xF1,
    0xE8, 0xF1, 0xE8, 0xF1, 0xE8, 0xF1, 0xE9, 0xF1,
    0xE9, 0xF1, 0xE9, 0xF1, 0xEA, 0xF1, 0xEA, 0xF1,
    0xEB, 0xF1, 0xEB, 0xF1, 0xEB, 0xF1, 0xEB, 0xF1,
    0xEC, 0xF1, 0xEC, 0xF1, 0xED, 0xF1, 0xED, 0xF1,
    0xED, 0xF1, 0xEE, 0xF1, 0xEE, 0xF1, 0xEE, 0xF1,
    0xEF, 0xF1, 0xEF, 0xF1, 0xEF, 0xF1, 0xEF, 0xF1,
    0xEF, 0xF1, 0xEF, 0xF1, 0xDF, 0xF1, 0xDF, 0xF1,
    0xCF, 0xF1, 0xCF, 0xF1, 0xCF, 0xF1, 0xBF, 0xF1,
    0xBF, 0xF1, 0xBF, 0xF1, 0xAF, 0xF1, 0xAF, 0xF1,
    0xAF, 0xF1, 0x9F, 0xF1, 0x9F, 0xF1, 0x9F, 0xF1,
    0x8F, 0xF1, 0x8F, 0xF1, 0x8F, 0xF1, 0x7F, 0xF1,
    0x7F, 0xF1, 0x7F, 0xF1, 0x6F, 0xF1, 0x6F, 0xF1,
    0x6F, 0xF1, 0x5F, 0xF1, 0x5F, 0xF1, 0x5F, 0xF1,
    0x4F, 0xF1, 0x4F, 0xF1, 0x4F, 0xF1, 0x3F, 0xF1,
    0x3F, 0xF1, 0x3F, 0xF1, 0x2F, 0xF1, 0x2F, 0xF1,
    0x1F, 0xF1, 0x1F, 0xF1, 0x1F, 0xF1, 0x0F, 0xF1,
    0x0F, 0xF1, 0x0F, 0xF1, 0x0F, 0xF1, 0x0F, 0xF2,
    0x0F, 0xF2, 0x0F, 0xF2, 0x0F, 0xF2, 0x0F, 0xF3,
    0x0F, 0xF3, 0x0F, 0xF4, 0x0F, 0xF4, 0x0F, 0xF4,
    0x0F, 0xF5, 0x0F, 0xF5, 0x0F, 0xF5, 0x0F, 0xF6,
    0x0F, 0xF6, 0x0F, 0xF6, 0x0F, 0xF7, 0x0F, 0xF7,
    0x0F, 0xF7, 0x0F, 0xF8, 0x0F, 0xF8, 0x0F, 0xF8,
    0x0F, 0xF9, 0x0F, 0xF9, 0x0F, 0xF9, 0x0F, 0xFA,
    0x0F, 0xFA, 0x0F, 0xFA, 0x0F, 0xFB, 0x0F, 0xFB,
    0x0F, 0xFB, 0x0F, 0xFC, 0x0F, 0xFC, 0x0F, 0xFC,
    0x0F, 0xFD, 0x0F, 0xFD, 0x0F, 0xFD, 0x0F, 0xFE,
    0x0F, 0xFE, 0x0F, 0xFF, 0x0F, 0xFF, 0x0F, 0xFF,
    0x0F, 0xFF, 0x0F, 0xFF, 0x0F, 0xFF, 0x0E, 0xFF,
    0x0E, 0xFF, 0x0E, 0xFF, 0x0D, 0xFF, 0x0D, 0xFF,
    0x0D, 0xFF, 0x0C, 0xFF, 0x0C, 0xFF, 0x0B, 0xFF,
    0x0B, 0xFF, 0x0B, 0xFF, 0x0A, 0xFF, 0x0A, 0xFF,
    0x0A, 0xFF, 0x09, 0xFF, 0x09, 0xFF, 0x09, 0xFF,
    0x08, 0xFF, 0x08, 0xFF, 0x08, 0xFF, 0x07, 0xFF,
    0x07, 0xFF, 0x07, 0xFF, 0x06, 0xFF, 0x06, 0xFF,
    0x06, 0xFF, 0x05, 0xFF, 0x05, 0xFF, 0x05, 0xFF,
    0x04, 0xFF, 0x04, 0xFF, 0x04, 0xFF, 0x03, 0xFF,
    0x03, 0xFF, 0x03, 0xFF, 0x02, 0xFF, 0x02, 0xFF,
    0x02, 0xFF, 0x01, 0xFF, 0x01, 0xFF, 0x01, 0xFF,
    0x01, 0xFF, 0x11, 0xFF, 0x11, 0xFF, 0x11, 0xFF,
    0x21, 0xFF, 0x21, 0xFF, 0x21, 0xFF, 0x31, 0xFF,
    0x31, 0xFF, 0x31, 0xFF, 0x41, 0xFF, 0x41, 0xFF,
    0x51, 0xFF, 0x51, 0xFF, 0x51, 0xFF, 0x51, 0xFF,
    0x61, 0xFF, 0x61, 0xFF, 0x71, 0xFF, 0x71, 0xFF,
    0x71, 0xFF, 0x71, 0xFF, 0x81, 0xFF, 0x81, 0xFF,
    0x91, 0xFF, 0x91, 0xFF, 0x91, 0xFF, 0x91, 0xFF,
    0xA1, 0xFF, 0xA1, 0xFF, 0xB1, 0xFF, 0xB1, 0xFF,
    0xB1, 0xFF, 0xC1, 0xFF, 0xC1, 0xFF, 0xC1, 0xFF,
    0xD1, 0xFF, 0xD1, 0xFF, 0xD1, 0xFF, 0xE1, 0xFF,
    0xE1, 0xFF, 0xE1, 0xFF, 0xE1, 0xFF, 0xE1, 0xFF,
    0xE1, 0xFE, 0xE1, 0xFE, 0xE1, 0xFE, 0xE1, 0xFD,
    0xE1, 0xFD, 0xE1, 0xFD, 0xE1, 0xFC, 0xE1, 0xFC,
    0xE1, 0xFC, 0xE1, 0xFB, 0xE1, 0xFB, 0xE1, 0xFB,
    0xE1, 0xFA, 0xE1, 0xFA, 0xE1, 0xF9, 0xE1, 0xF9,
    0xE1, 0xF9, 0xE1, 0xF9, 0xE1, 0xF8, 0xE1, 0xF8,
    0xE1, 0xF7, 0xE1, 0xF7, 0xE1, 0xF7, 0xE1, 0xF6,
    0xE1, 0xF6, 0xE1, 0xF6, 0xE1, 0xF5, 0xE1, 0xF5,
    0xE1, 0xF5, 0xE1, 0xF4, 0xE1, 0xF4, 0xE1, 0xF4,
    0xE1, 0xF3, 0xE1, 0xF3, 0xE1, 0xF3, 0xE1, 0xF2,
    0xE1, 0xF2, 0xE1, 0xF2, 0xE1, 0xF1, 0xE1, 0xF1,
    0xE1, 0xF1, 0xE1, 0xF1, 0xE1, 0xF1, 0xE2, 0xF1,
    0xE2, 0xF1, 0xE2, 0xF1, 0xE3, 0xF1, 0xE3, 0xF1,
    0xE3, 0xF1, 0xE4, 0xF1, 0xE4, 0xF1, 0xE5, 0xF1,
    0xE5, 0xF1, 0xE5, 0xF1, 0xE6, 0xF1, 0xE6, 0xF1,
    0xE6, 0xF1, 0xE7, 0xF1, 0xE7, 0xF1, 0xE7, 0xF1,
    0xE8, 0xF1, 0xE8, 0xF1, 0xE8, 0xF1, 0xE9, 0xF1,
    0xE9, 0xF1, 0xE9, 0xF1, 0xEA, 0xF1, 0xEA, 0xF1,
    0xEA, 0xF1, 0xEB, 0xF1, 0xEB, 0xF1, 0xEB, 0xF1,
    0xEC, 0xF1, 0xEC, 0xF1, 0xED, 0xF1, 0xED, 0xF1,
    0xED, 0xF1, 0xEE, 0xF1, 0xEE, 0xF1, 0xEE, 0xF1,
    0xEF, 0xF1, 0xEF, 0xF1, 0xEF, 0xF1, 0xEF, 0xF1,
    0xEF, 0xF1, 0xEF, 0xF1, 0xDF, 0xF1, 0xDF, 0xF1,
    0xCF, 0xF1, 0xCF, 0xF1, 0xCF, 0xF1, 0xBF, 0xF1,
    0xBF, 0xF0, 0xBF, 0xF0, 0xAF, 0xF1, 0xAF, 0xF1,
    0xAF, 0xF1, 0x9F, 0xF1, 0x9F, 0xF1, 0x9F, 0xF1,
    0x8F, 0xF1, 0x8F, 0xF1, 0x7F, 0xF1, 0x7F, 0xF1,
    0x7F, 0xF1, 0x7F, 0xF1, 0x6F, 0xF1, 0x6F, 0xF1,
    0x6F, 0xF1, 0x5F, 0xF1, 0x5F, 0xF1, 0x4F, 0xF1,
    0x4F, 0xF1, 0x4F, 0xF1, 0x3F, 0xF1, 0x3F, 0xF1,
    0x3F, 0xF1, 0x2F, 0xF1, 0x2F, 0xF1, 0x2F, 0xF1,
    0x1F, 0xF1, 0x1F, 0xF1, 0x1F, 0xF1, 0x0F, 0xF0,
    0x0F, 0xF0, 0x0F, 0xF1, 0x0F, 0xF1, 0x0F, 0xF1,
    0x0F, 0xF2, 0x0F, 0xF2, 0x0F, 0xF2, 0x0F, 0xF3,
    0x0F, 0xF3, 0x0F, 0xF4, 0x0F, 0xF4, 0x0F, 0xF4,
    0x0F, 0xF4, 0x0F, 0xF5, 0x0F, 0xF5, 0x0F, 0xF6,
    0x0F, 0xF6, 0x0F, 0xF6, 0x0F, 0xF7, 0x0F, 0xF7,
    0x0F, 0xF7, 0x0F, 0xF7, 0x0F, 0xF8, 0x0F, 0xF8,
    0x0F, 0xF9, 0x0F, 0xF9, 0x0F, 0xF9, 0x0F, 0xFA,
    0x0F, 0xFA, 0x0F, 0xFA, 0x0F, 0xFB, 0x0F, 0xFB,
    0x0F, 0xFB, 0x0F, 0xFC, 0x0F, 0xFC, 0x0F, 0xFC,
    0x0F, 0xFD, 0x0F, 0xFD, 0x0F, 0xFD, 0x0F, 0xFE,
    0x0F, 0xFE, 0x0F, 0xFF, 0x0F, 0xFF, 0x0F, 0xFF,
    0x0F, 0xFF, 0x0F, 0xFF, 0x0F, 0xFF, 0x0E, 0xFF,
    0x0E, 0xFF, 0x0E, 0xFF, 0x0D, 0xFF, 0x0D, 0xFF,
    0x0D, 0xFF, 0x0C, 0xFF, 0x0C, 0xFF, 0x0B, 0xFF,
    0x0B, 0xFF, 0x0B, 0xFF, 0x0A, 0xFF, 0x0A, 0xFF,
    0x0A, 0xFF, 0x09, 0xFF, 0x09, 0xFF, 0x09, 0xFF,
    0x08, 0xFF, 0x08, 0xFF, 0x08, 0xFF, 0x07, 0xFF,
    0x07, 0xFF, 0x07, 0xFF, 0x06, 0xFF, 0x06, 0xFF,
    0x06, 0xFF, 0x05, 0xFF, 0x05, 0xFF, 0x05, 0xFF,
    0x04, 0xFF, 0x04, 0xFF, 0x03, 0xFF, 0x03, 0xFF,
    0x03, 0xFF, 0x02, 0xFF, 0x02, 0xFF, 0x02, 0xFF,
    0x01, 0xFF, 0x01, 0xFF, 0x01, 0xFF, 0x01, 0xFF,
    0x01, 0xFF, 0x01, 0xFF, 0x11, 0xFF, 0x11, 0xFF,
    0x21, 0xFF, 0x21, 0xFF, 0x21, 0xFF, 0x31, 0xFF,
    0x31, 0xFF, 0x31, 0xFF, 0x41, 0xFF, 0x41, 0xFF,
    0x41, 0xFF, 0x51, 0xFF, 0x51, 0xFF, 0x51, 0xFF,
    0x61, 0xFF, 0x61, 0xFF, 0x61, 0xFF, 0x71, 0xFF,
    0x71, 0xFF, 0x71, 0xFF, 0x81, 0xFF, 0x81, 0xFF,
    0x91, 0xFF, 0x91, 0xFF, 0x91, 0xFF, 0x91, 0xFF,
    0xA1, 0xFF, 0xA1, 0xFF, 0xB1, 0xFF, 0xB1, 0xFF,
    0xB1, 0xFF, 0xC1, 0xFF, 0xC1, 0xFF, 0xC1, 0xFF,
    0xD1, 0xFF, 0xD1, 0xFF, 0xD1, 0xFF, 0xE1, 0xFF,
    0xE1, 0xFF, 0xE1, 0xFF, 0xE1, 0xFF, 0xE1, 0xFF,
    0xE1, 0xFE, 0xE1, 0xFE, 0xE1, 0xFE, 0xE1, 0xFD,
    0xE1, 0xFD, 0xE1, 0xFD, 0xE1, 0xFC, 0xE1, 0xFC,
    0xE1, 0xFC, 0xE1, 0xFB, 0xE1, 0xFB, 0xE1, 0xFB,
    0xE1, 0xFA, 0xE1, 0xFA, 0xE1, 0xFA, 0xE1, 0xF9,
    0xE1, 0xF9, 0xE1, 0xF9, 0xE1, 0xF8, 0xE1, 0xF8,
    0xE1, 0xF7, 0xE1, 0xF7, 0xE1, 0xF7, 0xE1, 0xF6,
    0xE1, 0xF6, 0xE1, 0xF6, 0xE1, 0xF5, 0xE1, 0xF5,
    0xE1, 0xF5, 0xE1, 0xF4, 0xE1, 0xF4, 0xE1, 0xF4,
    0xE1, 0xF3, 0xE1, 0xF3, 0xE1, 0xF2, 0xE1, 0xF2,
    0xE1, 0xF2, 0xE1, 0xF2, 0xE1, 0xF1, 0xE1, 0xF1,
    0xE1, 0xF0, 0xE1, 0xF0, 0xE1, 0xF0, 0xE2, 0xF0,
    0xE2, 0xF0, 0xE2, 0xF0, 0xE3, 0xF0, 0xE3, 0xF0,
    0xE3, 0xF1, 0xE4, 0xF0, 0xE4, 0xF0, 0xE4, 0xF0,
    0xE5, 0xF0, 0xE5, 0xF0, 0xE5, 0xF0, 0xE6, 0xF1,
    0xE6, 0xF0, 0xE7, 0xF0, 0xE7, 0xF1, 0xE7, 0xF1,
    0xE8, 0xF1, 0xE8, 0xF1, 0xE8, 0xF0, 0xE9, 0xF0,
    0xE9, 0xF0, 0xE9, 0xF0, 0xEA, 0xF0, 0xEA, 0xF0,
    0xEA, 0xF0, 0xEB, 0xF0, 0xEB, 0xF0, 0xEB, 0xF0,
    0xEC, 0xF0, 0xEC, 0xF1, 0xED, 0xF1, 0xED, 0xF0,
    0xED, 0xF0, 0xEE, 0xF0, 0xEE, 0xF1, 0xEE, 0xF1,
    0xEF, 0xF0, 0xEF, 0xF0, 0xEF, 0xF0, 0xEF, 0xF1,
    0xEF, 0xF0, 0xEF, 0xF0, 0xDF, 0xF0, 0xDF, 0xF0,
    0xCF, 0xF0, 0xCF, 0xF1, 0xCF, 0xF1, 0xBF, 0xF0,
    0xBF, 0xF0, 0xBF, 0xF0, 0xAF, 0xF0, 0xAF, 0xF0,
    0xAF, 0xF0, 0x9F, 0xF0, 0x9F, 0xF0, 0x9F, 0xF0,
    0x8F, 0xF0, 0x8F, 0xF0, 0x7F, 0xF1, 0x7F, 0xF1,
    0x7F, 0xF0, 0x7F, 0xF0, 0x6F, 0xF0, 0x6F, 0xF0,
    0x5F, 0xF1, 0x5F, 0xF0, 0x5F, 0xF0, 0x4F, 0xF0,
    0x4F, 0xF0, 0x4F, 0xF0, 0x3F, 0xF1, 0x3F, 0xF1,
    0x3F, 0xF0, 0x2F, 0xF0, 0x2F, 0xF0, 0x2F, 0xF0,
    0x1F, 0xF0, 0x1F, 0xF0, 0x0F, 0xF0, 0x0F, 0xF0,
    0x0F, 0xF0, 0x0F, 0xF0, 0x0F, 0xF1, 0x0F, 0xF1,
    0x0F, 0xF1, 0x0F, 0xF2, 0x0F, 0xF2, 0x0F, 0xF2,
    0x0F, 0xF3, 0x0F, 0xF3, 0x0F, 0xF4, 0x0F, 0xF4,
    0x0F, 0xF4, 0x0F, 0xF5, 0x0F, 0xF5, 0x0F, 0xF5,
    0x0F, 0xF6, 0x0F, 0xF6, 0x0F, 0xF6, 0x0F, 0xF7,
    0x0F, 0xF7, 0x0F, 0xF7, 0x0F, 0xF8, 0x0F, 0xF8,
    0x0F, 0xF8, 0x0F, 0xF9, 0x0F, 0xF9, 0x0F, 0xF9,
    0x0F, 0xFA, 0x0F, 0xFA, 0x0F, 0xFB, 0x0F, 0xFB,
    0x0F, 0xFB, 0x0F, 0xFC, 0x0F, 0xFC, 0x0F, 0xFC,
    0x0F, 0xFD, 0x0F, 0xFD, 0x0F, 0xFD, 0x0F, 0xFE,
    0x0F, 0xFE, 0x0F, 0xFF, 0x0F, 0xFF, 0x0F, 0xFF,
    0x0F, 0xFF, 0x0F, 0xFF, 0x0F, 0xFF, 0x0E, 0xFF,
    0x0E, 0xFF, 0x0E, 0xFF, 0x0D, 0xFF, 0x0D, 0xFF,
    0x0C, 0xFF, 0x0C, 0xFF, 0x0C, 0xFF, 0x0B, 0xFF,
    0x0B, 0xFF, 0x0B, 0xFF, 0x0A, 0xFF, 0x0A, 0xFF,
    0x0A, 0xFF, 0x09, 0xFF, 0x09, 0xFF, 0x09, 0xFF,
    0x08, 0xFF, 0x08, 0xFF, 0x08, 0xFF, 0x07, 0xFF,
    0x07, 0xFF, 0x07, 0xFF, 0x06, 0xFF, 0x06, 0xFF,
    0x05, 0xFF, 0x05, 0xFF, 0x05, 0xFF, 0x04, 0xFF,
    0x04, 0xFF, 0x04, 0xFF, 0x03, 0xFF, 0x03, 0xFF,
    0x03, 0xFF, 0x02, 0xFF, 0x02, 0xFF, 0x02, 0xFF,
    0x01, 0xFF, 0x01, 0xFF, 0x01, 0xFF, 0x00, 0xFF,
    0x01, 0xFF, 0x00, 0xFF, 0x11, 0xFF, 0x10, 0xFF,
    0x10, 0xFF, 0x20, 0xFF, 0x20, 0xFF, 0x20, 0xFF,
    0x30, 0xFF, 0x30, 0xFF, 0x30, 0xFF, 0x40, 0xFF,
    0x40, 0xFF, 0x50, 0xFF, 0x50, 0xFF, 0x51, 0xFF,
    0x60, 0xFF, 0x60, 0xFF, 0x60, 0xFF, 0x70, 0xFF,
    0x70, 0xFF, 0x70, 0xFF, 0x80, 0xFF, 0x80, 0xFF,
    0x80, 0xFF, 0x90, 0xFF, 0x90, 0xFF, 0x91, 0xFF,
    0xA1, 0xFF, 0xA0, 0xFF, 0xB0, 0xFF, 0xB0, 0xFF,
    0xB0, 0xFF, 0xC0, 0xFF, 0xC1, 0xFF, 0xC0, 0xFF,
    0xD0, 0xFF, 0xD0, 0xFF, 0xD0, 0xFF, 0xE0, 0xFF,
    0xE0, 0xFF, 0xE0, 0xFF, 0xE0, 0xFF, 0xE0, 0xFF,
    0xE0, 0xFE, 0xE0, 0xFE, 0xE0, 0xFE, 0xE0, 0xFD,
    0xE0, 0xFD, 0xE0, 0xFD, 0xE0, 0xFC, 0xE0, 0xFC,
    0xE0, 0xFC, 0xE0, 0xFB, 0xE0, 0xFB, 0xE0, 0xFA,
    0xE0, 0xFA, 0xE0, 0xFA, 0xE0, 0xF9, 0xE0, 0xF9,
    0xE0, 0xF9, 0xE0, 0xF8, 0xE1, 0xF8, 0xE0, 0xF8,
    0xE0, 0xF7, 0xE0, 0xF7, 0xE0, 0xF7, 0xE0, 0xF6,
    0xE0, 0xF6, 0xE0, 0xF5, 0xE0, 0xF5, 0xE0, 0xF5,
    0xE0, 0xF4, 0xE0, 0xF4, 0xE0, 0xF4, 0xE0, 0xF3,
    0xE0, 0xF3, 0xE0, 0xF3, 0xE0, 0xF2, 0xE0, 0xF2,
    0xE0, 0xF2, 0xE0, 0xF1, 0xE0, 0xF1, 0xE0, 0xF1,
    0xE0, 0xF0, 0xE1, 0xF0, 0xE1, 0xF0, 0xE1, 0xF0,
    0xE2, 0xF0, 0xE2, 0xF0, 0xE3, 0xF0, 0xE3, 0xF0,
    0xE3, 0xF0, 0xE4, 0xF0, 0xE4, 0xF0, 0xE4, 0xF0,
    0xE5, 0xF0, 0xE5, 0xF0, 0xE5, 0xF0, 0xE6, 0xF0,
    0xE6, 0xF0, 0xE6, 0xF0, 0xE7, 0xF0, 0xE7, 0xF0,
    0xE8, 0xF0, 0xE8, 0xF0, 0xE8, 0xF0, 0xE9, 0xF0,
    0xE9, 0xF0, 0xE9, 0xF0, 0xEA, 0xF0, 0xEA, 0xF0,
    0xEA, 0xF0, 0xEB, 0xF0, 0xEB, 0xF0, 0xEB, 0xF0,
    0xEC, 0xF0, 0xEC, 0xF0, 0xEC, 0xF0, 0xED, 0xF0,
    0xED, 0xF0, 0xEE, 0xF0, 0xEE, 0xF0, 0xEE, 0xF0,
    0xEF, 0xF0, 0xEF, 0xF0, 0xEF, 0xF0, 0xEF, 0xF0,
    0xEF, 0xF0, 0xEF, 0xF0, 0xDF, 0xF0, 0xDF, 0xF0,
    0xCF, 0xF0, 0xCF, 0xF0, 0xCF, 0xF0, 0xBF, 0xF0,
    0xBF, 0xF0, 0xBF, 0xF0, 0xAF, 0xF0, 0xAF, 0xF0,
    0xAF, 0xF0, 0x9F, 0xF0, 0x9F, 0xF0, 0x9F, 0xF0,
    0x8F, 0xF0, 0x8F, 0xF0, 0x7F, 0xF0, 0x7F, 0xF0,
    0x7F, 0xF0, 0x7F, 0xF0, 0x6F, 0xF0, 0x6F, 0xF0,
    0x5F, 0xF0, 0x5F, 0xF0, 0x5F, 0xF0, 0x4F, 0xF0,
    0x4F, 0xF0, 0x4F, 0xF0, 0x3F, 0xF0, 0x3F, 0xF0,
    0x3F, 0xF0, 0x2F, 0xF0, 0x2F, 0xF0, 0x1F, 0xF0,
    0x1F, 0xF0, 0x1F, 0xF0, 0x0F, 0xF0, 0x0F, 0xF0,
    0x0F, 0xF0, 0x0F, 0xF0, 0x0F, 0xF1, 0x0F, 0xF1,
    0x0F, 0xF1, 0x0F, 0xF2, 0x0F, 0xF2, 0x0F, 0xF2,
    0x0F, 0xF3, 0x0F, 0xF3, 0x0F, 0xF4, 0x0F, 0xF4,
    0x0F, 0xF4, 0x0F, 0xF5, 0x0F, 0xF5, 0x0F, 0xF5,
    0x0F, 0xF6, 0x0F, 0xF6, 0x0F, 0xF6, 0x0F, 0xF7,
    0x0F, 0xF7, 0x0F, 0xF7, 0x0F, 0xF8, 0x0F, 0xF8,
    0x0F, 0xF8, 0x0F, 0xF9, 0x0F, 0xF9, 0x0F, 0xF9,
    0x0F, 0xFA, 0x0F, 0xFA, 0x0F, 0xFB, 0x0F, 0xFB,
    0x0F, 0xFB, 0x0F, 0xFC, 0x0F, 0xFC, 0x0F, 0xFD,
    0x0F, 0xFD, 0x0F, 0xFD, 0x0F, 0xFD, 0x0F, 0xFE,
    0x0F, 0xFE, 0x0F, 0xFF, 0x0F, 0xFF, 0x0F, 0xFF,
    0x0F, 0xFF, 0x0F, 0xFF, 0x0F, 0xFF, 0x0E, 0xFF,
    0x0E, 0xFF, 0x0E, 0xFF, 0x0D, 0xFF, 0x0D, 0xFF,
    0x0C, 0xFF, 0x0C, 0xFF, 0x0C, 0xFF, 0x0B, 0xFF,
    0x0B, 0xFF, 0x0B, 0xFF, 0x0A, 0xFF, 0x0A, 0xFF,
    0x0A, 0xFF, 0x09, 0xFF, 0x09, 0xFF, 0x09, 0xFF,
    0x08, 0xFF, 0x08, 0xFF, 0x08, 0xFF, 0x07, 0xFF,
    0x07, 0xFF, 0x06, 0xFF, 0x06, 0xFF, 0x06, 0xFF,
    0x05, 0xFF, 0x05, 0xFF, 0x05, 0xFF, 0x04, 0xFF,
    0x04, 0xFF, 0x04, 0xFF, 0x03, 0xFF, 0x03, 0xFF,
    0x03, 0xFF, 0x02, 0xFF, 0x02, 0xFF, 0x01, 0xFF,
    0x01, 0xFF, 0x01, 0xFF, 0x00, 0xFF, 0x00, 0xFF,
    0x00, 0xFF, 0x00, 0xFF, 0x00, 0xFF, 0x10, 0xFF,
    0x10, 0xFF, 0x20, 0xFF, 0x20, 0xFF, 0x20, 0xFF,
    0x30, 0xFF, 0x30, 0xFF, 0x30, 0xFF, 0x40, 0xFF,
    0x40, 0xFF, 0x40, 0xFF, 0x50, 0xFF, 0x50, 0xFF,
    0x60, 0xFF, 0x60, 0xFF, 0x60, 0xFF, 0x70, 0xFF,
    0x70, 0xFF, 0x70, 0xFF, 0x80, 0xFF, 0x80, 0xFF,
    0x90, 0xFF, 0x90, 0xFF, 0x90, 0xFF, 0x90, 0xFF,
    0xA0, 0xFF, 0xA0, 0xFF, 0xB0, 0xFF, 0xB0, 0xFF,
    0xB0, 0xFF, 0xC0, 0xFF, 0xC0, 0xFF, 0xC0, 0xFF,
    0xD0, 0xFF, 0xD0, 0xFF, 0xD0, 0xFF, 0xE0, 0xFF,
    0xE0, 0xFF, 0xE0, 0xFF, 0xE0, 0xFF, 0xE0, 0xFF,
    0xE0, 0xFE, 0xE0, 0xFE, 0xE0, 0xFE, 0xE0, 0xFD,
    0xE0, 0xFD, 0xE0, 0xFD, 0xE0, 0xFC, 0xE0, 0xFC,
    0xE0, 0xFC, 0xE0, 0xFB, 0xE0, 0xFB, 0xE0, 0xFA,
    0xE0, 0xFA, 0xE0, 0xFA, 0xE0, 0xF9, 0xE0, 0xF9,
    0xE0, 0xF9, 0xE0, 0xF8, 0xE0, 0xF8, 0xE0, 0xF8,
    0xE0, 0xF7, 0xE0, 0xF7, 0xE0, 0xF7, 0xE0, 0xF6,
    0xE0, 0xF6, 0xE0, 0xF5, 0xE0, 0xF5, 0xE0, 0xF5,
    0xE0, 0xF4, 0xE0, 0xF4, 0xE0, 0xF4, 0xE0, 0xF3,
    0xE0, 0xF3, 0xE0, 0xF3, 0xE0, 0xF2, 0xE0, 0xF2,
    0xE0, 0xF2, 0xE0, 0xF1, 0xE0, 0xF1, 0xE0, 0xF1,
    0xE0, 0xF0, 0xE1, 0xF0, 0xE1, 0xF0, 0xE1, 0xF0,
    0xE2, 0xF0, 0xE2, 0xF0, 0xE2, 0xF0, 0xE3, 0xF0,
    0xE3, 0xF0, 0xE3, 0xF0, 0xE4, 0xF0, 0xE4, 0xF0,
    0xE5, 0xF0, 0xE5, 0xF0, 0xE5, 0xF0, 0xE6, 0xF0,
    0xE6, 0xF0, 0xE6, 0xF0, 0xE7, 0xF0, 0xE7, 0xF0,
    0xE7, 0xF0, 0xE8, 0xF0, 0xE8, 0xF0, 0xE8, 0xF0,
    0xE9, 0xF0, 0xE9, 0xF0, 0xEA, 0xF0, 0xEA, 0xF0,
    0xEA, 0xF0, 0xEB, 0xF0, 0xEB, 0xF0, 0xEB, 0xF0,
    0xEC, 0xF0, 0xEC, 0xF0, 0xEC, 0xF0, 0xED, 0xF0,
    0xED, 0xF0, 0xEE, 0xF0, 0xEE, 0xF0, 0xEE, 0xF0,
    0xEF, 0xF0, 0xEF, 0xF0, 0xEF, 0xF0, 0xEF, 0xF0,
    0xEF, 0xF0, 0xDF, 0xF0, 0xDF, 0xF0, 0xDF, 0xF0,
    0xCF, 0xF0, 0xCF, 0xF0, 0xCF, 0xF0, 0xBF, 0xF0,
    0xBF, 0xF0, 0xBF, 0xF0, 0xAF, 0xF0, 0xAF, 0xF0,
    0xAF, 0xF0, 0x9F, 0xF0, 0x9F, 0xF0, 0x8F, 0xF0,
    0x8F, 0xF0, 0x8F, 0xF0, 0x7F, 0xF0, 0x7F, 0xF0,
    0x7F, 0xF0, 0x6F, 0xF0, 0x6F, 0xF0, 0x6F, 0xF0,
    0x5F, 0xF0, 0x5F, 0xF0, 0x4F, 0xF0, 0x4F, 0xF0,
    0x4F, 0xF0, 0x4F, 0xF0, 0x3F, 0xF0, 0x3F, 0xF0,
    0x3F, 0xF0, 0x2F, 0xF0, 0x2F, 0xF0, 0x1F, 0xF0,
    0x1F, 0xF0, 0x1F, 0xF0, 0x0F, 0xF0, 0x0F, 0xF0,
    0x0F, 0xF0, 0x0F, 0xF0, 0x0F, 0xF0, 0x0F, 0xF1,
    0x0F, 0xF1, 0x0F, 0xF2, 0x0F, 0xF2, 0x0F, 0xF2,
    0x0F, 0xF3, 0x0F, 0xF3, 0x0F, 0xF3, 0x0F, 0xF4,
    0x0F, 0xF4, 0x0F, 0xF4, 0x0F, 0xF5, 0x0F, 0xF5,
    0x0F, 0xF6, 0x0F, 0xF6, 0x0F, 0xF6, 0x0F, 0xF6,
    0x0F, 0xF7, 0x0F, 0xF7, 0x0F, 0xF8, 0x0F, 0xF8,
    0x0F, 0xF8, 0x0F, 0xF9, 0x0F, 0xF9, 0x0F, 0xF9,
    0x0F, 0xFA, 0x0F, 0xFA, 0x0F, 0xFB, 0x0F, 0xFB,
    0x0F, 0xFB, 0x0F, 0xFC, 0x0F, 0xFC, 0x0F, 0xFC,
    0x0F, 0xFD, 0x0F, 0xFD, 0x0F, 0xFD, 0x0F, 0xFE,
    0x0F, 0xFE, 0x0F, 0xFF, 0x0F, 0xFF, 0x0F, 0xFF,
    0x0F, 0xFF, 0x0F, 0xFF, 0x0F, 0xFF, 0x0E, 0xFF,
    0x0E, 0xFF, 0x0E, 0xFF, 0x0D, 0xFF, 0x0D, 0xFF,
    0x0C, 0xFF, 0x0C, 0xFF, 0x0C, 0xFF, 0x0B, 0xFF,
    0x0B, 0xFF, 0x0B, 0xFF, 0x0A, 0xFF, 0x0A, 0xFF,
    0x0A, 0xFF, 0x09, 0xFF, 0x09, 0xFF, 0x09, 0xFF,
    0x08, 0xFF, 0x08, 0xFF, 0x07, 0xFF, 0x07, 0xFF,
    0x07, 0xFF, 0x06, 0xFF, 0x06, 0xFF, 0x06, 0xFF,
    0x05, 0xFF, 0x05, 0xFF, 0x05, 0xFF, 0x04, 0xFF,
    0x04, 0xFF, 0x04, 0xFF, 0x03, 0xFF, 0x03, 0xFF,
    0x02, 0xFF, 0x02, 0xFF, 0x02, 0xFF, 0x01, 0xFF,
    0x01, 0xFF, 0x01, 0xFF, 0x00, 0xFF, 0x00, 0xFF,
    0x00, 0xFF, 0x00, 0xFF, 0x00, 0xFF, 0x10, 0xFF,
    0x10, 0xFF, 0x20, 0xFF, 0x20, 0xFF, 0x20, 0xFF,
    0x20, 0xFF, 0x30, 0xFF, 0x30, 0xFF, 0x40, 0xFF,
    0x40, 0xFF, 0x40, 0xFF, 0x50, 0xFF, 0x50, 0xFF,
    0x50, 0xFF, 0x60, 0xFF, 0x60, 0xFF, 0x70, 0xFF,
    0x70, 0xFF, 0x70, 0xFF, 0x80, 0xFF, 0x80, 0xFF,
    0x80, 0xFF, 0x90, 0xFF, 0x90, 0xFF, 0x90, 0xFF,
    0xA0, 0xFF, 0xA0, 0xFF, 0xB0, 0xFF, 0xB0, 0xFF,
    0xB0, 0xFF, 0xC0, 0xFF, 0xC0, 0xFF, 0xC0, 0xFF,
    0xD0, 0xFF, 0xD0, 0xFF, 0xD0, 0xFF, 0xE0, 0xFF,
    0xE0, 0xFF, 0xE0, 0xFF, 0xE0, 0xFF, 0xE0, 0xFF,
    0xE0, 0xFE, 0xE0, 0xFE, 0xE0, 0xFE, 0xE0, 0xFD,
    0xE0, 0xFD, 0xE0, 0xFD, 0xE0, 0xFC, 0xE0, 0xFC,
    0xE0, 0xFC, 0xE0, 0xFB, 0xE0, 0xFB, 0xE0, 0xFA,
    0xE0, 0xFA, 0xE0, 0xFA, 0xE0, 0xF9, 0xE0, 0xF9,
    0xE0, 0xF9, 0xE0, 0xF8, 0xE0, 0xF8, 0xE0, 0xF8,
    0xE0, 0xF7, 0xE0, 0xF7, 0xE0, 0xF7, 0xE0, 0xF6,
    0xE0, 0xF6, 0xE0, 0xF5, 0xE0, 0xF5, 0xE0, 0xF5,
    0xE0, 0xF4, 0xE0, 0xF4, 0xE0, 0xF4, 0xE0, 0xF3,
    0xE0, 0xF3, 0xE0, 0xF3, 0xE0, 0xF2, 0xE0, 0xF2,
    0xE0, 0xF1, 0xE0, 0xF1, 0xE0, 0xF1, 0xE0, 0xF1,
    0xE0, 0xF0, 0xE0, 0xF0, 0xE1, 0xF0, 0xE1, 0xF0,
    0xE2, 0xF0, 0xE2, 0xF0, 0xE2, 0xF0, 0xE3, 0xF0,
    0xE3, 0xF0, 0xE3, 0xF0, 0xE4, 0xF0, 0xE4, 0xF0,
    0xE4, 0xF0, 0xE5, 0xF0, 0xE5, 0xF0, 0xE6, 0xF0,
    0xE6, 0xF0, 0xE6, 0xF0, 0xE7, 0xF0, 0xE7, 0xF0,
    0xE7, 0xF0, 0xE8, 0xF0, 0xE8, 0xF0, 0xE8, 0xF0,
    0xE9, 0xF0, 0xE9, 0xF0, 0xE9, 0xF0, 0xEA, 0xF0,
    0xEA, 0xF0, 0xEB, 0xF0, 0xEB, 0xF0, 0xEB, 0xF0,
    0xEC, 0xF0, 0xEC, 0xF0, 0xEC, 0xF0, 0xED, 0xF0,
    0xED, 0xF0, 0xEE, 0xF0, 0xEE, 0xF0, 0xEE, 0xF0,
    0xEF, 0xF0, 0xEF, 0xF0, 0xEF, 0xF0, 0xEF, 0xF0,
    0xEF, 0xF0, 0xDF, 0xF0, 0xDF, 0xF0, 0xDF, 0xF0,
    0xCF, 0xF0, 0xCF, 0xF0, 0xCF, 0xF0, 0xBF, 0xF0,
    0xBF, 0xF0, 0xBF, 0xF0, 0xAF, 0xF0, 0xAF, 0xF0,
    0xAF, 0xF0, 0x9F, 0xF0, 0x9F, 0xF0, 0x8F, 0xF0,
    0x8F, 0xF0, 0x8F, 0xF0, 0x7F, 0xF0, 0x7F, 0xF0,
    0x7F, 0xF0, 0x6F, 0xF0, 0x6F, 0xF0, 0x5F, 0xF0,
    0x5F, 0xF0, 0x5F, 0xF0, 0x4F, 0xF0, 0x4F, 0xF0,
    0x4F, 0xF0, 0x3F, 0xF0, 0x3F, 0xF0, 0x3F, 0xF0,
    0x2F, 0xF0, 0x2F, 0xF0, 0x2F, 0xF0, 0x1F, 0xF0,
    0x1F, 0xF0, 0x0F, 0xF0, 0x0F, 0xF0, 0x0F, 0xF0,
    0x0F, 0xF0, 0x0F, 0xF0, 0x0F, 0xF0, 0x0F, 0xF1,
    0x0F, 0xF1, 0x0F, 0xF1, 0x0F, 0xF2, 0x0F, 0xF2,
    0x0F, 0xF3, 0x0F, 0xF3, 0x0F, 0xF3, 0x0F, 0xF4,
    0x0F, 0xF4, 0x0F, 0xF4, 0x0F, 0xF5, 0x0F, 0xF5,
    0x0F, 0xF6, 0x0F, 0xF6, 0x0F, 0xF6, 0x0F, 0xF6,
    0x0F, 0xF7, 0x0F, 0xF7, 0x0F, 0xF8, 0x0F, 0xF8,
    0x0F, 0xF8, 0x0F, 0xF9, 0x0F, 0xF9, 0x0F, 0xF9,
    0x0F, 0xFA, 0x0F, 0xFA, 0x0F, 0xFA, 0x0F, 0xFB,
    0x0F, 0xFB, 0x0F, 0xFC, 0x0F, 0xFC, 0x0F, 0xFC,
    0x0F, 0xFD, 0x0F, 0xFD, 0x0F, 0xFD, 0x0F, 0xFE,
    0x0F, 0xFE, 0x0F, 0xFF, 0x0F, 0xFF, 0x0F, 0xFF,
    0x0F, 0xFF, 0x0F, 0xFF, 0x0F, 0xFF, 0x0E, 0xFF,
    0x0E, 0xFF, 0x0E, 0xFF, 0x0D, 0xFF, 0x0D, 0xFF,
    0x0C, 0xFF, 0x0C, 0xFF, 0x0C, 0xFF, 0x0B, 0xFF,
    0x0B, 0xFF, 0x0B, 0xFF, 0x0A, 0xFF, 0x0A, 0xFF,
    0x0A, 0xFF, 0x09, 0xFF, 0x09, 0xFF, 0x08, 0xFF,
    0x08, 0xFF, 0x08, 0xFF, 0x07, 0xFF, 0x07, 0xFF,
    0x07, 0xFF, 0x06, 0xFF, 0x06, 0xFF, 0x06, 0xFF,
    0x05, 0xFF, 0x05, 0xFF, 0x04, 0xFF, 0x04, 0xFF,
    0x04, 0xFF, 0x03, 0xFF, 0x03, 0xFF, 0x03, 0xFF,
    0x02, 0xFF, 0x02, 0xFF, 0x02, 0xFF, 0x01, 0xFF,
    0x01, 0xFF, 0x00, 0xFF, 0x00, 0xFF, 0x00, 0xFF,
    0x00, 0xFF, 0x00, 0xFF, 0x00, 0xFF, 0x10, 0xFF,
    0x10, 0xFF, 0x10, 0xFF, 0x20, 0xFF, 0x20, 0xFF,
    0x20, 0xFF, 0x30, 0xFF, 0x30, 0xFF, 0x40, 0xFF,
    0x40, 0xFF, 0x40, 0xFF, 0x50, 0xFF, 0x50, 0xFF,
    0x50, 0xFF, 0x60, 0xFF, 0x60, 0xFF, 0x60, 0xFF,
    0x70, 0xFF, 0x70, 0xFF, 0x80, 0xFF, 0x80, 0xFF,
    0x80, 0xFF, 0x90, 0xFF, 0x90, 0xFF, 0x90, 0xFF,
    0xA0, 0xFF, 0xA0, 0xFF, 0xB0, 0xFF, 0xB0, 0xFF,
    0xB0, 0xFF, 0xC0, 0xFF, 0xC0, 0xFF, 0xC0, 0xFF,
    0xD0, 0xFF, 0xD0, 0xFF, 0xD0, 0xFF, 0xE0, 0xFF,
    0xE0, 0xFF, 0xE0, 0xFF, 0xE0, 0xFF, 0xE0, 0xFF,
    0xE0, 0xFE, 0xE0, 0xFE, 0xE0, 0xFE, 0xE0, 0xFD,
    0xE0, 0xFD, 0xE0, 0xFD, 0xE0, 0xFC, 0xE0, 0xFC,
    0xE0, 0xFB, 0xE0, 0xFB, 0xE0, 0xFB, 0xE0, 0xFA,
    0xE0, 0xFA, 0xE0, 0xFA, 0xE0, 0xF9, 0xE0, 0xF9,
    0xE0, 0xF9, 0xE0, 0xF8, 0xE0, 0xF8, 0xE0, 0xF7,
    0xE0, 0xF7, 0xE0, 0xF7, 0xE0, 0xF6, 0xE0, 0xF6,
    0xE0, 0xF6, 0xE0, 0xF5, 0xE0, 0xF5, 0xE0, 0xF4,
    0xE0, 0xF4, 0xE0, 0xF4, 0xE0, 0xF3, 0xE0, 0xF3,
    0xE0, 0xF3, 0xE0, 0xF2, 0xE0, 0xF2, 0xE0, 0xF2,
    0xE0, 0xF1, 0xE0, 0xF1, 0xE0, 0xF1, 0xE0, 0xF0,
    0xE0, 0xF0, 0xE0, 0xF0, 0xE1, 0xF0, 0xE1, 0xF0,
    0xE1, 0xF0, 0xE2, 0xF0, 0xE2, 0xF0, 0xE2, 0xF0,
    0xE3, 0xF0, 0xE3, 0xF0, 0xE4, 0xF0, 0xE4, 0xF0,
    0xE4, 0xF0, 0xE5, 0xF0, 0xE5, 0xF0, 0xE5, 0xF0,
    0xE6, 0xF0, 0xE6, 0xF0, 0xE7, 0xF0, 0xE7, 0xF0,
    0xE7, 0xF0, 0xE8, 0xF0, 0xE8, 0xF0, 0xE8, 0xF0,
    0xE9, 0xF0, 0xE9, 0xF0, 0xE9, 0xF0, 0xEA, 0xF0,
    0xEA, 0xF0, 0xEB, 0xF0, 0xEB, 0xF0, 0xEB, 0xF0,
    0xEC, 0xF0, 0xEC, 0xF0, 0xEC, 0xF0, 0xED, 0xF0,
    0xED, 0xF0, 0xEE, 0xF0, 0xEE, 0xF0, 0xEE, 0xF0,
    0xEF, 0xF0, 0xEF, 0xF0, 0xEF, 0xF0, 0xEF, 0xF0,
    0xEF, 0xF0, 0xDF, 0xF0, 0xDF, 0xF0, 0xDF, 0xF0,
    0xCF, 0xF0, 0xCF, 0xF0, 0xCF, 0xF0, 0xBF, 0xF0,
    0xBF, 0xF0, 0xBF, 0xF0, 0xAF, 0xF0, 0xAF, 0xF0,
    0xAF, 0xF0, 0x9F, 0xF0, 0x9F, 0xF0, 0x8F, 0xF0,
    0x8F, 0xF0, 0x8F, 0xF0, 0x7F, 0xF0, 0x7F, 0xF0,
    0x7F, 0xF0, 0x6F, 0xF0, 0x6F, 0xF0, 0x5F, 0xF0,
    0x5F, 0xF0, 0x5F, 0xF0, 0x4F, 0xF0, 0x4F, 0xF0,
    0x4F, 0xF0, 0x3F, 0xF0, 0x3F, 0xF0, 0x3F, 0xF0,
    0x2F, 0xF0, 0x2F, 0xF0, 0x1F, 0xF0, 0x1F, 0xF0,
    0x1F, 0xF0, 0x0F, 0xF0, 0x0F, 0xF0, 0x0F, 0xF0,
    0x0F, 0xF0, 0x0F, 0xF0, 0x0F, 0xF0, 0x0F, 0xF1,
    0x0F, 0xF1, 0x0F, 0xF1, 0x0F, 0xF2, 0x0F, 0xF2,
    0x0F, 0xF2, 0x0F, 0xF3, 0x0F, 0xF3, 0x0F, 0xF4,
    0x0F, 0xF4, 0x0F, 0xF4, 0x0F, 0xF5, 0x0F, 0xF5,
    0x0F, 0xF6, 0x0F, 0xF6, 0x0F, 0xF6, 0x0F, 0xF6,
    0x0F, 0xF7, 0x0F, 0xF7, 0x0F, 0xF7, 0x0F, 0xF8,
    0x0F, 0xF8, 0x0F, 0xF9, 0x0F, 0xF9, 0x0F, 0xF9,
    0x0F, 0xFA, 0x0F, 0xFA, 0x0F, 0xFA, 0x0F, 0xFB,
    0x0F, 0xFB, 0x0F, 0xFC, 0x0F, 0xFC, 0x0F, 0xFC,
    0x0F, 0xFD, 0x0F, 0xFD, 0x0F, 0xFD, 0x0F, 0xFE,
    0x0F, 0xFE, 0x0F, 0xFE, 0x0F, 0xFF, 0x0F, 0xFF,
    0x0F, 0xFF, 0x0F, 0xFF, 0x0F, 0xFF, 0x0E, 0xFF,
    0x0E, 0xFF, 0x0D, 0xFF, 0x0D, 0xFF, 0x0D, 0xFF,
    0x0C, 0xFF, 0x0C, 0xFF, 0x0C, 0xFF, 0x0B, 0xFF,
    0x0B, 0xFF, 0x0B, 0xFF, 0x0A, 0xFF, 0x0A, 0xFF,
    0x0A, 0xFF, 0x09, 0xFF, 0x09, 0xFF, 0x08, 0xFF,
    0x08, 0xFF, 0x08, 0xFF, 0x07, 0xFF, 0x07, 0xFF,
    0x06, 0xFF, 0x06, 0xFF, 0x06, 0xFF, 0x05, 0xFF,
    0x05, 0xFF, 0x05, 0xFF, 0x04, 0xFF, 0x04, 0xFF,
    0x04, 0xFF, 0x03, 0xFF, 0x03, 0xFF, 0x02, 0xFF,
    0x02, 0xFF, 0x02, 0xFF, 0x01, 0xFF, 0x01, 0xFF,
    0x01, 0xFF, 0x00, 0xFF, 0x00, 0xFF, 0x00, 0xFF,
    0x00, 0xFF, 0x00, 0xFF, 0x00, 0xFF, 0x10, 0xFF,
    0x10, 0xFF, 0x10, 0xFF, 0x20, 0xFF, 0x20, 0xFF,
    0x20, 0xFF, 0x30, 0xFF, 0x30, 0xFF, 0x30, 0xFF,
    0x40, 0xFF, 0x40, 0xFF, 0x40, 0xFF, 0x50, 0xFF,
    0x50, 0xFF, 0x60, 0xFF, 0x60, 0xFF, 0x60, 0xFF,
    0x70, 0xFF, 0x70, 0xFF, 0x70, 0xFF, 0x80, 0xFF,
    0x80, 0xFF, 0x90, 0xFF, 0x90, 0xFF, 0x90, 0xFF,
    0xA0, 0xFF, 0xA0, 0xFF, 0xA0, 0xFF, 0xB0, 0xFF,
    0xB0, 0xFF, 0xC0, 0xFF, 0xC0, 0xFF, 0xC0, 0xFF,
    0xD0, 0xFF, 0xD0, 0xFF, 0xD0, 0xFF, 0xE0, 0xFF,
    0xE0, 0xFF, 0xE0, 0xFF, 0xE0, 0xFF, 0xE0, 0xFF,
    0xE0, 0xFE, 0xE0, 0xFE, 0xE0, 0xFE, 0xE0, 0xFD,
    0xE0, 0xFD, 0xE0, 0xFD, 0xE0, 0xFC, 0xE0, 0xFC,
    0xE0, 0xFB, 0xE0, 0xFB, 0xE0, 0xFB, 0xE0, 0xFA,
    0xE0, 0xFA, 0xE0, 0xF9, 0xE0, 0xF9, 0xE0, 0xF9,
    0xE0, 0xF9, 0xE0, 0xF8, 0xE0, 0xF8, 0xE0, 0xF7,
    0xE0, 0xF7, 0xE0, 0xF7, 0xE0, 0xF6, 0xE0, 0xF6,
    0xE0, 0xF5, 0xE0, 0xF5, 0xE0, 0xF5, 0xE0, 0xF4,
    0xE0, 0xF4, 0xE0, 0xF4, 0xE0, 0xF3, 0xE0, 0xF3,
    0xE0, 0xF3, 0xE0, 0xF2, 0xE0, 0xF2, 0xE0, 0xF1,
    0xE0, 0xF1, 0xE0, 0xF1, 0xE0, 0xF0, 0xE0, 0xF0,
    0xE0, 0xF0, 0xE0, 0xF0, 0xE1, 0xF0, 0xE1, 0xF0,
    0xE1, 0xF0, 0xE2, 0xF0, 0xE2, 0xF0, 0xE2, 0xF0,
    0xE3, 0xF0, 0xE3, 0xF0, 0xE4, 0xF0, 0xE4, 0xF0,
    0xE4, 0xF0, 0xE5, 0xF0, 0xE5, 0xF0, 0xE5, 0xF0,
    0xE6, 0xF0, 0xE6, 0xF0, 0xE6, 0xF0, 0xE7, 0xF0,
    0xE7, 0xF0, 0xE8, 0xF0, 0xE8, 0xF0, 0xE8, 0xF0,
    0xE9, 0xF0, 0xE9, 0xF0, 0xE9, 0xF0, 0xEA, 0xF0,
    0xEA, 0xF0, 0xEA, 0xF0, 0xEB, 0xF0, 0xEB, 0xF0,
    0xEC, 0xF0, 0xEC, 0xF0, 0xEC, 0xF0, 0xED, 0xF0,
    0xED, 0xF0, 0xEE, 0xF0, 0xEE, 0xF0, 0xEE, 0xF0,
    0xEF, 0xF0, 0xEF, 0xF0, 0xEF, 0xF0, 0xEF, 0xF0,
    0xEF, 0xF0, 0xDF, 0xF0, 0xDF, 0xF0, 0xDF, 0xF0,
    0xCF, 0xF0, 0xCF, 0xF0, 0xCF, 0xF0, 0xBF, 0xF0,
    0xBF, 0xF0, 0xBF, 0xF0, 0xAF, 0xF0, 0xAF, 0xF0,
    0xAF, 0xF0, 0x9F, 0xF0, 0x9F, 0xF0, 0x8F, 0xF0,
    0x8F, 0xF0, 0x8F, 0xF0, 0x7F, 0xF0, 0x7F, 0xF0,
    0x6F, 0xF0, 0x6F, 0xF0, 0x6F, 0xF0, 0x5F, 0xF0,
    0x5F, 0xF0, 0x5F, 0xF0, 0x4F, 0xF0, 0x4F, 0xF0,
    0x4F, 0xF0, 0x3F, 0xF0, 0x3F, 0xF0, 0x3F, 0xF0,
    0x2F, 0xF0, 0x2F, 0xF0, 0x1F, 0xF0, 0x1F, 0xF0,
    0x1F, 0xF0, 0x0F, 0xF0, 0x0F, 0xF0, 0x0F, 0xF0,
    0x0F, 0xF0, 0x0F, 0xF0, 0x0F, 0xF0, 0x0F, 0xF0,
    0x0F, 0xF1, 0x0F, 0xF1, 0x0F, 0xF2, 0x0F, 0xF2,
    0x0F, 0xF2, 0x0F, 0xF3, 0x0F, 0xF3, 0x0F, 0xF3,
    0x0F, 0xF4, 0x0F, 0xF4, 0x0F, 0xF5, 0x0F, 0xF5,
    0x0F, 0xF5, 0x0F, 0xF6, 0x0F, 0xF6, 0x0F, 0xF6,
    0x0F, 0xF7, 0x0F, 0xF7, 0x0F, 0xF7, 0x0F, 0xF8,
    0x0F, 0xF8, 0x0F, 0xF9, 0x0F, 0xF9, 0x0F, 0xF9,
    0x0F, 0xFA, 0x0F, 0xFA, 0x0F, 0xFA, 0x0F, 0xFB,
    0x0F, 0xFB, 0x0F, 0xFB, 0x0F, 0xFC, 0x0F, 0xFC,
    0x0F, 0xFD, 0x0F, 0xFD, 0x0F, 0xFD, 0x0F, 0xFE,
    0x0F, 0xFE, 0x0F, 0xFE, 0x0F, 0xFF, 0x0F, 0xFF,
    0x0F, 0xFF, 0x0F, 0xFF, 0x0F, 0xFF, 0x0E, 0xFF,
    0x0E, 0xFF, 0x0D, 0xFF, 0x0D, 0xFF, 0x0D, 0xFF,
    0x0C, 0xFF, 0x0C, 0xFF, 0x0C, 0xFF, 0x0B, 0xFF,
    0x0B, 0xFF, 0x0A, 0xFF, 0x0A, 0xFF, 0x0A, 0xFF,
    0x09, 0xFF, 0x09, 0xFF, 0x09, 0xFF, 0x08, 0xFF,
    0x08, 0xFF, 0x08, 0xFF, 0x07, 0xFF, 0x07, 0xFF,
    0x06, 0xFF, 0x06, 0xFF, 0x06, 0xFF, 0x05, 0xFF,
    0x05, 0xFF, 0x05, 0xFF, 0x04, 0xFF, 0x04, 0xFF,
    0x03, 0xFF, 0x03, 0xFF, 0x03, 0xFF, 0x02, 0xFF,
    0x02, 0xFF, 0x02, 0xFF, 0x01, 0xFF, 0x01, 0xFF,
    0x01, 0xFF, 0x00, 0xFF, 0x00, 0xFF, 0x00, 0xFF,
    0x00, 0xFF, 0x00, 0xFF, 0x00, 0xFF, 0x00, 0xFF,
    0x10, 0xFF, 0x10, 0xFF, 0x20, 0xFF, 0x20, 0xFF,
    0x20, 0xFF, 0x20, 0xFF, 0x30, 0xFF, 0x30, 0xFF,
    0x40, 0xFF, 0x40, 0xFF, 0x40, 0xFF, 0x50, 0xFF,
    0x50, 0xFF, 0x60, 0xFF, 0x60, 0xFF, 0x60, 0xFF,
    0x70, 0xFF, 0x70, 0xFF, 0x70, 0xFF, 0x80, 0xFF,
    0x80, 0xFF, 0x90, 0xFF, 0x90, 0xFF, 0x90, 0xFF,
    0xA0, 0xFF, 0xA0, 0xFF, 0xA0, 0xFF, 0xB0, 0xFF,
    0xB0, 0xFF, 0xB0, 0xFF, 0xC0, 0xFF, 0xC0, 0xFF,
    0xD0, 0xFF, 0xD0, 0xFF, 0xD0, 0xFF, 0xE0, 0xFF,
    0xE0, 0xFF, 0xE0, 0xFF, 0xE0, 0xFF, 0xE0, 0xFF,
    0xE0, 0xFE, 0xE0, 0xFE, 0xE0, 0xFE, 0xE0, 0xFD,
    0xE0, 0xFD, 0xE0, 0xFC, 0xE0, 0xFC, 0xE0, 0xFC,
    0xE0, 0xFB, 0xE0, 0xFB, 0xE0, 0xFB, 0xE0, 0xFA,
    0xE0, 0xFA, 0xE0, 0xF9, 0xE0, 0xF9, 0xE0, 0xF9,
    0xE0, 0xF8, 0xE0, 0xF8, 0xE0, 0xF8, 0xE0, 0xF7,
    0xE0, 0xF7, 0xE0, 0xF7, 0xE0, 0xF6, 0xE0, 0xF6,
    0xE0, 0xF5, 0xE0, 0xF5, 0xE0, 0xF5, 0xE0, 0xF4,
    0xE0, 0xF4, 0xE0, 0xF4, 0xE0, 0xF3, 0xE0, 0xF3,
    0xE0, 0xF3, 0xE0, 0xF2, 0xE0, 0xF2, 0xE0, 0xF1,
    0xE0, 0xF1, 0xE0, 0xF1, 0xE0, 0xF0, 0xE0, 0xF0,
    0xE0, 0xF0, 0xE0, 0xF0, 0xE0, 0xF0, 0xE1, 0xF0,
    0xE1, 0xF0, 0xE2, 0xF0, 0xE2, 0xF0, 0xE2, 0xF0,
    0xE3, 0xF0, 0xE3, 0xF0, 0xE4, 0xF0, 0xE4, 0xF0,
    0xE4, 0xF0, 0xE5, 0xF0, 0xE5, 0xF0, 0xE5, 0xF0,
    0xE6, 0xF0, 0xE6, 0xF0, 0xE6, 0xF0, 0xE7, 0xF0,
    0xE7, 0xF0, 0xE8, 0xF0, 0xE8, 0xF0, 0xE8, 0xF0,
    0xE9, 0xF0, 0xE9, 0xF0, 0xE9, 0xF0, 0xEA, 0xF0,
    0xEA, 0xF0, 0xEA, 0xF0, 0xEB, 0xF0, 0xEB, 0xF0,
    0xEC, 0xF0, 0xEC, 0xF0, 0xEC, 0xF0, 0xED, 0xF0,
    0xED, 0xF0, 0xED, 0xF0, 0xEE, 0xF0, 0xEE, 0xF0,
    0xEF, 0xF0, 0xEF, 0xF0, 0xEF, 0xF0, 0xEF, 0xF0,
    0xEF, 0xF0, 0xDF, 0xF0, 0xDF, 0xF0, 0xDF, 0xF0,
    0xCF, 0xF0, 0xCF, 0xF0, 0xCF, 0xF0, 0xBF, 0xF0,
    0xBF, 0xF0, 0xBF, 0xF0, 0xAF, 0xF0, 0xAF, 0xF0,
    0xAF, 0xF0, 0x9F, 0xF0, 0x9F, 0xF0, 0x8F, 0xF0,
    0x8F, 0xF0, 0x7F, 0xF0, 0x7F, 0xF0, 0x7F, 0xF0,
    0x6F, 0xF0, 0x6F, 0xF0, 0x6F, 0xF0, 0x5F, 0xF0,
    0x5F, 0xF0, 0x5F, 0xF0, 0x4F, 0xF0, 0x4F, 0xF0,
    0x4F, 0xF0, 0x3F, 0xF0, 0x3F, 0xF0, 0x3F, 0xF0,
    0x2F, 0xF0, 0x2F, 0xF0, 0x1F, 0xF0, 0x1F, 0xF0,
    0x1F, 0xF0, 0x0F, 0xF0, 0x0F, 0xF0, 0x0F, 0xF0,
    0x0F, 0xF0, 0x0F, 0xF0, 0x0F, 0xF0, 0x0F, 0xF0,
    0x0F, 0xF1, 0x0F, 0xF1, 0x0F, 0xF2, 0x0F, 0xF2,
    0x0F, 0xF2, 0x0F, 0xF3, 0x0F, 0xF3, 0x0F, 0xF3,
    0x0F, 0xF4, 0x0F, 0xF4, 0x0F, 0xF5, 0x0F, 0xF5,
    0x0F, 0xF5, 0x0F, 0xF6, 0x0F, 0xF6, 0x0F, 0xF6,
    0x0F, 0xF6, 0x0F, 0xF7, 0x0F, 0xF7, 0x0F, 0xF8,
    0x0F, 0xF8, 0x0F, 0xF8, 0x0F, 0xF9, 0x0F, 0xF9,
    0x0F, 0xFA, 0x0F, 0xFA, 0x0F, 0xFA, 0x0F, 0xFB,
    0x0F, 0xFB, 0x0F, 0xFB, 0x0F, 0xFC, 0x0F, 0xFC,
    0x0F, 0xFD, 0x0F, 0xFD, 0x0F, 0xFD, 0x0F, 0xFE,
    0x0F, 0xFE, 0x0F, 0xFE, 0x0F, 0xFF, 0x0F, 0xFF,
    0x0F, 0xFF, 0x0F, 0xFF, 0x0F, 0xFF, 0x0E, 0xFF,
    0x0E, 0xFF, 0x0D, 0xFF, 0x0D, 0xFF, 0x0D, 0xFF,
    0x0C, 0xFF, 0x0C, 0xFF, 0x0B, 0xFF, 0x0B, 0xFF,
    0x0B, 0xFF, 0x0A, 0xFF, 0x0A, 0xFF, 0x0A, 0xFF,
    0x09, 0xFF, 0x09, 0xFF, 0x09, 0xFF, 0x08, 0xFF,
    0x08, 0xFF, 0x07, 0xFF, 0x07, 0xFF, 0x07, 0xFF,
    0x06, 0xFF, 0x06, 0xFF, 0x06, 0xFF, 0x05, 0xFF,
    0x05, 0xFF, 0x05, 0xFF, 0x04, 0xFF, 0x04, 0xFF,
    0x03, 0xFF, 0x03, 0xFF, 0x03, 0xFF, 0x02, 0xFF,
    0x02, 0xFF, 0x02, 0xFF, 0x01, 0xFF, 0x01, 0xFF,
    0x00, 0xFF, 0x00, 0xFF, 0x00, 0xFF, 0x00, 0xFF,
    0x00, 0xFF, 0x00, 0xFF, 0x00, 0xFF, 0x00, 0xFF,
    0x10, 0xFF, 0x10, 0xFF, 0x10, 0xFF, 0x20, 0xFF,
    0x20, 0xFF, 0x20, 0xFF, 0x30, 0xFF, 0x30, 0xFF,
    0x40, 0xFF, 0x40, 0xFF, 0x40, 0xFF, 0x50, 0xFF,
    0x50, 0xFF, 0x50, 0xFF, 0x60, 0xFF, 0x60, 0xFF,
    0x70, 0xFF, 0x70, 0xFF, 0x70, 0xFF, 0x80, 0xFF,
    0x80, 0xFF, 0x90, 0xFF, 0x90, 0xFF, 0x90, 0xFF,
    0xA0, 0xFF, 0xA0, 0xFF, 0xA0, 0xFF, 0xB0, 0xFF,
    0xB0, 0xFF, 0xB0, 0xFF, 0xC0, 0xFF, 0xC0, 0xFF,
    0xD0, 0xFF, 0xD0, 0xFF, 0xD0, 0xFF, 0xE0, 0xFF,
    0xE0, 0xFF, 0xE0, 0xFF, 0xE0, 0xFF, 0xE0, 0xFF,
    0xE0, 0xFE, 0xE0, 0xFE, 0xE0, 0xFD, 0xE0, 0xFD,
    0xE0, 0xFD, 0xE0, 0xFC, 0xE0, 0xFC, 0xE0, 0xFC,
    0xE0, 0xFB, 0xE0, 0xFB, 0xE0, 0xFB, 0xE0, 0xFA,
    0xE0, 0xFA, 0xE0, 0xF9, 0xE0, 0xF9, 0xE0, 0xF9,
    0xE0, 0xF8, 0xE0, 0xF8, 0xE0, 0xF8, 0xE0, 0xF7,
    0xE0, 0xF7, 0xE0, 0xF6, 0xE0, 0xF6, 0xE0, 0xF6,
    0xE0, 0xF5, 0xE0, 0xF5, 0xE0, 0xF5, 0xE0, 0xF4,
    0xE0, 0xF4, 0xE0, 0xF4, 0xE0, 0xF3, 0xE0, 0xF3,
    0xE0, 0xF3, 0xE0, 0xF2, 0xE0, 0xF2, 0xE0, 0xF1,
    0xE0, 0xF1, 0xE0, 0xF1, 0xE0, 0xF0, 0xE0, 0xF0,
    0xE0, 0xF0, 0xE0, 0xF0, 0xE0, 0xF0, 0xE1, 0xF0,
    0xE1, 0xF0, 0xE2, 0xF0, 0xE2, 0xF0, 0xE2, 0xF0,
    0xE3, 0xF0, 0xE3, 0xF0, 0xE3, 0xF0, 0xE4, 0xF0,
    0xE4, 0xF0, 0xE5, 0xF0, 0xE5, 0xF0, 0xE5, 0xF0,
    0xE6, 0xF0, 0xE6, 0xF0, 0xE6, 0xF0, 0xE7, 0xF0,
    0xE7, 0xF0, 0xE8, 0xF0, 0xE8, 0xF0, 0xE8, 0xF0,
    0xE9, 0xF0, 0xE9, 0xF0, 0xE9, 0xF0, 0xEA, 0xF0,
    0xEA, 0xF0, 0xEA, 0xF0, 0xEB, 0xF0, 0xEB, 0xF0,
    0xEC, 0xF0, 0xEC, 0xF0, 0xEC, 0xF0, 0xED, 0xF0,
    0xED, 0xF0, 0xED, 0xF0, 0xEE, 0xF0, 0xEE, 0xF0,
    0xEE, 0xF0, 0xEF, 0xF0, 0xEF, 0xF0, 0xEF, 0xF0,
    0xEF, 0xF0, 0xDF, 0xF0, 0xDF, 0xF0, 0xDF, 0xF0,
    0xCF, 0xF0, 0xCF, 0xF0, 0xBF, 0xF0, 0xBF, 0xF0,
    0xBF, 0xF0, 0xAF, 0xF0, 0xAF, 0xF0, 0xAF, 0xF0,
    0x9F, 0xF0, 0x9F, 0xF0, 0x9F, 0xF0, 0x8F, 0xF0,
    0x8F, 0xF0, 0x7F, 0xF0, 0x7F, 0xF0, 0x7F, 0xF0,
    0x6F, 0xF0, 0x6F, 0xF0, 0x6F, 0xF0, 0x5F, 0xF0,
    0x5F, 0xF0, 0x4F, 0xF0, 0x4F, 0xF0, 0x4F, 0xF0,
    0x3F, 0xF0, 0x3F, 0xF0, 0x3F, 0xF0, 0x2F, 0xF0,
    0x2F, 0xF0, 0x2F, 0xF0, 0x1F, 0xF0, 0x1F, 0xF0,
    0x0F, 0xF0, 0x0F, 0xF0, 0x0F, 0xF0, 0x0F, 0xF0,
    0x0F, 0xF0, 0x0F, 0xF0, 0x0F, 0xF0, 0x0F, 0xF0,
    0x0F, 0xF1, 0x0F, 0xF1, 0x0F, 0xF2, 0x0F, 0xF2,
    0x0F, 0xF2, 0x0F, 0xF3, 0x0F, 0xF3, 0x0F, 0xF3,
    0x0F, 0xF4, 0x0F, 0xF4, 0x0F, 0xF4, 0x0F, 0xF5,
    0x0F, 0xF5, 0x0F, 0xF6, 0x0F, 0xF6, 0x0F, 0xF6,
    0x0F, 0xF6, 0x0F, 0xF7, 0x0F, 0xF7, 0x0F, 0xF8,
    0x0F, 0xF8, 0x0F, 0xF8, 0x0F, 0xF9, 0x0F, 0xF9,
    0x0F, 0xFA, 0x0F, 0xFA, 0x0F, 0xFA, 0x0F, 0xFB,
    0x0F, 0xFB, 0x0F, 0xFB, 0x0F, 0xFC, 0x0F, 0xFC,
    0x0F, 0xFD, 0x0F, 0xFD, 0x0F, 0xFD, 0x0F, 0xFD,
    0x0F, 0xFE, 0x0F, 0xFE, 0x0F, 0xFF, 0x0F, 0xFF,
    0x0F, 0xFF, 0x0F, 0xFF, 0x0E, 0xFF, 0x0E, 0xFF,
    0x0E, 0xFF, 0x0D, 0xFF, 0x0D, 0xFF, 0x0D, 0xFF,
    0x0C, 0xFF, 0x0C, 0xFF, 0x0B, 0xFF, 0x0B, 0xFF,
    0x0B, 0xFF, 0x0A, 0xFF, 0x0A, 0xFF, 0x0A, 0xFF,
    0x09, 0xFF, 0x09, 0xFF, 0x09, 0xFF, 0x08, 0xFF,
    0x08, 0xFF, 0x07, 0xFF, 0x07, 0xFF, 0x07, 0xFF,
    0x06, 0xFF, 0x06, 0xFF, 0x06, 0xFF, 0x05, 0xFF,
    0x05, 0xFF, 0x04, 0xFF, 0x04, 0xFF, 0x04, 0xFF,
    0x03, 0xFF, 0x03, 0xFF, 0x03, 0xFF, 0x02, 0xFF,
    0x02, 0xFF, 0x01, 0xFF, 0x01, 0xFF, 0x01, 0xFF,
    0x00, 0xFF, 0x00, 0xFF, 0x00, 0xFF, 0x00, 0xFF,
    0x00, 0xFF, 0x00, 0xFF, 0x00, 0xFF, 0x00, 0xFF,
    0x10, 0xFF, 0x10, 0xFF, 0x10, 0xFF, 0x20, 0xFF,
    0x20, 0xFF, 0x20, 0xFF, 0x30, 0xFF, 0x30, 0xFF,
    0x40, 0xFF, 0x40, 0xFF, 0x40, 0xFF, 0x50, 0xFF,
    0x50, 0xFF, 0x50, 0xFF, 0x60, 0xFF, 0x60, 0xFF,
    0x70, 0xFF, 0x70, 0xFF, 0x70, 0xFF, 0x80, 0xFF,
    0x80, 0xFF, 0x80, 0xFF, 0x90, 0xFF, 0x90, 0xFF,
    0x90, 0xFF, 0xA0, 0xFF, 0xA0, 0xFF, 0xB0, 0xFF,
    0xB0, 0xFF, 0xB0, 0xFF, 0xC0, 0xFF, 0xC0, 0xFF,
    0xC0, 0xFF, 0xD0, 0xFF, 0xD0, 0xFF, 0xD0, 0xFF,
    0xE0, 0xFF, 0xE0, 0xFF, 0xE0, 0xFF, 0xE0, 0xFE,
    0xE0, 0xFE, 0xE0, 0xFE, 0xE0, 0xFD, 0xE0, 0xFD,
    0xE0, 0xFD, 0xE0, 0xFC, 0xE0, 0xFC, 0xE0, 0xFC,
    0xE0, 0xFB, 0xE0, 0xFB, 0xE0, 0xFA, 0xE0, 0xFA,
    0xE0, 0xFA, 0xE0, 0xF9, 0xE0, 0xF9, 0xE0, 0xF9,
    0xE0, 0xF8, 0xE0, 0xF8, 0xE0, 0xF8, 0xE0, 0xF7,
    0xE0, 0xF7, 0xE0, 0xF6, 0xE0, 0xF6, 0xE0, 0xF6,
    0xE0, 0xF5, 0xE0, 0xF5, 0xE0, 0xF5, 0xE0, 0xF4,
    0xE0, 0xF4, 0xE0, 0xF4, 0xE0, 0xF3, 0xE0, 0xF3,
    0xE0, 0xF3, 0xE0, 0xF2, 0xE0, 0xF1, 0xE0, 0xF1,
    0xE0, 0xF1, 0xE0, 0xF1, 0xE0, 0xF0, 0xE0, 0xF0,
    0xE0, 0xF0, 0xE0, 0xF0, 0xE0, 0xF0, 0xE1, 0xF0,
    0xE1, 0xF0, 0xE1, 0xF0, 0xE2, 0xF0, 0xE2, 0xF0,
    0xE3, 0xF0, 0xE3, 0xF0, 0xE3, 0xF0, 0xE4, 0xF0,
    0xE4, 0xF0, 0xE4, 0xF0, 0xE5, 0xF0, 0xE5, 0xF0,
    0xE6, 0xF0, 0xE6, 0xF0, 0xE6, 0xF0, 0xE7, 0xF0,
    0xE7, 0xF0, 0xE7, 0xF0, 0xE8, 0xF0, 0xE8, 0xF0,
    0xE8, 0xF0, 0xE9, 0xF0, 0xE9, 0xF0, 0xEA, 0xF0,
    0xEA, 0xF0, 0xEA, 0xF0, 0xEB, 0xF0, 0xEB, 0xF0,
    0xEB, 0xF0, 0xEC, 0xF0, 0xEC, 0xF0, 0xED, 0xF0,
    0xED, 0xF0, 0xED, 0xF0, 0xEE, 0xF0, 0xEE, 0xF0,
    0xEE, 0xF0, 0xEF, 0xF0, 0xEF, 0xF0, 0xEF, 0xF0,
    0xEF, 0xF0, 0xDF, 0xF0, 0xDF, 0xF0, 0xDF, 0xF0,
    0xCF, 0xF0, 0xCF, 0xF0, 0xBF, 0xF0, 0xBF, 0xF0,
    0xBF, 0xF0, 0xAF, 0xF0, 0xAF, 0xF0, 0xAF, 0xF0,
    0x9F, 0xF0, 0x9F, 0xF0, 0x9F, 0xF0, 0x8F, 0xF0,
    0x8F, 0xF0, 0x7F, 0xF0, 0x7F, 0xF0, 0x7F, 0xF0,
    0x6F, 0xF0, 0x6F, 0xF0, 0x6F, 0xF0, 0x5F, 0xF0,
    0x5F, 0xF0, 0x4F, 0xF0, 0x4F, 0xF0, 0x4F, 0xF0,
    0x3F, 0xF0, 0x3F, 0xF0, 0x3F, 0xF0, 0x2F, 0xF0,
    0x2F, 0xF0, 0x2F, 0xF0, 0x1F, 0xF0, 0x1F, 0xF0,
    0x0F, 0xF0, 0x0F, 0xF0, 0x0F, 0xF0, 0x0F, 0xF0,
    0x0F, 0xF0, 0x0F, 0xF0, 0x0F, 0xF0, 0x0F, 0xF0,
    0x0F, 0xF1, 0x0F, 0xF1, 0x0F, 0xF1, 0x0F, 0xF2,
    0x0F, 0xF2, 0x0F, 0xF3, 0x0F, 0xF3, 0x0F, 0xF3,
    0x0F, 0xF4, 0x0F, 0xF4, 0x0F, 0xF4, 0x0F, 0xF5,
    0x0F, 0xF5, 0x0F, 0xF6, 0x0F, 0xF6, 0x0F, 0xF6,
    0x0F, 0xF6, 0x0F, 0xF7, 0x0F, 0xF7, 0x0F, 0xF8,
    0x0F, 0xF8, 0x0F, 0xF8, 0x0F, 0xF9, 0x0F, 0xF9,
    0x0F, 0xF9, 0x0F, 0xFA, 0x0F, 0xFA, 0x0F, 0xFB,
    0x0F, 0xFB, 0x0F, 0xFB, 0x0F, 0xFC, 0x0F, 0xFC,
    0x0F, 0xFD, 0x0F, 0xFD, 0x0F, 0xFD, 0x0F, 0xFD,
    0x0F, 0xFE, 0x0F, 0xFE, 0x0F, 0xFF, 0x0F, 0xFF,
    0x0F, 0xFF, 0x0F, 0xFF, 0x0E, 0xFF, 0x0E, 0xFF,
    0x0E, 0xFF, 0x0D, 0xFF, 0x0D, 0xFF, 0x0C, 0xFF,
    0x0C, 0xFF, 0x0C, 0xFF, 0x0B, 0xFF, 0x0B, 0xFF,
    0x0B, 0xFF, 0x0A, 0xFF, 0x0A, 0xFF, 0x0A, 0xFF,
    0x09, 0xFF, 0x09, 0xFF, 0x09, 0xFF, 0x08, 0xFF,
    0x08, 0xFF, 0x07, 0xFF, 0x07, 0xFF, 0x07, 0xFF,
    0x06, 0xFF, 0x06, 0xFF, 0x06, 0xFF, 0x05, 0xFF,
    0x05, 0xFF, 0x04, 0xFF, 0x04, 0xFF, 0x04, 0xFF,
    0x03, 0xFF, 0x03, 0xFF, 0x03, 0xFF, 0x02, 0xFF,
    0x02, 0xFF, 0x01, 0xFF, 0x01, 0xFF, 0x01, 0xFF,
    0x00, 0xFF, 0x00, 0xFF, 0x00, 0xFF, 0x00, 0xFF,
    0x00, 0xFF, 0x00, 0xFF, 0x00, 0xFF, 0x00, 0xFF,
    0x10, 0xFF, 0x10, 0xFF, 0x10, 0xFF, 0x20, 0xFF,
    0x20, 0xFF, 0x20, 0xFF, 0x30, 0xFF, 0x30, 0xFF,
    0x40, 0xFF, 0x40, 0xFF, 0x40, 0xFF, 0x40, 0xFF,
    0x50, 0xFF, 0x50, 0xFF, 0x60, 0xFF, 0x60, 0xFF,
    0x70, 0xFF, 0x70, 0xFF, 0x70, 0xFF, 0x80, 0xFF,
    0x80, 0xFF, 0x80, 0xFF, 0x90, 0xFF, 0x90, 0xFF,
    0x90, 0xFF, 0xA0, 0xFF, 0xA0, 0xFF, 0xB0, 0xFF,
    0xB0, 0xFF, 0xB0, 0xFF, 0xC0, 0xFF, 0xC0, 0xFF,
    0xC0, 0xFF, 0xD0, 0xFF, 0xD0, 0xFF, 0xD0, 0xFF,
    0xE0, 0xFF, 0xE0, 0xFF, 0xE0, 0xFF, 0xE0, 0xFE,
    0xE0, 0xFE, 0xE0, 0xFE, 0xE0, 0xFD, 0xE0, 0xFD,
    0xE0, 0xFD, 0xE0, 0xFC, 0xE0, 0xFC, 0xE0, 0xFC,
    0xE0, 0xFB, 0xE0, 0xFB, 0xE0, 0xFA, 0xE0, 0xFA,
    0xE0, 0xFA, 0xE0, 0xF9, 0xE0, 0xF9, 0xE0, 0xF9,
    0xE0, 0xF8, 0xE0, 0xF8, 0xE0, 0xF7, 0xE0, 0xF7,
    0xE0, 0xF7, 0xE0, 0xF6, 0xE0, 0xF6, 0xE0, 0xF6,
    0xE0, 0xF5, 0xE0, 0xF5, 0xE0, 0xF4, 0xE0, 0xF4,
    0xE0, 0xF4, 0xE0, 0xF4, 0xE0, 0xF3, 0xE0, 0xF3,
    0xE0, 0xF2, 0xE0, 0xF2, 0xE0, 0xF1, 0xE0, 0xF1,
    0xE0, 0xF1, 0xE0, 0xF0, 0xE0, 0xF0, 0xE0, 0xF0,
    0xE0, 0xF0, 0xE0, 0xF0, 0xE0, 0xF0, 0xE1, 0xF0,
    0xE1, 0xF0, 0xE1, 0xF0, 0xE2, 0xF0, 0xE2, 0xF0,
    0xE3, 0xF0, 0xE3, 0xF0, 0xE3, 0xF0, 0xE4, 0xF0,
    0xE4, 0xF0, 0xE4, 0xF0, 0xE5, 0xF0, 0xE5, 0xF0,
    0xE5, 0xF0, 0xE6, 0xF0, 0xE6, 0xF0, 0xE7, 0xF0,
    0xE7, 0xF0, 0xE7, 0xF0, 0xE8, 0xF0, 0xE8, 0xF0,
    0xE8, 0xF0, 0xE9, 0xF0, 0xE9, 0xF0, 0xE9, 0xF0,
    0xEA, 0xF0, 0xEA, 0xF0, 0xEB, 0xF0, 0xEB, 0xF0,
    0xEB, 0xF0, 0xEC, 0xF0, 0xEC, 0xF0, 0xEC, 0xF0,
    0xED, 0xF0, 0xED, 0xF0, 0xED, 0xF0, 0xEE, 0xF0,
    0xEE, 0xF0, 0xEF, 0xF0, 0xEF, 0xF0, 0xEF, 0xF0,
    0xEF, 0xF0, 0xDF, 0xF0, 0xDF, 0xF0, 0xCF, 0xF0,
    0xCF, 0xF0, 0xCF, 0xF0, 0xBF, 0xF0, 0xBF, 0xF0,
    0xBF, 0xF0, 0xAF, 0xF0, 0xAF, 0xF0, 0xAF, 0xF0,
    0x9F, 0xF0, 0x9F, 0xF0, 0x8F, 0xF0, 0x8F, 0xF0,
    0x8F, 0xF0, 0x7F, 0xF0, 0x7F, 0xF0, 0x7F, 0xF0,
    0x6F, 0xF0, 0x6F, 0xF0, 0x6F, 0xF0, 0x5F, 0xF0,
    0x5F, 0xF0, 0x4F, 0xF0, 0x4F, 0xF0, 0x4F, 0xF0,
    0x3F, 0xF0, 0x3F, 0xF0, 0x3F, 0xF0, 0x2F, 0xF0,
    0x2F, 0xF0, 0x1F, 0xF0, 0x1F, 0xF0, 0x1F, 0xF0,
    0x0F, 0xF0, 0x0F, 0xF0, 0x0F, 0xF0, 0x0F, 0xF0,
    0x0F, 0xF0, 0x0F, 0xF0, 0x0F, 0xF0, 0x0F, 0xF0,
    0x0F, 0xF1, 0x0F, 0xF1, 0x0F, 0xF1, 0x0F, 0xF2,
    0x0F, 0xF2, 0x0F, 0xF3, 0x0F, 0xF3, 0x0F, 0xF3,
    0x0F, 0xF4, 0x0F, 0xF4, 0x0F, 0xF4, 0x0F, 0xF5,
    0x0F, 0xF5, 0x0F, 0xF6, 0x0F, 0xF6, 0x0F, 0xF6,
    0x0F, 0xF6, 0x0F, 0xF7, 0x0F, 0xF7, 0x0F, 0xF8,
    0x0F, 0xF8, 0x0F, 0xF8, 0x0F, 0xF9, 0x0F, 0xF9,
    0x0F, 0xF9, 0x0F, 0xFA, 0x0F, 0xFA, 0x0F, 0xFB,
    0x0F, 0xFB, 0x0F, 0xFB, 0x0F, 0xFC, 0x0F, 0xFC,
    0x0F, 0xFC, 0x0F, 0xFD, 0x0F, 0xFD, 0x0F, 0xFD,
    0x0F, 0xFE, 0x0F, 0xFE, 0x0F, 0xFF, 0x0F, 0xFF,
    0x0F, 0xFF, 0x0F, 0xFF, 0x0E, 0xFF, 0x0E, 0xFF,
    0x0E, 0xFF, 0x0D, 0xFF, 0x0D, 0xFF, 0x0C, 0xFF,
    0x0C, 0xFF, 0x0C, 0xFF, 0x0B, 0xFF, 0x0B, 0xFF,
    0x0B, 0xFF, 0x0A, 0xFF, 0x0A, 0xFF, 0x09, 0xFF,
    0x09, 0xFF, 0x09, 0xFF, 0x08, 0xFF, 0x08, 0xFF,
    0x08, 0xFF, 0x07, 0xFF, 0x07, 0xFF, 0x07, 0xFF,
    0x06, 0xFF, 0x06, 0xFF, 0x06, 0xFF, 0x05, 0xFF,
    0x05, 0xFF, 0x04, 0xFF, 0x04, 0xFF, 0x04, 0xFF,
    0x03, 0xFF, 0x03, 0xFF, 0x03, 0xFF, 0x02, 0xFF,
    0x02, 0xFF, 0x01, 0xFF, 0x01, 0xFF, 0x01, 0xFF,
    0x00, 0xFF, 0x00, 0xFF, 0x00, 0xFF, 0x00, 0xFF,
    0x00, 0xFF, 0x00, 0xFF, 0x00, 0xFF, 0x00, 0xFF,
    0x10, 0xFF, 0x10, 0xFF, 0x10, 0xFF, 0x20, 0xFF,
    0x20, 0xFF, 0x20, 0xFF, 0x30, 0xFF, 0x30, 0xFF,
    0x40, 0xFF, 0x40, 0xFF, 0x40, 0xFF, 0x40, 0xFF,
    0x50, 0xFF, 0x50, 0xFF, 0x60, 0xFF, 0x60, 0xFF,
    0x60, 0xFF, 0x70, 0xFF, 0x70, 0xFF, 0x80, 0xFF,
    0x80, 0xFF, 0x80, 0xFF, 0x90, 0xFF, 0x90, 0xFF,
    0x90, 0xFF, 0xA0, 0xFF, 0xA0, 0xFF, 0xA0, 0xFF,
    0xB0, 0xFF, 0xB0, 0xFF, 0xC0, 0xFF, 0xC0, 0xFF,
    0xC0, 0xFF, 0xD0, 0xFF, 0xD0, 0xFF, 0xD0, 0xFF,
    0xE0, 0xFF, 0xE0, 0xFF, 0xE0, 0xFF, 0xE0, 0xFE,
    0xE0, 0xFE, 0xE0, 0xFE, 0xE0, 0xFD, 0xE0, 0xFD,
    0xE0, 0xFD, 0xE0, 0xFC, 0xE0, 0xFC, 0xE0, 0xFB,
    0xE0, 0xFB, 0xE0, 0xFB, 0xE0, 0xFA, 0xE0, 0xFA,
    0xE0, 0xF9, 0xE0, 0xF9, 0xE0, 0xF9, 0xE0, 0xF9,
    0xE0, 0xF8, 0xE0, 0xF8, 0xE0, 0xF7, 0xE0, 0xF7,
    0xE0, 0xF7, 0xE0, 0xF6, 0xE0, 0xF6, 0xE0, 0xF6,
    0xE0, 0xF5, 0xE0, 0xF5, 0xE0, 0xF4, 0xE0, 0xF4,
    0xE0, 0xF4, 0xE0, 0xF3, 0xE0, 0xF3, 0xE0, 0xF3,
    0xE0, 0xF2, 0xE0, 0xF2, 0xE0, 0xF1, 0xE0, 0xF1,
    0xE0, 0xF1, 0xE0, 0xF0, 0xE0, 0xF0, 0xE0, 0xF0,
    0xE0, 0xF0, 0xE0, 0xF0, 0xE0, 0xF0, 0xE1, 0xF0,
    0xE1, 0xF0, 0xE1, 0xF0, 0xE2, 0xF0, 0xE2, 0xF0,
    0xE2, 0xF0, 0xE3, 0xF0, 0xE3, 0xF0, 0xE4, 0xF0,
    0xE4, 0xF0, 0xE4, 0xF0, 0xE5, 0xF0, 0xE5, 0xF0,
    0xE5, 0xF0, 0xE6, 0xF0, 0xE6, 0xF0, 0xE7, 0xF0,
    0xE7, 0xF0, 0xE7, 0xF0, 0xE8, 0xF0, 0xE8, 0xF0,
    0xE8, 0xF0, 0xE9, 0xF0, 0xE9, 0xF0, 0xE9, 0xF0,
    0xEA, 0xF0, 0xEA, 0xF0, 0xEA, 0xF0, 0xEB, 0xF0,
    0xEB, 0xF0, 0xEC, 0xF0, 0xEC, 0xF0, 0xEC, 0xF0,
    0xED, 0xF0, 0xED, 0xF0, 0xED, 0xF0, 0xEE, 0xF0,
    0xEE, 0xF0, 0xEE, 0xF0, 0xEF, 0xF0, 0xEF, 0xF0,
    0xDF, 0xF0, 0xDF, 0xF0, 0xDF, 0xF0, 0xCF, 0xF0,
    0xCF, 0xF0, 0xBF, 0xF0, 0xBF, 0xF0, 0xBF, 0xF0,
    0xAF, 0xF0, 0xAF, 0xF0, 0xAF, 0xF0, 0x9F, 0xF0,
    0x9F, 0xF0, 0x9F, 0xF0, 0x8F, 0xF0, 0x8F, 0xF0,
    0x8F, 0xF0, 0x7F, 0xF0, 0x7F, 0xF0, 0x6F, 0xF0,
    0x6F, 0xF0, 0x6F, 0xF0, 0x5F, 0xF0, 0x5F, 0xF0,
    0x5F, 0xF0, 0x4F, 0xF0, 0x4F, 0xF0, 0x4F, 0xF0,
    0x3F, 0xF0, 0x3F, 0xF0, 0x3F, 0xF0, 0x2F, 0xF0,
    0x2F, 0xF0, 0x1F, 0xF0, 0x1F, 0xF0, 0x1F, 0xF0,
    0x0F, 0xF0, 0x0F, 0xF0, 0x0F, 0xF0, 0x0F, 0xF0,
    0x0F, 0xF0, 0x0F, 0xF0, 0x0F, 0xF0, 0x0F, 0xF0,
    0x0F, 0xF0, 0x0F, 0xF1, 0x0F, 0xF1, 0x0F, 0xF2,
    0x0F, 0xF2, 0x0F, 0xF2, 0x0F, 0xF3, 0x0F, 0xF3,
    0x0F, 0xF4, 0x0F, 0xF4, 0x0F, 0xF4, 0x0F, 0xF5,
    0x0F, 0xF5, 0x0F, 0xF5, 0x0F, 0xF6, 0x0F, 0xF6,
    0x0F, 0xF6, 0x0F, 0xF7, 0x0F, 0xF7, 0x0F, 0xF7,
    0x0F, 0xF8, 0x0F, 0xF8, 0x0F, 0xF8, 0x0F, 0xF9,
    0x0F, 0xF9, 0x0F, 0xFA, 0x0F, 0xFA, 0x0F, 0xFA,
    0x0F, 0xFB, 0x0F, 0xFB, 0x0F, 0xFC, 0x0F, 0xFC,
    0x0F, 0xFC, 0x0F, 0xFD, 0x0F, 0xFD, 0x0F, 0xFD,
    0x0F, 0xFE, 0x0F, 0xFE, 0x0F, 0xFE, 0x0F, 0xFF,
    0x0F, 0xFF, 0x0F, 0xFF, 0x0E, 0xFF, 0x0E, 0xFF,
    0x0D, 0xFF, 0x0D, 0xFF, 0x0D, 0xFF, 0x0C, 0xFF,
    0x0C, 0xFF, 0x0C, 0xFF, 0x0B, 0xFF, 0x0B, 0xFF,
    0x0A, 0xFF, 0x0A, 0xFF, 0x0A, 0xFF, 0x09, 0xFF,
    0x09, 0xFF, 0x09, 0xFF, 0x08, 0xFF, 0x08, 0xFF,
    0x08, 0xFF, 0x07, 0xFF, 0x07, 0xFF, 0x07, 0xFF,
    0x06, 0xFF, 0x06, 0xFF, 0x05, 0xFF, 0x05, 0xFF,
    0x05, 0xFF, 0x04, 0xFF, 0x04, 0xFF, 0x04, 0xFF,
    0x03, 0xFF, 0x03, 0xFF, 0x02, 0xFF, 0x02, 0xFF,
    0x02, 0xFF, 0x01, 0xFF, 0x01, 0xFF, 0x01, 0xFF,
    0x00, 0xFF, 0x00, 0xFF, 0x00, 0xFF, 0x00, 0xFF,
    0x00, 0xFF, 0x00, 0xFF, 0x00, 0xFF, 0x00, 0xFF,
    0x10, 0xFF, 0x10, 0xFF, 0x10, 0xFF, 0x20, 0xFF,
    0x20, 0xFF, 0x20, 0xFF, 0x30, 0xFF, 0x30, 0xFF,
    0x30, 0xFF, 0x40, 0xFF, 0x40, 0xFF, 0x40, 0xFF,
    0x50, 0xFF, 0x50, 0xFF, 0x60, 0xFF, 0x60, 0xFF,
    0x60, 0xFF, 0x70, 0xFF, 0x70, 0xFF, 0x80, 0xFF,
    0x80, 0xFF, 0x80, 0xFF, 0x90, 0xFF, 0x90, 0xFF,
    0x90, 0xFF, 0xA0, 0xFF, 0xA0, 0xFF, 0xA0, 0xFF,
    0xB0, 0xFF, 0xB0, 0xFF, 0xB0, 0xFF, 0xC0, 0xFF,
    0xC0, 0xFF, 0xD0, 0xFF, 0xD0, 0xFF, 0xD0, 0xFF,
    0xD0, 0xFF, 0xE0, 0xFF, 0xE0, 0xFF, 0xE0, 0xFE,
    0xE0, 0xFE, 0xE0, 0xFE, 0xE0, 0xFD, 0xE0, 0xFD,
    0xE0, 0xFC, 0xE0, 0xFC, 0xE0, 0xFC, 0xE0, 0xFB,
    0xE0, 0xFB, 0xE0, 0xFB, 0xE0, 0xFA, 0xE0, 0xFA,
    0xE0, 0xF9, 0xE0, 0xF9, 0xE0, 0xF9, 0xE0, 0xF8,
    0xE0, 0xF8, 0xE0, 0xF8, 0xE0, 0xF7, 0xE0, 0xF7,
    0xE0, 0xF7, 0xE0, 0xF6, 0xE0, 0xF6, 0xE0, 0xF6,
    0xE0, 0xF5, 0xE0, 0xF5, 0xE0, 0xF4, 0xE0, 0xF4,
    0xE0, 0xF4, 0xE0, 0xF3, 0xE0, 0xF3, 0xE0, 0xF3,
    0xE0, 0xF2, 0xE0, 0xF2, 0xE0, 0xF1, 0xE0, 0xF1,
    0xE0, 0xF1, 0xE0, 0xF0, 0xE0, 0xF0, 0xE0, 0xF0,
    0xE0, 0xF0, 0xE0, 0xF0, 0xE0, 0xF0, 0xE1, 0xF0,
    0xE1, 0xF0, 0xE1, 0xF0, 0xE2, 0xF0, 0xE2, 0xF0,
    0xE2, 0xF0, 0xE3, 0xF0, 0xE3, 0xF0, 0xE4, 0xF0,
    0xE4, 0xF0, 0xE4, 0xF0, 0xE5, 0xF0, 0xE5, 0xF0,
    0xE5, 0xF0, 0xE6, 0xF0, 0xE6, 0xF0, 0xE6, 0xF0,
    0xE7, 0xF0, 0xE7, 0xF0, 0xE7, 0xF0, 0xE8, 0xF0,
    0xE8, 0xF0, 0xE8, 0xF0, 0xE9, 0xF0, 0xE9, 0xF0,
    0xEA, 0xF0, 0xEA, 0xF0, 0xEA, 0xF0, 0xEB, 0xF0,
    0xEB, 0xF0, 0xEB, 0xF0, 0xEC, 0xF0, 0xEC, 0xF0,
    0xED, 0xF0, 0xED, 0xF0, 0xED, 0xF0, 0xEE, 0xF0,
    0xEE, 0xF0, 0xEE, 0xF0, 0xEF, 0xF0, 0xEF, 0xF0,
    0xDF, 0xF0, 0xDF, 0xF0, 0xDF, 0xF0, 0xCF, 0xF0,
    0xCF, 0xF0, 0xBF, 0xF0, 0xBF, 0xF0, 0xBF, 0xF0,
    0xAF, 0xF0, 0xAF, 0xF0, 0xAF, 0xF0, 0x9F, 0xF0,
    0x9F, 0xF0, 0x9F, 0xF0, 0x8F, 0xF0, 0x8F, 0xF0,
    0x7F, 0xF0, 0x7F, 0xF0, 0x7F, 0xF0, 0x6F, 0xF0,
    0x6F, 0xF0, 0x6F, 0xF0, 0x5F, 0xF0, 0x5F, 0xF0,
    0x5F, 0xF0, 0x4F, 0xF0, 0x4F, 0xF0, 0x3F, 0xF0,
    0x3F, 0xF0, 0x3F, 0xF0, 0x2F, 0xF0, 0x2F, 0xF0,
    0x2F, 0xF0, 0x1F, 0xF0, 0x1F, 0xF0, 0x1F, 0xF0,
    0x0F, 0xF0, 0x0F, 0xF0, 0x0F, 0xF0, 0x0F, 0xF0,
    0x0F, 0xF0, 0x0F, 0xF0, 0x0F, 0xF0, 0x0F, 0xF0,
    0x0F, 0xF0, 0x0F, 0xF1, 0x0F, 0xF1, 0x0F, 0xF2,
    0x0F, 0xF2, 0x0F, 0xF2, 0x0F, 0xF3, 0x0F, 0xF3,
    0x0F, 0xF3, 0x0F, 0xF4, 0x0F, 0xF4, 0x0F, 0xF5,
    0x0F, 0xF5, 0x0F, 0xF5, 0x0F, 0xF6, 0x0F, 0xF6,
    0x0F, 0xF6, 0x0F, 0xF7, 0x0F, 0xF7, 0x0F, 0xF7,
    0x0F, 0xF8, 0x0F, 0xF8, 0x0F, 0xF8, 0x0F, 0xF9,
    0x0F, 0xF9, 0x0F, 0xFA, 0x0F, 0xFA, 0x0F, 0xFA,
    0x0F, 0xFB, 0x0F, 0xFB, 0x0F, 0xFB, 0x0F, 0xFC,
    0x0F, 0xFC, 0x0F, 0xFC, 0x0F, 0xFD, 0x0F, 0xFD,
    0x0F, 0xFD, 0x0F, 0xFE, 0x0F, 0xFE, 0x0F, 0xFF,
    0x0F, 0xFF, 0x0E, 0xFF, 0x0E, 0xFF, 0x0E, 0xFF,
    0x0D, 0xFF, 0x0D, 0xFF, 0x0C, 0xFF, 0x0C, 0xFF,
    0x0C, 0xFF, 0x0B, 0xFF, 0x0B, 0xFF, 0x0B, 0xFF,
    0x0A, 0xFF, 0x0A, 0xFF, 0x0A, 0xFF, 0x09, 0xFF,
    0x09, 0xFF, 0x09, 0xFF, 0x08, 0xFF, 0x08, 0xFF,
    0x08, 0xFF, 0x07, 0xFF, 0x07, 0xFF, 0x06, 0xFF,
    0x06, 0xFF, 0x06, 0xFF, 0x05, 0xFF, 0x05, 0xFF,
    0x05, 0xFF, 0x04, 0xFF, 0x04, 0xFF, 0x04, 0xFF,
    0x03, 0xFF, 0x03, 0xFF, 0x02, 0xFF, 0x02, 0xFF,
    0x02, 0xFF, 0x01, 0xFF, 0x01, 0xFF, 0x01, 0xFF,
    0x00, 0xFF, 0x00, 0xFF, 0x00, 0xFF, 0x00, 0xFF,
    0x00, 0xFF, 0x00, 0xFF, 0x00, 0xFF, 0x00, 0xFF,
    0x10, 0xFF, 0x10, 0xFF, 0x10, 0xFF, 0x20, 0xFF,
    0x20, 0xFF, 0x20, 0xFF, 0x30, 0xFF, 0x30, 0xFF,
    0x30, 0xFF, 0x40, 0xFF, 0x40, 0xFF, 0x40, 0xFF,
    0x50, 0xFF, 0x50, 0xFF, 0x60, 0xFF, 0x60, 0xFF,
    0x60, 0xFF, 0x70, 0xFF, 0x70, 0xFF, 0x70, 0xFF,
    0x80, 0xFF, 0x80, 0xFF, 0x80, 0xFF, 0x90, 0xFF,
    0x90, 0xFF, 0xA0, 0xFF, 0xA0, 0xFF, 0xA0, 0xFF,
    0xB0, 0xFF, 0xB0, 0xFF, 0xB0, 0xFF, 0xC0, 0xFF,
    0xC0, 0xFF, 0xC0, 0xFF, 0xD0, 0xFF, 0xD0, 0xFF,
    0xD0, 0xFF, 0xE0, 0xFF, 0xE0, 0xFE, 0xE0, 0xFE,
    0xE0, 0xFE, 0xE0, 0xFD, 0xE0, 0xFD, 0xE0, 0xFD,
    0xE0, 0xFC, 0xE0, 0xFC, 0xE0, 0xFC, 0xE0, 0xFB,
    0xE0, 0xFB, 0xE0, 0xFB, 0xE0, 0xFA, 0xE0, 0xFA,
    0xE0, 0xF9, 0xE0, 0xF9, 0xE0, 0xF9, 0xE0, 0xF8,
    0xE0, 0xF8, 0xE0, 0xF8, 0xE0, 0xF7, 0xE0, 0xF7,
    0xE0, 0xF7, 0xE0, 0xF6, 0xE0, 0xF6, 0xE0, 0xF5,
    0xE0, 0xF5, 0xE0, 0xF5, 0xE0, 0xF4, 0xE0, 0xF4,
    0xE0, 0xF4, 0xE0, 0xF3, 0xE0, 0xF3, 0xE0, 0xF3,
    0xE0, 0xF2, 0xE0, 0xF2, 0xE0, 0xF1, 0xE0, 0xF1,
    0xE0, 0xF1, 0xE0, 0xF0, 0xE0, 0xF0, 0xE0, 0xF0,
    0xE0, 0xF0, 0xE0, 0xF0, 0xE0, 0xF0, 0xE1, 0xF0,
    0xE1, 0xF0, 0xE1, 0xF0, 0xE2, 0xF0, 0xE2, 0xF0,
    0xE2, 0xF0, 0xE3, 0xF0, 0xE3, 0xF0, 0xE4, 0xF0,
    0xE4, 0xF0, 0xE4, 0xF0, 0xE5, 0xF0, 0xE5, 0xF0,
    0xE5, 0xF0, 0xE6, 0xF0, 0xE6, 0xF0, 0xE6, 0xF0,
    0xE7, 0xF0, 0xE7, 0xF0, 0xE7, 0xF0, 0xE8, 0xF0,
    0xE8, 0xF0, 0xE8, 0xF0, 0xE9, 0xF0, 0xE9, 0xF0,
    0xE9, 0xF0, 0xEA, 0xF0, 0xEA, 0xF0, 0xEB, 0xF0,
    0xEB, 0xF0, 0xEB, 0xF0, 0xEC, 0xF0, 0xEC, 0xF0,
    0xEC, 0xF0, 0xED, 0xF0, 0xED, 0xF0, 0xED, 0xF0,
    0xEE, 0xF0, 0xEE, 0xF0, 0xEF, 0xF0, 0xEF, 0xF0,
    0xDF, 0xF0, 0xDF, 0xF0, 0xCF, 0xF0, 0xCF, 0xF0,
    0xCF, 0xF0, 0xBF, 0xF0, 0xBF, 0xF0, 0xAF, 0xF0,
    0xAF, 0xF0, 0xAF, 0xF0, 0x9F, 0xF0, 0x9F, 0xF0,
    0x9F, 0xF0, 0x8F, 0xF0, 0x8F, 0xF0, 0x8F, 0xF0,
    0x7F, 0xF0, 0x7F, 0xF0, 0x7F, 0xF0, 0x6F, 0xF0,
    0x6F, 0xF0, 0x6F, 0xF0, 0x5F, 0xF0, 0x5F, 0xF0,
    0x5F, 0xF0, 0x4F, 0xF0, 0x4F, 0xF0, 0x3F, 0xF0,
    0x3F, 0xF0, 0x3F, 0xF0, 0x2F, 0xF0, 0x2F, 0xF0,
    0x2F, 0xF0, 0x1F, 0xF0, 0x1F, 0xF0, 0x1F, 0xF0,
    0x0F, 0xF0, 0x0F, 0xF0, 0x0F, 0xF0, 0x0F, 0xF0,
    0x0F, 0xF0, 0x0F, 0xF0, 0x0F, 0xF0, 0x0F, 0xF0,
    0x0F, 0xF0, 0x0F, 0xF1, 0x0F, 0xF1, 0x0F, 0xF2,
    0x0F, 0xF2, 0x0F, 0xF2, 0x0F, 0xF3, 0x0F, 0xF3,
    0x0F, 0xF3, 0x0F, 0xF4, 0x0F, 0xF4, 0x0F, 0xF5,
    0x0F, 0xF5, 0x0F, 0xF5, 0x0F, 0xF5, 0x0F, 0xF6,
    0x0F, 0xF6, 0x0F, 0xF7, 0x0F, 0xF7, 0x0F, 0xF7,
    0x0F, 0xF8, 0x0F, 0xF8, 0x0F, 0xF8, 0x0F, 0xF9,
    0x0F, 0xF9, 0x0F, 0xF9, 0x0F, 0xFA, 0x0F, 0xFA,
    0x0F, 0xFA, 0x0F, 0xFB, 0x0F, 0xFB, 0x0F, 0xFC,
    0x0F, 0xFC, 0x0F, 0xFC, 0x0F, 0xFD, 0x0F, 0xFD,
    0x0F, 0xFD, 0x0F, 0xFE, 0x0F, 0xFE, 0x0F, 0xFE,
    0x0F, 0xFF, 0x0E, 0xFF, 0x0E, 0xFF, 0x0D, 0xFF,
    0x0D, 0xFF, 0x0D, 0xFF, 0x0C, 0xFF, 0x0C, 0xFF,
    0x0C, 0xFF, 0x0B, 0xFF, 0x0B, 0xFF, 0x0B, 0xFF,
    0x0A, 0xFF, 0x0A, 0xFF, 0x0A, 0xFF, 0x09, 0xFF,
    0x09, 0xFF, 0x09, 0xFF, 0x08, 0xFF, 0x08, 0xFF,
    0x07, 0xFF, 0x07, 0xFF, 0x07, 0xFF, 0x06, 0xFF,
    0x06, 0xFF, 0x06, 0xFF, 0x05, 0xFF, 0x05, 0xFF,
    0x05, 0xFF, 0x04, 0xFF, 0x04, 0xFF, 0x03, 0xFF,
    0x03, 0xFF, 0x03, 0xFF, 0x02, 0xFF, 0x02, 0xFF,
    0x02, 0xFF, 0x01, 0xFF, 0x01, 0xFF, 0x01, 0xFF,
    0x00, 0xFF, 0x00, 0xFF, 0x00, 0xFF, 0x00, 0xFF,
    0x00, 0xFF, 0x00, 0xFF, 0x00, 0xFF, 0x00, 0xFF,
    0x10, 0xFF, 0x10, 0xFF, 0x10, 0xFF, 0x20, 0xFF,
    0x20, 0xFF, 0x20, 0xFF, 0x30, 0xFF, 0x30, 0xFF,
    0x30, 0xFF, 0x40, 0xFF, 0x40, 0xFF, 0x40, 0xFF,
    0x50, 0xFF, 0x50, 0xFF, 0x60, 0xFF, 0x60, 0xFF,
    0x60, 0xFF, 0x60, 0xFF, 0x70, 0xFF, 0x70, 0xFF,
    0x80, 0xFF, 0x80, 0xFF, 0x80, 0xFF, 0x90, 0xFF,
    0x90, 0xFF, 0x90, 0xFF, 0xA0, 0xFF, 0xA0, 0xFF,
    0xA0, 0xFF, 0xB0, 0xFF, 0xB0, 0xFF, 0xC0, 0xFF,
    0xC0, 0xFF, 0xC0, 0xFF, 0xD0, 0xFF, 0xD0, 0xFF,
    0xD0, 0xFF, 0xE0, 0xFF, 0xE0, 0xFE, 0xE0, 0xFE,
    0xE0, 0xFE, 0xE0, 0xFD, 0xE0, 0xFD, 0xE0, 0xFD,
    0xE0, 0xFC, 0xE0, 0xFC, 0xE0, 0xFB, 0xE0, 0xFB,
    0xE0, 0xFB, 0xE0, 0xFA, 0xE0, 0xFA, 0xE0, 0xFA,
    0xE0, 0xF9, 0xE0, 0xF9, 0xE0, 0xF9, 0xE0, 0xF8,
    0xE0, 0xF8, 0xE0, 0xF8, 0xE0, 0xF7, 0xE0, 0xF7,
    0xE0, 0xF6, 0xE0, 0xF6, 0xE0, 0xF6, 0xE0, 0xF5,
    0xE0, 0xF5, 0xE0, 0xF5, 0xE0, 0xF4, 0xE0, 0xF4,
    0xE0, 0xF4, 0xE0, 0xF3, 0xE0, 0xF3, 0xE0, 0xF3,
    0xE0, 0xF2, 0xE0, 0xF2, 0xE0, 0xF1, 0xE0, 0xF1,
    0xE0, 0xF1, 0xE0, 0xF0, 0xE0, 0xF0, 0xE0, 0xF0,
    0xE0, 0xF0, 0xE0, 0xF0, 0xE0, 0xF0, 0xE1, 0xF0,
    0xD1, 0xF0, 0xE1, 0xF0, 0xE2, 0xF0, 0xE2, 0xF0,
    0xE2, 0xF0, 0xE3, 0xF0, 0xE3, 0xF0, 0xE3, 0xF0,
    0xE4, 0xF0, 0xE4, 0xF0, 0xE5, 0xF0, 0xE5, 0xF0,
    0xE5, 0xF0, 0xE6, 0xF0, 0xE6, 0xF0, 0xD6, 0xF0,
    0xE7, 0xF0, 0xE7, 0xF0, 0xE7, 0xF0, 0xD8, 0xF0,
    0xD8, 0xF0, 0xE8, 0xF0, 0xE9, 0xF0, 0xE9, 0xF0,
    0xE9, 0xF0, 0xEA, 0xF0, 0xEA, 0xF0, 0xEB, 0xF0,
    0xDB, 0xF0, 0xEB, 0xF0, 0xEC, 0xF0, 0xDC, 0xF0,
    0xDC, 0xF0, 0xED, 0xF0, 0xDD, 0xF0, 0xED, 0xF0,
    0xEE, 0xF0, 0xEE, 0xF0, 0xDE, 0xF0, 0xDF, 0xF0,
    0xDE, 0xF0, 0xDF, 0xF0, 0xCF, 0xF0, 0xCF, 0xF0,
    0xCF, 0xF0, 0xBF, 0xF0, 0xBF, 0xF0, 0xAF, 0xF0,
    0xAF, 0xF0, 0xAF, 0xF0, 0x9F, 0xF0, 0x9F, 0xF0,
    0x9F, 0xF0, 0x8F, 0xF0, 0x8F, 0xF0, 0x8F, 0xF0,
    0x7F, 0xF0, 0x7F, 0xF0, 0x7F, 0xF0, 0x6F, 0xF0,
    0x6F, 0xF0, 0x6F, 0xF0, 0x5F, 0xF0, 0x5F, 0xF0,
    0x5F, 0xF0, 0x4F, 0xF0, 0x4F, 0xF0, 0x3F, 0xF0,
    0x3F, 0xF0, 0x3F, 0xF0, 0x2F, 0xF0, 0x2F, 0xF0,
    0x2E, 0xF0, 0x1F, 0xF0, 0x1E, 0xF0, 0x1F, 0xF0,
    0x0F, 0xF0, 0x0F, 0xF0, 0x0F, 0xF0, 0x0F, 0xF0,
    0x0E, 0xF0, 0x0E, 0xF0, 0x0F, 0xF0, 0x0F, 0xF0,
    0x0F, 0xF1, 0x0F, 0xF1, 0x0F, 0xF1, 0x0F, 0xF2,
    0x0F, 0xF2, 0x0F, 0xF2, 0x0F, 0xF3, 0x0F, 0xF3,
    0x0F, 0xF3, 0x0F, 0xF4, 0x0F, 0xF4, 0x0E, 0xF5,
    0x0E, 0xF5, 0x0F, 0xF5, 0x0F, 0xF5, 0x0F, 0xF6,
    0x0F, 0xF6, 0x0F, 0xF6, 0x0F, 0xF7, 0x0F, 0xF7,
    0x0F, 0xF8, 0x0F, 0xF8, 0x0F, 0xF8, 0x0F, 0xF9,
    0x0F, 0xF9, 0x0F, 0xF9, 0x0F, 0xFA, 0x0F, 0xFA,
    0x0F, 0xFA, 0x0F, 0xFB, 0x0F, 0xFB, 0x0F, 0xFC,
    0x0F, 0xFC, 0x0F, 0xFC, 0x0F, 0xFC, 0x0F, 0xFD,
    0x0F, 0xFD, 0x0F, 0xFE, 0x0F, 0xFE, 0x0F, 0xFE,
    0x0E, 0xFF, 0x0E, 0xFF, 0x0E, 0xFF, 0x0D, 0xFF,
    0x0D, 0xFF, 0x0D, 0xFF, 0x0C, 0xFF, 0x0C, 0xFF,
    0x0C, 0xFE, 0x0B, 0xFF, 0x0B, 0xFF, 0x0A, 0xFF,
    0x0A, 0xFF, 0x0A, 0xFF, 0x0A, 0xFE, 0x09, 0xFE,
    0x09, 0xFF, 0x08, 0xFF, 0x08, 0xFF, 0x08, 0xFF,
    0x07, 0xFF, 0x07, 0xFF, 0x07, 0xFF, 0x06, 0xFF,
    0x06, 0xFF, 0x06, 0xFF, 0x05, 0xFF, 0x05, 0xFE,
    0x05, 0xFE, 0x04, 0xFF, 0x04, 0xFF, 0x03, 0xFE,
    0x03, 0xFF, 0x03, 0xFF, 0x02, 0xFF, 0x02, 0xFF,
    0x02, 0xFF, 0x01, 0xFF, 0x01, 0xFF, 0x01, 0xFF,
    0x00, 0xFF, 0x00, 0xFF, 0x00, 0xFF, 0x00, 0xFF,
    0x00, 0xFF, 0x00, 0xFF, 0x00, 0xFF, 0x00, 0xFF,
    0x10, 0xFF, 0x10, 0xFE, 0x10, 0xFE, 0x20, 0xFE,
    0x20, 0xFF, 0x20, 0xFF, 0x30, 0xFF, 0x30, 0xFF,
    0x30, 0xFF, 0x40, 0xFF, 0x40, 0xFF, 0x40, 0xFF,
    0x50, 0xFF, 0x50, 0xFF, 0x50, 0xFE, 0x60, 0xFE,
    0x60, 0xFE, 0x60, 0xFE, 0x70, 0xFF, 0x70, 0xFF,
    0x80, 0xFF, 0x80, 0xFF, 0x80, 0xFF, 0x90, 0xFE,
    0x90, 0xFF, 0x90, 0xFF, 0xA0, 0xFF, 0xA0, 0xFF,
    0xA0, 0xFF, 0xB0, 0xFF, 0xB0, 0xFF, 0xB0, 0xFF,
    0xC0, 0xFF, 0xC0, 0xFF, 0xD0, 0xFF, 0xD0, 0xFF,
    0xD0, 0xFF, 0xD0, 0xFE, 0xE0, 0xFE, 0xE0, 0xFE,
    0xE0, 0xFD, 0xD0, 0xFD, 0xE0, 0xFD, 0xE0, 0xFD,
    0xE0, 0xFC, 0xE0, 0xFC, 0xE0, 0xFB, 0xE0, 0xFB,
    0xE0, 0xFB, 0xE0, 0xFA, 0xE0, 0xFA, 0xE0, 0xFA,
    0xE0, 0xF9, 0xE0, 0xF9, 0xE0, 0xF9, 0xD0, 0xF8,
    0xE0, 0xF8, 0xE0, 0xF8, 0xE0, 0xF7, 0xE0, 0xF7,
    0xE0, 0xF6, 0xE0, 0xF6, 0xE0, 0xF6, 0xE0, 0xF5,
    0xE0, 0xF5, 0xE0, 0xF5, 0xE0, 0xF4, 0xE0, 0xF4,
    0xD0, 0xF4, 0xD0, 0xF3, 0xE0, 0xF3, 0xE0, 0xF3,
    0xE0, 0xF2, 0xE0, 0xF2, 0xE0, 0xF1, 0xE0, 0xF1,
    0xE0, 0xF1, 0xE0, 0xF0, 0xE0, 0xF0, 0xE0, 0xF0,
    0xD0, 0xF0, 0xD0, 0xF0, 0xD0, 0xF0, 0xD1, 0xF0,
    0xD1, 0xF0, 0xD1, 0xF0, 0xD2, 0xF0, 0xD2, 0xF0,
    0xD2, 0xF0, 0xD3, 0xF0, 0xD3, 0xF0, 0xD3, 0xF0,
    0xD4, 0xF0, 0xD4, 0xF0, 0xD4, 0xF0, 0xD5, 0xF0,
    0xD5, 0xF0, 0xD6, 0xF0, 0xD6, 0xF0, 0xD6, 0xF0,
    0xD6, 0xF0, 0xD7, 0xF0, 0xD7, 0xF0, 0xD8, 0xF0,
    0xD8, 0xF0, 0xD8, 0xF0, 0xD9, 0xF0, 0xE9, 0xF0,
    0xD9, 0xF0, 0xDA, 0xF0, 0xDA, 0xF0, 0xDA, 0xF0,
    0xDB, 0xF0, 0xDB, 0xF0, 0xDB, 0xF0, 0xDC, 0xF0,
    0xDC, 0xF0, 0xDD, 0xF0, 0xDD, 0xF0, 0xDD, 0xF0,
    0xDE, 0xF0, 0xDE, 0xF0, 0xDE, 0xF0, 0xDE, 0xF0,
    0xDE, 0xF0, 0xCE, 0xF0, 0xCE, 0xF0, 0xCE, 0xF0,
    0xBE, 0xF0, 0xBE, 0xF0, 0xBE, 0xF0, 0xAE, 0xF0,
    0xAE, 0xF0, 0xAE, 0xF0, 0x9E, 0xF0, 0x9E, 0xF0,
    0x9E, 0xF0, 0x8E, 0xF0, 0x8E, 0xF0, 0x8E, 0xF0,
    0x7E, 0xF0, 0x7E, 0xF0, 0x6E, 0xF0, 0x6E, 0xF0,
    0x6E, 0xF0, 0x6E, 0xF0, 0x5E, 0xF0, 0x5E, 0xF0,
    0x4E, 0xF0, 0x4E, 0xF0, 0x4E, 0xF0, 0x3E, 0xF0,
    0x3E, 0xF0, 0x3E, 0xF0, 0x2E, 0xF0, 0x2E, 0xF0,
    0x2E, 0xF0, 0x1E, 0xF0, 0x1E, 0xF0, 0x1E, 0xF0,
    0x0E, 0xF0, 0x0E, 0xF0, 0x0E, 0xF0, 0x0E, 0xF0,
    0x0E, 0xF0, 0x0E, 0xF0, 0x0E, 0xF0, 0x0E, 0xF0,
    0x0E, 0xF1, 0x0E, 0xF1, 0x0E, 0xF1, 0x0E, 0xF2,
    0x0E, 0xF2, 0x0E, 0xF2, 0x0E, 0xF3, 0x0E, 0xF3,
    0x0E, 0xF3, 0x0E, 0xF4, 0x0E, 0xF4, 0x0E, 0xF4,
    0x0E, 0xF5, 0x0E, 0xF5, 0x0E, 0xF5, 0x0E, 0xF6,
    0x0E, 0xF6, 0x0E, 0xF6, 0x0E, 0xF7, 0x0E, 0xF7,
    0x0E, 0xF7, 0x0E, 0xF8, 0x0E, 0xF8, 0x0E, 0xF8,
    0x0E, 0xF9, 0x0E, 0xF9, 0x0E, 0xFA, 0x0E, 0xFA,
    0x0E, 0xFA, 0x0E, 0xFB, 0x0E, 0xFB, 0x0E, 0xFB,
    0x0E, 0xFC, 0x0E, 0xFC, 0x0E, 0xFC, 0x0E, 0xFD,
    0x0E, 0xFD, 0x0E, 0xFD, 0x0E, 0xFE, 0x0E, 0xFE,
    0x0E, 0xFE, 0x0E, 0xFE, 0x0E, 0xFE, 0x0D, 0xFE,
    0x0D, 0xFE, 0x0C, 0xFE, 0x0C, 0xFE, 0x0C, 0xFE,
    0x0B, 0xFE, 0x0B, 0xFE, 0x0B, 0xFF, 0x0A, 0xFE,
    0x0A, 0xFE, 0x0A, 0xFE, 0x09, 0xFE, 0x09, 0xFE,
    0x09, 0xFE, 0x08, 0xFE, 0x08, 0xFE, 0x08, 0xFE,
    0x07, 0xFE, 0x07, 0xFE, 0x07, 0xFE, 0x06, 0xFE,
    0x06, 0xFE, 0x06, 0xFE, 0x05, 0xFE, 0x05, 0xFE,
    0x04, 0xFE, 0x04, 0xFE, 0x04, 0xFE, 0x03, 0xFE,
    0x03, 0xFE, 0x03, 0xFE, 0x02, 0xFE, 0x02, 0xFE,
    0x02, 0xFE, 0x01, 0xFE, 0x01, 0xFE, 0x01, 0xFE,
    0x00, 0xFE, 0x00, 0xFF, 0x00, 0xFF, 0x00, 0xFE,
    0x00, 0xFE, 0x00, 0xFE, 0x00, 0xFE, 0x00, 0xFE,
    0x00, 0xFE, 0x10, 0xFE, 0x10, 0xFE, 0x10, 0xFE,
    0x20, 0xFE, 0x20, 0xFE, 0x30, 0xFE, 0x30, 0xFE,
    0x30, 0xFF, 0x40, 0xFF, 0x40, 0xFE, 0x40, 0xFE,
    0x50, 0xFE, 0x50, 0xFE, 0x50, 0xFE, 0x60, 0xFE,
    0x60, 0xFE, 0x60, 0xFE, 0x70, 0xFE, 0x70, 0xFE,
    0x70, 0xFE, 0x80, 0xFE, 0x80, 0xFE, 0x80, 0xFE,
    0x90, 0xFE, 0x90, 0xFE, 0xA0, 0xFE, 0xA0, 0xFE,
    0xA0, 0xFE, 0xB0, 0xFE, 0xB0, 0xFE, 0xB0, 0xFE,
    0xC0, 0xFE, 0xC0, 0xFE, 0xC0, 0xFE, 0xD0, 0xFE,
    0xD0, 0xFE, 0xD0, 0xFE, 0xD0, 0xFE, 0xD0, 0xFE,
    0xD0, 0xFD, 0xD0, 0xFD, 0xD0, 0xFD, 0xD0, 0xFC,
    0xD0, 0xFC, 0xD0, 0xFB, 0xD0, 0xFB, 0xD0, 0xFB,
    0xD0, 0xFB, 0xD0, 0xFA, 0xD0, 0xFA, 0xD0, 0xF9,
    0xD0, 0xF9, 0xD0, 0xF9, 0xD0, 0xF8, 0xD0, 0xF8,
    0xD0, 0xF8, 0xD0, 0xF7, 0xD0, 0xF7, 0xD0, 0xF7,
    0xD0, 0xF6, 0xD0, 0xF6, 0xD0, 0xF6, 0xD0, 0xF5,
    0xD0, 0xF5, 0xD0, 0xF4, 0xD0, 0xF4, 0xD0, 0xF4,
    0xD0, 0xF3, 0xD0, 0xF3, 0xD0, 0xF3, 0xD0, 0xF2,
    0xD0, 0xF2, 0xD0, 0xF2, 0xD0, 0xF1, 0xD0, 0xF1,
    0xD0, 0xF1, 0xD0, 0xF0, 0xD0, 0xF0, 0xD0, 0xF0,
    0xD0, 0xF0, 0xD0, 0xF0, 0xD0, 0xF0, 0xD1, 0xF0,
    0xD1, 0xF0, 0xD1, 0xF0, 0xD2, 0xF0, 0xD2, 0xF0,
    0xD2, 0xF0, 0xD3, 0xF0, 0xD3, 0xF0, 0xD3, 0xF0,
    0xD4, 0xF0, 0xD4, 0xF0, 0xD4, 0xF0, 0xD5, 0xF0,
    0xD5, 0xF0, 0xD6, 0xF0, 0xD6, 0xF0, 0xD6, 0xF0,
    0xD6, 0xF0, 0xD7, 0xF0, 0xD7, 0xF0, 0xD8, 0xF0,
    0xD8, 0xF0, 0xD8, 0xF0, 0xD9, 0xF0, 0xD9, 0xF0,
    0xD9, 0xF0, 0xDA, 0xF0, 0xDA, 0xF0, 0xDA, 0xF0,
    0xDB, 0xF0, 0xDB, 0xF0, 0xDB, 0xF0, 0xDC, 0xF0,
    0xDC, 0xF0, 0xDC, 0xF0, 0xDD, 0xF0, 0xDD, 0xF0,
    0xDD, 0xF0, 0xDE, 0xF0, 0xDE, 0xF0, 0xDE, 0xF0,
    0xDE, 0xF0, 0xCE, 0xF0, 0xCE, 0xF0, 0xCE, 0xF0,
    0xBE, 0xF0, 0xBE, 0xF0, 0xBE, 0xF0, 0xAE, 0xF0,
    0xAE, 0xF0, 0xAE, 0xF0, 0x9E, 0xF0, 0x9E, 0xF0,
    0x9E, 0xF0, 0x8E, 0xF0, 0x8E, 0xF0, 0x8E, 0xF0,
    0x7E, 0xF0, 0x7E, 0xF0, 0x6E, 0xF0, 0x6E, 0xF0,
    0x6E, 0xF0, 0x6E, 0xF0, 0x5E, 0xF0, 0x5E, 0xF0,
    0x4E, 0xF0, 0x4E, 0xF0, 0x4E, 0xF0, 0x3E, 0xF0,
    0x3E, 0xF0, 0x3E, 0xF0, 0x2E, 0xF0, 0x2E, 0xF0,
    0x2E, 0xF0, 0x1E, 0xF0, 0x1E, 0xF0, 0x1E, 0xF0,
    0x0E, 0xF0, 0x0E, 0xF0, 0x0E, 0xF0, 0x0E, 0xF0,
    0x0E, 0xF0, 0x0E, 0xF0, 0x0E, 0xF0, 0x0E, 0xF0,
    0x0E, 0xF1, 0x0E, 0xF1, 0x0E, 0xF1, 0x0E, 0xF2,
    0x0E, 0xF2, 0x0E, 0xF2, 0x0E, 0xF3, 0x0E, 0xF3,
    0x0E, 0xF3, 0x0E, 0xF4, 0x0E, 0xF4, 0x0E, 0xF4,
    0x0E, 0xF5, 0x0E, 0xF5, 0x0E, 0xF5, 0x0E, 0xF6,
    0x0E, 0xF6, 0x0E, 0xF6, 0x0E, 0xF7, 0x0E, 0xF7,
    0x0E, 0xF7, 0x0E, 0xF8, 0x0E, 0xF8, 0x0E, 0xF8,
    0x0E, 0xF9, 0x0E, 0xF9, 0x0E, 0xFA, 0x0E, 0xFA,
    0x0E, 0xFA, 0x0E, 0xFA, 0x0E, 0xFB, 0x0E, 0xFB,
    0x0E, 0xFC, 0x0E, 0xFC, 0x0E, 0xFC, 0x0E, 0xFC,
    0x0E, 0xFD, 0x0E, 0xFD, 0x0E, 0xFE, 0x0E, 0xFE,
    0x0E, 0xFE, 0x0E, 0xFE, 0x0D, 0xFE, 0x0D, 0xFE,
    0x0D, 0xFE, 0x0C, 0xFE, 0x0C, 0xFE, 0x0C, 0xFE,
    0x0B, 0xFE, 0x0B, 0xFE, 0x0B, 0xFE, 0x0A, 0xFE,
    0x0A, 0xFE, 0x0A, 0xFE, 0x09, 0xFE, 0x09, 0xFE,
    0x09, 0xFE, 0x08, 0xFE, 0x08, 0xFE, 0x08, 0xFE,
    0x07, 0xFE, 0x07, 0xFE, 0x07, 0xFE, 0x06, 0xFE,
    0x06, 0xFE, 0x05, 0xFE, 0x05, 0xFE, 0x05, 0xFE,
    0x04, 0xFE, 0x04, 0xFE, 0x04, 0xFE, 0x03, 0xFE,
    0x03, 0xFE, 0x03, 0xFE, 0x02, 0xFE, 0x02, 0xFE,
    0x02, 0xFE, 0x01, 0xFE, 0x01, 0xFE, 0x01, 0xFE,
    0x00, 0xFE, 0x00, 0xFE, 0x00, 0xFE, 0x00, 0xFE,
    0x00, 0xFE, 0x00, 0xFE, 0x00, 0xFE, 0x00, 0xFE,
    0x00, 0xFE, 0x10, 0xFE, 0x10, 0xFE, 0x10, 0xFE,
    0x20, 0xFE, 0x20, 0xFE, 0x30, 0xFE, 0x30, 0xFE,
    0x30, 0xFE, 0x40, 0xFE, 0x40, 0xFE, 0x40, 0xFE,
    0x50, 0xFE, 0x50, 0xFE, 0x50, 0xFE, 0x60, 0xFE,
    0x60, 0xFE, 0x60, 0xFE, 0x70, 0xFE, 0x70, 0xFE,
    0x70, 0xFE, 0x80, 0xFE, 0x80, 0xFE, 0x80, 0xFE,
    0x90, 0xFE, 0x90, 0xFE, 0x90, 0xFE, 0xA0, 0xFE,
    0xA0, 0xFE, 0xA0, 0xFE, 0xB0, 0xFE, 0xB0, 0xFE,
    0xC0, 0xFE, 0xC0, 0xFE, 0xC0, 0xFE, 0xD0, 0xFE,
    0xD0, 0xFE, 0xD0, 0xFE, 0xD0, 0xFE, 0xD0, 0xFD,
    0xD0, 0xFD, 0xD0, 0xFD, 0xD0, 0xFD, 0xD0, 0xFC,
    0xD0, 0xFC, 0xD0, 0xFB, 0xD0, 0xFB, 0xD0, 0xFB,
    0xD0, 0xFA, 0xD0, 0xFA, 0xD0, 0xFA, 0xD0, 0xF9,
    0xD0, 0xF9, 0xD0, 0xF9, 0xD0, 0xF8, 0xD0, 0xF8,
    0xD0, 0xF8, 0xD0, 0xF7, 0xD0, 0xF7, 0xD0, 0xF6,
    0xD0, 0xF6, 0xD0, 0xF6, 0xD0, 0xF6, 0xD0, 0xF5,
    0xD0, 0xF5, 0xD0, 0xF4, 0xD0, 0xF4, 0xD0, 0xF4,
    0xD0, 0xF3, 0xD0, 0xF3, 0xD0, 0xF3, 0xD0, 0xF2,
    0xD0, 0xF2, 0xD0, 0xF2, 0xD0, 0xF1, 0xD0, 0xF1,
    0xD0, 0xF1, 0xD0, 0xF0, 0xD0, 0xF0, 0xD0, 0xF0,
    0xD0, 0xF0, 0xD0, 0xF0, 0xD0, 0xF0, 0xD1, 0xF0,
    0xD1, 0xF0, 0xD1, 0xF0, 0xD2, 0xF0, 0xD2, 0xF0,
    0xD2, 0xF0, 0xD3, 0xF0, 0xD3, 0xF0, 0xD3, 0xF0,
    0xD4, 0xF0, 0xD4, 0xF0, 0xD4, 0xF0, 0xD5, 0xF0,
    0xD5, 0xF0, 0xD6, 0xF0, 0xD6, 0xF0, 0xD6, 0xF0,
    0xD6, 0xF0, 0xD7, 0xF0, 0xD7, 0xF0, 0xD7, 0xF0,
    0xD8, 0xF0, 0xD8, 0xF0, 0xD9, 0xF0, 0xD9, 0xF0,
    0xD9, 0xF0, 0xDA, 0xF0, 0xDA, 0xF0, 0xDA, 0xF0,
    0xDB, 0xF0, 0xDB, 0xF0, 0xDB, 0xF0, 0xDC, 0xF0,
    0xDC, 0xF0, 0xDC, 0xF0, 0xDD, 0xF0, 0xDD, 0xF0,
    0xDD, 0xF0, 0xDE, 0xF0, 0xDE, 0xF0, 0xDE, 0xF0,
    0xCE, 0xF0, 0xCE, 0xF0, 0xCE, 0xF0, 0xCE, 0xF0,
    0xBE, 0xF0, 0xBE, 0xF0, 0xAE, 0xF0, 0xAE, 0xF0,
    0xAE, 0xF0, 0x9E, 0xF0, 0x9E, 0xF0, 0x9E, 0xF0,
    0x8E, 0xF0, 0x8E, 0xF0, 0x8E, 0xF0, 0x7E, 0xF0,
    0x7E, 0xF0, 0x7E, 0xF0, 0x6E, 0xF0, 0x6E, 0xF0,
    0x6E, 0xF0, 0x6E, 0xF0, 0x5E, 0xF0, 0x5E, 0xF0,
    0x4E, 0xF0, 0x4E, 0xF0, 0x4E, 0xF0, 0x3E, 0xF0,
    0x3E, 0xF0, 0x3E, 0xF0, 0x2E, 0xF0, 0x2E, 0xF0,
    0x2E, 0xF0, 0x1E, 0xF0, 0x1E, 0xF0, 0x1E, 0xF0,
    0x0E, 0xF0, 0x0E, 0xF0, 0x0E, 0xF0, 0x0E, 0xF0,
    0x0E, 0xF0, 0x0E, 0xF0, 0x0E, 0xF0, 0x0E, 0xF0,
    0x0E, 0xF1, 0x0E, 0xF1, 0x0E, 0xF1, 0x0E, 0xF2,
    0x0E, 0xF2, 0x0E, 0xF2, 0x0E, 0xF3, 0x0E, 0xF3,
    0x0E, 0xF3, 0x0E, 0xF4, 0x0E, 0xF4, 0x0E, 0xF4,
    0x0E, 0xF5, 0x0E, 0xF5, 0x0E, 0xF5, 0x0E, 0xF6,
    0x0E, 0xF6, 0x0E, 0xF6, 0x0E, 0xF7, 0x0E, 0xF7,
    0x0E, 0xF7, 0x0E, 0xF8, 0x0E, 0xF8, 0x0E, 0xF8,
    0x0E, 0xF9, 0x0E, 0xF9, 0x0E, 0xF9, 0x0E, 0xFA,
    0x0E, 0xFA, 0x0E, 0xFA, 0x0E, 0xFB, 0x0E, 0xFB,
    0x0E, 0xFB, 0x0E, 0xFC, 0x0E, 0xFC, 0x0E, 0xFC,
    0x0E, 0xFD, 0x0E, 0xFD, 0x0E, 0xFE, 0x0E, 0xFE,
    0x0E, 0xFE, 0x0E, 0xFE, 0x0D, 0xFE, 0x0D, 0xFE,
    0x0D, 0xFE, 0x0C, 0xFE, 0x0C, 0xFE, 0x0C, 0xFE,
    0x0B, 0xFE, 0x0B, 0xFE, 0x0B, 0xFE, 0x0A, 0xFE,
    0x0A, 0xFE, 0x0A, 0xFE, 0x09, 0xFE, 0x09, 0xFE,
    0x08, 0xFE, 0x08, 0xFE, 0x08, 0xFE, 0x07, 0xFE,
    0x07, 0xFE, 0x07, 0xFE, 0x06, 0xFE, 0x06, 0xFE,
    0x06, 0xFE, 0x05, 0xFE, 0x05, 0xFE, 0x05, 0xFE,
    0x04, 0xFE, 0x04, 0xFE, 0x04, 0xFE, 0x03, 0xFE,
    0x03, 0xFE, 0x03, 0xFE, 0x02, 0xFE, 0x02, 0xFE,
    0x02, 0xFE, 0x01, 0xFE, 0x01, 0xFE, 0x01, 0xFE,
    0x00, 0xFE, 0x00, 0xFE, 0x00, 0xFE, 0x00, 0xFE,
    0x00, 0xFE, 0x00, 0xFE, 0x00, 0xFE, 0x00, 0xFE,
    0x00, 0xFE, 0x10, 0xFE, 0x10, 0xFE, 0x10, 0xFE,
    0x20, 0xFE, 0x20, 0xFE, 0x30, 0xFE, 0x30, 0xFE,
    0x30, 0xFE, 0x40, 0xFE, 0x40, 0xFE, 0x40, 0xFE,
    0x50, 0xFE, 0x50, 0xFE, 0x50, 0xFE, 0x60, 0xFE,
    0x60, 0xFE, 0x60, 0xFE, 0x60, 0xFE, 0x70, 0xFE,
    0x70, 0xFE, 0x80, 0xFE, 0x80, 0xFE, 0x80, 0xFE,
    0x90, 0xFE, 0x90, 0xFE, 0x90, 0xFE, 0xA0, 0xFE,
    0xA0, 0xFE, 0xA0, 0xFE, 0xB0, 0xFE, 0xB0, 0xFE,
    0xB0, 0xFE, 0xC0, 0xFE, 0xC0, 0xFE, 0xC0, 0xFE,
    0xD0, 0xFE, 0xD0, 0xFE, 0xD0, 0xFE, 0xD0, 0xFD,
    0xD0, 0xFD, 0xD0, 0xFD, 0xD0, 0xFC, 0xD0, 0xFC,
    0xD0, 0xFC, 0xD0, 0xFB, 0xD0, 0xFB, 0xD0, 0xFB,
    0xD0, 0xFA, 0xD0, 0xFA, 0xD0, 0xFA, 0xD0, 0xF9,
    0xD0, 0xF9, 0xD0, 0xF9, 0xD0, 0xF8, 0xD0, 0xF8,
    0xD0, 0xF8, 0xD0, 0xF7, 0xD0, 0xF7, 0xD0, 0xF6,
    0xD0, 0xF6, 0xD0, 0xF6, 0xD0, 0xF6, 0xD0, 0xF5,
    0xD0, 0xF5, 0xD0, 0xF4, 0xD0, 0xF4, 0xD0, 0xF4,
    0xD0, 0xF3, 0xD0, 0xF3, 0xD0, 0xF3, 0xD0, 0xF2,
    0xD0, 0xF2, 0xD0, 0xF2, 0xD0, 0xF1, 0xD0, 0xF1,
    0xD0, 0xF1, 0xD0, 0xF0, 0xD0, 0xF0, 0xD0, 0xF0,
    0xD0, 0xF0, 0xD0, 0xF0, 0xD0, 0xF0, 0xD1, 0xF0,
    0xD1, 0xF0, 0xD1, 0xF0, 0xD2, 0xF0, 0xD2, 0xF0,
    0xD2, 0xF0, 0xD3, 0xF0, 0xD3, 0xF0, 0xD3, 0xF0,
    0xD4, 0xF0, 0xD4, 0xF0, 0xD4, 0xF0, 0xD5, 0xF0,
    0xD5, 0xF0, 0xD5, 0xF0, 0xD6, 0xF0, 0xD6, 0xF0,
    0xD6, 0xF0, 0xD7, 0xF0, 0xD7, 0xF0, 0xD7, 0xF0,
    0xD8, 0xF0, 0xD8, 0xF0, 0xD8, 0xF0, 0xD9, 0xF0,
    0xD9, 0xF0, 0xD9, 0xF0, 0xDA, 0xF0, 0xDA, 0xF0,
    0xDA, 0xF0, 0xDB, 0xF0, 0xDB, 0xF0, 0xDB, 0xF0,
    0xDC, 0xF0, 0xDC, 0xF0, 0xDC, 0xF0, 0xDD, 0xF0,
    0xDD, 0xF0, 0xDE, 0xF0, 0xDE, 0xF0, 0xDE, 0xF0,
    0xCE, 0xF0, 0xCE, 0xF0, 0xCE, 0xF0, 0xBE, 0xF0,
    0xBE, 0xF0, 0xBE, 0xF0, 0xAE, 0xF0, 0xAE, 0xF0,
    0xAE, 0xF0, 0x9E, 0xF0, 0x9E, 0xF0, 0x9E, 0xF0,
    0x8E, 0xF0, 0x8E, 0xF0, 0x8E, 0xF0, 0x7E, 0xF0,
    0x7E, 0xF0, 0x7E, 0xF0, 0x6E, 0xF0, 0x6E, 0xF0,
    0x6E, 0xF0, 0x6E, 0xF0, 0x5E, 0xF0, 0x5E, 0xF0,
    0x4E, 0xF0, 0x4E, 0xF0, 0x4E, 0xF0, 0x3E, 0xF0,
    0x3E, 0xF0, 0x3E, 0xF0, 0x2E, 0xF0, 0x2E, 0xF0,
    0x2E, 0xF0, 0x1E, 0xF0, 0x1E, 0xF0, 0x1E, 0xF0,
    0x0E, 0xF0, 0x0E, 0xF0, 0x0E, 0xF0, 0x0E, 0xF0,
    0x0E, 0xF0, 0x0E, 0xF0, 0x0E, 0xF0, 0x0E, 0xF0,
    0x0E, 0xF1, 0x0E, 0xF1, 0x0E, 0xF1, 0x0E, 0xF2,
    0x0E, 0xF2, 0x0E, 0xF2, 0x0E, 0xF3, 0x0E, 0xF3,
    0x0E, 0xF3, 0x0E, 0xF3, 0x0E, 0xF4, 0x0E, 0xF4,
    0x0E, 0xF5, 0x0E, 0xF5, 0x0E, 0xF5, 0x0E, 0xF5,
    0x0E, 0xF6, 0x0E, 0xF6, 0x0E, 0xF7, 0x0E, 0xF7,
    0x0E, 0xF7, 0x0E, 0xF8, 0x0E, 0xF8, 0x0E, 0xF8,
    0x0E, 0xF9, 0x0E, 0xF9, 0x0E, 0xF9, 0x0E, 0xF9,
    0x0E, 0xFA, 0x0E, 0xFA, 0x0E, 0xFB, 0x0E, 0xFB,
    0x0E, 0xFB, 0x0E, 0xFC, 0x0E, 0xFC, 0x0E, 0xFC,
    0x0E, 0xFD, 0x0E, 0xFD, 0x0E, 0xFD, 0x0E, 0xFE,
    0x0E, 0xFE, 0x0E, 0xFE, 0x0D, 0xFE, 0x0D, 0xFE,
    0x0C, 0xFE, 0x0C, 0xFE, 0x0C, 0xFE, 0x0B, 0xFE,
    0x0B, 0xFE, 0x0B, 0xFE, 0x0A, 0xFE, 0x0A, 0xFE,
    0x0A, 0xFE, 0x09, 0xFE, 0x09, 0xFE, 0x09, 0xFE,
    0x08, 0xFE, 0x08, 0xFE, 0x08, 0xFE, 0x07, 0xFE,
    0x07, 0xFE, 0x07, 0xFE, 0x06, 0xFE, 0x06, 0xFE,
    0x06, 0xFE, 0x05, 0xFE, 0x05, 0xFE, 0x05, 0xFE,
    0x04, 0xFE, 0x04, 0xFE, 0x04, 0xFE, 0x03, 0xFE,
    0x03, 0xFE, 0x03, 0xFE, 0x02, 0xFE, 0x02, 0xFE,
    0x02, 0xFE, 0x01, 0xFE, 0x01, 0xFE, 0x01, 0xFE,
    0x00, 0xFE, 0x00, 0xFE, 0x00, 0xFE, 0x00, 0xFE,
    0x00, 0xFE, 0x00, 0xFE, 0x00, 0xFE, 0x00, 0xFE,
    0x00, 0xFE, 0x10, 0xFE, 0x10, 0xFE, 0x10, 0xFE,
    0x20, 0xFE, 0x20, 0xFE, 0x20, 0xFE, 0x30, 0xFE,
    0x30, 0xFE, 0x30, 0xFE, 0x40, 0xFE, 0x40, 0xFE,
    0x40, 0xFE, 0x50, 0xFE, 0x50, 0xFE, 0x50, 0xFE,
    0x60, 0xFE, 0x60, 0xFE, 0x60, 0xFE, 0x70, 0xFE,
    0x70, 0xFE, 0x80, 0xFE, 0x80, 0xFE, 0x80, 0xFE,
    0x80, 0xFE, 0x90, 0xFE, 0x90, 0xFE, 0xA0, 0xFE,
    0xA0, 0xFE, 0xA0, 0xFE, 0xA0, 0xFE, 0xB0, 0xFE,
    0xB0, 0xFE, 0xC0, 0xFE, 0xC0, 0xFE, 0xC0, 0xFE,
    0xD0, 0xFE, 0xD0, 0xFE, 0xD0, 0xFD, 0xD0, 0xFD,
    0xD0, 0xFD, 0xD0, 0xFD, 0xD0, 0xFC, 0xD0, 0xFC,
    0xD0, 0xFC, 0xD0, 0xFB, 0xD0, 0xFB, 0xD0, 0xFA,
    0xD0, 0xFA, 0xD0, 0xFA, 0xD0, 0xFA, 0xD0, 0xF9,
    0xD0, 0xF9, 0xD0, 0xF8, 0xD0, 0xF8, 0xD0, 0xF8,
    0xD0, 0xF8, 0xD0, 0xF7, 0xD0, 0xF7, 0xD0, 0xF6,
    0xD0, 0xF6, 0xD0, 0xF6, 0xD0, 0xF6, 0xD0, 0xF5,
    0xD0, 0xF5, 0xD0, 0xF4, 0xD0, 0xF4, 0xD0, 0xF4,
    0xD0, 0xF3, 0xD0, 0xF3, 0xD0, 0xF3, 0xD0, 0xF2,
    0xD0, 0xF2, 0xD0, 0xF2, 0xD0, 0xF1, 0xD0, 0xF1,
    0xD0, 0xF1, 0xD0, 0xF0, 0xD0, 0xF0, 0xD0, 0xF0,
    0xD0, 0xF0, 0xD0, 0xF0, 0xD0, 0xF0, 0xD1, 0xF0,
    0xD1, 0xF0, 0xD1, 0xF0, 0xD2, 0xF0, 0xD2, 0xF0,
    0xD2, 0xF0, 0xD3, 0xF0, 0xD3, 0xF0, 0xD3, 0xF0,
    0xD4, 0xF0, 0xD4, 0xF0, 0xD4, 0xF0, 0xD5, 0xF0,
    0xD5, 0xF0, 0xD5, 0xF0, 0xD6, 0xF0, 0xD6, 0xF0,
    0xD6, 0xF0, 0xD7, 0xF0, 0xD7, 0xF0, 0xD7, 0xF0,
    0xD8, 0xF0, 0xD8, 0xF0, 0xD8, 0xF0, 0xD9, 0xF0,
    0xD9, 0xF0, 0xD9, 0xF0, 0xDA, 0xF0, 0xDA, 0xF0,
    0xDA, 0xF0, 0xDB, 0xF0, 0xDB, 0xF0, 0xDB, 0xF0,
    0xDC, 0xF0, 0xDC, 0xF0, 0xDC, 0xF0, 0xDD, 0xF0,
    0xDD, 0xF0, 0xDD, 0xF0, 0xDE, 0xF0, 0xDE, 0xF0,
    0xCE, 0xF0, 0xCE, 0xF0, 0xCE, 0xF0, 0xBE, 0xF0,
    0xBE, 0xF0, 0xAE, 0xF0, 0xAE, 0xF0, 0xAE, 0xF0,
    0x9E, 0xF0, 0x9E, 0xF0, 0x9E, 0xF0, 0x8E, 0xF0,
    0x8E, 0xF0, 0x8E, 0xF0, 0x8E, 0xF0, 0x7E, 0xF0,
    0x7E, 0xF0, 0x6E, 0xF0, 0x6E, 0xF0, 0x6E, 0xF0,
    0x6E, 0xF0, 0x5E, 0xF0, 0x5E, 0xF0, 0x5E, 0xF0,
    0x4E, 0xF0, 0x4E, 0xF0, 0x4E, 0xF0, 0x3E, 0xF0,
    0x3E, 0xF0, 0x3E, 0xF0, 0x2E, 0xF0, 0x2E, 0xF0,
    0x2E, 0xF0, 0x1E, 0xF0, 0x1E, 0xF0, 0x1E, 0xF0,
    0x0E, 0xF0, 0x0E, 0xF0, 0x0E, 0xF0, 0x0E, 0xF0,
    0x0E, 0xF0, 0x0E, 0xF0, 0x0E, 0xF0, 0x0E, 0xF0,
    0x0E, 0xF1, 0x0E, 0xF1, 0x0E, 0xF1, 0x0E, 0xF1,
    0x0E, 0xF2, 0x0E, 0xF2, 0x0E, 0xF3, 0x0E, 0xF3,
    0x0E, 0xF3, 0x0E, 0xF3, 0x0E, 0xF4, 0x0E, 0xF4,
    0x0E, 0xF5, 0x0E, 0xF5, 0x0E, 0xF5, 0x0E, 0xF5,
    0x0E, 0xF6, 0x0E, 0xF6, 0x0E, 0xF7, 0x0E, 0xF7,
    0x0E, 0xF7, 0x0E, 0xF7, 0x0E, 0xF8, 0x0E, 0xF8,
    0x0E, 0xF9, 0x0E, 0xF9, 0x0E, 0xF9, 0x0E, 0xF9,
    0x0E, 0xFA, 0x0E, 0xFA, 0x0E, 0xFA, 0x0E, 0xFB,
    0x0E, 0xFB, 0x0E, 0xFC, 0x0E, 0xFC, 0x0E, 0xFC,
    0x0E, 0xFD, 0x0E, 0xFD, 0x0E, 0xFD, 0x0E, 0xFE,
    0x0E, 0xFE, 0x0D, 0xFE, 0x0D, 0xFE, 0x0D, 0xFE,
    0x0C, 0xFE, 0x0C, 0xFE, 0x0C, 0xFE, 0x0B, 0xFE,
    0x0B, 0xFE, 0x0B, 0xFE, 0x0A, 0xFE, 0x0A, 0xFE,
    0x0A, 0xFE, 0x09, 0xFE, 0x09, 0xFE, 0x09, 0xFE,
    0x08, 0xFE, 0x08, 0xFE, 0x08, 0xFE, 0x07, 0xFE,
    0x07, 0xFE, 0x07, 0xFE, 0x06, 0xFE, 0x06, 0xFE,
    0x06, 0xFE, 0x05, 0xFE, 0x05, 0xFE, 0x05, 0xFE,
    0x04, 0xFE, 0x04, 0xFE, 0x04, 0xFE, 0x03, 0xFE,
    0x03, 0xFE, 0x03, 0xFE, 0x02, 0xFE, 0x02, 0xFE,
    0x02, 0xFE, 0x01, 0xFE, 0x01, 0xFE, 0x01, 0xFE,
    0x00, 0xFE, 0x00, 0xFE, 0x00, 0xFE, 0x00, 0xFE,
    0x00, 0xFE, 0x00, 0xFE, 0x00, 0xFE, 0x00, 0xFE,
    0x00, 0xFE, 0x10, 0xFE, 0x10, 0xFE, 0x10, 0xFE,
    0x20, 0xFE, 0x20, 0xFE, 0x20, 0xFE, 0x30, 0xFE,
    0x30, 0xFE, 0x30, 0xFE, 0x40, 0xFE, 0x40, 0xFE,
    0x40, 0xFE, 0x50, 0xFE, 0x50, 0xFE, 0x50, 0xFE,
    0x60, 0xFE, 0x60, 0xFE, 0x60, 0xFE, 0x70, 0xFE,
    0x70, 0xFE, 0x70, 0xFE, 0x80, 0xFE, 0x80, 0xFE,
    0x80, 0xFE, 0x90, 0xFE, 0x90, 0xFE, 0xA0, 0xFE,
    0xA0, 0xFE, 0xA0, 0xFE, 0xA0, 0xFE, 0xB0, 0xFE,
    0xB0, 0xFE, 0xC0, 0xFE, 0xC0, 0xFE, 0xC0, 0xFE,
    0xC0, 0xFE, 0xD0, 0xFE, 0xD0, 0xFD, 0xD0, 0xFD,
    0xD0, 0xFD, 0xD0, 0xFC, 0xD0, 0xFC, 0xD0, 0xFC,
    0xD0, 0xFB, 0xD0, 0xFB, 0xD0, 0xFB, 0xD0, 0xFA,
    0xD0, 0xFA, 0xD0, 0xFA, 0xD0, 0xFA, 0xD0, 0xF9,
    0xD0, 0xF9, 0xD0, 0xF8, 0xD0, 0xF8, 0xD0, 0xF8,
    0xD0, 0xF8, 0xD0, 0xF7, 0xD0, 0xF7, 0xD0, 0xF6,
    0xD0, 0xF6, 0xD0, 0xF6, 0xD0, 0xF6, 0xD0, 0xF5,
    0xD0, 0xF5, 0xD0, 0xF4, 0xD0, 0xF4, 0xD0, 0xF4,
    0xD0, 0xF3, 0xD0, 0xF3, 0xD0, 0xF3, 0xD0, 0xF2,
    0xD0, 0xF2, 0xD0, 0xF2, 0xD0, 0xF1, 0xD0, 0xF1,
    0xD0, 0xF1, 0xD0, 0xF0, 0xD0, 0xF0, 0xD0, 0xF0,
    0xD0, 0xF0, 0xD0, 0xF0, 0xD0, 0xF0, 0xD1, 0xF0,
    0xD1, 0xF0, 0xD1, 0xF0, 0xD2, 0xF0, 0xD2, 0xF0,
    0xD2, 0xF0, 0xD3, 0xF0, 0xD3, 0xF0, 0xD3, 0xF0,
    0xD4, 0xF0, 0xD4, 0xF0, 0xD4, 0xF0, 0xD5, 0xF0,
    0xD5, 0xF0, 0xD5, 0xF0, 0xD6, 0xF0, 0xD6, 0xF0,
    0xD6, 0xF0, 0xD7, 0xF0, 0xD7, 0xF0, 0xD7, 0xF0,
    0xD8, 0xF0, 0xD8, 0xF0, 0xD8, 0xF0, 0xD9, 0xF0,
    0xD9, 0xF0, 0xD9, 0xF0, 0xDA, 0xF0, 0xDA, 0xF0,
    0xDA, 0xF0, 0xDA, 0xF0, 0xDB, 0xF0, 0xDB, 0xF0,
    0xDB, 0xF0, 0xDC, 0xF0, 0xDC, 0xF0, 0xDC, 0xF0,
    0xDD, 0xF0, 0xDD, 0xF0, 0xDE, 0xF0, 0xCE, 0xF0,
    0xCE, 0xF0, 0xCE, 0xF0, 0xCE, 0xF0, 0xBE, 0xF0,
    0xBE, 0xF0, 0xAE, 0xF0, 0xAE, 0xF0, 0xAE, 0xF0,
    0x9E, 0xF0, 0x9E, 0xF0, 0x9E, 0xF0, 0x8E, 0xF0,
    0x8E, 0xF0, 0x8E, 0xF0, 0x7E, 0xF0, 0x7E, 0xF0,
    0x7E, 0xF0, 0x6E, 0xF0, 0x6E, 0xF0, 0x6E, 0xF0,
    0x6E, 0xF0, 0x5E, 0xF0, 0x5E, 0xF0, 0x5E, 0xF0,
    0x4E, 0xF0, 0x4E, 0xF0, 0x3E, 0xF0, 0x3E, 0xF0,
    0x3E, 0xF0, 0x2E, 0xF0, 0x2E, 0xF0, 0x2E, 0xF0,
    0x2E, 0xF0, 0x1E, 0xF0, 0x1E, 0xF0, 0x1E, 0xF0,
    0x0E, 0xF0, 0x0E, 0xF0, 0x0E, 0xF0, 0x0E, 0xF0,
    0x0E, 0xF0, 0x0E, 0xF0, 0x0E, 0xF0, 0x0E, 0xF0,
    0x0E, 0xF1, 0x0E, 0xF1, 0x0E, 0xF1, 0x0E, 0xF1,
    0x0E, 0xF2, 0x0E, 0xF2, 0x0E, 0xF3, 0x0E, 0xF3,
    0x0E, 0xF3, 0x0E, 0xF3, 0x0E, 0xF4, 0x0E, 0xF4,
    0x0E, 0xF5, 0x0E, 0xF5, 0x0E, 0xF5, 0x0E, 0xF5,
    0x0E, 0xF6, 0x0E, 0xF6, 0x0E, 0xF6, 0x0E, 0xF7,
    0x0E, 0xF7, 0x0E, 0xF7, 0x0E, 0xF8, 0x0E, 0xF8,
    0x0E, 0xF8, 0x0E, 0xF9, 0x0E, 0xF9, 0x0E, 0xF9,
    0x0E, 0xFA, 0x0E, 0xFA, 0x0E, 0xFA, 0x0E, 0xFB,
    0x0E, 0xFB, 0x0E, 0xFB, 0x0E, 0xFC, 0x0E, 0xFC,
    0x0E, 0xFC, 0x0E, 0xFD, 0x0E, 0xFD, 0x0E, 0xFE,
    0x0E, 0xFE, 0x0D, 0xFE, 0x0D, 0xFE, 0x0D, 0xFE,
    0x0C, 0xFE, 0x0C, 0xFE, 0x0C, 0xFE, 0x0B, 0xFE,
    0x0B, 0xFE, 0x0B, 0xFE, 0x0A, 0xFE, 0x0A, 0xFE,
    0x0A, 0xFE, 0x09, 0xFE, 0x09, 0xFE, 0x09, 0xFE,
    0x08, 0xFE, 0x08, 0xFE, 0x07, 0xFE, 0x07, 0xFE,
    0x07, 0xFE, 0x07, 0xFE, 0x06, 0xFE, 0x06, 0xFE,
    0x06, 0xFE, 0x05, 0xFE, 0x05, 0xFE, 0x05, 0xFE,
    0x04, 0xFE, 0x04, 0xFE, 0x03, 0xFE, 0x03, 0xFE,
    0x03, 0xFE, 0x03, 0xFE, 0x02, 0xFE, 0x02, 0xFE,
    0x02, 0xFE, 0x01, 0xFE, 0x01, 0xFE, 0x01, 0xFE,
    0x00, 0xFE, 0x00, 0xFE, 0x00, 0xFE, 0x00, 0xFE,
    0x00, 0xFE, 0x00, 0xFE, 0x00, 0xFE, 0x00, 0xFE,
    0x00, 0xFE, 0x10, 0xFE, 0x10, 0xFE, 0x10, 0xFE,
    0x20, 0xFE, 0x20, 0xFE, 0x20, 0xFE, 0x30, 0xFE,
    0x30, 0xFE, 0x30, 0xFE, 0x40, 0xFE, 0x40, 0xFE,
    0x40, 0xFE, 0x50, 0xFE, 0x50, 0xFE, 0x50, 0xFE,
    0x60, 0xFE, 0x60, 0xFE, 0x60, 0xFE, 0x70, 0xFE,
    0x70, 0xFE, 0x70, 0xFE, 0x80, 0xFE, 0x80, 0xFE,
    0x80, 0xFE, 0x90, 0xFE, 0x90, 0xFE, 0x90, 0xFE,
    0xA0, 0xFE, 0xA0, 0xFE, 0xA0, 0xFE, 0xB0, 0xFE,
    0xB0, 0xFE, 0xB0, 0xFE, 0xC0, 0xFE, 0xC0, 0xFE,
    0xC0, 0xFE, 0xD0, 0xFD, 0xD0, 0xFD, 0xD0, 0xFD,
    0xD0, 0xFD, 0xD0, 0xFC, 0xD0, 0xFC, 0xD0, 0xFC,
    0xD0, 0xFB, 0xD0, 0xFB, 0xD0, 0xFB, 0xD0, 0xFA,
    0xD0, 0xFA, 0xD0, 0xFA, 0xD0, 0xF9, 0xD0, 0xF9,
    0xD0, 0xF9, 0xD0, 0xF8, 0xD0, 0xF8, 0xD0, 0xF8,
    0xD0, 0xF7, 0xD0, 0xF7, 0xD0, 0xF7, 0xD0, 0xF6,
    0xD0, 0xF6, 0xD0, 0xF6, 0xD0, 0xF5, 0xD0, 0xF5,
    0xD0, 0xF5, 0xD0, 0xF4, 0xD0, 0xF4, 0xD0, 0xF4,
    0xD0, 0xF3, 0xD0, 0xF3, 0xD0, 0xF3, 0xD0, 0xF2,
    0xD0, 0xF2, 0xD0, 0xF2, 0xD0, 0xF1, 0xD0, 0xF1,
    0xD0, 0xF1, 0xD0, 0xF0, 0xD0, 0xF0, 0xD0, 0xF0,
    0xC0, 0xF0, 0xD0, 0xF0, 0xD0, 0xF0, 0xD1, 0xF0,
    0xC1, 0xF0, 0xD1, 0xF0, 0xD2, 0xF0, 0xD2, 0xF0,
    0xD2, 0xF0, 0xD3, 0xF0, 0xD3, 0xF0, 0xD3, 0xF0,
    0xD4, 0xF0, 0xD4, 0xF0, 0xD4, 0xF0, 0xD5, 0xF0,
    0xD5, 0xF0, 0xD5, 0xF0, 0xD6, 0xF0, 0xD6, 0xF0,
    0xD6, 0xF0, 0xD7, 0xF0, 0xD7, 0xF0, 0xC7, 0xF0,
    0xD7, 0xF0, 0xD8, 0xF0, 0xD8, 0xF0, 0xD8, 0xF0,
    0xD9, 0xF0, 0xD9, 0xF0, 0xDA, 0xF0, 0xDA, 0xF0,
    0xDA, 0xF0, 0xDA, 0xF0, 0xDB, 0xF0, 0xCB, 0xF0,
    0xCB, 0xF0, 0xDC, 0xF0, 0xDC, 0xF0, 0xCC, 0xF0,
    0xDD, 0xF0, 0xCD, 0xF0, 0xCD, 0xF0, 0xCE, 0xF0,
    0xCE, 0xF0, 0xCE, 0xF0, 0xBE, 0xF0, 0xBE, 0xF0,
    0xBE, 0xF0, 0xAE, 0xF0, 0xAE, 0xF0, 0xAE, 0xF0,
    0x9E, 0xF0, 0x9E, 0xF0, 0x9E, 0xF0, 0x8E, 0xF0,
    0x8E, 0xF0, 0x8E, 0xF0, 0x7E, 0xF0, 0x7E, 0xF0,
    0x7E, 0xF0, 0x6E, 0xF0, 0x6E, 0xF0, 0x6E, 0xF0,
    0x6E, 0xF0, 0x5E, 0xF0, 0x5E, 0xF0, 0x5E, 0xF0,
    0x4E, 0xF0, 0x4E, 0xF0, 0x3E, 0xF0, 0x3E, 0xF0,
    0x3E, 0xF0, 0x2E, 0xF0, 0x2E, 0xF0, 0x2E, 0xF0,
    0x2E, 0xF0, 0x1E, 0xF0, 0x1D, 0xF0, 0x1E, 0xF0,
    0x0E, 0xF0, 0x0E, 0xF0, 0x0E, 0xF0, 0x0E, 0xF0,
    0x0E, 0xF0, 0x0E, 0xF0, 0x0E, 0xF0, 0x0E, 0xF0,
    0x0E, 0xF0, 0x0E, 0xF1, 0x0E, 0xF1, 0x0E, 0xF1,
    0x0E, 0xF2, 0x0E, 0xF2, 0x0E, 0xF3, 0x0E, 0xF3,
    0x0E, 0xF3, 0x0E, 0xF3, 0x0E, 0xF4, 0x0E, 0xF4,
    0x0E, 0xF5, 0x0E, 0xF5, 0x0E, 0xF5, 0x0E, 0xF5,
    0x0E, 0xF6, 0x0E, 0xF6, 0x0E, 0xF6, 0x0E, 0xF7,
    0x0E, 0xF7, 0x0E, 0xF7, 0x0E, 0xF8, 0x0E, 0xF8,
    0x0E, 0xF8, 0x0E, 0xF9, 0x0E, 0xF9, 0x0E, 0xF9,
    0x0E, 0xF9, 0x0E, 0xFA, 0x0E, 0xFA, 0x0E, 0xFB,
    0x0E, 0xFB, 0x0E, 0xFB, 0x0E, 0xFC, 0x0E, 0xFC,
    0x0E, 0xFC, 0x0E, 0xFD, 0x0E, 0xFD, 0x0E, 0xFD,
    0x0D, 0xFE, 0x0D, 0xFD, 0x0D, 0xFD, 0x0C, 0xFE,
    0x0C, 0xFE, 0x0C, 0xFE, 0x0B, 0xFE, 0x0B, 0xFE,
    0x0B, 0xFE, 0x0A, 0xFE, 0x0A, 0xFE, 0x0A, 0xFE,
    0x0A, 0xFE, 0x09, 0xFE, 0x09, 0xFE, 0x08, 0xFE,
    0x08, 0xFE, 0x08, 0xFE, 0x07, 0xFE, 0x07, 0xFE,
    0x07, 0xFE, 0x07, 0xFE, 0x06, 0xFE, 0x06, 0xFE,
    0x06, 0xFE, 0x05, 0xFE, 0x05, 0xFE, 0x05, 0xFE,
    0x04, 0xFE, 0x04, 0xFE, 0x04, 0xFE, 0x03, 0xFE,
    0x03, 0xFE, 0x03, 0xFE, 0x02, 0xFE, 0x02, 0xFE,
    0x02, 0xFE, 0x01, 0xFE, 0x01, 0xFE, 0x01, 0xFE,
    0x00, 0xFE, 0x00, 0xFE, 0x00, 0xFE, 0x00, 0xFE,
    0x00, 0xFE, 0x00, 0xFE, 0x00, 0xFE, 0x00, 0xFE,
    0x00, 0xFE, 0x10, 0xFE, 0x10, 0xFD, 0x10, 0xFD,
    0x20, 0xFE, 0x20, 0xFE, 0x20, 0xFE, 0x30, 0xFE,
    0x30, 0xFE, 0x30, 0xFE, 0x40, 0xFE, 0x40, 0xFE,
    0x40, 0xFE, 0x50, 0xFE, 0x50, 0xFE, 0x50, 0xFE,
    0x60, 0xFE, 0x60, 0xFE, 0x60, 0xFE, 0x70, 0xFE,
    0x70, 0xFE, 0x70, 0xFE, 0x80, 0xFE, 0x80, 0xFD,
    0x80, 0xFD, 0x90, 0xFE, 0x90, 0xFE, 0x90, 0xFE,
    0xA0, 0xFE, 0xA0, 0xFE, 0xA0, 0xFE, 0xB0, 0xFE,
    0xB0, 0xFE, 0xB0, 0xFD, 0xC0, 0xFE, 0xC0, 0xFE,
    0xC0, 0xFE, 0xC0, 0xFD, 0xD0, 0xFD, 0xD0, 0xFD,
    0xD0, 0xFC, 0xD0, 0xFC, 0xD0, 0xFC, 0xD0, 0xFC,
    0xD0, 0xFB, 0xD0, 0xFB, 0xD0, 0xFB, 0xD0, 0xFA,
    0xD0, 0xFA, 0xD0, 0xFA, 0xD0, 0xF9, 0xD0, 0xF9,
    0xD0, 0xF9, 0xD0, 0xF8, 0xD0, 0xF8, 0xD0, 0xF8,
    0xD0, 0xF7, 0xD0, 0xF7, 0xD0, 0xF7, 0xD0, 0xF6,
    0xD0, 0xF6, 0xD0, 0xF6, 0xD0, 0xF5, 0xD0, 0xF5,
    0xD0, 0xF5, 0xD0, 0xF4, 0xD0, 0xF4, 0xD0, 0xF4,
    0xD0, 0xF3, 0xC0, 0xF3, 0xD0, 0xF3, 0xD0, 0xF2,
    0xD0, 0xF2, 0xD0, 0xF2, 0xD0, 0xF1, 0xD0, 0xF1,
    0xD0, 0xF1, 0xD0, 0xF0, 0xD0, 0xF0, 0xD0, 0xF0,
    0xC0, 0xF0, 0xC0, 0xF0, 0xC0, 0xF0, 0xC1, 0xF0,
    0xC1, 0xF0, 0xC1, 0xF0, 0xC2, 0xF0, 0xC2, 0xF0,
    0xC2, 0xF0, 0xC3, 0xF0, 0xC3, 0xF0, 0xC3, 0xF0,
    0xC4, 0xF0, 0xC4, 0xF0, 0xC4, 0xF0, 0xC4, 0xF0,
    0xC5, 0xF0, 0xC5, 0xF0, 0xC5, 0xF0, 0xC6, 0xF0,
    0xC6, 0xF0, 0xC6, 0xF0, 0xC7, 0xF0, 0xC7, 0xF0,
    0xC7, 0xF0, 0xC8, 0xF0, 0xC8, 0xF0, 0xC8, 0xF0,
    0xC9, 0xF0, 0xC9, 0xF0, 0xC9, 0xF0, 0xCA, 0xF0,
    0xCA, 0xF0, 0xCA, 0xF0, 0xCB, 0xF0, 0xCB, 0xF0,
    0xCB, 0xF0, 0xCC, 0xF0, 0xCC, 0xF0, 0xCC, 0xF0,
    0xCD, 0xF0, 0xCD, 0xF0, 0xCD, 0xF0, 0xCD, 0xF0,
    0xCD, 0xF0, 0xCD, 0xF0, 0xBD, 0xF0, 0xBD, 0xF0,
    0xAD, 0xF0, 0xAD, 0xF0, 0xAD, 0xF0, 0x9D, 0xF0,
    0x9D, 0xF0, 0x9D, 0xF0, 0x9D, 0xF0, 0x8D, 0xF0,
    0x8D, 0xF0, 0x8D, 0xF0, 0x7D, 0xF0, 0x7D, 0xF0,
    0x7D, 0xF0, 0x6D, 0xF0, 0x6D, 0xF0, 0x6D, 0xF0,
    0x5D, 0xF0, 0x5D, 0xF0, 0x5D, 0xF0, 0x4D, 0xF0,
    0x4D, 0xF0, 0x4D, 0xF0, 0x3D, 0xF0, 0x3D, 0xF0,
    0x3D, 0xF0, 0x2D, 0xF0, 0x2D, 0xF0, 0x2D, 0xF0,
    0x1D, 0xF0, 0x1D, 0xF0, 0x1D, 0xF0, 0x1D, 0xF0,
    0x0D, 0xF0, 0x0D, 0xF0, 0x0D, 0xF0, 0x0D, 0xF0,
    0x0D, 0xF0, 0x0D, 0xF0, 0x0D, 0xF0, 0x0D, 0xF0,
    0x0D, 0xF0, 0x0D, 0xF1, 0x0D, 0xF1, 0x0D, 0xF1,
    0x0D, 0xF2, 0x0D, 0xF2, 0x0D, 0xF3, 0x0D, 0xF3,
    0x0D, 0xF3, 0x0D, 0xF3, 0x0D, 0xF4, 0x0D, 0xF4,
    0x0D, 0xF4, 0x0D, 0xF5, 0x0D, 0xF5, 0x0D, 0xF5,
    0x0D, 0xF6, 0x0D, 0xF6, 0x0D, 0xF6, 0x0D, 0xF7,
    0x0D, 0xF7, 0x0D, 0xF7, 0x0D, 0xF8, 0x0D, 0xF8,
    0x0D, 0xF8, 0x0D, 0xF9, 0x0D, 0xF9, 0x0D, 0xF9,
    0x0D, 0xF9, 0x0D, 0xFA, 0x0D, 0xFA, 0x0D, 0xFA,
    0x0D, 0xFB, 0x0D, 0xFB, 0x0D, 0xFC, 0x0D, 0xFC,
    0x0D, 0xFC, 0x0D, 0xFD, 0x0D, 0xFD, 0x0D, 0xFD,
    0x0D, 0xFD, 0x0D, 0xFD, 0x0D, 0xFD, 0x0C, 0xFD,
    0x0C, 0xFD, 0x0C, 0xFD, 0x0B, 0xFD, 0x0B, 0xFD,
    0x0B, 0xFD, 0x0A, 0xFD, 0x0A, 0xFD, 0x0A, 0xFD,
    0x09, 0xFD, 0x09, 0xFD, 0x09, 0xFD, 0x08, 0xFD,
    0x08, 0xFD, 0x08, 0xFD, 0x07, 0xFD, 0x07, 0xFD,
    0x07, 0xFD, 0x06, 0xFD, 0x06, 0xFD, 0x06, 0xFD,
    0x05, 0xFD, 0x05, 0xFD, 0x05, 0xFD, 0x04, 0xFD,
    0x04, 0xFD, 0x04, 0xFD, 0x04, 0xFD, 0x03, 0xFD,
    0x03, 0xFE, 0x03, 0xFD, 0x02, 0xFD, 0x02, 0xFD,
    0x02, 0xFD, 0x01, 0xFD, 0x01, 0xFD, 0x01, 0xFD,
    0x00, 0xFD, 0x00, 0xFD, 0x00, 0xFD, 0x00, 0xFD,
    0x00, 0xFD, 0x00, 0xFD, 0x00, 0xFD, 0x00, 0xFD,
    0x00, 0xFD, 0x10, 0xFD, 0x10, 0xFD, 0x10, 0xFD,
    0x20, 0xFD, 0x20, 0xFD, 0x20, 0xFD, 0x30, 0xFD,
    0x30, 0xFD, 0x30, 0xFD, 0x40, 0xFD, 0x40, 0xFD,
    0x40, 0xFD, 0x50, 0xFD, 0x50, 0xFD, 0x50, 0xFD,
    0x60, 0xFD, 0x60, 0xFD, 0x60, 0xFD, 0x70, 0xFD,
    0x70, 0xFD, 0x70, 0xFD, 0x70, 0xFD, 0x80, 0xFD,
    0x80, 0xFD, 0x80, 0xFD, 0x90, 0xFD, 0x90, 0xFD,
    0x90, 0xFD, 0xA0, 0xFD, 0xA0, 0xFD, 0xA0, 0xFD,
    0xB0, 0xFD, 0xB0, 0xFD, 0xB0, 0xFD, 0xC0, 0xFD,
    0xC0, 0xFD, 0xC0, 0xFD, 0xC0, 0xFD, 0xC0, 0xFD,
    0xC0, 0xFC, 0xC0, 0xFC, 0xC0, 0xFC, 0xC0, 0xFB,
    0xC0, 0xFB, 0xC0, 0xFB, 0xC0, 0xFA, 0xC0, 0xFA,
    0xC0, 0xFA, 0xC0, 0xF9, 0xC0, 0xF9, 0xC0, 0xF9,
    0xC0, 0xF8, 0xC0, 0xF8, 0xC0, 0xF8, 0xC0, 0xF8,
    0xC0, 0xF7, 0xC0, 0xF7, 0xC0, 0xF6, 0xC0, 0xF6,
    0xC0, 0xF6, 0xC0, 0xF6, 0xC0, 0xF5, 0xC0, 0xF5,
    0xC0, 0xF5, 0xC0, 0xF4, 0xC0, 0xF4, 0xC0, 0xF4,
    0xC0, 0xF3, 0xC0, 0xF3, 0xC0, 0xF3, 0xC0, 0xF2,
    0xC0, 0xF2, 0xC0, 0xF2, 0xC0, 0xF1, 0xC0, 0xF1,
    0xC0, 0xF1, 0xC0, 0xF0, 0xC0, 0xF0, 0xC0, 0xF0,
    0xC0, 0xF0, 0xC0, 0xF0, 0xC0, 0xF0, 0xC1, 0xF0,
    0xC1, 0xF0, 0xC1, 0xF0, 0xC2, 0xF0, 0xC2, 0xF0,
    0xC2, 0xF0, 0xC3, 0xF0, 0xC3, 0xF0, 0xC3, 0xF0,
    0xC4, 0xF0, 0xC4, 0xF0, 0xC4, 0xF0, 0xC4, 0xF0,
    0xC5, 0xF0, 0xC5, 0xF0, 0xC5, 0xF0, 0xC6, 0xF0,
    0xC6, 0xF0, 0xC6, 0xF0, 0xC7, 0xF0, 0xC7, 0xF0,
    0xC7, 0xF0, 0xC8, 0xF0, 0xC8, 0xF0, 0xC8, 0xF0,
    0xC9, 0xF0, 0xC9, 0xF0, 0xC9, 0xF0, 0xCA, 0xF0,
    0xCA, 0xF0, 0xCA, 0xF0, 0xCB, 0xF0, 0xCB, 0xF0,
    0xCB, 0xF0, 0xCC, 0xF0, 0xCC, 0xF0, 0xCC, 0xF0,
    0xCC, 0xF0, 0xCD, 0xF0, 0xCD, 0xF0, 0xCD, 0xF0,
    0xCD, 0xF0, 0xBD, 0xF0, 0xBD, 0xF0, 0xBD, 0xF0,
    0xAD, 0xF0, 0xAD, 0xF0, 0xAD, 0xF0, 0x9D, 0xF0,
    0x9D, 0xF0, 0x9D, 0xF0, 0x9D, 0xF0, 0x8D, 0xF0,
    0x8D, 0xF0, 0x8D, 0xF0, 0x7D, 0xF0, 0x7D, 0xF0,
    0x7D, 0xF0, 0x6D, 0xF0, 0x6D, 0xF0, 0x6D, 0xF0,
    0x5D, 0xF0, 0x5D, 0xF0, 0x5D, 0xF0, 0x4D, 0xF0,
    0x4D, 0xF0, 0x4D, 0xF0, 0x3D, 0xF0, 0x3D, 0xF0,
    0x3D, 0xF0, 0x2D, 0xF0, 0x2D, 0xF0, 0x2D, 0xF0,
    0x1D, 0xF0, 0x1D, 0xF0, 0x1D, 0xF0, 0x0D, 0xF0,
    0x0D, 0xF0, 0x0D, 0xF0, 0x0D, 0xF0, 0x0D, 0xF0,
    0x0D, 0xF0, 0x0D, 0xF0, 0x0D, 0xF0, 0x0D, 0xF0,
    0x0D, 0xF0, 0x0D, 0xF1, 0x0D, 0xF1, 0x0D, 0xF1,
    0x0D, 0xF2, 0x0D, 0xF2, 0x0D, 0xF3, 0x0D, 0xF3,
    0x0D, 0xF3, 0x0D, 0xF3, 0x0D, 0xF4, 0x0D, 0xF4,
    0x0D, 0xF4, 0x0D, 0xF5, 0x0D, 0xF5, 0x0D, 0xF5,
    0x0D, 0xF6, 0x0D, 0xF6, 0x0D, 0xF6, 0x0D, 0xF7,
    0x0D, 0xF7, 0x0D, 0xF7, 0x0D, 0xF8, 0x0D, 0xF8,
    0x0D, 0xF8, 0x0D, 0xF9, 0x0D, 0xF9, 0x0D, 0xF9,
    0x0D, 0xF9, 0x0D, 0xFA, 0x0D, 0xFA, 0x0D, 0xFA,
    0x0D, 0xFB, 0x0D, 0xFB, 0x0D, 0xFB, 0x0D, 0xFC,
    0x0D, 0xFC, 0x0D, 0xFC, 0x0D, 0xFD, 0x0D, 0xFD,
    0x0D, 0xFD, 0x0D, 0xFD, 0x0C, 0xFD, 0x0C, 0xFD,
    0x0C, 0xFD, 0x0C, 0xFD, 0x0B, 0xFD, 0x0B, 0xFD,
    0x0B, 0xFD, 0x0A, 0xFD, 0x0A, 0xFD, 0x0A, 0xFD,
    0x09, 0xFD, 0x09, 0xFD, 0x09, 0xFD, 0x08, 0xFD,
    0x08, 0xFD, 0x08, 0xFD, 0x07, 0xFD, 0x07, 0xFD,
    0x07, 0xFD, 0x06, 0xFD, 0x06, 0xFD, 0x06, 0xFD,
    0x05, 0xFD, 0x05, 0xFD, 0x05, 0xFD, 0x04, 0xFD,
    0x04, 0xFD, 0x04, 0xFD, 0x04, 0xFD, 0x03, 0xFD,
    0x03, 0xFD, 0x03, 0xFD, 0x02, 0xFD, 0x02, 0xFD,
    0x02, 0xFD, 0x01, 0xFD, 0x01, 0xFD, 0x01, 0xFD,
    0x00, 0xFD, 0x00, 0xFD, 0x00, 0xFD, 0x00, 0xFD,
    0x00, 0xFD, 0x00, 0xFD, 0x00, 0xFD, 0x00, 0xFD,
    0x00, 0xFD, 0x10, 0xFD, 0x10, 0xFD, 0x10, 0xFD,
    0x20, 0xFD, 0x20, 0xFD, 0x20, 0xFD, 0x30, 0xFD,
    0x30, 0xFD, 0x30, 0xFD, 0x40, 0xFD, 0x40, 0xFD,
    0x40, 0xFD, 0x50, 0xFD, 0x50, 0xFD, 0x50, 0xFD,
    0x60, 0xFD, 0x60, 0xFD, 0x60, 0xFD, 0x60, 0xFD,
    0x70, 0xFD, 0x70, 0xFD, 0x70, 0xFD, 0x80, 0xFD,
    0x80, 0xFD, 0x80, 0xFD, 0x90, 0xFD, 0x90, 0xFD,
    0x90, 0xFD, 0xA0, 0xFD, 0xA0, 0xFD, 0xA0, 0xFD,
    0xB0, 0xFD, 0xB0, 0xFD, 0xB0, 0xFD, 0xC0, 0xFD,
    0xC0, 0xFD, 0xC0, 0xFD, 0xC0, 0xFD, 0xC0, 0xFD,
    0xC0, 0xFC, 0xC0, 0xFC, 0xC0, 0xFC, 0xC0, 0xFB,
    0xC0, 0xFB, 0xC0, 0xFB, 0xC0, 0xFA, 0xC0, 0xFA,
    0xC0, 0xFA, 0xC0, 0xF9, 0xC0, 0xF9, 0xC0, 0xF9,
    0xC0, 0xF8, 0xC0, 0xF8, 0xC0, 0xF8, 0xC0, 0xF7,
    0xC0, 0xF7, 0xC0, 0xF7, 0xC0, 0xF6, 0xC0, 0xF6,
    0xC0, 0xF6, 0xC0, 0xF5, 0xC0, 0xF5, 0xC0, 0xF5,
    0xC0, 0xF5, 0xC0, 0xF4, 0xC0, 0xF4, 0xC0, 0xF4,
    0xC0, 0xF3, 0xC0, 0xF3, 0xC0, 0xF3, 0xC0, 0xF2,
    0xC0, 0xF2, 0xC0, 0xF2, 0xC0, 0xF1, 0xC0, 0xF1,
    0xC0, 0xF1, 0xC0, 0xF0, 0xC0, 0xF0, 0xC0, 0xF0,
    0xC0, 0xF0, 0xC0, 0xF0, 0xC0, 0xF0, 0xC1, 0xF0,
    0xC1, 0xF0, 0xC1, 0xF0, 0xC2, 0xF0, 0xC2, 0xF0,
    0xC2, 0xF0, 0xC3, 0xF0, 0xC3, 0xF0, 0xC3, 0xF0,
    0xC3, 0xF0, 0xC4, 0xF0, 0xC4, 0xF0, 0xC4, 0xF0,
    0xC5, 0xF0, 0xC5, 0xF0, 0xC5, 0xF0, 0xC6, 0xF0,
    0xC6, 0xF0, 0xC6, 0xF0, 0xC7, 0xF0, 0xC7, 0xF0,
    0xC7, 0xF0, 0xC8, 0xF0, 0xC8, 0xF0, 0xC8, 0xF0,
    0xC9, 0xF0, 0xC9, 0xF0, 0xC9, 0xF0, 0xC9, 0xF0,
    0xCA, 0xF0, 0xCA, 0xF0, 0xCA, 0xF0, 0xCB, 0xF0,
    0xCB, 0xF0, 0xCB, 0xF0, 0xCC, 0xF0, 0xCC, 0xF0,
    0xCC, 0xF0, 0xCD, 0xF0, 0xCD, 0xF0, 0xCD, 0xF0,
    0xCD, 0xF0, 0xBD, 0xF0, 0xBD, 0xF0, 0xBD, 0xF0,
    0xAD, 0xF0, 0xAD, 0xF0, 0xAD, 0xF0, 0x9D, 0xF0,
    0x9D, 0xF0, 0x9D, 0xF0, 0x9D, 0xF0, 0x8D, 0xF0,
    0x8D, 0xF0, 0x8D, 0xF0, 0x7D, 0xF0, 0x7D, 0xF0,
    0x7D, 0xF0, 0x6D, 0xF0, 0x6D, 0xF0, 0x6D, 0xF0,
    0x5D, 0xF0, 0x5D, 0xF0, 0x4D, 0xF0, 0x4D, 0xF0,
    0x4D, 0xF0, 0x4D, 0xF0, 0x3D, 0xF0, 0x3D, 0xF0,
    0x3D, 0xF0, 0x2D, 0xF0, 0x2D, 0xF0, 0x2D, 0xF0,
    0x1D, 0xF0, 0x1D, 0xF0, 0x1D, 0xF0, 0x0D, 0xF0,
    0x0D, 0xF0, 0x0D, 0xF0, 0x0D, 0xF0, 0x0D, 0xF0,
    0x0D, 0xF0, 0x0D, 0xF0, 0x0D, 0xF0, 0x0D, 0xF0,
    0x0D, 0xF0, 0x0D, 0xF1, 0x0D, 0xF1, 0x0D, 0xF1,
    0x0D, 0xF2, 0x0D, 0xF2, 0x0D, 0xF2, 0x0D, 0xF3,
    0x0D, 0xF3, 0x0D, 0xF3, 0x0D, 0xF4, 0x0D, 0xF4,
    0x0D, 0xF4, 0x0D, 0xF5, 0x0D, 0xF5, 0x0D, 0xF5,
    0x0D, 0xF6, 0x0D, 0xF6, 0x0D, 0xF6, 0x0D, 0xF7,
    0x0D, 0xF7, 0x0D, 0xF7, 0x0D, 0xF7, 0x0D, 0xF8,
    0x0D, 0xF8, 0x0D, 0xF9, 0x0D, 0xF9, 0x0D, 0xF9,
    0x0D, 0xF9, 0x0D, 0xFA, 0x0D, 0xFA, 0x0D, 0xFA,
    0x0D, 0xFB, 0x0D, 0xFB, 0x0D, 0xFB, 0x0D, 0xFC,
    0x0D, 0xFC, 0x0D, 0xFC, 0x0D, 0xFD, 0x0D, 0xFD,
    0x0D, 0xFD, 0x0D, 0xFD, 0x0C, 0xFD, 0x0C, 0xFD,
    0x0C, 0xFD, 0x0B, 0xFD, 0x0B, 0xFD, 0x0B, 0xFD,
    0x0A, 0xFD, 0x0A, 0xFD, 0x0A, 0xFD, 0x09, 0xFD,
    0x09, 0xFD, 0x09, 0xFD, 0x09, 0xFD, 0x08, 0xFD,
    0x08, 0xFD, 0x08, 0xFD, 0x07, 0xFD, 0x07, 0xFD,
    0x07, 0xFD, 0x06, 0xFD, 0x06, 0xFD, 0x06, 0xFD,
    0x05, 0xFD, 0x05, 0xFD, 0x05, 0xFD, 0x04, 0xFD,
    0x04, 0xFD, 0x04, 0xFD, 0x03, 0xFD, 0x03, 0xFD,
    0x03, 0xFD, 0x03, 0xFD, 0x02, 0xFD, 0x02, 0xFD,
    0x02, 0xFD, 0x01, 0xFD, 0x01, 0xFD, 0x01, 0xFD,
    0x00, 0xFD, 0x00, 0xFD, 0x00, 0xFD, 0x00, 0xFD,
    0x00, 0xFD, 0x00, 0xFD, 0x00, 0xFD, 0x00, 0xFD,
    0x00, 0xFD, 0x10, 0xFD, 0x10, 0xFD, 0x10, 0xFD,
    0x10, 0xFD, 0x20, 0xFD, 0x20, 0xFD, 0x20, 0xFD,
    0x30, 0xFD, 0x30, 0xFD, 0x40, 0xFD, 0x40, 0xFD,
    0x40, 0xFD, 0x50, 0xFD, 0x50, 0xFD, 0x50, 0xFD,
    0x50, 0xFD, 0x60, 0xFD, 0x60, 0xFD, 0x60, 0xFD,
    0x70, 0xFD, 0x70, 0xFD, 0x70, 0xFD, 0x80, 0xFD,
    0x80, 0xFD, 0x80, 0xFD, 0x90, 0xFD, 0x90, 0xFD,
    0x90, 0xFD, 0xA0, 0xFD, 0xA0, 0xFD, 0xA0, 0xFD,
    0xB0, 0xFD, 0xB0, 0xFD, 0xB0, 0xFD, 0xB0, 0xFD,
    0xC0, 0xFD, 0xC0, 0xFD, 0xC0, 0xFD, 0xC0, 0xFC,
    0xC0, 0xFC, 0xC0, 0xFC, 0xC0, 0xFB, 0xC0, 0xFB,
    0xC0, 0xFB, 0xC0, 0xFB, 0xC0, 0xFA, 0xC0, 0xFA,
    0xC0, 0xF9, 0xC0, 0xF9, 0xC0, 0xF9, 0xC0, 0xF9,
    0xC0, 0xF8, 0xC0, 0xF8, 0xC0, 0xF8, 0xC0, 0xF7,
    0xC0, 0xF7, 0xC0, 0xF7, 0xC0, 0xF6, 0xC0, 0xF6,
    0xC0, 0xF6, 0xC0, 0xF5, 0xC0, 0xF5, 0xC0, 0xF5,
    0xC0, 0xF5, 0xC0, 0xF4, 0xC0, 0xF4, 0xC0, 0xF4,
    0xC0, 0xF3, 0xC0, 0xF3, 0xC0, 0xF3, 0xC0, 0xF2,
    0xC0, 0xF2, 0xC0, 0xF2, 0xC0, 0xF1, 0xC0, 0xF1,
    0xC0, 0xF1, 0xC0, 0xF0, 0xC0, 0xF0, 0xC0, 0xF0,
    0xC0, 0xF0, 0xC0, 0xF0, 0xC0, 0xF0, 0xC0, 0xF0,
    0xC1, 0xF0, 0xC1, 0xF0, 0xC1, 0xF0, 0xC2, 0xF0,
    0xC2, 0xF0, 0xC2, 0xF0, 0xC3, 0xF0, 0xC3, 0xF0,
    0xC3, 0xF0, 0xC4, 0xF0, 0xC4, 0xF0, 0xC4, 0xF0,
    0xC5, 0xF0, 0xC5, 0xF0, 0xC5, 0xF0, 0xC6, 0xF0,
    0xC6, 0xF0, 0xC6, 0xF0, 0xC7, 0xF0, 0xC7, 0xF0,
    0xC7, 0xF0, 0xC7, 0xF0, 0xC8, 0xF0, 0xC8, 0xF0,
    0xC8, 0xF0, 0xC9, 0xF0, 0xC9, 0xF0, 0xC9, 0xF0,
    0xCA, 0xF0, 0xCA, 0xF0, 0xCA, 0xF0, 0xCB, 0xF0,
    0xCB, 0xF0, 0xCB, 0xF0, 0xCC, 0xF0, 0xCC, 0xF0,
    0xCC, 0xF0, 0xCD, 0xF0, 0xCD, 0xF0, 0xCD, 0xF0,
    0xBD, 0xF0, 0xBD, 0xF0, 0xBD, 0xF0, 0xBD, 0xF0,
    0xAD, 0xF0, 0xAD, 0xF0, 0xAD, 0xF0, 0x9D, 0xF0,
    0x9D, 0xF0, 0x9D, 0xF0, 0x8D, 0xF0, 0x8D, 0xF0,
    0x8D, 0xF0, 0x7D, 0xF0, 0x7D, 0xF0, 0x7D, 0xF0,
    0x6D, 0xF0, 0x6D, 0xF0, 0x6D, 0xF0, 0x5D, 0xF0,
    0x5D, 0xF0, 0x5D, 0xF0, 0x4D, 0xF0, 0x4D, 0xF0,
    0x4D, 0xF0, 0x3D, 0xF0, 0x3D, 0xF0, 0x3D, 0xF0,
    0x3D, 0xF0, 0x2D, 0xF0, 0x2D, 0xF0, 0x2D, 0xF0,
    0x1D, 0xF0, 0x1D, 0xF0, 0x1D, 0xF0, 0x0D, 0xF0,
    0x0D, 0xF0, 0x0D, 0xF0, 0x0D, 0xF0, 0x0D, 0xF0,
    0x0D, 0xF0, 0x0D, 0xF0, 0x0D, 0xF0, 0x0D, 0xF0,
    0x0D, 0xF0, 0x0D, 0xF1, 0x0D, 0xF1, 0x0D, 0xF1,
    0x0D, 0xF2, 0x0D, 0xF2, 0x0D, 0xF2, 0x0D, 0xF3,
    0x0D, 0xF3, 0x0D, 0xF3, 0x0D, 0xF4, 0x0D, 0xF4,
    0x0D, 0xF4, 0x0D, 0xF4, 0x0D, 0xF5, 0x0D, 0xF5,
    0x0D, 0xF5, 0x0D, 0xF6, 0x0D, 0xF6, 0x0D, 0xF6,
    0x0D, 0xF7, 0x0D, 0xF7, 0x0D, 0xF7, 0x0D, 0xF8,
    0x0D, 0xF8, 0x0D, 0xF8, 0x0D, 0xF9, 0x0D, 0xF9,
    0x0D, 0xF9, 0x0D, 0xFA, 0x0D, 0xFA, 0x0D, 0xFA,
    0x0D, 0xFB, 0x0D, 0xFB, 0x0D, 0xFB, 0x0D, 0xFB,
    0x0D, 0xFC, 0x0D, 0xFC, 0x0D, 0xFD, 0x0D, 0xFD,
    0x0D, 0xFD, 0x0D, 0xFD, 0x0C, 0xFD, 0x0C, 0xFD,
    0x0C, 0xFD, 0x0B, 0xFD, 0x0B, 0xFD, 0x0B, 0xFD,
    0x0A, 0xFD, 0x0A, 0xFD, 0x0A, 0xFD, 0x09, 0xFD,
    0x09, 0xFD, 0x09, 0xFD, 0x08, 0xFD, 0x08, 0xFD,
    0x08, 0xFD, 0x08, 0xFD, 0x07, 0xFD, 0x07, 0xFD,
    0x07, 0xFD, 0x06, 0xFD, 0x06, 0xFD, 0x06, 0xFD,
    0x05, 0xFD, 0x05, 0xFD, 0x05, 0xFD, 0x04, 0xFD,
    0x04, 0xFD, 0x04, 0xFD, 0x03, 0xFD, 0x03, 0xFD,
    0x03, 0xFD, 0x02, 0xFD, 0x02, 0xFD, 0x02, 0xFD,
    0x01, 0xFD, 0x01, 0xFD, 0x01, 0xFD, 0x01, 0xFD,
    0x00, 0xFD, 0x00, 0xFD, 0x00, 0xFD, 0x00, 0xFD,
    0x00, 0xFD, 0x00, 0xFD, 0x00, 0xFD, 0x00, 0xFD,
    0x00, 0xFD, 0x10, 0xFD, 0x10, 0xFD, 0x10, 0xFD,
    0x10, 0xFD, 0x20, 0xFD, 0x20, 0xFD, 0x20, 0xFD,
    0x30, 0xFD, 0x30, 0xFD, 0x30, 0xFD, 0x40, 0xFD,
    0x40, 0xFD, 0x40, 0xFD, 0x50, 0xFD, 0x50, 0xFD,
    0x50, 0xFD, 0x60, 0xFD, 0x60, 0xFD, 0x60, 0xFD,
    0x70, 0xFD, 0x70, 0xFD, 0x70, 0xFD, 0x70, 0xFD,
    0x80, 0xFD, 0x80, 0xFD, 0x80, 0xFD, 0x90, 0xFD,
    0x90, 0xFD, 0x90, 0xFD, 0xA0, 0xFD, 0xA0, 0xFD,
    0xA0, 0xFD, 0xB0, 0xFD, 0xB0, 0xFD, 0xB0, 0xFD,
    0xC0, 0xFD, 0xC0, 0xFD, 0xC0, 0xFD, 0xC0, 0xFC,
    0xC0, 0xFC, 0xC0, 0xFC, 0xC0, 0xFB, 0xC0, 0xFB,
    0xC0, 0xFB, 0xC0, 0xFA, 0xC0, 0xFA, 0xC0, 0xFA,
    0xC0, 0xF9, 0xC0, 0xF9, 0xC0, 0xF9, 0xC0, 0xF8,
    0xC0, 0xF8, 0xC0, 0xF8, 0xC0, 0xF8, 0xC0, 0xF7,
    0xC0, 0xF7, 0xC0, 0xF7, 0xC0, 0xF6, 0xC0, 0xF6,
    0xC0, 0xF6, 0xC0, 0xF5, 0xC0, 0xF5, 0xC0, 0xF5,
    0xC0, 0xF4, 0xC0, 0xF4, 0xC0, 0xF4, 0xC0, 0xF4,
    0xC0, 0xF3, 0xC0, 0xF3, 0xC0, 0xF3, 0xC0, 0xF2,
    0xC0, 0xF2, 0xC0, 0xF2, 0xC0, 0xF1, 0xC0, 0xF1,
    0xC0, 0xF1, 0xC0, 0xF0, 0xC0, 0xF0, 0xC0, 0xF0,
    0xC0, 0xF0, 0xC0, 0xF0, 0xC0, 0xF0, 0xC0, 0xF0,
    0xC1, 0xF0, 0xC1, 0xF0, 0xC1, 0xF0, 0xC2, 0xF0,
    0xC2, 0xF0, 0xC2, 0xF0, 0xC3, 0xF0, 0xC3, 0xF0,
    0xC3, 0xF0, 0xC4, 0xF0, 0xC4, 0xF0, 0xC4, 0xF0,
    0xC5, 0xF0, 0xC5, 0xF0, 0xC5, 0xF0, 0xC6, 0xF0,
    0xC6, 0xF0, 0xC6, 0xF0, 0xC6, 0xF0, 0xC7, 0xF0,
    0xC7, 0xF0, 0xC7, 0xF0, 0xC8, 0xF0, 0xC8, 0xF0,
    0xC8, 0xF0, 0xC9, 0xF0, 0xC9, 0xF0, 0xC9, 0xF0,
    0xCA, 0xF0, 0xCA, 0xF0, 0xCA, 0xF0, 0xCA, 0xF0,
    0xCB, 0xF0, 0xCB, 0xF0, 0xCB, 0xF0, 0xCC, 0xF0,
    0xCC, 0xF0, 0xCC, 0xF0, 0xCD, 0xF0, 0xCD, 0xF0,
    0xBD, 0xF0, 0xBD, 0xF0, 0xBD, 0xF0, 0xAD, 0xF0,
    0xAD, 0xF0, 0xAD, 0xF0, 0x9D, 0xF0, 0x9D, 0xF0,
    0x9D, 0xF0, 0x8D, 0xF0, 0x8D, 0xF0, 0x8D, 0xF0,
    0x8D, 0xF0, 0x7D, 0xF0, 0x7D, 0xF0, 0x7D, 0xF0,
    0x6D, 0xF0, 0x6D, 0xF0, 0x6D, 0xF0, 0x5D, 0xF0,
    0x5D, 0xF0, 0x5D, 0xF0, 0x4D, 0xF0, 0x4D, 0xF0,
    0x4D, 0xF0, 0x3D, 0xF0, 0x3D, 0xF0, 0x3D, 0xF0,
    0x2D, 0xF0, 0x2D, 0xF0, 0x2D, 0xF0, 0x1D, 0xF0,
    0x1D, 0xF0, 0x1D, 0xF0, 0x1D, 0xF0, 0x0D, 0xF0,
    0x0D, 0xF0, 0x0D, 0xF0, 0x0D, 0xF0, 0x0D, 0xF0,
    0x0D, 0xF0, 0x0D, 0xF0, 0x0D, 0xF0, 0x0D, 0xF0,
    0x0D, 0xF0, 0x0D, 0xF1, 0x0D, 0xF1, 0x0D, 0xF1,
    0x0D, 0xF2, 0x0D, 0xF2, 0x0D, 0xF2, 0x0D, 0xF3,
    0x0D, 0xF3, 0x0D, 0xF3, 0x0D, 0xF3, 0x0D, 0xF4,
    0x0D, 0xF4, 0x0D, 0xF4, 0x0D, 0xF5, 0x0D, 0xF5,
    0x0D, 0xF5, 0x0D, 0xF6, 0x0D, 0xF6, 0x0D, 0xF6,
    0x0D, 0xF7, 0x0D, 0xF7, 0x0D, 0xF7, 0x0D, 0xF8,
    0x0D, 0xF8, 0x0D, 0xF8, 0x0D, 0xF9, 0x0D, 0xF9,
    0x0D, 0xF9, 0x0D, 0xF9, 0x0D, 0xFA, 0x0D, 0xFA,
    0x0D, 0xFA, 0x0D, 0xFB, 0x0D, 0xFB, 0x0D, 0xFB,
    0x0D, 0xFC, 0x0D, 0xFC, 0x0D, 0xFC, 0x0D, 0xFD,
    0x0D, 0xFD, 0x0C, 0xFD, 0x0C, 0xFD, 0x0C, 0xFD,
    0x0B, 0xFD, 0x0B, 0xFD, 0x0B, 0xFD, 0x0A, 0xFD,
    0x0A, 0xFD, 0x0A, 0xFD, 0x0A, 0xFD, 0x09, 0xFD,
    0x09, 0xFD, 0x09, 0xFD, 0x08, 0xFD, 0x08, 0xFD,
    0x08, 0xFD, 0x07, 0xFD, 0x07, 0xFD, 0x07, 0xFD,
    0x06, 0xFD, 0x06, 0xFD, 0x06, 0xFD, 0x06, 0xFD,
    0x05, 0xFD, 0x05, 0xFD, 0x05, 0xFD, 0x04, 0xFD,
    0x04, 0xFD, 0x04, 0xFD, 0x03, 0xFD, 0x03, 0xFD,
    0x03, 0xFD, 0x02, 0xFD, 0x02, 0xFD, 0x02, 0xFD,
    0x01, 0xFD, 0x01, 0xFD, 0x01, 0xFD, 0x01, 0xFD,
    0x00, 0xFD, 0x00, 0xFD, 0x00, 0xFD, 0x00, 0xFD,
    0x00, 0xFD, 0x00, 0xFD, 0x00, 0xFD, 0x00, 0xFD,
    0x00, 0xFD, 0x10, 0xFD, 0x10, 0xFD, 0x10, 0xFD,
    0x10, 0xFD, 0x20, 0xFD, 0x20, 0xFD, 0x20, 0xFD,
    0x30, 0xFD, 0x30, 0xFD, 0x30, 0xFD, 0x40, 0xFD,
    0x40, 0xFD, 0x40, 0xFD, 0x50, 0xFD, 0x50, 0xFD,
    0x50, 0xFD, 0x60, 0xFD, 0x60, 0xFD, 0x60, 0xFD,
    0x70, 0xFD, 0x70, 0xFD, 0x70, 0xFD, 0x70, 0xFD,
    0x80, 0xFD, 0x80, 0xFD, 0x80, 0xFD, 0x90, 0xFD,
    0x90, 0xFD, 0x90, 0xFD, 0xA0, 0xFD, 0xA0, 0xFD,
    0xA0, 0xFD, 0xB0, 0xFD, 0xB0, 0xFD, 0xB0, 0xFD,
    0xB0, 0xFD, 0xC0, 0xFD, 0xC0, 0xFC, 0xC0, 0xFC,
    0xC0, 0xFC, 0xC0, 0xFC, 0xC0, 0xFB, 0xC0, 0xFB,
    0xC0, 0xFB, 0xC0, 0xFA, 0xC0, 0xFA, 0xC0, 0xFA,
    0xC0, 0xF9, 0xC0, 0xF9, 0xC0, 0xF9, 0xC0, 0xF8,
    0xC0, 0xF8, 0xC0, 0xF8, 0xC0, 0xF7, 0xC0, 0xF7,
    0xC0, 0xF7, 0xC0, 0xF7, 0xC0, 0xF6, 0xC0, 0xF6,
    0xC0, 0xF6, 0xC0, 0xF5, 0xC0, 0xF5, 0xC0, 0xF5,
    0xC0, 0xF4, 0xC0, 0xF4, 0xC0, 0xF4, 0xC0, 0xF4,
    0xC0, 0xF3, 0xC0, 0xF3, 0xC0, 0xF3, 0xC0, 0xF2,
    0xC0, 0xF2, 0xC0, 0xF2, 0xC0, 0xF1, 0xC0, 0xF1,
    0xC0, 0xF1, 0xC0, 0xF0, 0xC0, 0xF0, 0xC0, 0xF0,
    0xC0, 0xF0, 0xC0, 0xF0, 0xC0, 0xF0, 0xC0, 0xF0,
    0xC1, 0xF0, 0xC1, 0xF0, 0xC1, 0xF0, 0xC2, 0xF0,
    0xC2, 0xF0, 0xC2, 0xF0, 0xC3, 0xF0, 0xC3, 0xF0,
    0xC3, 0xF0, 0xC4, 0xF0, 0xC4, 0xF0, 0xC4, 0xF0,
    0xC5, 0xF0, 0xC5, 0xF0, 0xC5, 0xF0, 0xC5, 0xF0,
    0xC6, 0xF0, 0xC6, 0xF0, 0xC6, 0xF0, 0xC7, 0xF0,
    0xC7, 0xF0, 0xC7, 0xF0, 0xC8, 0xF0, 0xC8, 0xF0,
    0xC8, 0xF0, 0xC9, 0xF0, 0xC9, 0xF0, 0xC9, 0xF0,
    0xC9, 0xF0, 0xCA, 0xF0, 0xCA, 0xF0, 0xCA, 0xF0,
    0xCB, 0xF0, 0xCB, 0xF0, 0xCB, 0xF0, 0xCC, 0xF0,
    0xCC, 0xF0, 0xCC, 0xF0, 0xCD, 0xF0, 0xBD, 0xF0,
    0xBD, 0xF0, 0xBD, 0xF0, 0xBD, 0xF0, 0xAD, 0xF0,
    0xAD, 0xF0, 0xAD, 0xF0, 0x9D, 0xF0, 0x9D, 0xF0,
    0x9D, 0xF0, 0x8D, 0xF0, 0x8D, 0xF0, 0x8D, 0xF0,
    0x7D, 0xF0, 0x7D, 0xF0, 0x7D, 0xF0, 0x6D, 0xF0,
    0x6D, 0xF0, 0x6D, 0xF0, 0x5D, 0xF0, 0x5D, 0xF0,
    0x5D, 0xF0, 0x5D, 0xF0, 0x4D, 0xF0, 0x4D, 0xF0,
    0x4D, 0xF0, 0x3D, 0xF0, 0x3D, 0xF0, 0x3D, 0xF0,
    0x2D, 0xF0, 0x2D, 0xF0, 0x2D, 0xF0, 0x1D, 0xF0,
    0x1D, 0xF0, 0x1D, 0xF0, 0x1D, 0xF0, 0x0D, 0xF0,
    0x0D, 0xF0, 0x0D, 0xF0, 0x0D, 0xF0, 0x0D, 0xF0,
    0x0D, 0xF0, 0x0D, 0xF0, 0x0D, 0xF0, 0x0D, 0xF0,
    0x0D, 0xF0, 0x0D, 0xF1, 0x0D, 0xF1, 0x0D, 0xF1,
    0x0D, 0xF2, 0x0D, 0xF2, 0x0D, 0xF2, 0x0D, 0xF3,
    0x0D, 0xF3, 0x0D, 0xF3, 0x0D, 0xF3, 0x0D, 0xF4,
    0x0D, 0xF4, 0x0D, 0xF4, 0x0D, 0xF5, 0x0D, 0xF5,
    0x0D, 0xF5, 0x0D, 0xF6, 0x0D, 0xF6, 0x0D, 0xF6,
    0x0D, 0xF7, 0x0D, 0xF7, 0x0D, 0xF7, 0x0D, 0xF7,
    0x0D, 0xF8, 0x0D, 0xF8, 0x0D, 0xF8, 0x0D, 0xF9,
    0x0D, 0xF9, 0x0D, 0xF9, 0x0D, 0xFA, 0x0D, 0xFA,
    0x0D, 0xFA, 0x0D, 0xFB, 0x0D, 0xFB, 0x0D, 0xFB,
    0x0D, 0xFC, 0x0D, 0xFC, 0x0D, 0xFC, 0x0D, 0xFC,
    0x0C, 0xFD, 0x0C, 0xFD, 0x0C, 0xFD, 0x0C, 0xFD,
    0x0B, 0xFD, 0x0B, 0xFD, 0x0B, 0xFD, 0x0A, 0xFD,
    0x0A, 0xFD, 0x0A, 0xFD, 0x0A, 0xFD, 0x09, 0xFD,
    0x09, 0xFD, 0x09, 0xFD, 0x08, 0xFD, 0x08, 0xFD,
    0x08, 0xFD, 0x07, 0xFD, 0x07, 0xFD, 0x07, 0xFD,
    0x06, 0xFD, 0x06, 0xFD, 0x06, 0xFD, 0x05, 0xFD,
    0x05, 0xFD, 0x05, 0xFD, 0x05, 0xFD, 0x04, 0xFD,
    0x04, 0xFD, 0x04, 0xFD, 0x03, 0xFD, 0x03, 0xFD,
    0x03, 0xFD, 0x02, 0xFD, 0x02, 0xFD, 0x02, 0xFD,
    0x01, 0xFD, 0x01, 0xFD, 0x01, 0xFD, 0x01, 0xFD,
    0x00, 0xFD, 0x00, 0xFD, 0x00, 0xFD, 0x00, 0xFD,
    0x00, 0xFD, 0x00, 0xFD, 0x00, 0xFD, 0x00, 0xFD,
    0x00, 0xFD, 0x10, 0xFD, 0x10, 0xFD, 0x10, 0xFD,
    0x10, 0xFD, 0x20, 0xFD, 0x20, 0xFD, 0x20, 0xFD,
    0x30, 0xFD, 0x30, 0xFD, 0x30, 0xFD, 0x40, 0xFD,
    0x40, 0xFD, 0x40, 0xFD, 0x50, 0xFD, 0x50, 0xFD,
    0x50, 0xFD, 0x50, 0xFD, 0x60, 0xFD, 0x60, 0xFD,
    0x60, 0xFD, 0x70, 0xFD, 0x70, 0xFD, 0x70, 0xFD,
    0x80, 0xFD, 0x80, 0xFD, 0x80, 0xFD, 0x90, 0xFD,
    0x90, 0xFD, 0x90, 0xFD, 0xA0, 0xFD, 0xA0, 0xFD,
    0xA0, 0xFD, 0xB0, 0xFD, 0xB0, 0xFD, 0xB0, 0xFD,
    0xB0, 0xFD, 0xC0, 0xFC, 0xC0, 0xFC, 0xC0, 0xFC,
    0xC0, 0xFC, 0xC0, 0xFC, 0xC0, 0xFB, 0xC0, 0xFB,
    0xC0, 0xFA, 0xC0, 0xFA, 0xC0, 0xFA, 0xC0, 0xFA,
    0xC0, 0xF9, 0xC0, 0xF9, 0xC0, 0xF9, 0xC0, 0xF8,
    0xC0, 0xF8, 0xC0, 0xF8, 0xC0, 0xF7, 0xC0, 0xF7,
    0xC0, 0xF7, 0xC0, 0xF6, 0xC0, 0xF6, 0xC0, 0xF6,
    0xC0, 0xF6, 0xC0, 0xF5, 0xC0, 0xF5, 0xC0, 0xF5,
    0xC0, 0xF4, 0xC0, 0xF4, 0xC0, 0xF4, 0xC0, 0xF3,
    0xC0, 0xF3, 0xC0, 0xF3, 0xC0, 0xF3, 0xC0, 0xF2,
    0xC0, 0xF2, 0xC0, 0xF2, 0xC0, 0xF1, 0xC0, 0xF1,
    0xC0, 0xF1, 0xC0, 0xF0, 0xC0, 0xF0, 0xC0, 0xF0,
    0xB0, 0xF0, 0xC0, 0xF0, 0xC0, 0xF0, 0xC1, 0xF0,
    0xC1, 0xF0, 0xC1, 0xF0, 0xC1, 0xF0, 0xB2, 0xF0,
    0xC2, 0xF0, 0xC2, 0xF0, 0xB3, 0xF0, 0xC3, 0xF0,
    0xC3, 0xF0, 0xC4, 0xF0, 0xC4, 0xF0, 0xC4, 0xF0,
    0xC5, 0xF0, 0xC5, 0xF0, 0xC5, 0xF0, 0xB5, 0xF0,
    0xB6, 0xF0, 0xC6, 0xF0, 0xB6, 0xF0, 0xB7, 0xF0,
    0xC7, 0xF0, 0xC7, 0xF0, 0xB8, 0xF0, 0xC8, 0xF0,
    0xC8, 0xF0, 0xB8, 0xF0, 0xC9, 0xF0, 0xC9, 0xF0,
    0xB9, 0xF0, 0xCA, 0xF0, 0xCA, 0xF0, 0xBA, 0xF0,
    0xBB, 0xF0, 0xCB, 0xF0, 0xCB, 0xF0, 0xCB, 0xF0,
    0xCC, 0xF0, 0xCC, 0xF0, 0xBC, 0xF0, 0xBD, 0xF0,
    0xBD, 0xF0, 0xBD, 0xF0, 0xAC, 0xF0, 0xAC, 0xF0,
    0xAD, 0xF0, 0x9D, 0xF0, 0x9D, 0xF0, 0x9D, 0xF0,
    0x9D, 0xF0, 0x8C, 0xF0, 0x8D, 0xF0, 0x8D, 0xF0,
    0x7D, 0xF0, 0x7D, 0xF0, 0x7D, 0xF0, 0x6D, 0xF0,
    0x6D, 0xF0, 0x6D, 0xF0, 0x5D, 0xF0, 0x5D, 0xF0,
    0x5D, 0xF0, 0x5D, 0xF0, 0x4D, 0xF0, 0x4D, 0xF0,
    0x4D, 0xF0, 0x3D, 0xF0, 0x3D, 0xF0, 0x3D, 0xF0,
    0x2D, 0xF0, 0x2D, 0xF0, 0x2D, 0xF0, 0x2D, 0xF0,
    0x1D, 0xF0, 0x1D, 0xF0, 0x1D, 0xF0, 0x0D, 0xF0,
    0x0D, 0xF0, 0x0D, 0xF0, 0x0D, 0xF0, 0x0D, 0xF0,
    0x0D, 0xF0, 0x0C, 0xF0, 0x0D, 0xF0, 0x0D, 0xF0,
    0x0D, 0xF0, 0x0D, 0xF1, 0x0C, 0xF1, 0x0D, 0xF1,
    0x0D, 0xF2, 0x0D, 0xF2, 0x0D, 0xF2, 0x0D, 0xF3,
    0x0D, 0xF3, 0x0D, 0xF3, 0x0D, 0xF3, 0x0D, 0xF4,
    0x0D, 0xF4, 0x0D, 0xF4, 0x0D, 0xF5, 0x0D, 0xF5,
    0x0D, 0xF5, 0x0D, 0xF6, 0x0D, 0xF6, 0x0D, 0xF6,
    0x0D, 0xF7, 0x0C, 0xF7, 0x0D, 0xF7, 0x0D, 0xF7,
    0x0D, 0xF8, 0x0D, 0xF8, 0x0D, 0xF8, 0x0D, 0xF9,
    0x0D, 0xF9, 0x0D, 0xF9, 0x0D, 0xFA, 0x0D, 0xFA,
    0x0D, 0xFA, 0x0D, 0xFB, 0x0D, 0xFB, 0x0D, 0xFB,
    0x0D, 0xFB, 0x0D, 0xFC, 0x0D, 0xFC, 0x0D, 0xFC,
    0x0C, 0xFC, 0x0C, 0xFC, 0x0C, 0xFC, 0x0C, 0xFD,
    0x0B, 0xFD, 0x0B, 0xFD, 0x0B, 0xFD, 0x0A, 0xFD,
    0x0A, 0xFC, 0x0A, 0xFD, 0x09, 0xFD, 0x09, 0xFD,
    0x09, 0xFD, 0x08, 0xFD, 0x08, 0xFC, 0x08, 0xFC,
    0x08, 0xFD, 0x07, 0xFD, 0x07, 0xFD, 0x07, 0xFD,
    0x06, 0xFC, 0x06, 0xFC, 0x06, 0xFD, 0x05, 0xFD,
    0x05, 0xFD, 0x05, 0xFD, 0x04, 0xFC, 0x04, 0xFC,
    0x04, 0xFC, 0x04, 0xFD, 0x03, 0xFD, 0x03, 0xFD,
    0x03, 0xFD, 0x02, 0xFC, 0x02, 0xFC, 0x02, 0xFD,
    0x01, 0xFD, 0x01, 0xFD, 0x01, 0xFD, 0x01, 0xFD,
    0x00, 0xFD, 0x00, 0xFD, 0x00, 0xFD, 0x00, 0xFD,
    0x00, 0xFD, 0x00, 0xFC, 0x00, 0xFD, 0x00, 0xFD,
    0x00, 0xFD, 0x10, 0xFD, 0x10, 0xFD, 0x10, 0xFD,
    0x10, 0xFD, 0x20, 0xFD, 0x20, 0xFD, 0x20, 0xFD,
    0x30, 0xFD, 0x30, 0xFD, 0x30, 0xFC, 0x40, 0xFD,
    0x40, 0xFD, 0x40, 0xFD, 0x50, 0xFD, 0x50, 0xFD,
    0x50, 0xFC, 0x50, 0xFD, 0x60, 0xFD, 0x60, 0xFD,
    0x60, 0xFD, 0x70, 0xFD, 0x70, 0xFD, 0x70, 0xFD,
    0x70, 0xFD, 0x80, 0xFD, 0x80, 0xFD, 0x80, 0xFD,
    0x90, 0xFD, 0x90, 0xFD, 0x90, 0xFD, 0xA0, 0xFD,
    0xA0, 0xFD, 0xA0, 0xFD, 0xB0, 0xFD, 0xB0, 0xFD,
    0xB0, 0xFC, 0xB0, 0xFC, 0xC0, 0xFC, 0xC0, 0xFC,
    0xC0, 0xFC, 0xC0, 0xFB, 0xC0, 0xFB, 0xC0, 0xFB,
    0xC0, 0xFA, 0xC0, 0xFA, 0xC0, 0xFA, 0xC0, 0xFA,
    0xC0, 0xF9, 0xC0, 0xF9, 0xC0, 0xF9, 0xC0, 0xF8,
    0xC0, 0xF8, 0xC0, 0xF8, 0xC0, 0xF7, 0xC0, 0xF7,
    0xC0, 0xF7, 0xC0, 0xF6, 0xC0, 0xF6, 0xC0, 0xF6,
    0xC0, 0xF5, 0xC0, 0xF5, 0xB0, 0xF5, 0xB0, 0xF5,
    0xC0, 0xF4, 0xC0, 0xF4, 0xC0, 0xF4, 0xC0, 0xF3,
    0xC0, 0xF3, 0xC0, 0xF3, 0xC0, 0xF3, 0xC0, 0xF2,
    0xC0, 0xF2, 0xC0, 0xF2, 0xC0, 0xF1, 0xC0, 0xF1,
    0xC0, 0xF1, 0xC0, 0xF0, 0xC0, 0xF0, 0xC0, 0xF0,
    0xB0, 0xF0, 0xB0, 0xF0, 0xB0, 0xF0, 0xB0, 0xF0,
    0xB1, 0xF0, 0xB1, 0xF0, 0xB1, 0xF0, 0xB2, 0xF0,
    0xB2, 0xF0, 0xB2, 0xF0, 0xB3, 0xF0, 0xB3, 0xF0,
    0xB3, 0xF0, 0xB3, 0xF0, 0xB4, 0xF0, 0xB4, 0xF0,
    0xB4, 0xF0, 0xB5, 0xF0, 0xB5, 0xF0, 0xB5, 0xF0,
    0xB6, 0xF0, 0xB6, 0xF0, 0xB6, 0xF0, 0xB7, 0xF0,
    0xB7, 0xF0, 0xB7, 0xF0, 0xB7, 0xF0, 0xB8, 0xF0,
    0xB8, 0xF0, 0xB8, 0xF0, 0xB9, 0xF0, 0xB9, 0xF0,
    0xB9, 0xF0, 0xBA, 0xF0, 0xBA, 0xF0, 0xBA, 0xF0,
    0xBA, 0xF0, 0xBB, 0xF0, 0xBB, 0xF0, 0xBB, 0xF0,
    0xBC, 0xF0, 0xBC, 0xF0, 0xBC, 0xF0, 0xBC, 0xF0,
    0xBC, 0xF0, 0xBC, 0xF0, 0xAC, 0xF0, 0xAC, 0xF0,
    0xAC, 0xF0, 0x9C, 0xF0, 0x9C, 0xF0, 0x9C, 0xF0,
    0x8C, 0xF0, 0x8C, 0xF0, 0x8C, 0xF0, 0x8C, 0xF0,
    0x7C, 0xF0, 0x7C, 0xF0, 0x7C, 0xF0, 0x6C, 0xF0,
    0x6C, 0xF0, 0x6C, 0xF0, 0x5C, 0xF0, 0x5C, 0xF0,
    0x5C, 0xF0, 0x5C, 0xF0, 0x4C, 0xF0, 0x4C, 0xF0,
    0x4C, 0xF0, 0x3C, 0xF0, 0x3C, 0xF0, 0x3C, 0xF0,
    0x2C, 0xF0, 0x2C, 0xF0, 0x2C, 0xF0, 0x1C, 0xF0,
    0x1C, 0xF0, 0x1C, 0xF0, 0x1C, 0xF0, 0x0C, 0xF0,
    0x0C, 0xF0, 0x0C, 0xF0, 0x0C, 0xF0, 0x0C, 0xF0,
    0x0C, 0xF0, 0x0C, 0xF0, 0x0C, 0xF0, 0x0C, 0xF0,
    0x0C, 0xF0, 0x0C, 0xF1, 0x0C, 0xF1, 0x0C, 0xF1,
    0x0C, 0xF2, 0x0C, 0xF2, 0x0C, 0xF2, 0x0C, 0xF3,
    0x0C, 0xF3, 0x0C, 0xF3, 0x0C, 0xF3, 0x0C, 0xF4,
    0x0C, 0xF4, 0x0C, 0xF4, 0x0C, 0xF5, 0x0C, 0xF5,
    0x0C, 0xF5, 0x0C, 0xF5, 0x0C, 0xF6, 0x0C, 0xF6,
    0x0C, 0xF6, 0x0C, 0xF7, 0x0C, 0xF7, 0x0C, 0xF7,
    0x0C, 0xF8, 0x0C, 0xF8, 0x0C, 0xF8, 0x0C, 0xF9,
    0x0C, 0xF9, 0x0C, 0xF9, 0x0C, 0xF9, 0x0C, 0xFA,
    0x0C, 0xFA, 0x0C, 0xFA, 0x0C, 0xFB, 0x0C, 0xFB,
    0x0C, 0xFB, 0x0C, 0xFC, 0x0C, 0xFC, 0x0C, 0xFC,
    0x0C, 0xFC, 0x0C, 0xFC, 0x0C, 0xFC, 0x0B, 0xFC,
    0x0B, 0xFC, 0x0B, 0xFC, 0x0A, 0xFC, 0x0A, 0xFC,
    0x0A, 0xFC, 0x0A, 0xFC, 0x09, 0xFC, 0x09, 0xFC,
    0x09, 0xFC, 0x08, 0xFC, 0x08, 0xFC, 0x08, 0xFC,
    0x07, 0xFC, 0x07, 0xFD, 0x07, 0xFC, 0x07, 0xFC,
    0x06, 0xFC, 0x06, 0xFC, 0x06, 0xFC, 0x05, 0xFC,
    0x05, 0xFC, 0x05, 0xFC, 0x04, 0xFC, 0x04, 0xFC,
    0x04, 0xFC, 0x03, 0xFC, 0x03, 0xFC, 0x03, 0xFC,
    0x03, 0xFC, 0x02, 0xFC, 0x02, 0xFC, 0x02, 0xFC,
    0x01, 0xFC, 0x01, 0xFC, 0x01, 0xFC, 0x01, 0xFC,
    0x00, 0xFC, 0x00, 0xFC, 0x00, 0xFC, 0x00, 0xFD,
    0x00, 0xFD, 0x00, 0xFC, 0x00, 0xFC, 0x00, 0xFC,
    0x00, 0xFC, 0x10, 0xFC, 0x10, 0xFC, 0x10, 0xFC,
    0x10, 0xFC, 0x20, 0xFC, 0x20, 0xFC, 0x20, 0xFC,
    0x30, 0xFC, 0x30, 0xFC, 0x30, 0xFC, 0x30, 0xFC,
    0x40, 0xFC, 0x40, 0xFC, 0x40, 0xFC, 0x50, 0xFC,
    0x50, 0xFC, 0x50, 0xFC, 0x60, 0xFC, 0x60, 0xFC,
    0x60, 0xFC, 0x70, 0xFC, 0x70, 0xFC, 0x70, 0xFC,
    0x70, 0xFC, 0x80, 0xFC, 0x80, 0xFC, 0x80, 0xFC,
    0x90, 0xFC, 0x90, 0xFC, 0x90, 0xFC, 0xA0, 0xFC,
    0xA0, 0xFC, 0xA0, 0xFC, 0xA0, 0xFC, 0xB0, 0xFC,
    0xB0, 0xFC, 0xB0, 0xFC, 0xB0, 0xFC, 0xB0, 0xFC,
    0xB0, 0xFB, 0xB0, 0xFB, 0xB0, 0xFB, 0xB0, 0xFB,
    0xB0, 0xFA, 0xB0, 0xFA, 0xB0, 0xFA, 0xB0, 0xF9,
    0xB0, 0xF9, 0xB0, 0xF9, 0xB0, 0xF8, 0xB0, 0xF8,
    0xB0, 0xF8, 0xB0, 0xF7, 0xB0, 0xF7, 0xB0, 0xF7,
    0xB0, 0xF7, 0xB0, 0xF6, 0xB0, 0xF6, 0xB0, 0xF6,
    0xB0, 0xF5, 0xB0, 0xF5, 0xB0, 0xF5, 0xB0, 0xF5,
    0xB0, 0xF4, 0xB0, 0xF4, 0xB0, 0xF4, 0xB0, 0xF3,
    0xB0, 0xF3, 0xB0, 0xF3, 0xB0, 0xF2, 0xB0, 0xF2,
    0xC0, 0xF2, 0xB0, 0xF2, 0xB0, 0xF1, 0xB0, 0xF1,
    0xB0, 0xF1, 0xB0, 0xF0, 0xB0, 0xF0, 0xB0, 0xF0,
    0xB0, 0xF0, 0xB0, 0xF0, 0xB0, 0xF0, 0xB1, 0xF0,
    0xB1, 0xF0, 0xB1, 0xF0, 0xB1, 0xF0, 0xB2, 0xF0,
    0xB2, 0xF0, 0xB2, 0xF0, 0xB3, 0xF0, 0xB3, 0xF0,
    0xB3, 0xF0, 0xB3, 0xF0, 0xB4, 0xF0, 0xB4, 0xF0,
    0xB4, 0xF0, 0xB5, 0xF0, 0xB5, 0xF0, 0xB5, 0xF0,
    0xB6, 0xF0, 0xB6, 0xF0, 0xB6, 0xF0, 0xB7, 0xF0,
    0xB7, 0xF0, 0xB7, 0xF0, 0xB7, 0xF0, 0xB8, 0xF0,
    0xB8, 0xF0, 0xB8, 0xF0, 0xB9, 0xF0, 0xB9, 0xF0,
    0xB9, 0xF0, 0xB9, 0xF0, 0xBA, 0xF0, 0xBA, 0xF0,
    0xBA, 0xF0, 0xBB, 0xF0, 0xBB, 0xF0, 0xBB, 0xF0,
    0xBC, 0xF0, 0xBC, 0xF0, 0xBC, 0xF0, 0xBC, 0xF0,
    0xBC, 0xF0, 0xAC, 0xF0, 0xAC, 0xF0, 0xAC, 0xF0,
    0xAC, 0xF0, 0x9C, 0xF0, 0x9C, 0xF0, 0x9C, 0xF0,
    0x8C, 0xF0, 0x8C, 0xF0, 0x8C, 0xF0, 0x7C, 0xF0,
    0x7C, 0xF0, 0x7C, 0xF0, 0x7C, 0xF0, 0x6C, 0xF0,
    0x6C, 0xF0, 0x6C, 0xF0, 0x5C, 0xF0, 0x5C, 0xF0,
    0x5C, 0xF0, 0x5C, 0xF0, 0x4C, 0xF0, 0x4C, 0xF0,
    0x4C, 0xF0, 0x3C, 0xF0, 0x3C, 0xF0, 0x3C, 0xF0,
    0x2C, 0xF0, 0x2C, 0xF0, 0x2C, 0xF0, 0x1C, 0xF0,
    0x1C, 0xF0, 0x1C, 0xF0, 0x1C, 0xF0, 0x0C, 0xF0,
    0x0C, 0xF0, 0x0C, 0xF0, 0x0C, 0xF0, 0x0C, 0xF0,
    0x0C, 0xF0, 0x0C, 0xF0, 0x0C, 0xF0, 0x0C, 0xF0,
    0x0C, 0xF0, 0x0C, 0xF1, 0x0C, 0xF1, 0x0C, 0xF1,
    0x0C, 0xF2, 0x0C, 0xF2, 0x0C, 0xF2, 0x0C, 0xF3,
    0x0C, 0xF3, 0x0C, 0xF3, 0x0C, 0xF3, 0x0C, 0xF4,
    0x0C, 0xF4, 0x0C, 0xF4, 0x0C, 0xF5, 0x0C, 0xF5,
    0x0C, 0xF5, 0x0C, 0xF6, 0x0C, 0xF6, 0x0C, 0xF6,
    0x0C, 0xF6, 0x0C, 0xF7, 0x0C, 0xF7, 0x0C, 0xF7,
    0x0C, 0xF8, 0x0C, 0xF8, 0x0C, 0xF8, 0x0C, 0xF8,
    0x0C, 0xF9, 0x0C, 0xF9, 0x0C, 0xF9, 0x0C, 0xFA,
    0x0C, 0xFA, 0x0C, 0xFA, 0x0C, 0xFB, 0x0C, 0xFB,
    0x0C, 0xFB, 0x0C, 0xFC, 0x0C, 0xFC, 0x0C, 0xFC,
    0x0C, 0xFC, 0x0C, 0xFC, 0x0C, 0xFC, 0x0B, 0xFC,
    0x0B, 0xFC, 0x0B, 0xFC, 0x0A, 0xFC, 0x0A, 0xFC,
    0x0A, 0xFC, 0x09, 0xFC, 0x09, 0xFC, 0x09, 0xFC,
    0x09, 0xFC, 0x08, 0xFC, 0x08, 0xFC, 0x08, 0xFC,
    0x07, 0xFC, 0x07, 0xFC, 0x07, 0xFC, 0x06, 0xFC,
    0x06, 0xFC, 0x06, 0xFC, 0x06, 0xFC, 0x05, 0xFC,
    0x05, 0xFC, 0x05, 0xFC, 0x04, 0xFC, 0x04, 0xFC,
    0x04, 0xFC, 0x03, 0xFC, 0x03, 0xFC, 0x03, 0xFC,
    0x03, 0xFC, 0x02, 0xFC, 0x02, 0xFC, 0x02, 0xFC,
    0x01, 0xFC, 0x01, 0xFC, 0x01, 0xFC, 0x00, 0xFC,
    0x00, 0xFC, 0x00, 0xFC, 0x00, 0xFC, 0x00, 0xFC,
    0x00, 0xFC, 0x00, 0xFC, 0x00, 0xFC, 0x00, 0xFC,
    0x00, 0xFC, 0x10, 0xFC, 0x10, 0xFC, 0x10, 0xFC,
    0x10, 0xFC, 0x20, 0xFC, 0x20, 0xFC, 0x20, 0xFC,
    0x30, 0xFC, 0x30, 0xFC, 0x30, 0xFC, 0x30, 0xFC,
    0x40, 0xFC, 0x40, 0xFC, 0x40, 0xFC, 0x50, 0xFC,
    0x50, 0xFC, 0x50, 0xFC, 0x50, 0xFC, 0x60, 0xFC,
    0x60, 0xFC, 0x60, 0xFC, 0x70, 0xFC, 0x70, 0xFC,
    0x70, 0xFC, 0x80, 0xFC, 0x80, 0xFC, 0x80, 0xFC,
    0x90, 0xFC, 0x90, 0xFC, 0x90, 0xFC, 0x90, 0xFC,
    0xA0, 0xFC, 0xA0, 0xFC, 0xA0, 0xFC, 0xB0, 0xFC,
    0xB0, 0xFC, 0xB0, 0xFC, 0xB0, 0xFC, 0xB0, 0xFC,
    0xB0, 0xFB, 0xB0, 0xFB, 0xB0, 0xFB, 0xB0, 0xFA,
    0xB0, 0xFA, 0xB0, 0xFA, 0xB0, 0xF9, 0xB0, 0xF9,
    0xB0, 0xF9, 0xB0, 0xF9, 0xB0, 0xF8, 0xB0, 0xF8,
    0xB0, 0xF8, 0xB0, 0xF7, 0xB0, 0xF7, 0xB0, 0xF7,
    0xB0, 0xF7, 0xB0, 0xF6, 0xB0, 0xF6, 0xB0, 0xF6,
    0xB0, 0xF5, 0xB0, 0xF5, 0xB0, 0xF5, 0xB0, 0xF5,
    0xB0, 0xF4, 0xB0, 0xF4, 0xB0, 0xF4, 0xB0, 0xF3,
    0xB0, 0xF3, 0xB0, 0xF3, 0xB0, 0xF2, 0xB0, 0xF2,
    0xB0, 0xF2, 0xB0, 0xF2, 0xB0, 0xF1, 0xB0, 0xF1,
    0xB0, 0xF1, 0xB0, 0xF0, 0xB0, 0xF0, 0xB0, 0xF0,
    0xB0, 0xF0, 0xB0, 0xF0, 0xB0, 0xF0, 0xB1, 0xF0,
    0xB1, 0xF0, 0xB1, 0xF0, 0xB1, 0xF0, 0xB2, 0xF0,
    0xB2, 0xF0, 0xB2, 0xF0, 0xB3, 0xF0, 0xB3, 0xF0,
    0xB3, 0xF0, 0xB3, 0xF0, 0xB4, 0xF0, 0xB4, 0xF0,
    0xB4, 0xF0, 0xB5, 0xF0, 0xB5, 0xF0, 0xB5, 0xF0,
    0xB6, 0xF0, 0xB6, 0xF0, 0xB6, 0xF0, 0xB6, 0xF0,
    0xB7, 0xF0, 0xB7, 0xF0, 0xB7, 0xF0, 0xB8, 0xF0,
    0xB8, 0xF0, 0xB8, 0xF0, 0xB9, 0xF0, 0xB9, 0xF0,
    0xB9, 0xF0, 0xB9, 0xF0, 0xBA, 0xF0, 0xBA, 0xF0,
    0xBA, 0xF0, 0xBB, 0xF0, 0xBB, 0xF0, 0xBB, 0xF0,
    0xBB, 0xF0, 0xBC, 0xF0, 0xBC, 0xF0, 0xBC, 0xF0,
    0xBC, 0xF0, 0xAC, 0xF0, 0xAC, 0xF0, 0xAC, 0xF0,
    0x9C, 0xF0, 0x9C, 0xF0, 0x9C, 0xF0, 0x9C, 0xF0,
    0x8C, 0xF0, 0x8C, 0xF0, 0x8C, 0xF0, 0x7C, 0xF0,
    0x7C, 0xF0, 0x7C, 0xF0, 0x7C, 0xF0, 0x6C, 0xF0,
    0x6C, 0xF0, 0x6C, 0xF0, 0x5C, 0xF0, 0x5C, 0xF0,
    0x5C, 0xF0, 0x5C, 0xF0, 0x4C, 0xF0, 0x4C, 0xF0,
    0x4C, 0xF0, 0x3C, 0xF0, 0x3C, 0xF0, 0x3C, 0xF0,
    0x2C, 0xF0, 0x2C, 0xF0, 0x2C, 0xF0, 0x1C, 0xF0,
    0x1C, 0xF0, 0x1C, 0xF0, 0x1C, 0xF0, 0x0C, 0xF0,
    0x0C, 0xF0, 0x0C, 0xF0, 0x0C, 0xF0, 0x0C, 0xF0,
    0x0C, 0xF0, 0x0C, 0xF0, 0x0C, 0xF0, 0x0C, 0xF0,
    0x0C, 0xF0, 0x0C, 0xF1, 0x0C, 0xF1, 0x0C, 0xF1,
    0x0C, 0xF2, 0x0C, 0xF2, 0x0C, 0xF2, 0x0C, 0xF3,
    0x0C, 0xF3, 0x0C, 0xF3, 0x0C, 0xF3, 0x0C, 0xF4,
    0x0C, 0xF4, 0x0C, 0xF4, 0x0C, 0xF4, 0x0C, 0xF5,
    0x0C, 0xF5, 0x0C, 0xF5, 0x0C, 0xF6, 0x0C, 0xF6,
    0x0C, 0xF6, 0x0C, 0xF7, 0x0C, 0xF7, 0x0C, 0xF7,
    0x0C, 0xF7, 0x0C, 0xF8, 0x0C, 0xF8, 0x0C, 0xF8,
    0x0C, 0xF9, 0x0C, 0xF9, 0x0C, 0xF9, 0x0C, 0xFA,
    0x0C, 0xFA, 0x0C, 0xFA, 0x0C, 0xFA, 0x0C, 0xFB,
    0x0C, 0xFB, 0x0C, 0xFB, 0x0C, 0xFC, 0x0C, 0xFC,
    0x0C, 0xFC, 0x0C, 0xFC, 0x0B, 0xFC, 0x0B, 0xFC,
    0x0B, 0xFC, 0x0B, 0xFC, 0x0A, 0xFC, 0x0A, 0xFC,
    0x0A, 0xFC, 0x09, 0xFC, 0x09, 0xFC, 0x09, 0xFC,
    0x08, 0xFC, 0x08, 0xFC, 0x08, 0xFC, 0x08, 0xFC,
    0x07, 0xFC, 0x07, 0xFC, 0x07, 0xFC, 0x06, 0xFC,
    0x06, 0xFC, 0x06, 0xFC, 0x06, 0xFC, 0x05, 0xFC,
    0x05, 0xFC, 0x05, 0xFC, 0x04, 0xFC, 0x04, 0xFC,
    0x04, 0xFC, 0x03, 0xFC, 0x03, 0xFC, 0x03, 0xFC,
    0x03, 0xFC, 0x02, 0xFC, 0x02, 0xFC, 0x02, 0xFC,
    0x01, 0xFC, 0x01, 0xFC, 0x01, 0xFC, 0x00, 0xFC,
    0x00, 0xFC, 0x00, 0xFC, 0x00, 0xFC, 0x00, 0xFC,
    0x00, 0xFC, 0x00, 0xFC, 0x00, 0xFC, 0x00, 0xFC,
    0x00, 0xFC, 0x10, 0xFC, 0x10, 0xFC, 0x10, 0xFC,
    0x10, 0xFC, 0x20, 0xFC, 0x20, 0xFC, 0x20, 0xFC,
    0x30, 0xFC, 0x30, 0xFC, 0x30, 0xFC, 0x30, 0xFC,
    0x40, 0xFC, 0x40, 0xFC, 0x40, 0xFC, 0x50, 0xFC,
    0x50, 0xFC, 0x50, 0xFC, 0x50, 0xFC, 0x60, 0xFC,
    0x60, 0xFC, 0x60, 0xFC, 0x70, 0xFC, 0x70, 0xFC,
    0x70, 0xFC, 0x80, 0xFC, 0x80, 0xFC, 0x80, 0xFC,
    0x80, 0xFC, 0x90, 0xFC, 0x90, 0xFC, 0x90, 0xFC,
    0xA0, 0xFC, 0xA0, 0xFC, 0xA0, 0xFC, 0xA0, 0xFC,
    0xB0, 0xFC, 0xB0, 0xFC, 0xB0, 0xFC, 0xB0, 0xFB,
    0xB0, 0xFB, 0xB0, 0xFB, 0xB0, 0xFB, 0xB0, 0xFA,
    0xB0, 0xFA, 0xB0, 0xFA, 0xB0, 0xF9, 0xB0, 0xF9,
    0xB0, 0xF9, 0xB0, 0xF9, 0xB0, 0xF8, 0xB0, 0xF8,
    0xB0, 0xF8, 0xB0, 0xF7, 0xB0, 0xF7, 0xB0, 0xF7,
    0xB0, 0xF6, 0xB0, 0xF6, 0xB0, 0xF6, 0xB0, 0xF6,
    0xB0, 0xF5, 0xB0, 0xF5, 0xB0, 0xF5, 0xB0, 0xF5,
    0xB0, 0xF4, 0xB0, 0xF4, 0xB0, 0xF4, 0xB0, 0xF3,
    0xB0, 0xF3, 0xB0, 0xF3, 0xB0, 0xF2, 0xB0, 0xF2,
    0xB0, 0xF2, 0xB0, 0xF1, 0xB0, 0xF1, 0xB0, 0xF1,
    0xB0, 0xF1, 0xB0, 0xF0, 0xB0, 0xF0, 0xB0, 0xF0,
    0xB0, 0xF0, 0xB0, 0xF0, 0xB0, 0xF0, 0xB1, 0xF0,
    0xB1, 0xF0, 0xB1, 0xF0, 0xB1, 0xF0, 0xB2, 0xF0,
    0xB2, 0xF0, 0xB2, 0xF0, 0xB3, 0xF0, 0xB3, 0xF0,
    0xB3, 0xF0, 0xB3, 0xF0, 0xB4, 0xF0, 0xB4, 0xF0,
    0xB4, 0xF0, 0xB5, 0xF0, 0xB5, 0xF0, 0xB5, 0xF0,
    0xB5, 0xF0, 0xB6, 0xF0, 0xB6, 0xF0, 0xB6, 0xF0,
    0xB7, 0xF0, 0xB7, 0xF0, 0xB7, 0xF0, 0xB7, 0xF0,
    0xB8, 0xF0, 0xB8, 0xF0, 0xB8, 0xF0, 0xB9, 0xF0,
    0xB9, 0xF0, 0xB9, 0xF0, 0xB9, 0xF0, 0xBA, 0xF0,
    0xBA, 0xF0, 0xBA, 0xF0, 0xBB, 0xF0, 0xBB, 0xF0,
    0xBB, 0xF0, 0xBC, 0xF0, 0xBC, 0xF0, 0xBC, 0xF0,
    0xAC, 0xF0, 0xAC, 0xF0, 0xAC, 0xF0, 0xAC, 0xF0,
    0x9C, 0xF0, 0x9C, 0xF0, 0x9C, 0xF0, 0x8C, 0xF0,
    0x8C, 0xF0, 0x8C, 0xF0, 0x8C, 0xF0, 0x7C, 0xF0,
    0x7C, 0xF0, 0x7C, 0xF0, 0x6C, 0xF0, 0x6C, 0xF0,
    0x6C, 0xF0, 0x5C, 0xF0, 0x5C, 0xF0, 0x5C, 0xF0,
    0x5C, 0xF0, 0x4C, 0xF0, 0x4C, 0xF0, 0x4C, 0xF0,
    0x3C, 0xF0, 0x3C, 0xF0, 0x3C, 0xF0, 0x3C, 0xF0,
    0x2C, 0xF0, 0x2C, 0xF0, 0x2C, 0xF0, 0x1C, 0xF0,
    0x1C, 0xF0, 0x1C, 0xF0, 0x1C, 0xF0, 0x0C, 0xF0,
    0x0C, 0xF0, 0x0C, 0xF0, 0x0C, 0xF0, 0x0C, 0xF0,
    0x0C, 0xF0, 0x0C, 0xF0, 0x0C, 0xF0, 0x0C, 0xF0,
    0x0C, 0xF0, 0x0C, 0xF1, 0x0C, 0xF1, 0x0C, 0xF1,
    0x0C, 0xF2, 0x0C, 0xF2, 0x0C, 0xF2, 0x0C, 0xF2,
    0x0C, 0xF3, 0x0C, 0xF3, 0x0C, 0xF3, 0x0C, 0xF4,
    0x0C, 0xF4, 0x0C, 0xF4, 0x0C, 0xF4, 0x0C, 0xF5,
    0x0C, 0xF5, 0x0C, 0xF5, 0x0C, 0xF6, 0x0C, 0xF6,
    0x0C, 0xF6, 0x0C, 0xF6, 0x0C, 0xF7, 0x0C, 0xF7,
    0x0C, 0xF7, 0x0C, 0xF8, 0x0C, 0xF8, 0x0C, 0xF8,
    0x0C, 0xF9, 0x0C, 0xF9, 0x0C, 0xF9, 0x0C, 0xFA,
    0x0C, 0xFA, 0x0C, 0xFA, 0x0C, 0xFA, 0x0C, 0xFB,
    0x0C, 0xFB, 0x0C, 0xFB, 0x0C, 0xFC, 0x0C, 0xFC,
    0x0C, 0xFC, 0x0C, 0xFC, 0x0B, 0xFC, 0x0B, 0xFC,
    0x0B, 0xFC, 0x0A, 0xFC, 0x0A, 0xFC, 0x0A, 0xFC,
    0x0A, 0xFC, 0x09, 0xFC, 0x09, 0xFC, 0x09, 0xFC,
    0x08, 0xFC, 0x08, 0xFC, 0x08, 0xFC, 0x07, 0xFC,
    0x07, 0xFC, 0x07, 0xFC, 0x07, 0xFC, 0x06, 0xFC,
    0x06, 0xFC, 0x06, 0xFC, 0x06, 0xFC, 0x05, 0xFC,
    0x05, 0xFC, 0x05, 0xFC, 0x04, 0xFC, 0x04, 0xFC,
    0x04, 0xFC, 0x03, 0xFC, 0x03, 0xFC, 0x03, 0xFC,
    0x03, 0xFC, 0x02, 0xFC, 0x02, 0xFC, 0x02, 0xFC,
    0x01, 0xFC, 0x01, 0xFC, 0x01, 0xFC, 0x00, 0xFC,
    0x00, 0xFC, 0x00, 0xFC, 0x00, 0xFC, 0x00, 0xFC,
    0x00, 0xFC, 0x00, 0xFC, 0x00, 0xFC, 0x00, 0xFC,
    0x00, 0xFC, 0x10, 0xFC, 0x10, 0xFC, 0x10, 0xFC,
    0x10, 0xFC, 0x20, 0xFC, 0x20, 0xFC, 0x20, 0xFC,
    0x30, 0xFC, 0x30, 0xFC, 0x30, 0xFC, 0x30, 0xFC,
    0x40, 0xFC, 0x40, 0xFC, 0x40, 0xFC, 0x50, 0xFC,
    0x50, 0xFC, 0x50, 0xFC, 0x50, 0xFC, 0x60, 0xFC,
    0x60, 0xFC, 0x60, 0xFC, 0x60, 0xFC, 0x70, 0xFC,
    0x70, 0xFC, 0x70, 0xFC, 0x80, 0xFC, 0x80, 0xFC,
    0x80, 0xFC, 0x90, 0xFC, 0x90, 0xFC, 0x90, 0xFC,
    0x90, 0xFC, 0xA0, 0xFC, 0xA0, 0xFC, 0xA0, 0xFC,
    0xB0, 0xFC, 0xB0, 0xFC, 0xB0, 0xFB, 0xB0, 0xFB,
    0xB0, 0xFB, 0xB0, 0xFB, 0xB0, 0xFA, 0xB0, 0xFA,
    0xB0, 0xFA, 0xB0, 0xFA, 0xB0, 0xF9, 0xB0, 0xF9,
    0xB0, 0xF9, 0xB0, 0xF9, 0xB0, 0xF8, 0xB0, 0xF8,
    0xB0, 0xF8, 0xB0, 0xF7, 0xB0, 0xF7, 0xB0, 0xF7,
    0xB0, 0xF6, 0xB0, 0xF6, 0xB0, 0xF6, 0xB0, 0xF5,
    0xB0, 0xF5, 0xB0, 0xF5, 0xB0, 0xF5, 0xB0, 0xF4,
    0xB0, 0xF4, 0xB0, 0xF4, 0xB0, 0xF3, 0xB0, 0xF3,
    0xB0, 0xF3, 0xB0, 0xF3, 0xB0, 0xF2, 0xB0, 0xF2,
    0xB0, 0xF2, 0xB0, 0xF1, 0xB0, 0xF1, 0xB0, 0xF1,
    0xB0, 0xF1, 0xB0, 0xF0, 0xB0, 0xF0, 0xB0, 0xF0,
    0xB0, 0xF0, 0xB0, 0xF0, 0xB0, 0xF0, 0xB0, 0xF0,
    0xB1, 0xF0, 0xB1, 0xF0, 0xB1, 0xF0, 0xB2, 0xF0,
    0xB2, 0xF0, 0xB2, 0xF0, 0xB2, 0xF0, 0xB3, 0xF0,
    0xB3, 0xF0, 0xB3, 0xF0, 0xB4, 0xF0, 0xB4, 0xF0,
    0xB4, 0xF0, 0xB5, 0xF0, 0xB5, 0xF0, 0xB5, 0xF0,
    0xB5, 0xF0, 0xB6, 0xF0, 0xB6, 0xF0, 0xB6, 0xF0,
    0xB6, 0xF0, 0xB7, 0xF0, 0xB7, 0xF0, 0xB7, 0xF0,
    0xB8, 0xF0, 0xB8, 0xF0, 0xB8, 0xF0, 0xB9, 0xF0,
    0xB9, 0xF0, 0xB9, 0xF0, 0xB9, 0xF0, 0xBA, 0xF0,
    0xBA, 0xF0, 0xBA, 0xF0, 0xBA, 0xF0, 0xBB, 0xF0,
    0xBB, 0xF0, 0xBB, 0xF0, 0xBC, 0xF0, 0xBC, 0xF0,
    0xAC, 0xF0, 0xAC, 0xF0, 0xAC, 0xF0, 0xAC, 0xF0,
    0x9C, 0xF0, 0x9C, 0xF0, 0x9C, 0xF0, 0x8C, 0xF0,
    0x8C, 0xF0, 0x8C, 0xF0, 0x7C, 0xF0, 0x7C, 0xF0,
    0x7C, 0xF0, 0x7C, 0xF0, 0x6C, 0xF0, 0x6C, 0xF0,
    0x6C, 0xF0, 0x5C, 0xF0, 0x5C, 0xF0, 0x5C, 0xF0,
    0x5C, 0xF0, 0x4C, 0xF0, 0x4C, 0xF0, 0x4C, 0xF0,
    0x3C, 0xF0, 0x3C, 0xF0, 0x3C, 0xF0, 0x2C, 0xF0,
    0x2C, 0xF0, 0x2C, 0xF0, 0x2C, 0xF0, 0x1C, 0xF0,
    0x1C, 0xF0, 0x1C, 0xF0, 0x1C, 0xF0, 0x0C, 0xF0,
    0x0C, 0xF0, 0x0C, 0xF0, 0x0C, 0xF0, 0x0C, 0xF0,
    0x0C, 0xF0, 0x0C, 0xF0, 0x0C, 0xF0, 0x0C, 0xF0,
    0x0C, 0xF0, 0x0C, 0xF1, 0x0C, 0xF1, 0x0C, 0xF1,
    0x0C, 0xF2, 0x0C, 0xF2, 0x0C, 0xF2, 0x0C, 0xF2,
    0x0C, 0xF3, 0x0C, 0xF3, 0x0C, 0xF3, 0x0C, 0xF3,
    0x0C, 0xF4, 0x0C, 0xF4, 0x0C, 0xF4, 0x0C, 0xF5,
    0x0C, 0xF5, 0x0C, 0xF5, 0x0C, 0xF6, 0x0C, 0xF6,
    0x0C, 0xF6, 0x0C, 0xF6, 0x0C, 0xF7, 0x0C, 0xF7,
    0x0C, 0xF7, 0x0C, 0xF8, 0x0C, 0xF8, 0x0C, 0xF8,
    0x0C, 0xF8, 0x0C, 0xF9, 0x0C, 0xF9, 0x0C, 0xF9,
    0x0C, 0xFA, 0x0C, 0xFA, 0x0C, 0xFA, 0x0C, 0xFA,
    0x0C, 0xFB, 0x0C, 0xFB, 0x0C, 0xFB, 0x0C, 0xFC,
    0x0C, 0xFC, 0x0B, 0xFC, 0x0B, 0xFC, 0x0B, 0xFC,
    0x0B, 0xFC, 0x0A, 0xFC, 0x0A, 0xFC, 0x0A, 0xFC,
    0x09, 0xFC, 0x09, 0xFC, 0x09, 0xFC, 0x08, 0xFC,
    0x08, 0xFC, 0x08, 0xFC, 0x08, 0xFC, 0x07, 0xFC,
    0x07, 0xFC, 0x07, 0xFC, 0x07, 0xFC, 0x06, 0xFC,
    0x06, 0xFC, 0x06, 0xFC, 0x05, 0xFC, 0x05, 0xFC,
    0x05, 0xFC, 0x05, 0xFC, 0x04, 0xFC, 0x04, 0xFC,
    0x04, 0xFC, 0x03, 0xFC, 0x03, 0xFC, 0x03, 0xFC,
    0x03, 0xFC, 0x02, 0xFC, 0x02, 0xFC, 0x02, 0xFC,
    0x01, 0xFC, 0x01, 0xFC, 0x01, 0xFC, 0x00, 0xFC,
    0x00, 0xFC, 0x00, 0xFC, 0x00, 0xFC, 0x00, 0xFC,
    0x00, 0xFC, 0x00, 0xFC, 0x00, 0xFC, 0x00, 0xFC,
    0x00, 0xFC, 0x00, 0xFC, 0x10, 0xFC, 0x10, 0xFC,
    0x10, 0xFC, 0x20, 0xFC, 0x20, 0xFC, 0x20, 0xFC,
    0x30, 0xFC, 0x30, 0xFC, 0x30, 0xFC, 0x30, 0xFC,
    0x40, 0xFC, 0x40, 0xFC, 0x40, 0xFC, 0x50, 0xFC,
    0x50, 0xFC, 0x50, 0xFC, 0x50, 0xFC, 0x60, 0xFC,
    0x60, 0xFC, 0x60, 0xFC, 0x60, 0xFC, 0x70, 0xFC,
    0x70, 0xFC, 0x70, 0xFC, 0x80, 0xFC, 0x80, 0xFC,
    0x80, 0xFC, 0x80, 0xFC, 0x90, 0xFC, 0x90, 0xFC,
    0x90, 0xFC, 0xA0, 0xFC, 0xA0, 0xFC, 0xA0, 0xFC,
    0xB0, 0xFC, 0xB0, 0xFC, 0xB0, 0xFB, 0xB0, 0xFB,
    0xB0, 0xFB, 0xB0, 0xFB, 0xB0, 0xFA, 0xB0, 0xFA,
    0xB0, 0xFA, 0xB0, 0xF9, 0xB0, 0xF9, 0xB0, 0xF9,
    0xB0, 0xF9, 0xB0, 0xF8, 0xB0, 0xF8, 0xB0, 0xF8,
    0xB0, 0xF7, 0xB0, 0xF7, 0xB0, 0xF7, 0xB0, 0xF7,
    0xB0, 0xF6, 0xB0, 0xF6, 0xB0, 0xF6, 0xB0, 0xF5,
    0xB0, 0xF5, 0xB0, 0xF5, 0xB0, 0xF5, 0xB0, 0xF4,
    0xB0, 0xF4, 0xB0, 0xF4, 0xB0, 0xF3, 0xB0, 0xF3,
    0xB0, 0xF3, 0xB0, 0xF3, 0xB0, 0xF2, 0xB0, 0xF2,
    0xB0, 0xF2, 0xB0, 0xF1, 0xB0, 0xF1, 0xB0, 0xF1,
    0xB0, 0xF1, 0xB0, 0xF0, 0xB0, 0xF0, 0xB0, 0xF0,
    0xB0, 0xF0, 0xB0, 0xF0, 0xB0, 0xF0, 0xB0, 0xF0,
    0xB1, 0xF0, 0xB1, 0xF0, 0xB1, 0xF0, 0xB2, 0xF0,
    0xB2, 0xF0, 0xB2, 0xF0, 0xB2, 0xF0, 0xB3, 0xF0,
    0xB3, 0xF0, 0xB3, 0xF0, 0xB4, 0xF0, 0xB4, 0xF0,
    0xB4, 0xF0, 0xB5, 0xF0, 0xB5, 0xF0, 0xB5, 0xF0,
    0xB5, 0xF0, 0xB6, 0xF0, 0xB6, 0xF0, 0xB6, 0xF0,
    0xB6, 0xF0, 0xB7, 0xF0, 0xB7, 0xF0, 0xB7, 0xF0,
    0xB8, 0xF0, 0xB8, 0xF0, 0xB8, 0xF0, 0xB8, 0xF0,
    0xB9, 0xF0, 0xB9, 0xF0, 0xB9, 0xF0, 0xBA, 0xF0,
    0xBA, 0xF0, 0xBA, 0xF0, 0xBA, 0xF0, 0xBB, 0xF0,
    0xBB, 0xF0, 0xBB, 0xF0, 0xBC, 0xF0, 0xAC, 0xF0,
    0xAC, 0xF0, 0xAC, 0xF0, 0xAC, 0xF0, 0x9C, 0xF0,
    0x9C, 0xF0, 0x9C, 0xF0, 0x8C, 0xF0, 0x8C, 0xF0,
    0x8C, 0xF0, 0x8C, 0xF0, 0x7C, 0xF0, 0x7C, 0xF0,
    0x7C, 0xF0, 0x6C, 0xF0, 0x6C, 0xF0, 0x6C, 0xF0,
    0x6C, 0xF0, 0x5C, 0xF0, 0x5C, 0xF0, 0x5C, 0xF0,
    0x5C, 0xF0, 0x4C, 0xF0, 0x4C, 0xF0, 0x4C, 0xF0,
    0x3C, 0xF0, 0x3C, 0xF0, 0x3C, 0xF0, 0x2C, 0xF0,
    0x2C, 0xF0, 0x2C, 0xF0, 0x2C, 0xF0, 0x1C, 0xF0,
    0x1C, 0xF0, 0x1C, 0xF0, 0x1C, 0xF0, 0x0C, 0xF0,
    0x0C, 0xF0, 0x0C, 0xF0, 0x0C, 0xF0, 0x0C, 0xF0,
    0x0C, 0xF0, 0x0C, 0xF0, 0x0C, 0xF0, 0x0C, 0xF0,
    0x0C, 0xF0, 0x0C, 0xF1, 0x0C, 0xF1, 0x0C, 0xF1,
    0x0C, 0xF1, 0x0C, 0xF2, 0x0C, 0xF2, 0x0C, 0xF2,
    0x0C, 0xF2, 0x0C, 0xF3, 0x0C, 0xF3, 0x0C, 0xF3,
    0x0C, 0xF4, 0x0C, 0xF4, 0x0C, 0xF4, 0x0C, 0xF5,
    0x0C, 0xF5, 0x0C, 0xF5, 0x0C, 0xF6, 0x0C, 0xF6,
    0x0C, 0xF6, 0x0C, 0xF6, 0x0C, 0xF6, 0x0C, 0xF7,
    0x0C, 0xF7, 0x0C, 0xF8, 0x0C, 0xF8, 0x0C, 0xF8,
    0x0C, 0xF8, 0x0C, 0xF9, 0x0C, 0xF9, 0x0C, 0xF9,
    0x0C, 0xFA, 0x0C, 0xFA, 0x0C, 0xFA, 0x0C, 0xFA,
    0x0C, 0xFB, 0x0C, 0xFB, 0x0C, 0xFB, 0x0C, 0xFC,
    0x0C, 0xFC, 0x0B, 0xFB, 0x0B, 0xFB, 0x0B, 0xFC,
    0x0A, 0xFC, 0x0A, 0xFC, 0x0A, 0xFC, 0x0A, 0xFC,
    0x09, 0xFC, 0x09, 0xFC, 0x09, 0xFC, 0x08, 0xFC,
    0x08, 0xFC, 0x08, 0xFC, 0x08, 0xFC, 0x07, 0xFC,
    0x07, 0xFC, 0x07, 0xFC, 0x06, 0xFC, 0x06, 0xFC,
    0x06, 0xFC, 0x06, 0xFC, 0x05, 0xFC, 0x05, 0xFC,
    0x05, 0xFC, 0x04, 0xFC, 0x04, 0xFC, 0x04, 0xFC,
    0x04, 0xFC, 0x03, 0xFC, 0x03, 0xFC, 0x03, 0xFC,
    0x03, 0xFC, 0x02, 0xFC, 0x02, 0xFC, 0x02, 0xFC,
    0x01, 0xFC, 0x01, 0xFC, 0x01, 0xFC, 0x00, 0xFC,
    0x00, 0xFC, 0x00, 0xFC, 0x00, 0xFC, 0x00, 0xFC,
    0x00, 0xFC, 0x00, 0xFC, 0x00, 0xFC, 0x00, 0xFC,
    0x00, 0xFC, 0x00, 0xFC, 0x10, 0xFC, 0x10, 0xFC,
    0x10, 0xFC, 0x20, 0xFC, 0x20, 0xFC, 0x20, 0xFC,
    0x30, 0xFC, 0x30, 0xFC, 0x30, 0xFC, 0x30, 0xFC,
    0x40, 0xFC, 0x40, 0xFC, 0x40, 0xFC, 0x40, 0xFC,
    0x50, 0xFC, 0x50, 0xFC, 0x50, 0xFC, 0x50, 0xFC,
    0x60, 0xFC, 0x60, 0xFC, 0x60, 0xFC, 0x70, 0xFC,
    0x70, 0xFC, 0x70, 0xFC, 0x80, 0xFC, 0x80, 0xFC,
    0x80, 0xFC, 0x80, 0xFC, 0x90, 0xFC, 0x90, 0xFC,
    0x90, 0xFC, 0xA0, 0xFC, 0xA0, 0xFC, 0xA0, 0xFC,
    0xA0, 0xFC, 0xB0, 0xFB, 0xB0, 0xFB, 0xB0, 0xFB,
    0xB0, 0xFB, 0xB0, 0xFB, 0xB0, 0xFA, 0xB0, 0xFA,
    0xB0, 0xFA, 0xB0, 0xF9, 0xB0, 0xF9, 0xB0, 0xF9,
    0xB0, 0xF9, 0xB0, 0xF8, 0xB0, 0xF8, 0xB0, 0xF8,
    0xB0, 0xF7, 0xB0, 0xF7, 0xB0, 0xF7, 0xB0, 0xF6,
    0xB0, 0xF6, 0xB0, 0xF6, 0xB0, 0xF6, 0xB0, 0xF5,
    0xB0, 0xF5, 0xB0, 0xF5, 0xB0, 0xF5, 0xB0, 0xF4,
    0xB0, 0xF4, 0xB0, 0xF4, 0xB0, 0xF3, 0xB0, 0xF3,
    0xB0, 0xF3, 0xB0, 0xF2, 0xB0, 0xF2, 0xB0, 0xF2,
    0xB0, 0xF2, 0xB0, 0xF1, 0xB0, 0xF1, 0xB0, 0xF1,
    0xB0, 0xF1, 0xB0, 0xF0, 0xB0, 0xF0, 0xB0, 0xF0,
    0xA0, 0xF0, 0xB0, 0xF0, 0xB0, 0xF0, 0xB0, 0xF0,
    0xB1, 0xF0, 0xB1, 0xF0, 0xB1, 0xF0, 0xB2, 0xF0,
    0xB2, 0xF0, 0xB2, 0xF0, 0xB2, 0xF0, 0xB3, 0xF0,
    0xB3, 0xF0, 0xB3, 0xF0, 0xB4, 0xF0, 0xB4, 0xF0,
    0xB4, 0xF0, 0xB4, 0xF0, 0xB5, 0xF0, 0xB5, 0xF0,
    0xB5, 0xF0, 0xB5, 0xF0, 0xB6, 0xF0, 0xB6, 0xF0,
    0xB6, 0xF0, 0xB7, 0xF0, 0xA7, 0xF0, 0xB7, 0xF0,
    0xA8, 0xF0, 0xA8, 0xF0, 0xB8, 0xF0, 0xB8, 0xF0,
    0xB9, 0xF0, 0xB9, 0xF0, 0xB9, 0xF0, 0xBA, 0xF0,
    0xBA, 0xF0, 0xBA, 0xF0, 0xBA, 0xF0, 0xBB, 0xF0,
    0xBB, 0xF0, 0xBB, 0xF0, 0xAB, 0xF0, 0xAC, 0xF0,
    0xAC, 0xF0, 0xAC, 0xF0, 0xAC, 0xF0, 0x9C, 0xF0,
    0x9C, 0xF0, 0x9C, 0xF0, 0x8C, 0xF0, 0x8C, 0xF0,
    0x8C, 0xF0, 0x8C, 0xF0, 0x7C, 0xF0, 0x7C, 0xF0,
    0x7C, 0xF0, 0x6C, 0xF0, 0x6C, 0xF0, 0x6B, 0xF0,
    0x6B, 0xF0, 0x5C, 0xF0, 0x5C, 0xF0, 0x5C, 0xF0,
    0x5C, 0xF0, 0x4C, 0xF0, 0x4C, 0xF0, 0x4C, 0xF0,
    0x3C, 0xF0, 0x3C, 0xF0, 0x3C, 0xF0, 0x2C, 0xF0,
    0x2C, 0xF0, 0x2C, 0xF0, 0x1C, 0xF0, 0x1C, 0xF0,
    0x1C, 0xF0, 0x1C, 0xF0, 0x1C, 0xF0, 0x0C, 0xF0,
    0x0C, 0xF0, 0x0C, 0xF0, 0x0C, 0xF0, 0x0C, 0xF0,
    0x0C, 0xF0, 0x0C, 0xF0, 0x0C, 0xF0, 0x0C, 0xF0,
    0x0C, 0xF0, 0x0C, 0xF1, 0x0B, 0xF1, 0x0C, 0xF1,
    0x0C, 0xF1, 0x0B, 0xF2, 0x0C, 0xF2, 0x0C, 0xF2,
    0x0C, 0xF2, 0x0C, 0xF3, 0x0C, 0xF3, 0x0C, 0xF3,
    0x0C, 0xF4, 0x0C, 0xF4, 0x0C, 0xF4, 0x0C, 0xF5,
    0x0C, 0xF5, 0x0C, 0xF5, 0x0C, 0xF5, 0x0C, 0xF6,
    0x0C, 0xF6, 0x0C, 0xF6, 0x0C, 0xF6, 0x0C, 0xF7,
    0x0C, 0xF7, 0x0C, 0xF7, 0x0C, 0xF8, 0x0C, 0xF8,
    0x0C, 0xF8, 0x0C, 0xF9, 0x0C, 0xF9, 0x0C, 0xF9,
    0x0C, 0xF9, 0x0C, 0xFA, 0x0C, 0xFA, 0x0C, 0xFA,
    0x0C, 0xFB, 0x0C, 0xFB, 0x0C, 0xFB, 0x0C, 0xFB,
    0x0B, 0xFB, 0x0B, 0xFB, 0x0B, 0xFB, 0x0B, 0xFC,
    0x0A, 0xFC, 0x0A, 0xFC, 0x0A, 0xFC, 0x09, 0xFC,
    0x09, 0xFC, 0x09, 0xFC, 0x09, 0xFC, 0x08, 0xFC,
    0x08, 0xFC, 0x08, 0xFC, 0x07, 0xFC, 0x07, 0xFC,
    0x07, 0xFC, 0x07, 0xFC, 0x06, 0xFC, 0x06, 0xFC,
    0x06, 0xFB, 0x06, 0xFB, 0x05, 0xFC, 0x05, 0xFC,
    0x05, 0xFC, 0x04, 0xFC, 0x04, 0xFC, 0x04, 0xFC,
    0x04, 0xFC, 0x03, 0xFC, 0x03, 0xFC, 0x03, 0xFC,
    0x02, 0xFC, 0x02, 0xFC, 0x02, 0xFB, 0x02, 0xFC,
    0x01, 0xFC, 0x01, 0xFC, 0x01, 0xFC, 0x00, 0xFC,
    0x00, 0xFB, 0x00, 0xFC, 0x00, 0xFC, 0x00, 0xFC,
    0x00, 0xFC, 0x00, 0xFC, 0x00, 0xFC, 0x00, 0xFC,
    0x00, 0xFB, 0x00, 0xFC, 0x10, 0xFC, 0x10, 0xFC,
    0x10, 0xFC, 0x20, 0xFC, 0x20, 0xFC, 0x20, 0xFC,
    0x20, 0xFC, 0x30, 0xFC, 0x30, 0xFC, 0x30, 0xFC,
    0x40, 0xFC, 0x40, 0xFC, 0x40, 0xFC, 0x40, 0xFC,
    0x50, 0xFB, 0x50, 0xFC, 0x50, 0xFC, 0x50, 0xFC,
    0x60, 0xFC, 0x60, 0xFC, 0x60, 0xFC, 0x70, 0xFC,
    0x70, 0xFC, 0x70, 0xFC, 0x70, 0xFC, 0x80, 0xFC,
    0x80, 0xFC, 0x80, 0xFB, 0x80, 0xFC, 0x90, 0xFC,
    0x90, 0xFC, 0xA0, 0xFC, 0xA0, 0xFC, 0xA0, 0xFC,
    0xA0, 0xFC, 0xB0, 0xFB, 0xB0, 0xFB, 0xB0, 0xFB,
    0xB0, 0xFB, 0xB0, 0xFA, 0xB0, 0xFA, 0xB0, 0xFA,
    0xB0, 0xFA, 0xB0, 0xF9, 0xB0, 0xF9, 0xB0, 0xF9,
    0xB0, 0xF8, 0xB0, 0xF8, 0xB0, 0xF8, 0xB0, 0xF8,
    0xB0, 0xF7, 0xB0, 0xF7, 0xB0, 0xF7, 0xB0, 0xF6,
    0xA0, 0xF6, 0xB0, 0xF6, 0xB0, 0xF6, 0xB0, 0xF5,
    0xB0, 0xF5, 0xB0, 0xF5, 0xB0, 0xF5, 0xA0, 0xF4,
    0xB0, 0xF4, 0xB0, 0xF4, 0xB0, 0xF3, 0xB0, 0xF3,
    0xB0, 0xF3, 0xB0, 0xF2, 0xB0, 0xF2, 0xB0, 0xF2,
    0xB0, 0xF2, 0xB0, 0xF1, 0xB0, 0xF1, 0xB0, 0xF1,
    0xB0, 0xF1, 0xB0, 0xF0, 0xB0, 0xF0, 0xB0, 0xF0,
    0xA0, 0xF0, 0xA0, 0xF0, 0xA0, 0xF0, 0xA0, 0xF0,
    0xA1, 0xF0, 0xA1, 0xF0, 0xA1, 0xF0, 0xA2, 0xF0,
    0xA2, 0xF0, 0xA2, 0xF0, 0xA2, 0xF0, 0xA3, 0xF0,
    0xA3, 0xF0, 0xA3, 0xF0, 0xA3, 0xF0, 0xA4, 0xF0,
    0xA4, 0xF0, 0xA4, 0xF0, 0xA5, 0xF0, 0xA5, 0xF0,
    0xA5, 0xF0, 0xA5, 0xF0, 0xA6, 0xF0, 0xA6, 0xF0,
    0xA6, 0xF0, 0xA7, 0xF0, 0xA7, 0xF0, 0xA7, 0xF0,
    0xA7, 0xF0, 0xA8, 0xF0, 0xA8, 0xF0, 0xA8, 0xF0,
    0xA9, 0xF0, 0xA9, 0xF0, 0xA9, 0xF0, 0xA9, 0xF0,
    0xAA, 0xF0, 0xAA, 0xF0, 0xAA, 0xF0, 0xAA, 0xF0,
    0xAB, 0xF0, 0xAB, 0xF0, 0xAB, 0xF0, 0xAB, 0xF0,
    0xAB, 0xF0, 0xAB, 0xF0, 0x9B, 0xF0, 0x9B, 0xF0,
    0x9B, 0xF0, 0x8B, 0xF0, 0x8B, 0xF0, 0x8B, 0xF0,
    0x8B, 0xF0, 0x7B, 0xF0, 0x7B, 0xF0, 0x7B, 0xF0,
    0x7B, 0xF0, 0x6B, 0xF0, 0x6B, 0xF0, 0x6B, 0xF0,
    0x5B, 0xF0, 0x5B, 0xF0, 0x5B, 0xF0, 0x5B, 0xF0,
    0x4B, 0xF0, 0x4B, 0xF0, 0x4B, 0xF0, 0x3B, 0xF0,
    0x3B, 0xF0, 0x3B, 0xF0, 0x3B, 0xF0, 0x2B, 0xF0,
    0x2B, 0xF0, 0x2B, 0xF0, 0x2B, 0xF0, 0x1B, 0xF0,
    0x1B, 0xF0, 0x1B, 0xF0, 0x0B, 0xF0, 0x0B, 0xF0,
    0x0B, 0xF0, 0x0B, 0xF0, 0x0B, 0xF0, 0x0B, 0xF0,
    0x0B, 0xF0, 0x0B, 0xF0, 0x0B, 0xF0, 0x0B, 0xF0,
    0x0B, 0xF0, 0x0B, 0xF1, 0x0B, 0xF1, 0x0B, 0xF1,
    0x0B, 0xF1, 0x0B, 0xF2, 0x0B, 0xF2, 0x0B, 0xF2,
    0x0B, 0xF3, 0x0B, 0xF3, 0x0B, 0xF3, 0x0B, 0xF3,
    0x0B, 0xF4, 0x0B, 0xF4, 0x0B, 0xF4, 0x0B, 0xF5,
    0x0B, 0xF5, 0x0B, 0xF5, 0x0B, 0xF5, 0x0B, 0xF6,
    0x0B, 0xF6, 0x0B, 0xF6, 0x0B, 0xF7, 0x0B, 0xF7,
    0x0B, 0xF7, 0x0B, 0xF7, 0x0B, 0xF8, 0x0B, 0xF8,
    0x0B, 0xF8, 0x0B, 0xF8, 0x0B, 0xF9, 0x0B, 0xF9,
    0x0B, 0xF9, 0x0B, 0xF9, 0x0B, 0xFA, 0x0B, 0xFA,
    0x0B, 0xFA, 0x0B, 0xFB, 0x0B, 0xFB, 0x0B, 0xFB,
    0x0B, 0xFB, 0x0B, 0xFB, 0x0B, 0xFB, 0x0A, 0xFB,
    0x0A, 0xFB, 0x0A, 0xFB, 0x0A, 0xFB, 0x09, 0xFB,
    0x09, 0xFB, 0x09, 0xFB, 0x08, 0xFB, 0x08, 0xFB,
    0x08, 0xFB, 0x08, 0xFB, 0x07, 0xFB, 0x07, 0xFB,
    0x07, 0xFB, 0x06, 0xFB, 0x06, 0xFB, 0x06, 0xFB,
    0x06, 0xFB, 0x05, 0xFB, 0x05, 0xFB, 0x05, 0xFB,
    0x05, 0xFB, 0x04, 0xFB, 0x04, 0xFB, 0x04, 0xFB,
    0x04, 0xFB, 0x03, 0xFB, 0x03, 0xFB, 0x03, 0xFB,
    0x02, 0xFB, 0x02, 0xFB, 0x02, 0xFB, 0x02, 0xFB,
    0x01, 0xFB, 0x01, 0xFB, 0x01, 0xFB, 0x00, 0xFB,
    0x00, 0xFB, 0x00, 0xFB, 0x00, 0xFB, 0x00, 0xFB,
    0x00, 0xFC, 0x00, 0xFB, 0x00, 0xFB, 0x00, 0xFB,
    0x00, 0xFB, 0x00, 0xFB, 0x10, 0xFB, 0x10, 0xFB,
    0x10, 0xFB, 0x10, 0xFB, 0x20, 0xFB, 0x20, 0xFB,
    0x20, 0xFB, 0x30, 0xFB, 0x30, 0xFB, 0x30, 0xFB,
    0x30, 0xFB, 0x40, 0xFB, 0x40, 0xFB, 0x40, 0xFB,
    0x50, 0xFB, 0x50, 0xFB, 0x50, 0xFB, 0x50, 0xFB,
    0x60, 0xFB, 0x60, 0xFB, 0x60, 0xFB, 0x60, 0xFB,
    0x70, 0xFB, 0x70, 0xFB, 0x70, 0xFB, 0x70, 0xFB,
    0x80, 0xFB, 0x80, 0xFB, 0x80, 0xFB, 0x90, 0xFB,
    0x90, 0xFB, 0x90, 0xFB, 0xA0, 0xFB, 0xA0, 0xFB,
    0xA0, 0xFB, 0xA0, 0xFB, 0xA0, 0xFB, 0xA0, 0xFB,
    0xA0, 0xFB, 0xA0, 0xFA, 0xA0, 0xFA, 0xA0, 0xFA,
    0xA0, 0xF9, 0xA0, 0xF9, 0xA0, 0xF9, 0xA0, 0xF9,
    0xA0, 0xF8, 0xA0, 0xF8, 0xA0, 0xF8, 0xA0, 0xF7,
    0xA0, 0xF7, 0xA0, 0xF7, 0xA0, 0xF7, 0xA0, 0xF6,
    0xA0, 0xF6, 0xA0, 0xF6, 0xA0, 0xF6, 0xA0, 0xF5,
    0xA0, 0xF5, 0xA0, 0xF5, 0xA0, 0xF4, 0xA0, 0xF4,
    0xA0, 0xF4, 0xA0, 0xF4, 0xA0, 0xF3, 0xA0, 0xF3,
    0xA0, 0xF3, 0xA0, 0xF2, 0xA0, 0xF2, 0xA0, 0xF2,
    0xA0, 0xF2, 0xA0, 0xF1, 0xA0, 0xF1, 0xA0, 0xF1,
    0xA0, 0xF1, 0xA0, 0xF0, 0xA0, 0xF0, 0xA0, 0xF0,
    0xA0, 0xF0, 0xA0, 0xF0, 0xA0, 0xF0, 0xA0, 0xF0,
    0xA1, 0xF0, 0xA1, 0xF0, 0xA1, 0xF0, 0xA2, 0xF0,
    0xA2, 0xF0, 0xA2, 0xF0, 0xA2, 0xF0, 0xA3, 0xF0,
    0xA3, 0xF0, 0xA3, 0xF0, 0xA3, 0xF0, 0xA4, 0xF0,
    0xA4, 0xF0, 0xA4, 0xF0, 0xA4, 0xF0, 0xA5, 0xF0,
    0xA5, 0xF0, 0xA5, 0xF0, 0xA6, 0xF0, 0xA6, 0xF0,
    0xA6, 0xF0, 0xA7, 0xF0, 0xA7, 0xF0, 0xA7, 0xF0,
    0xA7, 0xF0, 0xA8, 0xF0, 0xA8, 0xF0, 0xA8, 0xF0,
    0xA9, 0xF0, 0xA9, 0xF0, 0xA9, 0xF0, 0xA9, 0xF0,
    0xAA, 0xF0, 0xAA, 0xF0, 0xAA, 0xF0, 0xAA, 0xF0,
    0xAB, 0xF0, 0xAB, 0xF0, 0xAB, 0xF0, 0xAB, 0xF0,
    0xAB, 0xF0, 0x9B, 0xF0, 0x9B, 0xF0, 0x9B, 0xF0,
    0x9B, 0xF0, 0x8B, 0xF0, 0x8B, 0xF0, 0x8B, 0xF0,
    0x8B, 0xF0, 0x7B, 0xF0, 0x7B, 0xF0, 0x7B, 0xF0,
    0x7B, 0xF0, 0x6B, 0xF0, 0x6B, 0xF0, 0x6B, 0xF0,
    0x5B, 0xF0, 0x5B, 0xF0, 0x5B, 0xF0, 0x5B, 0xF0,
    0x4B, 0xF0, 0x4B, 0xF0, 0x4B, 0xF0, 0x3B, 0xF0,
    0x3B, 0xF0, 0x3B, 0xF0, 0x3B, 0xF0, 0x2B, 0xF0,
    0x2B, 0xF0, 0x2B, 0xF0, 0x2B, 0xF0, 0x1B, 0xF0,
    0x1B, 0xF0, 0x1B, 0xF0, 0x0B, 0xF0, 0x0B, 0xF0,
    0x0B, 0xF0, 0x0B, 0xF0, 0x0B, 0xF0, 0x0B, 0xF0,
    0x0B, 0xF0, 0x0B, 0xF0, 0x0B, 0xF0, 0x0B, 0xF0,
    0x0B, 0xF0, 0x0B, 0xF1, 0x0B, 0xF1, 0x0B, 0xF1,
    0x0B, 0xF2, 0x0B, 0xF2, 0x0B, 0xF2, 0x0B, 0xF2,
    0x0B, 0xF3, 0x0B, 0xF3, 0x0B, 0xF3, 0x0B, 0xF3,
    0x0B, 0xF4, 0x0B, 0xF4, 0x0B, 0xF4, 0x0B, 0xF4,
    0x0B, 0xF5, 0x0B, 0xF5, 0x0B, 0xF5, 0x0B, 0xF6,
    0x0B, 0xF6, 0x0B, 0xF6, 0x0B, 0xF7, 0x0B, 0xF7,
    0x0B, 0xF7, 0x0B, 0xF7, 0x0B, 0xF7, 0x0B, 0xF8,
    0x0B, 0xF8, 0x0B, 0xF8, 0x0B, 0xF8, 0x0B, 0xF9,
    0x0B, 0xF9, 0x0B, 0xF9, 0x0B, 0xFA, 0x0B, 0xFA,
    0x0B, 0xFA, 0x0B, 0xFA, 0x0B, 0xFB, 0x0B, 0xFB,
    0x0B, 0xFB, 0x0B, 0xFB, 0x0B, 0xFB, 0x0A, 0xFB,
    0x0A, 0xFB, 0x0A, 0xFB, 0x09, 0xFB, 0x09, 0xFB,
    0x09, 0xFB, 0x09, 0xFB, 0x08, 0xFB, 0x08, 0xFB,
    0x08, 0xFB, 0x08, 0xFB, 0x07, 0xFB, 0x07, 0xFB,
    0x07, 0xFB, 0x06, 0xFB, 0x06, 0xFB, 0x06, 0xFB,
    0x06, 0xFB, 0x05, 0xFB, 0x05, 0xFB, 0x05, 0xFB,
    0x05, 0xFB, 0x04, 0xFB, 0x04, 0xFB, 0x04, 0xFB,
    0x03, 0xFB, 0x03, 0xFB, 0x03, 0xFB, 0x03, 0xFB,
    0x02, 0xFB, 0x02, 0xFB, 0x02, 0xFB, 0x01, 0xFB,
    0x01, 0xFB, 0x01, 0xFB, 0x01, 0xFB, 0x00, 0xFB,
    0x00, 0xFB, 0x00, 0xFB, 0x00, 0xFB, 0x00, 0xFB,
    0x00, 0xFB, 0x00, 0xFB, 0x00, 0xFB, 0x00, 0xFB,
    0x00, 0xFB, 0x00, 0xFB, 0x10, 0xFB, 0x10, 0xFB,
    0x10, 0xFB, 0x10, 0xFB, 0x20, 0xFB, 0x20, 0xFB,
    0x20, 0xFB, 0x30, 0xFB, 0x30, 0xFB, 0x30, 0xFB,
    0x30, 0xFB, 0x40, 0xFB, 0x40, 0xFB, 0x40, 0xFB,
    0x50, 0xFB, 0x50, 0xFB, 0x50, 0xFB, 0x50, 0xFB,
    0x60, 0xFB, 0x60, 0xFB, 0x60, 0xFB, 0x60, 0xFB,
    0x70, 0xFB, 0x70, 0xFB, 0x70, 0xFB, 0x70, 0xFB,
    0x80, 0xFB, 0x80, 0xFB, 0x80, 0xFB, 0x90, 0xFB,
    0x90, 0xFB, 0x90, 0xFB, 0x90, 0xFB, 0xA0, 0xFB,
    0xA0, 0xFB, 0xA0, 0xFB, 0xA0, 0xFB, 0xA0, 0xFB,
    0xA0, 0xFA, 0xA0, 0xFA, 0xA0, 0xFA, 0xA0, 0xFA,
    0xA0, 0xF9, 0xA0, 0xF9, 0xA0, 0xF9, 0xA0, 0xF8,
    0xA0, 0xF8, 0xA0, 0xF8, 0xA0, 0xF8, 0xA0, 0xF7,
    0xA0, 0xF7, 0xA0, 0xF7, 0xA0, 0xF7, 0xA0, 0xF6,
    0xA0, 0xF6, 0xA0, 0xF6, 0xA0, 0xF6, 0xA0, 0xF5,
    0xA0, 0xF5, 0xA0, 0xF4, 0xA0, 0xF4, 0xA0, 0xF4,
    0xA0, 0xF4, 0xA0, 0xF4, 0xA0, 0xF3, 0xA0, 0xF3,
    0xA0, 0xF3, 0xA0, 0xF2, 0xA0, 0xF2, 0xA0, 0xF2,
    0xA0, 0xF2, 0xA0, 0xF1, 0xA0, 0xF1, 0xA0, 0xF1,
    0xA0, 0xF1, 0xA0, 0xF0, 0xA0, 0xF0, 0xA0, 0xF0,
    0xA0, 0xF0, 0xA0, 0xF0, 0xA0, 0xF0, 0xA0, 0xF0,
    0xA1, 0xF0, 0xA1, 0xF0, 0xA1, 0xF0, 0xA1, 0xF0,
    0xA2, 0xF0, 0xA2, 0xF0, 0xA2, 0xF0, 0xA3, 0xF0,
    0xA3, 0xF0, 0xA3, 0xF0, 0xA3, 0xF0, 0xA4, 0xF0,
    0xA4, 0xF0, 0xA4, 0xF0, 0xA4, 0xF0, 0xA5, 0xF0,
    0xA5, 0xF0, 0xA5, 0xF0, 0xA6, 0xF0, 0xA6, 0xF0,
    0xA6, 0xF0, 0xA6, 0xF0, 0xA7, 0xF0, 0xA7, 0xF0,
    0xA7, 0xF0, 0xA8, 0xF0, 0xA8, 0xF0, 0xA8, 0xF0,
    0xA8, 0xF0, 0xA9, 0xF0, 0xA9, 0xF0, 0xA9, 0xF0,
    0xA9, 0xF0, 0xAA, 0xF0, 0xAA, 0xF0, 0xAA, 0xF0,
    0xAB, 0xF0, 0xAB, 0xF0, 0xAB, 0xF0, 0xAB, 0xF0,
    0xAB, 0xF0, 0x9B, 0xF0, 0x9B, 0xF0, 0x9B, 0xF0,
    0x9B, 0xF0, 0x8B, 0xF0, 0x8B, 0xF0, 0x8B, 0xF0,
    0x7B, 0xF0, 0x7B, 0xF0, 0x7B, 0xF0, 0x7B, 0xF0,
    0x6B, 0xF0, 0x6B, 0xF0, 0x6B, 0xF0, 0x6B, 0xF0,
    0x5B, 0xF0, 0x5B, 0xF0, 0x5B, 0xF0, 0x5B, 0xF0,
    0x4B, 0xF0, 0x4B, 0xF0, 0x4B, 0xF0, 0x3B, 0xF0,
    0x3B, 0xF0, 0x3B, 0xF0, 0x3B, 0xF0, 0x2B, 0xF0,
    0x2B, 0xF0, 0x2B, 0xF0, 0x2B, 0xF0, 0x1B, 0xF0,
    0x1B, 0xF0, 0x1B, 0xF0, 0x0B, 0xF0, 0x0B, 0xF0,
    0x0B, 0xF0, 0x0B, 0xF0, 0x0B, 0xF0, 0x0B, 0xF0,
    0x0B, 0xF0, 0x0B, 0xF0, 0x0B, 0xF0, 0x0B, 0xF0,
    0x0B, 0xF0, 0x0B, 0xF1, 0x0B, 0xF1, 0x0B, 0xF1,
    0x0B, 0xF1, 0x0B, 0xF2, 0x0B, 0xF2, 0x0B, 0xF2,
    0x0B, 0xF3, 0x0B, 0xF3, 0x0B, 0xF3, 0x0B, 0xF3,
    0x0B, 0xF4, 0x0B, 0xF4, 0x0B, 0xF4, 0x0B, 0xF4,
    0x0B, 0xF5, 0x0B, 0xF5, 0x0B, 0xF5, 0x0B, 0xF5,
    0x0B, 0xF6, 0x0B, 0xF6, 0x0B, 0xF6, 0x0B, 0xF7,
    0x0B, 0xF7, 0x0B, 0xF7, 0x0B, 0xF7, 0x0B, 0xF8,
    0x0B, 0xF8, 0x0B, 0xF8, 0x0B, 0xF8, 0x0B, 0xF9,
    0x0B, 0xF9, 0x0B, 0xF9, 0x0B, 0xFA, 0x0B, 0xFA,
    0x0B, 0xFA, 0x0B, 0xFA, 0x0B, 0xFB, 0x0B, 0xFB,
    0x0B, 0xFB, 0x0B, 0xFB, 0x0A, 0xFB, 0x0A, 0xFB,
    0x0A, 0xFB, 0x0A, 0xFB, 0x09, 0xFB, 0x09, 0xFB,
    0x09, 0xFB, 0x09, 0xFB, 0x08, 0xFB, 0x08, 0xFB,
    0x08, 0xFB, 0x07, 0xFB, 0x07, 0xFB, 0x07, 0xFB,
    0x07, 0xFB, 0x06, 0xFB, 0x06, 0xFB, 0x06, 0xFB,
    0x06, 0xFB, 0x05, 0xFB, 0x05, 0xFB, 0x05, 0xFB,
    0x04, 0xFB, 0x04, 0xFB, 0x04, 0xFB, 0x04, 0xFB,
    0x03, 0xFB, 0x03, 0xFB, 0x03, 0xFB, 0x03, 0xFB,
    0x02, 0xFB, 0x02, 0xFB, 0x02, 0xFB, 0x01, 0xFB,
    0x01, 0xFB, 0x01, 0xFB, 0x01, 0xFB, 0x00, 0xFB,
    0x00, 0xFB, 0x00, 0xFB, 0x00, 0xFB, 0x00, 0xFB,
    0x00, 0xFB, 0x00, 0xFB, 0x00, 0xFB, 0x00, 0xFB,
    0x00, 0xFB, 0x00, 0xFB, 0x10, 0xFB, 0x10, 0xFB,
    0x10, 0xFB, 0x10, 0xFB, 0x20, 0xFB, 0x20, 0xFB,
    0x20, 0xFB, 0x20, 0xFB, 0x30, 0xFB, 0x30, 0xFB,
    0x30, 0xFB, 0x40, 0xFB, 0x40, 0xFB, 0x40, 0xFB,
    0x50, 0xFB, 0x50, 0xFB, 0x50, 0xFB, 0x50, 0xFB,
    0x60, 0xFB, 0x60, 0xFB, 0x60, 0xFB, 0x60, 0xFB,
    0x60, 0xFB, 0x70, 0xFB, 0x70, 0xFB, 0x70, 0xFB,
    0x80, 0xFB, 0x80, 0xFB, 0x80, 0xFB, 0x90, 0xFB,
    0x90, 0xFB, 0x90, 0xFB, 0x90, 0xFB, 0xA0, 0xFB,
    0xA0, 0xFB, 0xA0, 0xFB, 0xA0, 0xFB, 0xA0, 0xFA,
    0xA0, 0xFA, 0xA0, 0xFA, 0xA0, 0xFA, 0xA0, 0xF9,
    0xA0, 0xF9, 0xA0, 0xF9, 0xA0, 0xF9, 0xA0, 0xF8,
    0xA0, 0xF8, 0xA0, 0xF8, 0xA0, 0xF7, 0xA0, 0xF7,
    0xA0, 0xF7, 0xA0, 0xF7, 0xA0, 0xF6, 0xA0, 0xF6,
    0xA0, 0xF6, 0xA0, 0xF6, 0xA0, 0xF5, 0xA0, 0xF5,
    0xA0, 0xF5, 0xA0, 0xF4, 0xA0, 0xF4, 0xA0, 0xF4,
    0xA0, 0xF4, 0xA0, 0xF3, 0xA0, 0xF3, 0xA0, 0xF3,
    0xA0, 0xF3, 0xA0, 0xF2, 0xA0, 0xF2, 0xA0, 0xF2,
    0xA0, 0xF2, 0xA0, 0xF1, 0xA0, 0xF1, 0xA0, 0xF1,
    0xA0, 0xF1, 0xA0, 0xF0, 0xA0, 0xF0, 0xA0, 0xF0,
    0xA0, 0xF0, 0xA0, 0xF0, 0xA0, 0xF0, 0xA0, 0xF0,
    0xA1, 0xF0, 0xA1, 0xF0, 0xA1, 0xF0, 0xA1, 0xF0,
    0xA2, 0xF0, 0xA2, 0xF0, 0xA2, 0xF0, 0xA2, 0xF0,
    0xA3, 0xF0, 0xA3, 0xF0, 0xA3, 0xF0, 0xA4, 0xF0,
    0xA4, 0xF0, 0xA4, 0xF0, 0xA4, 0xF0, 0xA5, 0xF0,
    0xA5, 0xF0, 0xA5, 0xF0, 0xA5, 0xF0, 0xA6, 0xF0,
    0xA6, 0xF0, 0xA6, 0xF0, 0xA7, 0xF0, 0xA7, 0xF0,
    0xA7, 0xF0, 0xA7, 0xF0, 0xA8, 0xF0, 0xA8, 0xF0,
    0xA8, 0xF0, 0xA8, 0xF0, 0xA9, 0xF0, 0xA9, 0xF0,
    0xA9, 0xF0, 0xAA, 0xF0, 0xAA, 0xF0, 0xAA, 0xF0,
    0xAA, 0xF0, 0xAB, 0xF0, 0xAB, 0xF0, 0xAB, 0xF0,
    0xAB, 0xF0, 0x9B, 0xF0, 0x9B, 0xF0, 0x9B, 0xF0,
    0x8B, 0xF0, 0x8B, 0xF0, 0x8B, 0xF0, 0x8B, 0xF0,
    0x7B, 0xF0, 0x7B, 0xF0, 0x7B, 0xF0, 0x7B, 0xF0,
    0x6B, 0xF0, 0x6B, 0xF0, 0x6B, 0xF0, 0x6B, 0xF0,
    0x5B, 0xF0, 0x5B, 0xF0, 0x5B, 0xF0, 0x4B, 0xF0,
    0x4B, 0xF0, 0x4B, 0xF0, 0x4B, 0xF0, 0x3B, 0xF0,
    0x3B, 0xF0, 0x3B, 0xF0, 0x3B, 0xF0, 0x2B, 0xF0,
    0x2B, 0xF0, 0x2B, 0xF0, 0x1B, 0xF0, 0x1B, 0xF0,
    0x1B, 0xF0, 0x1B, 0xF0, 0x0B, 0xF0, 0x0B, 0xF0,
    0x0B, 0xF0, 0x0B, 0xF0, 0x0B, 0xF0, 0x0B, 0xF0,
    0x0B, 0xF0, 0x0B, 0xF0, 0x0B, 0xF0, 0x0B, 0xF0,
    0x0B, 0xF0, 0x0B, 0xF1, 0x0B, 0xF1, 0x0B, 0xF1,
    0x0B, 0xF1, 0x0B, 0xF2, 0x0B, 0xF2, 0x0B, 0xF2,
    0x0B, 0xF2, 0x0B, 0xF3, 0x0B, 0xF3, 0x0B, 0xF3,
    0x0B, 0xF4, 0x0B, 0xF4, 0x0B, 0xF4, 0x0B, 0xF4,
    0x0B, 0xF5, 0x0B, 0xF5, 0x0B, 0xF5, 0x0B, 0xF5,
    0x0B, 0xF6, 0x0B, 0xF6, 0x0B, 0xF6, 0x0B, 0xF7,
    0x0B, 0xF7, 0x0B, 0xF7, 0x0B, 0xF7, 0x0B, 0xF8,
    0x0B, 0xF8, 0x0B, 0xF8, 0x0B, 0xF8, 0x0B, 0xF9,
    0x0B, 0xF9, 0x0B, 0xF9, 0x0B, 0xFA, 0x0B, 0xFA,
    0x0B, 0xFA, 0x0B, 0xFA, 0x0B, 0xFA, 0x0B, 0xFB,
    0x0B, 0xFB, 0x0B, 0xFB, 0x0A, 0xFB, 0x0A, 0xFB,
    0x0A, 0xFB, 0x0A, 0xFB, 0x09, 0xFB, 0x09, 0xFB,
    0x09, 0xFB, 0x08, 0xFB, 0x08, 0xFB, 0x08, 0xFB,
    0x08, 0xFB, 0x07, 0xFB, 0x07, 0xFB, 0x07, 0xFB,
    0x07, 0xFB, 0x06, 0xFB, 0x06, 0xFB, 0x06, 0xFB,
    0x06, 0xFB, 0x05, 0xFB, 0x05, 0xFB, 0x05, 0xFB,
    0x04, 0xFB, 0x04, 0xFB, 0x04, 0xFB, 0x04, 0xFB,
    0x03, 0xFB, 0x03, 0xFB, 0x03, 0xFB, 0x03, 0xFB,
    0x02, 0xFB, 0x02, 0xFB, 0x02, 0xFB, 0x01, 0xFB,
    0x01, 0xFB, 0x01, 0xFB, 0x01, 0xFB, 0x00, 0xFB,
    0x00, 0xFB, 0x00, 0xFB, 0x00, 0xFB, 0x00, 0xFB,
    0x00, 0xFB, 0x00, 0xFB, 0x00, 0xFB, 0x00, 0xFB,
    0x00, 0xFB, 0x00, 0xFB, 0x10, 0xFB, 0x10, 0xFB,
    0x10, 0xFB, 0x10, 0xFB, 0x20, 0xFB, 0x20, 0xFB,
    0x20, 0xFB, 0x20, 0xFB, 0x30, 0xFB, 0x30, 0xFB,
    0x30, 0xFB, 0x40, 0xFB, 0x40, 0xFB, 0x40, 0xFB,
    0x40, 0xFB, 0x50, 0xFB, 0x50, 0xFB, 0x50, 0xFB,
    0x50, 0xFB, 0x60, 0xFB, 0x60, 0xFB, 0x60, 0xFB,
    0x60, 0xFB, 0x70, 0xFB, 0x70, 0xFB, 0x70, 0xFB,
    0x70, 0xFB, 0x80, 0xFB, 0x80, 0xFB, 0x80, 0xFB,
    0x90, 0xFB, 0x90, 0xFB, 0x90, 0xFB, 0xA0, 0xFB,
    0xA0, 0xFB, 0xA0, 0xFB, 0xA0, 0xFB, 0xA0, 0xFA,
    0xA0, 0xFA, 0xA0, 0xFA, 0xA0, 0xFA, 0xA0, 0xF9,
    0xA0, 0xF9, 0xA0, 0xF9, 0xA0, 0xF9, 0xA0, 0xF8,
    0xA0, 0xF8, 0xA0, 0xF8, 0xA0, 0xF7, 0xA0, 0xF7,
    0xA0, 0xF7, 0xA0, 0xF7, 0xA0, 0xF6, 0xA0, 0xF6,
    0xA0, 0xF6, 0xA0, 0xF6, 0xA0, 0xF5, 0xA0, 0xF5,
    0xA0, 0xF5, 0xA0, 0xF4, 0xA0, 0xF4, 0xA0, 0xF4,
    0xA0, 0xF4, 0xA0, 0xF3, 0xA0, 0xF3, 0xA0, 0xF3,
    0xA0, 0xF3, 0xA0, 0xF2, 0xA0, 0xF2, 0xA0, 0xF2,
    0xA0, 0xF1, 0xA0, 0xF1, 0xA0, 0xF1, 0xA0, 0xF1,
    0xA0, 0xF1, 0xA0, 0xF0, 0xA0, 0xF0, 0xA0, 0xF0,
    0xA0, 0xF0, 0xA0, 0xF0, 0xA0, 0xF0, 0xA0, 0xF0,
    0xA1, 0xF0, 0xA1, 0xF0, 0xA1, 0xF0, 0xA1, 0xF0,
    0xA2, 0xF0, 0xA2, 0xF0, 0xA2, 0xF0, 0xA2, 0xF0,
    0xA3, 0xF0, 0xA3, 0xF0, 0xA3, 0xF0, 0xA3, 0xF0,
    0xA4, 0xF0, 0xA4, 0xF0, 0xA4, 0xF0, 0xA5, 0xF0,
    0xA5, 0xF0, 0xA5, 0xF0, 0xA5, 0xF0, 0xA6, 0xF0,
    0xA6, 0xF0, 0xA6, 0xF0, 0xA7, 0xF0, 0xA7, 0xF0,
    0xA7, 0xF0, 0xA7, 0xF0, 0xA8, 0xF0, 0xA8, 0xF0,
    0xA8, 0xF0, 0xA8, 0xF0, 0xA9, 0xF0, 0xA9, 0xF0,
    0xA9, 0xF0, 0xA9, 0xF0, 0xAA, 0xF0, 0xAA, 0xF0,
    0xAA, 0xF0, 0xAA, 0xF0, 0xAB, 0xF0, 0xAB, 0xF0,
    0x9B, 0xF0, 0x9B, 0xF0, 0x9B, 0xF0, 0x9B, 0xF0,
    0x8B, 0xF0, 0x8B, 0xF0, 0x8B, 0xF0, 0x7B, 0xF0,
    0x7B, 0xF0, 0x7B, 0xF0, 0x7B, 0xF0, 0x6B, 0xF0,
    0x6B, 0xF0, 0x6B, 0xF0, 0x6B, 0xF0, 0x5B, 0xF0,
    0x5B, 0xF0, 0x5B, 0xF0, 0x5B, 0xF0, 0x4B, 0xF0,
    0x4B, 0xF0, 0x4B, 0xF0, 0x3B, 0xF0, 0x3B, 0xF0,
    0x3B, 0xF0, 0x3B, 0xF0, 0x2B, 0xF0, 0x2B, 0xF0,
    0x2B, 0xF0, 0x2B, 0xF0, 0x1B, 0xF0, 0x1B, 0xF0,
    0x1B, 0xF0, 0x0B, 0xF0, 0x0B, 0xF0, 0x0B, 0xF0,
    0x0B, 0xF0, 0x0B, 0xF0, 0x0B, 0xF0, 0x0B, 0xF0,
    0x0B, 0xF0, 0x0B, 0xF0, 0x0B, 0xF0, 0x0B, 0xF0,
    0x0B, 0xF0, 0x0B, 0xF1, 0x0B, 0xF1, 0x0B, 0xF1,
    0x0B, 0xF1, 0x0B, 0xF2, 0x0B, 0xF2, 0x0B, 0xF2,
    0x0B, 0xF2, 0x0B, 0xF3, 0x0B, 0xF3, 0x0B, 0xF3,
    0x0B, 0xF3, 0x0B, 0xF4, 0x0B, 0xF4, 0x0B, 0xF4,
    0x0B, 0xF5, 0x0B, 0xF5, 0x0B, 0xF5, 0x0B, 0xF5,
    0x0B, 0xF6, 0x0B, 0xF6, 0x0B, 0xF6, 0x0B, 0xF7,
    0x0B, 0xF7, 0x0B, 0xF7, 0x0B, 0xF7, 0x0B, 0xF7,
    0x0B, 0xF8, 0x0B, 0xF8, 0x0B, 0xF8, 0x0B, 0xF8,
    0x0B, 0xF9, 0x0B, 0xF9, 0x0B, 0xF9, 0x0B, 0xFA,
    0x0B, 0xFA, 0x0B, 0xFA, 0x0B, 0xFA, 0x0B, 0xFB,
    0x0B, 0xFB, 0x0A, 0xFB, 0x0A, 0xFB, 0x0A, 0xFB,
    0x0A, 0xFB, 0x09, 0xFB, 0x09, 0xFB, 0x09, 0xFB,
    0x09, 0xFB, 0x08, 0xFB, 0x08, 0xFB, 0x08, 0xFB,
    0x08, 0xFB, 0x07, 0xFB, 0x07, 0xFB, 0x07, 0xFB,
    0x06, 0xFB, 0x06, 0xFB, 0x06, 0xFB, 0x06, 0xFB,
    0x05, 0xFB, 0x05, 0xFB, 0x05, 0xFB, 0x05, 0xFB,
    0x04, 0xFB, 0x04, 0xFB, 0x04, 0xFB, 0x04, 0xFB,
    0x03, 0xFB, 0x03, 0xFB, 0x03, 0xFB, 0x03, 0xFB,
    0x02, 0xFB, 0x02, 0xFB, 0x02, 0xFB, 0x01, 0xFB,
    0x01, 0xFB, 0x01, 0xFB, 0x01, 0xFB, 0x00, 0xFB,
    0x00, 0xFB, 0x00, 0xFB, 0x00, 0xFB, 0x00, 0xFB,
    0x00, 0xFB, 0x00, 0xFB, 0x00, 0xFB, 0x00, 0xFB,
    0x00, 0xFB, 0x00, 0xFB, 0x10, 0xFB, 0x10, 0xFB,
    0x10, 0xFB, 0x10, 0xFB, 0x20, 0xFB, 0x20, 0xFB,
    0x20, 0xFB, 0x20, 0xFB, 0x30, 0xFB, 0x30, 0xFB,
    0x30, 0xFB, 0x30, 0xFB, 0x40, 0xFB, 0x40, 0xFB,
    0x40, 0xFB, 0x50, 0xFB, 0x50, 0xFB, 0x50, 0xFB,
    0x50, 0xFB, 0x60, 0xFB, 0x60, 0xFB, 0x60, 0xFB,
    0x60, 0xFB, 0x70, 0xFB, 0x70, 0xFB, 0x70, 0xFB,
    0x70, 0xFB, 0x80, 0xFB, 0x80, 0xFB, 0x80, 0xFB,
    0x90, 0xFB, 0x90, 0xFB, 0x90, 0xFB, 0x90, 0xFB,
    0xA0, 0xFB, 0xA0, 0xFB, 0xA0, 0xFB, 0xA0, 0xFA,
    0xA0, 0xFA, 0xA0, 0xFA, 0xA0, 0xF9, 0xA0, 0xF9,
    0xA0, 0xF9, 0xA0, 0xF9, 0xA0, 0xF8, 0xA0, 0xF8,
    0xA0, 0xF8, 0xA0, 0xF8, 0xA0, 0xF7, 0xA0, 0xF7,
    0xA0, 0xF7, 0xA0, 0xF7, 0xA0, 0xF6, 0xA0, 0xF6,
    0xA0, 0xF6, 0xA0, 0xF6, 0xA0, 0xF5, 0xA0, 0xF5,
    0xA0, 0xF5, 0xA0, 0xF4, 0xA0, 0xF4, 0xA0, 0xF4,
    0xA0, 0xF4, 0xA0, 0xF3, 0xA0, 0xF3, 0xA0, 0xF3,
    0xA0, 0xF2, 0xA0, 0xF2, 0xA0, 0xF2, 0xA0, 0xF2,
    0xA0, 0xF1, 0xA0, 0xF1, 0xA0, 0xF1, 0xA0, 0xF1,
    0xA0, 0xF0, 0xA0, 0xF0, 0xA0, 0xF0, 0xA0, 0xF0,
    0xA0, 0xF0, 0xA0, 0xF0, 0xA0, 0xF0, 0xA0, 0xF0,
    0xA1, 0xF0, 0xA1, 0xF0, 0xA1, 0xF0, 0xA1, 0xF0,
    0xA2, 0xF0, 0xA2, 0xF0, 0xA2, 0xF0, 0xA2, 0xF0,
    0xA3, 0xF0, 0xA3, 0xF0, 0xA3, 0xF0, 0xA3, 0xF0,
    0xA4, 0xF0, 0xA4, 0xF0, 0xA4, 0xF0, 0xA5, 0xF0,
    0xA5, 0xF0, 0xA5, 0xF0, 0xA5, 0xF0, 0xA6, 0xF0,
    0xA6, 0xF0, 0xA6, 0xF0, 0xA6, 0xF0, 0xA7, 0xF0,
    0xA7, 0xF0, 0xA7, 0xF0, 0xA7, 0xF0, 0xA8, 0xF0,
    0xA8, 0xF0, 0xA8, 0xF0, 0xA8, 0xF0, 0xA9, 0xF0,
    0xA9, 0xF0, 0xA9, 0xF0, 0xAA, 0xF0, 0xAA, 0xF0,
    0xAA, 0xF0, 0xAA, 0xF0, 0xAB, 0xF0, 0xAB, 0xF0,
    0x9B, 0xF0, 0x9B, 0xF0, 0x9B, 0xF0, 0x8B, 0xF0,
    0x8B, 0xF0, 0x8B, 0xF0, 0x8B, 0xF0, 0x7B, 0xF0,
    0x7B, 0xF0, 0x7B, 0xF0, 0x7B, 0xF0, 0x6B, 0xF0,
    0x6B, 0xF0, 0x6B, 0xF0, 0x6B, 0xF0, 0x5B, 0xF0,
    0x5B, 0xF0, 0x5B, 0xF0, 0x4B, 0xF0, 0x4B, 0xF0,
    0x4B, 0xF0, 0x4B, 0xF0, 0x3B, 0xF0, 0x3B, 0xF0,
    0x3B, 0xF0, 0x3B, 0xF0, 0x2B, 0xF0, 0x2B, 0xF0,
    0x2B, 0xF0, 0x2B, 0xF0, 0x1B, 0xF0, 0x1B, 0xF0,
    0x1B, 0xF0, 0x0B, 0xF0, 0x0B, 0xF0, 0x0B, 0xF0,
    0x0B, 0xF0, 0x0B, 0xF0, 0x0B, 0xF0, 0x0B, 0xF0,
    0x0B, 0xF0, 0x0B, 0xF0, 0x0B, 0xF0, 0x0B, 0xF0,
    0x0B, 0xF0, 0x0B, 0xF1, 0x0B, 0xF1, 0x0B, 0xF1,
    0x0B, 0xF1, 0x0B, 0xF2, 0x0B, 0xF2, 0x0B, 0xF2,
    0x0B, 0xF2, 0x0B, 0xF3, 0x0B, 0xF3, 0x0B, 0xF3,
    0x0B, 0xF3, 0x0B, 0xF4, 0x0B, 0xF4, 0x0B, 0xF4,
    0x0B, 0xF4, 0x0B, 0xF5, 0x0B, 0xF5, 0x0B, 0xF5,
    0x0B, 0xF5, 0x0B, 0xF6, 0x0B, 0xF6, 0x0B, 0xF6,
    0x0B, 0xF7, 0x0B, 0xF7, 0x0B, 0xF7, 0x0B, 0xF7,
    0x0B, 0xF8, 0x0B, 0xF8, 0x0B, 0xF8, 0x0B, 0xF8,
    0x0B, 0xF9, 0x0B, 0xF9, 0x0B, 0xF9, 0x0B, 0xF9,
    0x0B, 0xFA, 0x0B, 0xFA, 0x0B, 0xFA, 0x0B, 0xFA,
    0x0B, 0xFB, 0x0A, 0xFB, 0x0A, 0xFB, 0x0A, 0xFB,
    0x09, 0xFB, 0x09, 0xFB, 0x09, 0xFB, 0x09, 0xFB,
    0x08, 0xFB, 0x08, 0xFB, 0x08, 0xFB, 0x08, 0xFB,
    0x07, 0xFB, 0x07, 0xFB, 0x07, 0xFB, 0x07, 0xFB,
    0x06, 0xFB, 0x06, 0xFB, 0x06, 0xFB, 0x06, 0xFB,
    0x05, 0xFB, 0x05, 0xFB, 0x05, 0xFB, 0x05, 0xFB,
    0x04, 0xFB, 0x04, 0xFB, 0x04, 0xFB, 0x04, 0xFB,
    0x03, 0xFB, 0x03, 0xFB, 0x03, 0xFB, 0x02, 0xFB,
    0x02, 0xFB, 0x02, 0xFB, 0x02, 0xFB, 0x01, 0xFB,
    0x01, 0xFB, 0x01, 0xFB, 0x01, 0xFB, 0x00, 0xFB,
    0x00, 0xFB, 0x00, 0xFB, 0x00, 0xFB, 0x00, 0xFB,
    0x00, 0xFB, 0x00, 0xFB, 0x00, 0xFB, 0x00, 0xFB,
    0x00, 0xFB, 0x00, 0xFB, 0x10, 0xFB, 0x10, 0xFB,
    0x10, 0xFB, 0x10, 0xFB, 0x20, 0xFB, 0x20, 0xFB,
    0x20, 0xFB, 0x20, 0xFB, 0x30, 0xFB, 0x30, 0xFB,
    0x30, 0xFB, 0x30, 0xFB, 0x40, 0xFB, 0x40, 0xFB,
    0x40, 0xFB, 0x40, 0xFB, 0x50, 0xFB, 0x50, 0xFB,
    0x50, 0xFB, 0x50, 0xFB, 0x60, 0xFB, 0x60, 0xFB,
    0x60, 0xFB, 0x60, 0xFB, 0x70, 0xFB, 0x70, 0xFB,
    0x70, 0xFB, 0x80, 0xFB, 0x80, 0xFB, 0x80, 0xFB,
    0x80, 0xFB, 0x90, 0xFB, 0x90, 0xFB, 0x90, 0xFB,
    0x90, 0xFB, 0xA0, 0xFB, 0xA0, 0xFA, 0xA0, 0xFA,
    0xA0, 0xFA, 0xA0, 0xFA, 0xA0, 0xF9, 0xA0, 0xF9,
    0xA0, 0xF9, 0xA0, 0xF9, 0xA0, 0xF8, 0xA0, 0xF8,
    0xA0, 0xF8, 0xA0, 0xF8, 0xA0, 0xF7, 0xA0, 0xF7,
    0xA0, 0xF7, 0xA0, 0xF6, 0xA0, 0xF6, 0xA0, 0xF6,
    0xA0, 0xF6, 0xA0, 0xF5, 0xA0, 0xF5, 0xA0, 0xF5,
    0xA0, 0xF5, 0xA0, 0xF4, 0xA0, 0xF4, 0xA0, 0xF4,
    0xA0, 0xF4, 0xA0, 0xF3, 0xA0, 0xF3, 0xA0, 0xF3,
    0xA0, 0xF2, 0xA0, 0xF2, 0xA0, 0xF2, 0xA0, 0xF2,
    0xA0, 0xF1, 0xA0, 0xF1, 0xA0, 0xF1, 0xA0, 0xF1,
    0xA0, 0xF0, 0xA0, 0xF0, 0xA0, 0xF0, 0xA0, 0xF0,
    0xA0, 0xF0, 0xA0, 0xF0, 0xA0, 0xF0, 0x90, 0xF0,
    0xA1, 0xF0, 0xA1, 0xF0, 0xA1, 0xF0, 0xA1, 0xF0,
    0xA2, 0xF0, 0xA2, 0xF0, 0xA2, 0xF0, 0xA2, 0xF0,
    0xA3, 0xF0, 0xA3, 0xF0, 0xA3, 0xF0, 0xA3, 0xF0,
    0xA4, 0xF0, 0xA4, 0xF0, 0xA4, 0xF0, 0xA4, 0xF0,
    0xA5, 0xF0, 0xA5, 0xF0, 0x95, 0xF0, 0x96, 0xF0,
    0x96, 0xF0, 0xA6, 0xF0, 0xA6, 0xF0, 0xA7, 0xF0,
    0xA7, 0xF0, 0xA7, 0xF0, 0xA7, 0xF0, 0xA8, 0xF0,
    0xA8, 0xF0, 0xA8, 0xF0, 0xA8, 0xF0, 0xA9, 0xF0,
    0x99, 0xF0, 0xA9, 0xF0, 0xA9, 0xF0, 0xAA, 0xF0,
    0xAA, 0xF0, 0xAA, 0xF0, 0xAA, 0xF0, 0x9B, 0xF0,
    0x9B, 0xF0, 0x9B, 0xF0, 0x8B, 0xF0, 0x8B, 0xF0,
    0x8B, 0xF0, 0x8B, 0xF0, 0x8B, 0xF0, 0x7B, 0xF0,
    0x7B, 0xF0, 0x7B, 0xF0, 0x6B, 0xF0, 0x6B, 0xF0,
    0x6A, 0xF0, 0x6B, 0xF0, 0x5B, 0xF0, 0x5B, 0xF0,
    0x5B, 0xF0, 0x5B, 0xF0, 0x4B, 0xF0, 0x4A, 0xF0,
    0x4B, 0xF0, 0x4B, 0xF0, 0x3B, 0xF0, 0x3B, 0xF0,
    0x3B, 0xF0, 0x3B, 0xF0, 0x2B, 0xF0, 0x2B, 0xF0,
    0x2B, 0xF0, 0x2B, 0xF0, 0x1B, 0xF0, 0x1B, 0xF0,
    0x1B, 0xF0, 0x1B, 0xF0, 0x0B, 0xF0, 0x0B, 0xF0,
    0x0B, 0xF0, 0x0A, 0xF0, 0x0B, 0xF0, 0x0B, 0xF0,
    0x0B, 0xF0, 0x0A, 0xF0, 0x0A, 0xF0, 0x0B, 0xF0,
    0x0B, 0xF0, 0x0B, 0xF1, 0x0A, 0xF1, 0x0A, 0xF1,
    0x0B, 0xF1, 0x0B, 0xF2, 0x0B, 0xF2, 0x0B, 0xF2,
    0x0A, 0xF2, 0x0A, 0xF3, 0x0B, 0xF3, 0x0B, 0xF3,
    0x0B, 0xF3, 0x0B, 0xF4, 0x0B, 0xF4, 0x0B, 0xF4,
    0x0B, 0xF4, 0x0B, 0xF5, 0x0B, 0xF5, 0x0B, 0xF5,
    0x0B, 0xF5, 0x0B, 0xF6, 0x0B, 0xF6, 0x0B, 0xF6,
    0x0B, 0xF7, 0x0B, 0xF7, 0x0B, 0xF7, 0x0B, 0xF7,
    0x0B, 0xF8, 0x0B, 0xF8, 0x0B, 0xF8, 0x0B, 0xF8,
    0x0B, 0xF8, 0x0B, 0xF9, 0x0B, 0xF9, 0x0B, 0xF9,
    0x0B, 0xFA, 0x0B, 0xFA, 0x0B, 0xFA, 0x0B, 0xFA,
    0x0A, 0xFB, 0x0A, 0xFB, 0x0A, 0xFB, 0x0A, 0xFB,
    0x09, 0xFB, 0x09, 0xFB, 0x09, 0xFB, 0x09, 0xFB,
    0x08, 0xFB, 0x08, 0xFB, 0x08, 0xFB, 0x08, 0xFB,
    0x07, 0xFB, 0x07, 0xFB, 0x07, 0xFB, 0x07, 0xFB,
    0x06, 0xFB, 0x06, 0xFB, 0x06, 0xFA, 0x06, 0xFB,
    0x05, 0xFB, 0x05, 0xFB, 0x05, 0xFB, 0x05, 0xFB,
    0x04, 0xFA, 0x04, 0xFB, 0x04, 0xFB, 0x04, 0xFB,
    0x03, 0xFB, 0x03, 0xFB, 0x03, 0xFB, 0x02, 0xFB,
    0x02, 0xFB, 0x02, 0xFB, 0x02, 0xFB, 0x01, 0xFB,
    0x01, 0xFB, 0x01, 0xFB, 0x01, 0xFB, 0x00, 0xFB,
    0x00, 0xFA, 0x00, 0xFA, 0x00, 0xFB, 0x00, 0xFB,
    0x00, 0xFB, 0x00, 0xFB, 0x00, 0xFB, 0x00, 0xFB,
    0x00, 0xFB, 0x00, 0xFB, 0x10, 0xFB, 0x10, 0xFB,
    0x10, 0xFB, 0x10, 0xFB, 0x20, 0xFB, 0x20, 0xFB,
    0x20, 0xFB, 0x20, 0xFB, 0x30, 0xFB, 0x30, 0xFB,
    0x30, 0xFB, 0x30, 0xFB, 0x40, 0xFB, 0x40, 0xFB,
    0x40, 0xFA, 0x40, 0xFB, 0x50, 0xFB, 0x50, 0xFB,
    0x50, 0xFB, 0x50, 0xFB, 0x60, 0xFB, 0x60, 0xFB,
    0x60, 0xFB, 0x60, 0xFB, 0x70, 0xFB, 0x70, 0xFB,
    0x70, 0xFB, 0x70, 0xFA, 0x80, 0xFB, 0x80, 0xFB,
    0x80, 0xFB, 0x90, 0xFB, 0x90, 0xFB, 0x90, 0xFB,
    0x90, 0xFB, 0x90, 0xFA, 0xA0, 0xFA, 0xA0, 0xFA,
    0xA0, 0xFA, 0xA0, 0xFA, 0xA0, 0xF9, 0xA0, 0xF9,
    0xA0, 0xF9, 0xA0, 0xF8, 0xA0, 0xF8, 0xA0, 0xF8,
    0xA0, 0xF8, 0xA0, 0xF7, 0xA0, 0xF7, 0xA0, 0xF7,
    0xA0, 0xF7, 0xA0, 0xF6, 0xA0, 0xF6, 0x90, 0xF6,
    0x90, 0xF6, 0xA0, 0xF5, 0xA0, 0xF5, 0xA0, 0xF5,
    0xA0, 0xF5, 0xA0, 0xF4, 0x90, 0xF4, 0xA0, 0xF4,
    0xA0, 0xF4, 0xA0, 0xF3, 0xA0, 0xF3, 0xA0, 0xF3,
    0xA0, 0xF2, 0x90, 0xF2, 0xA0, 0xF2, 0xA0, 0xF2,
    0xA0, 0xF1, 0xA0, 0xF1, 0xA0, 0xF1, 0xA0, 0xF1,
    0xA0, 0xF0, 0xA0, 0xF0, 0xA0, 0xF0, 0xA0, 0xF0,
    0x90, 0xF0, 0x90, 0xF0, 0x90, 0xF0, 0x90, 0xF0,
    0x91, 0xF0, 0x91, 0xF0, 0x91, 0xF0, 0x91, 0xF0,
    0xA2, 0xF0, 0x92, 0xF0, 0x92, 0xF0, 0x92, 0xF0,
    0x93, 0xF0, 0x93, 0xF0, 0x93, 0xF0, 0x93, 0xF0,
    0x94, 0xF0, 0x94, 0xF0, 0x94, 0xF0, 0x94, 0xF0,
    0x95, 0xF0, 0xA5, 0xF0, 0x95, 0xF0, 0x95, 0xF0,
    0x96, 0xF0, 0x96, 0xF0, 0x96, 0xF0, 0x96, 0xF0,
    0x97, 0xF0, 0x97, 0xF0, 0x97, 0xF0, 0x97, 0xF0,
    0x98, 0xF0, 0x98, 0xF0, 0x98, 0xF0, 0x99, 0xF0,
    0x99, 0xF0, 0x99, 0xF0, 0x99, 0xF0, 0x9A, 0xF0,
    0xAA, 0xF0, 0x9A, 0xF0, 0x9A, 0xF0, 0x9A, 0xF0,
    0x9A, 0xF0, 0x9A, 0xF0, 0x8A, 0xF0, 0x8A, 0xF0,
    0x8A, 0xF0, 0x8A, 0xF0, 0x7A, 0xF0, 0x7A, 0xF0,
    0x7A, 0xF0, 0x7A, 0xF0, 0x6A, 0xF0, 0x6A, 0xF0,
    0x6A, 0xF0, 0x6A, 0xF0, 0x5A, 0xF0, 0x5A, 0xF0,
    0x5A, 0xF0, 0x5A, 0xF0, 0x4A, 0xF0, 0x4A, 0xF0,
    0x4A, 0xF0, 0x4A, 0xF0, 0x3A, 0xF0, 0x3A, 0xF0,
    0x3A, 0xF0, 0x3A, 0xF0, 0x2A, 0xF0, 0x2A, 0xF0,
    0x2A, 0xF0, 0x1A, 0xF0, 0x1A, 0xF0, 0x1A, 0xF0,
    0x1A, 0xF0, 0x0A, 0xF0, 0x0A, 0xF0, 0x0A, 0xF0,
    0x0A, 0xF0, 0x0A, 0xF0, 0x0A, 0xF0, 0x0A, 0xF0,
    0x0A, 0xF0, 0x0A, 0xF0, 0x0A, 0xF0, 0x0A, 0xF0,
    0x0A, 0xF0, 0x0A, 0xF1, 0x0A, 0xF1, 0x0A, 0xF1,
    0x0A, 0xF1, 0x0A, 0xF2, 0x0A, 0xF2, 0x0A, 0xF2,
    0x0A, 0xF2, 0x0A, 0xF3, 0x0A, 0xF3, 0x0A, 0xF3,
    0x0A, 0xF3, 0x0A, 0xF4, 0x0A, 0xF4, 0x0A, 0xF4,
    0x0A, 0xF4, 0x0A, 0xF5, 0x0A, 0xF5, 0x0A, 0xF5,
    0x0A, 0xF5, 0x0A, 0xF6, 0x0A, 0xF6, 0x0A, 0xF6,
    0x0A, 0xF6, 0x0A, 0xF7, 0x0A, 0xF7, 0x0A, 0xF7,
    0x0A, 0xF7, 0x0A, 0xF8, 0x0A, 0xF8, 0x0A, 0xF8,
    0x0A, 0xF8, 0x0A, 0xF9, 0x0A, 0xF9, 0x0A, 0xF9,
    0x0A, 0xF9, 0x0A, 0xFA, 0x0A, 0xFA, 0x0A, 0xFA,
    0x0A, 0xFA, 0x0A, 0xFA, 0x0A, 0xFA, 0x09, 0xFA,
    0x09, 0xFA, 0x09, 0xFA, 0x09, 0xFA, 0x09, 0xFA,
    0x08, 0xFA, 0x08, 0xFA, 0x08, 0xFA, 0x07, 0xFA,
    0x07, 0xFA, 0x07, 0xFA, 0x07, 0xFA, 0x06, 0xFA,
    0x06, 0xFA, 0x06, 0xFB, 0x06, 0xFA, 0x05, 0xFA,
    0x05, 0xFA, 0x05, 0xFA, 0x05, 0xFA, 0x04, 0xFA,
    0x04, 0xFA, 0x04, 0xFA, 0x04, 0xFA, 0x03, 0xFA,
    0x03, 0xFA, 0x03, 0xFA, 0x03, 0xFA, 0x02, 0xFA,
    0x02, 0xFA, 0x02, 0xFA, 0x02, 0xFA, 0x01, 0xFA,
    0x01, 0xFA, 0x01, 0xFA, 0x01, 0xFA, 0x00, 0xFA,
    0x00, 0xFA, 0x00, 0xFA, 0x00, 0xFA, 0x00, 0xFA,
    0x00, 0xFB, 0x00, 0xFA, 0x00, 0xFA, 0x00, 0xFA,
    0x00, 0xFA, 0x00, 0xFA, 0x00, 0xFA, 0x10, 0xFA,
    0x10, 0xFA, 0x10, 0xFA, 0x10, 0xFA, 0x20, 0xFA,
    0x20, 0xFA, 0x20, 0xFA, 0x30, 0xFA, 0x30, 0xFA,
    0x30, 0xFA, 0x30, 0xFA, 0x40, 0xFA, 0x40, 0xFA,
    0x40, 0xFA, 0x40, 0xFA, 0x50, 0xFA, 0x50, 0xFA,
    0x50, 0xFA, 0x50, 0xFA, 0x60, 0xFA, 0x60, 0xFA,
    0x60, 0xFA, 0x60, 0xFA, 0x70, 0xFA, 0x70, 0xFA,
    0x70, 0xFA, 0x70, 0xFA, 0x80, 0xFA, 0x80, 0xFA,
    0x80, 0xFA, 0x80, 0xFA, 0x90, 0xFA, 0x90, 0xFA,
    0x90, 0xFA, 0x90, 0xFA, 0x90, 0xFA, 0x90, 0xFA,
    0x90, 0xF9, 0x90, 0xF9, 0x90, 0xF9, 0x90, 0xF9,
    0x90, 0xF9, 0x90, 0xF8, 0x90, 0xF8, 0x90, 0xF8,
    0x90, 0xF8, 0x90, 0xF7, 0x90, 0xF7, 0x90, 0xF7,
    0x90, 0xF6, 0x90, 0xF6, 0x90, 0xF6, 0x90, 0xF6,
    0x90, 0xF6, 0x90, 0xF5, 0x90, 0xF5, 0x90, 0xF5,
    0x90, 0xF5, 0x90, 0xF4, 0x90, 0xF4, 0x90, 0xF4,
    0x90, 0xF3, 0x90, 0xF3, 0x90, 0xF3, 0x90, 0xF3,
    0x90, 0xF2, 0x90, 0xF2, 0x90, 0xF2, 0x90, 0xF2,
    0x90, 0xF1, 0x90, 0xF1, 0x90, 0xF1, 0x90, 0xF1,
    0x90, 0xF0, 0xA0, 0xF0, 0x90, 0xF0, 0x90, 0xF0,
    0x90, 0xF0, 0x90, 0xF0, 0x90, 0xF0, 0x90, 0xF0,
    0x91, 0xF0, 0x91, 0xF0, 0x91, 0xF0, 0x91, 0xF0,
    0x92, 0xF0, 0x92, 0xF0, 0x92, 0xF0, 0x92, 0xF0,
    0x93, 0xF0, 0x93, 0xF0, 0x93, 0xF0, 0x93, 0xF0,
    0x94, 0xF0, 0x94, 0xF0, 0x94, 0xF0, 0x94, 0xF0,
    0x95, 0xF0, 0x95, 0xF0, 0x95, 0xF0, 0x95, 0xF0,
    0x96, 0xF0, 0x96, 0xF0, 0x96, 0xF0, 0x96, 0xF0,
    0x97, 0xF0, 0x97, 0xF0, 0x97, 0xF0, 0x97, 0xF0,
    0x98, 0xF0, 0x98, 0xF0, 0x98, 0xF0, 0x98, 0xF0,
    0x99, 0xF0, 0x99, 0xF0, 0x99, 0xF0, 0x99, 0xF0,
    0x9A, 0xF0, 0x9A, 0xF0, 0x9A, 0xF0, 0x9A, 0xF0,
    0x9A, 0xF0, 0x9A, 0xF0, 0x8A, 0xF0, 0x8A, 0xF0,
    0x8A, 0xF0, 0x8A, 0xF0, 0x7A, 0xF0, 0x7A, 0xF0,
    0x7A, 0xF0, 0x7A, 0xF0, 0x6A, 0xF0, 0x6A, 0xF0,
    0x6A, 0xF0, 0x6A, 0xF0, 0x5A, 0xF0, 0x5A, 0xF0,
    0x5A, 0xF0, 0x5A, 0xF0, 0x4A, 0xF0, 0x4A, 0xF0,
    0x4A, 0xF0, 0x4A, 0xF0, 0x3A, 0xF0, 0x3A, 0xF0,
    0x3A, 0xF0, 0x3A, 0xF0, 0x2A, 0xF0, 0x2A, 0xF0,
    0x2A, 0xF0, 0x2A, 0xF0, 0x1A, 0xF0, 0x1A, 0xF0,
    0x1A, 0xF0, 0x1A, 0xF0, 0x0A, 0xF0, 0x0A, 0xF0,
    0x0A, 0xF0, 0x0A, 0xF0, 0x0A, 0xF0, 0x0A, 0xF0,
    0x0A, 0xF0, 0x0A, 0xF0, 0x0A, 0xF0, 0x0A, 0xF0,
    0x0A, 0xF0, 0x0A, 0xF1, 0x0A, 0xF1, 0x0A, 0xF1,
    0x0A, 0xF1, 0x0A, 0xF2, 0x0A, 0xF2, 0x0A, 0xF2,
    0x0A, 0xF2, 0x0A, 0xF2, 0x0A, 0xF3, 0x0A, 0xF3,
    0x0A, 0xF3, 0x0A, 0xF4, 0x0A, 0xF4, 0x0A, 0xF4,
    0x0A, 0xF4, 0x0A, 0xF5, 0x0A, 0xF5, 0x0A, 0xF5,
    0x0A, 0xF5, 0x0A, 0xF6, 0x0A, 0xF6, 0x0A, 0xF6,
    0x0A, 0xF6, 0x0A, 0xF7, 0x0A, 0xF7, 0x0A, 0xF7,
    0x0A, 0xF7, 0x0A, 0xF8, 0x0A, 0xF8, 0x0A, 0xF8,
    0x0A, 0xF8, 0x0A, 0xF9, 0x0A, 0xF9, 0x0A, 0xF9,
    0x0A, 0xF9, 0x0A, 0xFA, 0x0A, 0xFA, 0x0A, 0xFA,
    0x0A, 0xFA, 0x0A, 0xFA, 0x0A, 0xFA, 0x09, 0xFA,
    0x09, 0xFA, 0x09, 0xFA, 0x09, 0xFA, 0x08, 0xFA,
    0x08, 0xFA, 0x08, 0xFA, 0x08, 0xFA, 0x07, 0xFA,
    0x07, 0xFA, 0x07, 0xFA, 0x07, 0xFA, 0x06, 0xFA,
    0x06, 0xFA, 0x06, 0xFA, 0x06, 0xFA, 0x05, 0xFA,
    0x05, 0xFA, 0x05, 0xFA, 0x05, 0xFA, 0x04, 0xFA,
    0x04, 0xFA, 0x04, 0xFA, 0x04, 0xFA, 0x03, 0xFA,
    0x03, 0xFA, 0x03, 0xFA, 0x03, 0xFA, 0x02, 0xFA,
    0x02, 0xFA, 0x02, 0xFA, 0x02, 0xFA, 0x01, 0xFA,
    0x01, 0xFA, 0x01, 0xFA, 0x01, 0xFA, 0x00, 0xFA,
    0x00, 0xFA, 0x00, 0xFA, 0x00, 0xFA, 0x00, 0xFA,
    0x00, 0xFA, 0x00, 0xFA, 0x00, 0xFA, 0x00, 0xFA,
    0x00, 0xFA, 0x00, 0xFA, 0x00, 0xFA, 0x10, 0xFA,
    0x10, 0xFA, 0x10, 0xFA, 0x10, 0xFA, 0x20, 0xFA,
    0x20, 0xFA, 0x20, 0xFA, 0x20, 0xFA, 0x30, 0xFA,
    0x30, 0xFA, 0x30, 0xFA, 0x30, 0xFA, 0x40, 0xFA,
    0x40, 0xFA, 0x40, 0xFA, 0x40, 0xFA, 0x50, 0xFA,
    0x50, 0xFA, 0x50, 0xFA, 0x50, 0xFA, 0x60, 0xFA,
    0x60, 0xFA, 0x60, 0xFA, 0x60, 0xFA, 0x70, 0xFA,
    0x70, 0xFA, 0x70, 0xFA, 0x70, 0xFA, 0x80, 0xFA,
    0x80, 0xFA, 0x80, 0xFA, 0x80, 0xFA, 0x90, 0xFA,
    0x90, 0xFA, 0x90, 0xFA, 0x90, 0xFA, 0x90, 0xFA,
    0x90, 0xF9, 0x90, 0xF9, 0x90, 0xF9, 0x90, 0xF9,
    0x90, 0xF8, 0x90, 0xF8, 0x90, 0xF8, 0x90, 0xF8,
    0x90, 0xF7, 0x90, 0xF7, 0x90, 0xF7, 0x90, 0xF7,
    0x90, 0xF6, 0x90, 0xF6, 0x90, 0xF6, 0x90, 0xF6,
    0x90, 0xF5, 0x90, 0xF5, 0x90, 0xF5, 0x90, 0xF5,
    0x90, 0xF4, 0x90, 0xF4, 0x90, 0xF4, 0x90, 0xF4,
    0x90, 0xF3, 0x90, 0xF3, 0x90, 0xF3, 0x90, 0xF3,
    0x90, 0xF2, 0x90, 0xF2, 0x90, 0xF2, 0x90, 0xF2,
    0x90, 0xF1, 0x90, 0xF1, 0x90, 0xF1, 0x90, 0xF1,
    0x90, 0xF0, 0x90, 0xF0, 0x90, 0xF0, 0x90, 0xF0,
    0x90, 0xF0, 0x90, 0xF0, 0x90, 0xF0, 0x90, 0xF0,
    0x91, 0xF0, 0x91, 0xF0, 0x91, 0xF0, 0x91, 0xF0,
    0x92, 0xF0, 0x92, 0xF0, 0x92, 0xF0, 0x92, 0xF0,
    0x93, 0xF0, 0x93, 0xF0, 0x93, 0xF0, 0x93, 0xF0,
    0x94, 0xF0, 0x94, 0xF0, 0x94, 0xF0, 0x94, 0xF0,
    0x95, 0xF0, 0x95, 0xF0, 0x95, 0xF0, 0x95, 0xF0,
    0x96, 0xF0, 0x96, 0xF0, 0x96, 0xF0, 0x96, 0xF0,
    0x97, 0xF0, 0x97, 0xF0, 0x97, 0xF0, 0x97, 0xF0,
    0x98, 0xF0, 0x98, 0xF0, 0x98, 0xF0, 0x98, 0xF0,
    0x99, 0xF0, 0x99, 0xF0, 0x99, 0xF0, 0x99, 0xF0,
    0x99, 0xF0, 0x9A, 0xF0, 0x9A, 0xF0, 0x9A, 0xF0,
    0x9A, 0xF0, 0x8A, 0xF0, 0x8A, 0xF0, 0x8A, 0xF0,
    0x8A, 0xF0, 0x7A, 0xF0, 0x7A, 0xF0, 0x7A, 0xF0,
    0x7A, 0xF0, 0x6A, 0xF0, 0x6A, 0xF0, 0x6A, 0xF0,
    0x6A, 0xF0, 0x5A, 0xF0, 0x5A, 0xF0, 0x5A, 0xF0,
    0x5A, 0xF0, 0x5A, 0xF0, 0x4A, 0xF0, 0x4A, 0xF0,
    0x4A, 0xF0, 0x4A, 0xF0, 0x3A, 0xF0, 0x3A, 0xF0,
    0x3A, 0xF0, 0x3A, 0xF0, 0x2A, 0xF0, 0x2A, 0xF0,
    0x2A, 0xF0, 0x1A, 0xF0, 0x1A, 0xF0, 0x1A, 0xF0,
    0x1A, 0xF0, 0x1A, 0xF0, 0x0A, 0xF0, 0x0A, 0xF0,
    0x0A, 0xF0, 0x0A, 0xF0, 0x0A, 0xF0, 0x0A, 0xF0,
    0x0A, 0xF0, 0x0A, 0xF0, 0x0A, 0xF0, 0x0A, 0xF0,
    0x0A, 0xF0, 0x0A, 0xF1, 0x0A, 0xF1, 0x0A, 0xF1,
    0x0A, 0xF1, 0x0A, 0xF2, 0x0A, 0xF2, 0x0A, 0xF2,
    0x0A, 0xF2, 0x0A, 0xF2, 0x0A, 0xF3, 0x0A, 0xF3,
    0x0A, 0xF3, 0x0A, 0xF3, 0x0A, 0xF4, 0x0A, 0xF4,
    0x0A, 0xF4, 0x0A, 0xF5, 0x0A, 0xF5, 0x0A, 0xF5,
    0x0A, 0xF5, 0x0A, 0xF6, 0x0A, 0xF6, 0x0A, 0xF6,
    0x0A, 0xF6, 0x0A, 0xF7, 0x0A, 0xF7, 0x0A, 0xF7,
    0x0A, 0xF7, 0x0A, 0xF7, 0x0A, 0xF8, 0x0A, 0xF8,
    0x0A, 0xF8, 0x0A, 0xF8, 0x0A, 0xF9, 0x0A, 0xF9,
    0x0A, 0xF9, 0x0A, 0xF9, 0x0A, 0xFA, 0x0A, 0xFA,
    0x0A, 0xFA, 0x0A, 0xFA, 0x0A, 0xFA, 0x09, 0xFA,
    0x09, 0xFA, 0x09, 0xFA, 0x09, 0xFA, 0x08, 0xFA,
    0x08, 0xFA, 0x08, 0xFA, 0x08, 0xFA, 0x07, 0xFA,
    0x07, 0xFA, 0x07, 0xFA, 0x07, 0xFA, 0x06, 0xFA,
    0x06, 0xFA, 0x06, 0xFA, 0x06, 0xFA, 0x05, 0xFA,
    0x05, 0xFA, 0x05, 0xFA, 0x05, 0xFA, 0x04, 0xFA,
    0x04, 0xFA, 0x04, 0xFA, 0x04, 0xFA, 0x03, 0xFA,
    0x03, 0xFA, 0x03, 0xFA, 0x03, 0xFA, 0x02, 0xFA,
    0x02, 0xFA, 0x02, 0xFA, 0x02, 0xFA, 0x01, 0xFA,
    0x01, 0xFA, 0x01, 0xFA, 0x01, 0xFA, 0x00, 0xFA,
    0x00, 0xFA, 0x00, 0xFA, 0x00, 0xFA, 0x00, 0xFA,
    0x00, 0xFA, 0x00, 0xFA, 0x00, 0xFA, 0x00, 0xFA,
    0x00, 0xFA, 0x00, 0xFA, 0x00, 0xFA, 0x10, 0xFA,
    0x10, 0xFA, 0x10, 0xFA, 0x10, 0xFA, 0x20, 0xFA,
    0x20, 0xFA, 0x20, 0xFA, 0x20, 0xFA, 0x30, 0xFA,
    0x30, 0xFA, 0x30, 0xFA, 0x30, 0xFA, 0x40, 0xFA,
    0x40, 0xFA, 0x40, 0xFA, 0x40, 0xFA, 0x50, 0xFA,
    0x50, 0xFA, 0x50, 0xFA, 0x50, 0xFA, 0x60, 0xFA,
    0x60, 0xFA, 0x60, 0xFA, 0x60, 0xFA, 0x70, 0xFA,
    0x70, 0xFA, 0x70, 0xFA, 0x70, 0xFA, 0x80, 0xFA,
    0x80, 0xFA, 0x80, 0xFA, 0x80, 0xFA, 0x90, 0xFA,
    0x90, 0xFA, 0x90, 0xFA, 0x90, 0xFA, 0x90, 0xF9,
    0x90, 0xF9, 0x90, 0xF9, 0x90, 0xF9, 0x90, 0xF9,
    0x90, 0xF8, 0x90, 0xF8, 0x90, 0xF8, 0x90, 0xF8,
    0x90, 0xF7, 0x90, 0xF7, 0x90, 0xF7, 0x90, 0xF7,
    0x90, 0xF6, 0x90, 0xF6, 0x90, 0xF6, 0x90, 0xF6,
    0x90, 0xF5, 0x90, 0xF5, 0x90, 0xF5, 0x90, 0xF5,
    0x90, 0xF4, 0x90, 0xF4, 0x90, 0xF4, 0x90, 0xF4,
    0x90, 0xF3, 0x90, 0xF3, 0x90, 0xF3, 0x90, 0xF3,
    0x90, 0xF2, 0x90, 0xF2, 0x90, 0xF2, 0x90, 0xF2,
    0x90, 0xF1, 0x90, 0xF1, 0x90, 0xF1, 0x90, 0xF1,
    0x90, 0xF0, 0x90, 0xF0, 0x90, 0xF0, 0x90, 0xF0,
    0x90, 0xF0, 0x90, 0xF0, 0x90, 0xF0, 0x90, 0xF0,
    0x91, 0xF0, 0x91, 0xF0, 0x91, 0xF0, 0x91, 0xF0,
    0x91, 0xF0, 0x92, 0xF0, 0x92, 0xF0, 0x92, 0xF0,
    0x92, 0xF0, 0x93, 0xF0, 0x93, 0xF0, 0x93, 0xF0,
    0x94, 0xF0, 0x94, 0xF0, 0x94, 0xF0, 0x94, 0xF0,
    0x94, 0xF0, 0x95, 0xF0, 0x95, 0xF0, 0x95, 0xF0,
    0x95, 0xF0, 0x96, 0xF0, 0x96, 0xF0, 0x96, 0xF0,
    0x96, 0xF0, 0x97, 0xF0, 0x97, 0xF0, 0x97, 0xF0,
    0x97, 0xF0, 0x98, 0xF0, 0x98, 0xF0, 0x98, 0xF0,
    0x98, 0xF0, 0x99, 0xF0, 0x99, 0xF0, 0x99, 0xF0,
    0x99, 0xF0, 0x9A, 0xF0, 0x9A, 0xF0, 0x9A, 0xF0,
    0x9A, 0xF0, 0x8A, 0xF0, 0x8A, 0xF0, 0x8A, 0xF0,
    0x8A, 0xF0, 0x7A, 0xF0, 0x7A, 0xF0, 0x7A, 0xF0,
    0x7A, 0xF0, 0x6A, 0xF0, 0x6A, 0xF0, 0x6A, 0xF0,
    0x6A, 0xF0, 0x5A, 0xF0, 0x5A, 0xF0, 0x5A, 0xF0,
    0x5A, 0xF0, 0x4A, 0xF0, 0x4A, 0xF0, 0x4A, 0xF0,
    0x4A, 0xF0, 0x3A, 0xF0, 0x3A, 0xF0, 0x3A, 0xF0,
    0x3A, 0xF0, 0x3A, 0xF0, 0x2A, 0xF0, 0x2A, 0xF0,
    0x2A, 0xF0, 0x1A, 0xF0, 0x1A, 0xF0, 0x1A, 0xF0,
    0x1A, 0xF0, 0x0A, 0xF0, 0x0A, 0xF0, 0x0A, 0xF0,
    0x0A, 0xF0, 0x0A, 0xF0, 0x0A, 0xF0, 0x0A, 0xF0,
    0x0A, 0xF0, 0x0A, 0xF0, 0x0A, 0xF0, 0x0A, 0xF0,
    0x0A, 0xF0, 0x0A, 0xF1, 0x0A, 0xF1, 0x0A, 0xF1,
    0x0A, 0xF1, 0x0A, 0xF2, 0x0A, 0xF2, 0x0A, 0xF2,
    0x0A, 0xF2, 0x0A, 0xF2, 0x0A, 0xF3, 0x0A, 0xF3,
    0x0A, 0xF3, 0x0A, 0xF3, 0x0A, 0xF4, 0x0A, 0xF4,
    0x0A, 0xF4, 0x0A, 0xF4, 0x0A, 0xF5, 0x0A, 0xF5,
    0x0A, 0xF5, 0x0A, 0xF5, 0x0A, 0xF6, 0x0A, 0xF6,
    0x0A, 0xF6, 0x0A, 0xF6, 0x0A, 0xF7, 0x0A, 0xF7,
    0x0A, 0xF7, 0x0A, 0xF7, 0x0A, 0xF8, 0x0A, 0xF8,
    0x0A, 0xF8, 0x0A, 0xF8, 0x0A, 0xF9, 0x0A, 0xF9,
    0x0A, 0xF9, 0x0A, 0xF9, 0x0A, 0xFA, 0x0A, 0xFA,
    0x0A, 0xFA, 0x0A, 0xFA, 0x09, 0xFA, 0x09, 0xFA,
    0x09, 0xFA, 0x09, 0xFA, 0x08, 0xFA, 0x08, 0xFA,
    0x08, 0xFA, 0x08, 0xFA, 0x07, 0xFA, 0x07, 0xFA,
    0x07, 0xFA, 0x07, 0xFA, 0x06, 0xFA, 0x06, 0xFA,
    0x06, 0xFA, 0x06, 0xFA, 0x05, 0xFA, 0x05, 0xFA,
    0x05, 0xFA, 0x05, 0xFA, 0x05, 0xFA, 0x04, 0xFA,
    0x04, 0xFA, 0x04, 0xFA, 0x04, 0xFA, 0x03, 0xFA,
    0x03, 0xFA, 0x03, 0xFA, 0x02, 0xFA, 0x02, 0xFA,
    0x02, 0xFA, 0x02, 0xFA, 0x02, 0xFA, 0x01, 0xFA,
    0x01, 0xFA, 0x01, 0xFA, 0x01, 0xFA, 0x00, 0xFA,
    0x00, 0xFA, 0x00, 0xFA, 0x00, 0xFA, 0x00, 0xFA,
    0x00, 0xFA, 0x00, 0xFA, 0x00, 0xFA, 0x00, 0xFA,
    0x00, 0xFA, 0x00, 0xFA, 0x00, 0xFA, 0x10, 0xFA,
    0x10, 0xFA, 0x10, 0xFA, 0x10, 0xFA, 0x20, 0xFA,
    0x20, 0xFA, 0x20, 0xFA, 0x20, 0xFA, 0x30, 0xFA,
    0x30, 0xFA, 0x30, 0xFA, 0x30, 0xFA, 0x40, 0xFA,
    0x40, 0xFA, 0x40, 0xFA, 0x40, 0xFA, 0x50, 0xFA,
    0x50, 0xFA, 0x50, 0xFA, 0x50, 0xFA, 0x60, 0xFA,
    0x60, 0xFA, 0x60, 0xFA, 0x60, 0xFA, 0x70, 0xFA,
    0x70, 0xFA, 0x70, 0xFA, 0x70, 0xFA, 0x70, 0xFA,
    0x80, 0xFA, 0x80, 0xFA, 0x80, 0xFA, 0x90, 0xFA,
    0x90, 0xFA, 0x90, 0xFA, 0x90, 0xFA, 0x90, 0xF9,
    0x90, 0xF9, 0x90, 0xF9, 0x90, 0xF9, 0x90, 0xF8,
    0x90, 0xF8, 0x90, 0xF8, 0x90, 0xF8, 0x90, 0xF7,
    0x90, 0xF7, 0x90, 0xF7, 0x90, 0xF7, 0x90, 0xF7,
    0x90, 0xF6, 0x90, 0xF6, 0x90, 0xF6, 0x90, 0xF6,
    0x90, 0xF5, 0x90, 0xF5, 0x90, 0xF5, 0x90, 0xF5,
    0x90, 0xF4, 0x90, 0xF4, 0x90, 0xF4, 0x90, 0xF4,
    0x90, 0xF3, 0x90, 0xF3, 0x90, 0xF3, 0x90, 0xF3,
    0x90, 0xF2, 0x90, 0xF2, 0x90, 0xF2, 0x90, 0xF2,
    0x90, 0xF1, 0x90, 0xF1, 0x90, 0xF1, 0x90, 0xF1,
    0x90, 0xF0, 0x90, 0xF0, 0x90, 0xF0, 0x90, 0xF0,
    0x90, 0xF0, 0x90, 0xF0, 0x90, 0xF0, 0x90, 0xF0,
    0x91, 0xF0, 0x91, 0xF0, 0x91, 0xF0, 0x91, 0xF0,
    0x91, 0xF0, 0x92, 0xF0, 0x92, 0xF0, 0x92, 0xF0,
    0x92, 0xF0, 0x93, 0xF0, 0x93, 0xF0, 0x93, 0xF0,
    0x93, 0xF0, 0x94, 0xF0, 0x94, 0xF0, 0x94, 0xF0,
    0x94, 0xF0, 0x95, 0xF0, 0x95, 0xF0, 0x95, 0xF0,
    0x95, 0xF0, 0x96, 0xF0, 0x96, 0xF0, 0x96, 0xF0,
    0x96, 0xF0, 0x97, 0xF0, 0x97, 0xF0, 0x97, 0xF0,
    0x97, 0xF0, 0x97, 0xF0, 0x98, 0xF0, 0x98, 0xF0,
    0x98, 0xF0, 0x99, 0xF0, 0x99, 0xF0, 0x99, 0xF0,
    0x99, 0xF0, 0x99, 0xF0, 0x9A, 0xF0, 0x9A, 0xF0,
    0x8A, 0xF0, 0x8A, 0xF0, 0x8A, 0xF0, 0x8A, 0xF0,
    0x7A, 0xF0, 0x7A, 0xF0, 0x7A, 0xF0, 0x7A, 0xF0,
    0x6A, 0xF0, 0x6A, 0xF0, 0x6A, 0xF0, 0x6A, 0xF0,
    0x5A, 0xF0, 0x5A, 0xF0, 0x5A, 0xF0, 0x5A, 0xF0,
    0x5A, 0xF0, 0x4A, 0xF0, 0x4A, 0xF0, 0x4A, 0xF0,
    0x4A, 0xF0, 0x3A, 0xF0, 0x3A, 0xF0, 0x3A, 0xF0,
    0x3A, 0xF0, 0x2A, 0xF0, 0x2A, 0xF0, 0x2A, 0xF0,
    0x2A, 0xF0, 0x1A, 0xF0, 0x1A, 0xF0, 0x1A, 0xF0,
    0x1A, 0xF0, 0x0A, 0xF0, 0x0A, 0xF0, 0x0A, 0xF0,
    0x0A, 0xF0, 0x0A, 0xF0, 0x0A, 0xF0, 0x0A, 0xF0,
    0x0A, 0xF0, 0x0A, 0xF0, 0x0A, 0xF0, 0x0A, 0xF0,
    0x0A, 0xF0, 0x0A, 0xF1, 0x0A, 0xF1, 0x0A, 0xF1,
    0x0A, 0xF1, 0x0A, 0xF2, 0x0A, 0xF2, 0x0A, 0xF2,
    0x0A, 0xF2, 0x0A, 0xF2, 0x0A, 0xF3, 0x0A, 0xF3,
    0x0A, 0xF3, 0x0A, 0xF3, 0x0A, 0xF4, 0x0A, 0xF4,
    0x0A, 0xF4, 0x0A, 0xF4, 0x0A, 0xF5, 0x0A, 0xF5,
    0x0A, 0xF5, 0x0A, 0xF5, 0x0A, 0xF6, 0x0A, 0xF6,
    0x0A, 0xF6, 0x0A, 0xF6, 0x0A, 0xF7, 0x0A, 0xF7,
    0x0A, 0xF7, 0x0A, 0xF7, 0x0A, 0xF7, 0x0A, 0xF8,
    0x0A, 0xF8, 0x0A, 0xF8, 0x0A, 0xF8, 0x0A, 0xF9,
    0x0A, 0xF9, 0x0A, 0xF9, 0x0A, 0xF9, 0x0A, 0xFA,
    0x0A, 0xFA, 0x0A, 0xFA, 0x09, 0xFA, 0x09, 0xFA,
    0x09, 0xFA, 0x08, 0xFA, 0x08, 0xFA, 0x08, 0xFA,
    0x08, 0xFA, 0x08, 0xFA, 0x07, 0xFA, 0x07, 0xFA,
    0x07, 0xFA, 0x07, 0xFA, 0x06, 0xFA, 0x06, 0xFA,
    0x06, 0xFA, 0x06, 0xFA, 0x05, 0xFA, 0x05, 0xFA,
    0x05, 0xFA, 0x05, 0xFA, 0x04, 0xFA, 0x04, 0xFA,
    0x04, 0xFA, 0x04, 0xFA, 0x03, 0xFA, 0x03, 0xFA,
    0x03, 0xFA, 0x03, 0xFA, 0x02, 0xFA, 0x02, 0xFA,
    0x02, 0xFA, 0x02, 0xFA, 0x02, 0xFA, 0x01, 0xFA,
    0x01, 0xFA, 0x01, 0xFA, 0x01, 0xFA, 0x00, 0xFA,
    0x00, 0xFA, 0x00, 0xFA, 0x00, 0xFA, 0x00, 0xFA,
    0x00, 0xFA, 0x00, 0xFA, 0x00, 0xFA, 0x00, 0xFA,
    0x00, 0xFA, 0x00, 0xFA, 0x00, 0xFA, 0x10, 0xFA,
    0x10, 0xFA, 0x10, 0xFA, 0x10, 0xFA, 0x20, 0xFA,
    0x20, 0xFA, 0x20, 0xFA, 0x20, 0xFA, 0x30, 0xFA,
    0x30, 0xFA, 0x30, 0xFA, 0x30, 0xFA, 0x30, 0xFA,
    0x40, 0xFA, 0x40, 0xFA, 0x40, 0xFA, 0x40, 0xFA,
    0x50, 0xFA, 0x50, 0xFA, 0x50, 0xFA, 0x50, 0xFA,
    0x60, 0xFA, 0x60, 0xFA, 0x60, 0xFA, 0x60, 0xFA,
    0x70, 0xFA, 0x70, 0xFA, 0x70, 0xFA, 0x70, 0xFA,
    0x80, 0xFA, 0x80, 0xFA, 0x80, 0xFA, 0x80, 0xFA,
    0x90, 0xFA, 0x90, 0xFA, 0x90, 0xF9, 0x90, 0xF9,
    0x90, 0xF9, 0x90, 0xF9, 0x90, 0xF9, 0x90, 0xF8,
    0x90, 0xF8, 0x90, 0xF8, 0x90, 0xF8, 0x90, 0xF7,
    0x90, 0xF7, 0x90, 0xF7, 0x90, 0xF7, 0x90, 0xF6,
    0x90, 0xF6, 0x90, 0xF6, 0x90, 0xF6, 0x90, 0xF5,
    0x90, 0xF5, 0x90, 0xF5, 0x90, 0xF5, 0x90, 0xF4,
    0x90, 0xF4, 0x90, 0xF4, 0x90, 0xF4, 0x90, 0xF4,
    0x90, 0xF3, 0x90, 0xF3, 0x90, 0xF3, 0x90, 0xF3,
    0x90, 0xF2, 0x90, 0xF2, 0x90, 0xF2, 0x90, 0xF2,
    0x90, 0xF1, 0x90, 0xF1, 0x90, 0xF1, 0x90, 0xF1,
    0x90, 0xF0, 0x90, 0xF0, 0x90, 0xF0, 0x90, 0xF0,
    0x90, 0xF0, 0x90, 0xF0, 0x90, 0xF0, 0x90, 0xF0,
    0x91, 0xF0, 0x91, 0xF0, 0x91, 0xF0, 0x91, 0xF0,
    0x91, 0xF0, 0x92, 0xF0, 0x92, 0xF0, 0x92, 0xF0,
    0x92, 0xF0, 0x93, 0xF0, 0x93, 0xF0, 0x93, 0xF0,
    0x93, 0xF0, 0x94, 0xF0, 0x94, 0xF0, 0x94, 0xF0,
    0x94, 0xF0, 0x94, 0xF0, 0x95, 0xF0, 0x95, 0xF0,
    0x95, 0xF0, 0x96, 0xF0, 0x96, 0xF0, 0x96, 0xF0,
    0x96, 0xF0, 0x97, 0xF0, 0x97, 0xF0, 0x97, 0xF0,
    0x97, 0xF0, 0x97, 0xF0, 0x98, 0xF0, 0x98, 0xF0,
    0x98, 0xF0, 0x98, 0xF0, 0x99, 0xF0, 0x99, 0xF0,
    0x99, 0xF0, 0x99, 0xF0, 0x9A, 0xF0, 0x9A, 0xF0,
    0x8A, 0xF0, 0x8A, 0xF0, 0x8A, 0xF0, 0x8A, 0xF0,
    0x7A, 0xF0, 0x7A, 0xF0, 0x7A, 0xF0, 0x6A, 0xF0,
    0x6A, 0xF0, 0x6A, 0xF0, 0x6A, 0xF0, 0x6A, 0xF0,
    0x5A, 0xF0, 0x5A, 0xF0, 0x5A, 0xF0, 0x5A, 0xF0,
    0x4A, 0xF0, 0x4A, 0xF0, 0x4A, 0xF0, 0x4A, 0xF0,
    0x3A, 0xF0, 0x3A, 0xF0, 0x3A, 0xF0, 0x3A, 0xF0,
    0x3A, 0xF0, 0x2A, 0xF0, 0x2A, 0xF0, 0x2A, 0xF0,
    0x2A, 0xF0, 0x1A, 0xF0, 0x1A, 0xF0, 0x1A, 0xF0,
    0x1A, 0xF0, 0x0A, 0xF0, 0x0A, 0xF0, 0x0A, 0xF0,
    0x0A, 0xF0, 0x0A, 0xF0, 0x0A, 0xF0, 0x0A, 0xF0,
    0x0A, 0xF0, 0x0A, 0xF0, 0x0A, 0xF0, 0x0A, 0xF0,
    0x0A, 0xF0, 0x0A, 0xF0, 0x0A, 0xF1, 0x0A, 0xF1,
    0x0A, 0xF1, 0x0A, 0xF1, 0x0A, 0xF2, 0x0A, 0xF2,
    0x0A, 0xF2, 0x0A, 0xF2, 0x0A, 0xF2, 0x0A, 0xF3,
    0x0A, 0xF3, 0x0A, 0xF3, 0x0A, 0xF4, 0x0A, 0xF4,
    0x0A, 0xF4, 0x0A, 0xF4, 0x0A, 0xF5, 0x0A, 0xF5,
    0x0A, 0xF5, 0x0A, 0xF5, 0x0A, 0xF5, 0x0A, 0xF6,
    0x0A, 0xF6, 0x0A, 0xF6, 0x0A, 0xF6, 0x0A, 0xF7,
    0x0A, 0xF7, 0x0A, 0xF7, 0x0A, 0xF7, 0x0A, 0xF8,
    0x0A, 0xF8, 0x0A, 0xF8, 0x0A, 0xF8, 0x0A, 0xF9,
    0x0A, 0xF9, 0x0A, 0xF9, 0x0A, 0xF9, 0x0A, 0xF9,
    0x0A, 0xFA, 0x09, 0xFA, 0x09, 0xFA, 0x09, 0xFA,
    0x09, 0xFA, 0x08, 0xFA, 0x08, 0xFA, 0x08, 0xFA,
    0x08, 0xFA, 0x07, 0xFA, 0x07, 0xFA, 0x07, 0xFA,
    0x07, 0xFA, 0x06, 0xFA, 0x06, 0xFA, 0x06, 0xFA,
    0x06, 0xFA, 0x05, 0xFA, 0x05, 0xFA, 0x05, 0xFA,
    0x05, 0xFA, 0x05, 0xFA, 0x04, 0xFA, 0x04, 0xFA,
    0x04, 0xFA, 0x04, 0xFA, 0x03, 0xFA, 0x03, 0xFA,
    0x03, 0xFA, 0x03, 0xFA, 0x02, 0xFA, 0x02, 0xFA,
    0x02, 0xFA, 0x02, 0xFA, 0x02, 0xFA, 0x01, 0xFA,
    0x01, 0xFA, 0x01, 0xFA, 0x01, 0xFA, 0x00, 0xFA,
    0x00, 0xFA, 0x00, 0xFA, 0x00, 0xFA, 0x00, 0xFA,
    0x00, 0xFA, 0x00, 0xFA, 0x00, 0xFA, 0x00, 0xFA,
    0x00, 0xFA, 0x00, 0xFA, 0x00, 0xFA, 0x10, 0xFA,
    0x10, 0xFA, 0x10, 0xFA, 0x10, 0xFA, 0x20, 0xFA,
    0x20, 0xFA, 0x20, 0xFA, 0x20, 0xFA, 0x20, 0xFA,
    0x30, 0xFA, 0x30, 0xFA, 0x30, 0xFA, 0x30, 0xFA,
    0x40, 0xFA, 0x40, 0xFA, 0x40, 0xFA, 0x40, 0xFA,
    0x50, 0xFA, 0x50, 0xFA, 0x50, 0xFA, 0x50, 0xFA,
    0x60, 0xFA, 0x60, 0xFA, 0x60, 0xFA, 0x60, 0xFA,
    0x70, 0xFA, 0x70, 0xFA, 0x70, 0xFA, 0x70, 0xFA,
    0x80, 0xFA, 0x80, 0xFA, 0x80, 0xFA, 0x80, 0xFA,
    0x90, 0xFA, 0x90, 0xFA, 0x90, 0xF9, 0x90, 0xF9,
    0x90, 0xF9, 0x90, 0xF9, 0x90, 0xF8, 0x90, 0xF8,
    0x90, 0xF8, 0x90, 0xF8, 0x90, 0xF8, 0x90, 0xF7,
    0x90, 0xF7, 0x90, 0xF7, 0x90, 0xF7, 0x90, 0xF6,
    0x90, 0xF6, 0x90, 0xF6, 0x90, 0xF6, 0x90, 0xF5,
    0x90, 0xF5, 0x90, 0xF5, 0x90, 0xF5, 0x90, 0xF4,
    0x90, 0xF4, 0x90, 0xF4, 0x90, 0xF4, 0x90, 0xF4,
    0x90, 0xF3, 0x90, 0xF3, 0x90, 0xF3, 0x90, 0xF3,
    0x90, 0xF2, 0x90, 0xF2, 0x90, 0xF2, 0x90, 0xF2,
    0x90, 0xF1, 0x90, 0xF1, 0x90, 0xF1, 0x90, 0xF1,
    0x90, 0xF0, 0x90, 0xF0, 0x90, 0xF0, 0x90, 0xF0,
    0x90, 0xF0, 0x90, 0xF0, 0x90, 0xF0, 0x90, 0xF0,
    0x81, 0xF0, 0x91, 0xF0, 0x91, 0xF0, 0x91, 0xF0,
    0x91, 0xF0, 0x92, 0xF0, 0x92, 0xF0, 0x92, 0xF0,
    0x92, 0xF0, 0x93, 0xF0, 0x93, 0xF0, 0x93, 0xF0,
    0x93, 0xF0, 0x94, 0xF0, 0x94, 0xF0, 0x94, 0xF0,
    0x94, 0xF0, 0x94, 0xF0, 0x95, 0xF0, 0x85, 0xF0,
    0x95, 0xF0, 0x95, 0xF0, 0x96, 0xF0, 0x96, 0xF0,
    0x96, 0xF0, 0x96, 0xF0, 0x97, 0xF0, 0x97, 0xF0,
    0x97, 0xF0, 0x97, 0xF0, 0x98, 0xF0, 0x98, 0xF0,
    0x88, 0xF0, 0x98, 0xF0, 0x99, 0xF0, 0x99, 0xF0,
    0x99, 0xF0, 0x99, 0xF0, 0x99, 0xF0, 0x8A, 0xF0,
    0x8A, 0xF0, 0x8A, 0xF0, 0x8A, 0xF0, 0x8A, 0xF0,
    0x7A, 0xF0, 0x7A, 0xF0, 0x7A, 0xF0, 0x6A, 0xF0,
    0x6A, 0xF0, 0x6A, 0xF0, 0x6A, 0xF0, 0x5A, 0xF0,
    0x5A, 0xF0, 0x5A, 0xF0, 0x5A, 0xF0, 0x5A, 0xF0,
    0x4A, 0xF0, 0x4A, 0xF0, 0x4A, 0xF0, 0x4A, 0xF0,
    0x3A, 0xF0, 0x3A, 0xF0, 0x3A, 0xF0, 0x3A, 0xF0,
    0x2A, 0xF0, 0x2A, 0xF0, 0x2A, 0xF0, 0x2A, 0xF0,
    0x2A, 0xF0, 0x1A, 0xF0, 0x1A, 0xF0, 0x1A, 0xF0,
    0x1A, 0xF0, 0x0A, 0xF0, 0x0A, 0xF0, 0x0A, 0xF0,
    0x0A, 0xF0, 0x0A, 0xF0, 0x0A, 0xF0, 0x0A, 0xF0,
    0x0A, 0xF0, 0x0A, 0xF0, 0x09, 0xF0, 0x0A, 0xF0,
    0x0A, 0xF0, 0x0A, 0xF0, 0x09, 0xF1, 0x0A, 0xF1,
    0x0A, 0xF1, 0x0A, 0xF1, 0x0A, 0xF2, 0x0A, 0xF2,
    0x09, 0xF2, 0x0A, 0xF2, 0x0A, 0xF2, 0x0A, 0xF3,
    0x0A, 0xF3, 0x0A, 0xF3, 0x0A, 0xF3, 0x0A, 0xF4,
    0x0A, 0xF4, 0x0A, 0xF4, 0x0A, 0xF5, 0x0A, 0xF5,
    0x0A, 0xF5, 0x0A, 0xF5, 0x0A, 0xF5, 0x0A, 0xF6,
    0x0A, 0xF6, 0x0A, 0xF6, 0x0A, 0xF6, 0x0A, 0xF7,
    0x0A, 0xF7, 0x0A, 0xF7, 0x0A, 0xF7, 0x0A, 0xF8,
    0x0A, 0xF8, 0x0A, 0xF8, 0x0A, 0xF8, 0x0A, 0xF8,
    0x0A, 0xF9, 0x0A, 0xF9, 0x0A, 0xF9, 0x0A, 0xF9,
    0x0A, 0xFA, 0x09, 0xFA, 0x09, 0xFA, 0x09, 0xFA,
    0x09, 0xFA, 0x08, 0xF9, 0x08, 0xFA, 0x08, 0xFA,
    0x08, 0xFA, 0x07, 0xFA, 0x07, 0xFA, 0x07, 0xFA,
    0x07, 0xFA, 0x06, 0xFA, 0x06, 0xFA, 0x06, 0xFA,
    0x06, 0xFA, 0x05, 0xFA, 0x05, 0xFA, 0x05, 0xFA,
    0x05, 0xF9, 0x05, 0xF9, 0x04, 0xFA, 0x04, 0xFA,
    0x04, 0xFA, 0x04, 0xFA, 0x03, 0xFA, 0x03, 0xFA,
    0x03, 0xFA, 0x03, 0xFA, 0x02, 0xFA, 0x02, 0xFA,
    0x02, 0xFA, 0x02, 0xFA, 0x01, 0xFA, 0x01, 0xFA,
    0x01, 0xFA, 0x01, 0xFA, 0x01, 0xFA, 0x00, 0xFA,
    0x00, 0xF9, 0x00, 0xFA, 0x00, 0xFA, 0x00, 0xFA,
    0x00, 0xFA, 0x00, 0xFA, 0x00, 0xFA, 0x00, 0xFA,
    0x00, 0xFA, 0x00, 0xFA, 0x00, 0xFA, 0x10, 0xFA,
    0x10, 0xFA, 0x10, 0xFA, 0x10, 0xFA, 0x20, 0xFA,
    0x20, 0xFA, 0x20, 0xFA, 0x20, 0xFA, 0x20, 0xFA,
    0x30, 0xFA, 0x30, 0xFA, 0x30, 0xFA, 0x30, 0xFA,
    0x40, 0xFA, 0x40, 0xFA, 0x40, 0xFA, 0x40, 0xFA,
    0x50, 0xFA, 0x50, 0xFA, 0x50, 0xFA, 0x50, 0xFA,
    0x50, 0xFA, 0x60, 0xFA, 0x60, 0xFA, 0x60, 0xFA,
    0x60, 0xFA, 0x70, 0xFA, 0x70, 0xFA, 0x70, 0xFA,
    0x70, 0xFA, 0x80, 0xFA, 0x80, 0xFA, 0x80, 0xFA,
    0x80, 0xFA, 0x80, 0xF9, 0x90, 0xF9, 0x90, 0xF9,
    0x90, 0xF9, 0x90, 0xF9, 0x80, 0xF8, 0x80, 0xF8,
    0x90, 0xF8, 0x90, 0xF8, 0x90, 0xF7, 0x90, 0xF7,
    0x90, 0xF7, 0x90, 0xF7, 0x90, 0xF7, 0x90, 0xF6,
    0x90, 0xF6, 0x90, 0xF6, 0x90, 0xF6, 0x90, 0xF5,
    0x90, 0xF5, 0x90, 0xF5, 0x90, 0xF5, 0x90, 0xF4,
    0x90, 0xF4, 0x90, 0xF4, 0x90, 0xF4, 0x90, 0xF3,
    0x90, 0xF3, 0x90, 0xF3, 0x90, 0xF3, 0x90, 0xF3,
    0x90, 0xF2, 0x90, 0xF2, 0x90, 0xF2, 0x90, 0xF2,
    0x90, 0xF1, 0x90, 0xF1, 0x90, 0xF1, 0x80, 0xF1,
    0x90, 0xF0, 0x90, 0xF0, 0x90, 0xF0, 0x90, 0xF0,
    0x80, 0xF0, 0x80, 0xF0, 0x80, 0xF0, 0x80, 0xF0,
    0x80, 0xF0, 0x81, 0xF0, 0x81, 0xF0, 0x81, 0xF0,
    0x81, 0xF0, 0x82, 0xF0, 0x82, 0xF0, 0x82, 0xF0,
    0x82, 0xF0, 0x82, 0xF0, 0x83, 0xF0, 0x83, 0xF0,
    0x83, 0xF0, 0x83, 0xF0, 0x84, 0xF0, 0x84, 0xF0,
    0x84, 0xF0, 0x84, 0xF0, 0x85, 0xF0, 0x85, 0xF0,
    0x85, 0xF0, 0x85, 0xF0, 0x86, 0xF0, 0x86, 0xF0,
    0x86, 0xF0, 0x86, 0xF0, 0x87, 0xF0, 0x87, 0xF0,
    0x87, 0xF0, 0x87, 0xF0, 0x87, 0xF0, 0x88, 0xF0,
    0x88, 0xF0, 0x88, 0xF0, 0x88, 0xF0, 0x89, 0xF0,
    0x89, 0xF0, 0x89, 0xF0, 0x89, 0xF0, 0x89, 0xF0,
    0x89, 0xF0, 0x89, 0xF0, 0x89, 0xF0, 0x79, 0xF0,
    0x79, 0xF0, 0x79, 0xF0, 0x79, 0xF0, 0x69, 0xF0,
    0x69, 0xF0, 0x69, 0xF0, 0x69, 0xF0, 0x59, 0xF0,
    0x59, 0xF0, 0x59, 0xF0, 0x59, 0xF0, 0x59, 0xF0,
    0x49, 0xF0, 0x49, 0xF0, 0x49, 0xF0, 0x49, 0xF0,
    0x39, 0xF0, 0x39, 0xF0, 0x39, 0xF0, 0x39, 0xF0,
    0x29, 0xF0, 0x29, 0xF0, 0x29, 0xF0, 0x29, 0xF0,
    0x29, 0xF0, 0x19, 0xF0, 0x19, 0xF0, 0x19, 0xF0,
    0x19, 0xF0, 0x09, 0xF0, 0x09, 0xF0, 0x09, 0xF0,
    0x09, 0xF0, 0x09, 0xF0, 0x09, 0xF0, 0x09, 0xF0,
    0x09, 0xF0, 0x09, 0xF0, 0x09, 0xF0, 0x09, 0xF0,
    0x09, 0xF0, 0x09, 0xF0, 0x09, 0xF1, 0x09, 0xF1,
    0x09, 0xF1, 0x09, 0xF1, 0x09, 0xF2, 0x09, 0xF2,
    0x09, 0xF2, 0x09, 0xF2, 0x09, 0xF2, 0x09, 0xF3,
    0x09, 0xF3, 0x09, 0xF3, 0x09, 0xF3, 0x09, 0xF4,
    0x09, 0xF4, 0x09, 0xF4, 0x09, 0xF4, 0x09, 0xF5,
    0x09, 0xF5, 0x09, 0xF5, 0x09, 0xF5, 0x09, 0xF6,
    0x09, 0xF6, 0x09, 0xF6, 0x09, 0xF6, 0x09, 0xF6,
    0x09, 0xF7, 0x09, 0xF7, 0x09, 0xF7, 0x09, 0xF7,
    0x09, 0xF8, 0x09, 0xF8, 0x09, 0xF8, 0x09, 0xF8,
    0x09, 0xF8, 0x09, 0xF9, 0x09, 0xF9, 0x09, 0xF9,
    0x09, 0xF9, 0x09, 0xF9, 0x09, 0xF9, 0x09, 0xFA,
    0x08, 0xFA, 0x08, 0xF9, 0x08, 0xF9, 0x08, 0xF9,
    0x07, 0xF9, 0x07, 0xF9, 0x07, 0xF9, 0x07, 0xF9,
    0x07, 0xF9, 0x06, 0xF9, 0x06, 0xF9, 0x06, 0xF9,
    0x06, 0xF9, 0x05, 0xF9, 0x05, 0xF9, 0x05, 0xF9,
    0x05, 0xF9, 0x04, 0xF9, 0x04, 0xF9, 0x04, 0xF9,
    0x04, 0xF9, 0x04, 0xF9, 0x03, 0xF9, 0x03, 0xF9,
    0x03, 0xF9, 0x03, 0xF9, 0x02, 0xF9, 0x02, 0xF9,
    0x02, 0xF9, 0x02, 0xF9, 0x01, 0xF9, 0x01, 0xF9,
    0x01, 0xF9, 0x01, 0xF9, 0x00, 0xF9, 0x00, 0xF9,
    0x00, 0xF9, 0x00, 0xF9, 0x00, 0xF9, 0x00, 0xF9,
    0x00, 0xF9, 0x00, 0xF9, 0x00, 0xF9, 0x00, 0xF9,
    0x00, 0xF9, 0x00, 0xF9, 0x00, 0xF9, 0x10, 0xF9,
    0x10, 0xF9, 0x10, 0xF9, 0x10, 0xF9, 0x10, 0xF9,
    0x20, 0xF9, 0x20, 0xF9, 0x20, 0xF9, 0x20, 0xF9,
    0x30, 0xF9, 0x30, 0xF9, 0x30, 0xF9, 0x30, 0xF9,
    0x40, 0xF9, 0x40, 0xF9, 0x40, 0xF9, 0x40, 0xF9,
    0x50, 0xF9, 0x50, 0xF9, 0x50, 0xF9, 0x50, 0xF9,
    0x50, 0xF9, 0x50, 0xF9, 0x60, 0xF9, 0x60, 0xF9,
    0x60, 0xF9, 0x70, 0xF9, 0x70, 0xF9, 0x70, 0xF9,
    0x70, 0xF9, 0x70, 0xF9, 0x80, 0xF9, 0x80, 0xF9,
    0x80, 0xF9, 0x80, 0xF9, 0x80, 0xF9, 0x80, 0xF9,
    0x80, 0xF9, 0x80, 0xF9, 0x80, 0xF8, 0x80, 0xF8,
    0x80, 0xF8, 0x80, 0xF7, 0x80, 0xF7, 0x80, 0xF7,
    0x80, 0xF7, 0x80, 0xF7, 0x80, 0xF6, 0x80, 0xF6,
    0x80, 0xF6, 0x80, 0xF6, 0x80, 0xF5, 0x80, 0xF5,
    0x80, 0xF5, 0x80, 0xF5, 0x80, 0xF4, 0x80, 0xF4,
    0x80, 0xF4, 0x80, 0xF4, 0x80, 0xF4, 0x80, 0xF3,
    0x80, 0xF3, 0x80, 0xF3, 0x80, 0xF3, 0x80, 0xF2,
    0x80, 0xF2, 0x80, 0xF2, 0x80, 0xF2, 0x80, 0xF2,
    0x80, 0xF1, 0x80, 0xF1, 0x80, 0xF1, 0x80, 0xF1,
    0x80, 0xF0, 0x80, 0xF0, 0x80, 0xF0, 0x90, 0xF0,
    0x80, 0xF0, 0x80, 0xF0, 0x80, 0xF0, 0x80, 0xF0,
    0x80, 0xF0, 0x81, 0xF0, 0x81, 0xF0, 0x81, 0xF0,
    0x81, 0xF0, 0x82, 0xF0, 0x82, 0xF0, 0x82, 0xF0,
    0x82, 0xF0, 0x83, 0xF0, 0x83, 0xF0, 0x83, 0xF0,
    0x83, 0xF0, 0x83, 0xF0, 0x84, 0xF0, 0x84, 0xF0,
    0x84, 0xF0, 0x84, 0xF0, 0x85, 0xF0, 0x85, 0xF0,
    0x85, 0xF0, 0x85, 0xF0, 0x86, 0xF0, 0x86, 0xF0,
    0x86, 0xF0, 0x86, 0xF0, 0x86, 0xF0, 0x87, 0xF0,
    0x87, 0xF0, 0x87, 0xF0, 0x87, 0xF0, 0x88, 0xF0,
    0x88, 0xF0, 0x88, 0xF0, 0x88, 0xF0, 0x89, 0xF0,
    0x89, 0xF0, 0x89, 0xF0, 0x89, 0xF0, 0x89, 0xF0,
    0x89, 0xF0, 0x89, 0xF0, 0x79, 0xF0, 0x79, 0xF0,
    0x79, 0xF0, 0x79, 0xF0, 0x79, 0xF0, 0x69, 0xF0,
    0x69, 0xF0, 0x69, 0xF0, 0x69, 0xF0, 0x59, 0xF0,
    0x59, 0xF0, 0x59, 0xF0, 0x59, 0xF0, 0x59, 0xF0,
    0x49, 0xF0, 0x49, 0xF0, 0x49, 0xF0, 0x49, 0xF0,
    0x39, 0xF0, 0x39, 0xF0, 0x39, 0xF0, 0x39, 0xF0,
    0x29, 0xF0, 0x29, 0xF0, 0x29, 0xF0, 0x29, 0xF0,
    0x29, 0xF0, 0x19, 0xF0, 0x19, 0xF0, 0x19, 0xF0,
    0x19, 0xF0, 0x09, 0xF0, 0x09, 0xF0, 0x09, 0xF0,
    0x09, 0xF0, 0x09, 0xF0, 0x09, 0xF0, 0x09, 0xF0,
    0x09, 0xF0, 0x09, 0xF0, 0x09, 0xF0, 0x09, 0xF0,
    0x09, 0xF0, 0x09, 0xF0, 0x09, 0xF1, 0x09, 0xF1,
    0x09, 0xF1, 0x09, 0xF1, 0x09, 0xF2, 0x09, 0xF2,
    0x09, 0xF2, 0x09, 0xF2, 0x09, 0xF2, 0x09, 0xF3,
    0x09, 0xF3, 0x09, 0xF3, 0x09, 0xF3, 0x09, 0xF4,
    0x09, 0xF4, 0x09, 0xF4, 0x09, 0xF4, 0x09, 0xF5,
    0x09, 0xF5, 0x09, 0xF5, 0x09, 0xF5, 0x09, 0xF5,
    0x09, 0xF6, 0x09, 0xF6, 0x09, 0xF6, 0x09, 0xF6,
    0x09, 0xF7, 0x09, 0xF7, 0x09, 0xF7, 0x09, 0xF7,
    0x09, 0xF8, 0x09, 0xF8, 0x09, 0xF8, 0x09, 0xF8,
    0x09, 0xF8, 0x09, 0xF9, 0x09, 0xF9, 0x09, 0xF9,
    0x09, 0xF9, 0x09, 0xF9, 0x09, 0xF9, 0x09, 0xF9,
    0x08, 0xF9, 0x08, 0xF9, 0x08, 0xF9, 0x08, 0xF9,
    0x07, 0xF9, 0x07, 0xF9, 0x07, 0xF9, 0x07, 0xF9,
    0x07, 0xF9, 0x06, 0xF9, 0x06, 0xF9, 0x06, 0xF9,
    0x06, 0xF9, 0x05, 0xF9, 0x05, 0xF9, 0x05, 0xF9,
    0x05, 0xF9, 0x04, 0xF9, 0x04, 0xF9, 0x04, 0xF9,
    0x04, 0xF9, 0x04, 0xF9, 0x03, 0xF9, 0x03, 0xF9,
    0x03, 0xF9, 0x03, 0xF9, 0x02, 0xF9, 0x02, 0xF9,
    0x02, 0xF9, 0x02, 0xF9, 0x01, 0xF9, 0x01, 0xF9,
    0x01, 0xF9, 0x01, 0xF9, 0x00, 0xF9, 0x00, 0xF9,
    0x00, 0xF9, 0x00, 0xF9, 0x00, 0xF9, 0x00, 0xF9,
    0x00, 0xF9, 0x00, 0xF9, 0x00, 0xF9, 0x00, 0xF9,
    0x00, 0xF9, 0x00, 0xF9, 0x00, 0xF9, 0x00, 0xF9,
    0x10, 0xF9, 0x10, 0xF9, 0x10, 0xF9, 0x10, 0xF9,
    0x20, 0xF9, 0x20, 0xF9, 0x20, 0xF9, 0x20, 0xF9,
    0x20, 0xF9, 0x30, 0xF9, 0x30, 0xF9, 0x30, 0xF9,
    0x40, 0xF9, 0x40, 0xF9, 0x40, 0xF9, 0x40, 0xF9,
    0x50, 0xF9, 0x50, 0xF9, 0x50, 0xF9, 0x50, 0xF9,
    0x50, 0xF9, 0x50, 0xF9, 0x60, 0xF9, 0x60, 0xF9,
    0x60, 0xF9, 0x60, 0xF9, 0x70, 0xF9, 0x70, 0xF9,
    0x70, 0xF9, 0x70, 0xF9, 0x80, 0xF9, 0x80, 0xF9,
    0x80, 0xF9, 0x80, 0xF9, 0x80, 0xF9, 0x80, 0xF9,
    0x80, 0xF9, 0x80, 0xF8, 0x80, 0xF8, 0x80, 0xF8,
    0x80, 0xF8, 0x80, 0xF7, 0x80, 0xF7, 0x80, 0xF7,
    0x80, 0xF7, 0x80, 0xF6, 0x80, 0xF6, 0x80, 0xF6,
    0x80, 0xF6, 0x80, 0xF6, 0x80, 0xF5, 0x80, 0xF5,
    0x80, 0xF5, 0x80, 0xF5, 0x80, 0xF4, 0x80, 0xF4,
    0x80, 0xF4, 0x80, 0xF4, 0x80, 0xF3, 0x80, 0xF3,
    0x80, 0xF3, 0x80, 0xF3, 0x80, 0xF3, 0x80, 0xF2,
    0x80, 0xF2, 0x80, 0xF2, 0x80, 0xF2, 0x80, 0xF1,
    0x80, 0xF1, 0x80, 0xF1, 0x80, 0xF1, 0x80, 0xF1,
    0x80, 0xF0, 0x80, 0xF0, 0x80, 0xF0, 0x80, 0xF0,
    0x80, 0xF0, 0x80, 0xF0, 0x80, 0xF0, 0x80, 0xF0,
    0x80, 0xF0, 0x81, 0xF0, 0x81, 0xF0, 0x81, 0xF0,
    0x81, 0xF0, 0x82, 0xF0, 0x82, 0xF0, 0x82, 0xF0,
    0x82, 0xF0, 0x82, 0xF0, 0x83, 0xF0, 0x83, 0xF0,
    0x83, 0xF0, 0x83, 0xF0, 0x84, 0xF0, 0x84, 0xF0,
    0x84, 0xF0, 0x84, 0xF0, 0x85, 0xF0, 0x85, 0xF0,
    0x85, 0xF0, 0x85, 0xF0, 0x85, 0xF0, 0x86, 0xF0,
    0x86, 0xF0, 0x86, 0xF0, 0x86, 0xF0, 0x87, 0xF0,
    0x87, 0xF0, 0x87, 0xF0, 0x87, 0xF0, 0x87, 0xF0,
    0x88, 0xF0, 0x88, 0xF0, 0x88, 0xF0, 0x88, 0xF0,
    0x89, 0xF0, 0x89, 0xF0, 0x89, 0xF0, 0x89, 0xF0,
    0x89, 0xF0, 0x79, 0xF0, 0x79, 0xF0, 0x79, 0xF0,
    0x79, 0xF0, 0x79, 0xF0, 0x69, 0xF0, 0x69, 0xF0,
    0x69, 0xF0, 0x69, 0xF0, 0x69, 0xF0, 0x59, 0xF0,
    0x59, 0xF0, 0x59, 0xF0, 0x59, 0xF0, 0x49, 0xF0,
    0x49, 0xF0, 0x49, 0xF0, 0x49, 0xF0, 0x49, 0xF0,
    0x39, 0xF0, 0x39, 0xF0, 0x39, 0xF0, 0x29, 0xF0,
    0x29, 0xF0, 0x29, 0xF0, 0x29, 0xF0, 0x29, 0xF0,
    0x19, 0xF0, 0x19, 0xF0, 0x19, 0xF0, 0x19, 0xF0,
    0x19, 0xF0, 0x09, 0xF0, 0x09, 0xF0, 0x09, 0xF0,
    0x09, 0xF0, 0x09, 0xF0, 0x09, 0xF0, 0x09, 0xF0,
    0x09, 0xF0, 0x09, 0xF0, 0x09, 0xF0, 0x09, 0xF0,
    0x09, 0xF0, 0x09, 0xF0, 0x09, 0xF1, 0x09, 0xF1,
    0x09, 0xF1, 0x09, 0xF1, 0x09, 0xF2, 0x09, 0xF2,
    0x09, 0xF2, 0x09, 0xF2, 0x09, 0xF2, 0x09, 0xF3,
    0x09, 0xF3, 0x09, 0xF3, 0x09, 0xF3, 0x09, 0xF4,
    0x09, 0xF4, 0x09, 0xF4, 0x09, 0xF4, 0x09, 0xF5,
    0x09, 0xF5, 0x09, 0xF5, 0x09, 0xF5, 0x09, 0xF5,
    0x09, 0xF6, 0x09, 0xF6, 0x09, 0xF6, 0x09, 0xF6,
    0x09, 0xF6, 0x09, 0xF7, 0x09, 0xF7, 0x09, 0xF7,
    0x09, 0xF7, 0x09, 0xF8, 0x09, 0xF8, 0x09, 0xF8,
    0x09, 0xF8, 0x09, 0xF8, 0x09, 0xF9, 0x09, 0xF9,
    0x09, 0xF9, 0x09, 0xF9, 0x09, 0xF9, 0x08, 0xF9,
    0x08, 0xF9, 0x08, 0xF9, 0x08, 0xF9, 0x07, 0xF9,
    0x07, 0xF9, 0x07, 0xF9, 0x07, 0xF9, 0x07, 0xF9,
    0x06, 0xF9, 0x06, 0xF9, 0x06, 0xF9, 0x06, 0xF9,
    0x05, 0xF9, 0x05, 0xF9, 0x05, 0xF9, 0x05, 0xF9,
    0x05, 0xF9, 0x04, 0xF9, 0x04, 0xF9, 0x04, 0xF9,
    0x04, 0xF9, 0x03, 0xF9, 0x03, 0xF9, 0x03, 0xF9,
    0x03, 0xF9, 0x03, 0xF9, 0x02, 0xF9, 0x02, 0xF9,
    0x02, 0xF9, 0x02, 0xF9, 0x01, 0xF9, 0x01, 0xF9,
    0x01, 0xF9, 0x01, 0xF9, 0x00, 0xF9, 0x00, 0xF9,
    0x00, 0xF9, 0x00, 0xF9, 0x00, 0xF9, 0x00, 0xF9,
    0x00, 0xF9, 0x00, 0xF9, 0x00, 0xF9, 0x00, 0xF9,
    0x00, 0xF9, 0x00, 0xF9, 0x00, 0xF9, 0x00, 0xF9,
    0x10, 0xF9, 0x10, 0xF9, 0x10, 0xF9, 0x10, 0xF9,
    0x20, 0xF9, 0x20, 0xF9, 0x20, 0xF9, 0x20, 0xF9,
    0x20, 0xF9, 0x30, 0xF9, 0x30, 0xF9, 0x30, 0xF9,
    0x30, 0xF9, 0x40, 0xF9, 0x40, 0xF9, 0x40, 0xF9,
    0x40, 0xF9, 0x50, 0xF9, 0x50, 0xF9, 0x50, 0xF9,
    0x50, 0xF9, 0x50, 0xF9, 0x60, 0xF9, 0x60, 0xF9,
    0x60, 0xF9, 0x60, 0xF9, 0x70, 0xF9, 0x70, 0xF9,
    0x70, 0xF9, 0x70, 0xF9, 0x70, 0xF9, 0x80, 0xF9,
    0x80, 0xF9, 0x80, 0xF9, 0x80, 0xF9, 0x80, 0xF9,
    0x80, 0xF9, 0x80, 0xF8, 0x80, 0xF8, 0x80, 0xF8,
    0x80, 0xF8, 0x80, 0xF7, 0x80, 0xF7, 0x80, 0xF7,
    0x80, 0xF7, 0x80, 0xF6, 0x80, 0xF6, 0x80, 0xF6,
    0x80, 0xF6, 0x80, 0xF5, 0x80, 0xF5, 0x80, 0xF5,
    0x80, 0xF5, 0x80, 0xF5, 0x80, 0xF4, 0x80, 0xF4,
    0x80, 0xF4, 0x80, 0xF4, 0x80, 0xF3, 0x80, 0xF3,
    0x80, 0xF3, 0x80, 0xF3, 0x80, 0xF2, 0x80, 0xF2,
    0x80, 0xF2, 0x80, 0xF2, 0x80, 0xF2, 0x80, 0xF1,
    0x80, 0xF1, 0x80, 0xF1, 0x80, 0xF1, 0x80, 0xF1,
    0x80, 0xF0, 0x80, 0xF0, 0x80, 0xF0, 0x80, 0xF0,
    0x80, 0xF0, 0x80, 0xF0, 0x80, 0xF0, 0x80, 0xF0,
    0x80, 0xF0, 0x81, 0xF0, 0x81, 0xF0, 0x81, 0xF0,
    0x81, 0xF0, 0x82, 0xF0, 0x82, 0xF0, 0x82, 0xF0,
    0x82, 0xF0, 0x82, 0xF0, 0x83, 0xF0, 0x83, 0xF0,
    0x83, 0xF0, 0x83, 0xF0, 0x83, 0xF0, 0x84, 0xF0,
    0x84, 0xF0, 0x84, 0xF0, 0x84, 0xF0, 0x85, 0xF0,
    0x85, 0xF0, 0x85, 0xF0, 0x85, 0xF0, 0x86, 0xF0,
    0x86, 0xF0, 0x86, 0xF0, 0x86, 0xF0, 0x86, 0xF0,
    0x87, 0xF0, 0x87, 0xF0, 0x87, 0xF0, 0x87, 0xF0,
    0x88, 0xF0, 0x88, 0xF0, 0x88, 0xF0, 0x88, 0xF0,
    0x88, 0xF0, 0x89, 0xF0, 0x89, 0xF0, 0x89, 0xF0,
    0x89, 0xF0, 0x79, 0xF0, 0x79, 0xF0, 0x79, 0xF0,
    0x79, 0xF0, 0x69, 0xF0, 0x69, 0xF0, 0x69, 0xF0,
    0x69, 0xF0, 0x69, 0xF0, 0x59, 0xF0, 0x59, 0xF0,
    0x59, 0xF0, 0x59, 0xF0, 0x59, 0xF0, 0x49, 0xF0,
    0x49, 0xF0, 0x49, 0xF0, 0x49, 0xF0, 0x39, 0xF0,
    0x39, 0xF0, 0x39, 0xF0, 0x39, 0xF0, 0x29, 0xF0,
    0x29, 0xF0, 0x29, 0xF0, 0x29, 0xF0, 0x29, 0xF0,
    0x19, 0xF0, 0x19, 0xF0, 0x19, 0xF0, 0x19, 0xF0,
    0x09, 0xF0, 0x09, 0xF0, 0x09, 0xF0, 0x09, 0xF0,
    0x09, 0xF0, 0x09, 0xF0, 0x09, 0xF0, 0x09, 0xF0,
    0x09, 0xF0, 0x09, 0xF0, 0x09, 0xF0, 0x09, 0xF0,
    0x09, 0xF0, 0x09, 0xF0, 0x09, 0xF1, 0x09, 0xF1,
    0x09, 0xF1, 0x09, 0xF1, 0x09, 0xF2, 0x09, 0xF2,
    0x09, 0xF2, 0x09, 0xF2, 0x09, 0xF2, 0x09, 0xF3,
    0x09, 0xF3, 0x09, 0xF3, 0x09, 0xF3, 0x09, 0xF3,
    0x09, 0xF4, 0x09, 0xF4, 0x09, 0xF4, 0x09, 0xF4,
    0x09, 0xF5, 0x09, 0xF5, 0x09, 0xF5, 0x09, 0xF5,
    0x09, 0xF5, 0x09, 0xF6, 0x09, 0xF6, 0x09, 0xF6,
    0x09, 0xF6, 0x09, 0xF6, 0x09, 0xF7, 0x09, 0xF7,
    0x09, 0xF7, 0x09, 0xF7, 0x09, 0xF8, 0x09, 0xF8,
    0x09, 0xF8, 0x09, 0xF8, 0x09, 0xF9, 0x09, 0xF9,
    0x09, 0xF9, 0x09, 0xF9, 0x08, 0xF9, 0x08, 0xF9,
    0x08, 0xF9, 0x08, 0xF9, 0x08, 0xF9, 0x07, 0xF9,
    0x07, 0xF9, 0x07, 0xF9, 0x07, 0xF9, 0x06, 0xF9,
    0x06, 0xF9, 0x06, 0xF9, 0x06, 0xF9, 0x06, 0xF9,
    0x05, 0xF9, 0x05, 0xF9, 0x05, 0xF9, 0x05, 0xF9,
    0x04, 0xF9, 0x04, 0xF9, 0x04, 0xF9, 0x04, 0xF9,
    0x04, 0xF9, 0x03, 0xF9, 0x03, 0xF9, 0x03, 0xF9,
    0x03, 0xF9, 0x03, 0xF9, 0x02, 0xF9, 0x02, 0xF9,
    0x02, 0xF9, 0x02, 0xF9, 0x01, 0xF9, 0x01, 0xF9,
    0x01, 0xF9, 0x01, 0xF9, 0x00, 0xF9, 0x00, 0xF9,
    0x00, 0xF9, 0x00, 0xF9, 0x00, 0xF9, 0x00, 0xF9,
    0x00, 0xF9, 0x00, 0xF9, 0x00, 0xF9, 0x00, 0xF9,
    0x00, 0xF9, 0x00, 0xF9, 0x00, 0xF9, 0x00, 0xF9,
    0x10, 0xF9, 0x10, 0xF9, 0x10, 0xF9, 0x10, 0xF9,
    0x20, 0xF9, 0x20, 0xF9, 0x20, 0xF9, 0x20, 0xF9,
    0x20, 0xF9, 0x30, 0xF9, 0x30, 0xF9, 0x30, 0xF9,
    0x30, 0xF9, 0x40, 0xF9, 0x40, 0xF9, 0x40, 0xF9,
    0x40, 0xF9, 0x50, 0xF9, 0x50, 0xF9, 0x50, 0xF9,
    0x50, 0xF9, 0x50, 0xF9, 0x60, 0xF9, 0x60, 0xF9,
    0x60, 0xF9, 0x60, 0xF9, 0x60, 0xF9, 0x70, 0xF9,
    0x70, 0xF9, 0x70, 0xF9, 0x70, 0xF9, 0x80, 0xF9,
    0x80, 0xF9, 0x80, 0xF9, 0x80, 0xF9, 0x80, 0xF9,
    0x80, 0xF8, 0x80, 0xF8, 0x80, 0xF8, 0x80, 0xF8,
    0x80, 0xF7, 0x80, 0xF7, 0x80, 0xF7, 0x80, 0xF7,
    0x80, 0xF7, 0x80, 0xF6, 0x80, 0xF6, 0x80, 0xF6,
    0x80, 0xF6, 0x80, 0xF5, 0x80, 0xF5, 0x80, 0xF5,
    0x80, 0xF5, 0x80, 0xF5, 0x80, 0xF4, 0x80, 0xF4,
    0x80, 0xF4, 0x80, 0xF4, 0x80, 0xF3, 0x80, 0xF3,
    0x80, 0xF3, 0x80, 0xF3, 0x80, 0xF2, 0x80, 0xF2,
    0x80, 0xF2, 0x80, 0xF2, 0x80, 0xF2, 0x80, 0xF1,
    0x80, 0xF1, 0x80, 0xF1, 0x80, 0xF1, 0x80, 0xF1,
    0x80, 0xF0, 0x80, 0xF0, 0x80, 0xF0, 0x80, 0xF0,
    0x80, 0xF0, 0x80, 0xF0, 0x80, 0xF0, 0x80, 0xF0,
    0x80, 0xF0, 0x81, 0xF0, 0x81, 0xF0, 0x81, 0xF0,
    0x81, 0xF0, 0x81, 0xF0, 0x82, 0xF0, 0x82, 0xF0,
    0x82, 0xF0, 0x82, 0xF0, 0x83, 0xF0, 0x83, 0xF0,
    0x83, 0xF0, 0x83, 0xF0, 0x83, 0xF0, 0x84, 0xF0,
    0x84, 0xF0, 0x84, 0xF0, 0x84, 0xF0, 0x85, 0xF0,
    0x85, 0xF0, 0x85, 0xF0, 0x85, 0xF0, 0x85, 0xF0,
    0x86, 0xF0, 0x86, 0xF0, 0x86, 0xF0, 0x86, 0xF0,
    0x86, 0xF0, 0x87, 0xF0, 0x87, 0xF0, 0x87, 0xF0,
    0x87, 0xF0, 0x88, 0xF0, 0x88, 0xF0, 0x88, 0xF0,
    0x88, 0xF0, 0x89, 0xF0, 0x89, 0xF0, 0x89, 0xF0,
    0x89, 0xF0, 0x79, 0xF0, 0x79, 0xF0, 0x79, 0xF0,
    0x79, 0xF0, 0x69, 0xF0, 0x69, 0xF0, 0x69, 0xF0,
    0x69, 0xF0, 0x69, 0xF0, 0x59, 0xF0, 0x59, 0xF0,
    0x59, 0xF0, 0x59, 0xF0, 0x49, 0xF0, 0x49, 0xF0,
    0x49, 0xF0, 0x49, 0xF0, 0x39, 0xF0, 0x39, 0xF0,
    0x39, 0xF0, 0x39, 0xF0, 0x39, 0xF0, 0x29, 0xF0,
    0x29, 0xF0, 0x29, 0xF0, 0x29, 0xF0, 0x29, 0xF0,
    0x19, 0xF0, 0x19, 0xF0, 0x19, 0xF0, 0x19, 0xF0,
    0x09, 0xF0, 0x09, 0xF0, 0x09, 0xF0, 0x09, 0xF0,
    0x09, 0xF0, 0x09, 0xF0, 0x09, 0xF0, 0x09, 0xF0,
    0x09, 0xF0, 0x09, 0xF0, 0x09, 0xF0, 0x09, 0xF0,
    0x09, 0xF0, 0x09, 0xF0, 0x09, 0xF1, 0x09, 0xF1,
    0x09, 0xF1, 0x09, 0xF1, 0x09, 0xF2, 0x09, 0xF2,
    0x09, 0xF2, 0x09, 0xF2, 0x09, 0xF2, 0x09, 0xF3,
    0x09, 0xF3, 0x09, 0xF3, 0x09, 0xF3, 0x09, 0xF3,
    0x09, 0xF4, 0x09, 0xF4, 0x09, 0xF4, 0x09, 0xF4,
    0x09, 0xF5, 0x09, 0xF5, 0x09, 0xF5, 0x09, 0xF5,
    0x09, 0xF5, 0x09, 0xF6, 0x09, 0xF6, 0x09, 0xF6,
    0x09, 0xF6, 0x09, 0xF6, 0x09, 0xF7, 0x09, 0xF7,
    0x09, 0xF7, 0x09, 0xF7, 0x09, 0xF8, 0x09, 0xF8,
    0x09, 0xF8, 0x09, 0xF8, 0x09, 0xF9, 0x09, 0xF9,
    0x09, 0xF9, 0x09, 0xF9, 0x08, 0xF9, 0x08, 0xF9,
    0x08, 0xF9, 0x08, 0xF9, 0x07, 0xF9, 0x07, 0xF9,
    0x07, 0xF9, 0x07, 0xF9, 0x07, 0xF9, 0x06, 0xF9,
    0x06, 0xF9, 0x06, 0xF9, 0x06, 0xF9, 0x05, 0xF9,
    0x05, 0xF9, 0x05, 0xF9, 0x05, 0xF9, 0x05, 0xF9,
    0x04, 0xF9, 0x04, 0xF9, 0x04, 0xF9, 0x04, 0xF9,
    0x04, 0xF9, 0x03, 0xF9, 0x03, 0xF9, 0x03, 0xF9,
    0x03, 0xF9, 0x02, 0xF9, 0x02, 0xF9, 0x02, 0xF9,
    0x02, 0xF9, 0x02, 0xF9, 0x01, 0xF9, 0x01, 0xF9,
    0x01, 0xF9, 0x01, 0xF9, 0x00, 0xF9, 0x00, 0xF9,
    0x00, 0xF9, 0x00, 0xF9, 0x00, 0xF9, 0x00, 0xF9,
    0x00, 0xF9, 0x00, 0xF9, 0x00, 0xF9, 0x00, 0xF9,
    0x00, 0xF9, 0x00, 0xF9, 0x00, 0xF9, 0x00, 0xF9,
    0x10, 0xF9, 0x10, 0xF9, 0x10, 0xF9, 0x10, 0xF9,
    0x20, 0xF9, 0x20, 0xF9, 0x20, 0xF9, 0x20, 0xF9,
    0x20, 0xF9, 0x30, 0xF9, 0x30, 0xF9, 0x30, 0xF9,
    0x30, 0xF9, 0x30, 0xF9, 0x40, 0xF9, 0x40, 0xF9,
    0x40, 0xF9, 0x40, 0xF9, 0x50, 0xF9, 0x50, 0xF9,
    0x50, 0xF9, 0x50, 0xF9, 0x50, 0xF9, 0x60, 0xF9,
    0x60, 0xF9, 0x60, 0xF9, 0x60, 0xF9, 0x70, 0xF9,
    0x70, 0xF9, 0x70, 0xF9, 0x70, 0xF9, 0x70, 0xF9,
    0x80, 0xF9, 0x80, 0xF9, 0x80, 0xF9, 0x80, 0xF8,
    0x80, 0xF8, 0x80, 0xF8, 0x80, 0xF8, 0x80, 0xF8,
    0x80, 0xF7, 0x80, 0xF7, 0x80, 0xF7, 0x80, 0xF7,
    0x80, 0xF6, 0x80, 0xF6, 0x80, 0xF6, 0x80, 0xF6,
    0x80, 0xF6, 0x80, 0xF5, 0x80, 0xF5, 0x80, 0xF5,
    0x80, 0xF5, 0x80, 0xF4, 0x80, 0xF4, 0x80, 0xF4,
    0x80, 0xF4, 0x80, 0xF4, 0x80, 0xF3, 0x80, 0xF3,
    0x80, 0xF3, 0x80, 0xF3, 0x80, 0xF2, 0x80, 0xF2,
    0x80, 0xF2, 0x80, 0xF2, 0x80, 0xF2, 0x80, 0xF1,
    0x80, 0xF1, 0x80, 0xF1, 0x80, 0xF1, 0x80, 0xF1,
    0x80, 0xF0, 0x80, 0xF0, 0x80, 0xF0, 0x80, 0xF0,
    0x80, 0xF0, 0x80, 0xF0, 0x80, 0xF0, 0x80, 0xF0,
    0x80, 0xF0, 0x81, 0xF0, 0x81, 0xF0, 0x81, 0xF0,
    0x81, 0xF0, 0x81, 0xF0, 0x82, 0xF0, 0x82, 0xF0,
    0x82, 0xF0, 0x82, 0xF0, 0x83, 0xF0, 0x83, 0xF0,
    0x83, 0xF0, 0x83, 0xF0, 0x83, 0xF0, 0x84, 0xF0,
    0x84, 0xF0, 0x84, 0xF0, 0x84, 0xF0, 0x84, 0xF0,
    0x85, 0xF0, 0x85, 0xF0, 0x85, 0xF0, 0x85, 0xF0,
    0x86, 0xF0, 0x86, 0xF0, 0x86, 0xF0, 0x86, 0xF0,
    0x86, 0xF0, 0x87, 0xF0, 0x87, 0xF0, 0x87, 0xF0,
    0x87, 0xF0, 0x88, 0xF0, 0x88, 0xF0, 0x88, 0xF0,
    0x88, 0xF0, 0x88, 0xF0, 0x89, 0xF0, 0x89, 0xF0,
    0x79, 0xF0, 0x79, 0xF0, 0x79, 0xF0, 0x79, 0xF0,
    0x69, 0xF0, 0x69, 0xF0, 0x69, 0xF0, 0x69, 0xF0,
    0x69, 0xF0, 0x59, 0xF0, 0x59, 0xF0, 0x59, 0xF0,
    0x59, 0xF0, 0x59, 0xF0, 0x49, 0xF0, 0x49, 0xF0,
    0x49, 0xF0, 0x49, 0xF0, 0x39, 0xF0, 0x39, 0xF0,
    0x39, 0xF0, 0x39, 0xF0, 0x39, 0xF0, 0x29, 0xF0,
    0x29, 0xF0, 0x29, 0xF0, 0x29, 0xF0, 0x29, 0xF0,
    0x19, 0xF0, 0x19, 0xF0, 0x19, 0xF0, 0x19, 0xF0,
    0x09, 0xF0, 0x09, 0xF0, 0x09, 0xF0, 0x09, 0xF0,
    0x09, 0xF0, 0x09, 0xF0, 0x09, 0xF0, 0x09, 0xF0,
    0x09, 0xF0, 0x09, 0xF0, 0x09, 0xF0, 0x09, 0xF0,
    0x09, 0xF0, 0x09, 0xF0, 0x09, 0xF1, 0x09, 0xF1,
    0x09, 0xF1, 0x09, 0xF1, 0x09, 0xF1, 0x09, 0xF2,
    0x09, 0xF2, 0x09, 0xF2, 0x09, 0xF2, 0x09, 0xF2,
    0x09, 0xF3, 0x09, 0xF3, 0x09, 0xF3, 0x09, 0xF3,
    0x09, 0xF4, 0x09, 0xF4, 0x09, 0xF4, 0x09, 0xF4,
    0x09, 0xF4, 0x09, 0xF5, 0x09, 0xF5, 0x09, 0xF5,
    0x09, 0xF5, 0x09, 0xF6, 0x09, 0xF6, 0x09, 0xF6,
    0x09, 0xF6, 0x09, 0xF6, 0x09, 0xF7, 0x09, 0xF7,
    0x09, 0xF7, 0x09, 0xF7, 0x09, 0xF7, 0x09, 0xF8,
    0x09, 0xF8, 0x09, 0xF8, 0x09, 0xF8, 0x09, 0xF8,
    0x09, 0xF9, 0x08, 0xF9, 0x08, 0xF9, 0x08, 0xF9,
    0x08, 0xF9, 0x08, 0xF9, 0x07, 0xF9, 0x07, 0xF9,
    0x07, 0xF9, 0x07, 0xF9, 0x06, 0xF9, 0x06, 0xF9,
    0x06, 0xF9, 0x06, 0xF9, 0x06, 0xF9, 0x05, 0xF9,
    0x05, 0xF9, 0x05, 0xF9, 0x05, 0xF9, 0x04, 0xF9,
    0x04, 0xF9, 0x04, 0xF9, 0x04, 0xF9, 0x04, 0xF9,
    0x03, 0xF9, 0x03, 0xF9, 0x03, 0xF9, 0x03, 0xF9,
    0x03, 0xF9, 0x02, 0xF9, 0x02, 0xF9, 0x02, 0xF9,
    0x02, 0xF9, 0x01, 0xF9, 0x01, 0xF9, 0x01, 0xF9,
    0x01, 0xF9, 0x01, 0xF9, 0x00, 0xF9, 0x00, 0xF9,
    0x00, 0xF9, 0x00, 0xF9, 0x00, 0xF9, 0x00, 0xF9,
    0x00, 0xF9, 0x00, 0xF9, 0x00, 0xF9, 0x00, 0xF9,
    0x00, 0xF9, 0x00, 0xF9, 0x00, 0xF9, 0x00, 0xF9,
    0x10, 0xF9, 0x10, 0xF9, 0x10, 0xF9, 0x10, 0xF9,
    0x20, 0xF9, 0x20, 0xF9, 0x20, 0xF9, 0x20, 0xF9,
    0x20, 0xF9, 0x30, 0xF9, 0x30, 0xF9, 0x30, 0xF9,
    0x30, 0xF9, 0x30, 0xF9, 0x40, 0xF9, 0x40, 0xF9,
    0x40, 0xF9, 0x40, 0xF9, 0x40, 0xF9, 0x50, 0xF9,
    0x50, 0xF9, 0x50, 0xF9, 0x50, 0xF9, 0x50, 0xF9,
    0x60, 0xF9, 0x60, 0xF9, 0x60, 0xF9, 0x60, 0xF9,
    0x70, 0xF9, 0x70, 0xF9, 0x70, 0xF9, 0x70, 0xF9,
    0x80, 0xF9, 0x80, 0xF9, 0x80, 0xF8, 0x80, 0xF8,
    0x80, 0xF8, 0x80, 0xF8, 0x80, 0xF8, 0x80, 0xF7,
    0x80, 0xF7, 0x80, 0xF7, 0x80, 0xF7, 0x80, 0xF7,
    0x80, 0xF6, 0x80, 0xF6, 0x80, 0xF6, 0x80, 0xF6,
    0x80, 0xF5, 0x80, 0xF5, 0x80, 0xF5, 0x80, 0xF5,
    0x80, 0xF5, 0x80, 0xF4, 0x80, 0xF4, 0x80, 0xF4,
    0x80, 0xF4, 0x80, 0xF3, 0x80, 0xF3, 0x80, 0xF3,
    0x80, 0xF3, 0x80, 0xF3, 0x80, 0xF2, 0x80, 0xF2,
    0x80, 0xF2, 0x80, 0xF2, 0x80, 0xF2, 0x80, 0xF1,
    0x80, 0xF1, 0x80, 0xF1, 0x80, 0xF1, 0x80, 0xF0,
    0x80, 0xF0, 0x80, 0xF0, 0x80, 0xF0, 0x80, 0xF0,
    0x70, 0xF0, 0x80, 0xF0, 0x80, 0xF0, 0x80, 0xF0,
    0x80, 0xF0, 0x81, 0xF0, 0x81, 0xF0, 0x81, 0xF0,
    0x81, 0xF0, 0x81, 0xF0, 0x82, 0xF0, 0x82, 0xF0,
    0x82, 0xF0, 0x72, 0xF0, 0x83, 0xF0, 0x83, 0xF0,
    0x83, 0xF0, 0x83, 0xF0, 0x83, 0xF0, 0x84, 0xF0,
    0x84, 0xF0, 0x84, 0xF0, 0x84, 0xF0, 0x74, 0xF0,
    0x85, 0xF0, 0x85, 0xF0, 0x85, 0xF0, 0x85, 0xF0,
    0x86, 0xF0, 0x86, 0xF0, 0x86, 0xF0, 0x86, 0xF0,
    0x76, 0xF0, 0x76, 0xF0, 0x87, 0xF0, 0x77, 0xF0,
    0x77, 0xF0, 0x87, 0xF0, 0x88, 0xF0, 0x88, 0xF0,
    0x88, 0xF0, 0x88, 0xF0, 0x88, 0xF0, 0x79, 0xF0,
    0x79, 0xF0, 0x79, 0xF0, 0x79, 0xF0, 0x79, 0xF0,
    0x69, 0xF0, 0x69, 0xF0, 0x69, 0xF0, 0x69, 0xF0,
    0x69, 0xF0, 0x59, 0xF0, 0x59, 0xF0, 0x59, 0xF0,
    0x59, 0xF0, 0x49, 0xF0, 0x48, 0xF0, 0x48, 0xF0,
    0x48, 0xF0, 0x49, 0xF0, 0x39, 0xF0, 0x39, 0xF0,
    0x39, 0xF0, 0x39, 0xF0, 0x39, 0xF0, 0x29, 0xF0,
    0x29, 0xF0, 0x29, 0xF0, 0x29, 0xF0, 0x29, 0xF0,
    0x19, 0xF0, 0x19, 0xF0, 0x19, 0xF0, 0x19, 0xF0,
    0x09, 0xF0, 0x09, 0xF0, 0x09, 0xF0, 0x09, 0xF0,
    0x09, 0xF0, 0x09, 0xF0, 0x09, 0xF0, 0x09, 0xF0,
    0x09, 0xF0, 0x09, 0xF0, 0x09, 0xF0, 0x09, 0xF0,
    0x09, 0xF0, 0x09, 0xF0, 0x09, 0xF1, 0x09, 0xF1,
    0x09, 0xF1, 0x09, 0xF1, 0x09, 0xF1, 0x09, 0xF2,
    0x09, 0xF2, 0x09, 0xF2, 0x09, 0xF2, 0x09, 0xF2,
    0x09, 0xF3, 0x09, 0xF3, 0x09, 0xF3, 0x09, 0xF3,
    0x09, 0xF4, 0x09, 0xF4, 0x08, 0xF4, 0x09, 0xF4,
    0x09, 0xF4, 0x09, 0xF5, 0x09, 0xF5, 0x09, 0xF5,
    0x09, 0xF5, 0x09, 0xF5, 0x09, 0xF6, 0x09, 0xF6,
    0x09, 0xF6, 0x09, 0xF6, 0x09, 0xF7, 0x09, 0xF7,
    0x09, 0xF7, 0x09, 0xF7, 0x09, 0xF7, 0x09, 0xF7,
    0x09, 0xF8, 0x09, 0xF8, 0x09, 0xF8, 0x09, 0xF8,
    0x08, 0xF9, 0x08, 0xF9, 0x08, 0xF9, 0x08, 0xF9,
    0x08, 0xF9, 0x07, 0xF9, 0x07, 0xF9, 0x07, 0xF9,
    0x07, 0xF8, 0x07, 0xF9, 0x06, 0xF9, 0x06, 0xF9,
    0x06, 0xF9, 0x06, 0xF9, 0x05, 0xF8, 0x05, 0xF8,
    0x05, 0xF9, 0x05, 0xF9, 0x05, 0xF8, 0x04, 0xF8,
    0x04, 0xF8, 0x04, 0xF8, 0x04, 0xF9, 0x04, 0xF9,
    0x03, 0xF9, 0x03, 0xF9, 0x03, 0xF9, 0x03, 0xF8,
    0x03, 0xF9, 0x02, 0xF9, 0x02, 0xF9, 0x02, 0xF9,
    0x02, 0xF9, 0x01, 0xF8, 0x01, 0xF8, 0x01, 0xF9,
    0x01, 0xF9, 0x01, 0xF8, 0x00, 0xF9, 0x00, 0xF9,
    0x00, 0xF9, 0x00, 0xF9, 0x00, 0xF8, 0x00, 0xF8,
    0x00, 0xF9, 0x00, 0xF9, 0x00, 0xF9, 0x00, 0xF9,
    0x00, 0xF9, 0x00, 0xF9, 0x00, 0xF9, 0x00, 0xF9,
    0x10, 0xF9, 0x10, 0xF9, 0x10, 0xF9, 0x10, 0xF9,
    0x20, 0xF9, 0x20, 0xF9, 0x20, 0xF9, 0x20, 0xF9,
    0x20, 0xF9, 0x30, 0xF9, 0x30, 0xF9, 0x30, 0xF9,
    0x30, 0xF9, 0x30, 0xF9, 0x30, 0xF9, 0x40, 0xF9,
    0x40, 0xF9, 0x40, 0xF9, 0x40, 0xF9, 0x40, 0xF9,
    0x50, 0xF9, 0x50, 0xF9, 0x50, 0xF9, 0x50, 0xF9,
    0x60, 0xF9, 0x60, 0xF9, 0x60, 0xF9, 0x60, 0xF9,
    0x70, 0xF9, 0x70, 0xF9, 0x70, 0xF9, 0x70, 0xF9,
    0x70, 0xF9, 0x70, 0xF8, 0x70, 0xF8, 0x80, 0xF8,
    0x80, 0xF8, 0x80, 0xF8, 0x80, 0xF7, 0x80, 0xF7,
    0x80, 0xF7, 0x80, 0xF7, 0x80, 0xF7, 0x80, 0xF6,
    0x80, 0xF6, 0x80, 0xF6, 0x80, 0xF6, 0x80, 0xF6,
    0x80, 0xF5, 0x80, 0xF5, 0x80, 0xF5, 0x80, 0xF5,
    0x80, 0xF5, 0x80, 0xF4, 0x80, 0xF4, 0x80, 0xF4,
    0x80, 0xF4, 0x80, 0xF3, 0x80, 0xF3, 0x80, 0xF3,
    0x80, 0xF3, 0x80, 0xF2, 0x80, 0xF2, 0x80, 0xF2,
    0x80, 0xF2, 0x80, 0xF2, 0x80, 0xF2, 0x70, 0xF1,
    0x70, 0xF1, 0x70, 0xF1, 0x70, 0xF1, 0x80, 0xF1,
    0x80, 0xF0, 0x80, 0xF0, 0x80, 0xF0, 0x80, 0xF0,
    0x70, 0xF0, 0x70, 0xF0, 0x70, 0xF0, 0x70, 0xF0,
    0x70, 0xF0, 0x71, 0xF0, 0x71, 0xF0, 0x71, 0xF0,
    0x71, 0xF0, 0x71, 0xF0, 0x72, 0xF0, 0x72, 0xF0,
    0x72, 0xF0, 0x72, 0xF0, 0x73, 0xF0, 0x73, 0xF0,
    0x73, 0xF0, 0x73, 0xF0, 0x73, 0xF0, 0x74, 0xF0,
    0x74, 0xF0, 0x74, 0xF0, 0x74, 0xF0, 0x74, 0xF0,
    0x75, 0xF0, 0x75, 0xF0, 0x75, 0xF0, 0x75, 0xF0,
    0x75, 0xF0, 0x76, 0xF0, 0x76, 0xF0, 0x76, 0xF0,
    0x76, 0xF0, 0x76, 0xF0, 0x77, 0xF0, 0x77, 0xF0,
    0x77, 0xF0, 0x77, 0xF0, 0x77, 0xF0, 0x78, 0xF0,
    0x78, 0xF0, 0x78, 0xF0, 0x78, 0xF0, 0x78, 0xF0,
    0x78, 0xF0, 0x78, 0xF0, 0x78, 0xF0, 0x68, 0xF0,
    0x68, 0xF0, 0x68, 0xF0, 0x68, 0xF0, 0x68, 0xF0,
    0x58, 0xF0, 0x58, 0xF0, 0x58, 0xF0, 0x58, 0xF0,
    0x48, 0xF0, 0x48, 0xF0, 0x48, 0xF0, 0x48, 0xF0,
    0x48, 0xF0, 0x48, 0xF0, 0x38, 0xF0, 0x38, 0xF0,
    0x38, 0xF0, 0x38, 0xF0, 0x28, 0xF0, 0x28, 0xF0,
    0x28, 0xF0, 0x28, 0xF0, 0x28, 0xF0, 0x18, 0xF0,
    0x18, 0xF0, 0x18, 0xF0, 0x18, 0xF0, 0x08, 0xF0,
    0x08, 0xF0, 0x08, 0xF0, 0x08, 0xF0, 0x08, 0xF0,
    0x08, 0xF0, 0x08, 0xF0, 0x08, 0xF0, 0x08, 0xF0,
    0x08, 0xF0, 0x08, 0xF0, 0x08, 0xF0, 0x08, 0xF0,
    0x08, 0xF0, 0x08, 0xF0, 0x08, 0xF1, 0x08, 0xF1,
    0x08, 0xF1, 0x08, 0xF1, 0x08, 0xF1, 0x08, 0xF2,
    0x08, 0xF2, 0x08, 0xF2, 0x08, 0xF2, 0x08, 0xF2,
    0x08, 0xF3, 0x08, 0xF3, 0x08, 0xF3, 0x08, 0xF3,
    0x08, 0xF3, 0x08, 0xF4, 0x08, 0xF4, 0x08, 0xF4,
    0x08, 0xF4, 0x08, 0xF4, 0x08, 0xF5, 0x08, 0xF5,
    0x08, 0xF5, 0x08, 0xF5, 0x08, 0xF5, 0x08, 0xF6,
    0x08, 0xF6, 0x08, 0xF6, 0x08, 0xF6, 0x08, 0xF7,
    0x08, 0xF7, 0x08, 0xF7, 0x08, 0xF7, 0x08, 0xF7,
    0x08, 0xF8, 0x08, 0xF8, 0x08, 0xF8, 0x08, 0xF8,
    0x08, 0xF8, 0x08, 0xF8, 0x08, 0xF8, 0x08, 0xF8,
    0x07, 0xF8, 0x07, 0xF8, 0x07, 0xF8, 0x07, 0xF8,
    0x07, 0xF8, 0x06, 0xF8, 0x06, 0xF8, 0x06, 0xF8,
    0x06, 0xF8, 0x06, 0xF8, 0x05, 0xF8, 0x05, 0xF8,
    0x05, 0xF8, 0x05, 0xF8, 0x05, 0xF8, 0x04, 0xF8,
    0x04, 0xF8, 0x04, 0xF8, 0x04, 0xF8, 0x04, 0xF8,
    0x03, 0xF8, 0x03, 0xF8, 0x03, 0xF8, 0x03, 0xF8,
    0x02, 0xF8, 0x02, 0xF8, 0x02, 0xF8, 0x02, 0xF8,
    0x02, 0xF8, 0x01, 0xF8, 0x01, 0xF8, 0x01, 0xF8,
    0x01, 0xF8, 0x01, 0xF8, 0x00, 0xF8, 0x00, 0xF8,
    0x00, 0xF8, 0x00, 0xF8, 0x00, 0xF8, 0x00, 0xF8,
    0x00, 0xF8, 0x00, 0xF8, 0x00, 0xF8, 0x00, 0xF8,
    0x00, 0xF8, 0x00, 0xF8, 0x00, 0xF8, 0x00, 0xF8,
    0x10, 0xF8, 0x10, 0xF8, 0x10, 0xF8, 0x10, 0xF8,
    0x10, 0xF8, 0x20, 0xF8, 0x20, 0xF8, 0x20, 0xF8,
    0x20, 0xF8, 0x20, 0xF9, 0x30, 0xF8, 0x30, 0xF8,
    0x30, 0xF8, 0x30, 0xF8, 0x30, 0xF8, 0x40, 0xF8,
    0x40, 0xF8, 0x40, 0xF8, 0x40, 0xF8, 0x40, 0xF8,
    0x50, 0xF8, 0x50, 0xF8, 0x50, 0xF8, 0x50, 0xF8,
    0x50, 0xF8, 0x60, 0xF8, 0x60, 0xF8, 0x60, 0xF8,
    0x60, 0xF8, 0x70, 0xF8, 0x70, 0xF8, 0x70, 0xF8,
    0x70, 0xF8, 0x70, 0xF8, 0x70, 0xF8, 0x70, 0xF8,
    0x70, 0xF8, 0x70, 0xF8, 0x70, 0xF7, 0x70, 0xF7,
    0x70, 0xF7, 0x70, 0xF7, 0x70, 0xF6, 0x70, 0xF6,
    0x70, 0xF6, 0x70, 0xF6, 0x70, 0xF6, 0x70, 0xF5,
    0x70, 0xF5, 0x70, 0xF5, 0x70, 0xF5, 0x70, 0xF5,
    0x70, 0xF4, 0x70, 0xF4, 0x70, 0xF4, 0x70, 0xF4,
    0x70, 0xF4, 0x70, 0xF3, 0x70, 0xF3, 0x70, 0xF3,
    0x70, 0xF3, 0x70, 0xF2, 0x80, 0xF2, 0x70, 0xF2,
    0x70, 0xF2, 0x70, 0xF2, 0x70, 0xF1, 0x70, 0xF1,
    0x70, 0xF1, 0x70, 0xF1, 0x70, 0xF1, 0x70, 0xF1,
    0x70, 0xF0, 0x70, 0xF0, 0x70, 0xF0, 0x80, 0xF0,
    0x70, 0xF0, 0x70, 0xF0, 0x70, 0xF0, 0x70, 0xF0,
    0x70, 0xF0, 0x71, 0xF0, 0x71, 0xF0, 0x71, 0xF0,
    0x71, 0xF0, 0x71, 0xF0, 0x72, 0xF0, 0x72, 0xF0,
    0x72, 0xF0, 0x72, 0xF0, 0x72, 0xF0, 0x73, 0xF0,
    0x73, 0xF0, 0x73, 0xF0, 0x73, 0xF0, 0x73, 0xF0,
    0x74, 0xF0, 0x74, 0xF0, 0x74, 0xF0, 0x74, 0xF0,
    0x74, 0xF0, 0x75, 0xF0, 0x75, 0xF0, 0x75, 0xF0,
    0x75, 0xF0, 0x76, 0xF0, 0x76, 0xF0, 0x76, 0xF0,
    0x76, 0xF0, 0x76, 0xF0, 0x77, 0xF0, 0x77, 0xF0,
    0x77, 0xF0, 0x77, 0xF0, 0x77, 0xF0, 0x78, 0xF0,
    0x78, 0xF0, 0x78, 0xF0, 0x78, 0xF0, 0x78, 0xF0,
    0x78, 0xF0, 0x78, 0xF0, 0x78, 0xF0, 0x68, 0xF0,
    0x68, 0xF0, 0x68, 0xF0, 0x68, 0xF0, 0x68, 0xF0,
    0x58, 0xF0, 0x58, 0xF0, 0x58, 0xF0, 0x58, 0xF0,
    0x48, 0xF0, 0x48, 0xF0, 0x48, 0xF0, 0x48, 0xF0,
    0x48, 0xF0, 0x38, 0xF0, 0x38, 0xF0, 0x38, 0xF0,
    0x38, 0xF0, 0x38, 0xF0, 0x28, 0xF0, 0x28, 0xF0,
    0x28, 0xF0, 0x28, 0xF0, 0x28, 0xF0, 0x18, 0xF0,
    0x18, 0xF0, 0x18, 0xF0, 0x18, 0xF0, 0x08, 0xF0,
    0x08, 0xF0, 0x08, 0xF0, 0x08, 0xF0, 0x08, 0xF0,
    0x08, 0xF0, 0x08, 0xF0, 0x08, 0xF0, 0x08, 0xF0,
    0x08, 0xF0, 0x08, 0xF0, 0x08, 0xF0, 0x08, 0xF0,
    0x08, 0xF0, 0x08, 0xF0, 0x08, 0xF1, 0x08, 0xF1,
    0x08, 0xF1, 0x08, 0xF1, 0x08, 0xF2, 0x08, 0xF2,
    0x08, 0xF2, 0x08, 0xF2, 0x08, 0xF2, 0x08, 0xF2,
    0x08, 0xF3, 0x08, 0xF3, 0x08, 0xF3, 0x08, 0xF3,
    0x08, 0xF3, 0x08, 0xF4, 0x08, 0xF4, 0x08, 0xF4,
    0x08, 0xF4, 0x08, 0xF4, 0x08, 0xF5, 0x08, 0xF5,
    0x08, 0xF5, 0x08, 0xF5, 0x08, 0xF5, 0x08, 0xF6,
    0x08, 0xF6, 0x08, 0xF6, 0x08, 0xF6, 0x08, 0xF7,
    0x08, 0xF7, 0x08, 0xF7, 0x08, 0xF7, 0x08, 0xF7,
    0x08, 0xF7, 0x08, 0xF8, 0x08, 0xF8, 0x08, 0xF8,
    0x08, 0xF8, 0x08, 0xF8, 0x08, 0xF8, 0x08, 0xF8,
    0x07, 0xF8, 0x07, 0xF8, 0x07, 0xF8, 0x07, 0xF8,
    0x07, 0xF8, 0x06, 0xF8, 0x06, 0xF8, 0x06, 0xF8,
    0x06, 0xF8, 0x05, 0xF8, 0x05, 0xF8, 0x05, 0xF8,
    0x05, 0xF8, 0x05, 0xF8, 0x05, 0xF8, 0x04, 0xF8,
    0x04, 0xF8, 0x04, 0xF8, 0x04, 0xF8, 0x03, 0xF8,
    0x03, 0xF8, 0x03, 0xF8, 0x03, 0xF8, 0x03, 0xF8,
    0x02, 0xF8, 0x02, 0xF8, 0x02, 0xF8, 0x02, 0xF8,
    0x02, 0xF8, 0x01, 0xF8, 0x01, 0xF8, 0x01, 0xF8,
    0x01, 0xF8, 0x01, 0xF8, 0x00, 0xF8, 0x00, 0xF8,
    0x00, 0xF8, 0x00, 0xF8, 0x00, 0xF8, 0x00, 0xF8,
    0x00, 0xF8, 0x00, 0xF8, 0x00, 0xF8, 0x00, 0xF8,
    0x00, 0xF8, 0x00, 0xF8, 0x00, 0xF8, 0x00, 0xF8,
    0x10, 0xF8, 0x10, 0xF8, 0x10, 0xF8, 0x10, 0xF8,
    0x10, 0xF8, 0x20, 0xF8, 0x20, 0xF8, 0x20, 0xF8,
    0x20, 0xF8, 0x20, 0xF8, 0x30, 0xF8, 0x30, 0xF8,
    0x30, 0xF8, 0x30, 0xF8, 0x30, 0xF8, 0x40, 0xF8,
    0x40, 0xF8, 0x40, 0xF8, 0x40, 0xF8, 0x40, 0xF8,
    0x40, 0xF8, 0x50, 0xF8, 0x50, 0xF8, 0x50, 0xF8,
    0x50, 0xF8, 0x60, 0xF8, 0x60, 0xF8, 0x60, 0xF8,
    0x60, 0xF8, 0x60, 0xF8, 0x70, 0xF8, 0x70, 0xF8,
    0x70, 0xF8, 0x70, 0xF8, 0x70, 0xF8, 0x70, 0xF8,
    0x70, 0xF8, 0x70, 0xF7, 0x70, 0xF7, 0x70, 0xF7,
    0x70, 0xF7, 0x70, 0xF6, 0x70, 0xF6, 0x70, 0xF6,
    0x70, 0xF6, 0x70, 0xF6, 0x70, 0xF6, 0x70, 0xF5,
    0x70, 0xF5, 0x70, 0xF5, 0x70, 0xF5, 0x70, 0xF5,
    0x70, 0xF4, 0x70, 0xF4, 0x70, 0xF4, 0x70, 0xF4,
    0x70, 0xF4, 0x70, 0xF3, 0x70, 0xF3, 0x70, 0xF3,
    0x70, 0xF3, 0x70, 0xF2, 0x70, 0xF2, 0x70, 0xF2,
    0x70, 0xF2, 0x70, 0xF2, 0x70, 0xF1, 0x70, 0xF1,
    0x70, 0xF1, 0x70, 0xF1, 0x70, 0xF1, 0x70, 0xF1,
    0x70, 0xF0, 0x70, 0xF0, 0x70, 0xF0, 0x70, 0xF0,
    0x70, 0xF0, 0x70, 0xF0, 0x70, 0xF0, 0x70, 0xF0,
    0x70, 0xF0, 0x71, 0xF0, 0x71, 0xF0, 0x71, 0xF0,
    0x71, 0xF0, 0x71, 0xF0, 0x72, 0xF0, 0x72, 0xF0,
    0x72, 0xF0, 0x72, 0xF0, 0x72, 0xF0, 0x73, 0xF0,
    0x73, 0xF0, 0x73, 0xF0, 0x73, 0xF0, 0x73, 0xF0,
    0x74, 0xF0, 0x74, 0xF0, 0x74, 0xF0, 0x74, 0xF0,
    0x74, 0xF0, 0x75, 0xF0, 0x75, 0xF0, 0x75, 0xF0,
    0x75, 0xF0, 0x75, 0xF0, 0x76, 0xF0, 0x76, 0xF0,
    0x76, 0xF0, 0x76, 0xF0, 0x76, 0xF0, 0x77, 0xF0,
    0x77, 0xF0, 0x77, 0xF0, 0x77, 0xF0, 0x77, 0xF0,
    0x78, 0xF0, 0x78, 0xF0, 0x78, 0xF0, 0x78, 0xF0,
    0x78, 0xF0, 0x78, 0xF0, 0x68, 0xF0, 0x68, 0xF0,
    0x68, 0xF0, 0x68, 0xF0, 0x68, 0xF0, 0x58, 0xF0,
    0x58, 0xF0, 0x58, 0xF0, 0x58, 0xF0, 0x48, 0xF0,
    0x48, 0xF0, 0x48, 0xF0, 0x48, 0xF0, 0x48, 0xF0,
    0x48, 0xF0, 0x38, 0xF0, 0x38, 0xF0, 0x38, 0xF0,
    0x38, 0xF0, 0x38, 0xF0, 0x28, 0xF0, 0x28, 0xF0,
    0x28, 0xF0, 0x28, 0xF0, 0x28, 0xF0, 0x18, 0xF0,
    0x18, 0xF0, 0x18, 0xF0, 0x18, 0xF0, 0x08, 0xF0,
    0x08, 0xF0, 0x08, 0xF0, 0x08, 0xF0, 0x08, 0xF0,
    0x08, 0xF0, 0x08, 0xF0, 0x08, 0xF0, 0x08, 0xF0,
    0x08, 0xF0, 0x08, 0xF0, 0x08, 0xF0, 0x08, 0xF0,
    0x08, 0xF0, 0x08, 0xF0, 0x08, 0xF1, 0x08, 0xF1,
    0x08, 0xF1, 0x08, 0xF1, 0x08, 0xF1, 0x08, 0xF2,
    0x08, 0xF2, 0x08, 0xF2, 0x08, 0xF2, 0x08, 0xF2,
    0x08, 0xF3, 0x08, 0xF3, 0x08, 0xF3, 0x08, 0xF3,
    0x08, 0xF3, 0x08, 0xF4, 0x08, 0xF4, 0x08, 0xF4,
    0x08, 0xF4, 0x08, 0xF4, 0x08, 0xF4, 0x08, 0xF5,
    0x08, 0xF5, 0x08, 0xF5, 0x08, 0xF5, 0x08, 0xF6,
    0x08, 0xF6, 0x08, 0xF6, 0x08, 0xF6, 0x08, 0xF7,
    0x08, 0xF7, 0x08, 0xF7, 0x08, 0xF7, 0x08, 0xF7,
    0x08, 0xF7, 0x08, 0xF8, 0x08, 0xF8, 0x08, 0xF8,
    0x08, 0xF8, 0x08, 0xF8, 0x08, 0xF8, 0x07, 0xF8,
    0x07, 0xF8, 0x07, 0xF8, 0x07, 0xF8, 0x07, 0xF8,
    0x06, 0xF8, 0x06, 0xF8, 0x06, 0xF8, 0x06, 0xF8,
    0x06, 0xF8, 0x05, 0xF8, 0x05, 0xF8, 0x05, 0xF8,
    0x05, 0xF8, 0x05, 0xF8, 0x04, 0xF8, 0x04, 0xF8,
    0x04, 0xF8, 0x04, 0xF8, 0x04, 0xF8, 0x03, 0xF8,
    0x03, 0xF8, 0x03, 0xF8, 0x03, 0xF8, 0x03, 0xF8,
    0x02, 0xF8, 0x02, 0xF8, 0x02, 0xF8, 0x02, 0xF8,
    0x02, 0xF8, 0x01, 0xF8, 0x01, 0xF8, 0x01, 0xF8,
    0x01, 0xF8, 0x01, 0xF8, 0x00, 0xF8, 0x00, 0xF8,
    0x00, 0xF8, 0x00, 0xF8, 0x00, 0xF8, 0x00, 0xF8,
    0x00, 0xF8, 0x00, 0xF8, 0x00, 0xF8, 0x00, 0xF8,
    0x00, 0xF8, 0x00, 0xF8, 0x00, 0xF8, 0x00, 0xF8,
    0x00, 0xF8, 0x10, 0xF8, 0x10, 0xF8, 0x10, 0xF8,
    0x10, 0xF8, 0x20, 0xF8, 0x20, 0xF8, 0x20, 0xF8,
    0x20, 0xF8, 0x20, 0xF8, 0x30, 0xF8, 0x30, 0xF8,
    0x30, 0xF8, 0x30, 0xF8, 0x30, 0xF8, 0x30, 0xF8,
    0x40, 0xF8, 0x40, 0xF8, 0x40, 0xF8, 0x40, 0xF8,
    0x40, 0xF8, 0x50, 0xF8, 0x50, 0xF8, 0x50, 0xF8,
    0x50, 0xF8, 0x50, 0xF8, 0x60, 0xF8, 0x60, 0xF8,
    0x60, 0xF8, 0x60, 0xF8, 0x70, 0xF8, 0x70, 0xF8,
    0x70, 0xF8, 0x70, 0xF8, 0x70, 0xF8, 0x70, 0xF8,
    0x70, 0xF8, 0x70, 0xF7, 0x70, 0xF7, 0x70, 0xF7,
    0x70, 0xF7, 0x70, 0xF6, 0x70, 0xF6, 0x70, 0xF6,
    0x70, 0xF6, 0x70, 0xF6, 0x70, 0xF6, 0x70, 0xF5,
    0x70, 0xF5, 0x70, 0xF5, 0x70, 0xF5, 0x70, 0xF4,
    0x70, 0xF4, 0x70, 0xF4, 0x70, 0xF4, 0x70, 0xF4,
    0x70, 0xF3, 0x70, 0xF3, 0x70, 0xF3, 0x70, 0xF3,
    0x70, 0xF3, 0x70, 0xF2, 0x70, 0xF2, 0x70, 0xF2,
    0x70, 0xF2, 0x70, 0xF2, 0x70, 0xF1, 0x70, 0xF1,
    0x70, 0xF1, 0x70, 0xF1, 0x70, 0xF1, 0x70, 0xF0,
    0x70, 0xF0, 0x70, 0xF0, 0x70, 0xF0, 0x70, 0xF0,
    0x70, 0xF0, 0x70, 0xF0, 0x70, 0xF0, 0x70, 0xF0,
    0x70, 0xF0, 0x71, 0xF0, 0x71, 0xF0, 0x71, 0xF0,
    0x71, 0xF0, 0x71, 0xF0, 0x72, 0xF0, 0x72, 0xF0,
    0x72, 0xF0, 0x72, 0xF0, 0x72, 0xF0, 0x73, 0xF0,
    0x73, 0xF0, 0x73, 0xF0, 0x73, 0xF0, 0x73, 0xF0,
    0x73, 0xF0, 0x74, 0xF0, 0x74, 0xF0, 0x74, 0xF0,
    0x74, 0xF0, 0x74, 0xF0, 0x75, 0xF0, 0x75, 0xF0,
    0x75, 0xF0, 0x75, 0xF0, 0x76, 0xF0, 0x76, 0xF0,
    0x76, 0xF0, 0x76, 0xF0, 0x76, 0xF0, 0x76, 0xF0,
    0x77, 0xF0, 0x77, 0xF0, 0x77, 0xF0, 0x77, 0xF0,
    0x77, 0xF0, 0x78, 0xF0, 0x78, 0xF0, 0x78, 0xF0,
    0x78, 0xF0, 0x68, 0xF0, 0x68, 0xF0, 0x68, 0xF0,
    0x68, 0xF0, 0x68, 0xF0, 0x58, 0xF0, 0x58, 0xF0,
    0x58, 0xF0, 0x58, 0xF0, 0x58, 0xF0, 0x48, 0xF0,
    0x48, 0xF0, 0x48, 0xF0, 0x48, 0xF0, 0x48, 0xF0,
    0x48, 0xF0, 0x38, 0xF0, 0x38, 0xF0, 0x38, 0xF0,
    0x38, 0xF0, 0x38, 0xF0, 0x28, 0xF0, 0x28, 0xF0,
    0x28, 0xF0, 0x28, 0xF0, 0x28, 0xF0, 0x18, 0xF0,
    0x18, 0xF0, 0x18, 0xF0, 0x18, 0xF0, 0x08, 0xF0,
    0x08, 0xF0, 0x08, 0xF0, 0x08, 0xF0, 0x08, 0xF0,
    0x08, 0xF0, 0x08, 0xF0, 0x08, 0xF0, 0x08, 0xF0,
    0x08, 0xF0, 0x08, 0xF0, 0x08, 0xF0, 0x08, 0xF0,
    0x08, 0xF0, 0x08, 0xF0, 0x08, 0xF0, 0x08, 0xF1,
    0x08, 0xF1, 0x08, 0xF1, 0x08, 0xF1, 0x08, 0xF2,
    0x08, 0xF2, 0x08, 0xF2, 0x08, 0xF2, 0x08, 0xF2,
    0x08, 0xF3, 0x08, 0xF3, 0x08, 0xF3, 0x08, 0xF3,
    0x08, 0xF3, 0x08, 0xF4, 0x08, 0xF4, 0x08, 0xF4,
    0x08, 0xF4, 0x08, 0xF4, 0x08, 0xF4, 0x08, 0xF5,
    0x08, 0xF5, 0x08, 0xF5, 0x08, 0xF5, 0x08, 0xF5,
    0x08, 0xF6, 0x08, 0xF6, 0x08, 0xF6, 0x08, 0xF6,
    0x08, 0xF7, 0x08, 0xF7, 0x08, 0xF7, 0x08, 0xF7,
    0x08, 0xF7, 0x08, 0xF7, 0x08, 0xF8, 0x08, 0xF8,
    0x08, 0xF8, 0x08, 0xF8, 0x08, 0xF8, 0x07, 0xF8,
    0x07, 0xF8, 0x07, 0xF8, 0x07, 0xF8, 0x07, 0xF8,
    0x06, 0xF8, 0x06, 0xF8, 0x06, 0xF8, 0x06, 0xF8,
    0x06, 0xF8, 0x05, 0xF8, 0x05, 0xF8, 0x05, 0xF8,
    0x05, 0xF8, 0x04, 0xF8, 0x04, 0xF8, 0x04, 0xF8,
    0x04, 0xF8, 0x04, 0xF8, 0x04, 0xF8, 0x03, 0xF8,
    0x03, 0xF8, 0x03, 0xF8, 0x03, 0xF8, 0x03, 0xF8,
    0x02, 0xF8, 0x02, 0xF8, 0x02, 0xF8, 0x02, 0xF8,
    0x02, 0xF8, 0x01, 0xF8, 0x01, 0xF8, 0x01, 0xF8,
    0x01, 0xF8, 0x01, 0xF8, 0x00, 0xF8, 0x00, 0xF8,
    0x00, 0xF8, 0x00, 0xF8, 0x00, 0xF8, 0x00, 0xF8,
    0x00, 0xF8, 0x00, 0xF8, 0x00, 0xF8, 0x00, 0xF8,
    0x00, 0xF8, 0x00, 0xF8, 0x00, 0xF8, 0x00, 0xF8,
    0x00, 0xF8, 0x10, 0xF8, 0x10, 0xF8, 0x10, 0xF8,
    0x10, 0xF8, 0x10, 0xF8, 0x20, 0xF8, 0x20, 0xF8,
    0x20, 0xF8, 0x20, 0xF8, 0x20, 0xF8, 0x30, 0xF8,
    0x30, 0xF8, 0x30, 0xF8, 0x30, 0xF8, 0x30, 0xF8,
    0x40, 0xF8, 0x40, 0xF8, 0x40, 0xF8, 0x40, 0xF8,
    0x40, 0xF8, 0x50, 0xF8, 0x50, 0xF8, 0x50, 0xF8,
    0x50, 0xF8, 0x50, 0xF8, 0x50, 0xF8, 0x60, 0xF8,
    0x60, 0xF8, 0x60, 0xF8, 0x60, 0xF8, 0x70, 0xF8,
    0x70, 0xF8, 0x70, 0xF8, 0x70, 0xF8, 0x70, 0xF7,
    0x70, 0xF7, 0x70, 0xF7, 0x70, 0xF7, 0x70, 0xF7,
    0x70, 0xF7, 0x70, 0xF6, 0x70, 0xF6, 0x70, 0xF6,
    0x70, 0xF6, 0x70, 0xF6, 0x70, 0xF6, 0x70, 0xF5,
    0x70, 0xF5, 0x70, 0xF5, 0x70, 0xF5, 0x70, 0xF4,
    0x70, 0xF4, 0x70, 0xF4, 0x70, 0xF4, 0x70, 0xF4,
    0x70, 0xF3, 0x70, 0xF3, 0x70, 0xF3, 0x70, 0xF3,
    0x70, 0xF3, 0x70, 0xF2, 0x70, 0xF2, 0x70, 0xF2,
    0x70, 0xF2, 0x70, 0xF2, 0x70, 0xF1, 0x70, 0xF1,
    0x70, 0xF1, 0x70, 0xF1, 0x70, 0xF1, 0x70, 0xF0,
    0x70, 0xF0, 0x70, 0xF0, 0x70, 0xF0, 0x70, 0xF0,
    0x70, 0xF0, 0x70, 0xF0, 0x70, 0xF0, 0x70, 0xF0,
    0x70, 0xF0, 0x71, 0xF0, 0x71, 0xF0, 0x71, 0xF0,
    0x71, 0xF0, 0x71, 0xF0, 0x72, 0xF0, 0x72, 0xF0,
    0x72, 0xF0, 0x72, 0xF0, 0x72, 0xF0, 0x73, 0xF0,
    0x73, 0xF0, 0x73, 0xF0, 0x73, 0xF0, 0x73, 0xF0,
    0x73, 0xF0, 0x74, 0xF0, 0x74, 0xF0, 0x74, 0xF0,
    0x74, 0xF0, 0x74, 0xF0, 0x75, 0xF0, 0x75, 0xF0,
    0x75, 0xF0, 0x75, 0xF0, 0x75, 0xF0, 0x76, 0xF0,
    0x76, 0xF0, 0x76, 0xF0, 0x76, 0xF0, 0x76, 0xF0,
    0x77, 0xF0, 0x77, 0xF0, 0x77, 0xF0, 0x77, 0xF0,
    0x77, 0xF0, 0x77, 0xF0, 0x78, 0xF0, 0x78, 0xF0,
    0x78, 0xF0, 0x68, 0xF0, 0x68, 0xF0, 0x68, 0xF0,
    0x68, 0xF0, 0x58, 0xF0, 0x58, 0xF0, 0x58, 0xF0,
    0x58, 0xF0, 0x58, 0xF0, 0x48, 0xF0, 0x48, 0xF0,
    0x48, 0xF0, 0x48, 0xF0, 0x48, 0xF0, 0x48, 0xF0,
    0x38, 0xF0, 0x38, 0xF0, 0x38, 0xF0, 0x38, 0xF0,
    0x38, 0xF0, 0x38, 0xF0, 0x28, 0xF0, 0x28, 0xF0,
    0x28, 0xF0, 0x28, 0xF0, 0x18, 0xF0, 0x18, 0xF0,
    0x18, 0xF0, 0x18, 0xF0, 0x18, 0xF0, 0x08, 0xF0,
    0x08, 0xF0, 0x08, 0xF0, 0x08, 0xF0, 0x08, 0xF0,
    0x08, 0xF0, 0x08, 0xF0, 0x08, 0xF0, 0x08, 0xF0,
    0x08, 0xF0, 0x08, 0xF0, 0x08, 0xF0, 0x08, 0xF0,
    0x08, 0xF0, 0x08, 0xF0, 0x08, 0xF0, 0x08, 0xF1,
    0x08, 0xF1, 0x08, 0xF1, 0x08, 0xF1, 0x08, 0xF1,
    0x08, 0xF2, 0x08, 0xF2, 0x08, 0xF2, 0x08, 0xF2,
    0x08, 0xF2, 0x08, 0xF3, 0x08, 0xF3, 0x08, 0xF3,
    0x08, 0xF3, 0x08, 0xF3, 0x08, 0xF4, 0x08, 0xF4,
    0x08, 0xF4, 0x08, 0xF4, 0x08, 0xF4, 0x08, 0xF4,
    0x08, 0xF5, 0x08, 0xF5, 0x08, 0xF5, 0x08, 0xF5,
    0x08, 0xF6, 0x08, 0xF6, 0x08, 0xF6, 0x08, 0xF6,
    0x08, 0xF7, 0x08, 0xF7, 0x08, 0xF7, 0x08, 0xF7,
    0x08, 0xF7, 0x08, 0xF7, 0x08, 0xF8, 0x08, 0xF8,
    0x08, 0xF8, 0x08, 0xF8, 0x07, 0xF8, 0x07, 0xF8,
    0x07, 0xF8, 0x07, 0xF8, 0x07, 0xF8, 0x06, 0xF8,
    0x06, 0xF8, 0x06, 0xF8, 0x06, 0xF8, 0x06, 0xF8,
    0x05, 0xF8, 0x05, 0xF8, 0x05, 0xF8, 0x05, 0xF8,
    0x05, 0xF8, 0x04, 0xF8, 0x04, 0xF8, 0x04, 0xF8,
    0x04, 0xF8, 0x04, 0xF8, 0x04, 0xF8, 0x03, 0xF8,
    0x03, 0xF8, 0x03, 0xF8, 0x03, 0xF8, 0x02, 0xF8,
    0x02, 0xF8, 0x02, 0xF8, 0x02, 0xF8, 0x02, 0xF8,
    0x01, 0xF8, 0x01, 0xF8, 0x01, 0xF8, 0x01, 0xF8,
    0x01, 0xF8, 0x01, 0xF8, 0x00, 0xF8, 0x00, 0xF8,
    0x00, 0xF8, 0x00, 0xF8, 0x00, 0xF8, 0x00, 0xF8,
    0x00, 0xF8, 0x00, 0xF8, 0x00, 0xF8, 0x00, 0xF8,
    0x00, 0xF8, 0x00, 0xF8, 0x00, 0xF8, 0x00, 0xF8,
    0x00, 0xF8, 0x10, 0xF8, 0x10, 0xF8, 0x10, 0xF8,
    0x10, 0xF8, 0x10, 0xF8, 0x20, 0xF8, 0x20, 0xF8,
    0x20, 0xF8, 0x20, 0xF8, 0x20, 0xF8, 0x20, 0xF8,
    0x30, 0xF8, 0x30, 0xF8, 0x30, 0xF8, 0x30, 0xF8,
    0x40, 0xF8, 0x40, 0xF8, 0x40, 0xF8, 0x40, 0xF8,
    0x40, 0xF8, 0x40, 0xF8, 0x50, 0xF8, 0x50, 0xF8,
    0x50, 0xF8, 0x50, 0xF8, 0x50, 0xF8, 0x60, 0xF8,
    0x60, 0xF8, 0x60, 0xF8, 0x60, 0xF8, 0x60, 0xF8,
    0x70, 0xF8, 0x70, 0xF8, 0x70, 0xF7, 0x70, 0xF7,
    0x70, 0xF7, 0x70, 0xF7, 0x70, 0xF7, 0x70, 0xF7,
    0x70, 0xF6, 0x70, 0xF6, 0x70, 0xF6, 0x70, 0xF6,
    0x70, 0xF6, 0x70, 0xF6, 0x70, 0xF5, 0x70, 0xF5,
    0x70, 0xF5, 0x70, 0xF5, 0x70, 0xF5, 0x70, 0xF4,
    0x70, 0xF4, 0x70, 0xF4, 0x70, 0xF4, 0x70, 0xF3,
    0x70, 0xF3, 0x70, 0xF3, 0x70, 0xF3, 0x70, 0xF3,
    0x70, 0xF3, 0x70, 0xF2, 0x70, 0xF2, 0x70, 0xF2,
    0x70, 0xF2, 0x70, 0xF2, 0x70, 0xF1, 0x70, 0xF1,
    0x70, 0xF1, 0x70, 0xF1, 0x70, 0xF1, 0x70, 0xF0,
    0x70, 0xF0, 0x70, 0xF0, 0x70, 0xF0, 0x70, 0xF0,
    0x70, 0xF0, 0x70, 0xF0, 0x70, 0xF0, 0x70, 0xF0,
    0x70, 0xF0, 0x71, 0xF0, 0x71, 0xF0, 0x71, 0xF0,
    0x71, 0xF0, 0x71, 0xF0, 0x71, 0xF0, 0x72, 0xF0,
    0x72, 0xF0, 0x72, 0xF0, 0x72, 0xF0, 0x72, 0xF0,
    0x73, 0xF0, 0x73, 0xF0, 0x73, 0xF0, 0x73, 0xF0,
    0x73, 0xF0, 0x73, 0xF0, 0x74, 0xF0, 0x74, 0xF0,
    0x74, 0xF0, 0x74, 0xF0, 0x75, 0xF0, 0x75, 0xF0,
    0x75, 0xF0, 0x75, 0xF0, 0x75, 0xF0, 0x75, 0xF0,
    0x76, 0xF0, 0x76, 0xF0, 0x76, 0xF0, 0x76, 0xF0,
    0x76, 0xF0, 0x77, 0xF0, 0x77, 0xF0, 0x77, 0xF0,
    0x77, 0xF0, 0x77, 0xF0, 0x78, 0xF0, 0x78, 0xF0,
    0x68, 0xF0, 0x68, 0xF0, 0x68, 0xF0, 0x68, 0xF0,
    0x68, 0xF0, 0x58, 0xF0, 0x58, 0xF0, 0x58, 0xF0,
    0x58, 0xF0, 0x58, 0xF0, 0x48, 0xF0, 0x48, 0xF0,
    0x48, 0xF0, 0x48, 0xF0, 0x48, 0xF0, 0x38, 0xF0,
    0x38, 0xF0, 0x38, 0xF0, 0x38, 0xF0, 0x38, 0xF0,
    0x38, 0xF0, 0x28, 0xF0, 0x28, 0xF0, 0x28, 0xF0,
    0x28, 0xF0, 0x28, 0xF0, 0x18, 0xF0, 0x18, 0xF0,
    0x18, 0xF0, 0x18, 0xF0, 0x08, 0xF0, 0x08, 0xF0,
    0x08, 0xF0, 0x08, 0xF0, 0x08, 0xF0, 0x08, 0xF0,
    0x08, 0xF0, 0x08, 0xF0, 0x08, 0xF0, 0x08, 0xF0,
    0x08, 0xF0, 0x08, 0xF0, 0x08, 0xF0, 0x08, 0xF0,
    0x08, 0xF0, 0x08, 0xF0, 0x08, 0xF0, 0x08, 0xF1,
    0x08, 0xF1, 0x08, 0xF1, 0x08, 0xF1, 0x08, 0xF1,
    0x08, 0xF1, 0x08, 0xF2, 0x08, 0xF2, 0x08, 0xF2,
    0x08, 0xF2, 0x08, 0xF2, 0x08, 0xF3, 0x08, 0xF3,
    0x08, 0xF3, 0x08, 0xF3, 0x08, 0xF4, 0x08, 0xF4,
    0x08, 0xF4, 0x08, 0xF4, 0x08, 0xF4, 0x08, 0xF4,
    0x08, 0xF5, 0x08, 0xF5, 0x08, 0xF5, 0x08, 0xF5,
    0x08, 0xF5, 0x08, 0xF6, 0x08, 0xF6, 0x08, 0xF6,
    0x08, 0xF6, 0x08, 0xF6, 0x08, 0xF6, 0x08, 0xF7,
    0x08, 0xF7, 0x08, 0xF7, 0x08, 0xF7, 0x08, 0xF7,
    0x08, 0xF8, 0x07, 0xF8, 0x07, 0xF8, 0x07, 0xF8,
    0x07, 0xF8, 0x07, 0xF8, 0x06, 0xF8, 0x06, 0xF8,
    0x06, 0xF8, 0x06, 0xF8, 0x06, 0xF8, 0x06, 0xF8,
    0x05, 0xF8, 0x05, 0xF8, 0x05, 0xF8, 0x05, 0xF8,
    0x04, 0xF8, 0x04, 0xF8, 0x04, 0xF8, 0x04, 0xF8,
    0x04, 0xF8, 0x04, 0xF8, 0x03, 0xF8, 0x03, 0xF8,
    0x03, 0xF8, 0x03, 0xF8, 0x03, 0xF8, 0x02, 0xF8,
    0x02, 0xF8, 0x02, 0xF8, 0x02, 0xF8, 0x02, 0xF8,
    0x02, 0xF8, 0x01, 0xF8, 0x01, 0xF8, 0x01, 0xF8,
    0x01, 0xF8, 0x01, 0xF8, 0x00, 0xF8, 0x00, 0xF8,
    0x00, 0xF8, 0x00, 0xF8, 0x00, 0xF8, 0x00, 0xF8,
    0x00, 0xF8, 0x00, 0xF8, 0x00, 0xF8, 0x00, 0xF8,
    0x00, 0xF8, 0x00, 0xF8, 0x00, 0xF8, 0x00, 0xF8,
    0x00, 0xF8, 0x10, 0xF8, 0x10, 0xF8, 0x10, 0xF8,
    0x10, 0xF8, 0x10, 0xF8, 0x10, 0xF8, 0x20, 0xF8,
    0x20, 0xF8, 0x20, 0xF8, 0x20, 0xF8, 0x20, 0xF8,
    0x30, 0xF8, 0x30, 0xF8, 0x30, 0xF8, 0x30, 0xF8,
    0x30, 0xF8, 0x40, 0xF8, 0x40, 0xF8, 0x40, 0xF8,
    0x40, 0xF8, 0x40, 0xF8, 0x50, 0xF8, 0x50, 0xF8,
    0x50, 0xF8, 0x50, 0xF8, 0x50, 0xF8, 0x50, 0xF8,
    0x60, 0xF8, 0x60, 0xF8, 0x60, 0xF8, 0x60, 0xF8,
    0x70, 0xF8, 0x70, 0xF8, 0x70, 0xF7, 0x70, 0xF7,
    0x70, 0xF7, 0x70, 0xF7, 0x70, 0xF7, 0x70, 0xF7,
    0x70, 0xF6, 0x70, 0xF6, 0x70, 0xF6, 0x70, 0xF6,
    0x70, 0xF6, 0x70, 0xF6, 0x70, 0xF5, 0x70, 0xF5,
    0x70, 0xF5, 0x70, 0xF5, 0x70, 0xF4, 0x70, 0xF4,
    0x70, 0xF4, 0x70, 0xF4, 0x70, 0xF4, 0x70, 0xF3,
    0x70, 0xF3, 0x70, 0xF3, 0x70, 0xF3, 0x70, 0xF3,
    0x70, 0xF2, 0x70, 0xF2, 0x70, 0xF2, 0x70, 0xF2,
    0x70, 0xF2, 0x70, 0xF2, 0x70, 0xF1, 0x70, 0xF1,
    0x70, 0xF1, 0x70, 0xF1, 0x70, 0xF1, 0x70, 0xF0,
    0x70, 0xF0, 0x70, 0xF0, 0x70, 0xF0, 0x70, 0xF0,
    0x70, 0xF0, 0x70, 0xF0, 0x70, 0xF0, 0x70, 0xF0,
    0x70, 0xF0, 0x71, 0xF0, 0x71, 0xF0, 0x71, 0xF0,
    0x71, 0xF0, 0x71, 0xF0, 0x71, 0xF0, 0x72, 0xF0,
    0x72, 0xF0, 0x72, 0xF0, 0x72, 0xF0, 0x72, 0xF0,
    0x73, 0xF0, 0x73, 0xF0, 0x73, 0xF0, 0x73, 0xF0,
    0x73, 0xF0, 0x73, 0xF0, 0x74, 0xF0, 0x74, 0xF0,
    0x74, 0xF0, 0x74, 0xF0, 0x74, 0xF0, 0x75, 0xF0,
    0x75, 0xF0, 0x75, 0xF0, 0x75, 0xF0, 0x75, 0xF0,
    0x76, 0xF0, 0x76, 0xF0, 0x76, 0xF0, 0x76, 0xF0,
    0x66, 0xF0, 0x76, 0xF0, 0x77, 0xF0, 0x77, 0xF0,
    0x77, 0xF0, 0x77, 0xF0, 0x67, 0xF0, 0x68, 0xF0,
    0x68, 0xF0, 0x67, 0xF0, 0x67, 0xF0, 0x68, 0xF0,
    0x58, 0xF0, 0x58, 0xF0, 0x58, 0xF0, 0x58, 0xF0,
    0x58, 0xF0, 0x58, 0xF0, 0x48, 0xF0, 0x48, 0xF0,
    0x48, 0xF0, 0x48, 0xF0, 0x48, 0xF0, 0x38, 0xF0,
    0x38, 0xF0, 0x38, 0xF0, 0x38, 0xF0, 0x38, 0xF0,
    0x38, 0xF0, 0x28, 0xF0, 0x28, 0xF0, 0x28, 0xF0,
    0x28, 0xF0, 0x28, 0xF0, 0x18, 0xF0, 0x18, 0xF0,
    0x18, 0xF0, 0x18, 0xF0, 0x08, 0xF0, 0x08, 0xF0,
    0x08, 0xF0, 0x08, 0xF0, 0x08, 0xF0, 0x08, 0xF0,
    0x08, 0xF0, 0x08, 0xF0, 0x08, 0xF0, 0x08, 0xF0,
    0x08, 0xF0, 0x08, 0xF0, 0x08, 0xF0, 0x08, 0xF0,
    0x08, 0xF0, 0x08, 0xF0, 0x08, 0xF0, 0x08, 0xF1,
    0x08, 0xF1, 0x08, 0xF1, 0x08, 0xF1, 0x07, 0xF1,
    0x08, 0xF2, 0x08, 0xF2, 0x08, 0xF2, 0x08, 0xF2,
    0x08, 0xF2, 0x08, 0xF2, 0x08, 0xF3, 0x08, 0xF3,
    0x08, 0xF3, 0x08, 0xF3, 0x08, 0xF4, 0x08, 0xF4,
    0x08, 0xF4, 0x08, 0xF4, 0x08, 0xF4, 0x08, 0xF4,
    0x08, 0xF5, 0x08, 0xF5, 0x08, 0xF5, 0x08, 0xF5,
    0x08, 0xF5, 0x08, 0xF6, 0x08, 0xF6, 0x08, 0xF6,
    0x08, 0xF6, 0x08, 0xF6, 0x08, 0xF6, 0x08, 0xF7,
    0x08, 0xF7, 0x08, 0xF7, 0x08, 0xF7, 0x08, 0xF7,
    0x07, 0xF8, 0x07, 0xF8, 0x07, 0xF8, 0x07, 0xF8,
    0x07, 0xF8, 0x07, 0xF8, 0x06, 0xF8, 0x06, 0xF8,
    0x06, 0xF8, 0x06, 0xF8, 0x06, 0xF8, 0x05, 0xF8,
    0x05, 0xF8, 0x05, 0xF8, 0x05, 0xF8, 0x05, 0xF8,
    0x04, 0xF8, 0x04, 0xF8, 0x04, 0xF8, 0x04, 0xF8,
    0x04, 0xF7, 0x04, 0xF7, 0x03, 0xF8, 0x03, 0xF8,
    0x03, 0xF8, 0x03, 0xF8, 0x03, 0xF8, 0x02, 0xF8,
    0x02, 0xF8, 0x02, 0xF8, 0x02, 0xF8, 0x02, 0xF8,
    0x01, 0xF8, 0x01, 0xF8, 0x01, 0xF8, 0x01, 0xF8,
    0x01, 0xF8, 0x01, 0xF8, 0x00, 0xF8, 0x00, 0xF8,
    0x00, 0xF8, 0x00, 0xF7, 0x00, 0xF7, 0x00, 0xF7,
    0x00, 0xF8, 0x00, 0xF8, 0x00, 0xF8, 0x00, 0xF8,
    0x00, 0xF8, 0x00, 0xF7, 0x00, 0xF8, 0x00, 0xF8,
    0x00, 0xF8, 0x10, 0xF8, 0x10, 0xF8, 0x10, 0xF8,
    0x10, 0xF8, 0x10, 0xF8, 0x10, 0xF8, 0x20, 0xF8,
    0x20, 0xF8, 0x20, 0xF8, 0x20, 0xF8, 0x20, 0xF8,
    0x30, 0xF8, 0x30, 0xF8, 0x30, 0xF8, 0x30, 0xF8,
    0x30, 0xF8, 0x40, 0xF8, 0x40, 0xF8, 0x40, 0xF8,
    0x40, 0xF8, 0x40, 0xF8, 0x50, 0xF8, 0x50, 0xF7,
    0x50, 0xF8, 0x50, 0xF8, 0x50, 0xF8, 0x50, 0xF8,
    0x60, 0xF8, 0x60, 0xF8, 0x60, 0xF8, 0x60, 0xF7,
    0x60, 0xF7, 0x60, 0xF7, 0x70, 0xF7, 0x70, 0xF7,
    0x70, 0xF7, 0x70, 0xF7, 0x70, 0xF7, 0x70, 0xF7,
    0x70, 0xF6, 0x60, 0xF6, 0x60, 0xF6, 0x70, 0xF6,
    0x70, 0xF6, 0x70, 0xF5, 0x70, 0xF5, 0x70, 0xF5,
    0x70, 0xF5, 0x70, 0xF5, 0x70, 0xF4, 0x70, 0xF4,
    0x70, 0xF4, 0x70, 0xF4, 0x70, 0xF4, 0x70, 0xF3,
    0x70, 0xF3, 0x70, 0xF3, 0x70, 0xF3, 0x70, 0xF3,
    0x70, 0xF2, 0x70, 0xF2, 0x70, 0xF2, 0x70, 0xF2,
    0x70, 0xF2, 0x70, 0xF2, 0x70, 0xF1, 0x60, 0xF1,
    0x70, 0xF1, 0x70, 0xF1, 0x70, 0xF1, 0x70, 0xF0,
    0x70, 0xF0, 0x70, 0xF0, 0x70, 0xF0, 0x70, 0xF0,
    0x60, 0xF0, 0x60, 0xF0, 0x60, 0xF0, 0x60, 0xF0,
    0x60, 0xF0, 0x60, 0xF0, 0x61, 0xF0, 0x61, 0xF0,
    0x61, 0xF0, 0x61, 0xF0, 0x61, 0xF0, 0x62, 0xF0,
    0x62, 0xF0, 0x62, 0xF0, 0x62, 0xF0, 0x62, 0xF0,
    0x63, 0xF0, 0x63, 0xF0, 0x63, 0xF0, 0x63, 0xF0,
    0x63, 0xF0, 0x63, 0xF0, 0x64, 0xF0, 0x64, 0xF0,
    0x64, 0xF0, 0x64, 0xF0, 0x64, 0xF0, 0x65, 0xF0,
    0x65, 0xF0, 0x65, 0xF0, 0x65, 0xF0, 0x65, 0xF0,
    0x65, 0xF0, 0x66, 0xF0, 0x66, 0xF0, 0x66, 0xF0,
    0x66, 0xF0, 0x66, 0xF0, 0x67, 0xF0, 0x67, 0xF0,
    0x67, 0xF0, 0x67, 0xF0, 0x67, 0xF0, 0x67, 0xF0,
    0x67, 0xF0, 0x67, 0xF0, 0x67, 0xF0, 0x57, 0xF0,
    0x57, 0xF0, 0x57, 0xF0, 0x57, 0xF0, 0x57, 0xF0,
    0x57, 0xF0, 0x47, 0xF0, 0x47, 0xF0, 0x47, 0xF0,
    0x47, 0xF0, 0x47, 0xF0, 0x37, 0xF0, 0x37, 0xF0,
    0x37, 0xF0, 0x37, 0xF0, 0x37, 0xF0, 0x37, 0xF0,
    0x27, 0xF0, 0x27, 0xF0, 0x27, 0xF0, 0x27, 0xF0,
    0x27, 0xF0, 0x17, 0xF0, 0x17, 0xF0, 0x17, 0xF0,
    0x17, 0xF0, 0x17, 0xF0, 0x17, 0xF0, 0x07, 0xF0,
    0x07, 0xF0, 0x07, 0xF0, 0x07, 0xF0, 0x07, 0xF0,
    0x07, 0xF0, 0x07, 0xF0, 0x07, 0xF0, 0x07, 0xF0,
    0x07, 0xF0, 0x07, 0xF0, 0x07, 0xF0, 0x07, 0xF0,
    0x07, 0xF0, 0x07, 0xF0, 0x07, 0xF1, 0x07, 0xF1,
    0x07, 0xF1, 0x07, 0xF1, 0x07, 0xF1, 0x07, 0xF1,
    0x07, 0xF2, 0x07, 0xF2, 0x07, 0xF2, 0x07, 0xF2,
    0x07, 0xF2, 0x07, 0xF2, 0x07, 0xF3, 0x07, 0xF3,
    0x07, 0xF3, 0x07, 0xF3, 0x07, 0xF3, 0x07, 0xF4,
    0x07, 0xF4, 0x07, 0xF4, 0x07, 0xF4, 0x07, 0xF4,
    0x07, 0xF4, 0x07, 0xF5, 0x07, 0xF5, 0x07, 0xF5,
    0x07, 0xF5, 0x07, 0xF5, 0x07, 0xF6, 0x07, 0xF6,
    0x07, 0xF6, 0x07, 0xF6, 0x07, 0xF6, 0x07, 0xF6,
    0x07, 0xF7, 0x07, 0xF7, 0x07, 0xF7, 0x07, 0xF7,
    0x07, 0xF7, 0x07, 0xF7, 0x07, 0xF7, 0x07, 0xF7,
    0x07, 0xF7, 0x06, 0xF7, 0x06, 0xF7, 0x06, 0xF7,
    0x06, 0xF7, 0x06, 0xF7, 0x05, 0xF7, 0x05, 0xF7,
    0x05, 0xF7, 0x05, 0xF7, 0x05, 0xF7, 0x05, 0xF7,
    0x04, 0xF7, 0x04, 0xF7, 0x04, 0xF7, 0x04, 0xF7,
    0x04, 0xF7, 0x03, 0xF7, 0x03, 0xF7, 0x03, 0xF7,
    0x03, 0xF7, 0x03, 0xF7, 0x03, 0xF7, 0x02, 0xF7,
    0x02, 0xF7, 0x02, 0xF7, 0x02, 0xF7, 0x02, 0xF7,
    0x01, 0xF8, 0x01, 0xF8, 0x01, 0xF7, 0x01, 0xF7,
    0x01, 0xF7, 0x00, 0xF7, 0x00, 0xF7, 0x00, 0xF7,
    0x00, 0xF7, 0x00, 0xF7, 0x00, 0xF7, 0x00, 0xF7,
    0x00, 0xF7, 0x00, 0xF7, 0x00, 0xF7, 0x00, 0xF7,
    0x00, 0xF7, 0x00, 0xF7, 0x00, 0xF7, 0x00, 0xF7,
    0x00, 0xF7, 0x00, 0xF7, 0x10, 0xF7, 0x10, 0xF7,
    0x10, 0xF7, 0x10, 0xF7, 0x10, 0xF7, 0x20, 0xF7,
    0x20, 0xF7, 0x20, 0xF7, 0x20, 0xF7, 0x20, 0xF7,
    0x30, 0xF7, 0x30, 0xF7, 0x30, 0xF7, 0x30, 0xF7,
    0x30, 0xF7, 0x30, 0xF7, 0x40, 0xF7, 0x40, 0xF7,
    0x40, 0xF7, 0x40, 0xF7, 0x40, 0xF7, 0x50, 0xF7,
    0x50, 0xF7, 0x50, 0xF7, 0x50, 0xF7, 0x50, 0xF7,
    0x50, 0xF7, 0x60, 0xF7, 0x60, 0xF7, 0x60, 0xF7,
    0x60, 0xF7, 0x60, 0xF7, 0x60, 0xF7, 0x60, 0xF7,
    0x60, 0xF7, 0x60, 0xF7, 0x60, 0xF6, 0x60, 0xF6,
    0x60, 0xF6, 0x60, 0xF6, 0x60, 0xF6, 0x60, 0xF5,
    0x60, 0xF5, 0x60, 0xF5, 0x60, 0xF5, 0x60, 0xF5,
    0x60, 0xF5, 0x60, 0xF4, 0x60, 0xF4, 0x60, 0xF4,
    0x60, 0xF4, 0x60, 0xF4, 0x60, 0xF3, 0x60, 0xF3,
    0x60, 0xF3, 0x60, 0xF3, 0x60, 0xF3, 0x60, 0xF3,
    0x60, 0xF2, 0x60, 0xF2, 0x60, 0xF2, 0x60, 0xF2,
    0x60, 0xF2, 0x60, 0xF1, 0x60, 0xF1, 0x60, 0xF1,
    0x60, 0xF1, 0x60, 0xF1, 0x60, 0xF0, 0x60, 0xF0,
    0x60, 0xF0, 0x60, 0xF0, 0x60, 0xF0, 0x60, 0xF0,
    0x60, 0xF0, 0x60, 0xF0, 0x60, 0xF0, 0x60, 0xF0,
    0x60, 0xF0, 0x60, 0xF0, 0x61, 0xF0, 0x61, 0xF0,
    0x61, 0xF0, 0x61, 0xF0, 0x61, 0xF0, 0x62, 0xF0,
    0x62, 0xF0, 0x62, 0xF0, 0x62, 0xF0, 0x62, 0xF0,
    0x62, 0xF0, 0x63, 0xF0, 0x63, 0xF0, 0x63, 0xF0,
    0x63, 0xF0, 0x63, 0xF0, 0x64, 0xF0, 0x64, 0xF0,
    0x64, 0xF0, 0x64, 0xF0, 0x64, 0xF0, 0x64, 0xF0,
    0x65, 0xF0, 0x65, 0xF0, 0x65, 0xF0, 0x65, 0xF0,
    0x65, 0xF0, 0x66, 0xF0, 0x66, 0xF0, 0x66, 0xF0,
    0x66, 0xF0, 0x66, 0xF0, 0x66, 0xF0, 0x67, 0xF0,
    0x67, 0xF0, 0x67, 0xF0, 0x67, 0xF0, 0x67, 0xF0,
    0x67, 0xF0, 0x67, 0xF0, 0x67, 0xF0, 0x57, 0xF0,
    0x57, 0xF0, 0x57, 0xF0, 0x57, 0xF0, 0x57, 0xF0,
    0x57, 0xF0, 0x47, 0xF0, 0x47, 0xF0, 0x47, 0xF0,
    0x47, 0xF0, 0x47, 0xF0, 0x37, 0xF0, 0x37, 0xF0,
    0x37, 0xF0, 0x37, 0xF0, 0x37, 0xF0, 0x37, 0xF0,
    0x27, 0xF0, 0x27, 0xF0, 0x27, 0xF0, 0x27, 0xF0,
    0x27, 0xF0, 0x17, 0xF0, 0x17, 0xF0, 0x17, 0xF0,
    0x17, 0xF0, 0x17, 0xF0, 0x17, 0xF0, 0x07, 0xF0,
    0x07, 0xF0, 0x07, 0xF0, 0x07, 0xF0, 0x07, 0xF0,
    0x07, 0xF0, 0x07, 0xF0, 0x07, 0xF0, 0x07, 0xF0,
    0x07, 0xF0, 0x07, 0xF0, 0x07, 0xF0, 0x07, 0xF0,
    0x07, 0xF0, 0x07, 0xF0, 0x07, 0xF1, 0x07, 0xF1,
    0x07, 0xF1, 0x07, 0xF1, 0x07, 0xF1, 0x07, 0xF1,
    0x07, 0xF2, 0x07, 0xF2, 0x07, 0xF2, 0x07, 0xF2,
    0x07, 0xF2, 0x07, 0xF2, 0x07, 0xF3, 0x07, 0xF3,
    0x07, 0xF3, 0x07, 0xF3, 0x07, 0xF3, 0x07, 0xF3,
    0x07, 0xF4, 0x07, 0xF4, 0x07, 0xF4, 0x07, 0xF4,
    0x07, 0xF4, 0x07, 0xF5, 0x07, 0xF5, 0x07, 0xF5,
    0x07, 0xF5, 0x07, 0xF5, 0x07, 0xF5, 0x07, 0xF6,
    0x07, 0xF6, 0x07, 0xF6, 0x07, 0xF6, 0x07, 0xF6,
    0x07, 0xF7, 0x07, 0xF7, 0x07, 0xF7, 0x07, 0xF7,
    0x07, 0xF7, 0x07, 0xF7, 0x07, 0xF7, 0x07, 0xF7,
    0x06, 0xF7, 0x06, 0xF7, 0x06, 0xF7, 0x06, 0xF7,
    0x06, 0xF7, 0x06, 0xF7, 0x05, 0xF7, 0x05, 0xF7,
    0x05, 0xF7, 0x05, 0xF7, 0x05, 0xF7, 0x05, 0xF7,
    0x04, 0xF7, 0x04, 0xF7, 0x04, 0xF7, 0x04, 0xF7,
    0x04, 0xF7, 0x03, 0xF7, 0x03, 0xF7, 0x03, 0xF7,
    0x03, 0xF7, 0x03, 0xF7, 0x03, 0xF7, 0x02, 0xF7,
    0x02, 0xF7, 0x02, 0xF7, 0x02, 0xF7, 0x02, 0xF7,
    0x01, 0xF7, 0x01, 0xF7, 0x01, 0xF7, 0x01, 0xF7,
    0x01, 0xF7, 0x00, 0xF7, 0x00, 0xF7, 0x00, 0xF7,
    0x00, 0xF7, 0x00, 0xF7, 0x00, 0xF7, 0x00, 0xF7,
    0x00, 0xF7, 0x00, 0xF7, 0x00, 0xF7, 0x00, 0xF7,
    0x00, 0xF7, 0x00, 0xF7, 0x00, 0xF7, 0x00, 0xF7,
    0x00, 0xF7, 0x00, 0xF7, 0x10, 0xF7, 0x10, 0xF7,
    0x10, 0xF7, 0x10, 0xF7, 0x10, 0xF7, 0x20, 0xF7,
    0x20, 0xF7, 0x20, 0xF7, 0x20, 0xF7, 0x20, 0xF7,
    0x30, 0xF7, 0x30, 0xF7, 0x30, 0xF7, 0x30, 0xF7,
    0x30, 0xF7, 0x30, 0xF7, 0x40, 0xF7, 0x40, 0xF7,
    0x40, 0xF7, 0x40, 0xF7, 0x40, 0xF7, 0x40, 0xF7,
    0x50, 0xF7, 0x50, 0xF7, 0x50, 0xF7, 0x50, 0xF7,
    0x50, 0xF7, 0x60, 0xF7, 0x60, 0xF7, 0x60, 0xF7,
    0x60, 0xF7, 0x60, 0xF7, 0x60, 0xF7, 0x60, 0xF7,
    0x60, 0xF7, 0x60, 0xF6, 0x60, 0xF6, 0x60, 0xF6,
    0x60, 0xF6, 0x60, 0xF6, 0x60, 0xF6, 0x60, 0xF5,
    0x60, 0xF5, 0x60, 0xF5, 0x60, 0xF5, 0x60, 0xF5,
    0x60, 0xF4, 0x60, 0xF4, 0x60, 0xF4, 0x60, 0xF4,
    0x60, 0xF4, 0x60, 0xF4, 0x60, 0xF3, 0x60, 0xF3,
    0x60, 0xF3, 0x60, 0xF3, 0x60, 0xF3, 0x60, 0xF3,
    0x60, 0xF2, 0x60, 0xF2, 0x60, 0xF2, 0x60, 0xF2,
    0x60, 0xF2, 0x60, 0xF1, 0x60, 0xF1, 0x60, 0xF1,
    0x60, 0xF1, 0x60, 0xF1, 0x60, 0xF0, 0x60, 0xF0,
    0x60, 0xF0, 0x60, 0xF0, 0x60, 0xF0, 0x60, 0xF0,
    0x60, 0xF0, 0x60, 0xF0, 0x60, 0xF0, 0x60, 0xF0,
    0x60, 0xF0, 0x60, 0xF0, 0x61, 0xF0, 0x61, 0xF0,
    0x61, 0xF0, 0x61, 0xF0, 0x61, 0xF0, 0x62, 0xF0,
    0x62, 0xF0, 0x62, 0xF0, 0x62, 0xF0, 0x62, 0xF0,
    0x62, 0xF0, 0x63, 0xF0, 0x63, 0xF0, 0x63, 0xF0,
    0x63, 0xF0, 0x63, 0xF0, 0x63, 0xF0, 0x64, 0xF0,
    0x64, 0xF0, 0x64, 0xF0, 0x64, 0xF0, 0x64, 0xF0,
    0x65, 0xF0, 0x65, 0xF0, 0x65, 0xF0, 0x65, 0xF0,
    0x65, 0xF0, 0x65, 0xF0, 0x66, 0xF0, 0x66, 0xF0,
    0x66, 0xF0, 0x66, 0xF0, 0x66, 0xF0, 0x67, 0xF0,
    0x67, 0xF0, 0x67, 0xF0, 0x67, 0xF0, 0x67, 0xF0,
    0x67, 0xF0, 0x67, 0xF0, 0x57, 0xF0, 0x57, 0xF0,
    0x57, 0xF0, 0x57, 0xF0, 0x57, 0xF0, 0x57, 0xF0,
    0x47, 0xF0, 0x47, 0xF0, 0x47, 0xF0, 0x47, 0xF0,
    0x47, 0xF0, 0x47, 0xF0, 0x37, 0xF0, 0x37, 0xF0,
    0x37, 0xF0, 0x37, 0xF0, 0x37, 0xF0, 0x27, 0xF0,
    0x27, 0xF0, 0x27, 0xF0, 0x27, 0xF0, 0x27, 0xF0,
    0x27, 0xF0, 0x17, 0xF0, 0x17, 0xF0, 0x17, 0xF0,
    0x17, 0xF0, 0x17, 0xF0, 0x07, 0xF0, 0x07, 0xF0,
    0x07, 0xF0, 0x07, 0xF0, 0x07, 0xF0, 0x07, 0xF0,
    0x07, 0xF0, 0x07, 0xF0, 0x07, 0xF0, 0x07, 0xF0,
    0x07, 0xF0, 0x07, 0xF0, 0x07, 0xF0, 0x07, 0xF0,
    0x07, 0xF0, 0x07, 0xF0, 0x07, 0xF1, 0x07, 0xF1,
    0x07, 0xF1, 0x07, 0xF1, 0x07, 0xF1, 0x07, 0xF1,
    0x07, 0xF2, 0x07, 0xF2, 0x07, 0xF2, 0x07, 0xF2,
    0x07, 0xF2, 0x07, 0xF2, 0x07, 0xF3, 0x07, 0xF3,
    0x07, 0xF3, 0x07, 0xF3, 0x07, 0xF3, 0x07, 0xF3,
    0x07, 0xF4, 0x07, 0xF4, 0x07, 0xF4, 0x07, 0xF4,
    0x07, 0xF4, 0x07, 0xF5, 0x07, 0xF5, 0x07, 0xF5,
    0x07, 0xF5, 0x07, 0xF5, 0x07, 0xF5, 0x07, 0xF5,
    0x07, 0xF6, 0x07, 0xF6, 0x07, 0xF6, 0x07, 0xF6,
    0x07, 0xF6, 0x07, 0xF7, 0x07, 0xF7, 0x07, 0xF7,
    0x07, 0xF7, 0x07, 0xF7, 0x07, 0xF7, 0x07, 0xF7,
    0x06, 0xF7, 0x06, 0xF7, 0x06, 0xF7, 0x06, 0xF7,
    0x06, 0xF7, 0x05, 0xF7, 0x05, 0xF7, 0x05, 0xF7,
    0x05, 0xF7, 0x05, 0xF7, 0x05, 0xF7, 0x04, 0xF7,
    0x04, 0xF7, 0x04, 0xF7, 0x04, 0xF7, 0x04, 0xF7,
    0x03, 0xF7, 0x03, 0xF7, 0x03, 0xF7, 0x03, 0xF7,
    0x03, 0xF7, 0x03, 0xF7, 0x02, 0xF7, 0x02, 0xF7,
    0x02, 0xF7, 0x02, 0xF7, 0x02, 0xF7, 0x02, 0xF7,
    0x01, 0xF7, 0x01, 0xF7, 0x01, 0xF7, 0x01, 0xF7,
    0x01, 0xF7, 0x00, 0xF7, 0x00, 0xF7, 0x00, 0xF7,
    0x00, 0xF7, 0x00, 0xF7, 0x00, 0xF7, 0x00, 0xF7,
    0x00, 0xF7, 0x00, 0xF7, 0x00, 0xF7, 0x00, 0xF7,
    0x00, 0xF7, 0x00, 0xF7, 0x00, 0xF7, 0x00, 0xF7,
    0x00, 0xF7, 0x00, 0xF7, 0x10, 0xF7, 0x10, 0xF7,
    0x10, 0xF7, 0x10, 0xF7, 0x10, 0xF7, 0x10, 0xF7,
    0x20, 0xF7, 0x20, 0xF7, 0x20, 0xF7, 0x20, 0xF7,
    0x20, 0xF7, 0x30, 0xF7, 0x30, 0xF7, 0x30, 0xF7,
    0x30, 0xF7, 0x30, 0xF7, 0x30, 0xF7, 0x40, 0xF7,
    0x40, 0xF7, 0x40, 0xF7, 0x40, 0xF7, 0x40, 0xF7,
    0x50, 0xF7, 0x50, 0xF7, 0x50, 0xF7, 0x50, 0xF7,
    0x50, 0xF7, 0x50, 0xF7, 0x60, 0xF7, 0x60, 0xF7,
    0x60, 0xF7, 0x60, 0xF7, 0x60, 0xF7, 0x60, 0xF7,
    0x60, 0xF7, 0x60, 0xF6, 0x60, 0xF6, 0x60, 0xF6,
    0x60, 0xF6, 0x60, 0xF6, 0x60, 0xF5, 0x60, 0xF5,
    0x60, 0xF5, 0x60, 0xF5, 0x60, 0xF5, 0x60, 0xF5,
    0x60, 0xF4, 0x60, 0xF4, 0x60, 0xF4, 0x60, 0xF4,
    0x60, 0xF4, 0x60, 0xF3, 0x60, 0xF3, 0x60, 0xF3,
    0x60, 0xF3, 0x60, 0xF3, 0x60, 0xF3, 0x60, 0xF2,
    0x60, 0xF2, 0x60, 0xF2, 0x60, 0xF2, 0x60, 0xF2,
    0x60, 0xF2, 0x60, 0xF1, 0x60, 0xF1, 0x60, 0xF1,
    0x60, 0xF1, 0x60, 0xF1, 0x60, 0xF0, 0x60, 0xF0,
    0x60, 0xF0, 0x60, 0xF0, 0x60, 0xF0, 0x60, 0xF0,
    0x60, 0xF0, 0x60, 0xF0, 0x60, 0xF0, 0x60, 0xF0,
    0x60, 0xF0, 0x60, 0xF0, 0x61, 0xF0, 0x61, 0xF0,
    0x61, 0xF0, 0x61, 0xF0, 0x61, 0xF0, 0x61, 0xF0,
    0x62, 0xF0, 0x62, 0xF0, 0x62, 0xF0, 0x62, 0xF0,
    0x62, 0xF0, 0x63, 0xF0, 0x63, 0xF0, 0x63, 0xF0,
    0x63, 0xF0, 0x63, 0xF0, 0x63, 0xF0, 0x64, 0xF0,
    0x64, 0xF0, 0x64, 0xF0, 0x64, 0xF0, 0x64, 0xF0,
    0x64, 0xF0, 0x65, 0xF0, 0x65, 0xF0, 0x65, 0xF0,
    0x65, 0xF0, 0x65, 0xF0, 0x65, 0xF0, 0x66, 0xF0,
    0x66, 0xF0, 0x66, 0xF0, 0x66, 0xF0, 0x66, 0xF0,
    0x67, 0xF0, 0x67, 0xF0, 0x67, 0xF0, 0x67, 0xF0,
    0x67, 0xF0, 0x57, 0xF0, 0x57, 0xF0, 0x57, 0xF0,
    0x57, 0xF0, 0x57, 0xF0, 0x57, 0xF0, 0x47, 0xF0,
    0x47, 0xF0, 0x47, 0xF0, 0x47, 0xF0, 0x47, 0xF0,
    0x47, 0xF0, 0x37, 0xF0, 0x37, 0xF0, 0x37, 0xF0,
    0x37, 0xF0, 0x37, 0xF0, 0x37, 0xF0, 0x27, 0xF0,
    0x27, 0xF0, 0x27, 0xF0, 0x27, 0xF0, 0x27, 0xF0,
    0x17, 0xF0, 0x17, 0xF0, 0x17, 0xF0, 0x17, 0xF0,
    0x17, 0xF0, 0x17, 0xF0, 0x07, 0xF0, 0x07, 0xF0,
    0x07, 0xF0, 0x07, 0xF0, 0x07, 0xF0, 0x07, 0xF0,
    0x07, 0xF0, 0x07, 0xF0, 0x07, 0xF0, 0x07, 0xF0,
    0x07, 0xF0, 0x07, 0xF0, 0x07, 0xF0, 0x07, 0xF0,
    0x07, 0xF0, 0x07, 0xF0, 0x07, 0xF0, 0x07, 0xF1,
    0x07, 0xF1, 0x07, 0xF1, 0x07, 0xF1, 0x07, 0xF1,
    0x07, 0xF2, 0x07, 0xF2, 0x07, 0xF2, 0x07, 0xF2,
    0x07, 0xF2, 0x07, 0xF2, 0x07, 0xF2, 0x07, 0xF3,
    0x07, 0xF3, 0x07, 0xF3, 0x07, 0xF3, 0x07, 0xF3,
    0x07, 0xF3, 0x07, 0xF4, 0x07, 0xF4, 0x07, 0xF4,
    0x07, 0xF4, 0x07, 0xF4, 0x07, 0xF5, 0x07, 0xF5,
    0x07, 0xF5, 0x07, 0xF5, 0x07, 0xF5, 0x07, 0xF5,
    0x07, 0xF5, 0x07, 0xF6, 0x07, 0xF6, 0x07, 0xF6,
    0x07, 0xF6, 0x07, 0xF7, 0x07, 0xF7, 0x07, 0xF7,
    0x07, 0xF7, 0x07, 0xF7, 0x07, 0xF7, 0x06, 0xF7,
    0x06, 0xF7, 0x06, 0xF7, 0x06, 0xF7, 0x06, 0xF7,
    0x05, 0xF7, 0x05, 0xF7, 0x05, 0xF7, 0x05, 0xF7,
    0x05, 0xF7, 0x05, 0xF7, 0x04, 0xF7, 0x04, 0xF7,
    0x04, 0xF7, 0x04, 0xF7, 0x04, 0xF7, 0x04, 0xF7,
    0x03, 0xF7, 0x03, 0xF7, 0x03, 0xF7, 0x03, 0xF7,
    0x03, 0xF7, 0x03, 0xF7, 0x02, 0xF7, 0x02, 0xF7,
    0x02, 0xF7, 0x02, 0xF7, 0x02, 0xF7, 0x02, 0xF7,
    0x01, 0xF7, 0x01, 0xF7, 0x01, 0xF7, 0x01, 0xF7,
    0x01, 0xF7, 0x00, 0xF7, 0x00, 0xF7, 0x00, 0xF7,
    0x00, 0xF7, 0x00, 0xF7, 0x00, 0xF7, 0x00, 0xF7,
    0x00, 0xF7, 0x00, 0xF7, 0x00, 0xF7, 0x00, 0xF7,
    0x00, 0xF7, 0x00, 0xF7, 0x00, 0xF7, 0x00, 0xF7,
    0x00, 0xF7, 0x00, 0xF7, 0x00, 0xF7, 0x10, 0xF7,
    0x10, 0xF7, 0x10, 0xF7, 0x10, 0xF7, 0x10, 0xF7,
    0x20, 0xF7, 0x20, 0xF7, 0x20, 0xF7, 0x20, 0xF7,
    0x20, 0xF7, 0x30, 0xF7, 0x30, 0xF7, 0x30, 0xF7,
    0x30, 0xF7, 0x30, 0xF7, 0x30, 0xF7, 0x40, 0xF7,
    0x40, 0xF7, 0x40, 0xF7, 0x40, 0xF7, 0x40, 0xF7,
    0x40, 0xF7, 0x50, 0xF7, 0x50, 0xF7, 0x50, 0xF7,
    0x50, 0xF7, 0x50, 0xF7, 0x50, 0xF7, 0x60, 0xF7,
    0x60, 0xF7, 0x60, 0xF7, 0x60, 0xF7, 0x60, 0xF7,
    0x60, 0xF6, 0x60, 0xF6, 0x60, 0xF6, 0x60, 0xF6,
    0x60, 0xF6, 0x60, 0xF6, 0x60, 0xF5, 0x60, 0xF5,
    0x60, 0xF5, 0x60, 0xF5, 0x60, 0xF5, 0x60, 0xF4,
    0x60, 0xF4, 0x60, 0xF4, 0x60, 0xF4, 0x60, 0xF4,
    0x60, 0xF4, 0x60, 0xF3, 0x60, 0xF3, 0x60, 0xF3,
    0x60, 0xF3, 0x60, 0xF3, 0x60, 0xF3, 0x60, 0xF2,
    0x60, 0xF2, 0x60, 0xF2, 0x60, 0xF2, 0x60, 0xF2,
    0x60, 0xF2, 0x60, 0xF1, 0x60, 0xF1, 0x60, 0xF1,
    0x60, 0xF1, 0x60, 0xF1, 0x60, 0xF0, 0x60, 0xF0,
    0x60, 0xF0, 0x60, 0xF0, 0x60, 0xF0, 0x60, 0xF0,
    0x60, 0xF0, 0x60, 0xF0, 0x60, 0xF0, 0x60, 0xF0,
    0x60, 0xF0, 0x60, 0xF0, 0x61, 0xF0, 0x61, 0xF0,
    0x61, 0xF0, 0x61, 0xF0, 0x61, 0xF0, 0x61, 0xF0,
    0x62, 0xF0, 0x62, 0xF0, 0x62, 0xF0, 0x62, 0xF0,
    0x62, 0xF0, 0x62, 0xF0, 0x63, 0xF0, 0x63, 0xF0,
    0x63, 0xF0, 0x63, 0xF0, 0x63, 0xF0, 0x63, 0xF0,
    0x64, 0xF0, 0x64, 0xF0, 0x64, 0xF0, 0x64, 0xF0,
    0x64, 0xF0, 0x64, 0xF0, 0x65, 0xF0, 0x65, 0xF0,
    0x65, 0xF0, 0x65, 0xF0, 0x65, 0xF0, 0x65, 0xF0,
    0x66, 0xF0, 0x66, 0xF0, 0x66, 0xF0, 0x66, 0xF0,
    0x66, 0xF0, 0x67, 0xF0, 0x67, 0xF0, 0x67, 0xF0,
    0x67, 0xF0, 0x57, 0xF0, 0x57, 0xF0, 0x57, 0xF0,
    0x57, 0xF0, 0x57, 0xF0, 0x57, 0xF0, 0x47, 0xF0,
    0x47, 0xF0, 0x47, 0xF0, 0x47, 0xF0, 0x47, 0xF0,
    0x47, 0xF0, 0x37, 0xF0, 0x37, 0xF0, 0x37, 0xF0,
    0x37, 0xF0, 0x37, 0xF0, 0x27, 0xF0, 0x27, 0xF0,
    0x27, 0xF0, 0x27, 0xF0, 0x27, 0xF0, 0x27, 0xF0,
    0x17, 0xF0, 0x17, 0xF0, 0x17, 0xF0, 0x17, 0xF0,
    0x17, 0xF0, 0x07, 0xF0, 0x07, 0xF0, 0x07, 0xF0,
    0x07, 0xF0, 0x07, 0xF0, 0x07, 0xF0, 0x07, 0xF0,
    0x07, 0xF0, 0x07, 0xF0, 0x07, 0xF0, 0x07, 0xF0,
    0x07, 0xF0, 0x07, 0xF0, 0x07, 0xF0, 0x07, 0xF0,
    0x07, 0xF0, 0x07, 0xF0, 0x07, 0xF0, 0x07, 0xF1,
    0x07, 0xF1, 0x07, 0xF1, 0x07, 0xF1, 0x07, 0xF1,
    0x07, 0xF1, 0x07, 0xF2, 0x07, 0xF2, 0x07, 0xF2,
    0x07, 0xF2, 0x07, 0xF2, 0x07, 0xF2, 0x07, 0xF2,
    0x07, 0xF3, 0x07, 0xF3, 0x07, 0xF3, 0x07, 0xF3,
    0x07, 0xF3, 0x07, 0xF4, 0x07, 0xF4, 0x07, 0xF4,
    0x07, 0xF4, 0x07, 0xF4, 0x07, 0xF4, 0x07, 0xF5,
    0x07, 0xF5, 0x07, 0xF5, 0x07, 0xF5, 0x07, 0xF5,
    0x07, 0xF5, 0x07, 0xF6, 0x07, 0xF6, 0x07, 0xF6,
    0x07, 0xF6, 0x07, 0xF6, 0x07, 0xF7, 0x07, 0xF7,
    0x07, 0xF7, 0x07, 0xF7, 0x06, 0xF7, 0x06, 0xF7,
    0x06, 0xF7, 0x06, 0xF7, 0x06, 0xF7, 0x05, 0xF7,
    0x05, 0xF7, 0x05, 0xF7, 0x05, 0xF7, 0x05, 0xF7,
    0x05, 0xF7, 0x05, 0xF7, 0x04, 0xF7, 0x04, 0xF7,
    0x04, 0xF7, 0x04, 0xF7, 0x04, 0xF7, 0x03, 0xF7,
    0x03, 0xF7, 0x03, 0xF7, 0x03, 0xF7, 0x03, 0xF7,
    0x03, 0xF7, 0x03, 0xF7, 0x02, 0xF7, 0x02, 0xF7,
    0x02, 0xF7, 0x02, 0xF7, 0x02, 0xF7, 0x01, 0xF7,
    0x01, 0xF7, 0x01, 0xF7, 0x01, 0xF7, 0x01, 0xF7,
    0x01, 0xF7, 0x00, 0xF7, 0x00, 0xF7, 0x00, 0xF7,
    0x00, 0xF7, 0x00, 0xF7, 0x00, 0xF7, 0x00, 0xF7,
    0x00, 0xF7, 0x00, 0xF7, 0x00, 0xF7, 0x00, 0xF7,
    0x00, 0xF7, 0x00, 0xF7, 0x00, 0xF7, 0x00, 0xF7,
    0x00, 0xF7, 0x00, 0xF7, 0x00, 0xF7, 0x10, 0xF7,
    0x10, 0xF7, 0x10, 0xF7, 0x10, 0xF7, 0x10, 0xF7,
    0x20, 0xF7, 0x20, 0xF7, 0x20, 0xF7, 0x20, 0xF7,
    0x20, 0xF7, 0x20, 0xF7, 0x30, 0xF7, 0x30, 0xF7,
    0x30, 0xF7, 0x30, 0xF7, 0x30, 0xF7, 0x30, 0xF7,
    0x40, 0xF7, 0x40, 0xF7, 0x40, 0xF7, 0x40, 0xF7,
    0x40, 0xF7, 0x50, 0xF7, 0x50, 0xF7, 0x50, 0xF7,
    0x50, 0xF7, 0x50, 0xF7, 0x50, 0xF7, 0x50, 0xF7,
    0x60, 0xF7, 0x60, 0xF7, 0x60, 0xF7, 0x60, 0xF6,
    0x60, 0xF6, 0x60, 0xF6, 0x60, 0xF6, 0x60, 0xF6,
    0x60, 0xF6, 0x60, 0xF5, 0x60, 0xF5, 0x60, 0xF5,
    0x60, 0xF5, 0x60, 0xF5, 0x60, 0xF5, 0x60, 0xF4,
    0x60, 0xF4, 0x60, 0xF4, 0x60, 0xF4, 0x60, 0xF4,
    0x60, 0xF4, 0x60, 0xF3, 0x60, 0xF3, 0x60, 0xF3,
    0x60, 0xF3, 0x60, 0xF3, 0x60, 0xF3, 0x60, 0xF2,
    0x60, 0xF2, 0x60, 0xF2, 0x60, 0xF2, 0x60, 0xF2,
    0x60, 0xF1, 0x60, 0xF1, 0x60, 0xF1, 0x60, 0xF1,
    0x60, 0xF1, 0x60, 0xF1, 0x60, 0xF0, 0x60, 0xF0,
    0x60, 0xF0, 0x60, 0xF0, 0x60, 0xF0, 0x60, 0xF0,
    0x60, 0xF0, 0x60, 0xF0, 0x60, 0xF0, 0x60, 0xF0,
    0x60, 0xF0, 0x60, 0xF0, 0x61, 0xF0, 0x61, 0xF0,
    0x61, 0xF0, 0x61, 0xF0, 0x61, 0xF0, 0x61, 0xF0,
    0x62, 0xF0, 0x62, 0xF0, 0x62, 0xF0, 0x62, 0xF0,
    0x62, 0xF0, 0x62, 0xF0, 0x63, 0xF0, 0x63, 0xF0,
    0x63, 0xF0, 0x63, 0xF0, 0x63, 0xF0, 0x63, 0xF0,
    0x64, 0xF0, 0x64, 0xF0, 0x64, 0xF0, 0x64, 0xF0,
    0x64, 0xF0, 0x64, 0xF0, 0x65, 0xF0, 0x65, 0xF0,
    0x65, 0xF0, 0x65, 0xF0, 0x65, 0xF0, 0x65, 0xF0,
    0x66, 0xF0, 0x66, 0xF0, 0x66, 0xF0, 0x66, 0xF0,
    0x66, 0xF0, 0x66, 0xF0, 0x67, 0xF0, 0x67, 0xF0,
    0x57, 0xF0, 0x57, 0xF0, 0x57, 0xF0, 0x57, 0xF0,
    0x57, 0xF0, 0x57, 0xF0, 0x47, 0xF0, 0x47, 0xF0,
    0x47, 0xF0, 0x47, 0xF0, 0x47, 0xF0, 0x47, 0xF0,
    0x37, 0xF0, 0x37, 0xF0, 0x37, 0xF0, 0x37, 0xF0,
    0x37, 0xF0, 0x27, 0xF0, 0x27, 0xF0, 0x27, 0xF0,
    0x27, 0xF0, 0x27, 0xF0, 0x27, 0xF0, 0x17, 0xF0,
    0x17, 0xF0, 0x17, 0xF0, 0x17, 0xF0, 0x17, 0xF0,
    0x17, 0xF0, 0x07, 0xF0, 0x07, 0xF0, 0x07, 0xF0,
    0x07, 0xF0, 0x07, 0xF0, 0x07, 0xF0, 0x07, 0xF0,
    0x07, 0xF0, 0x07, 0xF0, 0x07, 0xF0, 0x07, 0xF0,
    0x07, 0xF0, 0x07, 0xF0, 0x07, 0xF0, 0x07, 0xF0,
    0x07, 0xF0, 0x07, 0xF0, 0x07, 0xF0, 0x07, 0xF1,
    0x07, 0xF1, 0x07, 0xF1, 0x07, 0xF1, 0x07, 0xF1,
    0x07, 0xF1, 0x07, 0xF2, 0x07, 0xF2, 0x07, 0xF2,
    0x07, 0xF2, 0x07, 0xF2, 0x07, 0xF2, 0x07, 0xF2,
    0x07, 0xF3, 0x07, 0xF3, 0x07, 0xF3, 0x07, 0xF3,
    0x07, 0xF3, 0x07, 0xF4, 0x07, 0xF4, 0x07, 0xF4,
    0x07, 0xF4, 0x07, 0xF4, 0x07, 0xF4, 0x07, 0xF5,
    0x07, 0xF5, 0x07, 0xF5, 0x07, 0xF5, 0x07, 0xF5,
    0x07, 0xF5, 0x07, 0xF6, 0x07, 0xF6, 0x07, 0xF6,
    0x07, 0xF6, 0x07, 0xF6, 0x07, 0xF6, 0x07, 0xF7,
    0x07, 0xF7, 0x06, 0xF7, 0x06, 0xF7, 0x06, 0xF7,
    0x06, 0xF7, 0x06, 0xF7, 0x06, 0xF7, 0x05, 0xF7,
    0x05, 0xF7, 0x05, 0xF7, 0x05, 0xF7, 0x05, 0xF7,
    0x05, 0xF7, 0x04, 0xF7, 0x04, 0xF7, 0x04, 0xF7,
    0x04, 0xF7, 0x04, 0xF7, 0x04, 0xF7, 0x03, 0xF7,
    0x03, 0xF7, 0x03, 0xF7, 0x03, 0xF7, 0x03, 0xF7,
    0x03, 0xF7, 0x02, 0xF7, 0x02, 0xF7, 0x02, 0xF7,
    0x02, 0xF7, 0x02, 0xF7, 0x02, 0xF7, 0x01, 0xF7,
    0x01, 0xF7, 0x01, 0xF7, 0x01, 0xF7, 0x01, 0xF7,
    0x01, 0xF7, 0x00, 0xF7, 0x00, 0xF7, 0x00, 0xF7,
    0x00, 0xF7, 0x00, 0xF7, 0x00, 0xF7, 0x00, 0xF7,
    0x00, 0xF7, 0x00, 0xF7, 0x00, 0xF7, 0x00, 0xF7,
    0x00, 0xF7, 0x00, 0xF7, 0x00, 0xF7, 0x00, 0xF7,
    0x00, 0xF7, 0x00, 0xF7, 0x00, 0xF7, 0x10, 0xF7,
    0x10, 0xF7, 0x10, 0xF7, 0x10, 0xF7, 0x10, 0xF7,
    0x20, 0xF7, 0x20, 0xF7, 0x20, 0xF7, 0x20, 0xF7,
    0x20, 0xF7, 0x20, 0xF7, 0x30, 0xF7, 0x30, 0xF7,
    0x30, 0xF7, 0x30, 0xF7, 0x30, 0xF7, 0x30, 0xF7,
    0x40, 0xF7, 0x40, 0xF7, 0x40, 0xF7, 0x40, 0xF7,
    0x40, 0xF7, 0x40, 0xF7, 0x50, 0xF7, 0x50, 0xF7,
    0x50, 0xF7, 0x50, 0xF7, 0x50, 0xF7, 0x50, 0xF7,
    0x50, 0xF7, 0x60, 0xF7, 0x60, 0xF6, 0x60, 0xF6,
    0x60, 0xF6, 0x60, 0xF6, 0x60, 0xF6, 0x60, 0xF6,
    0x60, 0xF5, 0x60, 0xF5, 0x60, 0xF5, 0x60, 0xF5,
    0x60, 0xF5, 0x60, 0xF5, 0x60, 0xF5, 0x60, 0xF4,
    0x60, 0xF4, 0x60, 0xF4, 0x60, 0xF4, 0x60, 0xF4,
    0x60, 0xF3, 0x60, 0xF3, 0x60, 0xF3, 0x60, 0xF3,
    0x60, 0xF3, 0x60, 0xF3, 0x60, 0xF2, 0x60, 0xF2,
    0x60, 0xF2, 0x60, 0xF2, 0x60, 0xF2, 0x60, 0xF2,
    0x60, 0xF1, 0x60, 0xF1, 0x60, 0xF1, 0x60, 0xF1,
    0x60, 0xF1, 0x60, 0xF1, 0x60, 0xF0, 0x60, 0xF0,
    0x60, 0xF0, 0x60, 0xF0, 0x60, 0xF0, 0x60, 0xF0,
    0x60, 0xF0, 0x60, 0xF0, 0x60, 0xF0, 0x60, 0xF0,
    0x60, 0xF0, 0x60, 0xF0, 0x61, 0xF0, 0x61, 0xF0,
    0x61, 0xF0, 0x61, 0xF0, 0x51, 0xF0, 0x51, 0xF0,
    0x62, 0xF0, 0x62, 0xF0, 0x62, 0xF0, 0x62, 0xF0,
    0x62, 0xF0, 0x62, 0xF0, 0x63, 0xF0, 0x63, 0xF0,
    0x63, 0xF0, 0x63, 0xF0, 0x63, 0xF0, 0x53, 0xF0,
    0x64, 0xF0, 0x64, 0xF0, 0x64, 0xF0, 0x64, 0xF0,
    0x64, 0xF0, 0x64, 0xF0, 0x65, 0xF0, 0x65, 0xF0,
    0x65, 0xF0, 0x65, 0xF0, 0x65, 0xF0, 0x65, 0xF0,
    0x65, 0xF0, 0x66, 0xF0, 0x66, 0xF0, 0x66, 0xF0,
    0x66, 0xF0, 0x66, 0xF0, 0x56, 0xF0, 0x57, 0xF0,
    0x57, 0xF0, 0x57, 0xF0, 0x57, 0xF0, 0x57, 0xF0,
    0x57, 0xF0, 0x47, 0xF0, 0x47, 0xF0, 0x47, 0xF0,
    0x47, 0xF0, 0x47, 0xF0, 0x47, 0xF0, 0x46, 0xF0,
    0x37, 0xF0, 0x37, 0xF0, 0x37, 0xF0, 0x37, 0xF0,
    0x37, 0xF0, 0x27, 0xF0, 0x27, 0xF0, 0x27, 0xF0,
    0x27, 0xF0, 0x27, 0xF0, 0x27, 0xF0, 0x27, 0xF0,
    0x17, 0xF0, 0x17, 0xF0, 0x17, 0xF0, 0x17, 0xF0,
    0x17, 0xF0, 0x07, 0xF0, 0x07, 0xF0, 0x07, 0xF0,
    0x07, 0xF0, 0x07, 0xF0, 0x07, 0xF0, 0x07, 0xF0,
    0x07, 0xF0, 0x07, 0xF0, 0x07, 0xF0, 0x07, 0xF0,
    0x07, 0xF0, 0x06, 0xF0, 0x07, 0xF0, 0x07, 0xF0,
    0x07, 0xF0, 0x07, 0xF0, 0x07, 0xF0, 0x07, 0xF1,
    0x07, 0xF1, 0x07, 0xF1, 0x07, 0xF1, 0x07, 0xF1,
    0x07, 0xF1, 0x07, 0xF2, 0x07, 0xF2, 0x07, 0xF2,
    0x07, 0xF2, 0x07, 0xF2, 0x07, 0xF2, 0x07, 0xF2,
    0x07, 0xF3, 0x07, 0xF3, 0x07, 0xF3, 0x07, 0xF3,
    0x07, 0xF3, 0x07, 0xF4, 0x07, 0xF4, 0x07, 0xF4,
    0x07, 0xF4, 0x07, 0xF4, 0x07, 0xF4, 0x07, 0xF5,
    0x07, 0xF5, 0x07, 0xF5, 0x07, 0xF5, 0x07, 0xF5,
    0x07, 0xF5, 0x07, 0xF5, 0x07, 0xF6, 0x07, 0xF6,
    0x07, 0xF6, 0x07, 0xF6, 0x07, 0xF6, 0x07, 0xF6,
    0x06, 0xF7, 0x06, 0xF7, 0x06, 0xF7, 0x06, 0xF7,
    0x06, 0xF7, 0x06, 0xF7, 0x05, 0xF7, 0x05, 0xF7,
    0x05, 0xF7, 0x05, 0xF7, 0x05, 0xF7, 0x05, 0xF7,
    0x05, 0xF7, 0x04, 0xF7, 0x04, 0xF7, 0x04, 0xF7,
    0x04, 0xF7, 0x04, 0xF7, 0x04, 0xF7, 0x03, 0xF7,
    0x03, 0xF7, 0x03, 0xF7, 0x03, 0xF7, 0x03, 0xF7,
    0x03, 0xF7, 0x02, 0xF7, 0x02, 0xF7, 0x02, 0xF7,
    0x02, 0xF7, 0x02, 0xF7, 0x02, 0xF7, 0x01, 0xF7,
    0x01, 0xF7, 0x01, 0xF7, 0x01, 0xF7, 0x01, 0xF7,
    0x01, 0xF7, 0x00, 0xF7, 0x00, 0xF7, 0x00, 0xF7,
    0x00, 0xF7, 0x00, 0xF6, 0x00, 0xF6, 0x00, 0xF7,
    0x00, 0xF7, 0x00, 0xF7, 0x00, 0xF7, 0x00, 0xF6,
    0x00, 0xF6, 0x00, 0xF6, 0x00, 0xF6, 0x00, 0xF7,
    0x00, 0xF7, 0x00, 0xF7, 0x00, 0xF7, 0x10, 0xF7,
    0x10, 0xF7, 0x10, 0xF7, 0x10, 0xF7, 0x10, 0xF7,
    0x10, 0xF7, 0x20, 0xF6, 0x20, 0xF6, 0x20, 0xF7,
    0x20, 0xF7, 0x20, 0xF7, 0x20, 0xF7, 0x30, 0xF7,
    0x30, 0xF7, 0x30, 0xF7, 0x30, 0xF7, 0x30, 0xF7,
    0x30, 0xF7, 0x40, 0xF7, 0x40, 0xF7, 0x40, 0xF6,
    0x40, 0xF7, 0x40, 0xF7, 0x40, 0xF7, 0x50, 0xF7,
    0x50, 0xF7, 0x50, 0xF7, 0x50, 0xF7, 0x50, 0xF7,
    0x50, 0xF7, 0x50, 0xF6, 0x50, 0xF6, 0x60, 0xF6,
    0x60, 0xF6, 0x60, 0xF6, 0x60, 0xF6, 0x60, 0xF6,
    0x60, 0xF5, 0x60, 0xF5, 0x60, 0xF5, 0x60, 0xF5,
    0x60, 0xF5, 0x60, 0xF5, 0x60, 0xF4, 0x60, 0xF4,
    0x60, 0xF4, 0x60, 0xF4, 0x60, 0xF4, 0x60, 0xF4,
    0x60, 0xF3, 0x60, 0xF3, 0x60, 0xF3, 0x60, 0xF3,
    0x60, 0xF3, 0x60, 0xF3, 0x60, 0xF2, 0x60, 0xF2,
    0x60, 0xF2, 0x60, 0xF2, 0x60, 0xF2, 0x60, 0xF2,
    0x60, 0xF1, 0x60, 0xF1, 0x60, 0xF1, 0x60, 0xF1,
    0x60, 0xF1, 0x60, 0xF1, 0x60, 0xF0, 0x60, 0xF0,
    0x60, 0xF0, 0x60, 0xF0, 0x60, 0xF0, 0x60, 0xF0,
    0x50, 0xF0, 0x50, 0xF0, 0x50, 0xF0, 0x50, 0xF0,
    0x50, 0xF0, 0x50, 0xF0, 0x51, 0xF0, 0x51, 0xF0,
    0x51, 0xF0, 0x51, 0xF0, 0x51, 0xF0, 0x51, 0xF0,
    0x52, 0xF0, 0x52, 0xF0, 0x52, 0xF0, 0x52, 0xF0,
    0x52, 0xF0, 0x52, 0xF0, 0x52, 0xF0, 0x53, 0xF0,
    0x53, 0xF0, 0x53, 0xF0, 0x53, 0xF0, 0x53, 0xF0,
    0x53, 0xF0, 0x54, 0xF0, 0x54, 0xF0, 0x54, 0xF0,
    0x54, 0xF0, 0x54, 0xF0, 0x54, 0xF0, 0x54, 0xF0,
    0x55, 0xF0, 0x65, 0xF0, 0x65, 0xF0, 0x55, 0xF0,
    0x55, 0xF0, 0x55, 0xF0, 0x56, 0xF0, 0x56, 0xF0,
    0x56, 0xF0, 0x56, 0xF0, 0x56, 0xF0, 0x56, 0xF0,
    0x56, 0xF0, 0x56, 0xF0, 0x56, 0xF0, 0x56, 0xF0,
    0x46, 0xF0, 0x46, 0xF0, 0x46, 0xF0, 0x46, 0xF0,
    0x46, 0xF0, 0x46, 0xF0, 0x46, 0xF0, 0x36, 0xF0,
    0x36, 0xF0, 0x36, 0xF0, 0x36, 0xF0, 0x36, 0xF0,
    0x26, 0xF0, 0x26, 0xF0, 0x26, 0xF0, 0x26, 0xF0,
    0x26, 0xF0, 0x26, 0xF0, 0x26, 0xF0, 0x16, 0xF0,
    0x16, 0xF0, 0x16, 0xF0, 0x16, 0xF0, 0x16, 0xF0,
    0x16, 0xF0, 0x06, 0xF0, 0x06, 0xF0, 0x06, 0xF0,
    0x06, 0xF0, 0x06, 0xF0, 0x06, 0xF0, 0x06, 0xF0,
    0x06, 0xF0, 0x06, 0xF0, 0x06, 0xF0, 0x06, 0xF0,
    0x06, 0xF0, 0x06, 0xF0, 0x06, 0xF0, 0x06, 0xF0,
    0x06, 0xF0, 0x06, 0xF0, 0x06, 0xF0, 0x06, 0xF1,
    0x06, 0xF1, 0x06, 0xF1, 0x06, 0xF1, 0x06, 0xF1,
    0x06, 0xF1, 0x06, 0xF1, 0x06, 0xF2, 0x06, 0xF2,
    0x06, 0xF2, 0x06, 0xF2, 0x06, 0xF2, 0x06, 0xF2,
    0x06, 0xF2, 0x06, 0xF3, 0x06, 0xF3, 0x06, 0xF3,
    0x06, 0xF3, 0x06, 0xF3, 0x06, 0xF3, 0x06, 0xF4,
    0x06, 0xF4, 0x06, 0xF4, 0x06, 0xF4, 0x06, 0xF4,
    0x06, 0xF4, 0x06, 0xF5, 0x06, 0xF5, 0x06, 0xF5,
    0x06, 0xF5, 0x06, 0xF5, 0x06, 0xF5, 0x06, 0xF6,
    0x06, 0xF6, 0x06, 0xF6, 0x06, 0xF6, 0x06, 0xF6,
    0x06, 0xF6, 0x06, 0xF6, 0x06, 0xF6, 0x06, 0xF6,
    0x06, 0xF6, 0x05, 0xF6, 0x05, 0xF6, 0x05, 0xF6,
    0x05, 0xF6, 0x05, 0xF6, 0x05, 0xF6, 0x04, 0xF6,
    0x04, 0xF6, 0x04, 0xF6, 0x04, 0xF6, 0x04, 0xF6,
    0x04, 0xF6, 0x04, 0xF6, 0x03, 0xF6, 0x03, 0xF6,
    0x03, 0xF7, 0x03, 0xF6, 0x03, 0xF6, 0x03, 0xF6,
    0x02, 0xF6, 0x02, 0xF6, 0x02, 0xF6, 0x02, 0xF6,
    0x02, 0xF6, 0x02, 0xF6, 0x02, 0xF6, 0x01, 0xF6,
    0x01, 0xF6, 0x01, 0xF6, 0x01, 0xF6, 0x01, 0xF6,
    0x00, 0xF6, 0x00, 0xF6, 0x00, 0xF6, 0x00, 0xF6,
    0x00, 0xF6, 0x00, 0xF6, 0x00, 0xF6, 0x00, 0xF6,
    0x00, 0xF6, 0x00, 0xF6, 0x00, 0xF6, 0x00, 0xF6,
    0x00, 0xF6, 0x00, 0xF6, 0x00, 0xF6, 0x00, 0xF6,
    0x00, 0xF6, 0x00, 0xF6, 0x00, 0xF6, 0x00, 0xF6,
    0x10, 0xF6, 0x10, 0xF6, 0x10, 0xF6, 0x10, 0xF6,
    0x10, 0xF6, 0x20, 0xF6, 0x20, 0xF6, 0x20, 0xF6,
    0x20, 0xF6, 0x20, 0xF6, 0x20, 0xF6, 0x20, 0xF6,
    0x30, 0xF6, 0x30, 0xF6, 0x30, 0xF6, 0x30, 0xF6,
    0x30, 0xF6, 0x30, 0xF6, 0x40, 0xF6, 0x40, 0xF6,
    0x40, 0xF6, 0x40, 0xF6, 0x40, 0xF6, 0x40, 0xF6,
    0x50, 0xF6, 0x50, 0xF6, 0x50, 0xF6, 0x50, 0xF6,
    0x50, 0xF6, 0x50, 0xF6, 0x50, 0xF6, 0x50, 0xF6,
    0x50, 0xF6, 0x50, 0xF6, 0x50, 0xF5, 0x50, 0xF5,
    0x50, 0xF5, 0x50, 0xF5, 0x50, 0xF5, 0x50, 0xF5,
    0x50, 0xF5, 0x50, 0xF4, 0x50, 0xF4, 0x50, 0xF4,
    0x50, 0xF4, 0x50, 0xF4, 0x50, 0xF4, 0x50, 0xF3,
    0x50, 0xF3, 0x50, 0xF3, 0x50, 0xF3, 0x50, 0xF3,
    0x50, 0xF3, 0x50, 0xF2, 0x50, 0xF2, 0x50, 0xF2,
    0x50, 0xF2, 0x50, 0xF2, 0x50, 0xF2, 0x50, 0xF1,
    0x50, 0xF1, 0x50, 0xF1, 0x50, 0xF1, 0x50, 0xF1,
    0x50, 0xF1, 0x50, 0xF1, 0x50, 0xF0, 0x50, 0xF0,
    0x50, 0xF0, 0x50, 0xF0, 0x50, 0xF0, 0x50, 0xF0,
    0x50, 0xF0, 0x50, 0xF0, 0x50, 0xF0, 0x50, 0xF0,
    0x50, 0xF0, 0x50, 0xF0, 0x51, 0xF0, 0x51, 0xF0,
    0x51, 0xF0, 0x51, 0xF0, 0x51, 0xF0, 0x51, 0xF0,
    0x51, 0xF0, 0x52, 0xF0, 0x52, 0xF0, 0x52, 0xF0,
    0x52, 0xF0, 0x52, 0xF0, 0x52, 0xF0, 0x53, 0xF0,
    0x53, 0xF0, 0x53, 0xF0, 0x53, 0xF0, 0x53, 0xF0,
    0x53, 0xF0, 0x53, 0xF0, 0x54, 0xF0, 0x54, 0xF0,
    0x54, 0xF0, 0x54, 0xF0, 0x54, 0xF0, 0x54, 0xF0,
    0x55, 0xF0, 0x55, 0xF0, 0x55, 0xF0, 0x55, 0xF0,
    0x55, 0xF0, 0x55, 0xF0, 0x56, 0xF0, 0x56, 0xF0,
    0x56, 0xF0, 0x56, 0xF0, 0x56, 0xF0, 0x56, 0xF0,
    0x56, 0xF0, 0x56, 0xF0, 0x56, 0xF0, 0x56, 0xF0,
    0x46, 0xF0, 0x46, 0xF0, 0x46, 0xF0, 0x46, 0xF0,
    0x46, 0xF0, 0x46, 0xF0, 0x36, 0xF0, 0x36, 0xF0,
    0x36, 0xF0, 0x36, 0xF0, 0x36, 0xF0, 0x36, 0xF0,
    0x26, 0xF0, 0x26, 0xF0, 0x26, 0xF0, 0x26, 0xF0,
    0x26, 0xF0, 0x26, 0xF0, 0x26, 0xF0, 0x16, 0xF0,
    0x16, 0xF0, 0x16, 0xF0, 0x16, 0xF0, 0x16, 0xF0,
    0x16, 0xF0, 0x06, 0xF0, 0x06, 0xF0, 0x06, 0xF0,
    0x06, 0xF0, 0x06, 0xF0, 0x06, 0xF0, 0x06, 0xF0,
    0x06, 0xF0, 0x06, 0xF0, 0x06, 0xF0, 0x06, 0xF0,
    0x06, 0xF0, 0x06, 0xF0, 0x06, 0xF0, 0x06, 0xF0,
    0x06, 0xF0, 0x06, 0xF0, 0x06, 0xF0, 0x06, 0xF1,
    0x06, 0xF1, 0x06, 0xF1, 0x06, 0xF1, 0x06, 0xF1,
    0x06, 0xF1, 0x06, 0xF1, 0x06, 0xF2, 0x06, 0xF2,
    0x06, 0xF2, 0x06, 0xF2, 0x06, 0xF2, 0x06, 0xF2,
    0x06, 0xF2, 0x06, 0xF3, 0x06, 0xF3, 0x06, 0xF3,
    0x06, 0xF3, 0x06, 0xF3, 0x06, 0xF3, 0x06, 0xF4,
    0x06, 0xF4, 0x06, 0xF4, 0x06, 0xF4, 0x06, 0xF4,
    0x06, 0xF4, 0x06, 0xF5, 0x06, 0xF5, 0x06, 0xF5,
    0x06, 0xF5, 0x06, 0xF5, 0x06, 0xF5, 0x06, 0xF6,
    0x06, 0xF6, 0x06, 0xF6, 0x06, 0xF6, 0x06, 0xF6,
    0x06, 0xF6, 0x06, 0xF6, 0x06, 0xF6, 0x06, 0xF6,
    0x06, 0xF6, 0x05, 0xF6, 0x05, 0xF6, 0x05, 0xF6,
    0x05, 0xF6, 0x05, 0xF6, 0x05, 0xF6, 0x04, 0xF6,
    0x04, 0xF6, 0x04, 0xF6, 0x04, 0xF6, 0x04, 0xF6,
    0x04, 0xF6, 0x03, 0xF6, 0x03, 0xF6, 0x03, 0xF6,
    0x03, 0xF6, 0x03, 0xF6, 0x03, 0xF6, 0x03, 0xF6,
    0x02, 0xF6, 0x02, 0xF6, 0x02, 0xF6, 0x02, 0xF6,
    0x02, 0xF6, 0x02, 0xF6, 0x01, 0xF6, 0x01, 0xF6,
    0x01, 0xF6, 0x01, 0xF6, 0x01, 0xF6, 0x01, 0xF6,
    0x00, 0xF6, 0x00, 0xF6, 0x00, 0xF6, 0x00, 0xF6,
    0x00, 0xF6, 0x00, 0xF6, 0x00, 0xF6, 0x00, 0xF6,
    0x00, 0xF6, 0x00, 0xF6, 0x00, 0xF6, 0x00, 0xF6,
    0x00, 0xF6, 0x00, 0xF6, 0x00, 0xF6, 0x00, 0xF6,
    0x00, 0xF6, 0x00, 0xF6, 0x00, 0xF6, 0x00, 0xF6,
    0x10, 0xF6, 0x10, 0xF6, 0x10, 0xF6, 0x10, 0xF6,
    0x10, 0xF6, 0x20, 0xF6, 0x20, 0xF6, 0x20, 0xF6,
    0x20, 0xF6, 0x20, 0xF6, 0x20, 0xF6, 0x20, 0xF6,
    0x30, 0xF6, 0x30, 0xF6, 0x30, 0xF6, 0x30, 0xF6,
    0x30, 0xF6, 0x30, 0xF6, 0x40, 0xF6, 0x40, 0xF6,
    0x40, 0xF6, 0x40, 0xF6, 0x40, 0xF6, 0x40, 0xF6,
    0x40, 0xF6, 0x50, 0xF6, 0x50, 0xF6, 0x50, 0xF6,
    0x50, 0xF6, 0x50, 0xF6, 0x50, 0xF6, 0x50, 0xF6,
    0x50, 0xF6, 0x50, 0xF6, 0x50, 0xF5, 0x50, 0xF5,
    0x50, 0xF5, 0x50, 0xF5, 0x50, 0xF5, 0x50, 0xF5,
    0x50, 0xF4, 0x50, 0xF4, 0x50, 0xF4, 0x50, 0xF4,
    0x50, 0xF4, 0x50, 0xF4, 0x50, 0xF4, 0x50, 0xF3,
    0x50, 0xF3, 0x50, 0xF3, 0x50, 0xF3, 0x50, 0xF3,
    0x50, 0xF3, 0x50, 0xF2, 0x50, 0xF2, 0x50, 0xF2,
    0x50, 0xF2, 0x50, 0xF2, 0x50, 0xF2, 0x50, 0xF1,
    0x50, 0xF1, 0x50, 0xF1, 0x50, 0xF1, 0x50, 0xF1,
    0x50, 0xF1, 0x50, 0xF1, 0x50, 0xF0, 0x50, 0xF0,
    0x50, 0xF0, 0x50, 0xF0, 0x50, 0xF0, 0x50, 0xF0,
    0x50, 0xF0, 0x50, 0xF0, 0x50, 0xF0, 0x50, 0xF0,
    0x50, 0xF0, 0x50, 0xF0, 0x51, 0xF0, 0x51, 0xF0,
    0x51, 0xF0, 0x51, 0xF0, 0x51, 0xF0, 0x51, 0xF0,
    0x51, 0xF0, 0x52, 0xF0, 0x52, 0xF0, 0x52, 0xF0,
    0x52, 0xF0, 0x52, 0xF0, 0x52, 0xF0, 0x53, 0xF0,
    0x53, 0xF0, 0x53, 0xF0, 0x53, 0xF0, 0x53, 0xF0,
    0x53, 0xF0, 0x53, 0xF0, 0x54, 0xF0, 0x54, 0xF0,
    0x54, 0xF0, 0x54, 0xF0, 0x54, 0xF0, 0x54, 0xF0,
    0x54, 0xF0, 0x55, 0xF0, 0x55, 0xF0, 0x55, 0xF0,
    0x55, 0xF0, 0x55, 0xF0, 0x55, 0xF0, 0x56, 0xF0,
    0x56, 0xF0, 0x56, 0xF0, 0x56, 0xF0, 0x56, 0xF0,
    0x56, 0xF0, 0x56, 0xF0, 0x56, 0xF0, 0x46, 0xF0,
    0x46, 0xF0, 0x46, 0xF0, 0x46, 0xF0, 0x46, 0xF0,
    0x46, 0xF0, 0x36, 0xF0, 0x36, 0xF0, 0x36, 0xF0,
    0x36, 0xF0, 0x36, 0xF0, 0x36, 0xF0, 0x36, 0xF0,
    0x26, 0xF0, 0x26, 0xF0, 0x26, 0xF0, 0x26, 0xF0,
    0x26, 0xF0, 0x26, 0xF0, 0x26, 0xF0, 0x16, 0xF0,
    0x16, 0xF0, 0x16, 0xF0, 0x16, 0xF0, 0x16, 0xF0,
    0x16, 0xF0, 0x06, 0xF0, 0x06, 0xF0, 0x06, 0xF0,
    0x06, 0xF0, 0x06, 0xF0, 0x06, 0xF0, 0x06, 0xF0,
    0x06, 0xF0, 0x06, 0xF0, 0x06, 0xF0, 0x06, 0xF0,
    0x06, 0xF0, 0x06, 0xF0, 0x06, 0xF0, 0x06, 0xF0,
    0x06, 0xF0, 0x06, 0xF0, 0x06, 0xF0, 0x06, 0xF0,
    0x06, 0xF1, 0x06, 0xF1, 0x06, 0xF1, 0x06, 0xF1,
    0x06, 0xF1, 0x06, 0xF1, 0x06, 0xF1, 0x06, 0xF2,
    0x06, 0xF2, 0x06, 0xF2, 0x06, 0xF2, 0x06, 0xF2,
    0x06, 0xF2, 0x06, 0xF3, 0x06, 0xF3, 0x06, 0xF3,
    0x06, 0xF3, 0x06, 0xF3, 0x06, 0xF3, 0x06, 0xF3,
    0x06, 0xF4, 0x06, 0xF4, 0x06, 0xF4, 0x06, 0xF4,
    0x06, 0xF4, 0x06, 0xF4, 0x06, 0xF5, 0x06, 0xF5,
    0x06, 0xF5, 0x06, 0xF5, 0x06, 0xF5, 0x06, 0xF5,
    0x06, 0xF6, 0x06, 0xF6, 0x06, 0xF6, 0x06, 0xF6,
    0x06, 0xF6, 0x06, 0xF6, 0x06, 0xF6, 0x06, 0xF6,
    0x05, 0xF6, 0x05, 0xF6, 0x05, 0xF6, 0x05, 0xF6,
    0x05, 0xF6, 0x05, 0xF6, 0x04, 0xF6, 0x04, 0xF6,
    0x04, 0xF6, 0x04, 0xF6, 0x04, 0xF6, 0x04, 0xF6,
    0x04, 0xF6, 0x03, 0xF6, 0x03, 0xF6, 0x03, 0xF6,
    0x03, 0xF6, 0x03, 0xF6, 0x03, 0xF6, 0x02, 0xF6,
    0x02, 0xF6, 0x02, 0xF6, 0x02, 0xF6, 0x02, 0xF6,
    0x02, 0xF6, 0x02, 0xF6, 0x01, 0xF6, 0x01, 0xF6,
    0x01, 0xF6, 0x01, 0xF6, 0x01, 0xF6, 0x01, 0xF6,
    0x00, 0xF6, 0x00, 0xF6, 0x00, 0xF6, 0x00, 0xF6,
    0x00, 0xF6, 0x00, 0xF6, 0x00, 0xF6, 0x00, 0xF6,
    0x00, 0xF6, 0x00, 0xF6, 0x00, 0xF6, 0x00, 0xF6,
    0x00, 0xF6, 0x00, 0xF6, 0x00, 0xF6, 0x00, 0xF6,
    0x00, 0xF6, 0x00, 0xF6, 0x00, 0xF6, 0x00, 0xF6,
    0x10, 0xF6, 0x10, 0xF6, 0x10, 0xF6, 0x10, 0xF6,
    0x10, 0xF6, 0x10, 0xF6, 0x20, 0xF6, 0x20, 0xF6,
    0x20, 0xF6, 0x20, 0xF6, 0x20, 0xF6, 0x20, 0xF6,
    0x20, 0xF6, 0x30, 0xF6, 0x30, 0xF6, 0x30, 0xF6,
    0x30, 0xF6, 0x30, 0xF6, 0x30, 0xF6, 0x40, 0xF6,
    0x40, 0xF6, 0x40, 0xF6, 0x40, 0xF6, 0x40, 0xF6,
    0x40, 0xF6, 0x40, 0xF6, 0x50, 0xF6, 0x50, 0xF6,
    0x50, 0xF6, 0x50, 0xF6, 0x50, 0xF6, 0x50, 0xF6,
    0x50, 0xF5, 0x50, 0xF5, 0x50, 0xF5, 0x50, 0xF5,
    0x50, 0xF5, 0x50, 0xF5, 0x50, 0xF5, 0x50, 0xF5,
    0x50, 0xF4, 0x50, 0xF4, 0x50, 0xF4, 0x50, 0xF4,
    0x50, 0xF4, 0x50, 0xF4, 0x50, 0xF3, 0x50, 0xF3,
    0x50, 0xF3, 0x50, 0xF3, 0x50, 0xF3, 0x50, 0xF3,
    0x50, 0xF3, 0x50, 0xF2, 0x50, 0xF2, 0x50, 0xF2,
    0x50, 0xF2, 0x50, 0xF2, 0x50, 0xF2, 0x50, 0xF1,
    0x50, 0xF1, 0x50, 0xF1, 0x50, 0xF1, 0x50, 0xF1,
    0x50, 0xF1, 0x50, 0xF0, 0x50, 0xF0, 0x50, 0xF0,
    0x50, 0xF0, 0x50, 0xF0, 0x50, 0xF0, 0x50, 0xF0,
    0x50, 0xF0, 0x50, 0xF0, 0x50, 0xF0, 0x50, 0xF0,
    0x50, 0xF0, 0x50, 0xF0, 0x50, 0xF0, 0x51, 0xF0,
    0x51, 0xF0, 0x51, 0xF0, 0x51, 0xF0, 0x51, 0xF0,
    0x51, 0xF0, 0x52, 0xF0, 0x52, 0xF0, 0x52, 0xF0,
    0x52, 0xF0, 0x52, 0xF0, 0x52, 0xF0, 0x52, 0xF0,
    0x53, 0xF0, 0x53, 0xF0, 0x53, 0xF0, 0x53, 0xF0,
    0x53, 0xF0, 0x53, 0xF0, 0x53, 0xF0, 0x54, 0xF0,
    0x54, 0xF0, 0x54, 0xF0, 0x54, 0xF0, 0x54, 0xF0,
    0x54, 0xF0, 0x54, 0xF0, 0x55, 0xF0, 0x55, 0xF0,
    0x55, 0xF0, 0x55, 0xF0, 0x55, 0xF0, 0x55, 0xF0,
    0x56, 0xF0, 0x56, 0xF0, 0x56, 0xF0, 0x56, 0xF0,
    0x56, 0xF0, 0x56, 0xF0, 0x46, 0xF0, 0x46, 0xF0,
    0x46, 0xF0, 0x46, 0xF0, 0x46, 0xF0, 0x46, 0xF0,
    0x46, 0xF0, 0x36, 0xF0, 0x36, 0xF0, 0x36, 0xF0,
    0x36, 0xF0, 0x36, 0xF0, 0x36, 0xF0, 0x26, 0xF0,
    0x26, 0xF0, 0x26, 0xF0, 0x26, 0xF0, 0x26, 0xF0,
    0x26, 0xF0, 0x26, 0xF0, 0x16, 0xF0, 0x16, 0xF0,
    0x16, 0xF0, 0x16, 0xF0, 0x16, 0xF0, 0x16, 0xF0,
    0x06, 0xF0, 0x06, 0xF0, 0x06, 0xF0, 0x06, 0xF0,
    0x06, 0xF0, 0x06, 0xF0, 0x06, 0xF0, 0x06, 0xF0,
    0x06, 0xF0, 0x06, 0xF0, 0x06, 0xF0, 0x06, 0xF0,
    0x06, 0xF0, 0x06, 0xF0, 0x06, 0xF0, 0x06, 0xF0,
    0x06, 0xF0, 0x06, 0xF0, 0x06, 0xF0, 0x06, 0xF0,
    0x06, 0xF1, 0x06, 0xF1, 0x06, 0xF1, 0x06, 0xF1,
    0x06, 0xF1, 0x06, 0xF1, 0x06, 0xF1, 0x06, 0xF2,
    0x06, 0xF2, 0x06, 0xF2, 0x06, 0xF2, 0x06, 0xF2,
    0x06, 0xF2, 0x06, 0xF2, 0x06, 0xF3, 0x06, 0xF3,
    0x06, 0xF3, 0x06, 0xF3, 0x06, 0xF3, 0x06, 0xF3,
    0x06, 0xF4, 0x06, 0xF4, 0x06, 0xF4, 0x06, 0xF4,
    0x06, 0xF4, 0x06, 0xF4, 0x06, 0xF5, 0x06, 0xF5,
    0x06, 0xF5, 0x06, 0xF5, 0x06, 0xF5, 0x06, 0xF5,
    0x06, 0xF5, 0x06, 0xF6, 0x06, 0xF6, 0x06, 0xF6,
    0x06, 0xF6, 0x06, 0xF6, 0x06, 0xF6, 0x05, 0xF6,
    0x05, 0xF6, 0x05, 0xF6, 0x05, 0xF6, 0x05, 0xF6,
    0x05, 0xF6, 0x05, 0xF6, 0x04, 0xF6, 0x04, 0xF6,
    0x04, 0xF6, 0x04, 0xF6, 0x04, 0xF6, 0x04, 0xF6,
    0x03, 0xF6, 0x03, 0xF6, 0x03, 0xF6, 0x03, 0xF6,
    0x03, 0xF6, 0x03, 0xF6, 0x03, 0xF6, 0x02, 0xF6,
    0x02, 0xF6, 0x02, 0xF6, 0x02, 0xF6, 0x02, 0xF6,
    0x02, 0xF6, 0x02, 0xF6, 0x01, 0xF6, 0x01, 0xF6,
    0x01, 0xF6, 0x01, 0xF6, 0x01, 0xF6, 0x01, 0xF6,
    0x00, 0xF6, 0x00, 0xF6, 0x00, 0xF6, 0x00, 0xF6,
    0x00, 0xF6, 0x00, 0xF6, 0x00, 0xF6, 0x00, 0xF6,
    0x00, 0xF6, 0x00, 0xF6, 0x00, 0xF6, 0x00, 0xF6,
    0x00, 0xF6, 0x00, 0xF6, 0x00, 0xF6, 0x00, 0xF6,
    0x00, 0xF6, 0x00, 0xF6, 0x00, 0xF6, 0x00, 0xF6,
    0x10, 0xF6, 0x10, 0xF6, 0x10, 0xF6, 0x10, 0xF6,
    0x10, 0xF6, 0x10, 0xF6, 0x20, 0xF6, 0x20, 0xF6,
    0x20, 0xF6, 0x20, 0xF6, 0x20, 0xF6, 0x20, 0xF6,
    0x20, 0xF6, 0x20, 0xF6, 0x30, 0xF6, 0x30, 0xF6,
    0x30, 0xF6, 0x30, 0xF6, 0x30, 0xF6, 0x30, 0xF6,
    0x40, 0xF6, 0x40, 0xF6, 0x40, 0xF6, 0x40, 0xF6,
    0x40, 0xF6, 0x40, 0xF6, 0x50, 0xF6, 0x50, 0xF6,
    0x50, 0xF6, 0x50, 0xF6, 0x50, 0xF6, 0x50, 0xF5,
    0x50, 0xF5, 0x50, 0xF5, 0x50, 0xF5, 0x50, 0xF5,
    0x50, 0xF5, 0x50, 0xF5, 0x50, 0xF5, 0x50, 0xF4,
    0x50, 0xF4, 0x50, 0xF4, 0x50, 0xF4, 0x50, 0xF4,
    0x50, 0xF4, 0x50, 0xF4, 0x50, 0xF3, 0x50, 0xF3,
    0x50, 0xF3, 0x50, 0xF3, 0x50, 0xF3, 0x50, 0xF3,
    0x50, 0xF2, 0x50, 0xF2, 0x50, 0xF2, 0x50, 0xF2,
    0x50, 0xF2, 0x50, 0xF2, 0x50, 0xF2, 0x50, 0xF1,
    0x50, 0xF1, 0x50, 0xF1, 0x50, 0xF1, 0x50, 0xF1,
    0x50, 0xF1, 0x50, 0xF0, 0x50, 0xF0, 0x50, 0xF0,
    0x50, 0xF0, 0x50, 0xF0, 0x50, 0xF0, 0x50, 0xF0,
    0x50, 0xF0, 0x50, 0xF0, 0x50, 0xF0, 0x50, 0xF0,
    0x50, 0xF0, 0x50, 0xF0, 0x50, 0xF0, 0x51, 0xF0,
    0x51, 0xF0, 0x51, 0xF0, 0x51, 0xF0, 0x51, 0xF0,
    0x51, 0xF0, 0x51, 0xF0, 0x52, 0xF0, 0x52, 0xF0,
    0x52, 0xF0, 0x52, 0xF0, 0x52, 0xF0, 0x52, 0xF0,
    0x52, 0xF0, 0x53, 0xF0, 0x53, 0xF0, 0x53, 0xF0,
    0x53, 0xF0, 0x53, 0xF0, 0x53, 0xF0, 0x54, 0xF0,
    0x54, 0xF0, 0x54, 0xF0, 0x54, 0xF0, 0x54, 0xF0,
    0x54, 0xF0, 0x54, 0xF0, 0x55, 0xF0, 0x55, 0xF0,
    0x55, 0xF0, 0x55, 0xF0, 0x55, 0xF0, 0x55, 0xF0,
    0x56, 0xF0, 0x56, 0xF0, 0x56, 0xF0, 0x56, 0xF0,
    0x56, 0xF0, 0x46, 0xF0, 0x46, 0xF0, 0x46, 0xF0,
    0x46, 0xF0, 0x46, 0xF0, 0x46, 0xF0, 0x46, 0xF0,
    0x36, 0xF0, 0x36, 0xF0, 0x36, 0xF0, 0x36, 0xF0,
    0x36, 0xF0, 0x36, 0xF0, 0x26, 0xF0, 0x26, 0xF0,
    0x26, 0xF0, 0x26, 0xF0, 0x26, 0xF0, 0x26, 0xF0,
    0x26, 0xF0, 0x26, 0xF0, 0x16, 0xF0, 0x16, 0xF0,
    0x16, 0xF0, 0x16, 0xF0, 0x16, 0xF0, 0x16, 0xF0,
    0x06, 0xF0, 0x06, 0xF0, 0x06, 0xF0, 0x06, 0xF0,
    0x06, 0xF0, 0x06, 0xF0, 0x06, 0xF0, 0x06, 0xF0,
    0x06, 0xF0, 0x06, 0xF0, 0x06, 0xF0, 0x06, 0xF0,
    0x06, 0xF0, 0x06, 0xF0, 0x06, 0xF0, 0x06, 0xF0,
    0x06, 0xF0, 0x06, 0xF0, 0x06, 0xF0, 0x06, 0xF0,
    0x06, 0xF1, 0x06, 0xF1, 0x06, 0xF1, 0x06, 0xF1,
    0x06, 0xF1, 0x06, 0xF1, 0x06, 0xF1, 0x06, 0xF2,
    0x06, 0xF2, 0x06, 0xF2, 0x06, 0xF2, 0x06, 0xF2,
    0x06, 0xF2, 0x06, 0xF2, 0x06, 0xF3, 0x06, 0xF3,
    0x06, 0xF3, 0x06, 0xF3, 0x06, 0xF3, 0x06, 0xF3,
    0x06, 0xF3, 0x06, 0xF4, 0x06, 0xF4, 0x06, 0xF4,
    0x06, 0xF4, 0x06, 0xF4, 0x06, 0xF4, 0x06, 0xF5,
    0x06, 0xF5, 0x06, 0xF5, 0x06, 0xF5, 0x06, 0xF5,
    0x06, 0xF5, 0x06, 0xF6, 0x06, 0xF6, 0x06, 0xF6,
    0x06, 0xF6, 0x06, 0xF6, 0x05, 0xF6, 0x05, 0xF6,
    0x05, 0xF6, 0x05, 0xF6, 0x05, 0xF6, 0x05, 0xF6,
    0x05, 0xF6, 0x04, 0xF6, 0x04, 0xF6, 0x04, 0xF6,
    0x04, 0xF6, 0x04, 0xF6, 0x04, 0xF6, 0x04, 0xF6,
    0x03, 0xF6, 0x03, 0xF6, 0x03, 0xF6, 0x03, 0xF6,
    0x03, 0xF6, 0x03, 0xF6, 0x03, 0xF6, 0x02, 0xF6,
    0x02, 0xF6, 0x02, 0xF6, 0x02, 0xF6, 0x02, 0xF6,
    0x02, 0xF6, 0x01, 0xF6, 0x01, 0xF6, 0x01, 0xF6,
    0x01, 0xF6, 0x01, 0xF6, 0x01, 0xF6, 0x01, 0xF6,
    0x00, 0xF6, 0x00, 0xF6, 0x00, 0xF6, 0x00, 0xF6,
    0x00, 0xF6, 0x00, 0xF6, 0x00, 0xF6, 0x00, 0xF6,
    0x00, 0xF6, 0x00, 0xF6, 0x00, 0xF6, 0x00, 0xF6,
    0x00, 0xF6, 0x00, 0xF6, 0x00, 0xF6, 0x00, 0xF6,
    0x00, 0xF6, 0x00, 0xF6, 0x00, 0xF6, 0x00, 0xF6,
    0x10, 0xF6, 0x10, 0xF6, 0x10, 0xF6, 0x10, 0xF6,
    0x10, 0xF6, 0x10, 0xF6, 0x10, 0xF6, 0x20, 0xF6,
    0x20, 0xF6, 0x20, 0xF6, 0x20, 0xF6, 0x20, 0xF6,
    0x20, 0xF6, 0x20, 0xF6, 0x30, 0xF6, 0x30, 0xF6,
    0x30, 0xF6, 0x30, 0xF6, 0x30, 0xF6, 0x30, 0xF6,
    0x40, 0xF6, 0x40, 0xF6, 0x40, 0xF6, 0x40, 0xF6,
    0x40, 0xF6, 0x40, 0xF6, 0x40, 0xF6, 0x50, 0xF6,
    0x50, 0xF6, 0x50, 0xF6, 0x50, 0xF6, 0x50, 0xF5,
    0x50, 0xF5, 0x50, 0xF5, 0x50, 0xF5, 0x50, 0xF5,
    0x50, 0xF5, 0x50, 0xF5, 0x50, 0xF4, 0x50, 0xF4,
    0x50, 0xF4, 0x50, 0xF4, 0x50, 0xF4, 0x50, 0xF4,
    0x50, 0xF4, 0x50, 0xF4, 0x50, 0xF3, 0x50, 0xF3,
    0x50, 0xF3, 0x50, 0xF3, 0x50, 0xF3, 0x50, 0xF3,
    0x50, 0xF2, 0x50, 0xF2, 0x50, 0xF2, 0x50, 0xF2,
    0x50, 0xF2, 0x50, 0xF2, 0x50, 0xF2, 0x50, 0xF1,
    0x50, 0xF1, 0x50, 0xF1, 0x50, 0xF1, 0x50, 0xF1,
    0x50, 0xF1, 0x50, 0xF0, 0x50, 0xF0, 0x50, 0xF0,
    0x50, 0xF0, 0x50, 0xF0, 0x50, 0xF0, 0x50, 0xF0,
    0x50, 0xF0, 0x50, 0xF0, 0x50, 0xF0, 0x50, 0xF0,
    0x50, 0xF0, 0x50, 0xF0, 0x50, 0xF0, 0x51, 0xF0,
    0x51, 0xF0, 0x51, 0xF0, 0x51, 0xF0, 0x51, 0xF0,
    0x51, 0xF0, 0x51, 0xF0, 0x52, 0xF0, 0x52, 0xF0,
    0x52, 0xF0, 0x52, 0xF0, 0x52, 0xF0, 0x52, 0xF0,
    0x52, 0xF0, 0x53, 0xF0, 0x53, 0xF0, 0x53, 0xF0,
    0x53, 0xF0, 0x53, 0xF0, 0x53, 0xF0, 0x53, 0xF0,
    0x54, 0xF0, 0x54, 0xF0, 0x54, 0xF0, 0x54, 0xF0,
    0x54, 0xF0, 0x54, 0xF0, 0x54, 0xF0, 0x55, 0xF0,
    0x55, 0xF0, 0x55, 0xF0, 0x55, 0xF0, 0x55, 0xF0,
    0x55, 0xF0, 0x56, 0xF0, 0x56, 0xF0, 0x56, 0xF0,
    0x46, 0xF0, 0x46, 0xF0, 0x46, 0xF0, 0x46, 0xF0,
    0x46, 0xF0, 0x46, 0xF0, 0x46, 0xF0, 0x36, 0xF0,
    0x36, 0xF0, 0x36, 0xF0, 0x36, 0xF0, 0x36, 0xF0,
    0x36, 0xF0, 0x26, 0xF0, 0x26, 0xF0, 0x26, 0xF0,
    0x26, 0xF0, 0x26, 0xF0, 0x26, 0xF0, 0x26, 0xF0,
    0x26, 0xF0, 0x16, 0xF0, 0x16, 0xF0, 0x16, 0xF0,
    0x16, 0xF0, 0x16, 0xF0, 0x16, 0xF0, 0x06, 0xF0,
    0x06, 0xF0, 0x06, 0xF0, 0x06, 0xF0, 0x06, 0xF0,
    0x06, 0xF0, 0x06, 0xF0, 0x06, 0xF0, 0x06, 0xF0,
    0x06, 0xF0, 0x06, 0xF0, 0x06, 0xF0, 0x06, 0xF0,
    0x06, 0xF0, 0x06, 0xF0, 0x06, 0xF0, 0x06, 0xF0,
    0x06, 0xF0, 0x06, 0xF0, 0x06, 0xF0, 0x06, 0xF0,
    0x06, 0xF0, 0x06, 0xF1, 0x06, 0xF1, 0x06, 0xF1,
    0x06, 0xF1, 0x06, 0xF1, 0x06, 0xF1, 0x06, 0xF1,
    0x06, 0xF2, 0x06, 0xF2, 0x06, 0xF2, 0x06, 0xF2,
    0x06, 0xF2, 0x06, 0xF2, 0x06, 0xF3, 0x06, 0xF3,
    0x06, 0xF3, 0x06, 0xF3, 0x06, 0xF3, 0x06, 0xF3,
    0x06, 0xF3, 0x06, 0xF4, 0x06, 0xF4, 0x06, 0xF4,
    0x06, 0xF4, 0x06, 0xF4, 0x06, 0xF4, 0x06, 0xF4,
    0x06, 0xF5, 0x06, 0xF5, 0x06, 0xF5, 0x06, 0xF5,
    0x06, 0xF5, 0x06, 0xF5, 0x06, 0xF6, 0x06, 0xF6,
    0x06, 0xF6, 0x05, 0xF6, 0x05, 0xF6, 0x05, 0xF6,
    0x05, 0xF6, 0x05, 0xF5, 0x05, 0xF6, 0x05, 0xF6,
    0x04, 0xF6, 0x04, 0xF6, 0x04, 0xF6, 0x04, 0xF6,
    0x04, 0xF6, 0x04, 0xF6, 0x04, 0xF6, 0x03, 0xF6,
    0x03, 0xF6, 0x03, 0xF6, 0x03, 0xF6, 0x03, 0xF6,
    0x03, 0xF6, 0x03, 0xF6, 0x02, 0xF6, 0x02, 0xF6,
    0x02, 0xF6, 0x02, 0xF6, 0x02, 0xF6, 0x02, 0xF6,
    0x02, 0xF6, 0x01, 0xF6, 0x01, 0xF6, 0x01, 0xF6,
    0x01, 0xF6, 0x01, 0xF6, 0x01, 0xF6, 0x01, 0xF6,
    0x00, 0xF6, 0x00, 0xF6, 0x00, 0xF6, 0x00, 0xF6,
    0x00, 0xF6, 0x00, 0xF6, 0x00, 0xF6, 0x00, 0xF6,
    0x00, 0xF6, 0x00, 0xF6, 0x00, 0xF6, 0x00, 0xF6,
    0x00, 0xF6, 0x00, 0xF6, 0x00, 0xF6, 0x00, 0xF6,
    0x00, 0xF6, 0x00, 0xF6, 0x00, 0xF6, 0x00, 0xF6,
    0x10, 0xF6, 0x10, 0xF6, 0x10, 0xF6, 0x10, 0xF6,
    0x10, 0xF6, 0x10, 0xF6, 0x10, 0xF6, 0x10, 0xF6,
    0x20, 0xF6, 0x20, 0xF6, 0x20, 0xF6, 0x20, 0xF6,
    0x20, 0xF6, 0x20, 0xF6, 0x30, 0xF6, 0x30, 0xF6,
    0x30, 0xF6, 0x30, 0xF6, 0x30, 0xF6, 0x30, 0xF6,
    0x30, 0xF6, 0x40, 0xF6, 0x40, 0xF6, 0x40, 0xF6,
    0x40, 0xF6, 0x40, 0xF6, 0x40, 0xF6, 0x40, 0xF6,
    0x50, 0xF6, 0x50, 0xF6, 0x50, 0xF5, 0x50, 0xF5,
    0x50, 0xF5, 0x50, 0xF5, 0x50, 0xF5, 0x50, 0xF5,
    0x50, 0xF5, 0x50, 0xF5, 0x50, 0xF4, 0x50, 0xF4,
    0x50, 0xF4, 0x50, 0xF4, 0x50, 0xF4, 0x50, 0xF4,
    0x50, 0xF4, 0x50, 0xF3, 0x50, 0xF3, 0x50, 0xF3,
    0x50, 0xF3, 0x50, 0xF3, 0x50, 0xF3, 0x50, 0xF2,
    0x50, 0xF2, 0x50, 0xF2, 0x50, 0xF2, 0x50, 0xF2,
    0x50, 0xF2, 0x50, 0xF2, 0x50, 0xF2, 0x50, 0xF1,
    0x50, 0xF1, 0x50, 0xF1, 0x50, 0xF1, 0x50, 0xF1,
    0x50, 0xF0, 0x50, 0xF0, 0x50, 0xF0, 0x50, 0xF0,
    0x50, 0xF0, 0x50, 0xF0, 0x50, 0xF0, 0x50, 0xF0,
    0x50, 0xF0, 0x50, 0xF0, 0x50, 0xF0, 0x50, 0xF0,
    0x50, 0xF0, 0x50, 0xF0, 0x50, 0xF0, 0x51, 0xF0,
    0x51, 0xF0, 0x51, 0xF0, 0x51, 0xF0, 0x51, 0xF0,
    0x51, 0xF0, 0x51, 0xF0, 0x52, 0xF0, 0x52, 0xF0,
    0x52, 0xF0, 0x42, 0xF0, 0x52, 0xF0, 0x52, 0xF0,
    0x52, 0xF0, 0x53, 0xF0, 0x53, 0xF0, 0x53, 0xF0,
    0x53, 0xF0, 0x53, 0xF0, 0x53, 0xF0, 0x53, 0xF0,
    0x54, 0xF0, 0x54, 0xF0, 0x54, 0xF0, 0x54, 0xF0,
    0x54, 0xF0, 0x54, 0xF0, 0x54, 0xF0, 0x54, 0xF0,
    0x55, 0xF0, 0x55, 0xF0, 0x55, 0xF0, 0x45, 0xF0,
    0x55, 0xF0, 0x55, 0xF0, 0x45, 0xF0, 0x46, 0xF0,
    0x46, 0xF0, 0x46, 0xF0, 0x46, 0xF0, 0x46, 0xF0,
    0x46, 0xF0, 0x46, 0xF0, 0x36, 0xF0, 0x36, 0xF0,
    0x36, 0xF0, 0x36, 0xF0, 0x36, 0xF0, 0x36, 0xF0,
    0x36, 0xF0, 0x26, 0xF0, 0x26, 0xF0, 0x26, 0xF0,
    0x26, 0xF0, 0x26, 0xF0, 0x26, 0xF0, 0x26, 0xF0,
    0x26, 0xF0, 0x16, 0xF0, 0x16, 0xF0, 0x16, 0xF0,
    0x16, 0xF0, 0x16, 0xF0, 0x16, 0xF0, 0x06, 0xF0,
    0x06, 0xF0, 0x06, 0xF0, 0x06, 0xF0, 0x06, 0xF0,
    0x06, 0xF0, 0x06, 0xF0, 0x06, 0xF0, 0x06, 0xF0,
    0x06, 0xF0, 0x06, 0xF0, 0x05, 0xF0, 0x06, 0xF0,
    0x06, 0xF0, 0x05, 0xF0, 0x06, 0xF0, 0x06, 0xF0,
    0x06, 0xF0, 0x06, 0xF0, 0x06, 0xF0, 0x06, 0xF0,
    0x06, 0xF0, 0x06, 0xF1, 0x06, 0xF1, 0x06, 0xF1,
    0x06, 0xF1, 0x06, 0xF1, 0x06, 0xF1, 0x06, 0xF1,
    0x06, 0xF2, 0x06, 0xF2, 0x06, 0xF2, 0x06, 0xF2,
    0x06, 0xF2, 0x06, 0xF2, 0x06, 0xF2, 0x05, 0xF3,
    0x05, 0xF3, 0x06, 0xF3, 0x06, 0xF3, 0x06, 0xF3,
    0x06, 0xF3, 0x05, 0xF4, 0x05, 0xF4, 0x06, 0xF4,
    0x06, 0xF4, 0x06, 0xF4, 0x06, 0xF4, 0x06, 0xF4,
    0x06, 0xF5, 0x06, 0xF5, 0x06, 0xF5, 0x06, 0xF5,
    0x06, 0xF5, 0x06, 0xF5, 0x06, 0xF5, 0x06, 0xF6,
    0x06, 0xF6, 0x05, 0xF6, 0x05, 0xF5, 0x05, 0xF6,
    0x05, 0xF5, 0x05, 0xF5, 0x05, 0xF6, 0x05, 0xF6,
    0x04, 0xF6, 0x04, 0xF6, 0x04, 0xF6, 0x04, 0xF6,
    0x04, 0xF5, 0x04, 0xF6, 0x04, 0xF6, 0x03, 0xF6,
    0x03, 0xF6, 0x03, 0xF6, 0x03, 0xF6, 0x03, 0xF6,
    0x03, 0xF6, 0x03, 0xF6, 0x02, 0xF6, 0x02, 0xF6,
    0x02, 0xF5, 0x02, 0xF6, 0x02, 0xF6, 0x02, 0xF6,
    0x02, 0xF6, 0x01, 0xF6, 0x01, 0xF6, 0x01, 0xF6,
    0x01, 0xF6, 0x01, 0xF6, 0x01, 0xF6, 0x01, 0xF6,
    0x00, 0xF6, 0x00, 0xF6, 0x00, 0xF6, 0x00, 0xF6,
    0x00, 0xF6, 0x00, 0xF5, 0x00, 0xF5, 0x00, 0xF6,
    0x00, 0xF6, 0x00, 0xF6, 0x00, 0xF6, 0x00, 0xF6,
    0x00, 0xF6, 0x00, 0xF6, 0x00, 0xF6, 0x00, 0xF6,
    0x00, 0xF6, 0x00, 0xF6, 0x00, 0xF6, 0x00, 0xF5,
    0x10, 0xF6, 0x10, 0xF6, 0x10, 0xF6, 0x10, 0xF6,
    0x10, 0xF6, 0x10, 0xF6, 0x10, 0xF6, 0x10, 0xF6,
    0x10, 0xF6, 0x20, 0xF6, 0x20, 0xF6, 0x20, 0xF6,
    0x20, 0xF5, 0x20, 0xF6, 0x20, 0xF6, 0x30, 0xF6,
    0x30, 0xF6, 0x30, 0xF6, 0x30, 0xF6, 0x30, 0xF6,
    0x30, 0xF6, 0x30, 0xF6, 0x40, 0xF6, 0x40, 0xF6,
    0x40, 0xF6, 0x40, 0xF6, 0x40, 0xF6, 0x40, 0xF6,
    0x40, 0xF6, 0x40, 0xF5, 0x50, 0xF5, 0x50, 0xF5,
    0x50, 0xF5, 0x50, 0xF5, 0x50, 0xF5, 0x50, 0xF5,
    0x50, 0xF5, 0x50, 0xF4, 0x50, 0xF4, 0x50, 0xF4,
    0x50, 0xF4, 0x50, 0xF4, 0x50, 0xF4, 0x40, 0xF4,
    0x40, 0xF3, 0x40, 0xF3, 0x40, 0xF3, 0x50, 0xF3,
    0x50, 0xF3, 0x50, 0xF3, 0x50, 0xF3, 0x50, 0xF2,
    0x50, 0xF2, 0x50, 0xF2, 0x50, 0xF2, 0x50, 0xF2,
    0x50, 0xF2, 0x50, 0xF2, 0x50, 0xF1, 0x50, 0xF1,
    0x50, 0xF1, 0x50, 0xF1, 0x50, 0xF1, 0x50, 0xF1,
    0x50, 0xF1, 0x50, 0xF0, 0x50, 0xF0, 0x50, 0xF0,
    0x50, 0xF0, 0x50, 0xF0, 0x50, 0xF0, 0x50, 0xF0,
    0x40, 0xF0, 0x40, 0xF0, 0x40, 0xF0, 0x40, 0xF0,
    0x40, 0xF0, 0x40, 0xF0, 0x40, 0xF0, 0x41, 0xF0,
    0x41, 0xF0, 0x41, 0xF0, 0x41, 0xF0, 0x41, 0xF0,
    0x41, 0xF0, 0x41, 0xF0, 0x41, 0xF0, 0x42, 0xF0,
    0x42, 0xF0, 0x42, 0xF0, 0x42, 0xF0, 0x42, 0xF0,
    0x42, 0xF0, 0x42, 0xF0, 0x43, 0xF0, 0x43, 0xF0,
    0x43, 0xF0, 0x43, 0xF0, 0x43, 0xF0, 0x43, 0xF0,
    0x43, 0xF0, 0x44, 0xF0, 0x44, 0xF0, 0x44, 0xF0,
    0x44, 0xF0, 0x44, 0xF0, 0x44, 0xF0, 0x44, 0xF0,
    0x44, 0xF0, 0x45, 0xF0, 0x45, 0xF0, 0x45, 0xF0,
    0x45, 0xF0, 0x45, 0xF0, 0x45, 0xF0, 0x45, 0xF0,
    0x45, 0xF0, 0x46, 0xF0, 0x45, 0xF0, 0x45, 0xF0,
    0x45, 0xF0, 0x35, 0xF0, 0x35, 0xF0, 0x35, 0xF0,
    0x35, 0xF0, 0x35, 0xF0, 0x35, 0xF0, 0x35, 0xF0,
    0x35, 0xF0, 0x25, 0xF0, 0x25, 0xF0, 0x25, 0xF0,
    0x25, 0xF0, 0x25, 0xF0, 0x25, 0xF0, 0x25, 0xF0,
    0x15, 0xF0, 0x15, 0xF0, 0x15, 0xF0, 0x15, 0xF0,
    0x15, 0xF0, 0x15, 0xF0, 0x15, 0xF0, 0x05, 0xF0,
    0x05, 0xF0, 0x05, 0xF0, 0x05, 0xF0, 0x05, 0xF0,
    0x05, 0xF0, 0x05, 0xF0, 0x05, 0xF0, 0x05, 0xF0,
    0x05, 0xF0, 0x05, 0xF0, 0x05, 0xF0, 0x05, 0xF0,
    0x05, 0xF0, 0x05, 0xF0, 0x05, 0xF0, 0x05, 0xF0,
    0x05, 0xF0, 0x05, 0xF0, 0x05, 0xF0, 0x05, 0xF0,
    0x05, 0xF0, 0x05, 0xF1, 0x05, 0xF1, 0x05, 0xF1,
    0x05, 0xF1, 0x05, 0xF1, 0x05, 0xF1, 0x05, 0xF1,
    0x05, 0xF2, 0x05, 0xF2, 0x05, 0xF2, 0x05, 0xF2,
    0x05, 0xF2, 0x05, 0xF2, 0x05, 0xF2, 0x05, 0xF3,
    0x05, 0xF3, 0x05, 0xF3, 0x05, 0xF3, 0x05, 0xF3,
    0x05, 0xF3, 0x05, 0xF3, 0x05, 0xF3, 0x05, 0xF4,
    0x05, 0xF4, 0x05, 0xF4, 0x05, 0xF4, 0x05, 0xF4,
    0x05, 0xF4, 0x05, 0xF4, 0x05, 0xF5, 0x05, 0xF5,
    0x05, 0xF5, 0x05, 0xF5, 0x05, 0xF5, 0x05, 0xF5,
    0x05, 0xF5, 0x05, 0xF5, 0x05, 0xF5, 0x05, 0xF5,
    0x05, 0xF5, 0x05, 0xF5, 0x04, 0xF5, 0x04, 0xF5,
    0x04, 0xF5, 0x04, 0xF5, 0x04, 0xF5, 0x04, 0xF5,
    0x04, 0xF5, 0x04, 0xF5, 0x03, 0xF5, 0x03, 0xF5,
    0x03, 0xF5, 0x03, 0xF5, 0x03, 0xF5, 0x03, 0xF5,
    0x03, 0xF5, 0x02, 0xF5, 0x02, 0xF5, 0x02, 0xF5,
    0x02, 0xF5, 0x02, 0xF5, 0x02, 0xF5, 0x02, 0xF5,
    0x01, 0xF5, 0x01, 0xF5, 0x01, 0xF5, 0x01, 0xF5,
    0x01, 0xF5, 0x01, 0xF5, 0x01, 0xF5, 0x01, 0xF5,
    0x00, 0xF5, 0x00, 0xF5, 0x00, 0xF5, 0x00, 0xF5,
    0x00, 0xF5, 0x00, 0xF5, 0x00, 0xF5, 0x00, 0xF5,
    0x00, 0xF5, 0x00, 0xF5, 0x00, 0xF5, 0x00, 0xF5,
    0x00, 0xF5, 0x00, 0xF5, 0x00, 0xF6, 0x00, 0xF5,
    0x00, 0xF5, 0x00, 0xF5, 0x00, 0xF5, 0x00, 0xF5,
    0x00, 0xF5, 0x10, 0xF5, 0x10, 0xF5, 0x10, 0xF5,
    0x10, 0xF5, 0x10, 0xF5, 0x10, 0xF5, 0x10, 0xF5,
    0x20, 0xF5, 0x20, 0xF5, 0x20, 0xF5, 0x20, 0xF5,
    0x20, 0xF5, 0x20, 0xF5, 0x20, 0xF5, 0x30, 0xF5,
    0x30, 0xF5, 0x30, 0xF5, 0x30, 0xF5, 0x30, 0xF5,
    0x30, 0xF5, 0x30, 0xF5, 0x30, 0xF5, 0x40, 0xF5,
    0x40, 0xF5, 0x40, 0xF5, 0x40, 0xF5, 0x40, 0xF5,
    0x40, 0xF5, 0x40, 0xF5, 0x40, 0xF5, 0x40, 0xF5,
    0x40, 0xF5, 0x40, 0xF5, 0x40, 0xF5, 0x40, 0xF5,
    0x40, 0xF4, 0x40, 0xF4, 0x40, 0xF4, 0x40, 0xF4,
    0x40, 0xF4, 0x40, 0xF4, 0x40, 0xF3, 0x40, 0xF3,
    0x40, 0xF3, 0x40, 0xF3, 0x40, 0xF3, 0x40, 0xF3,
    0x40, 0xF3, 0x40, 0xF3, 0x40, 0xF3, 0x40, 0xF2,
    0x40, 0xF2, 0x40, 0xF2, 0x40, 0xF2, 0x40, 0xF2,
    0x40, 0xF2, 0x40, 0xF1, 0x40, 0xF1, 0x40, 0xF1,
    0x40, 0xF1, 0x40, 0xF1, 0x40, 0xF1, 0x40, 0xF1,
    0x40, 0xF1, 0x40, 0xF0, 0x40, 0xF0, 0x40, 0xF0,
    0x40, 0xF0, 0x40, 0xF0, 0x40, 0xF0, 0x40, 0xF0,
    0x40, 0xF0, 0x40, 0xF0, 0x40, 0xF0, 0x40, 0xF0,
    0x40, 0xF0, 0x40, 0xF0, 0x40, 0xF0, 0x41, 0xF0,
    0x41, 0xF0, 0x41, 0xF0, 0x41, 0xF0, 0x41, 0xF0,
    0x41, 0xF0, 0x41, 0xF0, 0x41, 0xF0, 0x42, 0xF0,
    0x42, 0xF0, 0x42, 0xF0, 0x42, 0xF0, 0x42, 0xF0,
    0x42, 0xF0, 0x42, 0xF0, 0x43, 0xF0, 0x43, 0xF0,
    0x43, 0xF0, 0x43, 0xF0, 0x43, 0xF0, 0x43, 0xF0,
    0x43, 0xF0, 0x43, 0xF0, 0x44, 0xF0, 0x44, 0xF0,
    0x44, 0xF0, 0x44, 0xF0, 0x44, 0xF0, 0x44, 0xF0,
    0x44, 0xF0, 0x45, 0xF0, 0x45, 0xF0, 0x45, 0xF0,
    0x45, 0xF0, 0x45, 0xF0, 0x45, 0xF0, 0x45, 0xF0,
    0x45, 0xF0, 0x45, 0xF0, 0x45, 0xF0, 0x35, 0xF0,
    0x35, 0xF0, 0x35, 0xF0, 0x35, 0xF0, 0x35, 0xF0,
    0x35, 0xF0, 0x35, 0xF0, 0x35, 0xF0, 0x35, 0xF0,
    0x35, 0xF0, 0x25, 0xF0, 0x25, 0xF0, 0x25, 0xF0,
    0x25, 0xF0, 0x25, 0xF0, 0x25, 0xF0, 0x15, 0xF0,
    0x15, 0xF0, 0x15, 0xF0, 0x15, 0xF0, 0x15, 0xF0,
    0x15, 0xF0, 0x15, 0xF0, 0x15, 0xF0, 0x05, 0xF0,
    0x05, 0xF0, 0x05, 0xF0, 0x05, 0xF0, 0x05, 0xF0,
    0x05, 0xF0, 0x05, 0xF0, 0x05, 0xF0, 0x05, 0xF0,
    0x05, 0xF0, 0x05, 0xF0, 0x05, 0xF0, 0x05, 0xF0,
    0x05, 0xF0, 0x05, 0xF0, 0x05, 0xF0, 0x05, 0xF0,
    0x05, 0xF0, 0x05, 0xF0, 0x05, 0xF0, 0x05, 0xF0,
    0x05, 0xF0, 0x05, 0xF1, 0x05, 0xF1, 0x05, 0xF1,
    0x05, 0xF1, 0x05, 0xF1, 0x05, 0xF1, 0x05, 0xF1,
    0x05, 0xF2, 0x05, 0xF2, 0x05, 0xF2, 0x05, 0xF2,
    0x05, 0xF2, 0x05, 0xF2, 0x05, 0xF2, 0x05, 0xF2,
    0x05, 0xF3, 0x05, 0xF3, 0x05, 0xF3, 0x05, 0xF3,
    0x05, 0xF3, 0x05, 0xF3, 0x05, 0xF3, 0x05, 0xF4,
    0x05, 0xF4, 0x05, 0xF4, 0x05, 0xF4, 0x05, 0xF4,
    0x05, 0xF4, 0x05, 0xF4, 0x05, 0xF4, 0x05, 0xF5,
    0x05, 0xF5, 0x05, 0xF5, 0x05, 0xF5, 0x05, 0xF5,
    0x05, 0xF5, 0x05, 0xF5, 0x05, 0xF5, 0x05, 0xF5,
    0x05, 0xF5, 0x05, 0xF5, 0x04, 0xF5, 0x04, 0xF5,
    0x04, 0xF5, 0x04, 0xF5, 0x04, 0xF5, 0x04, 0xF5,
    0x04, 0xF5, 0x03, 0xF5, 0x03, 0xF5, 0x03, 0xF5,
    0x03, 0xF5, 0x03, 0xF5, 0x03, 0xF5, 0x03, 0xF5,
    0x02, 0xF5, 0x02, 0xF5, 0x02, 0xF5, 0x02, 0xF5,
    0x02, 0xF5, 0x02, 0xF5, 0x02, 0xF5, 0x02, 0xF5,
    0x01, 0xF5, 0x01, 0xF5, 0x01, 0xF5, 0x01, 0xF5,
    0x01, 0xF5, 0x01, 0xF5, 0x01, 0xF5, 0x01, 0xF5,
    0x00, 0xF5, 0x00, 0xF5, 0x00, 0xF5, 0x00, 0xF5,
    0x00, 0xF5, 0x00, 0xF5, 0x00, 0xF5, 0x00, 0xF5,
    0x00, 0xF5, 0x00, 0xF5, 0x00, 0xF5, 0x00, 0xF5,
    0x00, 0xF5, 0x00, 0xF5, 0x00, 0xF5, 0x00, 0xF5,
    0x00, 0xF5, 0x00, 0xF5, 0x00, 0xF5, 0x00, 0xF5,
    0x00, 0xF5, 0x10, 0xF5, 0x10, 0xF5, 0x10, 0xF5,
    0x10, 0xF5, 0x10, 0xF5, 0x10, 0xF5, 0x10, 0xF5,
    0x20, 0xF5, 0x20, 0xF5, 0x20, 0xF5, 0x20, 0xF5,
    0x20, 0xF5, 0x20, 0xF5, 0x20, 0xF5, 0x20, 0xF5,
    0x30, 0xF5, 0x30, 0xF5, 0x30, 0xF5, 0x30, 0xF5,
    0x30, 0xF5, 0x30, 0xF5, 0x30, 0xF5, 0x40, 0xF5,
    0x40, 0xF5, 0x40, 0xF5, 0x40, 0xF5, 0x40, 0xF5,
    0x40, 0xF5, 0x40, 0xF5, 0x40, 0xF5, 0x40, 0xF5,
    0x40, 0xF5, 0x40, 0xF5, 0x40, 0xF5, 0x40, 0xF5,
    0x40, 0xF4, 0x40, 0xF4, 0x40, 0xF4, 0x40, 0xF4,
    0x40, 0xF4, 0x40, 0xF3, 0x40, 0xF3, 0x40, 0xF3,
    0x40, 0xF3, 0x40, 0xF3, 0x40, 0xF3, 0x40, 0xF3,
    0x40, 0xF3, 0x40, 0xF3, 0x40, 0xF3, 0x40, 0xF2,
    0x40, 0xF2, 0x40, 0xF2, 0x40, 0xF2, 0x40, 0xF2,
    0x40, 0xF2, 0x40, 0xF1, 0x40, 0xF1, 0x40, 0xF1,
    0x40, 0xF1, 0x40, 0xF1, 0x40, 0xF1, 0x40, 0xF1,
    0x40, 0xF1, 0x40, 0xF1, 0x40, 0xF0, 0x40, 0xF0,
    0x40, 0xF0, 0x40, 0xF0, 0x40, 0xF0, 0x40, 0xF0,
    0x40, 0xF0, 0x40, 0xF0, 0x40, 0xF0, 0x40, 0xF0,
    0x40, 0xF0, 0x40, 0xF0, 0x40, 0xF0, 0x41, 0xF0,
    0x41, 0xF0, 0x41, 0xF0, 0x41, 0xF0, 0x41, 0xF0,
    0x41, 0xF0, 0x41, 0xF0, 0x41, 0xF0, 0x41, 0xF0,
    0x42, 0xF0, 0x42, 0xF0, 0x42, 0xF0, 0x42, 0xF0,
    0x42, 0xF0, 0x42, 0xF0, 0x42, 0xF0, 0x43, 0xF0,
    0x43, 0xF0, 0x43, 0xF0, 0x43, 0xF0, 0x43, 0xF0,
    0x43, 0xF0, 0x43, 0xF0, 0x43, 0xF0, 0x44, 0xF0,
    0x44, 0xF0, 0x44, 0xF0, 0x44, 0xF0, 0x44, 0xF0,
    0x44, 0xF0, 0x45, 0xF0, 0x45, 0xF0, 0x45, 0xF0,
    0x45, 0xF0, 0x45, 0xF0, 0x45, 0xF0, 0x45, 0xF0,
    0x45, 0xF0, 0x45, 0xF0, 0x35, 0xF0, 0x35, 0xF0,
    0x35, 0xF0, 0x35, 0xF0, 0x35, 0xF0, 0x35, 0xF0,
    0x35, 0xF0, 0x35, 0xF0, 0x35, 0xF0, 0x35, 0xF0,
    0x25, 0xF0, 0x25, 0xF0, 0x25, 0xF0, 0x25, 0xF0,
    0x25, 0xF0, 0x25, 0xF0, 0x25, 0xF0, 0x15, 0xF0,
    0x15, 0xF0, 0x15, 0xF0, 0x15, 0xF0, 0x15, 0xF0,
    0x15, 0xF0, 0x15, 0xF0, 0x05, 0xF0, 0x05, 0xF0,
    0x05, 0xF0, 0x05, 0xF0, 0x05, 0xF0, 0x05, 0xF0,
    0x05, 0xF0, 0x05, 0xF0, 0x05, 0xF0, 0x05, 0xF0,
    0x05, 0xF0, 0x05, 0xF0, 0x05, 0xF0, 0x05, 0xF0,
    0x05, 0xF0, 0x05, 0xF0, 0x05, 0xF0, 0x05, 0xF0,
    0x05, 0xF0, 0x05, 0xF0, 0x05, 0xF0, 0x05, 0xF0,
    0x05, 0xF0, 0x05, 0xF1, 0x05, 0xF1, 0x05, 0xF1,
    0x05, 0xF1, 0x05, 0xF1, 0x05, 0xF1, 0x05, 0xF1,
    0x05, 0xF2, 0x05, 0xF2, 0x05, 0xF2, 0x05, 0xF2,
    0x05, 0xF2, 0x05, 0xF2, 0x05, 0xF2, 0x05, 0xF2,
    0x05, 0xF2, 0x05, 0xF3, 0x05, 0xF3, 0x05, 0xF3,
    0x05, 0xF3, 0x05, 0xF3, 0x05, 0xF3, 0x05, 0xF3,
    0x05, 0xF4, 0x05, 0xF4, 0x05, 0xF4, 0x05, 0xF4,
    0x05, 0xF4, 0x05, 0xF4, 0x05, 0xF4, 0x05, 0xF4,
    0x05, 0xF5, 0x05, 0xF5, 0x05, 0xF5, 0x05, 0xF5,
    0x05, 0xF5, 0x05, 0xF5, 0x05, 0xF5, 0x05, 0xF5,
    0x05, 0xF5, 0x04, 0xF5, 0x04, 0xF5, 0x04, 0xF5,
    0x04, 0xF5, 0x04, 0xF5, 0x04, 0xF5, 0x04, 0xF5,
    0x04, 0xF5, 0x03, 0xF5, 0x03, 0xF5, 0x03, 0xF5,
    0x03, 0xF5, 0x03, 0xF5, 0x03, 0xF5, 0x03, 0xF5,
    0x02, 0xF5, 0x02, 0xF5, 0x02, 0xF5, 0x02, 0xF5,
    0x02, 0xF5, 0x02, 0xF5, 0x02, 0xF5, 0x02, 0xF5,
    0x01, 0xF5, 0x01, 0xF5, 0x01, 0xF5, 0x01, 0xF5,
    0x01, 0xF5, 0x01, 0xF5, 0x01, 0xF5, 0x01, 0xF5,
    0x00, 0xF5, 0x00, 0xF5, 0x00, 0xF5, 0x00, 0xF5,
    0x00, 0xF5, 0x00, 0xF5, 0x00, 0xF5, 0x00, 0xF5,
    0x00, 0xF5, 0x00, 0xF5, 0x00, 0xF5, 0x00, 0xF5,
    0x00, 0xF5, 0x00, 0xF5, 0x00, 0xF5, 0x00, 0xF5,
    0x00, 0xF5, 0x00, 0xF5, 0x00, 0xF5, 0x00, 0xF5,
    0x00, 0xF5, 0x00, 0xF5, 0x10, 0xF5, 0x10, 0xF5,
    0x10, 0xF5, 0x10, 0xF5, 0x10, 0xF5, 0x10, 0xF5,
    0x20, 0xF5, 0x20, 0xF5, 0x20, 0xF5, 0x20, 0xF5,
    0x20, 0xF5, 0x20, 0xF5, 0x20, 0xF5, 0x20, 0xF5,
    0x30, 0xF5, 0x30, 0xF5, 0x30, 0xF5, 0x30, 0xF5,
    0x30, 0xF5, 0x30, 0xF5, 0x30, 0xF5, 0x30, 0xF5,
    0x30, 0xF5, 0x40, 0xF5, 0x40, 0xF5, 0x40, 0xF5,
    0x40, 0xF5, 0x40, 0xF5, 0x40, 0xF5, 0x40, 0xF5,
    0x40, 0xF5, 0x40, 0xF5, 0x40, 0xF4, 0x40, 0xF4,
    0x40, 0xF4, 0x40, 0xF4, 0x40, 0xF4, 0x40, 0xF4,
    0x40, 0xF3, 0x40, 0xF3, 0x40, 0xF3, 0x40, 0xF3,
    0x40, 0xF3, 0x40, 0xF3, 0x40, 0xF3, 0x40, 0xF3,
    0x40, 0xF3, 0x40, 0xF3, 0x40, 0xF2, 0x40, 0xF2,
    0x40, 0xF2, 0x40, 0xF2, 0x40, 0xF2, 0x40, 0xF2,
    0x40, 0xF1, 0x40, 0xF1, 0x40, 0xF1, 0x40, 0xF1,
    0x40, 0xF1, 0x40, 0xF1, 0x40, 0xF1, 0x40, 0xF1,
    0x40, 0xF1, 0x40, 0xF0, 0x40, 0xF0, 0x40, 0xF0,
    0x40, 0xF0, 0x40, 0xF0, 0x40, 0xF0, 0x40, 0xF0,
    0x40, 0xF0, 0x40, 0xF0, 0x40, 0xF0, 0x40, 0xF0,
    0x40, 0xF0, 0x40, 0xF0, 0x40, 0xF0, 0x40, 0xF0,
    0x41, 0xF0, 0x41, 0xF0, 0x41, 0xF0, 0x41, 0xF0,
    0x41, 0xF0, 0x41, 0xF0, 0x41, 0xF0, 0x41, 0xF0,
    0x42, 0xF0, 0x42, 0xF0, 0x42, 0xF0, 0x42, 0xF0,
    0x42, 0xF0, 0x42, 0xF0, 0x42, 0xF0, 0x43, 0xF0,
    0x43, 0xF0, 0x43, 0xF0, 0x43, 0xF0, 0x43, 0xF0,
    0x43, 0xF0, 0x43, 0xF0, 0x43, 0xF0, 0x43, 0xF0,
    0x44, 0xF0, 0x44, 0xF0, 0x44, 0xF0, 0x44, 0xF0,
    0x44, 0xF0, 0x44, 0xF0, 0x44, 0xF0, 0x45, 0xF0,
    0x45, 0xF0, 0x45, 0xF0, 0x45, 0xF0, 0x45, 0xF0,
    0x45, 0xF0, 0x45, 0xF0, 0x35, 0xF0, 0x35, 0xF0,
    0x35, 0xF0, 0x35, 0xF0, 0x35, 0xF0, 0x35, 0xF0,
    0x35, 0xF0, 0x35, 0xF0, 0x25, 0xF0, 0x25, 0xF0,
    0x25, 0xF0, 0x25, 0xF0, 0x25, 0xF0, 0x25, 0xF0,
    0x25, 0xF0, 0x25, 0xF0, 0x15, 0xF0, 0x15, 0xF0,
    0x15, 0xF0, 0x15, 0xF0, 0x15, 0xF0, 0x15, 0xF0,
    0x15, 0xF0, 0x15, 0xF0, 0x05, 0xF0, 0x05, 0xF0,
    0x05, 0xF0, 0x05, 0xF0, 0x05, 0xF0, 0x05, 0xF0,
    0x05, 0xF0, 0x05, 0xF0, 0x05, 0xF0, 0x05, 0xF0,
    0x05, 0xF0, 0x05, 0xF0, 0x05, 0xF0, 0x05, 0xF0,
    0x05, 0xF0, 0x05, 0xF0, 0x05, 0xF0, 0x05, 0xF0,
    0x05, 0xF0, 0x05, 0xF0, 0x05, 0xF0, 0x05, 0xF0,
    0x05, 0xF0, 0x05, 0xF1, 0x05, 0xF1, 0x05, 0xF1,
    0x05, 0xF1, 0x05, 0xF1, 0x05, 0xF1, 0x05, 0xF1,
    0x05, 0xF1, 0x05, 0xF2, 0x05, 0xF2, 0x05, 0xF2,
    0x05, 0xF2, 0x05, 0xF2, 0x05, 0xF2, 0x05, 0xF2,
    0x05, 0xF2, 0x05, 0xF3, 0x05, 0xF3, 0x05, 0xF3,
    0x05, 0xF3, 0x05, 0xF3, 0x05, 0xF3, 0x05, 0xF3,
    0x05, 0xF3, 0x05, 0xF4, 0x05, 0xF4, 0x05, 0xF4,
    0x05, 0xF4, 0x05, 0xF4, 0x05, 0xF4, 0x05, 0xF4,
    0x05, 0xF4, 0x05, 0xF5, 0x05, 0xF5, 0x05, 0xF5,
    0x05, 0xF5, 0x05, 0xF5, 0x05, 0xF5, 0x05, 0xF5,
    0x04, 0xF5, 0x04, 0xF5, 0x04, 0xF5, 0x04, 0xF5,
    0x04, 0xF5, 0x04, 0xF5, 0x04, 0xF5, 0x04, 0xF5,
    0x03, 0xF5, 0x03, 0xF5, 0x03, 0xF5, 0x03, 0xF5,
    0x03, 0xF5, 0x03, 0xF5, 0x03, 0xF5, 0x02, 0xF5,
    0x02, 0xF5, 0x02, 0xF5, 0x02, 0xF5, 0x02, 0xF5,
    0x02, 0xF5, 0x02, 0xF5, 0x02, 0xF5, 0x01, 0xF5,
    0x01, 0xF5, 0x01, 0xF5, 0x01, 0xF5, 0x01, 0xF5,
    0x01, 0xF5, 0x01, 0xF5, 0x01, 0xF5, 0x00, 0xF5,
    0x00, 0xF5, 0x00, 0xF5, 0x00, 0xF5, 0x00, 0xF5,
    0x00, 0xF5, 0x00, 0xF5, 0x00, 0xF5, 0x00, 0xF5,
    0x00, 0xF5, 0x00, 0xF5, 0x00, 0xF5, 0x00, 0xF5,
    0x00, 0xF5, 0x00, 0xF5, 0x00, 0xF5, 0x00, 0xF5,
    0x00, 0xF5, 0x00, 0xF5, 0x00, 0xF5, 0x00, 0xF5,
    0x00, 0xF5, 0x00, 0xF5, 0x00, 0xF5, 0x10, 0xF5,
    0x10, 0xF5, 0x10, 0xF5, 0x10, 0xF5, 0x10, 0xF5,
    0x10, 0xF5, 0x20, 0xF5, 0x20, 0xF5, 0x20, 0xF5,
    0x20, 0xF5, 0x20, 0xF5, 0x20, 0xF5, 0x20, 0xF5,
    0x20, 0xF5, 0x30, 0xF5, 0x30, 0xF5, 0x30, 0xF5,
    0x30, 0xF5, 0x30, 0xF5, 0x30, 0xF5, 0x30, 0xF5,
    0x30, 0xF5, 0x30, 0xF5, 0x40, 0xF5, 0x40, 0xF5,
    0x40, 0xF5, 0x40, 0xF5, 0x40, 0xF5, 0x40, 0xF5,
    0x40, 0xF5, 0x40, 0xF5, 0x40, 0xF4, 0x40, 0xF4,
    0x40, 0xF4, 0x40, 0xF4, 0x40, 0xF4, 0x40, 0xF4,
    0x40, 0xF3, 0x40, 0xF3, 0x40, 0xF3, 0x40, 0xF3,
    0x40, 0xF3, 0x40, 0xF3, 0x40, 0xF3, 0x40, 0xF3,
    0x40, 0xF3, 0x40, 0xF2, 0x40, 0xF2, 0x40, 0xF2,
    0x40, 0xF2, 0x40, 0xF2, 0x40, 0xF2, 0x40, 0xF2,
    0x40, 0xF1, 0x40, 0xF1, 0x40, 0xF1, 0x40, 0xF1,
    0x40, 0xF1, 0x40, 0xF1, 0x40, 0xF1, 0x40, 0xF1,
    0x40, 0xF1, 0x40, 0xF0, 0x40, 0xF0, 0x40, 0xF0,
    0x40, 0xF0, 0x40, 0xF0, 0x40, 0xF0, 0x40, 0xF0,
    0x40, 0xF0, 0x40, 0xF0, 0x40, 0xF0, 0x40, 0xF0,
    0x40, 0xF0, 0x40, 0xF0, 0x40, 0xF0, 0x40, 0xF0,
    0x41, 0xF0, 0x41, 0xF0, 0x41, 0xF0, 0x41, 0xF0,
    0x41, 0xF0, 0x41, 0xF0, 0x41, 0xF0, 0x41, 0xF0,
    0x42, 0xF0, 0x42, 0xF0, 0x42, 0xF0, 0x42, 0xF0,
    0x42, 0xF0, 0x42, 0xF0, 0x42, 0xF0, 0x42, 0xF0,
    0x42, 0xF0, 0x43, 0xF0, 0x43, 0xF0, 0x43, 0xF0,
    0x43, 0xF0, 0x43, 0xF0, 0x43, 0xF0, 0x43, 0xF0,
    0x44, 0xF0, 0x44, 0xF0, 0x44, 0xF0, 0x44, 0xF0,
    0x44, 0xF0, 0x44, 0xF0, 0x44, 0xF0, 0x44, 0xF0,
    0x45, 0xF0, 0x45, 0xF0, 0x45, 0xF0, 0x45, 0xF0,
    0x45, 0xF0, 0x35, 0xF0, 0x35, 0xF0, 0x35, 0xF0,
    0x35, 0xF0, 0x35, 0xF0, 0x35, 0xF0, 0x35, 0xF0,
    0x35, 0xF0, 0x25, 0xF0, 0x25, 0xF0, 0x25, 0xF0,
    0x25, 0xF0, 0x25, 0xF0, 0x25, 0xF0, 0x25, 0xF0,
    0x25, 0xF0, 0x15, 0xF0, 0x15, 0xF0, 0x15, 0xF0,
    0x15, 0xF0, 0x15, 0xF0, 0x15, 0xF0, 0x15, 0xF0,
    0x15, 0xF0, 0x15, 0xF0, 0x05, 0xF0, 0x05, 0xF0,
    0x05, 0xF0, 0x05, 0xF0, 0x05, 0xF0, 0x05, 0xF0,
    0x05, 0xF0, 0x05, 0xF0, 0x05, 0xF0, 0x05, 0xF0,
    0x05, 0xF0, 0x05, 0xF0, 0x05, 0xF0, 0x05, 0xF0,
    0x05, 0xF0, 0x05, 0xF0, 0x05, 0xF0, 0x05, 0xF0,
    0x05, 0xF0, 0x05, 0xF0, 0x05, 0xF0, 0x05, 0xF0,
    0x05, 0xF0, 0x05, 0xF1, 0x05, 0xF1, 0x05, 0xF1,
    0x05, 0xF1, 0x05, 0xF1, 0x05, 0xF1, 0x05, 0xF1,
    0x05, 0xF1, 0x05, 0xF1, 0x05, 0xF1, 0x05, 0xF2,
    0x05, 0xF2, 0x05, 0xF2, 0x05, 0xF2, 0x05, 0xF2,
    0x05, 0xF2, 0x05, 0xF2, 0x05, 0xF3, 0x05, 0xF3,
    0x05, 0xF3, 0x05, 0xF3, 0x05, 0xF3, 0x05, 0xF3,
    0x05, 0xF3, 0x05, 0xF3, 0x05, 0xF4, 0x05, 0xF4,
    0x05, 0xF4, 0x05, 0xF4, 0x05, 0xF4, 0x05, 0xF4,
    0x05, 0xF4, 0x05, 0xF5, 0x05, 0xF5, 0x05, 0xF5,
    0x05, 0xF5, 0x05, 0xF5, 0x05, 0xF5, 0x04, 0xF5,
    0x04, 0xF5, 0x04, 0xF5, 0x04, 0xF5, 0x04, 0xF5,
    0x04, 0xF5, 0x04, 0xF5, 0x04, 0xF5, 0x03, 0xF5,
    0x03, 0xF5, 0x03, 0xF5, 0x03, 0xF5, 0x03, 0xF5,
    0x03, 0xF5, 0x03, 0xF5, 0x03, 0xF5, 0x02, 0xF5,
    0x02, 0xF5, 0x02, 0xF5, 0x02, 0xF5, 0x02, 0xF5,
    0x02, 0xF5, 0x02, 0xF5, 0x01, 0xF5, 0x01, 0xF5,
    0x01, 0xF5, 0x01, 0xF5, 0x01, 0xF5, 0x01, 0xF5,
    0x01, 0xF5, 0x01, 0xF5, 0x01, 0xF5, 0x00, 0xF5,
    0x00, 0xF5, 0x00, 0xF5, 0x00, 0xF5, 0x00, 0xF5,
    0x00, 0xF5, 0x00, 0xF5, 0x00, 0xF5, 0x00, 0xF5,
    0x00, 0xF5, 0x00, 0xF5, 0x00, 0xF5, 0x00, 0xF5,
    0x00, 0xF5, 0x00, 0xF5, 0x00, 0xF5, 0x00, 0xF5,
    0x00, 0xF5, 0x00, 0xF5, 0x00, 0xF5, 0x00, 0xF5,
    0x00, 0xF5, 0x00, 0xF5, 0x00, 0xF5, 0x10, 0xF5,
    0x10, 0xF5, 0x10, 0xF5, 0x10, 0xF5, 0x10, 0xF5,
    0x10, 0xF5, 0x10, 0xF5, 0x20, 0xF5, 0x20, 0xF5,
    0x20, 0xF5, 0x20, 0xF5, 0x20, 0xF5, 0x20, 0xF5,
    0x20, 0xF5, 0x20, 0xF5, 0x20, 0xF5, 0x30, 0xF5,
    0x30, 0xF5, 0x30, 0xF5, 0x30, 0xF5, 0x30, 0xF5,
    0x30, 0xF5, 0x30, 0xF5, 0x30, 0xF5, 0x30, 0xF5,
    0x40, 0xF5, 0x40, 0xF5, 0x40, 0xF5, 0x40, 0xF5,
    0x40, 0xF5, 0x40, 0xF4, 0x40, 0xF4, 0x40, 0xF4,
    0x40, 0xF4, 0x40, 0xF4, 0x40, 0xF4, 0x40, 0xF4,
    0x40, 0xF3, 0x40, 0xF3, 0x40, 0xF3, 0x40, 0xF3,
    0x40, 0xF3, 0x40, 0xF3, 0x40, 0xF3, 0x40, 0xF3,
    0x40, 0xF3, 0x40, 0xF2, 0x40, 0xF2, 0x40, 0xF2,
    0x40, 0xF2, 0x40, 0xF2, 0x40, 0xF2, 0x40, 0xF2,
    0x40, 0xF1, 0x40, 0xF1, 0x40, 0xF1, 0x40, 0xF1,
    0x40, 0xF1, 0x40, 0xF1, 0x40, 0xF1, 0x40, 0xF1,
    0x40, 0xF1, 0x40, 0xF0, 0x40, 0xF0, 0x40, 0xF0,
    0x40, 0xF0, 0x40, 0xF0, 0x40, 0xF0, 0x40, 0xF0,
    0x40, 0xF0, 0x40, 0xF0, 0x40, 0xF0, 0x40, 0xF0,
    0x40, 0xF0, 0x40, 0xF0, 0x40, 0xF0, 0x40, 0xF0,
    0x41, 0xF0, 0x41, 0xF0, 0x41, 0xF0, 0x41, 0xF0,
    0x41, 0xF0, 0x41, 0xF0, 0x41, 0xF0, 0x41, 0xF0,
    0x41, 0xF0, 0x42, 0xF0, 0x42, 0xF0, 0x42, 0xF0,
    0x42, 0xF0, 0x42, 0xF0, 0x42, 0xF0, 0x42, 0xF0,
    0x42, 0xF0, 0x43, 0xF0, 0x43, 0xF0, 0x43, 0xF0,
    0x43, 0xF0, 0x43, 0xF0, 0x43, 0xF0, 0x43, 0xF0,
    0x43, 0xF0, 0x44, 0xF0, 0x44, 0xF0, 0x44, 0xF0,
    0x44, 0xF0, 0x44, 0xF0, 0x44, 0xF0, 0x44, 0xF0,
    0x44, 0xF0, 0x44, 0xF0, 0x45, 0xF0, 0x45, 0xF0,
    0x45, 0xF0, 0x35, 0xF0, 0x35, 0xF0, 0x35, 0xF0,
    0x35, 0xF0, 0x35, 0xF0, 0x35, 0xF0, 0x35, 0xF0,
    0x25, 0xF0, 0x25, 0xF0, 0x25, 0xF0, 0x25, 0xF0,
    0x25, 0xF0, 0x25, 0xF0, 0x25, 0xF0, 0x25, 0xF0,
    0x25, 0xF0, 0x15, 0xF0, 0x15, 0xF0, 0x15, 0xF0,
    0x15, 0xF0, 0x15, 0xF0, 0x15, 0xF0, 0x15, 0xF0,
    0x15, 0xF0, 0x15, 0xF0, 0x05, 0xF0, 0x05, 0xF0,
    0x05, 0xF0, 0x05, 0xF0, 0x05, 0xF0, 0x05, 0xF0,
    0x05, 0xF0, 0x05, 0xF0, 0x05, 0xF0, 0x05, 0xF0,
    0x05, 0xF0, 0x05, 0xF0, 0x05, 0xF0, 0x05, 0xF0,
    0x05, 0xF0, 0x05, 0xF0, 0x05, 0xF0, 0x05, 0xF0,
    0x05, 0xF0, 0x05, 0xF0, 0x05, 0xF0, 0x05, 0xF0,
    0x05, 0xF0, 0x05, 0xF1, 0x05, 0xF1, 0x05, 0xF1,
    0x05, 0xF1, 0x05, 0xF1, 0x05, 0xF1, 0x05, 0xF1,
    0x05, 0xF1, 0x05, 0xF1, 0x05, 0xF1, 0x05, 0xF2,
    0x05, 0xF2, 0x05, 0xF2, 0x05, 0xF2, 0x05, 0xF2,
    0x05, 0xF2, 0x05, 0xF2, 0x05, 0xF2, 0x05, 0xF3,
    0x05, 0xF3, 0x05, 0xF3, 0x05, 0xF3, 0x05, 0xF3,
    0x05, 0xF3, 0x05, 0xF3, 0x05, 0xF3, 0x05, 0xF4,
    0x05, 0xF4, 0x05, 0xF4, 0x05, 0xF4, 0x05, 0xF4,
    0x05, 0xF4, 0x05, 0xF4, 0x05, 0xF5, 0x05, 0xF5,
    0x05, 0xF5, 0x05, 0xF5, 0x04, 0xF5, 0x04, 0xF5,
    0x04, 0xF5, 0x04, 0xF5, 0x04, 0xF5, 0x04, 0xF5,
    0x04, 0xF5, 0x04, 0xF5, 0x03, 0xF5, 0x03, 0xF5,
    0x03, 0xF5, 0x03, 0xF5, 0x03, 0xF5, 0x03, 0xF5,
    0x03, 0xF5, 0x03, 0xF5, 0x02, 0xF5, 0x02, 0xF5,
    0x02, 0xF5, 0x02, 0xF5, 0x02, 0xF5, 0x02, 0xF5,
    0x02, 0xF5, 0x02, 0xF5, 0x01, 0xF5, 0x01, 0xF5,
    0x01, 0xF5, 0x01, 0xF5, 0x01, 0xF5, 0x01, 0xF5,
    0x01, 0xF5, 0x01, 0xF5, 0x01, 0xF5, 0x00, 0xF5,
    0x00, 0xF5, 0x00, 0xF5, 0x00, 0xF5, 0x00, 0xF5,
    0x00, 0xF5, 0x00, 0xF5, 0x00, 0xF5, 0x00, 0xF5,
    0x00, 0xF5, 0x00, 0xF5, 0x00, 0xF5, 0x00, 0xF5,
    0x00, 0xF5, 0x00, 0xF5, 0x00, 0xF5, 0x00, 0xF5,
    0x00, 0xF5, 0x00, 0xF5, 0x00, 0xF5, 0x00, 0xF5,
    0x00, 0xF5, 0x00, 0xF5, 0x00, 0xF5, 0x10, 0xF5,
    0x10, 0xF5, 0x10, 0xF5, 0x10, 0xF5, 0x10, 0xF5,
    0x10, 0xF4, 0x10, 0xF5, 0x10, 0xF5, 0x10, 0xF5,
    0x20, 0xF5, 0x20, 0xF5, 0x20, 0xF5, 0x20, 0xF5,
    0x20, 0xF5, 0x20, 0xF5, 0x20, 0xF5, 0x20, 0xF5,
    0x30, 0xF5, 0x30, 0xF5, 0x30, 0xF5, 0x30, 0xF5,
    0x30, 0xF5, 0x30, 0xF5, 0x30, 0xF5, 0x30, 0xF5,
    0x30, 0xF5, 0x40, 0xF5, 0x40, 0xF4, 0x40, 0xF4,
    0x40, 0xF4, 0x40, 0xF4, 0x40, 0xF4, 0x40, 0xF4,
    0x40, 0xF4, 0x40, 0xF4, 0x40, 0xF4, 0x40, 0xF3,
    0x40, 0xF3, 0x40, 0xF3, 0x40, 0xF3, 0x40, 0xF3,
    0x40, 0xF3, 0x40, 0xF3, 0x40, 0xF3, 0x40, 0xF3,
    0x40, 0xF2, 0x40, 0xF2, 0x40, 0xF2, 0x40, 0xF2,
    0x40, 0xF2, 0x40, 0xF2, 0x40, 0xF2, 0x40, 0xF1,
    0x40, 0xF1, 0x40, 0xF1, 0x40, 0xF1, 0x40, 0xF1,
    0x40, 0xF1, 0x40, 0xF1, 0x40, 0xF1, 0x40, 0xF1,
    0x40, 0xF0, 0x40, 0xF0, 0x40, 0xF0, 0x40, 0xF0,
    0x40, 0xF0, 0x40, 0xF0, 0x40, 0xF0, 0x40, 0xF0,
    0x40, 0xF0, 0x40, 0xF0, 0x40, 0xF0, 0x40, 0xF0,
    0x40, 0xF0, 0x40, 0xF0, 0x40, 0xF0, 0x40, 0xF0,
    0x40, 0xF0, 0x41, 0xF0, 0x41, 0xF0, 0x41, 0xF0,
    0x41, 0xF0, 0x41, 0xF0, 0x41, 0xF0, 0x31, 0xF0,
    0x41, 0xF0, 0x42, 0xF0, 0x42, 0xF0, 0x42, 0xF0,
    0x42, 0xF0, 0x42, 0xF0, 0x42, 0xF0, 0x42, 0xF0,
    0x42, 0xF0, 0x42, 0xF0, 0x43, 0xF0, 0x33, 0xF0,
    0x43, 0xF0, 0x43, 0xF0, 0x43, 0xF0, 0x43, 0xF0,
    0x33, 0xF0, 0x43, 0xF0, 0x44, 0xF0, 0x44, 0xF0,
    0x44, 0xF0, 0x44, 0xF0, 0x44, 0xF0, 0x44, 0xF0,
    0x44, 0xF0, 0x44, 0xF0, 0x44, 0xF0, 0x45, 0xF0,
    0x35, 0xF0, 0x35, 0xF0, 0x35, 0xF0, 0x35, 0xF0,
    0x35, 0xF0, 0x35, 0xF0, 0x35, 0xF0, 0x35, 0xF0,
    0x25, 0xF0, 0x25, 0xF0, 0x25, 0xF0, 0x24, 0xF0,
    0x24, 0xF0, 0x24, 0xF0, 0x25, 0xF0, 0x25, 0xF0,
    0x15, 0xF0, 0x15, 0xF0, 0x15, 0xF0, 0x15, 0xF0,
    0x15, 0xF0, 0x15, 0xF0, 0x15, 0xF0, 0x15, 0xF0,
    0x15, 0xF0, 0x05, 0xF0, 0x05, 0xF0, 0x05, 0xF0,
    0x05, 0xF0, 0x05, 0xF0, 0x05, 0xF0, 0x05, 0xF0,
    0x05, 0xF0, 0x05, 0xF0, 0x05, 0xF0, 0x05, 0xF0,
    0x05, 0xF0, 0x05, 0xF0, 0x04, 0xF0, 0x05, 0xF0,
    0x05, 0xF0, 0x05, 0xF0, 0x05, 0xF0, 0x05, 0xF0,
    0x05, 0xF0, 0x05, 0xF0, 0x05, 0xF0, 0x05, 0xF0,
    0x05, 0xF0, 0x05, 0xF1, 0x04, 0xF1, 0x05, 0xF1,
    0x05, 0xF1, 0x05, 0xF1, 0x05, 0xF1, 0x05, 0xF1,
    0x05, 0xF1, 0x05, 0xF1, 0x05, 0xF1, 0x05, 0xF2,
    0x05, 0xF2, 0x05, 0xF2, 0x05, 0xF2, 0x05, 0xF2,
    0x05, 0xF2, 0x05, 0xF2, 0x05, 0xF2, 0x05, 0xF3,
    0x05, 0xF3, 0x05, 0xF3, 0x05, 0xF3, 0x05, 0xF3,
    0x05, 0xF3, 0x05, 0xF3, 0x05, 0xF3, 0x05, 0xF4,
    0x05, 0xF4, 0x05, 0xF4, 0x05, 0xF4, 0x05, 0xF4,
    0x05, 0xF4, 0x05, 0xF4, 0x05, 0xF4, 0x05, 0xF5,
    0x04, 0xF5, 0x04, 0xF5, 0x04, 0xF5, 0x04, 0xF5,
    0x04, 0xF4, 0x04, 0xF4, 0x04, 0xF5, 0x04, 0xF5,
    0x04, 0xF5, 0x04, 0xF5, 0x03, 0xF5, 0x03, 0xF5,
    0x03, 0xF5, 0x03, 0xF5, 0x03, 0xF5, 0x03, 0xF5,
    0x03, 0xF4, 0x03, 0xF5, 0x02, 0xF4, 0x02, 0xF4,
    0x02, 0xF5, 0x02, 0xF5, 0x02, 0xF5, 0x02, 0xF5,
    0x02, 0xF5, 0x02, 0xF4, 0x01, 0xF4, 0x01, 0xF4,
    0x01, 0xF4, 0x01, 0xF4, 0x01, 0xF5, 0x01, 0xF5,
    0x01, 0xF5, 0x01, 0xF5, 0x01, 0xF5, 0x00, 0xF5,
    0x00, 0xF5, 0x00, 0xF5, 0x00, 0xF5, 0x00, 0xF4,
    0x00, 0xF4, 0x00, 0xF4, 0x00, 0xF4, 0x00, 0xF5,
    0x00, 0xF5, 0x00, 0xF5, 0x00, 0xF5, 0x00, 0xF5,
    0x00, 0xF5, 0x00, 0xF5, 0x00, 0xF5, 0x00, 0xF5,
    0x00, 0xF5, 0x00, 0xF5, 0x00, 0xF5, 0x00, 0xF5,
    0x00, 0xF5, 0x00, 0xF5, 0x00, 0xF4, 0x10, 0xF5,
    0x10, 0xF5, 0x10, 0xF5, 0x10, 0xF5, 0x10, 0xF5,
    0x10, 0xF4, 0x10, 0xF4, 0x10, 0xF5, 0x10, 0xF5,
    0x20, 0xF5, 0x20, 0xF5, 0x20, 0xF5, 0x20, 0xF4,
    0x20, 0xF5, 0x20, 0xF5, 0x20, 0xF5, 0x20, 0xF5,
    0x30, 0xF5, 0x30, 0xF5, 0x30, 0xF5, 0x30, 0xF5,
    0x30, 0xF5, 0x30, 0xF5, 0x30, 0xF5, 0x30, 0xF4,
    0x30, 0xF4, 0x30, 0xF4, 0x30, 0xF4, 0x40, 0xF4,
    0x40, 0xF4, 0x40, 0xF4, 0x40, 0xF4, 0x40, 0xF4,
    0x40, 0xF4, 0x40, 0xF4, 0x40, 0xF3, 0x40, 0xF3,
    0x40, 0xF3, 0x40, 0xF3, 0x40, 0xF3, 0x40, 0xF3,
    0x40, 0xF3, 0x40, 0xF3, 0x40, 0xF3, 0x40, 0xF2,
    0x40, 0xF2, 0x40, 0xF2, 0x40, 0xF2, 0x40, 0xF2,
    0x40, 0xF2, 0x40, 0xF2, 0x40, 0xF2, 0x40, 0xF1,
    0x40, 0xF1, 0x40, 0xF1, 0x40, 0xF1, 0x40, 0xF1,
    0x40, 0xF1, 0x40, 0xF1, 0x40, 0xF1, 0x40, 0xF1,
    0x40, 0xF0, 0x40, 0xF0, 0x40, 0xF0, 0x40, 0xF0,
    0x40, 0xF0, 0x40, 0xF0, 0x40, 0xF0, 0x40, 0xF0,
    0x30, 0xF0, 0x30, 0xF0, 0x30, 0xF0, 0x30, 0xF0,
    0x30, 0xF0, 0x30, 0xF0, 0x30, 0xF0, 0x30, 0xF0,
    0x30, 0xF0, 0x31, 0xF0, 0x31, 0xF0, 0x31, 0xF0,
    0x31, 0xF0, 0x31, 0xF0, 0x31, 0xF0, 0x31, 0xF0,
    0x31, 0xF0, 0x31, 0xF0, 0x32, 0xF0, 0x32, 0xF0,
    0x32, 0xF0, 0x32, 0xF0, 0x32, 0xF0, 0x32, 0xF0,
    0x32, 0xF0, 0x32, 0xF0, 0x33, 0xF0, 0x33, 0xF0,
    0x33, 0xF0, 0x33, 0xF0, 0x33, 0xF0, 0x33, 0xF0,
    0x33, 0xF0, 0x33, 0xF0, 0x33, 0xF0, 0x34, 0xF0,
    0x34, 0xF0, 0x34, 0xF0, 0x34, 0xF0, 0x34, 0xF0,
    0x34, 0xF0, 0x34, 0xF0, 0x34, 0xF0, 0x34, 0xF0,
    0x34, 0xF0, 0x34, 0xF0, 0x34, 0xF0, 0x34, 0xF0,
    0x34, 0xF0, 0x34, 0xF0, 0x24, 0xF0, 0x24, 0xF0,
    0x24, 0xF0, 0x24, 0xF0, 0x24, 0xF0, 0x24, 0xF0,
    0x24, 0xF0, 0x24, 0xF0, 0x24, 0xF0, 0x24, 0xF0,
    0x14, 0xF0, 0x14, 0xF0, 0x14, 0xF0, 0x14, 0xF0,
    0x14, 0xF0, 0x14, 0xF0, 0x14, 0xF0, 0x14, 0xF0,
    0x14, 0xF0, 0x04, 0xF0, 0x04, 0xF0, 0x04, 0xF0,
    0x04, 0xF0, 0x04, 0xF0, 0x04, 0xF0, 0x04, 0xF0,
    0x04, 0xF0, 0x04, 0xF0, 0x04, 0xF0, 0x04, 0xF0,
    0x04, 0xF0, 0x04, 0xF0, 0x04, 0xF0, 0x04, 0xF0,
    0x04, 0xF0, 0x04, 0xF0, 0x04, 0xF0, 0x04, 0xF0,
    0x04, 0xF0, 0x04, 0xF0, 0x04, 0xF0, 0x04, 0xF0,
    0x04, 0xF0, 0x04, 0xF1, 0x04, 0xF1, 0x04, 0xF1,
    0x04, 0xF1, 0x04, 0xF1, 0x04, 0xF1, 0x04, 0xF1,
    0x04, 0xF1, 0x04, 0xF1, 0x04, 0xF1, 0x04, 0xF1,
    0x04, 0xF2, 0x04, 0xF2, 0x04, 0xF2, 0x04, 0xF2,
    0x04, 0xF2, 0x04, 0xF2, 0x04, 0xF2, 0x04, 0xF2,
    0x04, 0xF3, 0x04, 0xF3, 0x04, 0xF3, 0x04, 0xF3,
    0x04, 0xF3, 0x04, 0xF3, 0x04, 0xF3, 0x04, 0xF3,
    0x04, 0xF4, 0x04, 0xF4, 0x04, 0xF4, 0x04, 0xF4,
    0x04, 0xF4, 0x04, 0xF4, 0x04, 0xF4, 0x04, 0xF4,
    0x04, 0xF4, 0x04, 0xF4, 0x04, 0xF4, 0x04, 0xF4,
    0x04, 0xF4, 0x04, 0xF4, 0x04, 0xF4, 0x04, 0xF4,
    0x03, 0xF4, 0x03, 0xF4, 0x03, 0xF4, 0x03, 0xF4,
    0x03, 0xF4, 0x03, 0xF4, 0x03, 0xF4, 0x03, 0xF4,
    0x03, 0xF4, 0x02, 0xF4, 0x02, 0xF4, 0x02, 0xF4,
    0x02, 0xF4, 0x02, 0xF4, 0x02, 0xF4, 0x02, 0xF4,
    0x02, 0xF4, 0x01, 0xF4, 0x01, 0xF4, 0x01, 0xF4,
    0x01, 0xF4, 0x01, 0xF4, 0x01, 0xF4, 0x01, 0xF4,
    0x01, 0xF4, 0x01, 0xF4, 0x00, 0xF4, 0x00, 0xF4,
    0x00, 0xF4, 0x00, 0xF4, 0x00, 0xF4, 0x00, 0xF4,
    0x00, 0xF4, 0x00, 0xF4, 0x00, 0xF4, 0x00, 0xF4,
    0x00, 0xF4, 0x00, 0xF4, 0x00, 0xF4, 0x00, 0xF4,
    0x00, 0xF4, 0x00, 0xF4, 0x00, 0xF5, 0x00, 0xF4,
    0x00, 0xF4, 0x00, 0xF4, 0x00, 0xF4, 0x00, 0xF4,
    0x00, 0xF5, 0x00, 0xF4, 0x00, 0xF4, 0x00, 0xF4,
    0x00, 0xF4, 0x10, 0xF4, 0x10, 0xF4, 0x10, 0xF5,
    0x10, 0xF4, 0x10, 0xF4, 0x10, 0xF4, 0x10, 0xF4,
    0x10, 0xF4, 0x10, 0xF4, 0x20, 0xF4, 0x20, 0xF4,
    0x20, 0xF4, 0x20, 0xF4, 0x20, 0xF4, 0x20, 0xF4,
    0x20, 0xF4, 0x30, 0xF4, 0x30, 0xF4, 0x30, 0xF4,
    0x30, 0xF4, 0x30, 0xF4, 0x30, 0xF4, 0x30, 0xF4,
    0x30, 0xF4, 0x30, 0xF4, 0x30, 0xF4, 0x30, 0xF4,
    0x30, 0xF4, 0x30, 0xF4, 0x30, 0xF4, 0x30, 0xF4,
    0x30, 0xF4, 0x30, 0xF3, 0x30, 0xF3, 0x30, 0xF3,
    0x30, 0xF3, 0x30, 0xF3, 0x30, 0xF3, 0x30, 0xF3,
    0x30, 0xF3, 0x30, 0xF3, 0x30, 0xF2, 0x30, 0xF2,
    0x30, 0xF2, 0x30, 0xF2, 0x30, 0xF2, 0x30, 0xF2,
    0x30, 0xF2, 0x30, 0xF2, 0x30, 0xF1, 0x30, 0xF1,
    0x30, 0xF1, 0x30, 0xF1, 0x30, 0xF1, 0x30, 0xF1,
    0x30, 0xF1, 0x30, 0xF1, 0x30, 0xF1, 0x30, 0xF1,
    0x30, 0xF0, 0x30, 0xF0, 0x30, 0xF0, 0x30, 0xF0,
    0x30, 0xF0, 0x30, 0xF0, 0x30, 0xF0, 0x30, 0xF0,
    0x30, 0xF0, 0x30, 0xF0, 0x30, 0xF0, 0x30, 0xF0,
    0x30, 0xF0, 0x30, 0xF0, 0x30, 0xF0, 0x30, 0xF0,
    0x30, 0xF0, 0x31, 0xF0, 0x31, 0xF0, 0x31, 0xF0,
    0x31, 0xF0, 0x31, 0xF0, 0x31, 0xF0, 0x31, 0xF0,
    0x31, 0xF0, 0x31, 0xF0, 0x32, 0xF0, 0x32, 0xF0,
    0x32, 0xF0, 0x32, 0xF0, 0x32, 0xF0, 0x32, 0xF0,
    0x32, 0xF0, 0x32, 0xF0, 0x32, 0xF0, 0x33, 0xF0,
    0x33, 0xF0, 0x33, 0xF0, 0x33, 0xF0, 0x33, 0xF0,
    0x33, 0xF0, 0x33, 0xF0, 0x33, 0xF0, 0x33, 0xF0,
    0x34, 0xF0, 0x34, 0xF0, 0x34, 0xF0, 0x34, 0xF0,
    0x34, 0xF0, 0x34, 0xF0, 0x34, 0xF0, 0x34, 0xF0,
    0x34, 0xF0, 0x34, 0xF0, 0x34, 0xF0, 0x34, 0xF0,
    0x34, 0xF0, 0x24, 0xF0, 0x24, 0xF0, 0x24, 0xF0,
    0x24, 0xF0, 0x24, 0xF0, 0x24, 0xF0, 0x24, 0xF0,
    0x24, 0xF0, 0x24, 0xF0, 0x24, 0xF0, 0x24, 0xF0,
    0x14, 0xF0, 0x14, 0xF0, 0x14, 0xF0, 0x14, 0xF0,
    0x14, 0xF0, 0x14, 0xF0, 0x14, 0xF0, 0x14, 0xF0,
    0x14, 0xF0, 0x04, 0xF0, 0x04, 0xF0, 0x04, 0xF0,
    0x04, 0xF0, 0x04, 0xF0, 0x04, 0xF0, 0x04, 0xF0,
    0x04, 0xF0, 0x04, 0xF0, 0x04, 0xF0, 0x04, 0xF0,
    0x04, 0xF0, 0x04, 0xF0, 0x04, 0xF0, 0x04, 0xF0,
    0x04, 0xF0, 0x04, 0xF0, 0x04, 0xF0, 0x04, 0xF0,
    0x04, 0xF0, 0x04, 0xF0, 0x04, 0xF0, 0x04, 0xF0,
    0x04, 0xF0, 0x04, 0xF1, 0x04, 0xF1, 0x04, 0xF1,
    0x04, 0xF1, 0x04, 0xF1, 0x04, 0xF1, 0x04, 0xF1,
    0x04, 0xF1, 0x04, 0xF1, 0x04, 0xF1, 0x04, 0xF1,
    0x04, 0xF2, 0x04, 0xF2, 0x04, 0xF2, 0x04, 0xF2,
    0x04, 0xF2, 0x04, 0xF2, 0x04, 0xF2, 0x04, 0xF2,
    0x04, 0xF2, 0x04, 0xF3, 0x04, 0xF3, 0x04, 0xF3,
    0x04, 0xF3, 0x04, 0xF3, 0x04, 0xF3, 0x04, 0xF3,
    0x04, 0xF4, 0x04, 0xF4, 0x04, 0xF4, 0x04, 0xF4,
    0x04, 0xF4, 0x04, 0xF4, 0x04, 0xF4, 0x04, 0xF4,
    0x04, 0xF4, 0x04, 0xF4, 0x04, 0xF4, 0x04, 0xF4,
    0x04, 0xF4, 0x04, 0xF4, 0x04, 0xF4, 0x04, 0xF4,
    0x03, 0xF4, 0x03, 0xF4, 0x03, 0xF4, 0x03, 0xF4,
    0x03, 0xF4, 0x03, 0xF4, 0x03, 0xF4, 0x03, 0xF4,
    0x02, 0xF4, 0x02, 0xF4, 0x02, 0xF4, 0x02, 0xF4,
    0x02, 0xF4, 0x02, 0xF4, 0x02, 0xF4, 0x02, 0xF4,
    0x02, 0xF4, 0x01, 0xF4, 0x01, 0xF4, 0x01, 0xF4,
    0x01, 0xF4, 0x01, 0xF4, 0x01, 0xF4, 0x01, 0xF4,
    0x01, 0xF4, 0x01, 0xF4, 0x00, 0xF4, 0x00, 0xF4,
    0x00, 0xF4, 0x00, 0xF4, 0x00, 0xF4, 0x00, 0xF4,
    0x00, 0xF4, 0x00, 0xF4, 0x00, 0xF4, 0x00, 0xF4,
    0x00, 0xF4, 0x00, 0xF4, 0x00, 0xF4, 0x00, 0xF4,
    0x00, 0xF4, 0x00, 0xF4, 0x00, 0xF4, 0x00, 0xF4,
    0x00, 0xF4, 0x00, 0xF4, 0x00, 0xF4, 0x00, 0xF4,
    0x00, 0xF4, 0x00, 0xF4, 0x00, 0xF4, 0x00, 0xF4,
    0x00, 0xF4, 0x10, 0xF4, 0x10, 0xF4, 0x10, 0xF4,
    0x10, 0xF4, 0x10, 0xF4, 0x10, 0xF4, 0x10, 0xF4,
    0x10, 0xF4, 0x10, 0xF4, 0x20, 0xF4, 0x20, 0xF4,
    0x20, 0xF4, 0x20, 0xF4, 0x20, 0xF4, 0x20, 0xF4,
    0x20, 0xF4, 0x20, 0xF4, 0x30, 0xF4, 0x30, 0xF4,
    0x30, 0xF4, 0x30, 0xF4, 0x30, 0xF4, 0x30, 0xF4,
    0x30, 0xF4, 0x30, 0xF4, 0x30, 0xF4, 0x30, 0xF4,
    0x30, 0xF4, 0x30, 0xF4, 0x30, 0xF4, 0x30, 0xF4,
    0x30, 0xF3, 0x30, 0xF3, 0x30, 0xF3, 0x30, 0xF3,
    0x30, 0xF3, 0x30, 0xF3, 0x30, 0xF3, 0x30, 0xF3,
    0x30, 0xF3, 0x30, 0xF3, 0x30, 0xF2, 0x30, 0xF2,
    0x30, 0xF2, 0x30, 0xF2, 0x30, 0xF2, 0x30, 0xF2,
    0x30, 0xF2, 0x30, 0xF2, 0x30, 0xF1, 0x30, 0xF1,
    0x30, 0xF1, 0x30, 0xF1, 0x30, 0xF1, 0x30, 0xF1,
    0x30, 0xF1, 0x30, 0xF1, 0x30, 0xF1, 0x30, 0xF1,
    0x30, 0xF0, 0x30, 0xF0, 0x30, 0xF0, 0x30, 0xF0,
    0x30, 0xF0, 0x30, 0xF0, 0x30, 0xF0, 0x30, 0xF0,
    0x30, 0xF0, 0x30, 0xF0, 0x30, 0xF0, 0x30, 0xF0,
    0x30, 0xF0, 0x30, 0xF0, 0x30, 0xF0, 0x30, 0xF0,
    0x30, 0xF0, 0x31, 0xF0, 0x31, 0xF0, 0x31, 0xF0,
    0x31, 0xF0, 0x31, 0xF0, 0x31, 0xF0, 0x31, 0xF0,
    0x31, 0xF0, 0x31, 0xF0, 0x31, 0xF0, 0x32, 0xF0,
    0x32, 0xF0, 0x32, 0xF0, 0x32, 0xF0, 0x32, 0xF0,
    0x32, 0xF0, 0x32, 0xF0, 0x32, 0xF0, 0x33, 0xF0,
    0x33, 0xF0, 0x33, 0xF0, 0x33, 0xF0, 0x33, 0xF0,
    0x33, 0xF0, 0x33, 0xF0, 0x33, 0xF0, 0x33, 0xF0,
    0x33, 0xF0, 0x34, 0xF0, 0x34, 0xF0, 0x34, 0xF0,
    0x34, 0xF0, 0x34, 0xF0, 0x34, 0xF0, 0x34, 0xF0,
    0x34, 0xF0, 0x34, 0xF0, 0x34, 0xF0, 0x24, 0xF0,
    0x24, 0xF0, 0x24, 0xF0, 0x24, 0xF0, 0x24, 0xF0,
    0x24, 0xF0, 0x24, 0xF0, 0x24, 0xF0, 0x24, 0xF0,
    0x24, 0xF0, 0x24, 0xF0, 0x24, 0xF0, 0x14, 0xF0,
    0x14, 0xF0, 0x14, 0xF0, 0x14, 0xF0, 0x14, 0xF0,
    0x14, 0xF0, 0x14, 0xF0, 0x14, 0xF0, 0x14, 0xF0,
    0x04, 0xF0, 0x04, 0xF0, 0x04, 0xF0, 0x04, 0xF0,
    0x04, 0xF0, 0x04, 0xF0, 0x04, 0xF0, 0x04, 0xF0,
    0x04, 0xF0, 0x04, 0xF0, 0x04, 0xF0, 0x04, 0xF0,
    0x04, 0xF0, 0x04, 0xF0, 0x04, 0xF0, 0x04, 0xF0,
    0x04, 0xF0, 0x04, 0xF0, 0x04, 0xF0, 0x04, 0xF0,
    0x04, 0xF0, 0x04, 0xF0, 0x04, 0xF0, 0x04, 0xF0,
    0x04, 0xF0, 0x04, 0xF1, 0x04, 0xF1, 0x04, 0xF1,
    0x04, 0xF1, 0x04, 0xF1, 0x04, 0xF1, 0x04, 0xF1,
    0x04, 0xF1, 0x04, 0xF1, 0x04, 0xF1, 0x04, 0xF1,
    0x04, 0xF1, 0x04, 0xF2, 0x04, 0xF2, 0x04, 0xF2,
    0x04, 0xF2, 0x04, 0xF2, 0x04, 0xF2, 0x04, 0xF2,
    0x04, 0xF2, 0x04, 0xF3, 0x04, 0xF3, 0x04, 0xF3,
    0x04, 0xF3, 0x04, 0xF3, 0x04, 0xF3, 0x04, 0xF3,
    0x04, 0xF3, 0x04, 0xF3, 0x04, 0xF3, 0x04, 0xF3,
    0x04, 0xF4, 0x04, 0xF4, 0x04, 0xF4, 0x04, 0xF4,
    0x04, 0xF4, 0x04, 0xF4, 0x04, 0xF4, 0x04, 0xF4,
    0x04, 0xF4, 0x04, 0xF4, 0x03, 0xF4, 0x03, 0xF4,
    0x03, 0xF4, 0x03, 0xF4, 0x03, 0xF4, 0x03, 0xF4,
    0x03, 0xF4, 0x03, 0xF4, 0x03, 0xF4, 0x02, 0xF4,
    0x02, 0xF4, 0x02, 0xF4, 0x02, 0xF4, 0x02, 0xF4,
    0x02, 0xF4, 0x02, 0xF4, 0x02, 0xF4, 0x02, 0xF4,
    0x02, 0xF4, 0x01, 0xF4, 0x01, 0xF4, 0x01, 0xF4,
    0x01, 0xF4, 0x01, 0xF4, 0x01, 0xF4, 0x01, 0xF4,
    0x01, 0xF4, 0x01, 0xF4, 0x00, 0xF4, 0x00, 0xF4,
    0x00, 0xF4, 0x00, 0xF4, 0x00, 0xF4, 0x00, 0xF4,
    0x00, 0xF4, 0x00, 0xF4, 0x00, 0xF4, 0x00, 0xF4,
    0x00, 0xF4, 0x00, 0xF4, 0x00, 0xF4, 0x00, 0xF4,
    0x00, 0xF4, 0x00, 0xF4, 0x00, 0xF4, 0x00, 0xF4,
    0x00, 0xF4, 0x00, 0xF4, 0x00, 0xF4, 0x00, 0xF4,
    0x00, 0xF4, 0x00, 0xF4, 0x00, 0xF4, 0x00, 0xF4,
    0x00, 0xF4, 0x10, 0xF4, 0x10, 0xF4, 0x10, 0xF4,
    0x10, 0xF4, 0x10, 0xF4, 0x10, 0xF4, 0x10, 0xF4,
    0x10, 0xF4, 0x10, 0xF4, 0x20, 0xF4, 0x20, 0xF4,
    0x20, 0xF4, 0x20, 0xF4, 0x20, 0xF4, 0x20, 0xF4,
    0x20, 0xF4, 0x20, 0xF4, 0x20, 0xF4, 0x20, 0xF4,
    0x20, 0xF4, 0x30, 0xF4, 0x30, 0xF4, 0x30, 0xF4,
    0x30, 0xF4, 0x30, 0xF4, 0x30, 0xF4, 0x30, 0xF4,
    0x30, 0xF4, 0x30, 0xF4, 0x30, 0xF4, 0x30, 0xF3,
    0x30, 0xF3, 0x30, 0xF3, 0x30, 0xF3, 0x30, 0xF3,
    0x30, 0xF3, 0x30, 0xF3, 0x30, 0xF3, 0x30, 0xF3,
    0x30, 0xF2, 0x30, 0xF2, 0x30, 0xF2, 0x30, 0xF2,
    0x30, 0xF2, 0x30, 0xF2, 0x30, 0xF2, 0x30, 0xF2,
    0x30, 0xF2, 0x30, 0xF1, 0x30, 0xF1, 0x30, 0xF1,
    0x30, 0xF1, 0x30, 0xF1, 0x30, 0xF1, 0x30, 0xF1,
    0x30, 0xF1, 0x30, 0xF1, 0x30, 0xF0, 0x30, 0xF0,
    0x30, 0xF0, 0x30, 0xF0, 0x30, 0xF0, 0x30, 0xF0,
    0x30, 0xF0, 0x30, 0xF0, 0x30, 0xF0, 0x30, 0xF0,
    0x30, 0xF0, 0x30, 0xF0, 0x30, 0xF0, 0x30, 0xF0,
    0x30, 0xF0, 0x30, 0xF0, 0x30, 0xF0, 0x30, 0xF0,
    0x30, 0xF0, 0x30, 0xF0, 0x31, 0xF0, 0x31, 0xF0,
    0x31, 0xF0, 0x31, 0xF0, 0x31, 0xF0, 0x31, 0xF0,
    0x31, 0xF0, 0x31, 0xF0, 0x31, 0xF0, 0x32, 0xF0,
    0x32, 0xF0, 0x32, 0xF0, 0x32, 0xF0, 0x32, 0xF0,
    0x32, 0xF0, 0x32, 0xF0, 0x32, 0xF0, 0x32, 0xF0,
    0x33, 0xF0, 0x33, 0xF0, 0x33, 0xF0, 0x33, 0xF0,
    0x33, 0xF0, 0x33, 0xF0, 0x33, 0xF0, 0x33, 0xF0,
    0x33, 0xF0, 0x33, 0xF0, 0x33, 0xF0, 0x34, 0xF0,
    0x34, 0xF0, 0x34, 0xF0, 0x34, 0xF0, 0x34, 0xF0,
    0x34, 0xF0, 0x34, 0xF0, 0x34, 0xF0, 0x24, 0xF0,
    0x24, 0xF0, 0x24, 0xF0, 0x24, 0xF0, 0x24, 0xF0,
    0x24, 0xF0, 0x24, 0xF0, 0x24, 0xF0, 0x24, 0xF0,
    0x14, 0xF0, 0x14, 0xF0, 0x14, 0xF0, 0x14, 0xF0,
    0x14, 0xF0, 0x14, 0xF0, 0x14, 0xF0, 0x14, 0xF0,
    0x14, 0xF0, 0x14, 0xF0, 0x14, 0xF0, 0x14, 0xF0,
    0x04, 0xF0, 0x04, 0xF0, 0x04, 0xF0, 0x04, 0xF0,
    0x04, 0xF0, 0x04, 0xF0, 0x04, 0xF0, 0x04, 0xF0,
    0x04, 0xF0, 0x04, 0xF0, 0x04, 0xF0, 0x04, 0xF0,
    0x04, 0xF0, 0x04, 0xF0, 0x04, 0xF0, 0x04, 0xF0,
    0x04, 0xF0, 0x04, 0xF0, 0x04, 0xF0, 0x04, 0xF0,
    0x04, 0xF0, 0x04, 0xF0, 0x04, 0xF0, 0x04, 0xF0,
    0x04, 0xF0, 0x04, 0xF0, 0x04, 0xF1, 0x04, 0xF1,
    0x04, 0xF1, 0x04, 0xF1, 0x04, 0xF1, 0x04, 0xF1,
    0x04, 0xF1, 0x04, 0xF1, 0x04, 0xF1, 0x04, 0xF1,
    0x04, 0xF1, 0x04, 0xF2, 0x04, 0xF2, 0x04, 0xF2,
    0x04, 0xF2, 0x04, 0xF2, 0x04, 0xF2, 0x04, 0xF2,
    0x04, 0xF2, 0x04, 0xF2, 0x04, 0xF3, 0x04, 0xF3,
    0x04, 0xF3, 0x04, 0xF3, 0x04, 0xF3, 0x04, 0xF3,
    0x04, 0xF3, 0x04, 0xF3, 0x04, 0xF3, 0x04, 0xF3,
    0x04, 0xF4, 0x04, 0xF4, 0x04, 0xF4, 0x04, 0xF4,
    0x04, 0xF4, 0x04, 0xF4, 0x04, 0xF4, 0x04, 0xF4,
    0x03, 0xF4, 0x03, 0xF4, 0x03, 0xF4, 0x03, 0xF4,
    0x03, 0xF4, 0x03, 0xF4, 0x03, 0xF4, 0x03, 0xF4,
    0x03, 0xF4, 0x03, 0xF4, 0x02, 0xF4, 0x02, 0xF4,
    0x02, 0xF4, 0x02, 0xF4, 0x02, 0xF4, 0x02, 0xF4,
    0x02, 0xF4, 0x02, 0xF4, 0x02, 0xF4, 0x02, 0xF4,
    0x01, 0xF4, 0x01, 0xF4, 0x01, 0xF4, 0x01, 0xF4,
    0x01, 0xF4, 0x01, 0xF4, 0x01, 0xF4, 0x01, 0xF4,
    0x01, 0xF4, 0x01, 0xF4, 0x00, 0xF4, 0x00, 0xF4,
    0x00, 0xF4, 0x00, 0xF4, 0x00, 0xF4, 0x00, 0xF4,
    0x00, 0xF4, 0x00, 0xF4, 0x00, 0xF4, 0x00, 0xF4,
    0x00, 0xF4, 0x00, 0xF4, 0x00, 0xF4, 0x00, 0xF4,
    0x00, 0xF4, 0x00, 0xF4, 0x00, 0xF4, 0x00, 0xF4,
    0x00, 0xF4, 0x00, 0xF4, 0x00, 0xF4, 0x00, 0xF4,
    0x00, 0xF4, 0x00, 0xF4, 0x00, 0xF4, 0x00, 0xF4,
    0x00, 0xF4, 0x10, 0xF4, 0x10, 0xF4, 0x10, 0xF4,
    0x10, 0xF4, 0x10, 0xF4, 0x10, 0xF4, 0x10, 0xF4,
    0x10, 0xF4, 0x10, 0xF4, 0x10, 0xF4, 0x20, 0xF4,
    0x20, 0xF4, 0x20, 0xF4, 0x20, 0xF4, 0x20, 0xF4,
    0x20, 0xF4, 0x20, 0xF4, 0x20, 0xF4, 0x20, 0xF4,
    0x20, 0xF4, 0x20, 0xF4, 0x30, 0xF4, 0x30, 0xF4,
    0x30, 0xF4, 0x30, 0xF4, 0x30, 0xF4, 0x30, 0xF4,
    0x30, 0xF4, 0x30, 0xF4, 0x30, 0xF3, 0x30, 0xF3,
    0x30, 0xF3, 0x30, 0xF3, 0x30, 0xF3, 0x30, 0xF3,
    0x30, 0xF3, 0x30, 0xF3, 0x30, 0xF3, 0x30, 0xF2,
    0x30, 0xF2, 0x30, 0xF2, 0x30, 0xF2, 0x30, 0xF2,
    0x30, 0xF2, 0x30, 0xF2, 0x30, 0xF2, 0x30, 0xF2,
    0x30, 0xF2, 0x30, 0xF1, 0x30, 0xF1, 0x30, 0xF1,
    0x30, 0xF1, 0x30, 0xF1, 0x30, 0xF1, 0x30, 0xF1,
    0x30, 0xF1, 0x30, 0xF1, 0x30, 0xF0, 0x30, 0xF0,
    0x30, 0xF0, 0x30, 0xF0, 0x30, 0xF0, 0x30, 0xF0,
    0x30, 0xF0, 0x30, 0xF0, 0x30, 0xF0, 0x30, 0xF0,
    0x30, 0xF0, 0x30, 0xF0, 0x30, 0xF0, 0x30, 0xF0,
    0x30, 0xF0, 0x30, 0xF0, 0x30, 0xF0, 0x30, 0xF0,
    0x30, 0xF0, 0x30, 0xF0, 0x31, 0xF0, 0x31, 0xF0,
    0x31, 0xF0, 0x31, 0xF0, 0x31, 0xF0, 0x31, 0xF0,
    0x31, 0xF0, 0x31, 0xF0, 0x31, 0xF0, 0x31, 0xF0,
    0x32, 0xF0, 0x32, 0xF0, 0x32, 0xF0, 0x32, 0xF0,
    0x32, 0xF0, 0x32, 0xF0, 0x32, 0xF0, 0x32, 0xF0,
    0x32, 0xF0, 0x33, 0xF0, 0x33, 0xF0, 0x33, 0xF0,
    0x33, 0xF0, 0x33, 0xF0, 0x33, 0xF0, 0x33, 0xF0,
    0x33, 0xF0, 0x33, 0xF0, 0x33, 0xF0, 0x33, 0xF0,
    0x34, 0xF0, 0x34, 0xF0, 0x34, 0xF0, 0x34, 0xF0,
    0x34, 0xF0, 0x34, 0xF0, 0x24, 0xF0, 0x24, 0xF0,
    0x24, 0xF0, 0x24, 0xF0, 0x24, 0xF0, 0x24, 0xF0,
    0x24, 0xF0, 0x24, 0xF0, 0x24, 0xF0, 0x14, 0xF0,
    0x14, 0xF0, 0x14, 0xF0, 0x14, 0xF0, 0x14, 0xF0,
    0x14, 0xF0, 0x14, 0xF0, 0x14, 0xF0, 0x14, 0xF0,
    0x14, 0xF0, 0x14, 0xF0, 0x14, 0xF0, 0x04, 0xF0,
    0x04, 0xF0, 0x04, 0xF0, 0x04, 0xF0, 0x04, 0xF0,
    0x04, 0xF0, 0x04, 0xF0, 0x04, 0xF0, 0x04, 0xF0,
    0x04, 0xF0, 0x04, 0xF0, 0x04, 0xF0, 0x04, 0xF0,
    0x04, 0xF0, 0x04, 0xF0, 0x04, 0xF0, 0x04, 0xF0,
    0x04, 0xF0, 0x04, 0xF0, 0x04, 0xF0, 0x04, 0xF0,
    0x04, 0xF0, 0x04, 0xF0, 0x04, 0xF0, 0x04, 0xF0,
    0x04, 0xF0, 0x04, 0xF0, 0x04, 0xF1, 0x04, 0xF1,
    0x04, 0xF1, 0x04, 0xF1, 0x04, 0xF1, 0x04, 0xF1,
    0x04, 0xF1, 0x04, 0xF1, 0x04, 0xF1, 0x04, 0xF1,
    0x04, 0xF1, 0x04, 0xF2, 0x04, 0xF2, 0x04, 0xF2,
    0x04, 0xF2, 0x04, 0xF2, 0x04, 0xF2, 0x04, 0xF2,
    0x04, 0xF2, 0x04, 0xF2, 0x04, 0xF2, 0x04, 0xF3,
    0x04, 0xF3, 0x04, 0xF3, 0x04, 0xF3, 0x04, 0xF3,
    0x04, 0xF3, 0x04, 0xF3, 0x04, 0xF3, 0x04, 0xF3,
    0x04, 0xF3, 0x04, 0xF4, 0x04, 0xF4, 0x04, 0xF4,
    0x04, 0xF4, 0x04, 0xF4, 0x04, 0xF4, 0x04, 0xF4,
    0x03, 0xF4, 0x03, 0xF4, 0x03, 0xF4, 0x03, 0xF4,
    0x03, 0xF4, 0x03, 0xF4, 0x03, 0xF4, 0x03, 0xF4,
    0x03, 0xF4, 0x02, 0xF4, 0x02, 0xF4, 0x02, 0xF4,
    0x02, 0xF4, 0x02, 0xF4, 0x02, 0xF4, 0x02, 0xF4,
    0x02, 0xF4, 0x02, 0xF4, 0x02, 0xF4, 0x01, 0xF4,
    0x01, 0xF4, 0x01, 0xF4, 0x01, 0xF4, 0x01, 0xF4,
    0x01, 0xF4, 0x01, 0xF4, 0x01, 0xF4, 0x01, 0xF4,
    0x01, 0xF4, 0x01, 0xF4, 0x00, 0xF4, 0x00, 0xF4,
    0x00, 0xF4, 0x00, 0xF4, 0x00, 0xF4, 0x00, 0xF4,
    0x00, 0xF4, 0x00, 0xF4, 0x00, 0xF4, 0x00, 0xF4,
    0x00, 0xF4, 0x00, 0xF4, 0x00, 0xF4, 0x00, 0xF4,
    0x00, 0xF4, 0x00, 0xF4, 0x00, 0xF4, 0x00, 0xF4,
    0x00, 0xF4, 0x00, 0xF4, 0x00, 0xF4, 0x00, 0xF4,
    0x00, 0xF4, 0x00, 0xF4, 0x00, 0xF4, 0x00, 0xF4,
    0x00, 0xF4, 0x00, 0xF4, 0x10, 0xF4, 0x10, 0xF4,
    0x10, 0xF4, 0x10, 0xF4, 0x10, 0xF4, 0x10, 0xF4,
    0x10, 0xF4, 0x10, 0xF4, 0x10, 0xF4, 0x20, 0xF4,
    0x20, 0xF4, 0x20, 0xF4, 0x20, 0xF4, 0x20, 0xF4,
    0x20, 0xF4, 0x20, 0xF4, 0x20, 0xF4, 0x20, 0xF4,
    0x20, 0xF4, 0x20, 0xF4, 0x20, 0xF4, 0x30, 0xF4,
    0x30, 0xF4, 0x30, 0xF4, 0x30, 0xF4, 0x30, 0xF3,
    0x30, 0xF3, 0x30, 0xF3, 0x30, 0xF3, 0x30, 0xF3,
    0x30, 0xF3, 0x30, 0xF3, 0x30, 0xF3, 0x30, 0xF3,
    0x30, 0xF3, 0x30, 0xF3, 0x30, 0xF3, 0x30, 0xF2,
    0x30, 0xF2, 0x30, 0xF2, 0x30, 0xF2, 0x30, 0xF2,
    0x30, 0xF2, 0x30, 0xF2, 0x30, 0xF2, 0x30, 0xF2,
    0x30, 0xF2, 0x30, 0xF1, 0x30, 0xF1, 0x30, 0xF1,
    0x30, 0xF1, 0x30, 0xF1, 0x30, 0xF1, 0x30, 0xF1,
    0x30, 0xF1, 0x30, 0xF0, 0x30, 0xF0, 0x30, 0xF0,
    0x30, 0xF0, 0x30, 0xF0, 0x30, 0xF0, 0x30, 0xF0,
    0x30, 0xF0, 0x30, 0xF0, 0x30, 0xF0, 0x30, 0xF0,
    0x30, 0xF0, 0x30, 0xF0, 0x30, 0xF0, 0x30, 0xF0,
    0x30, 0xF0, 0x30, 0xF0, 0x30, 0xF0, 0x30, 0xF0,
    0x30, 0xF0, 0x30, 0xF0, 0x30, 0xF0, 0x31, 0xF0,
    0x31, 0xF0, 0x31, 0xF0, 0x31, 0xF0, 0x31, 0xF0,
    0x31, 0xF0, 0x31, 0xF0, 0x31, 0xF0, 0x31, 0xF0,
    0x31, 0xF0, 0x31, 0xF0, 0x32, 0xF0, 0x32, 0xF0,
    0x32, 0xF0, 0x32, 0xF0, 0x32, 0xF0, 0x32, 0xF0,
    0x32, 0xF0, 0x32, 0xF0, 0x33, 0xF0, 0x33, 0xF0,
    0x33, 0xF0, 0x33, 0xF0, 0x33, 0xF0, 0x33, 0xF0,
    0x33, 0xF0, 0x33, 0xF0, 0x33, 0xF0, 0x33, 0xF0,
    0x33, 0xF0, 0x34, 0xF0, 0x34, 0xF0, 0x34, 0xF0,
    0x34, 0xF0, 0x24, 0xF0, 0x24, 0xF0, 0x24, 0xF0,
    0x24, 0xF0, 0x24, 0xF0, 0x24, 0xF0, 0x24, 0xF0,
    0x24, 0xF0, 0x14, 0xF0, 0x14, 0xF0, 0x14, 0xF0,
    0x14, 0xF0, 0x14, 0xF0, 0x14, 0xF0, 0x14, 0xF0,
    0x14, 0xF0, 0x14, 0xF0, 0x14, 0xF0, 0x14, 0xF0,
    0x14, 0xF0, 0x14, 0xF0, 0x04, 0xF0, 0x04, 0xF0,
    0x04, 0xF0, 0x04, 0xF0, 0x04, 0xF0, 0x04, 0xF0,
    0x04, 0xF0, 0x04, 0xF0, 0x04, 0xF0, 0x04, 0xF0,
    0x04, 0xF0, 0x04, 0xF0, 0x04, 0xF0, 0x04, 0xF0,
    0x04, 0xF0, 0x04, 0xF0, 0x04, 0xF0, 0x04, 0xF0,
    0x04, 0xF0, 0x04, 0xF0, 0x04, 0xF0, 0x04, 0xF0,
    0x04, 0xF0, 0x04, 0xF0, 0x04, 0xF0, 0x04, 0xF0,
    0x04, 0xF0, 0x04, 0xF0, 0x04, 0xF0, 0x04, 0xF1,
    0x04, 0xF1, 0x04, 0xF1, 0x04, 0xF1, 0x04, 0xF1,
    0x04, 0xF1, 0x04, 0xF1, 0x04, 0xF1, 0x04, 0xF1,
    0x04, 0xF1, 0x04, 0xF1, 0x04, 0xF2, 0x04, 0xF2,
    0x04, 0xF2, 0x04, 0xF2, 0x04, 0xF2, 0x04, 0xF2,
    0x04, 0xF2, 0x04, 0xF2, 0x04, 0xF2, 0x04, 0xF2,
    0x04, 0xF3, 0x04, 0xF3, 0x04, 0xF3, 0x04, 0xF3,
    0x04, 0xF3, 0x04, 0xF3, 0x04, 0xF3, 0x04, 0xF3,
    0x04, 0xF3, 0x04, 0xF3, 0x04, 0xF4, 0x04, 0xF4,
    0x04, 0xF4, 0x04, 0xF3, 0x03, 0xF3, 0x03, 0xF4,
    0x03, 0xF4, 0x03, 0xF4, 0x03, 0xF4, 0x03, 0xF4,
    0x03, 0xF4, 0x03, 0xF4, 0x03, 0xF4, 0x03, 0xF4,
    0x02, 0xF4, 0x02, 0xF4, 0x02, 0xF4, 0x02, 0xF4,
    0x02, 0xF4, 0x02, 0xF4, 0x02, 0xF4, 0x02, 0xF4,
    0x02, 0xF4, 0x02, 0xF4, 0x02, 0xF4, 0x01, 0xF4,
    0x01, 0xF4, 0x01, 0xF4, 0x01, 0xF4, 0x01, 0xF4,
    0x01, 0xF4, 0x01, 0xF4, 0x01, 0xF4, 0x01, 0xF4,
    0x01, 0xF4, 0x00, 0xF4, 0x00, 0xF4, 0x00, 0xF4,
    0x00, 0xF4, 0x00, 0xF4, 0x00, 0xF4, 0x00, 0xF4,
    0x00, 0xF4, 0x00, 0xF4, 0x00, 0xF4, 0x00, 0xF4,
    0x00, 0xF4, 0x00, 0xF4, 0x00, 0xF4, 0x00, 0xF4,
    0x00, 0xF4, 0x00, 0xF4, 0x00, 0xF4, 0x00, 0xF4,
    0x00, 0xF4, 0x00, 0xF4, 0x00, 0xF4, 0x00, 0xF4,
    0x00, 0xF4, 0x00, 0xF4, 0x00, 0xF4, 0x00, 0xF4,
    0x00, 0xF4, 0x00, 0xF4, 0x00, 0xF4, 0x10, 0xF4,
    0x10, 0xF4, 0x10, 0xF4, 0x10, 0xF4, 0x10, 0xF4,
    0x10, 0xF4, 0x10, 0xF4, 0x10, 0xF4, 0x10, 0xF4,
    0x20, 0xF4, 0x20, 0xF4, 0x20, 0xF4, 0x20, 0xF4,
    0x20, 0xF4, 0x20, 0xF4, 0x20, 0xF4, 0x20, 0xF4,
    0x20, 0xF4, 0x20, 0xF4, 0x20, 0xF4, 0x20, 0xF4,
    0x30, 0xF4, 0x30, 0xF4, 0x30, 0xF3, 0x30, 0xF3,
    0x30, 0xF3, 0x30, 0xF3, 0x30, 0xF3, 0x30, 0xF3,
    0x30, 0xF3, 0x30, 0xF3, 0x30, 0xF3, 0x30, 0xF3,
    0x30, 0xF3, 0x30, 0xF3, 0x30, 0xF2, 0x30, 0xF2,
    0x30, 0xF2, 0x30, 0xF2, 0x30, 0xF2, 0x30, 0xF2,
    0x30, 0xF2, 0x30, 0xF2, 0x30, 0xF2, 0x30, 0xF2,
    0x30, 0xF1, 0x30, 0xF1, 0x30, 0xF1, 0x30, 0xF1,
    0x30, 0xF1, 0x30, 0xF1, 0x30, 0xF1, 0x30, 0xF1,
    0x30, 0xF1, 0x30, 0xF0, 0x30, 0xF0, 0x30, 0xF0,
    0x30, 0xF0, 0x30, 0xF0, 0x30, 0xF0, 0x30, 0xF0,
    0x30, 0xF0, 0x30, 0xF0, 0x30, 0xF0, 0x30, 0xF0,
    0x30, 0xF0, 0x30, 0xF0, 0x30, 0xF0, 0x30, 0xF0,
    0x30, 0xF0, 0x30, 0xF0, 0x30, 0xF0, 0x30, 0xF0,
    0x30, 0xF0, 0x30, 0xF0, 0x30, 0xF0, 0x31, 0xF0,
    0x31, 0xF0, 0x31, 0xF0, 0x31, 0xF0, 0x31, 0xF0,
    0x31, 0xF0, 0x31, 0xF0, 0x31, 0xF0, 0x31, 0xF0,
    0x31, 0xF0, 0x31, 0xF0, 0x32, 0xF0, 0x32, 0xF0,
    0x32, 0xF0, 0x32, 0xF0, 0x32, 0xF0, 0x32, 0xF0,
    0x32, 0xF0, 0x32, 0xF0, 0x32, 0xF0, 0x33, 0xF0,
    0x33, 0xF0, 0x33, 0xF0, 0x33, 0xF0, 0x33, 0xF0,
    0x33, 0xF0, 0x33, 0xF0, 0x33, 0xF0, 0x33, 0xF0,
    0x33, 0xF0, 0x33, 0xF0, 0x33, 0xF0, 0x23, 0xF0,
    0x24, 0xF0, 0x24, 0xF0, 0x24, 0xF0, 0x24, 0xF0,
    0x24, 0xF0, 0x24, 0xF0, 0x23, 0xF0, 0x24, 0xF0,
    0x24, 0xF0, 0x24, 0xF0, 0x14, 0xF0, 0x14, 0xF0,
    0x14, 0xF0, 0x14, 0xF0, 0x14, 0xF0, 0x14, 0xF0,
    0x14, 0xF0, 0x14, 0xF0, 0x14, 0xF0, 0x14, 0xF0,
    0x14, 0xF0, 0x14, 0xF0, 0x04, 0xF0, 0x04, 0xF0,
    0x04, 0xF0, 0x04, 0xF0, 0x04, 0xF0, 0x04, 0xF0,
    0x04, 0xF0, 0x04, 0xF0, 0x04, 0xF0, 0x04, 0xF0,
    0x04, 0xF0, 0x04, 0xF0, 0x04, 0xF0, 0x04, 0xF0,
    0x04, 0xF0, 0x04, 0xF0, 0x04, 0xF0, 0x04, 0xF0,
    0x04, 0xF0, 0x04, 0xF0, 0x04, 0xF0, 0x04, 0xF0,
    0x04, 0xF0, 0x04, 0xF0, 0x04, 0xF0, 0x04, 0xF0,
    0x04, 0xF0, 0x04, 0xF0, 0x03, 0xF0, 0x03, 0xF1,
    0x04, 0xF1, 0x04, 0xF1, 0x04, 0xF1, 0x04, 0xF1,
    0x04, 0xF1, 0x04, 0xF1, 0x04, 0xF1, 0x04, 0xF1,
    0x04, 0xF1, 0x04, 0xF1, 0x04, 0xF2, 0x04, 0xF2,
    0x04, 0xF2, 0x04, 0xF2, 0x04, 0xF2, 0x04, 0xF2,
    0x04, 0xF2, 0x04, 0xF2, 0x04, 0xF2, 0x04, 0xF2,
    0x04, 0xF3, 0x04, 0xF3, 0x04, 0xF3, 0x04, 0xF3,
    0x04, 0xF3, 0x04, 0xF3, 0x04, 0xF3, 0x04, 0xF3,
    0x04, 0xF3, 0x04, 0xF3, 0x04, 0xF3, 0x04, 0xF4,
    0x04, 0xF3, 0x03, 0xF3, 0x03, 0xF3, 0x03, 0xF3,
    0x03, 0xF3, 0x03, 0xF3, 0x03, 0xF4, 0x03, 0xF3,
    0x03, 0xF4, 0x03, 0xF4, 0x03, 0xF4, 0x03, 0xF4,
    0x02, 0xF4, 0x02, 0xF4, 0x02, 0xF3, 0x02, 0xF4,
    0x02, 0xF4, 0x02, 0xF4, 0x02, 0xF4, 0x02, 0xF3,
    0x02, 0xF3, 0x02, 0xF3, 0x01, 0xF4, 0x01, 0xF4,
    0x01, 0xF4, 0x01, 0xF4, 0x01, 0xF3, 0x01, 0xF3,
    0x01, 0xF3, 0x01, 0xF4, 0x01, 0xF4, 0x01, 0xF3,
    0x01, 0xF3, 0x00, 0xF4, 0x00, 0xF4, 0x00, 0xF4,
    0x00, 0xF4, 0x00, 0xF4, 0x00, 0xF3, 0x00, 0xF3,
    0x00, 0xF3, 0x00, 0xF4, 0x00, 0xF4, 0x00, 0xF4,
    0x00, 0xF4, 0x00, 0xF4, 0x00, 0xF4, 0x00, 0xF4,
    0x00, 0xF4, 0x00, 0xF4, 0x00, 0xF4, 0x00, 0xF4,
    0x00, 0xF4, 0x00, 0xF4, 0x00, 0xF4, 0x00, 0xF4,
    0x00, 0xF4, 0x00, 0xF4, 0x00, 0xF4, 0x00, 0xF4,
    0x00, 0xF4, 0x00, 0xF4, 0x00, 0xF4, 0x10, 0xF4,
    0x00, 0xF3, 0x10, 0xF3, 0x10, 0xF4, 0x10, 0xF4,
    0x10, 0xF4, 0x10, 0xF4, 0x10, 0xF4, 0x10, 0xF4,
    0x10, 0xF4, 0x10, 0xF4, 0x20, 0xF4, 0x20, 0xF4,
    0x20, 0xF4, 0x20, 0xF4, 0x20, 0xF4, 0x20, 0xF4,
    0x20, 0xF4, 0x20, 0xF4, 0x20, 0xF4, 0x20, 0xF4,
    0x20, 0xF4, 0x30, 0xF3, 0x30, 0xF3, 0x30, 0xF3,
    0x30, 0xF3, 0x30, 0xF3, 0x30, 0xF3, 0x30, 0xF3,
    0x30, 0xF3, 0x30, 0xF3, 0x30, 0xF3, 0x30, 0xF3,
    0x30, 0xF2, 0x30, 0xF2, 0x30, 0xF2, 0x30, 0xF2,
    0x30, 0xF2, 0x30, 0xF2, 0x30, 0xF2, 0x30, 0xF2,
    0x30, 0xF2, 0x30, 0xF2, 0x30, 0xF2, 0x30, 0xF2,
    0x30, 0xF1, 0x30, 0xF1, 0x30, 0xF1, 0x30, 0xF1,
    0x30, 0xF1, 0x30, 0xF1, 0x30, 0xF1, 0x30, 0xF1,
    0x30, 0xF1, 0x30, 0xF1, 0x30, 0xF0, 0x30, 0xF0,
    0x30, 0xF0, 0x30, 0xF0, 0x30, 0xF0, 0x30, 0xF0,
    0x30, 0xF0, 0x30, 0xF0, 0x30, 0xF0, 0x30, 0xF0,
    0x20, 0xF0, 0x20, 0xF0, 0x20, 0xF0, 0x20, 0xF0,
    0x20, 0xF0, 0x20, 0xF0, 0x20, 0xF0, 0x20, 0xF0,
    0x20, 0xF0, 0x20, 0xF0, 0x20, 0xF0, 0x21, 0xF0,
    0x21, 0xF0, 0x21, 0xF0, 0x21, 0xF0, 0x21, 0xF0,
    0x21, 0xF0, 0x21, 0xF0, 0x21, 0xF0, 0x21, 0xF0,
    0x21, 0xF0, 0x21, 0xF0, 0x22, 0xF0, 0x22, 0xF0,
    0x22, 0xF0, 0x22, 0xF0, 0x22, 0xF0, 0x22, 0xF0,
    0x22, 0xF0, 0x22, 0xF0, 0x22, 0xF0, 0x22, 0xF0,
    0x22, 0xF0, 0x23, 0xF0, 0x23, 0xF0, 0x23, 0xF0,
    0x23, 0xF0, 0x23, 0xF0, 0x23, 0xF0, 0x23, 0xF0,
    0x23, 0xF0, 0x23, 0xF0, 0x23, 0xF0, 0x23, 0xF0,
    0x23, 0xF0, 0x23, 0xF0, 0x23, 0xF0, 0x23, 0xF0,
    0x23, 0xF0, 0x23, 0xF0, 0x23, 0xF0, 0x23, 0xF0,
    0x23, 0xF0, 0x13, 0xF0, 0x13, 0xF0, 0x13, 0xF0,
    0x13, 0xF0, 0x13, 0xF0, 0x13, 0xF0, 0x13, 0xF0,
    0x13, 0xF0, 0x13, 0xF0, 0x13, 0xF0, 0x13, 0xF0,
    0x03, 0xF0, 0x03, 0xF0, 0x03, 0xF0, 0x03, 0xF0,
    0x03, 0xF0, 0x03, 0xF0, 0x03, 0xF0, 0x03, 0xF0,
    0x03, 0xF0, 0x03, 0xF0, 0x03, 0xF0, 0x03, 0xF0,
    0x03, 0xF0, 0x03, 0xF0, 0x03, 0xF0, 0x03, 0xF0,
    0x03, 0xF0, 0x03, 0xF0, 0x03, 0xF0, 0x03, 0xF0,
    0x03, 0xF0, 0x03, 0xF0, 0x03, 0xF0, 0x03, 0xF0,
    0x03, 0xF0, 0x03, 0xF0, 0x03, 0xF0, 0x03, 0xF0,
    0x03, 0xF0, 0x03, 0xF0, 0x03, 0xF0, 0x03, 0xF0,
    0x03, 0xF1, 0x03, 0xF1, 0x03, 0xF1, 0x03, 0xF1,
    0x03, 0xF1, 0x03, 0xF1, 0x03, 0xF1, 0x03, 0xF1,
    0x03, 0xF1, 0x03, 0xF1, 0x03, 0xF1, 0x03, 0xF1,
    0x03, 0xF2, 0x03, 0xF2, 0x03, 0xF2, 0x03, 0xF2,
    0x03, 0xF2, 0x03, 0xF2, 0x03, 0xF2, 0x03, 0xF2,
    0x03, 0xF2, 0x03, 0xF2, 0x03, 0xF2, 0x03, 0xF3,
    0x03, 0xF3, 0x03, 0xF3, 0x03, 0xF3, 0x03, 0xF3,
    0x03, 0xF3, 0x03, 0xF3, 0x03, 0xF3, 0x03, 0xF3,
    0x03, 0xF3, 0x03, 0xF3, 0x03, 0xF3, 0x03, 0xF3,
    0x03, 0xF3, 0x03, 0xF3, 0x03, 0xF3, 0x03, 0xF3,
    0x03, 0xF3, 0x03, 0xF3, 0x02, 0xF3, 0x02, 0xF3,
    0x02, 0xF3, 0x02, 0xF3, 0x02, 0xF3, 0x02, 0xF3,
    0x02, 0xF3, 0x02, 0xF3, 0x02, 0xF3, 0x02, 0xF3,
    0x02, 0xF3, 0x02, 0xF3, 0x01, 0xF3, 0x01, 0xF3,
    0x01, 0xF3, 0x01, 0xF3, 0x01, 0xF3, 0x01, 0xF3,
    0x01, 0xF3, 0x01, 0xF3, 0x01, 0xF3, 0x01, 0xF3,
    0x00, 0xF3, 0x00, 0xF3, 0x00, 0xF3, 0x00, 0xF3,
    0x00, 0xF3, 0x00, 0xF3, 0x00, 0xF3, 0x00, 0xF3,
    0x00, 0xF3, 0x00, 0xF3, 0x00, 0xF3, 0x00, 0xF3,
    0x00, 0xF3, 0x00, 0xF3, 0x00, 0xF3, 0x00, 0xF3,
    0x00, 0xF3, 0x00, 0xF3, 0x00, 0xF3, 0x00, 0xF3,
    0x00, 0xF3, 0x00, 0xF3, 0x00, 0xF3, 0x00, 0xF3,
    0x00, 0xF3, 0x00, 0xF3, 0x00, 0xF3, 0x00, 0xF3,
    0x00, 0xF4, 0x00, 0xF4, 0x00, 0xF4, 0x00, 0xF4,
    0x10, 0xF3, 0x10, 0xF3, 0x10, 0xF3, 0x10, 0xF3,
    0x10, 0xF3, 0x10, 0xF3, 0x10, 0xF3, 0x10, 0xF3,
    0x10, 0xF3, 0x10, 0xF3, 0x10, 0xF4, 0x20, 0xF4,
    0x20, 0xF3, 0x20, 0xF3, 0x20, 0xF3, 0x20, 0xF3,
    0x20, 0xF3, 0x20, 0xF3, 0x20, 0xF3, 0x20, 0xF3,
    0x20, 0xF3, 0x20, 0xF3, 0x20, 0xF3, 0x20, 0xF3,
    0x20, 0xF3, 0x20, 0xF3, 0x20, 0xF3, 0x20, 0xF3,
    0x20, 0xF3, 0x20, 0xF3, 0x20, 0xF2, 0x20, 0xF2,
    0x20, 0xF2, 0x20, 0xF2, 0x20, 0xF2, 0x20, 0xF2,
    0x20, 0xF2, 0x20, 0xF2, 0x20, 0xF2, 0x20, 0xF2,
    0x20, 0xF2, 0x20, 0xF2, 0x20, 0xF2, 0x20, 0xF1,
    0x20, 0xF1, 0x20, 0xF1, 0x20, 0xF1, 0x20, 0xF1,
    0x20, 0xF1, 0x20, 0xF1, 0x20, 0xF1, 0x20, 0xF1,
    0x20, 0xF1, 0x20, 0xF1, 0x20, 0xF0, 0x20, 0xF0,
    0x20, 0xF0, 0x20, 0xF0, 0x20, 0xF0, 0x20, 0xF0,
    0x20, 0xF0, 0x20, 0xF0, 0x20, 0xF0, 0x20, 0xF0,
    0x20, 0xF0, 0x20, 0xF0, 0x20, 0xF0, 0x20, 0xF0,
    0x20, 0xF0, 0x20, 0xF0, 0x20, 0xF0, 0x20, 0xF0,
    0x20, 0xF0, 0x20, 0xF0, 0x21, 0xF0, 0x21, 0xF0,
    0x21, 0xF0, 0x21, 0xF0, 0x21, 0xF0, 0x21, 0xF0,
    0x21, 0xF0, 0x21, 0xF0, 0x21, 0xF0, 0x21, 0xF0,
    0x21, 0xF0, 0x21, 0xF0, 0x21, 0xF0, 0x22, 0xF0,
    0x22, 0xF0, 0x22, 0xF0, 0x22, 0xF0, 0x22, 0xF0,
    0x22, 0xF0, 0x22, 0xF0, 0x22, 0xF0, 0x22, 0xF0,
    0x22, 0xF0, 0x22, 0xF0, 0x23, 0xF0, 0x23, 0xF0,
    0x23, 0xF0, 0x23, 0xF0, 0x23, 0xF0, 0x23, 0xF0,
    0x23, 0xF0, 0x23, 0xF0, 0x23, 0xF0, 0x23, 0xF0,
    0x23, 0xF0, 0x23, 0xF0, 0x23, 0xF0, 0x23, 0xF0,
    0x23, 0xF0, 0x23, 0xF0, 0x23, 0xF0, 0x23, 0xF0,
    0x23, 0xF0, 0x13, 0xF0, 0x13, 0xF0, 0x13, 0xF0,
    0x13, 0xF0, 0x13, 0xF0, 0x13, 0xF0, 0x13, 0xF0,
    0x13, 0xF0, 0x13, 0xF0, 0x13, 0xF0, 0x13, 0xF0,
    0x03, 0xF0, 0x03, 0xF0, 0x03, 0xF0, 0x03, 0xF0,
    0x03, 0xF0, 0x03, 0xF0, 0x03, 0xF0, 0x03, 0xF0,
    0x03, 0xF0, 0x03, 0xF0, 0x03, 0xF0, 0x03, 0xF0,
    0x03, 0xF0, 0x03, 0xF0, 0x03, 0xF0, 0x03, 0xF0,
    0x03, 0xF0, 0x03, 0xF0, 0x03, 0xF0, 0x03, 0xF0,
    0x03, 0xF0, 0x03, 0xF0, 0x03, 0xF0, 0x03, 0xF0,
    0x03, 0xF0, 0x03, 0xF0, 0x03, 0xF0, 0x03, 0xF0,
    0x03, 0xF0, 0x03, 0xF0, 0x03, 0xF0, 0x03, 0xF1,
    0x03, 0xF1, 0x03, 0xF1, 0x03, 0xF1, 0x03, 0xF1,
    0x03, 0xF1, 0x03, 0xF1, 0x03, 0xF1, 0x03, 0xF1,
    0x03, 0xF1, 0x03, 0xF1, 0x03, 0xF1, 0x03, 0xF1,
    0x03, 0xF2, 0x03, 0xF2, 0x03, 0xF2, 0x03, 0xF2,
    0x03, 0xF2, 0x03, 0xF2, 0x03, 0xF2, 0x03, 0xF2,
    0x03, 0xF2, 0x03, 0xF2, 0x03, 0xF2, 0x03, 0xF2,
    0x03, 0xF3, 0x03, 0xF3, 0x03, 0xF3, 0x03, 0xF3,
    0x03, 0xF3, 0x03, 0xF3, 0x03, 0xF3, 0x03, 0xF3,
    0x03, 0xF3, 0x03, 0xF3, 0x03, 0xF3, 0x03, 0xF3,
    0x03, 0xF3, 0x03, 0xF3, 0x03, 0xF3, 0x03, 0xF3,
    0x03, 0xF3, 0x02, 0xF3, 0x02, 0xF3, 0x02, 0xF3,
    0x02, 0xF3, 0x02, 0xF3, 0x02, 0xF3, 0x02, 0xF3,
    0x02, 0xF3, 0x02, 0xF3, 0x02, 0xF3, 0x02, 0xF3,
    0x02, 0xF3, 0x01, 0xF3, 0x01, 0xF3, 0x01, 0xF3,
    0x01, 0xF3, 0x01, 0xF3, 0x01, 0xF3, 0x01, 0xF3,
    0x01, 0xF3, 0x01, 0xF3, 0x01, 0xF3, 0x01, 0xF3,
    0x00, 0xF3, 0x00, 0xF3, 0x00, 0xF3, 0x00, 0xF3,
    0x00, 0xF3, 0x00, 0xF3, 0x00, 0xF3, 0x00, 0xF3,
    0x00, 0xF3, 0x00, 0xF3, 0x00, 0xF3, 0x00, 0xF3,
    0x00, 0xF3, 0x00, 0xF3, 0x00, 0xF3, 0x00, 0xF3,
    0x00, 0xF3, 0x00, 0xF3, 0x00, 0xF3, 0x00, 0xF3,
    0x00, 0xF3, 0x00, 0xF3, 0x00, 0xF3, 0x00, 0xF3,
    0x00, 0xF3, 0x00, 0xF3, 0x00, 0xF3, 0x00, 0xF3,
    0x00, 0xF3, 0x00, 0xF3, 0x00, 0xF3, 0x00, 0xF3,
    0x00, 0xF3, 0x10, 0xF3, 0x10, 0xF3, 0x10, 0xF3,
    0x10, 0xF3, 0x10, 0xF3, 0x10, 0xF3, 0x10, 0xF3,
    0x10, 0xF3, 0x10, 0xF3, 0x10, 0xF3, 0x10, 0xF3,
    0x10, 0xF3, 0x20, 0xF3, 0x20, 0xF3, 0x20, 0xF3,
    0x20, 0xF3, 0x20, 0xF3, 0x20, 0xF3, 0x20, 0xF3,
    0x20, 0xF3, 0x20, 0xF3, 0x20, 0xF3, 0x20, 0xF3,
    0x20, 0xF3, 0x20, 0xF3, 0x20, 0xF3, 0x20, 0xF3,
    0x20, 0xF3, 0x20, 0xF2, 0x20, 0xF2, 0x20, 0xF2,
    0x20, 0xF2, 0x20, 0xF2, 0x20, 0xF2, 0x20, 0xF2,
    0x20, 0xF2, 0x20, 0xF2, 0x20, 0xF2, 0x20, 0xF2,
    0x20, 0xF2, 0x20, 0xF2, 0x20, 0xF2, 0x20, 0xF1,
    0x20, 0xF1, 0x20, 0xF1, 0x20, 0xF1, 0x20, 0xF1,
    0x20, 0xF1, 0x20, 0xF1, 0x20, 0xF1, 0x20, 0xF1,
    0x20, 0xF1, 0x20, 0xF1, 0x20, 0xF0, 0x20, 0xF0,
    0x20, 0xF0, 0x20, 0xF0, 0x20, 0xF0, 0x20, 0xF0,
    0x20, 0xF0, 0x20, 0xF0, 0x20, 0xF0, 0x20, 0xF0,
    0x20, 0xF0, 0x20, 0xF0, 0x20, 0xF0, 0x20, 0xF0,
    0x20, 0xF0, 0x20, 0xF0, 0x20, 0xF0, 0x20, 0xF0,
    0x20, 0xF0, 0x20, 0xF0, 0x20, 0xF0, 0x21, 0xF0,
    0x21, 0xF0, 0x21, 0xF0, 0x21, 0xF0, 0x21, 0xF0,
    0x21, 0xF0, 0x21, 0xF0, 0x21, 0xF0, 0x21, 0xF0,
    0x21, 0xF0, 0x21, 0xF0, 0x21, 0xF0, 0x22, 0xF0,
    0x22, 0xF0, 0x22, 0xF0, 0x22, 0xF0, 0x22, 0xF0,
    0x22, 0xF0, 0x22, 0xF0, 0x22, 0xF0, 0x22, 0xF0,
    0x22, 0xF0, 0x22, 0xF0, 0x22, 0xF0, 0x23, 0xF0,
    0x23, 0xF0, 0x23, 0xF0, 0x23, 0xF0, 0x23, 0xF0,
    0x23, 0xF0, 0x23, 0xF0, 0x23, 0xF0, 0x23, 0xF0,
    0x23, 0xF0, 0x23, 0xF0, 0x23, 0xF0, 0x23, 0xF0,
    0x23, 0xF0, 0x23, 0xF0, 0x23, 0xF0, 0x13, 0xF0,
    0x13, 0xF0, 0x13, 0xF0, 0x13, 0xF0, 0x13, 0xF0,
    0x13, 0xF0, 0x13, 0xF0, 0x13, 0xF0, 0x13, 0xF0,
    0x13, 0xF0, 0x13, 0xF0, 0x13, 0xF0, 0x03, 0xF0,
    0x03, 0xF0, 0x03, 0xF0, 0x03, 0xF0, 0x03, 0xF0,
    0x03, 0xF0, 0x03, 0xF0, 0x03, 0xF0, 0x03, 0xF0,
    0x03, 0xF0, 0x03, 0xF0, 0x03, 0xF0, 0x03, 0xF0,
    0x03, 0xF0, 0x03, 0xF0, 0x03, 0xF0, 0x03, 0xF0,
    0x03, 0xF0, 0x03, 0xF0, 0x03, 0xF0, 0x03, 0xF0,
    0x03, 0xF0, 0x03, 0xF0, 0x03, 0xF0, 0x03, 0xF0,
    0x03, 0xF0, 0x03, 0xF0, 0x03, 0xF0, 0x03, 0xF0,
    0x03, 0xF0, 0x03, 0xF0, 0x03, 0xF0, 0x03, 0xF0,
    0x03, 0xF1, 0x03, 0xF1, 0x03, 0xF1, 0x03, 0xF1,
    0x03, 0xF1, 0x03, 0xF1, 0x03, 0xF1, 0x03, 0xF1,
    0x03, 0xF1, 0x03, 0xF1, 0x03, 0xF1, 0x03, 0xF1,
    0x03, 0xF1, 0x03, 0xF2, 0x03, 0xF2, 0x03, 0xF2,
    0x03, 0xF2, 0x03, 0xF2, 0x03, 0xF2, 0x03, 0xF2,
    0x03, 0xF2, 0x03, 0xF2, 0x03, 0xF2, 0x03, 0xF2,
    0x03, 0xF2, 0x03, 0xF2, 0x03, 0xF3, 0x03, 0xF3,
    0x03, 0xF3, 0x03, 0xF3, 0x03, 0xF3, 0x03, 0xF3,
    0x03, 0xF3, 0x03, 0xF3, 0x03, 0xF3, 0x03, 0xF3,
    0x03, 0xF3, 0x03, 0xF3, 0x03, 0xF3, 0x03, 0xF3,
    0x02, 0xF3, 0x02, 0xF3, 0x02, 0xF3, 0x02, 0xF3,
    0x02, 0xF3, 0x02, 0xF3, 0x02, 0xF3, 0x02, 0xF3,
    0x02, 0xF3, 0x02, 0xF3, 0x02, 0xF3, 0x02, 0xF3,
    0x01, 0xF3, 0x01, 0xF3, 0x01, 0xF3, 0x01, 0xF3,
    0x01, 0xF3, 0x01, 0xF3, 0x01, 0xF3, 0x01, 0xF3,
    0x01, 0xF3, 0x01, 0xF3, 0x01, 0xF3, 0x01, 0xF3,
    0x00, 0xF3, 0x00, 0xF3, 0x00, 0xF3, 0x00, 0xF3,
    0x00, 0xF3, 0x00, 0xF3, 0x00, 0xF3, 0x00, 0xF3,
    0x00, 0xF3, 0x00, 0xF3, 0x00, 0xF3, 0x00, 0xF3,
    0x00, 0xF3, 0x00, 0xF3, 0x00, 0xF3, 0x00, 0xF3,
    0x00, 0xF3, 0x00, 0xF3, 0x00, 0xF3, 0x00, 0xF3,
    0x00, 0xF3, 0x00, 0xF3, 0x00, 0xF3, 0x00, 0xF3,
    0x00, 0xF3, 0x00, 0xF3, 0x00, 0xF3, 0x00, 0xF3,
    0x00, 0xF3, 0x00, 0xF3, 0x00, 0xF3, 0x00, 0xF3,
    0x00, 0xF3, 0x00, 0xF3, 0x00, 0xF3, 0x10, 0xF3,
    0x10, 0xF3, 0x10, 0xF3, 0x10, 0xF3, 0x10, 0xF3,
    0x10, 0xF3, 0x10, 0xF3, 0x10, 0xF3, 0x10, 0xF3,
    0x10, 0xF3, 0x20, 0xF3, 0x20, 0xF3, 0x20, 0xF3,
    0x20, 0xF3, 0x20, 0xF3, 0x20, 0xF3, 0x20, 0xF3,
    0x20, 0xF3, 0x20, 0xF3, 0x20, 0xF3, 0x20, 0xF3,
    0x20, 0xF3, 0x20, 0xF3, 0x20, 0xF3, 0x20, 0xF3,
    0x20, 0xF2, 0x20, 0xF2, 0x20, 0xF2, 0x20, 0xF2,
    0x20, 0xF2, 0x20, 0xF2, 0x20, 0xF2, 0x20, 0xF2,
    0x20, 0xF2, 0x20, 0xF2, 0x20, 0xF2, 0x20, 0xF2,
    0x20, 0xF2, 0x20, 0xF2, 0x20, 0xF1, 0x20, 0xF1,
    0x20, 0xF1, 0x20, 0xF1, 0x20, 0xF1, 0x20, 0xF1,
    0x20, 0xF1, 0x20, 0xF1, 0x20, 0xF1, 0x20, 0xF1,
    0x20, 0xF1, 0x20, 0xF1, 0x20, 0xF0, 0x20, 0xF0,
    0x20, 0xF0, 0x20, 0xF0, 0x20, 0xF0, 0x20, 0xF0,
    0x20, 0xF0, 0x20, 0xF0, 0x20, 0xF0, 0x20, 0xF0,
    0x20, 0xF0, 0x20, 0xF0, 0x20, 0xF0, 0x20, 0xF0,
    0x20, 0xF0, 0x20, 0xF0, 0x20, 0xF0, 0x20, 0xF0,
    0x20, 0xF0, 0x20, 0xF0, 0x20, 0xF0, 0x20, 0xF0,
    0x21, 0xF0, 0x21, 0xF0, 0x21, 0xF0, 0x21, 0xF0,
    0x21, 0xF0, 0x21, 0xF0, 0x21, 0xF0, 0x21, 0xF0,
    0x21, 0xF0, 0x21, 0xF0, 0x21, 0xF0, 0x21, 0xF0,
    0x21, 0xF0, 0x22, 0xF0, 0x22, 0xF0, 0x22, 0xF0,
    0x22, 0xF0, 0x22, 0xF0, 0x22, 0xF0, 0x22, 0xF0,
    0x22, 0xF0, 0x22, 0xF0, 0x22, 0xF0, 0x22, 0xF0,
    0x22, 0xF0, 0x23, 0xF0, 0x23, 0xF0, 0x23, 0xF0,
    0x23, 0xF0, 0x23, 0xF0, 0x23, 0xF0, 0x23, 0xF0,
    0x23, 0xF0, 0x23, 0xF0, 0x23, 0xF0, 0x23, 0xF0,
    0x13, 0xF0, 0x13, 0xF0, 0x13, 0xF0, 0x13, 0xF0,
    0x13, 0xF0, 0x13, 0xF0, 0x13, 0xF0, 0x13, 0xF0,
    0x13, 0xF0, 0x13, 0xF0, 0x13, 0xF0, 0x13, 0xF0,
    0x13, 0xF0, 0x03, 0xF0, 0x03, 0xF0, 0x03, 0xF0,
    0x03, 0xF0, 0x03, 0xF0, 0x03, 0xF0, 0x03, 0xF0,
    0x03, 0xF0, 0x03, 0xF0, 0x03, 0xF0, 0x03, 0xF0,
    0x03, 0xF0, 0x03, 0xF0, 0x03, 0xF0, 0x03, 0xF0,
    0x03, 0xF0, 0x03, 0xF0, 0x03, 0xF0, 0x03, 0xF0,
    0x03, 0xF0, 0x03, 0xF0, 0x03, 0xF0, 0x03, 0xF0,
    0x03, 0xF0, 0x03, 0xF0, 0x03, 0xF0, 0x03, 0xF0,
    0x03, 0xF0, 0x03, 0xF0, 0x03, 0xF0, 0x03, 0xF0,
    0x03, 0xF0, 0x03, 0xF0, 0x03, 0xF0, 0x03, 0xF0,
    0x03, 0xF0, 0x03, 0xF1, 0x03, 0xF1, 0x03, 0xF1,
    0x03, 0xF1, 0x03, 0xF1, 0x03, 0xF1, 0x03, 0xF1,
    0x03, 0xF1, 0x03, 0xF1, 0x03, 0xF1, 0x03, 0xF1,
    0x03, 0xF1, 0x03, 0xF1, 0x03, 0xF2, 0x03, 0xF2,
    0x03, 0xF2, 0x03, 0xF2, 0x03, 0xF2, 0x03, 0xF2,
    0x03, 0xF2, 0x03, 0xF2, 0x03, 0xF2, 0x03, 0xF2,
    0x03, 0xF2, 0x03, 0xF2, 0x03, 0xF3, 0x03, 0xF3,
    0x03, 0xF3, 0x03, 0xF3, 0x03, 0xF3, 0x03, 0xF3,
    0x03, 0xF3, 0x03, 0xF3, 0x03, 0xF3, 0x03, 0xF3,
    0x03, 0xF3, 0x03, 0xF3, 0x02, 0xF3, 0x02, 0xF3,
    0x02, 0xF3, 0x02, 0xF3, 0x02, 0xF3, 0x02, 0xF3,
    0x02, 0xF3, 0x02, 0xF3, 0x02, 0xF3, 0x02, 0xF3,
    0x02, 0xF3, 0x02, 0xF3, 0x01, 0xF3, 0x01, 0xF3,
    0x01, 0xF3, 0x01, 0xF3, 0x01, 0xF3, 0x01, 0xF3,
    0x01, 0xF3, 0x01, 0xF3, 0x01, 0xF3, 0x01, 0xF3,
    0x01, 0xF3, 0x01, 0xF3, 0x01, 0xF3, 0x00, 0xF3,
    0x00, 0xF3, 0x00, 0xF3, 0x00, 0xF3, 0x00, 0xF3,
    0x00, 0xF3, 0x00, 0xF3, 0x00, 0xF3, 0x00, 0xF3,
    0x00, 0xF3, 0x00, 0xF3, 0x00, 0xF3, 0x00, 0xF3,
    0x00, 0xF3, 0x00, 0xF3, 0x00, 0xF3, 0x00, 0xF3,
    0x00, 0xF3, 0x00, 0xF3, 0x00, 0xF3, 0x00, 0xF3,
    0x00, 0xF3, 0x00, 0xF3, 0x00, 0xF3, 0x00, 0xF3,
    0x00, 0xF3, 0x00, 0xF3, 0x00, 0xF3, 0x00, 0xF3,
    0x00, 0xF3, 0x00, 0xF3, 0x00, 0xF3, 0x00, 0xF3,
    0x00, 0xF3, 0x00, 0xF3, 0x00, 0xF3, 0x10, 0xF3,
    0x10, 0xF3, 0x10, 0xF3, 0x10, 0xF3, 0x10, 0xF3,
    0x10, 0xF3, 0x10, 0xF3, 0x10, 0xF3, 0x10, 0xF3,
    0x10, 0xF3, 0x10, 0xF3, 0x20, 0xF3, 0x20, 0xF3,
    0x20, 0xF3, 0x20, 0xF3, 0x20, 0xF3, 0x20, 0xF3,
    0x20, 0xF3, 0x20, 0xF3, 0x20, 0xF3, 0x20, 0xF3,
    0x20, 0xF3, 0x20, 0xF3, 0x20, 0xF3, 0x20, 0xF3,
    0x20, 0xF2, 0x20, 0xF2, 0x20, 0xF2, 0x20, 0xF2,
    0x20, 0xF2, 0x20, 0xF2, 0x20, 0xF2, 0x20, 0xF2,
    0x20, 0xF2, 0x20, 0xF2, 0x20, 0xF2, 0x20, 0xF2,
    0x20, 0xF1, 0x20, 0xF1, 0x20, 0xF1, 0x20, 0xF1,
    0x20, 0xF1, 0x20, 0xF1, 0x20, 0xF1, 0x20, 0xF1,
    0x20, 0xF1, 0x20, 0xF1, 0x20, 0xF1, 0x20, 0xF1,
    0x20, 0xF1, 0x20, 0xF0, 0x20, 0xF0, 0x20, 0xF0,
    0x20, 0xF0, 0x20, 0xF0, 0x20, 0xF0, 0x20, 0xF0,
    0x20, 0xF0, 0x20, 0xF0, 0x20, 0xF0, 0x20, 0xF0,
    0x20, 0xF0, 0x20, 0xF0, 0x20, 0xF0, 0x20, 0xF0,
    0x20, 0xF0, 0x20, 0xF0, 0x20, 0xF0, 0x20, 0xF0,
    0x20, 0xF0, 0x20, 0xF0, 0x20, 0xF0, 0x20, 0xF0,
    0x20, 0xF0, 0x21, 0xF0, 0x21, 0xF0, 0x21, 0xF0,
    0x21, 0xF0, 0x21, 0xF0, 0x21, 0xF0, 0x21, 0xF0,
    0x21, 0xF0, 0x21, 0xF0, 0x21, 0xF0, 0x21, 0xF0,
    0x21, 0xF0, 0x21, 0xF0, 0x22, 0xF0, 0x22, 0xF0,
    0x22, 0xF0, 0x22, 0xF0, 0x22, 0xF0, 0x22, 0xF0,
    0x22, 0xF0, 0x22, 0xF0, 0x22, 0xF0, 0x22, 0xF0,
    0x22, 0xF0, 0x22, 0xF0, 0x22, 0xF0, 0x22, 0xF0,
    0x23, 0xF0, 0x23, 0xF0, 0x23, 0xF0, 0x23, 0xF0,
    0x23, 0xF0, 0x23, 0xF0, 0x23, 0xF0, 0x13, 0xF0,
    0x13, 0xF0, 0x13, 0xF0, 0x13, 0xF0, 0x13, 0xF0,
    0x13, 0xF0, 0x13, 0xF0, 0x13, 0xF0, 0x13, 0xF0,
    0x13, 0xF0, 0x13, 0xF0, 0x13, 0xF0, 0x13, 0xF0,
    0x03, 0xF0, 0x03, 0xF0, 0x03, 0xF0, 0x03, 0xF0,
    0x03, 0xF0, 0x03, 0xF0, 0x03, 0xF0, 0x03, 0xF0,
    0x03, 0xF0, 0x03, 0xF0, 0x03, 0xF0, 0x03, 0xF0,
    0x03, 0xF0, 0x03, 0xF0, 0x03, 0xF0, 0x03, 0xF0,
    0x03, 0xF0, 0x03, 0xF0, 0x03, 0xF0, 0x03, 0xF0,
    0x03, 0xF0, 0x03, 0xF0, 0x03, 0xF0, 0x03, 0xF0,
    0x03, 0xF0, 0x03, 0xF0, 0x03, 0xF0, 0x03, 0xF0,
    0x03, 0xF0, 0x03, 0xF0, 0x03, 0xF0, 0x03, 0xF0,
    0x03, 0xF0, 0x03, 0xF0, 0x03, 0xF0, 0x03, 0xF0,
    0x03, 0xF0, 0x03, 0xF0, 0x03, 0xF0, 0x03, 0xF1,
    0x03, 0xF1, 0x03, 0xF1, 0x03, 0xF1, 0x03, 0xF1,
    0x03, 0xF1, 0x03, 0xF1, 0x03, 0xF1, 0x03, 0xF1,
    0x03, 0xF1, 0x03, 0xF1, 0x03, 0xF1, 0x03, 0xF2,
    0x03, 0xF2, 0x03, 0xF2, 0x03, 0xF2, 0x03, 0xF2,
    0x03, 0xF2, 0x03, 0xF2, 0x03, 0xF2, 0x03, 0xF2,
    0x03, 0xF2, 0x03, 0xF2, 0x03, 0xF2, 0x03, 0xF2,
    0x03, 0xF3, 0x03, 0xF3, 0x03, 0xF3, 0x03, 0xF3,
    0x03, 0xF3, 0x03, 0xF3, 0x03, 0xF3, 0x03, 0xF3,
    0x02, 0xF3, 0x02, 0xF3, 0x02, 0xF3, 0x02, 0xF3,
    0x02, 0xF3, 0x02, 0xF3, 0x02, 0xF3, 0x02, 0xF3,
    0x02, 0xF3, 0x02, 0xF3, 0x02, 0xF3, 0x02, 0xF3,
    0x02, 0xF3, 0x01, 0xF3, 0x01, 0xF3, 0x01, 0xF3,
    0x01, 0xF3, 0x01, 0xF3, 0x01, 0xF3, 0x01, 0xF3,
    0x01, 0xF3, 0x01, 0xF3, 0x01, 0xF3, 0x01, 0xF3,
    0x01, 0xF3, 0x01, 0xF3, 0x00, 0xF3, 0x00, 0xF3,
    0x00, 0xF3, 0x00, 0xF3, 0x00, 0xF3, 0x00, 0xF3,
    0x00, 0xF3, 0x00, 0xF3, 0x00, 0xF3, 0x00, 0xF3,
    0x00, 0xF3, 0x00, 0xF3, 0x00, 0xF3, 0x00, 0xF3,
    0x00, 0xF3, 0x00, 0xF3, 0x00, 0xF3, 0x00, 0xF3,
    0x00, 0xF3, 0x00, 0xF3, 0x00, 0xF3, 0x00, 0xF3,
    0x00, 0xF3, 0x00, 0xF3, 0x00, 0xF3, 0x00, 0xF3,
    0x00, 0xF3, 0x00, 0xF3, 0x00, 0xF3, 0x00, 0xF3,
    0x00, 0xF3, 0x00, 0xF3, 0x00, 0xF3, 0x00, 0xF3,
    0x00, 0xF3, 0x00, 0xF3, 0x00, 0xF3, 0x00, 0xF3,
    0x10, 0xF3, 0x10, 0xF3, 0x10, 0xF3, 0x10, 0xF3,
    0x10, 0xF3, 0x10, 0xF3, 0x10, 0xF3, 0x10, 0xF3,
    0x10, 0xF3, 0x10, 0xF3, 0x10, 0xF3, 0x10, 0xF3,
    0x20, 0xF3, 0x20, 0xF3, 0x20, 0xF3, 0x20, 0xF3,
    0x20, 0xF3, 0x20, 0xF3, 0x20, 0xF3, 0x20, 0xF3,
    0x20, 0xF3, 0x20, 0xF3, 0x20, 0xF2, 0x20, 0xF2,
    0x20, 0xF2, 0x20, 0xF2, 0x20, 0xF2, 0x20, 0xF2,
    0x20, 0xF2, 0x20, 0xF2, 0x20, 0xF2, 0x20, 0xF2,
    0x20, 0xF2, 0x20, 0xF1, 0x20, 0xF1, 0x20, 0xF1,
    0x20, 0xF1, 0x20, 0xF1, 0x20, 0xF1, 0x20, 0xF1,
    0x20, 0xF1, 0x20, 0xF1, 0x20, 0xF1, 0x20, 0xF1,
    0x20, 0xF1, 0x20, 0xF1, 0x20, 0xF1, 0x20, 0xF1,
    0x20, 0xF0, 0x20, 0xF0, 0x20, 0xF0, 0x20, 0xF0,
    0x20, 0xF0, 0x20, 0xF0, 0x20, 0xF0, 0x20, 0xF0,
    0x20, 0xF0, 0x20, 0xF0, 0x20, 0xF0, 0x20, 0xF0,
    0x20, 0xF0, 0x20, 0xF0, 0x20, 0xF0, 0x20, 0xF0,
    0x20, 0xF0, 0x20, 0xF0, 0x20, 0xF0, 0x20, 0xF0,
    0x20, 0xF0, 0x20, 0xF0, 0x20, 0xF0, 0x20, 0xF0,
    0x20, 0xF0, 0x20, 0xF0, 0x21, 0xF0, 0x21, 0xF0,
    0x21, 0xF0, 0x21, 0xF0, 0x21, 0xF0, 0x21, 0xF0,
    0x21, 0xF0, 0x21, 0xF0, 0x21, 0xF0, 0x21, 0xF0,
    0x21, 0xF0, 0x21, 0xF0, 0x21, 0xF0, 0x22, 0xF0,
    0x22, 0xF0, 0x22, 0xF0, 0x22, 0xF0, 0x22, 0xF0,
    0x22, 0xF0, 0x22, 0xF0, 0x22, 0xF0, 0x22, 0xF0,
    0x22, 0xF0, 0x22, 0xF0, 0x22, 0xF0, 0x22, 0xF0,
    0x22, 0xF0, 0x23, 0xF0, 0x23, 0xF0, 0x23, 0xF0,
    0x23, 0xF0, 0x13, 0xF0, 0x13, 0xF0, 0x13, 0xF0,
    0x13, 0xF0, 0x13, 0xF0, 0x13, 0xF0, 0x13, 0xF0,
    0x13, 0xF0, 0x13, 0xF0, 0x13, 0xF0, 0x13, 0xF0,
    0x13, 0xF0, 0x13, 0xF0, 0x13, 0xF0, 0x03, 0xF0,
    0x03, 0xF0, 0x03, 0xF0, 0x03, 0xF0, 0x03, 0xF0,
    0x03, 0xF0, 0x03, 0xF0, 0x03, 0xF0, 0x03, 0xF0,
    0x03, 0xF0, 0x03, 0xF0, 0x03, 0xF0, 0x03, 0xF0,
    0x03, 0xF0, 0x03, 0xF0, 0x03, 0xF0, 0x03, 0xF0,
    0x03, 0xF0, 0x03, 0xF0, 0x03, 0xF0, 0x03, 0xF0,
    0x03, 0xF0, 0x03, 0xF0, 0x03, 0xF0, 0x03, 0xF0,
    0x03, 0xF0, 0x03, 0xF0, 0x03, 0xF0, 0x03, 0xF0,
    0x03, 0xF0, 0x03, 0xF0, 0x03, 0xF0, 0x03, 0xF0,
    0x03, 0xF0, 0x03, 0xF0, 0x03, 0xF0, 0x03, 0xF0,
    0x03, 0xF0, 0x03, 0xF0, 0x03, 0xF0, 0x03, 0xF1,
    0x03, 0xF1, 0x03, 0xF1, 0x03, 0xF1, 0x03, 0xF1,
    0x03, 0xF1, 0x03, 0xF1, 0x03, 0xF1, 0x03, 0xF1,
    0x03, 0xF1, 0x03, 0xF1, 0x03, 0xF1, 0x03, 0xF1,
    0x03, 0xF1, 0x03, 0xF2, 0x03, 0xF2, 0x03, 0xF2,
    0x03, 0xF2, 0x03, 0xF2, 0x03, 0xF2, 0x03, 0xF2,
    0x03, 0xF2, 0x03, 0xF2, 0x03, 0xF2, 0x03, 0xF2,
    0x03, 0xF2, 0x03, 0xF2, 0x03, 0xF2, 0x03, 0xF2,
    0x03, 0xF3, 0x03, 0xF3, 0x03, 0xF3, 0x02, 0xF3,
    0x02, 0xF3, 0x02, 0xF3, 0x02, 0xF3, 0x02, 0xF3,
    0x02, 0xF3, 0x02, 0xF3, 0x02, 0xF3, 0x02, 0xF3,
    0x02, 0xF3, 0x02, 0xF3, 0x02, 0xF3, 0x02, 0xF3,
    0x01, 0xF3, 0x01, 0xF3, 0x01, 0xF3, 0x01, 0xF3,
    0x01, 0xF3, 0x01, 0xF3, 0x01, 0xF3, 0x01, 0xF3,
    0x01, 0xF3, 0x01, 0xF3, 0x01, 0xF3, 0x01, 0xF3,
    0x01, 0xF3, 0x01, 0xF3, 0x00, 0xF3, 0x00, 0xF3,
    0x00, 0xF3, 0x00, 0xF3, 0x00, 0xF3, 0x00, 0xF3,
    0x00, 0xF3, 0x00, 0xF3, 0x00, 0xF3, 0x00, 0xF3,
    0x00, 0xF3, 0x00, 0xF3, 0x00, 0xF3, 0x00, 0xF3,
    0x00, 0xF3, 0x00, 0xF3, 0x00, 0xF3, 0x00, 0xF3,
    0x00, 0xF3, 0x00, 0xF3, 0x00, 0xF3, 0x00, 0xF3,
    0x00, 0xF3, 0x00, 0xF3, 0x00, 0xF3, 0x00, 0xF3,
    0x00, 0xF3, 0x00, 0xF3, 0x00, 0xF3, 0x00, 0xF3,
    0x00, 0xF3, 0x00, 0xF3, 0x00, 0xF3, 0x00, 0xF3,
    0x00, 0xF3, 0x00, 0xF3, 0x00, 0xF3, 0x00, 0xF3,
    0x00, 0xF3, 0x00, 0xF3, 0x10, 0xF3, 0x10, 0xF3,
    0x10, 0xF3, 0x10, 0xF3, 0x10, 0xF3, 0x10, 0xF3,
    0x10, 0xF3, 0x10, 0xF3, 0x10, 0xF3, 0x10, 0xF3,
    0x10, 0xF3, 0x10, 0xF3, 0x10, 0xF3, 0x20, 0xF3,
    0x20, 0xF3, 0x20, 0xF3, 0x20, 0xF3, 0x20, 0xF2,
    0x20, 0xF2, 0x20, 0xF2, 0x20, 0xF2, 0x20, 0xF2,
    0x20, 0xF2, 0x20, 0xF2, 0x20, 0xF2, 0x20, 0xF2,
    0x20, 0xF2, 0x20, 0xF2, 0x20, 0xF2, 0x20, 0xF2,
    0x20, 0xF1, 0x20, 0xF1, 0x20, 0xF1, 0x20, 0xF1,
    0x20, 0xF1, 0x20, 0xF1, 0x20, 0xF1, 0x20, 0xF1,
    0x20, 0xF1, 0x20, 0xF1, 0x20, 0xF1, 0x20, 0xF1,
    0x20, 0xF1, 0x20, 0xF1, 0x20, 0xF1, 0x20, 0xF0,
    0x20, 0xF0, 0x20, 0xF0, 0x20, 0xF0, 0x20, 0xF0,
    0x20, 0xF0, 0x20, 0xF0, 0x20, 0xF0, 0x20, 0xF0,
    0x20, 0xF0, 0x20, 0xF0, 0x20, 0xF0, 0x20, 0xF0,
    0x20, 0xF0, 0x20, 0xF0, 0x20, 0xF0, 0x20, 0xF0,
    0x20, 0xF0, 0x20, 0xF0, 0x20, 0xF0, 0x20, 0xF0,
    0x20, 0xF0, 0x20, 0xF0, 0x20, 0xF0, 0x20, 0xF0,
    0x20, 0xF0, 0x20, 0xF0, 0x21, 0xF0, 0x21, 0xF0,
    0x21, 0xF0, 0x21, 0xF0, 0x21, 0xF0, 0x21, 0xF0,
    0x21, 0xF0, 0x21, 0xF0, 0x21, 0xF0, 0x21, 0xF0,
    0x21, 0xF0, 0x21, 0xF0, 0x21, 0xF0, 0x21, 0xF0,
    0x22, 0xF0, 0x22, 0xF0, 0x22, 0xF0, 0x22, 0xF0,
    0x22, 0xF0, 0x22, 0xF0, 0x22, 0xF0, 0x22, 0xF0,
    0x22, 0xF0, 0x22, 0xF0, 0x22, 0xF0, 0x22, 0xF0,
    0x22, 0xF0, 0x22, 0xF0, 0x23, 0xF0, 0x23, 0xF0,
    0x13, 0xF0, 0x13, 0xF0, 0x13, 0xF0, 0x13, 0xF0,
    0x13, 0xF0, 0x13, 0xF0, 0x13, 0xF0, 0x13, 0xF0,
    0x13, 0xF0, 0x13, 0xF0, 0x13, 0xF0, 0x13, 0xF0,
    0x13, 0xF0, 0x13, 0xF0, 0x02, 0xF0, 0x03, 0xF0,
    0x03, 0xF0, 0x03, 0xF0, 0x03, 0xF0, 0x03, 0xF0,
    0x03, 0xF0, 0x03, 0xF0, 0x03, 0xF0, 0x03, 0xF0,
    0x03, 0xF0, 0x03, 0xF0, 0x03, 0xF0, 0x03, 0xF0,
    0x03, 0xF0, 0x03, 0xF0, 0x03, 0xF0, 0x03, 0xF0,
    0x03, 0xF0, 0x03, 0xF0, 0x03, 0xF0, 0x03, 0xF0,
    0x03, 0xF0, 0x03, 0xF0, 0x03, 0xF0, 0x03, 0xF0,
    0x03, 0xF0, 0x03, 0xF0, 0x03, 0xF0, 0x03, 0xF0,
    0x02, 0xF0, 0x03, 0xF0, 0x03, 0xF0, 0x03, 0xF0,
    0x03, 0xF0, 0x03, 0xF0, 0x03, 0xF0, 0x03, 0xF0,
    0x03, 0xF0, 0x03, 0xF0, 0x03, 0xF0, 0x03, 0xF1,
    0x03, 0xF1, 0x03, 0xF1, 0x03, 0xF1, 0x03, 0xF1,
    0x03, 0xF1, 0x03, 0xF1, 0x03, 0xF1, 0x03, 0xF1,
    0x03, 0xF1, 0x03, 0xF1, 0x03, 0xF1, 0x03, 0xF1,
    0x03, 0xF1, 0x03, 0xF2, 0x03, 0xF2, 0x03, 0xF2,
    0x03, 0xF2, 0x03, 0xF2, 0x03, 0xF2, 0x03, 0xF2,
    0x03, 0xF2, 0x03, 0xF2, 0x03, 0xF2, 0x03, 0xF2,
    0x03, 0xF2, 0x03, 0xF2, 0x03, 0xF2, 0x03, 0xF2,
    0x03, 0xF3, 0x02, 0xF2, 0x02, 0xF3, 0x02, 0xF3,
    0x02, 0xF3, 0x02, 0xF3, 0x02, 0xF3, 0x02, 0xF3,
    0x02, 0xF2, 0x02, 0xF3, 0x02, 0xF3, 0x02, 0xF3,
    0x02, 0xF3, 0x02, 0xF3, 0x02, 0xF3, 0x01, 0xF3,
    0x01, 0xF3, 0x01, 0xF3, 0x01, 0xF3, 0x01, 0xF2,
    0x01, 0xF2, 0x01, 0xF2, 0x01, 0xF2, 0x01, 0xF3,
    0x01, 0xF3, 0x01, 0xF2, 0x01, 0xF2, 0x01, 0xF2,
    0x01, 0xF2, 0x00, 0xF3, 0x00, 0xF3, 0x00, 0xF3,
    0x00, 0xF2, 0x00, 0xF2, 0x00, 0xF2, 0x00, 0xF3,
    0x00, 0xF3, 0x00, 0xF3, 0x00, 0xF2, 0x00, 0xF2,
    0x00, 0xF2, 0x00, 0xF2, 0x00, 0xF3, 0x00, 0xF3,
    0x00, 0xF3, 0x00, 0xF3, 0x00, 0xF3, 0x00, 0xF3,
    0x00, 0xF3, 0x00, 0xF3, 0x00, 0xF3, 0x00, 0xF3,
    0x00, 0xF3, 0x00, 0xF3, 0x00, 0xF3, 0x00, 0xF3,
    0x00, 0xF3, 0x00, 0xF3, 0x00, 0xF3, 0x00, 0xF3,
    0x00, 0xF3, 0x00, 0xF3, 0x00, 0xF3, 0x00, 0xF3,
    0x00, 0xF3, 0x00, 0xF3, 0x00, 0xF2, 0x00, 0xF3,
    0x00, 0xF3, 0x00, 0xF3, 0x10, 0xF3, 0x10, 0xF3,
    0x10, 0xF3, 0x10, 0xF3, 0x10, 0xF3, 0x10, 0xF3,
    0x10, 0xF3, 0x10, 0xF3, 0x10, 0xF3, 0x10, 0xF3,
    0x10, 0xF3, 0x10, 0xF3, 0x10, 0xF3, 0x10, 0xF3,
    0x20, 0xF3, 0x20, 0xF3, 0x10, 0xF2, 0x10, 0xF2,
    0x20, 0xF2, 0x20, 0xF2, 0x20, 0xF2, 0x20, 0xF2,
    0x20, 0xF2, 0x20, 0xF2, 0x20, 0xF2, 0x20, 0xF2,
    0x20, 0xF2, 0x20, 0xF2, 0x20, 0xF2, 0x20, 0xF2,
    0x20, 0xF1, 0x20, 0xF1, 0x20, 0xF1, 0x20, 0xF1,
    0x20, 0xF1, 0x20, 0xF1, 0x20, 0xF1, 0x20, 0xF1,
    0x20, 0xF1, 0x20, 0xF1, 0x20, 0xF1, 0x20, 0xF1,
    0x20, 0xF1, 0x20, 0xF1, 0x20, 0xF1, 0x20, 0xF0,
    0x20, 0xF0, 0x20, 0xF0, 0x20, 0xF0, 0x20, 0xF0,
    0x20, 0xF0, 0x20, 0xF0, 0x20, 0xF0, 0x20, 0xF0,
    0x20, 0xF0, 0x20, 0xF0, 0x20, 0xF0, 0x20, 0xF0,
    0x10, 0xF0, 0x10, 0xF0, 0x10, 0xF0, 0x10, 0xF0,
    0x10, 0xF0, 0x10, 0xF0, 0x10, 0xF0, 0x10, 0xF0,
    0x10, 0xF0, 0x10, 0xF0, 0x10, 0xF0, 0x10, 0xF0,
    0x10, 0xF0, 0x10, 0xF0, 0x10, 0xF0, 0x11, 0xF0,
    0x11, 0xF0, 0x11, 0xF0, 0x11, 0xF0, 0x11, 0xF0,
    0x11, 0xF0, 0x21, 0xF0, 0x11, 0xF0, 0x11, 0xF0,
    0x11, 0xF0, 0x11, 0xF0, 0x11, 0xF0, 0x11, 0xF0,
    0x11, 0xF0, 0x11, 0xF0, 0x12, 0xF0, 0x12, 0xF0,
    0x12, 0xF0, 0x22, 0xF0, 0x12, 0xF0, 0x12, 0xF0,
    0x12, 0xF0, 0x12, 0xF0, 0x12, 0xF0, 0x12, 0xF0,
    0x12, 0xF0, 0x12, 0xF0, 0x12, 0xF0, 0x12, 0xF0,
    0x12, 0xF0, 0x12, 0xF0, 0x12, 0xF0, 0x12, 0xF0,
    0x12, 0xF0, 0x12, 0xF0, 0x12, 0xF0, 0x12, 0xF0,
    0x12, 0xF0, 0x12, 0xF0, 0x12, 0xF0, 0x12, 0xF0,
    0x02, 0xF0, 0x02, 0xF0, 0x02, 0xF0, 0x02, 0xF0,
    0x02, 0xF0, 0x02, 0xF0, 0x02, 0xF0, 0x02, 0xF0,
    0x02, 0xF0, 0x02, 0xF0, 0x02, 0xF0, 0x02, 0xF0,
    0x02, 0xF0, 0x02, 0xF0, 0x02, 0xF0, 0x02, 0xF0,
    0x02, 0xF0, 0x02, 0xF0, 0x02, 0xF0, 0x02, 0xF0,
    0x02, 0xF0, 0x02, 0xF0, 0x02, 0xF0, 0x02, 0xF0,
    0x02, 0xF0, 0x02, 0xF0, 0x02, 0xF0, 0x02, 0xF0,
    0x02, 0xF0, 0x02, 0xF0, 0x02, 0xF0, 0x02, 0xF0,
    0x02, 0xF0, 0x02, 0xF0, 0x02, 0xF0, 0x02, 0xF0,
    0x02, 0xF0, 0x02, 0xF0, 0x02, 0xF0, 0x02, 0xF0,
    0x02, 0xF0, 0x02, 0xF0, 0x02, 0xF0, 0x02, 0xF1,
    0x02, 0xF1, 0x02, 0xF1, 0x02, 0xF1, 0x02, 0xF1,
    0x02, 0xF1, 0x02, 0xF1, 0x02, 0xF1, 0x02, 0xF1,
    0x02, 0xF1, 0x02, 0xF1, 0x02, 0xF1, 0x02, 0xF1,
    0x02, 0xF1, 0x02, 0xF1, 0x02, 0xF1, 0x02, 0xF2,
    0x02, 0xF2, 0x02, 0xF2, 0x02, 0xF2, 0x02, 0xF2,
    0x02, 0xF2, 0x02, 0xF2, 0x02, 0xF2, 0x02, 0xF2,
    0x02, 0xF2, 0x02, 0xF2, 0x02, 0xF2, 0x02, 0xF2,
    0x02, 0xF2, 0x02, 0xF2, 0x02, 0xF2, 0x02, 0xF2,
    0x02, 0xF2, 0x02, 0xF2, 0x02, 0xF2, 0x02, 0xF2,
    0x02, 0xF2, 0x02, 0xF2, 0x02, 0xF2, 0x02, 0xF2,
    0x01, 0xF2, 0x02, 0xF2, 0x01, 0xF2, 0x01, 0xF2,
    0x01, 0xF2, 0x01, 0xF2, 0x01, 0xF2, 0x01, 0xF2,
    0x01, 0xF2, 0x01, 0xF2, 0x01, 0xF2, 0x01, 0xF2,
    0x01, 0xF2, 0x01, 0xF2, 0x01, 0xF2, 0x01, 0xF2,
    0x00, 0xF2, 0x00, 0xF2, 0x00, 0xF2, 0x00, 0xF2,
    0x00, 0xF2, 0x00, 0xF2, 0x00, 0xF2, 0x00, 0xF2,
    0x00, 0xF2, 0x00, 0xF2, 0x00, 0xF2, 0x00, 0xF2,
    0x00, 0xF2, 0x00, 0xF2, 0x00, 0xF2, 0x00, 0xF2,
    0x00, 0xF2, 0x00, 0xF2, 0x00, 0xF2, 0x00, 0xF2,
    0x00, 0xF2, 0x00, 0xF2, 0x00, 0xF2, 0x00, 0xF2,
    0x00, 0xF2, 0x00, 0xF2, 0x00, 0xF2, 0x00, 0xF2,
    0x00, 0xF2, 0x00, 0xF2, 0x00, 0xF2, 0x00, 0xF2,
    0x00, 0xF2, 0x00, 0xF2, 0x00, 0xF2, 0x00, 0xF2,
    0x00, 0xF2, 0x00, 0xF2, 0x00, 0xF2, 0x00, 0xF2,
    0x00, 0xF2, 0x00, 0xF2, 0x00, 0xF2, 0x00, 0xF2,
    0x00, 0xF2, 0x10, 0xF2, 0x10, 0xF2, 0x10, 0xF2,
    0x10, 0xF2, 0x10, 0xF2, 0x10, 0xF2, 0x10, 0xF2,
    0x10, 0xF2, 0x10, 0xF2, 0x10, 0xF2, 0x10, 0xF2,
    0x10, 0xF2, 0x10, 0xF2, 0x10, 0xF2, 0x10, 0xF2,
    0x10, 0xF2, 0x10, 0xF2, 0x10, 0xF2, 0x10, 0xF2,
    0x10, 0xF2, 0x10, 0xF2, 0x10, 0xF2, 0x10, 0xF2,
    0x10, 0xF2, 0x10, 0xF2, 0x10, 0xF1, 0x10, 0xF1,
    0x10, 0xF1, 0x10, 0xF1, 0x10, 0xF1, 0x10, 0xF1,
    0x10, 0xF1, 0x10, 0xF1, 0x10, 0xF1, 0x10, 0xF1,
    0x10, 0xF1, 0x10, 0xF1, 0x10, 0xF1, 0x10, 0xF1,
    0x10, 0xF1, 0x10, 0xF0, 0x10, 0xF0, 0x10, 0xF0,
    0x10, 0xF0, 0x10, 0xF0, 0x10, 0xF0, 0x10, 0xF0,
    0x10, 0xF0, 0x10, 0xF0, 0x10, 0xF0, 0x10, 0xF0,
    0x10, 0xF0, 0x10, 0xF0, 0x10, 0xF0, 0x10, 0xF0,
    0x10, 0xF0, 0x10, 0xF0, 0x10, 0xF0, 0x10, 0xF0,
    0x10, 0xF0, 0x10, 0xF0, 0x10, 0xF0, 0x10, 0xF0,
    0x10, 0xF0, 0x10, 0xF0, 0x10, 0xF0, 0x10, 0xF0,
    0x10, 0xF0, 0x10, 0xF0, 0x10, 0xF0, 0x11, 0xF0,
    0x11, 0xF0, 0x11, 0xF0, 0x11, 0xF0, 0x11, 0xF0,
    0x11, 0xF0, 0x11, 0xF0, 0x11, 0xF0, 0x11, 0xF0,
    0x11, 0xF0, 0x11, 0xF0, 0x11, 0xF0, 0x11, 0xF0,
    0x11, 0xF0, 0x11, 0xF0, 0x12, 0xF0, 0x12, 0xF0,
    0x12, 0xF0, 0x12, 0xF0, 0x12, 0xF0, 0x12, 0xF0,
    0x12, 0xF0, 0x12, 0xF0, 0x12, 0xF0, 0x12, 0xF0,
    0x12, 0xF0, 0x12, 0xF0, 0x12, 0xF0, 0x12, 0xF0,
    0x12, 0xF0, 0x12, 0xF0, 0x12, 0xF0, 0x12, 0xF0,
    0x12, 0xF0, 0x12, 0xF0, 0x12, 0xF0, 0x12, 0xF0,
    0x12, 0xF0, 0x12, 0xF0, 0x12, 0xF0, 0x02, 0xF0,
    0x02, 0xF0, 0x02, 0xF0, 0x02, 0xF0, 0x02, 0xF0,
    0x02, 0xF0, 0x02, 0xF0, 0x02, 0xF0, 0x02, 0xF0,
    0x02, 0xF0, 0x02, 0xF0, 0x02, 0xF0, 0x02, 0xF0,
    0x02, 0xF0, 0x02, 0xF0, 0x02, 0xF0, 0x02, 0xF0,
    0x02, 0xF0, 0x02, 0xF0, 0x02, 0xF0, 0x02, 0xF0,
    0x02, 0xF0, 0x02, 0xF0, 0x02, 0xF0, 0x02, 0xF0,
    0x02, 0xF0, 0x02, 0xF0, 0x02, 0xF0, 0x02, 0xF0,
    0x02, 0xF0, 0x02, 0xF0, 0x02, 0xF0, 0x02, 0xF0,
    0x02, 0xF0, 0x02, 0xF0, 0x02, 0xF0, 0x02, 0xF0,
    0x02, 0xF0, 0x02, 0xF0, 0x02, 0xF0, 0x02, 0xF0,
    0x02, 0xF0, 0x02, 0xF0, 0x02, 0xF0, 0x02, 0xF0,
    0x02, 0xF0, 0x02, 0xF1, 0x02, 0xF1, 0x02, 0xF1,
    0x02, 0xF1, 0x02, 0xF1, 0x02, 0xF1, 0x02, 0xF1,
    0x02, 0xF1, 0x02, 0xF1, 0x02, 0xF1, 0x02, 0xF1,
    0x02, 0xF1, 0x02, 0xF1, 0x02, 0xF1, 0x02, 0xF1,
    0x02, 0xF2, 0x02, 0xF2, 0x02, 0xF2, 0x02, 0xF2,
    0x02, 0xF2, 0x02, 0xF2, 0x02, 0xF2, 0x02, 0xF2,
    0x02, 0xF2, 0x02, 0xF2, 0x02, 0xF2, 0x02, 0xF2,
    0x02, 0xF2, 0x02, 0xF2, 0x02, 0xF2, 0x02, 0xF2,
    0x02, 0xF2, 0x02, 0xF2, 0x02, 0xF2, 0x02, 0xF2,
    0x02, 0xF2, 0x02, 0xF2, 0x02, 0xF2, 0x01, 0xF2,
    0x01, 0xF2, 0x01, 0xF2, 0x01, 0xF2, 0x01, 0xF2,
    0x01, 0xF2, 0x01, 0xF2, 0x01, 0xF2, 0x01, 0xF2,
    0x01, 0xF2, 0x01, 0xF2, 0x01, 0xF2, 0x01, 0xF2,
    0x01, 0xF2, 0x01, 0xF2, 0x01, 0xF2, 0x01, 0xF2,
    0x00, 0xF2, 0x00, 0xF2, 0x00, 0xF2, 0x00, 0xF2,
    0x00, 0xF2, 0x00, 0xF2, 0x00, 0xF2, 0x00, 0xF2,
    0x00, 0xF2, 0x00, 0xF2, 0x00, 0xF2, 0x00, 0xF2,
    0x00, 0xF2, 0x00, 0xF2, 0x00, 0xF2, 0x00, 0xF2,
    0x00, 0xF2, 0x00, 0xF2, 0x00, 0xF2, 0x00, 0xF2,
    0x00, 0xF2, 0x00, 0xF2, 0x00, 0xF2, 0x00, 0xF2,
    0x00, 0xF2, 0x00, 0xF2, 0x00, 0xF2, 0x00, 0xF2,
    0x00, 0xF2, 0x00, 0xF2, 0x00, 0xF2, 0x00, 0xF2,
    0x00, 0xF2, 0x00, 0xF2, 0x00, 0xF2, 0x00, 0xF2,
    0x00, 0xF2, 0x00, 0xF2, 0x00, 0xF2, 0x00, 0xF2,
    0x00, 0xF2, 0x00, 0xF2, 0x00, 0xF2, 0x00, 0xF2,
    0x00, 0xF2, 0x10, 0xF2, 0x10, 0xF2, 0x10, 0xF2,
    0x10, 0xF2, 0x10, 0xF2, 0x10, 0xF2, 0x10, 0xF2,
    0x10, 0xF2, 0x10, 0xF2, 0x10, 0xF2, 0x10, 0xF2,
    0x10, 0xF2, 0x10, 0xF2, 0x10, 0xF2, 0x10, 0xF2,
    0x10, 0xF2, 0x10, 0xF2, 0x10, 0xF2, 0x10, 0xF2,
    0x10, 0xF2, 0x10, 0xF2, 0x10, 0xF2, 0x10, 0xF2,
    0x10, 0xF2, 0x10, 0xF2, 0x10, 0xF1, 0x10, 0xF1,
    0x10, 0xF1, 0x10, 0xF1, 0x10, 0xF1, 0x10, 0xF1,
    0x10, 0xF1, 0x10, 0xF1, 0x10, 0xF1, 0x10, 0xF1,
    0x10, 0xF1, 0x10, 0xF1, 0x10, 0xF1, 0x10, 0xF1,
    0x10, 0xF1, 0x10, 0xF0, 0x10, 0xF0, 0x10, 0xF0,
    0x10, 0xF0, 0x10, 0xF0, 0x10, 0xF0, 0x10, 0xF0,
    0x10, 0xF0, 0x10, 0xF0, 0x10, 0xF0, 0x10, 0xF0,
    0x10, 0xF0, 0x10, 0xF0, 0x10, 0xF0, 0x10, 0xF0,
    0x10, 0xF0, 0x10, 0xF0, 0x10, 0xF0, 0x10, 0xF0,
    0x10, 0xF0, 0x10, 0xF0, 0x10, 0xF0, 0x10, 0xF0,
    0x10, 0xF0, 0x10, 0xF0, 0x10, 0xF0, 0x10, 0xF0,
    0x10, 0xF0, 0x10, 0xF0, 0x10, 0xF0, 0x11, 0xF0,
    0x11, 0xF0, 0x11, 0xF0, 0x11, 0xF0, 0x11, 0xF0,
    0x11, 0xF0, 0x11, 0xF0, 0x11, 0xF0, 0x11, 0xF0,
    0x11, 0xF0, 0x11, 0xF0, 0x11, 0xF0, 0x11, 0xF0,
    0x11, 0xF0, 0x11, 0xF0, 0x11, 0xF0, 0x11, 0xF0,
    0x11, 0xF0, 0x12, 0xF0, 0x12, 0xF0, 0x12, 0xF0,
    0x12, 0xF0, 0x12, 0xF0, 0x12, 0xF0, 0x12, 0xF0,
    0x12, 0xF0, 0x12, 0xF0, 0x12, 0xF0, 0x12, 0xF0,
    0x12, 0xF0, 0x12, 0xF0, 0x12, 0xF0, 0x12, 0xF0,
    0x12, 0xF0, 0x12, 0xF0, 0x12, 0xF0, 0x12, 0xF0,
    0x12, 0xF0, 0x12, 0xF0, 0x02, 0xF0, 0x02, 0xF0,
    0x02, 0xF0, 0x02, 0xF0, 0x02, 0xF0, 0x02, 0xF0,
    0x02, 0xF0, 0x02, 0xF0, 0x02, 0xF0, 0x02, 0xF0,
    0x02, 0xF0, 0x02, 0xF0, 0x02, 0xF0, 0x02, 0xF0,
    0x02, 0xF0, 0x02, 0xF0, 0x02, 0xF0, 0x02, 0xF0,
    0x02, 0xF0, 0x02, 0xF0, 0x02, 0xF0, 0x02, 0xF0,
    0x02, 0xF0, 0x02, 0xF0, 0x02, 0xF0, 0x02, 0xF0,
    0x02, 0xF0, 0x02, 0xF0, 0x02, 0xF0, 0x02, 0xF0,
    0x02, 0xF0, 0x02, 0xF0, 0x02, 0xF0, 0x02, 0xF0,
    0x02, 0xF0, 0x02, 0xF0, 0x02, 0xF0, 0x02, 0xF0,
    0x02, 0xF0, 0x02, 0xF0, 0x02, 0xF0, 0x02, 0xF0,
    0x02, 0xF0, 0x02, 0xF0, 0x02, 0xF0, 0x02, 0xF0,
    0x02, 0xF0, 0x02, 0xF0, 0x02, 0xF1, 0x02, 0xF1,
    0x02, 0xF1, 0x02, 0xF1, 0x02, 0xF1, 0x02, 0xF1,
    0x02, 0xF1, 0x02, 0xF1, 0x02, 0xF1, 0x02, 0xF1,
    0x02, 0xF1, 0x02, 0xF1, 0x02, 0xF1, 0x02, 0xF1,
    0x02, 0xF1, 0x02, 0xF1, 0x02, 0xF2, 0x02, 0xF2,
    0x02, 0xF2, 0x02, 0xF2, 0x02, 0xF2, 0x02, 0xF2,
    0x02, 0xF2, 0x02, 0xF2, 0x02, 0xF2, 0x02, 0xF2,
    0x02, 0xF2, 0x02, 0xF2, 0x02, 0xF2, 0x02, 0xF2,
    0x02, 0xF2, 0x02, 0xF2, 0x02, 0xF2, 0x02, 0xF2,
    0x02, 0xF2, 0x02, 0xF2, 0x01, 0xF2, 0x01, 0xF2,
    0x01, 0xF2, 0x01, 0xF2, 0x01, 0xF2, 0x01, 0xF2,
    0x01, 0xF2, 0x01, 0xF2, 0x01, 0xF2, 0x01, 0xF2,
    0x01, 0xF2, 0x01, 0xF2, 0x01, 0xF2, 0x01, 0xF2,
    0x01, 0xF2, 0x01, 0xF2, 0x01, 0xF2, 0x00, 0xF2,
    0x00, 0xF2, 0x00, 0xF2, 0x00, 0xF2, 0x00, 0xF2,
    0x00, 0xF2, 0x00, 0xF2, 0x00, 0xF2, 0x00, 0xF2,
    0x00, 0xF2, 0x00, 0xF2, 0x00, 0xF2, 0x00, 0xF2,
    0x00, 0xF2, 0x00, 0xF2, 0x00, 0xF2, 0x00, 0xF2,
    0x00, 0xF2, 0x00, 0xF2, 0x00, 0xF2, 0x00, 0xF2,
    0x00, 0xF2, 0x00, 0xF2, 0x00, 0xF2, 0x00, 0xF2,
    0x00, 0xF2, 0x00, 0xF2, 0x00, 0xF2, 0x00, 0xF2,
    0x00, 0xF2, 0x00, 0xF2, 0x00, 0xF2, 0x00, 0xF2,
    0x00, 0xF2, 0x00, 0xF2, 0x00, 0xF2, 0x00, 0xF2,
    0x00, 0xF2, 0x00, 0xF2, 0x00, 0xF2, 0x00, 0xF2,
    0x00, 0xF2, 0x00, 0xF2, 0x00, 0xF2, 0x00, 0xF2,
    0x00, 0xF2, 0x00, 0xF2, 0x00, 0xF2, 0x10, 0xF2,
    0x10, 0xF2, 0x10, 0xF2, 0x10, 0xF2, 0x10, 0xF2,
    0x10, 0xF2, 0x10, 0xF2, 0x10, 0xF2, 0x10, 0xF2,
    0x10, 0xF2, 0x10, 0xF2, 0x10, 0xF2, 0x10, 0xF2,
    0x10, 0xF2, 0x10, 0xF2, 0x10, 0xF2, 0x10, 0xF2,
    0x10, 0xF2, 0x10, 0xF2, 0x10, 0xF1, 0x10, 0xF1,
    0x10, 0xF1, 0x10, 0xF1, 0x10, 0xF1, 0x10, 0xF1,
    0x10, 0xF1, 0x10, 0xF1, 0x10, 0xF1, 0x10, 0xF1,
    0x10, 0xF1, 0x10, 0xF1, 0x10, 0xF1, 0x10, 0xF1,
    0x10, 0xF1, 0x10, 0xF1, 0x10, 0xF1, 0x10, 0xF1,
    0x10, 0xF0, 0x10, 0xF0, 0x10, 0xF0, 0x10, 0xF0,
    0x10, 0xF0, 0x10, 0xF0, 0x10, 0xF0, 0x10, 0xF0,
    0x10, 0xF0, 0x10, 0xF0, 0x10, 0xF0, 0x10, 0xF0,
    0x10, 0xF0, 0x10, 0xF0, 0x10, 0xF0, 0x10, 0xF0,
    0x10, 0xF0, 0x10, 0xF0, 0x10, 0xF0, 0x10, 0xF0,
    0x10, 0xF0, 0x10, 0xF0, 0x10, 0xF0, 0x10, 0xF0,
    0x10, 0xF0, 0x10, 0xF0, 0x10, 0xF0, 0x10, 0xF0,
    0x10, 0xF0, 0x10, 0xF0, 0x10, 0xF0, 0x10, 0xF0,
    0x11, 0xF0, 0x11, 0xF0, 0x11, 0xF0, 0x11, 0xF0,
    0x11, 0xF0, 0x11, 0xF0, 0x11, 0xF0, 0x11, 0xF0,
    0x11, 0xF0, 0x11, 0xF0, 0x11, 0xF0, 0x11, 0xF0,
    0x11, 0xF0, 0x11, 0xF0, 0x11, 0xF0, 0x11, 0xF0,
    0x11, 0xF0, 0x11, 0xF0, 0x11, 0xF0, 0x11, 0xF0,
    0x12, 0xF0, 0x12, 0xF0, 0x12, 0xF0, 0x12, 0xF0,
    0x12, 0xF0, 0x12, 0xF0, 0x12, 0xF0, 0x12, 0xF0,
    0x12, 0xF0, 0x12, 0xF0, 0x12, 0xF0, 0x12, 0xF0,
    0x12, 0xF0, 0x12, 0xF0, 0x12, 0xF0, 0x02, 0xF0,
    0x02, 0xF0, 0x02, 0xF0, 0x02, 0xF0, 0x02, 0xF0,
    0x02, 0xF0, 0x02, 0xF0, 0x02, 0xF0, 0x02, 0xF0,
    0x02, 0xF0, 0x02, 0xF0, 0x02, 0xF0, 0x02, 0xF0,
    0x02, 0xF0, 0x02, 0xF0, 0x02, 0xF0, 0x02, 0xF0,
    0x02, 0xF0, 0x02, 0xF0, 0x02, 0xF0, 0x02, 0xF0,
    0x02, 0xF0, 0x02, 0xF0, 0x02, 0xF0, 0x02, 0xF0,
    0x02, 0xF0, 0x02, 0xF0, 0x02, 0xF0, 0x02, 0xF0,
    0x02, 0xF0, 0x02, 0xF0, 0x02, 0xF0, 0x02, 0xF0,
    0x02, 0xF0, 0x02, 0xF0, 0x02, 0xF0, 0x02, 0xF0,
    0x02, 0xF0, 0x02, 0xF0, 0x02, 0xF0, 0x02, 0xF0,
    0x02, 0xF0, 0x02, 0xF0, 0x02, 0xF0, 0x02, 0xF0,
    0x02, 0xF0, 0x02, 0xF0, 0x02, 0xF0, 0x02, 0xF0,
    0x02, 0xF0, 0x02, 0xF0, 0x02, 0xF1, 0x02, 0xF1,
    0x02, 0xF1, 0x02, 0xF1, 0x02, 0xF1, 0x02, 0xF1,
    0x02, 0xF1, 0x02, 0xF1, 0x02, 0xF1, 0x02, 0xF1,
    0x02, 0xF1, 0x02, 0xF1, 0x02, 0xF1, 0x02, 0xF1,
    0x02, 0xF1, 0x02, 0xF1, 0x02, 0xF1, 0x02, 0xF1,
    0x02, 0xF2, 0x02, 0xF2, 0x02, 0xF2, 0x02, 0xF2,
    0x02, 0xF2, 0x02, 0xF2, 0x02, 0xF2, 0x02, 0xF2,
    0x02, 0xF2, 0x02, 0xF2, 0x02, 0xF2, 0x02, 0xF2,
    0x02, 0xF2, 0x02, 0xF2, 0x02, 0xF2, 0x02, 0xF2,
    0x02, 0xF2, 0x01, 0xF2, 0x01, 0xF2, 0x01, 0xF2,
    0x01, 0xF2, 0x01, 0xF2, 0x01, 0xF2, 0x01, 0xF2,
    0x01, 0xF2, 0x01, 0xF2, 0x01, 0xF2, 0x01, 0xF2,
    0x01, 0xF2, 0x01, 0xF2, 0x01, 0xF2, 0x01, 0xF2,
    0x01, 0xF2, 0x01, 0xF2, 0x01, 0xF2, 0x00, 0xF2,
    0x00, 0xF2, 0x00, 0xF2, 0x00, 0xF2, 0x00, 0xF2,
    0x00, 0xF2, 0x00, 0xF2, 0x00, 0xF2, 0x00, 0xF2,
    0x00, 0xF2, 0x00, 0xF2, 0x00, 0xF2, 0x00, 0xF2,
    0x00, 0xF2, 0x00, 0xF2, 0x00, 0xF2, 0x00, 0xF2,
    0x00, 0xF2, 0x00, 0xF2, 0x00, 0xF2, 0x00, 0xF2,
    0x00, 0xF2, 0x00, 0xF2, 0x00, 0xF2, 0x00, 0xF2,
    0x00, 0xF2, 0x00, 0xF2, 0x00, 0xF2, 0x00, 0xF2,
    0x00, 0xF2, 0x00, 0xF2, 0x00, 0xF2, 0x00, 0xF2,
    0x00, 0xF2, 0x00, 0xF2, 0x00, 0xF2, 0x00, 0xF2,
    0x00, 0xF2, 0x00, 0xF2, 0x00, 0xF2, 0x00, 0xF2,
    0x00, 0xF2, 0x00, 0xF2, 0x00, 0xF2, 0x00, 0xF2,
    0x00, 0xF2, 0x00, 0xF2, 0x00, 0xF2, 0x00, 0xF2,
    0x00, 0xF2, 0x10, 0xF2, 0x00, 0xF2, 0x10, 0xF2,
    0x10, 0xF2, 0x10, 0xF2, 0x10, 0xF2, 0x10, 0xF2,
    0x10, 0xF2, 0x10, 0xF2, 0x10, 0xF2, 0x10, 0xF2,
    0x10, 0xF2, 0x10, 0xF2, 0x10, 0xF2, 0x10, 0xF2,
    0x10, 0xF1, 0x10, 0xF1, 0x10, 0xF1, 0x10, 0xF1,
    0x10, 0xF1, 0x10, 0xF1, 0x10, 0xF1, 0x10, 0xF1,
    0x10, 0xF1, 0x10, 0xF1, 0x10, 0xF1, 0x10, 0xF1,
    0x10, 0xF1, 0x10, 0xF1, 0x10, 0xF1, 0x10, 0xF1,
    0x10, 0xF1, 0x10, 0xF1, 0x10, 0xF1, 0x10, 0xF0,
    0x10, 0xF0, 0x10, 0xF0, 0x10, 0xF0, 0x10, 0xF0,
    0x10, 0xF0, 0x10, 0xF0, 0x10, 0xF0, 0x10, 0xF0,
    0x10, 0xF0, 0x10, 0xF0, 0x10, 0xF0, 0x10, 0xF0,
    0x10, 0xF0, 0x10, 0xF0, 0x10, 0xF0, 0x10, 0xF0,
    0x10, 0xF0, 0x10, 0xF0, 0x10, 0xF0, 0x10, 0xF0,
    0x10, 0xF0, 0x10, 0xF0, 0x10, 0xF0, 0x10, 0xF0,
    0x10, 0xF0, 0x10, 0xF0, 0x10, 0xF0, 0x10, 0xF0,
    0x10, 0xF0, 0x10, 0xF0, 0x10, 0xF0, 0x10, 0xF0,
    0x10, 0xF0, 0x11, 0xF0, 0x11, 0xF0, 0x11, 0xF0,
    0x11, 0xF0, 0x11, 0xF0, 0x11, 0xF0, 0x11, 0xF0,
    0x11, 0xF0, 0x11, 0xF0, 0x11, 0xF0, 0x11, 0xF0,
    0x11, 0xF0, 0x11, 0xF0, 0x11, 0xF0, 0x11, 0xF0,
    0x11, 0xF0, 0x11, 0xF0, 0x11, 0xF0, 0x11, 0xF0,
    0x11, 0xF0, 0x12, 0xF0, 0x12, 0xF0, 0x12, 0xF0,
    0x12, 0xF0, 0x12, 0xF0, 0x12, 0xF0, 0x12, 0xF0,
    0x12, 0xF0, 0x12, 0xF0, 0x12, 0xF0, 0x12, 0xF0,
    0x12, 0xF0, 0x02, 0xF0, 0x02, 0xF0, 0x02, 0xF0,
    0x02, 0xF0, 0x02, 0xF0, 0x02, 0xF0, 0x02, 0xF0,
    0x02, 0xF0, 0x02, 0xF0, 0x02, 0xF0, 0x02, 0xF0,
    0x02, 0xF0, 0x02, 0xF0, 0x02, 0xF0, 0x02, 0xF0,
    0x02, 0xF0, 0x02, 0xF0, 0x02, 0xF0, 0x02, 0xF0,
    0x02, 0xF0, 0x02, 0xF0, 0x02, 0xF0, 0x02, 0xF0,
    0x02, 0xF0, 0x02, 0xF0, 0x02, 0xF0, 0x02, 0xF0,
    0x02, 0xF0, 0x02, 0xF0, 0x02, 0xF0, 0x02, 0xF0,
    0x02, 0xF0, 0x02, 0xF0, 0x02, 0xF0, 0x02, 0xF0,
    0x02, 0xF0, 0x02, 0xF0, 0x02, 0xF0, 0x02, 0xF0,
    0x02, 0xF0, 0x02, 0xF0, 0x02, 0xF0, 0x02, 0xF0,
    0x02, 0xF0, 0x02, 0xF0, 0x02, 0xF0, 0x02, 0xF0,
    0x02, 0xF0, 0x02, 0xF0, 0x02, 0xF0, 0x02, 0xF0,
    0x02, 0xF0, 0x02, 0xF0, 0x02, 0xF0, 0x02, 0xF0,
    0x02, 0xF1, 0x02, 0xF1, 0x02, 0xF1, 0x02, 0xF1,
    0x02, 0xF1, 0x02, 0xF1, 0x02, 0xF1, 0x02, 0xF1,
    0x02, 0xF1, 0x02, 0xF1, 0x02, 0xF1, 0x02, 0xF1,
    0x02, 0xF1, 0x02, 0xF1, 0x02, 0xF1, 0x02, 0xF1,
    0x02, 0xF1, 0x02, 0xF1, 0x02, 0xF1, 0x02, 0xF1,
    0x02, 0xF2, 0x02, 0xF2, 0x02, 0xF2, 0x02, 0xF2,
    0x02, 0xF2, 0x02, 0xF2, 0x02, 0xF2, 0x02, 0xF2,
    0x02, 0xF2, 0x02, 0xF2, 0x02, 0xF2, 0x01, 0xF2,
    0x01, 0xF2, 0x01, 0xF2, 0x01, 0xF2, 0x01, 0xF2,
    0x01, 0xF2, 0x01, 0xF2, 0x01, 0xF2, 0x01, 0xF2,
    0x01, 0xF2, 0x01, 0xF2, 0x01, 0xF2, 0x01, 0xF2,
    0x01, 0xF2, 0x01, 0xF2, 0x01, 0xF2, 0x01, 0xF2,
    0x00, 0xF2, 0x00, 0xF2, 0x00, 0xF2, 0x00, 0xF2,
    0x00, 0xF2, 0x00, 0xF2, 0x00, 0xF2, 0x00, 0xF2,
    0x00, 0xF2, 0x00, 0xF2, 0x00, 0xF2, 0x00, 0xF2,
    0x00, 0xF2, 0x00, 0xF2, 0x00, 0xF2, 0x00, 0xF2,
    0x00, 0xF2, 0x00, 0xF2, 0x00, 0xF2, 0x00, 0xF2,
    0x00, 0xF2, 0x00, 0xF2, 0x00, 0xF2, 0x00, 0xF2,
    0x00, 0xF2, 0x00, 0xF2, 0x00, 0xF2, 0x00, 0xF2,
    0x00, 0xF2, 0x00, 0xF2, 0x00, 0xF2, 0x00, 0xF2,
    0x00, 0xF2, 0x00, 0xF2, 0x00, 0xF2, 0x00, 0xF2,
    0x00, 0xF2, 0x00, 0xF2, 0x00, 0xF2, 0x00, 0xF2,
    0x00, 0xF2, 0x00, 0xF2, 0x00, 0xF2, 0x00, 0xF2,
    0x00, 0xF2, 0x00, 0xF2, 0x00, 0xF2, 0x00, 0xF2,
    0x00, 0xF2, 0x00, 0xF2, 0x00, 0xF2, 0x00, 0xF2,
    0x00, 0xF2, 0x00, 0xF2, 0x00, 0xF2, 0x00, 0xF2,
    0x10, 0xF2, 0x10, 0xF2, 0x10, 0xF2, 0x10, 0xF2,
    0x10, 0xF2, 0x10, 0xF2, 0x10, 0xF2, 0x10, 0xF2,
    0x10, 0xF2, 0x10, 0xF2, 0x10, 0xF2, 0x10, 0xF1,
    0x10, 0xF1, 0x10, 0xF1, 0x10, 0xF1, 0x10, 0xF1,
    0x10, 0xF1, 0x10, 0xF1, 0x10, 0xF1, 0x10, 0xF1,
    0x10, 0xF1, 0x10, 0xF1, 0x10, 0xF1, 0x10, 0xF1,
    0x10, 0xF1, 0x10, 0xF1, 0x10, 0xF1, 0x10, 0xF1,
    0x10, 0xF1, 0x10, 0xF1, 0x10, 0xF1, 0x10, 0xF0,
    0x10, 0xF0, 0x10, 0xF0, 0x10, 0xF0, 0x10, 0xF0,
    0x10, 0xF0, 0x10, 0xF0, 0x10, 0xF0, 0x10, 0xF0,
    0x10, 0xF0, 0x10, 0xF0, 0x10, 0xF0, 0x10, 0xF0,
    0x10, 0xF0, 0x10, 0xF0, 0x10, 0xF0, 0x10, 0xF0,
    0x10, 0xF0, 0x10, 0xF0, 0x10, 0xF0, 0x10, 0xF0,
    0x10, 0xF0, 0x10, 0xF0, 0x10, 0xF0, 0x10, 0xF0,
    0x10, 0xF0, 0x10, 0xF0, 0x10, 0xF0, 0x10, 0xF0,
    0x10, 0xF0, 0x10, 0xF0, 0x10, 0xF0, 0x10, 0xF0,
    0x10, 0xF0, 0x10, 0xF0, 0x11, 0xF0, 0x10, 0xF0,
    0x10, 0xF0, 0x11, 0xF0, 0x11, 0xF0, 0x11, 0xF0,
    0x11, 0xF0, 0x11, 0xF0, 0x11, 0xF0, 0x11, 0xF0,
    0x11, 0xF0, 0x11, 0xF0, 0x11, 0xF0, 0x11, 0xF0,
    0x11, 0xF0, 0x11, 0xF0, 0x11, 0xF0, 0x11, 0xF0,
    0x11, 0xF0, 0x11, 0xF0, 0x11, 0xF0, 0x11, 0xF0,
    0x12, 0xF0, 0x12, 0xF0, 0x12, 0xF0, 0x12, 0xF0,
    0x12, 0xF0, 0x12, 0xF0, 0x12, 0xF0, 0x12, 0xF0,
    0x02, 0xF0, 0x02, 0xF0, 0x02, 0xF0, 0x02, 0xF0,
    0x02, 0xF0, 0x02, 0xF0, 0x02, 0xF0, 0x02, 0xF0,
    0x02, 0xF0, 0x02, 0xF0, 0x02, 0xF0, 0x02, 0xF0,
    0x02, 0xF0, 0x02, 0xF0, 0x02, 0xF0, 0x02, 0xF0,
    0x02, 0xF0, 0x02, 0xF0, 0x02, 0xF0, 0x02, 0xF0,
    0x02, 0xF0, 0x02, 0xF0, 0x02, 0xF0, 0x02, 0xF0,
    0x02, 0xF0, 0x02, 0xF0, 0x02, 0xF0, 0x02, 0xF0,
    0x02, 0xF0, 0x02, 0xF0, 0x02, 0xF0, 0x02, 0xF0,
    0x02, 0xF0, 0x02, 0xF0, 0x02, 0xF0, 0x02, 0xF0,
    0x02, 0xF0, 0x02, 0xF0, 0x02, 0xF0, 0x02, 0xF0,
    0x02, 0xF0, 0x02, 0xF0, 0x02, 0xF0, 0x02, 0xF0,
    0x02, 0xF0, 0x02, 0xF0, 0x02, 0xF0, 0x02, 0xF0,
    0x02, 0xF0, 0x02, 0xF0, 0x02, 0xF0, 0x02, 0xF0,
    0x02, 0xF0, 0x02, 0xF0, 0x02, 0xF0, 0x02, 0xF0,
    0x02, 0xF0, 0x02, 0xF1, 0x02, 0xF1, 0x02, 0xF1,
    0x02, 0xF1, 0x02, 0xF1, 0x02, 0xF1, 0x02, 0xF1,
    0x02, 0xF1, 0x02, 0xF1, 0x02, 0xF1, 0x02, 0xF1,
    0x02, 0xF1, 0x02, 0xF1, 0x02, 0xF1, 0x02, 0xF1,
    0x02, 0xF1, 0x02, 0xF1, 0x02, 0xF1, 0x02, 0xF1,
    0x02, 0xF1, 0x02, 0xF2, 0x02, 0xF2, 0x02, 0xF2,
    0x02, 0xF2, 0x02, 0xF2, 0x02, 0xF2, 0x02, 0xF2,
    0x01, 0xF2, 0x01, 0xF2, 0x01, 0xF2, 0x01, 0xF2,
    0x01, 0xF2, 0x01, 0xF2, 0x01, 0xF2, 0x01, 0xF2,
    0x01, 0xF2, 0x01, 0xF2, 0x01, 0xF2, 0x01, 0xF2,
    0x01, 0xF2, 0x01, 0xF2, 0x01, 0xF2, 0x01, 0xF2,
    0x01, 0xF2, 0x01, 0xF1, 0x01, 0xF2, 0x00, 0xF2,
    0x00, 0xF2, 0x00, 0xF2, 0x00, 0xF2, 0x00, 0xF2,
    0x00, 0xF2, 0x00, 0xF2, 0x00, 0xF2, 0x00, 0xF2,
    0x00, 0xF2, 0x00, 0xF2, 0x00, 0xF2, 0x00, 0xF2,
    0x00, 0xF2, 0x00, 0xF2, 0x00, 0xF2, 0x00, 0xF2,
    0x00, 0xF2, 0x00, 0xF2, 0x00, 0xF2, 0x00, 0xF2,
    0x00, 0xF2, 0x00, 0xF2, 0x00, 0xF2, 0x00, 0xF2,
    0x00, 0xF2, 0x00, 0xF2, 0x00, 0xF2, 0x00, 0xF2,
    0x00, 0xF2, 0x00, 0xF2, 0x00, 0xF2, 0x00, 0xF2,
    0x00, 0xF2, 0x00, 0xF2, 0x00, 0xF2, 0x00, 0xF2,
    0x00, 0xF2, 0x00, 0xF2, 0x00, 0xF2, 0x00, 0xF2,
    0x00, 0xF2, 0x00, 0xF2, 0x00, 0xF2, 0x00, 0xF2,
    0x00, 0xF2, 0x00, 0xF2, 0x00, 0xF2, 0x00, 0xF2,
    0x00, 0xF2, 0x00, 0xF2, 0x00, 0xF2, 0x00, 0xF2,
    0x00, 0xF2, 0x00, 0xF2, 0x00, 0xF2, 0x00, 0xF2,
    0x00, 0xF2, 0x10, 0xF2, 0x10, 0xF2, 0x10, 0xF2,
    0x10, 0xF2, 0x10, 0xF2, 0x10, 0xF2, 0x10, 0xF1,
    0x10, 0xF1, 0x10, 0xF1, 0x10, 0xF1, 0x10, 0xF1,
    0x10, 0xF1, 0x10, 0xF1, 0x10, 0xF1, 0x10, 0xF1,
    0x10, 0xF1, 0x10, 0xF1, 0x10, 0xF1, 0x10, 0xF1,
    0x10, 0xF1, 0x10, 0xF1, 0x10, 0xF1, 0x10, 0xF1,
    0x10, 0xF1, 0x10, 0xF1, 0x10, 0xF1, 0x10, 0xF1,
    0x10, 0xF1, 0x10, 0xF1, 0x10, 0xF0, 0x10, 0xF0,
    0x10, 0xF0, 0x10, 0xF0, 0x10, 0xF0, 0x10, 0xF0,
    0x10, 0xF0, 0x10, 0xF0, 0x10, 0xF0, 0x10, 0xF0,
    0x10, 0xF0, 0x10, 0xF0, 0x10, 0xF0, 0x10, 0xF0,
    0x10, 0xF0, 0x10, 0xF0, 0x10, 0xF0, 0x10, 0xF0,
    0x10, 0xF0, 0x10, 0xF0, 0x10, 0xF0, 0x10, 0xF0,
    0x10, 0xF0, 0x10, 0xF0, 0x10, 0xF0, 0x10, 0xF0,
    0x10, 0xF0, 0x10, 0xF0, 0x00, 0xF0, 0x10, 0xF0,
    0x10, 0xF0, 0x10, 0xF0, 0x10, 0xF0, 0x10, 0xF0,
    0x10, 0xF0, 0x10, 0xF0, 0x10, 0xF0, 0x10, 0xF0,
    0x10, 0xF0, 0x11, 0xF0, 0x11, 0xF0, 0x11, 0xF0,
    0x11, 0xF0, 0x11, 0xF0, 0x11, 0xF0, 0x11, 0xF0,
    0x11, 0xF0, 0x11, 0xF0, 0x11, 0xF0, 0x11, 0xF0,
    0x11, 0xF0, 0x11, 0xF0, 0x11, 0xF0, 0x11, 0xF0,
    0x11, 0xF0, 0x11, 0xF0, 0x11, 0xF0, 0x11, 0xF0,
    0x11, 0xF0, 0x12, 0xF0, 0x12, 0xF0, 0x12, 0xF0,
    0x12, 0xF0, 0x02, 0xF0, 0x02, 0xF0, 0x02, 0xF0,
    0x02, 0xF0, 0x02, 0xF0, 0x02, 0xF0, 0x02, 0xF0,
    0x02, 0xF0, 0x02, 0xF0, 0x02, 0xF0, 0x02, 0xF0,
    0x02, 0xF0, 0x02, 0xF0, 0x02, 0xF0, 0x02, 0xF0,
    0x02, 0xF0, 0x02, 0xF0, 0x02, 0xF0, 0x02, 0xF0,
    0x02, 0xF0, 0x02, 0xF0, 0x02, 0xF0, 0x02, 0xF0,
    0x02, 0xF0, 0x02, 0xF0, 0x02, 0xF0, 0x02, 0xF0,
    0x02, 0xF0, 0x02, 0xF0, 0x02, 0xF0, 0x02, 0xF0,
    0x02, 0xF0, 0x02, 0xF0, 0x02, 0xF0, 0x02, 0xF0,
    0x02, 0xF0, 0x02, 0xF0, 0x02, 0xF0, 0x02, 0xF0,
    0x02, 0xF0, 0x02, 0xF0, 0x02, 0xF0, 0x01, 0xF0,
    0x01, 0xF0, 0x02, 0xF0, 0x02, 0xF0, 0x02, 0xF0,
    0x02, 0xF0, 0x02, 0xF0, 0x02, 0xF0, 0x02, 0xF0,
    0x02, 0xF0, 0x02, 0xF0, 0x02, 0xF0, 0x02, 0xF0,
    0x01, 0xF0, 0x01, 0xF0, 0x02, 0xF0, 0x02, 0xF0,
    0x02, 0xF0, 0x02, 0xF1, 0x02, 0xF1, 0x02, 0xF1,
    0x02, 0xF1, 0x02, 0xF1, 0x02, 0xF1, 0x02, 0xF1,
    0x02, 0xF1, 0x02, 0xF1, 0x02, 0xF1, 0x02, 0xF1,
    0x02, 0xF1, 0x02, 0xF1, 0x02, 0xF1, 0x02, 0xF1,
    0x02, 0xF1, 0x02, 0xF1, 0x02, 0xF1, 0x02, 0xF1,
    0x02, 0xF1, 0x02, 0xF1, 0x02, 0xF2, 0x02, 0xF2,
    0x02, 0xF2, 0x02, 0xF2, 0x01, 0xF2, 0x01, 0xF2,
    0x01, 0xF2, 0x01, 0xF2, 0x01, 0xF2, 0x01, 0xF1,
    0x01, 0xF1, 0x01, 0xF2, 0x01, 0xF2, 0x01, 0xF2,
    0x01, 0xF2, 0x01, 0xF2, 0x01, 0xF2, 0x01, 0xF2,
    0x01, 0xF2, 0x01, 0xF2, 0x01, 0xF2, 0x01, 0xF2,
    0x01, 0xF1, 0x01, 0xF1, 0x01, 0xF2, 0x00, 0xF1,
    0x00, 0xF2, 0x00, 0xF2, 0x00, 0xF2, 0x00, 0xF2,
    0x00, 0xF2, 0x00, 0xF2, 0x00, 0xF2, 0x00, 0xF2,
    0x00, 0xF2, 0x00, 0xF1, 0x00, 0xF1, 0x00, 0xF2,
    0x00, 0xF2, 0x00, 0xF2, 0x00, 0xF2, 0x00, 0xF2,
    0x00, 0xF1, 0x00, 0xF2, 0x00, 0xF2, 0x00, 0xF2,
    0x00, 0xF2, 0x00, 0xF2, 0x00, 0xF1, 0x00, 0xF1,
    0x00, 0xF2, 0x00, 0xF2, 0x00, 0xF2, 0x00, 0xF2,
    0x00, 0xF2, 0x00, 0xF2, 0x00, 0xF2, 0x00, 0xF2,
    0x00, 0xF2, 0x00, 0xF2, 0x00, 0xF1, 0x00, 0xF1,
    0x00, 0xF1, 0x00, 0xF1, 0x00, 0xF1, 0x00, 0xF1,
    0x00, 0xF2, 0x00, 0xF2, 0x00, 0xF2, 0x00, 0xF2,
    0x00, 0xF2, 0x00, 0xF2, 0x00, 0xF2, 0x00, 0xF2,
    0x00, 0xF2, 0x00, 0xF2, 0x00, 0xF2, 0x00, 0xF2,
    0x00, 0xF2, 0x00, 0xF2, 0x00, 0xF2, 0x00, 0xF2,
    0x00, 0xF2, 0x00, 0xF2, 0x00, 0xF2, 0x10, 0xF2,
    0x10, 0xF2, 0x10, 0xF2, 0x10, 0xF2, 0x10, 0xF1,
    0x10, 0xF1, 0x10, 0xF1, 0x10, 0xF1, 0x10, 0xF1,
    0x10, 0xF1, 0x10, 0xF1, 0x10, 0xF1, 0x10, 0xF1,
    0x10, 0xF1, 0x10, 0xF1, 0x10, 0xF1, 0x10, 0xF1,
    0x10, 0xF1, 0x10, 0xF1, 0x10, 0xF1, 0x10, 0xF1,
    0x10, 0xF1, 0x10, 0xF1, 0x10, 0xF1, 0x10, 0xF1,
    0x10, 0xF1, 0x10, 0xF0, 0x10, 0xF0, 0x10, 0xF0,
    0x10, 0xF0, 0x10, 0xF0, 0x10, 0xF0, 0x10, 0xF0,
    0x10, 0xF0, 0x10, 0xF0, 0x10, 0xF0, 0x00, 0xF0,
    0x10, 0xF0, 0x10, 0xF0, 0x10, 0xF0, 0x10, 0xF0,
    0x10, 0xF0, 0x10, 0xF0, 0x10, 0xF0, 0x10, 0xF0,
    0x00, 0xF0, 0x00, 0xF0, 0x10, 0xF0, 0x10, 0xF0,
    0x00, 0xF0, 0x00, 0xF0, 0x00, 0xF0, 0x00, 0xF0,
    0x00, 0xF0, 0x00, 0xF0, 0x00, 0xF0, 0x00, 0xF0,
    0x00, 0xF0, 0x00, 0xF0, 0x00, 0xF0, 0x00, 0xF0,
    0x00, 0xF0, 0x00, 0xF0, 0x00, 0xF0, 0x00, 0xF0,
    0x00, 0xF0, 0x00, 0xF0, 0x01, 0xF0, 0x01, 0xF0,
    0x01, 0xF0, 0x01, 0xF0, 0x01, 0xF0, 0x01, 0xF0,
    0x11, 0xF0, 0x11, 0xF0, 0x11, 0xF0, 0x01, 0xF0,
    0x01, 0xF0, 0x01, 0xF0, 0x01, 0xF0, 0x01, 0xF0,
    0x01, 0xF0, 0x01, 0xF0, 0x01, 0xF0, 0x01, 0xF0,
    0x01, 0xF0, 0x01, 0xF0, 0x01, 0xF0, 0x01, 0xF0,
    0x01, 0xF0, 0x01, 0xF0, 0x01, 0xF0, 0x01, 0xF0,
    0x01, 0xF0, 0x01, 0xF0, 0x01, 0xF0, 0x02, 0xF0,
    0x01, 0xF0, 0x02, 0xF0, 0x02, 0xF0, 0x02, 0xF0,
    0x02, 0xF0, 0x01, 0xF0, 0x01, 0xF0, 0x01, 0xF0,
    0x01, 0xF0, 0x01, 0xF0, 0x01, 0xF0, 0x01, 0xF0,
    0x01, 0xF0, 0x01, 0xF0, 0x01, 0xF0, 0x01, 0xF0,
    0x01, 0xF0, 0x01, 0xF0, 0x01, 0xF0, 0x01, 0xF0,
    0x01, 0xF0, 0x01, 0xF0, 0x01, 0xF0, 0x01, 0xF0,
    0x01, 0xF0, 0x01, 0xF0, 0x01, 0xF0, 0x01, 0xF0,
    0x01, 0xF0, 0x01, 0xF0, 0x01, 0xF0, 0x01, 0xF0,
    0x01, 0xF0, 0x01, 0xF0, 0x01, 0xF0, 0x01, 0xF0,
    0x01, 0xF0, 0x01, 0xF0, 0x01, 0xF0, 0x01, 0xF0,
    0x01, 0xF0, 0x01, 0xF0, 0x01, 0xF0, 0x01, 0xF0,
    0x01, 0xF0, 0x01, 0xF0, 0x01, 0xF0, 0x01, 0xF0,
    0x01, 0xF0, 0x01, 0xF0, 0x01, 0xF0, 0x01, 0xF0,
    0x01, 0xF0, 0x01, 0xF0, 0x01, 0xF0, 0x01, 0xF0,
    0x01, 0xF0, 0x01, 0xF1, 0x01, 0xF1, 0x01, 0xF1,
    0x01, 0xF1, 0x01, 0xF1, 0x01, 0xF1, 0x01, 0xF1,
    0x01, 0xF1, 0x01, 0xF1, 0x01, 0xF1, 0x01, 0xF1,
    0x01, 0xF1, 0x01, 0xF1, 0x01, 0xF1, 0x01, 0xF1,
    0x01, 0xF1, 0x01, 0xF1, 0x01, 0xF1, 0x01, 0xF1,
    0x01, 0xF2, 0x01, 0xF2, 0x01, 0xF2, 0x01, 0xF2,
    0x01, 0xF2, 0x01, 0xF2, 0x01, 0xF2, 0x01, 0xF2,
    0x01, 0xF2, 0x01, 0xF2, 0x01, 0xF1, 0x01, 0xF1,
    0x01, 0xF1, 0x01, 0xF1, 0x01, 0xF1, 0x01, 0xF1,
    0x01, 0xF1, 0x01, 0xF1, 0x01, 0xF1, 0x01, 0xF1,
    0x00, 0xF1, 0x00, 0xF1, 0x00, 0xF1, 0x00, 0xF1,
    0x00, 0xF1, 0x00, 0xF1, 0x00, 0xF1, 0x00, 0xF1,
    0x00, 0xF1, 0x00, 0xF1, 0x00, 0xF1, 0x00, 0xF1,
    0x00, 0xF1, 0x00, 0xF2, 0x00, 0xF2, 0x00, 0xF1,
    0x00, 0xF1, 0x00, 0xF1, 0x00, 0xF1, 0x00, 0xF1,
    0x00, 0xF1, 0x00, 0xF1, 0x00, 0xF1, 0x00, 0xF1,
    0x00, 0xF1, 0x00, 0xF1, 0x00, 0xF1, 0x00, 0xF1,
    0x00, 0xF1, 0x00, 0xF1, 0x00, 0xF1, 0x00, 0xF1,
    0x00, 0xF1, 0x00, 0xF1, 0x00, 0xF1, 0x00, 0xF1,
    0x00, 0xF1, 0x00, 0xF1, 0x00, 0xF1, 0x00, 0xF1,
    0x00, 0xF1, 0x00, 0xF1, 0x00, 0xF1, 0x00, 0xF1,
    0x00, 0xF1, 0x00, 0xF1, 0x00, 0xF1, 0x00, 0xF1,
    0x00, 0xF1, 0x00, 0xF1, 0x00, 0xF1, 0x00, 0xF1,
    0x00, 0xF1, 0x00, 0xF1, 0x00, 0xF1, 0x00, 0xF1,
    0x00, 0xF1, 0x00, 0xF1, 0x00, 0xF1, 0x00, 0xF1,
    0x00, 0xF1, 0x00, 0xF1, 0x00, 0xF1, 0x00, 0xF1,
    0x00, 0xF1, 0x00, 0xF1, 0x00, 0xF1, 0x00, 0xF1,
    0x00, 0xF1, 0x00, 0xF1, 0x00, 0xF1, 0x00, 0xF1,
    0x00, 0xF1, 0x00, 0xF1, 0x00, 0xF1, 0x00, 0xF1,
    0x00, 0xF1, 0x00, 0xF1, 0x00, 0xF1, 0x00, 0xF1,
    0x00, 0xF1, 0x00, 0xF1, 0x00, 0xF1, 0x00, 0xF1,
    0x00, 0xF1, 0x00, 0xF1, 0x00, 0xF1, 0x00, 0xF1,
    0x00, 0xF0, 0x00, 0xF0, 0x00, 0xF0, 0x00, 0xF0,
    0x00, 0xF0, 0x00, 0xF0, 0x00, 0xF0, 0x00, 0xF0,
    0x00, 0xF0, 0x00, 0xF0, 0x00, 0xF0, 0x00, 0xF0,
    0x00, 0xF0, 0x00, 0xF0, 0x00, 0xF0, 0x00, 0xF0,
    0x00, 0xF0, 0x00, 0xF0, 0x00, 0xF0, 0x00, 0xF0,
    0x00, 0xF0, 0x00, 0xF0, 0x00, 0xF0, 0x00, 0xF0,
    0x00, 0xF0, 0x00, 0xF0, 0x00, 0xF0, 0x00, 0xF0,
    0x00, 0xF0, 0x00, 0xF0, 0x00, 0xF0, 0x00, 0xF0,
    0x00, 0xF0, 0x00, 0xF0, 0x00, 0xF0, 0x00, 0xF0,
    0x00, 0xF0, 0x00, 0xF0, 0x00, 0xF0, 0x00, 0xF0,
    0x00, 0xF0, 0x00, 0xF0, 0x01, 0xF0, 0x01, 0xF0,
    0x01, 0xF0, 0x01, 0xF0, 0x01, 0xF0, 0x01, 0xF0,
    0x01, 0xF0, 0x01, 0xF0, 0x01, 0xF0, 0x01, 0xF0,
    0x01, 0xF0, 0x01, 0xF0, 0x01, 0xF0, 0x01, 0xF0,
    0x01, 0xF0, 0x01, 0xF0, 0x01, 0xF0, 0x01, 0xF0,
    0x01, 0xF0, 0x01, 0xF0, 0x01, 0xF0, 0x01, 0xF0,
    0x01, 0xF0, 0x01, 0xF0, 0x01, 0xF0, 0x01, 0xF0,
    0x01, 0xF0, 0x01, 0xF0, 0x01, 0xF0, 0x01, 0xF0,
    0x01, 0xF0, 0x01, 0xF0, 0x01, 0xF0, 0x01, 0xF0,
    0x01, 0xF0, 0x01, 0xF0, 0x01, 0xF0, 0x01, 0xF0,
    0x01, 0xF0, 0x01, 0xF0, 0x01, 0xF0, 0x01, 0xF0,
    0x01, 0xF0, 0x01, 0xF0, 0x01, 0xF0, 0x01, 0xF0,
    0x01, 0xF0, 0x01, 0xF0, 0x01, 0xF0, 0x01, 0xF0,
    0x01, 0xF0, 0x01, 0xF0, 0x01, 0xF0, 0x01, 0xF0,
    0x01, 0xF0, 0x01, 0xF0, 0x01, 0xF0, 0x01, 0xF0,
    0x01, 0xF0, 0x01, 0xF0, 0x01, 0xF0, 0x01, 0xF0,
    0x01, 0xF0, 0x01, 0xF0, 0x01, 0xF0, 0x01, 0xF0,
    0x01, 0xF0, 0x01, 0xF0, 0x01, 0xF0, 0x01, 0xF0,
    0x01, 0xF0, 0x01, 0xF0, 0x01, 0xF0, 0x01, 0xF0,
    0x01, 0xF0, 0x01, 0xF0, 0x01, 0xF0, 0x01, 0xF0,
    0x01, 0xF0, 0x01, 0xF0, 0x01, 0xF0, 0x01, 0xF0,
    0x01, 0xF0, 0x01, 0xF0, 0x01, 0xF0, 0x01, 0xF0,
    0x01, 0xF0, 0x01, 0xF1, 0x01, 0xF1, 0x01, 0xF1,
    0x01, 0xF1, 0x01, 0xF1, 0x01, 0xF1, 0x01, 0xF1,
    0x01, 0xF1, 0x01, 0xF1, 0x01, 0xF1, 0x01, 0xF1,
    0x01, 0xF1, 0x01, 0xF1, 0x01, 0xF1, 0x01, 0xF1,
    0x01, 0xF1, 0x01, 0xF1, 0x01, 0xF1, 0x01, 0xF1,
    0x01, 0xF2, 0x01, 0xF2, 0x01, 0xF2, 0x01, 0xF2,
    0x01, 0xF1, 0x01, 0xF1, 0x01, 0xF1, 0x01, 0xF1,
    0x01, 0xF1, 0x01, 0xF1, 0x01, 0xF1, 0x01, 0xF1,
    0x01, 0xF1, 0x01, 0xF1, 0x01, 0xF1, 0x01, 0xF1,
    0x01, 0xF1, 0x01, 0xF1, 0x01, 0xF1, 0x00, 0xF1,
    0x00, 0xF1, 0x00, 0xF1, 0x00, 0xF1, 0x00, 0xF1,
    0x00, 0xF1, 0x00, 0xF1, 0x00, 0xF1, 0x00, 0xF1,
    0x00, 0xF1, 0x00, 0xF1, 0x00, 0xF1, 0x00, 0xF1,
    0x00, 0xF1, 0x00, 0xF2, 0x00, 0xF2, 0x00, 0xF1,
    0x00, 0xF1, 0x00, 0xF1, 0x00, 0xF1, 0x00, 0xF1,
    0x00, 0xF1, 0x00, 0xF1, 0x00, 0xF1, 0x00, 0xF1,
    0x00, 0xF1, 0x00, 0xF1, 0x00, 0xF1, 0x00, 0xF1,
    0x00, 0xF1, 0x00, 0xF1, 0x00, 0xF1, 0x00, 0xF1,
    0x00, 0xF1, 0x00, 0xF1, 0x00, 0xF1, 0x00, 0xF1,
    0x00, 0xF1, 0x00, 0xF1, 0x00, 0xF1, 0x00, 0xF1,
    0x00, 0xF1, 0x00, 0xF1, 0x00, 0xF1, 0x00, 0xF1,
    0x00, 0xF1, 0x00, 0xF1, 0x00, 0xF1, 0x00, 0xF1,
    0x00, 0xF1, 0x00, 0xF1, 0x00, 0xF1, 0x00, 0xF1,
    0x00, 0xF1, 0x00, 0xF1, 0x00, 0xF1, 0x00, 0xF1,
    0x00, 0xF1, 0x00, 0xF1, 0x00, 0xF1, 0x00, 0xF1,
    0x00, 0xF1, 0x00, 0xF1, 0x00, 0xF1, 0x00, 0xF1,
    0x00, 0xF1, 0x00, 0xF1, 0x00, 0xF1, 0x00, 0xF1,
    0x00, 0xF1, 0x00, 0xF1, 0x00, 0xF1, 0x00, 0xF1,
    0x00, 0xF1, 0x00, 0xF1, 0x00, 0xF1, 0x00, 0xF1,
    0x00, 0xF1, 0x00, 0xF1, 0x00, 0xF1, 0x00, 0xF1,
    0x00, 0xF1, 0x00, 0xF1, 0x00, 0xF1, 0x00, 0xF1,
    0x00, 0xF1, 0x00, 0xF1, 0x00, 0xF1, 0x00, 0xF1,
    0x00, 0xF0, 0x00, 0xF0, 0x00, 0xF0, 0x00, 0xF0,
    0x00, 0xF0, 0x00, 0xF0, 0x00, 0xF0, 0x00, 0xF0,
    0x00, 0xF0, 0x00, 0xF0, 0x00, 0xF0, 0x00, 0xF0,
    0x00, 0xF0, 0x00, 0xF0, 0x00, 0xF0, 0x00, 0xF0,
    0x00, 0xF0, 0x00, 0xF0, 0x00, 0xF0, 0x00, 0xF0,
    0x00, 0xF0, 0x00, 0xF0, 0x00, 0xF0, 0x00, 0xF0,
    0x00, 0xF0, 0x00, 0xF0, 0x00, 0xF0, 0x00, 0xF0,
    0x00, 0xF0, 0x00, 0xF0, 0x00, 0xF0, 0x00, 0xF0,
    0x00, 0xF0, 0x00, 0xF0, 0x00, 0xF0, 0x00, 0xF0,
    0x00, 0xF0, 0x00, 0xF0, 0x00, 0xF0, 0x00, 0xF0,
    0x00, 0xF0, 0x00, 0xF0, 0x00, 0xF0, 0x00, 0xF0,
    0x00, 0xF0, 0x01, 0xF0, 0x01, 0xF0, 0x01, 0xF0,
    0x01, 0xF0, 0x01, 0xF0, 0x01, 0xF0, 0x01, 0xF0,
    0x01, 0xF0, 0x01, 0xF0, 0x01, 0xF0, 0x01, 0xF0,
    0x01, 0xF0, 0x01, 0xF0, 0x01, 0xF0, 0x01, 0xF0,
    0x01, 0xF0, 0x01, 0xF0, 0x01, 0xF0, 0x01, 0xF0,
    0x01, 0xF0, 0x01, 0xF0, 0x01, 0xF0, 0x01, 0xF0,
    0x01, 0xF0, 0x01, 0xF0, 0x01, 0xF0, 0x01, 0xF0,
    0x01, 0xF0, 0x01, 0xF0, 0x01, 0xF0, 0x01, 0xF0,
    0x01, 0xF0, 0x01, 0xF0, 0x01, 0xF0, 0x01, 0xF0,
    0x01, 0xF0, 0x01, 0xF0, 0x01, 0xF0, 0x01, 0xF0,
    0x01, 0xF0, 0x01, 0xF0, 0x01, 0xF0, 0x01, 0xF0,
    0x01, 0xF0, 0x01, 0xF0, 0x01, 0xF0, 0x01, 0xF0,
    0x01, 0xF0, 0x01, 0xF0, 0x01, 0xF0, 0x01, 0xF0,
    0x01, 0xF0, 0x01, 0xF0, 0x01, 0xF0, 0x01, 0xF0,
    0x01, 0xF0, 0x01, 0xF0, 0x01, 0xF0, 0x01, 0xF0,
    0x01, 0xF0, 0x01, 0xF0, 0x01, 0xF0, 0x01, 0xF0,
    0x01, 0xF0, 0x01, 0xF0, 0x01, 0xF0, 0x01, 0xF0,
    0x01, 0xF0, 0x01, 0xF0, 0x01, 0xF0, 0x01, 0xF0,
    0x01, 0xF0, 0x01, 0xF0, 0x01, 0xF0, 0x01, 0xF0,
    0x01, 0xF0, 0x01, 0xF0, 0x01, 0xF0, 0x01, 0xF0,
    0x01, 0xF0, 0x01, 0xF0, 0x01, 0xF0, 0x01, 0xF0,
    0x01, 0xF0, 0x01, 0xF1, 0x01, 0xF1, 0x01, 0xF1,
    0x01, 0xF1, 0x01, 0xF1, 0x01, 0xF1, 0x01, 0xF1,
    0x01, 0xF1, 0x01, 0xF1, 0x01, 0xF1, 0x01, 0xF1,
    0x01, 0xF1, 0x01, 0xF1, 0x01, 0xF1, 0x01, 0xF1,
    0x01, 0xF1, 0x01, 0xF1, 0x01, 0xF1, 0x01, 0xF1,
    0x01, 0xF1, 0x01, 0xF1, 0x01, 0xF1, 0x01, 0xF1,
    0x01, 0xF1, 0x01, 0xF1, 0x01, 0xF1, 0x01, 0xF1,
    0x01, 0xF1, 0x01, 0xF1, 0x01, 0xF1, 0x01, 0xF1,
    0x01, 0xF1, 0x01, 0xF1, 0x01, 0xF1, 0x01, 0xF1,
    0x01, 0xF1, 0x01, 0xF1, 0x01, 0xF1, 0x00, 0xF1,
    0x00, 0xF1, 0x00, 0xF1, 0x00, 0xF1, 0x00, 0xF1,
    0x00, 0xF1, 0x00, 0xF1, 0x00, 0xF1, 0x00, 0xF1,
    0x00, 0xF1, 0x00, 0xF1, 0x00, 0xF1, 0x00, 0xF1,
    0x00, 0xF1, 0x00, 0xF1, 0x00, 0xF1, 0x00, 0xF1,
    0x00, 0xF1, 0x00, 0xF1, 0x00, 0xF1, 0x00, 0xF1,
    0x00, 0xF1, 0x00, 0xF1, 0x00, 0xF1, 0x00, 0xF1,
    0x00, 0xF1, 0x00, 0xF1, 0x00, 0xF1, 0x00, 0xF1,
    0x00, 0xF1, 0x00, 0xF1, 0x00, 0xF1, 0x00, 0xF1,
    0x00, 0xF1, 0x00, 0xF1, 0x00, 0xF1, 0x00, 0xF1,
    0x00, 0xF1, 0x00, 0xF1, 0x00, 0xF1, 0x00, 0xF1,
    0x00, 0xF1, 0x00, 0xF1, 0x00, 0xF1, 0x00, 0xF1,
    0x00, 0xF1, 0x00, 0xF1, 0x00, 0xF1, 0x00, 0xF1,
    0x00, 0xF1, 0x00, 0xF1, 0x00, 0xF1, 0x00, 0xF1,
    0x00, 0xF1, 0x00, 0xF1, 0x00, 0xF1, 0x00, 0xF1,
    0x00, 0xF1, 0x00, 0xF1, 0x00, 0xF1, 0x00, 0xF1,
    0x00, 0xF1, 0x00, 0xF1, 0x00, 0xF1, 0x00, 0xF1,
    0x00, 0xF1, 0x00, 0xF1, 0x00, 0xF1, 0x00, 0xF1,
    0x00, 0xF1, 0x00, 0xF1, 0x00, 0xF1, 0x00, 0xF1,
    0x00, 0xF1, 0x00, 0xF1, 0x00, 0xF1, 0x00, 0xF1,
    0x00, 0xF1, 0x00, 0xF1, 0x00, 0xF1, 0x00, 0xF1,
    0x00, 0xF1, 0x00, 0xF1, 0x00, 0xF0, 0x00, 0xF0,
    0x00, 0xF0, 0x00, 0xF0, 0x00, 0xF0, 0x00, 0xF0,
    0x00, 0xF0, 0x00, 0xF0, 0x00, 0xF0, 0x00, 0xF0,
    0x00, 0xF0, 0x00, 0xF0, 0x00, 0xF0, 0x00, 0xF0,
    0x00, 0xF0, 0x00, 0xF0, 0x00, 0xF0, 0x00, 0xF0,
    0x00, 0xF0, 0x00, 0xF0, 0x00, 0xF0, 0x00, 0xF0,
    0x00, 0xF0, 0x00, 0xF0, 0x00, 0xF0, 0x00, 0xF0,
    0x00, 0xF0, 0x00, 0xF0, 0x00, 0xF0, 0x00, 0xF0,
    0x00, 0xF0, 0x00, 0xF0, 0x00, 0xF0, 0x00, 0xF0,
    0x00, 0xF0, 0x00, 0xF0, 0x00, 0xF0, 0x00, 0xF0,
    0x00, 0xF0, 0x00, 0xF0, 0x00, 0xF0, 0x00, 0xF0,
    0x00, 0xF0, 0x00, 0xF0, 0x00, 0xF0, 0x00, 0xF0,
    0x00, 0xF0, 0x00, 0xF0, 0x00, 0xF0, 0x00, 0xF0,
    0x00, 0xF0, 0x00, 0xF0, 0x01, 0xF0, 0x01, 0xF0,
    0x01, 0xF0, 0x01, 0xF0, 0x01, 0xF0, 0x01, 0xF0,
    0x01, 0xF0, 0x01, 0xF0, 0x01, 0xF0, 0x01, 0xF0,
    0x01, 0xF0, 0x01, 0xF0, 0x01, 0xF0, 0x01, 0xF0,
    0x01, 0xF0, 0x01, 0xF0, 0x01, 0xF0, 0x01, 0xF0,
    0x01, 0xF0, 0x01, 0xF0, 0x01, 0xF0, 0x01, 0xF0,
    0x01, 0xF0, 0x01, 0xF0, 0x01, 0xF0, 0x01, 0xF0,
    0x01, 0xF0, 0x01, 0xF0, 0x01, 0xF0, 0x01, 0xF0,
    0x01, 0xF0, 0x01, 0xF0, 0x01, 0xF0, 0x01, 0xF0,
    0x01, 0xF0, 0x01, 0xF0, 0x01, 0xF0, 0x01, 0xF0,
    0x01, 0xF0, 0x01, 0xF0, 0x01, 0xF0, 0x01, 0xF0,
    0x01, 0xF0, 0x01, 0xF0, 0x01, 0xF0, 0x01, 0xF0,
    0x01, 0xF0, 0x01, 0xF0, 0x01, 0xF0, 0x01, 0xF0,
    0x01, 0xF0, 0x01, 0xF0, 0x01, 0xF0, 0x01, 0xF0,
    0x01, 0xF0, 0x01, 0xF0, 0x01, 0xF0, 0x01, 0xF0,
    0x01, 0xF0, 0x01, 0xF0, 0x01, 0xF0, 0x01, 0xF0,
    0x01, 0xF0, 0x01, 0xF0, 0x01, 0xF0, 0x01, 0xF0,
    0x01, 0xF0, 0x01, 0xF0, 0x01, 0xF0, 0x01, 0xF0,
    0x01, 0xF0, 0x01, 0xF0, 0x01, 0xF0, 0x01, 0xF0,
    0x01, 0xF0, 0x01, 0xF0, 0x01, 0xF0, 0x01, 0xF0,
    0x01, 0xF0, 0x01, 0xF0, 0x01, 0xF0, 0x01, 0xF0,
    0x01, 0xF0, 0x01, 0xF1, 0x01, 0xF1, 0x01, 0xF1,
    0x01, 0xF1, 0x01, 0xF1, 0x01, 0xF1, 0x01, 0xF1,
    0x01, 0xF1, 0x01, 0xF1, 0x01, 0xF1, 0x01, 0xF1,
    0x01, 0xF1, 0x01, 0xF1, 0x01, 0xF1, 0x01, 0xF1,
    0x01, 0xF1, 0x01, 0xF1, 0x01, 0xF1, 0x01, 0xF1,
    0x01, 0xF1, 0x01, 0xF1, 0x01, 0xF1, 0x01, 0xF1,
    0x01, 0xF1, 0x01, 0xF1, 0x01, 0xF1, 0x01, 0xF1,
    0x01, 0xF1, 0x01, 0xF1, 0x01, 0xF1, 0x01, 0xF1,
    0x01, 0xF1, 0x01, 0xF1, 0x01, 0xF1, 0x01, 0xF1,
    0x00, 0xF1, 0x00, 0xF1, 0x00, 0xF1, 0x00, 0xF1,
    0x00, 0xF1, 0x00, 0xF1, 0x00, 0xF1, 0x00, 0xF1,
    0x00, 0xF1, 0x00, 0xF1, 0x00, 0xF1, 0x00, 0xF1,
    0x00, 0xF1, 0x00, 0xF1, 0x00, 0xF1, 0x00, 0xF1,
    0x00, 0xF1, 0x00, 0xF1, 0x00, 0xF1, 0x00, 0xF1,
    0x00, 0xF1, 0x00, 0xF1, 0x00, 0xF1, 0x00, 0xF1,
    0x00, 0xF1, 0x00, 0xF1, 0x00, 0xF1, 0x00, 0xF1,
    0x00, 0xF1, 0x00, 0xF1, 0x00, 0xF1, 0x00, 0xF1,
    0x00, 0xF1, 0x00, 0xF1, 0x00, 0xF1, 0x00, 0xF1,
    0x00, 0xF1, 0x00, 0xF1, 0x00, 0xF1, 0x00, 0xF1,
    0x00, 0xF1, 0x00, 0xF1, 0x00, 0xF1, 0x00, 0xF1,
    0x00, 0xF1, 0x00, 0xF1, 0x00, 0xF1, 0x00, 0xF1,
    0x00, 0xF1, 0x00, 0xF1, 0x00, 0xF1, 0x00, 0xF1,
    0x00, 0xF1, 0x00, 0xF1, 0x00, 0xF1, 0x00, 0xF1,
    0x00, 0xF1, 0x00, 0xF1, 0x00, 0xF1, 0x00, 0xF1,
    0x00, 0xF1, 0x00, 0xF1, 0x00, 0xF1, 0x00, 0xF1,
    0x00, 0xF1, 0x00, 0xF1, 0x00, 0xF1, 0x00, 0xF1,
    0x00, 0xF1, 0x00, 0xF1, 0x00, 0xF1, 0x00, 0xF1,
    0x00, 0xF1, 0x00, 0xF1, 0x00, 0xF1, 0x00, 0xF1,
    0x00, 0xF1, 0x00, 0xF1, 0x00, 0xF1, 0x00, 0xF1,
    0x00, 0xF1, 0x00, 0xF0, 0x00, 0xF0, 0x00, 0xF0,
    0x00, 0xF0, 0x00, 0xF0, 0x00, 0xF0, 0x00, 0xF0,
    0x00, 0xF0, 0x00, 0xF0, 0x00, 0xF0, 0x00, 0xF0,
    0x00, 0xF0, 0x00, 0xF0, 0x00, 0xF0, 0x00, 0xF0,
    0x00, 0xF0, 0x00, 0xF0, 0x00, 0xF0, 0x00, 0xF0,
    0x00, 0xF0, 0x00, 0xF0, 0x00, 0xF0, 0x00, 0xF0,
    0x00, 0xF0, 0x00, 0xF0, 0x00, 0xF0, 0x00, 0xF0,
    0x00, 0xF0, 0x00, 0xF0, 0x00, 0xF0, 0x00, 0xF0,
    0x00, 0xF0, 0x00, 0xF0, 0x00, 0xF0, 0x00, 0xF0,
    0x00, 0xF0, 0x00, 0xF0, 0x00, 0xF0, 0x00, 0xF0,
    0x00, 0xF0, 0x00, 0xF0, 0x00, 0xF0, 0x00, 0xF0,
    0x00, 0xF0, 0x00, 0xF0, 0x00, 0xF0, 0x00, 0xF0,
    0x00, 0xF0, 0x00, 0xF0, 0x00, 0xF0, 0x00, 0xF0,
    0x00, 0xF0, 0x00, 0xF0, 0x00, 0xF0, 0x00, 0xF0,
    0x00, 0xF0, 0x00, 0xF0, 0x00, 0xF0, 0x00, 0xF0,
    0x01, 0xF0, 0x01, 0xF0, 0x01, 0xF0, 0x01, 0xF0,
    0x01, 0xF0, 0x01, 0xF0, 0x01, 0xF0, 0x01, 0xF0,
    0x01, 0xF0, 0x01, 0xF0, 0x01, 0xF0, 0x01, 0xF0,
    0x01, 0xF0, 0x01, 0xF0, 0x01, 0xF0, 0x01, 0xF0,
    0x01, 0xF0, 0x01, 0xF0, 0x01, 0xF0, 0x01, 0xF0,
    0x01, 0xF0, 0x01, 0xF0, 0x01, 0xF0, 0x01, 0xF0,
    0x01, 0xF0, 0x01, 0xF0, 0x01, 0xF0, 0x01, 0xF0,
    0x01, 0xF0, 0x01, 0xF0, 0x01, 0xF0, 0x01, 0xF0,
    0x01, 0xF0, 0x01, 0xF0, 0x01, 0xF0, 0x01, 0xF0,
    0x01, 0xF0, 0x01, 0xF0, 0x01, 0xF0, 0x01, 0xF0,
    0x01, 0xF0, 0x01, 0xF0, 0x01, 0xF0, 0x01, 0xF0,
    0x01, 0xF0, 0x01, 0xF0, 0x01, 0xF0, 0x01, 0xF0,
    0x01, 0xF0, 0x01, 0xF0, 0x01, 0xF0, 0x01, 0xF0,
    0x01, 0xF0, 0x01, 0xF0, 0x01, 0xF0, 0x01, 0xF0,
    0x01, 0xF0, 0x01, 0xF0, 0x01, 0xF0, 0x01, 0xF0,
    0x01, 0xF0, 0x01, 0xF0, 0x01, 0xF0, 0x01, 0xF0,
    0x01, 0xF0, 0x01, 0xF0, 0x01, 0xF0, 0x01, 0xF0,
    0x01, 0xF0, 0x01, 0xF0, 0x01, 0xF0, 0x01, 0xF0,
    0x01, 0xF0, 0x01, 0xF0, 0x01, 0xF0, 0x01, 0xF0,
    0x01, 0xF0, 0x01, 0xF0, 0x01, 0xF0, 0x01, 0xF0,
    0x01, 0xF0, 0x01, 0xF0, 0x01, 0xF0, 0x01, 0xF0,
    0x01, 0xF0, 0x01, 0xF0, 0x01, 0xF0, 0x01, 0xF1,
    0x01, 0xF1, 0x01, 0xF1, 0x01, 0xF1, 0x01, 0xF1,
    0x01, 0xF1, 0x01, 0xF1, 0x01, 0xF1, 0x01, 0xF1,
    0x01, 0xF1, 0x01, 0xF1, 0x01, 0xF1, 0x01, 0xF1,
    0x01, 0xF1, 0x01, 0xF1, 0x01, 0xF1, 0x01, 0xF1,
    0x01, 0xF1, 0x01, 0xF1, 0x01, 0xF1, 0x01, 0xF1,
    0x01, 0xF1, 0x01, 0xF1, 0x01, 0xF1, 0x01, 0xF1,
    0x01, 0xF1, 0x00, 0xF1, 0x00, 0xF1, 0x00, 0xF1,
    0x00, 0xF1, 0x00, 0xF1, 0x00, 0xF1, 0x00, 0xF1,
    0x00, 0xF1, 0x00, 0xF1, 0x00, 0xF1, 0x00, 0xF1,
    0x00, 0xF1, 0x00, 0xF1, 0x00, 0xF1, 0x00, 0xF1,
    0x00, 0xF1, 0x00, 0xF1, 0x00, 0xF1, 0x00, 0xF1,
    0x00, 0xF1, 0x00, 0xF1, 0x00, 0xF1, 0x00, 0xF1,
    0x00, 0xF1, 0x00, 0xF1, 0x00, 0xF1, 0x00, 0xF1,
    0x00, 0xF1, 0x00, 0xF1, 0x00, 0xF1, 0x00, 0xF1,
    0x00, 0xF1, 0x00, 0xF1, 0x00, 0xF1, 0x00, 0xF1,
    0x00, 0xF1, 0x00, 0xF1, 0x00, 0xF1, 0x00, 0xF1,
    0x00, 0xF1, 0x00, 0xF1, 0x00, 0xF1, 0x00, 0xF1,
    0x00, 0xF1, 0x00, 0xF1, 0x00, 0xF1, 0x00, 0xF1,
    0x00, 0xF1, 0x00, 0xF1, 0x00, 0xF1, 0x00, 0xF1,
    0x00, 0xF1, 0x00, 0xF1, 0x00, 0xF1, 0x00, 0xF1,
    0x00, 0xF1, 0x00, 0xF1, 0x00, 0xF1, 0x00, 0xF1,
    0x00, 0xF1, 0x00, 0xF1, 0x00, 0xF1, 0x00, 0xF1,
    0x00, 0xF1, 0x00, 0xF1, 0x00, 0xF1, 0x00, 0xF1,
    0x00, 0xF1, 0x00, 0xF1, 0x00, 0xF1, 0x00, 0xF1,
    0x00, 0xF1, 0x00, 0xF1, 0x00, 0xF1, 0x00, 0xF1,
    0x00, 0xF1, 0x00, 0xF1, 0x00, 0xF1, 0x00, 0xF1,
    0x00, 0xF1, 0x00, 0xF1, 0x00, 0xF1, 0x00, 0xF1,
    0x00, 0xF0, 0x00, 0xF0, 0x00, 0xF0, 0x00, 0xF0,
    0x00, 0xF0, 0x00, 0xF0, 0x00, 0xF0, 0x00, 0xF0,
    0x00, 0xF0, 0x00, 0xF0, 0x00, 0xF0, 0x00, 0xF0,
    0x00, 0xF0, 0x00, 0xF0, 0x00, 0xF0, 0x00, 0xF0,
    0x00, 0xF0, 0x00, 0xF0, 0x00, 0xF0, 0x00, 0xF0,
    0x00, 0xF0, 0x00, 0xF0, 0x00, 0xF0, 0x00, 0xF0,
    0x00, 0xF0, 0x00, 0xF0, 0x00, 0xF0, 0x00, 0xF0,
    0x00, 0xF0, 0x00, 0xF0, 0x00, 0xF0, 0x00, 0xF0,
    0x00, 0xF0, 0x00, 0xF0, 0x00, 0xF0, 0x00, 0xF0,
    0x00, 0xF0, 0x00, 0xF0, 0x00, 0xF0, 0x00, 0xF0,
    0x00, 0xF0, 0x00, 0xF0, 0x00, 0xF0, 0x00, 0xF0,
    0x00, 0xF0, 0x00, 0xF0, 0x00, 0xF0, 0x00, 0xF0,
    0x00, 0xF0, 0x00, 0xF0, 0x00, 0xF0, 0x00, 0xF0,
    0x00, 0xF0, 0x00, 0xF0, 0x00, 0xF0, 0x00, 0xF0,
    0x00, 0xF0, 0x00, 0xF0, 0x00, 0xF0, 0x00, 0xF0,
    0x00, 0xF0, 0x00, 0xF0, 0x00, 0xF0, 0x00, 0xF0,
    0x01, 0xF0, 0x01, 0xF0, 0x01, 0xF0, 0x01, 0xF0,
    0x01, 0xF0, 0x01, 0xF0, 0x01, 0xF0, 0x01, 0xF0,
    0x01, 0xF0, 0x01, 0xF0, 0x01, 0xF0, 0x01, 0xF0,
    0x01, 0xF0, 0x01, 0xF0, 0x01, 0xF0, 0x01, 0xF0,
    0x01, 0xF0, 0x01, 0xF0, 0x01, 0xF0, 0x01, 0xF0,
    0x01, 0xF0, 0x01, 0xF0, 0x01, 0xF0, 0x01, 0xF0,
    0x01, 0xF0, 0x01, 0xF0, 0x01, 0xF0, 0x01, 0xF0,
    0x01, 0xF0, 0x01, 0xF0, 0x01, 0xF0, 0x01, 0xF0,
    0x01, 0xF0, 0x01, 0xF0, 0x01, 0xF0, 0x01, 0xF0,
    0x01, 0xF0, 0x01, 0xF0, 0x01, 0xF0, 0x01, 0xF0,
    0x01, 0xF0, 0x01, 0xF0, 0x01, 0xF0, 0x01, 0xF0,
    0x01, 0xF0, 0x01, 0xF0, 0x01, 0xF0, 0x01, 0xF0,
    0x01, 0xF0, 0x01, 0xF0, 0x01, 0xF0, 0x01, 0xF0,
    0x01, 0xF0, 0x01, 0xF0, 0x01, 0xF0, 0x01, 0xF0,
    0x01, 0xF0, 0x01, 0xF0, 0x01, 0xF0, 0x01, 0xF0,
    0x01, 0xF0, 0x01, 0xF0, 0x01, 0xF0, 0x01, 0xF0,
    0x01, 0xF0, 0x01, 0xF0, 0x01, 0xF0, 0x01, 0xF0,
    0x01, 0xF0, 0x01, 0xF0, 0x01, 0xF0, 0x01, 0xF0,
    0x01, 0xF0, 0x01, 0xF0, 0x01, 0xF0, 0x01, 0xF0,
    0x01, 0xF0, 0x01, 0xF0, 0x01, 0xF0, 0x01, 0xF0,
    0x01, 0xF0, 0x01, 0xF0, 0x01, 0xF0, 0x01, 0xF0,
    0x01, 0xF0, 0x01, 0xF0, 0x01, 0xF0, 0x01, 0xF0,
    0x01, 0xF0, 0x01, 0xF1, 0x01, 0xF1, 0x01, 0xF1,
    0x01, 0xF1, 0x01, 0xF1, 0x01, 0xF1, 0x01, 0xF1,
    0x01, 0xF1, 0x01, 0xF1, 0x01, 0xF1, 0x01, 0xF1,
    0x01, 0xF1, 0x01, 0xF1, 0x01, 0xF1, 0x01, 0xF1,
    0x01, 0xF1, 0x01, 0xF1, 0x00, 0xF1, 0x00, 0xF1,
    0x00, 0xF1, 0x00, 0xF1, 0x00, 0xF1, 0x00, 0xF1,
    0x00, 0xF1, 0x00, 0xF1, 0x00, 0xF1, 0x00, 0xF1,
    0x00, 0xF1, 0x00, 0xF1, 0x00, 0xF1, 0x00, 0xF1,
    0x00, 0xF1, 0x00, 0xF1, 0x00, 0xF1, 0x00, 0xF1,
    0x00, 0xF1, 0x00, 0xF1, 0x00, 0xF1, 0x00, 0xF1,
    0x00, 0xF1, 0x00, 0xF1, 0x00, 0xF1, 0x00, 0xF1,
    0x00, 0xF1, 0x00, 0xF1, 0x00, 0xF1, 0x00, 0xF1,
    0x00, 0xF1, 0x00, 0xF1, 0x00, 0xF1, 0x00, 0xF1,
    0x00, 0xF1, 0x00, 0xF1, 0x00, 0xF1, 0x00, 0xF1,
    0x00, 0xF1, 0x00, 0xF1, 0x00, 0xF1, 0x00, 0xF1,
    0x00, 0xF1, 0x00, 0xF1, 0x00, 0xF1, 0x00, 0xF1,
    0x00, 0xF1, 0x00, 0xF1, 0x00, 0xF1, 0x00, 0xF1,
    0x00, 0xF1, 0x00, 0xF1, 0x00, 0xF1, 0x00, 0xF1,
    0x00, 0xF1, 0x00, 0xF1, 0x00, 0xF1, 0x00, 0xF1,
    0x00, 0xF1, 0x00, 0xF1, 0x00, 0xF1, 0x00, 0xF1,
    0x00, 0xF1, 0x00, 0xF1, 0x00, 0xF1, 0x00, 0xF1,
    0x00, 0xF1, 0x00, 0xF1, 0x00, 0xF1, 0x00, 0xF1,
    0x00, 0xF1, 0x00, 0xF1, 0x00, 0xF1, 0x00, 0xF1,
    0x00, 0xF1, 0x00, 0xF1, 0x00, 0xF1, 0x00, 0xF1,
    0x00, 0xF1, 0x00, 0xF1, 0x00, 0xF1, 0x00, 0xF1,
    0x00, 0xF1, 0x00, 0xF1, 0x00, 0xF1, 0x00, 0xF1,
    0x00, 0xF0, 0x00, 0xF0, 0x00, 0xF0, 0x00, 0xF0,
    0x00, 0xF0, 0x00, 0xF0, 0x00, 0xF0, 0x00, 0xF0,
    0x00, 0xF0, 0x00, 0xF0, 0x00, 0xF0, 0x00, 0xF0,
    0x00, 0xF0, 0x00, 0xF0, 0x00, 0xF0, 0x00, 0xF0,
    0x00, 0xF0, 0x00, 0xF0, 0x00, 0xF0, 0x00, 0xF0,
    0x00, 0xF0, 0x00, 0xF0, 0x00, 0xF0, 0x00, 0xF0,
    0x00, 0xF0, 0x00, 0xF0, 0x00, 0xF0, 0x00, 0xF0,
    0x00, 0xF0, 0x00, 0xF0, 0x00, 0xF0, 0x00, 0xF0,
    0x00, 0xF0, 0x00, 0xF0, 0x00, 0xF0, 0x00, 0xF0,
    0x00, 0xF0, 0x00, 0xF0, 0x00, 0xF0, 0x00, 0xF0,
    0x00, 0xF0, 0x00, 0xF0, 0x00, 0xF0, 0x00, 0xF0,
    0x00, 0xF0, 0x00, 0xF0, 0x00, 0xF0, 0x00, 0xF0,
    0x00, 0xF0, 0x00, 0xF0, 0x00, 0xF0, 0x00, 0xF0,
    0x00, 0xF0, 0x00, 0xF0, 0x00, 0xF0, 0x00, 0xF0,
    0x00, 0xF0, 0x00, 0xF0, 0x00, 0xF0, 0x00, 0xF0,
    0x00, 0xF0, 0x00, 0xF0, 0x00, 0xF0, 0x00, 0xF0,
    0x01, 0xF0, 0x01, 0xF0, 0x01, 0xF0, 0x01, 0xF0,
    0x01, 0xF0, 0x01, 0xF0, 0x01, 0xF0, 0x01, 0xF0,
    0x01, 0xF0, 0x01, 0xF0, 0x01, 0xF0, 0x01, 0xF0,
    0x01, 0xF0, 0x01, 0xF0, 0x01, 0xF0, 0x01, 0xF0,
    0x01, 0xF0, 0x01, 0xF0, 0x01, 0xF0, 0x01, 0xF0,
    0x01, 0xF0, 0x01, 0xF0, 0x01, 0xF0, 0x01, 0xF0,
    0x01, 0xF0, 0x01, 0xF0, 0x01, 0xF0, 0x01, 0xF0,
    0x01, 0xF0, 0x01, 0xF0, 0x01, 0xF0, 0x01, 0xF0,
    0x01, 0xF0, 0x01, 0xF0, 0x01, 0xF0, 0x01, 0xF0,
    0x01, 0xF0, 0x01, 0xF0, 0x01, 0xF0, 0x01, 0xF0,
    0x01, 0xF0, 0x01, 0xF0, 0x01, 0xF0, 0x01, 0xF0,
    0x01, 0xF0, 0x01, 0xF0, 0x01, 0xF0, 0x01, 0xF0,
    0x01, 0xF0, 0x01, 0xF0, 0x01, 0xF0, 0x01, 0xF0,
    0x01, 0xF0, 0x01, 0xF0, 0x01, 0xF0, 0x01, 0xF0,
    0x01, 0xF0, 0x01, 0xF0, 0x01, 0xF0, 0x01, 0xF0,
    0x01, 0xF0, 0x01, 0xF0, 0x01, 0xF0, 0x01, 0xF0,
    0x01, 0xF0, 0x01, 0xF0, 0x01, 0xF0, 0x01, 0xF0,
    0x01, 0xF0, 0x01, 0xF0, 0x01, 0xF0, 0x01, 0xF0,
    0x01, 0xF0, 0x01, 0xF0, 0x01, 0xF0, 0x01, 0xF0,
    0x01, 0xF0, 0x01, 0xF0, 0x01, 0xF0, 0x01, 0xF0,
    0x01, 0xF0, 0x01, 0xF0, 0x01, 0xF0, 0x01, 0xF0,
    0x01, 0xF0, 0x01, 0xF0, 0x01, 0xF0, 0x01, 0xF0,
    0x01, 0xF0, 0x01, 0xF1, 0x01, 0xF1, 0x01, 0xF1,
    0x01, 0xF1, 0x01, 0xF1, 0x01, 0xF1, 0x01, 0xF1,
    0x01, 0xF1, 0x01, 0xF1, 0x01, 0xF1, 0x01, 0xF1,
    0x01, 0xF1, 0x01, 0xF1, 0x01, 0xF1, 0x00, 0xF1,
    0x00, 0xF1, 0x00, 0xF1, 0x00, 0xF1, 0x00, 0xF1,
    0x00, 0xF1, 0x00, 0xF1, 0x00, 0xF1, 0x00, 0xF1,
    0x00, 0xF1, 0x00, 0xF1, 0x00, 0xF1, 0x00, 0xF1,
    0x00, 0xF1, 0x00, 0xF1, 0x00, 0xF1, 0x00, 0xF1,
    0x00, 0xF1, 0x00, 0xF1, 0x00, 0xF1, 0x00, 0xF1,
    0x00, 0xF1, 0x00, 0xF1, 0x00, 0xF1, 0x00, 0xF1,
    0x00, 0xF1, 0x00, 0xF1, 0x00, 0xF1, 0x00, 0xF1,
    0x00, 0xF1, 0x00, 0xF1, 0x00, 0xF1, 0x00, 0xF1,
    0x00, 0xF1, 0x00, 0xF1, 0x00, 0xF1, 0x00, 0xF1,
    0x00, 0xF1, 0x00, 0xF1, 0x00, 0xF1, 0x00, 0xF1,
    0x00, 0xF1, 0x00, 0xF1, 0x00, 0xF1, 0x00, 0xF1,
    0x00, 0xF1, 0x00, 0xF1, 0x00, 0xF1, 0x00, 0xF1,
    0x00, 0xF1, 0x00, 0xF1, 0x00, 0xF1, 0x00, 0xF1,
    0x00, 0xF1, 0x00, 0xF1, 0x00, 0xF1, 0x00, 0xF1,
    0x00, 0xF1, 0x00, 0xF1, 0x00, 0xF1, 0x00, 0xF1,
    0x00, 0xF1, 0x00, 0xF1, 0x00, 0xF1, 0x00, 0xF1,
    0x00, 0xF1, 0x00, 0xF1, 0x00, 0xF1, 0x00, 0xF1,
    0x00, 0xF1, 0x00, 0xF1, 0x00, 0xF1, 0x00, 0xF1,
    0x00, 0xF1, 0x00, 0xF1, 0x00, 0xF1, 0x00, 0xF1,
    0x00, 0xF1, 0x00, 0xF1, 0x00, 0xF1, 0x00, 0xF1,
    0x00, 0xF1, 0x00, 0xF1, 0x00, 0xF1, 0x00, 0xF1,
    0x00, 0xF1, 0x00, 0xF1, 0x00, 0xF1, 0x00, 0xF1,
    0x00, 0xF0, 0x00, 0xF0, 0x00, 0xF0, 0x00, 0xF0,
    0x00, 0xF0, 0x00, 0xF0, 0x00, 0xF0, 0x00, 0xF0,
    0x00, 0xF0, 0x00, 0xF0, 0x00, 0xF0, 0x00, 0xF0,
    0x00, 0xF0, 0x00, 0xF0, 0x00, 0xF0, 0x00, 0xF0,
    0x00, 0xF0, 0x00, 0xF0, 0x00, 0xF0, 0x00, 0xF0,
    0x00, 0xF0, 0x00, 0xF0, 0x00, 0xF0, 0x00, 0xF0,
    0x00, 0xF0, 0x00, 0xF0, 0x00, 0xF0, 0x00, 0xF0,
    0x00, 0xF0, 0x00, 0xF0, 0x00, 0xF0, 0x00, 0xF0,
    0x00, 0xF0, 0x00, 0xF0, 0x00, 0xF0, 0x00, 0xF0,
    0x00, 0xF0, 0x00, 0xF0, 0x00, 0xF0, 0x00, 0xF0,
    0x00, 0xF0, 0x00, 0xF0, 0x00, 0xF0, 0x00, 0xF0,
    0x00, 0xF0, 0x00, 0xF0, 0x00, 0xF0, 0x00, 0xF0,
    0x00, 0xF0, 0x00, 0xF0, 0x00, 0xF0, 0x00, 0xF0,
    0x00, 0xF0, 0x00, 0xF0, 0x00, 0xF0, 0x00, 0xF0,
    0x00, 0xF0, 0x00, 0xF0, 0x00, 0xF0, 0x00, 0xF0,
    0x00, 0xF0, 0x00, 0xF0, 0x00, 0xF0, 0x00, 0xF0,
    0x00, 0xF0, 0x00, 0xF0, 0x00, 0xF0, 0x00, 0xF0,
    0x00, 0xF0, 0x00, 0xF0, 0x00, 0xF0, 0x01, 0xF0,
    0x01, 0xF0, 0x00, 0xF0, 0x00, 0xF0, 0x00, 0xF0,
    0x00, 0xF0, 0x00, 0xF0, 0x01, 0xF0, 0x01, 0xF0,
    0x00, 0xF0, 0x00, 0xF0, 0x01, 0xF0, 0x00, 0xF0,
    0x00, 0xF0, 0x00, 0xF0, 0x01, 0xF0, 0x01, 0xF0,
    0x01, 0xF0, 0x01, 0xF0, 0x01, 0xF0, 0x01, 0xF0,
    0x01, 0xF0, 0x01, 0xF0, 0x01, 0xF0, 0x01, 0xF0,
    0x00, 0xF0, 0x00, 0xF0, 0x01, 0xF0, 0x00, 0xF0,
    0x00, 0xF0, 0x00, 0xF0, 0x00, 0xF0, 0x00, 0xF0,
    0x00, 0xF0, 0x00, 0xF0, 0x00, 0xF0, 0x00, 0xF0,
    0x01, 0xF0, 0x01, 0xF0, 0x01, 0xF0, 0x01, 0xF0,
    0x00, 0xF0, 0x00, 0xF0, 0x00, 0xF0, 0x01, 0xF0,
    0x01, 0xF0, 0x01, 0xF0, 0x01, 0xF0, 0x01, 0xF0,
    0x01, 0xF0, 0x01, 0xF0, 0x01, 0xF0, 0x01, 0xF0,
    0x01, 0xF0, 0x01, 0xF0, 0x01, 0xF0, 0x01, 0xF0,
    0x01, 0xF0, 0x01, 0xF0, 0x01, 0xF0, 0x01, 0xF0,
    0x01, 0xF0, 0x01, 0xF0, 0x01, 0xF0, 0x01, 0xF0,
    0x01, 0xF0, 0x01, 0xF0, 0x01, 0xF0, 0x01, 0xF0,
    0x01, 0xF0, 0x00, 0xF0, 0x01, 0xF0, 0x01, 0xF0,
    0x00, 0xF0, 0x00, 0xF0, 0x01, 0xF0, 0x00, 0xF0,
    0x00, 0xF0, 0x00, 0xF0, 0x00, 0xF0, 0x00, 0xF0,
    0x00, 0xF0, 0x00, 0xF0, 0x01, 0xF0, 0x01, 0xF0,
    0x00, 0xF0, 0x00, 0xF0, 0x01, 0xF0, 0x00, 0xF0,
    0x00, 0xF1, 0x00, 0xF1, 0x00, 0xF1, 0x00, 0xF0,
    0x00, 0xF0, 0x00, 0xF0, 0x00, 0xF1, 0x00, 0xF1,
    0x00, 0xF1, 0x00, 0xF1, 0x00, 0xF0, 0x00, 0xF0,
    0x00, 0xF0, 0x00, 0xF0, 0x00, 0xF0, 0x00, 0xF0,
    0x00, 0xF0, 0x00, 0xF0, 0x00, 0xF0, 0x00, 0xF1,
    0x00, 0xF1, 0x00, 0xF1, 0x00, 0xF1, 0x00, 0xF0,
    0x00, 0xF0, 0x00, 0xF1, 0x00, 0xF1, 0x00, 0xF1,
    0x00, 0xF1, 0x00, 0xF1, 0x00, 0xF1, 0x00, 0xF1,
    0x00, 0xF1, 0x00, 0xF1, 0x00, 0xF1, 0x00, 0xF1,
    0x00, 0xF1, 0x00, 0xF1, 0x00, 0xF0, 0x00, 0xF0,
    0x00, 0xF0, 0x00, 0xF0, 0x00, 0xF0, 0x00, 0xF0,
    0x00, 0xF0, 0x00, 0xF0, 0x00, 0xF0, 0x00, 0xF0,
    0x00, 0xF0, 0x00, 0xF0, 0x00, 0xF0, 0x00, 0xF1,
    0x00, 0xF1, 0x00, 0xF1, 0x00, 0xF1, 0x00, 0xF1,
    0x00, 0xF1, 0x00, 0xF0, 0x00, 0xF0, 0x00, 0xF0,
    0x00, 0xF0, 0x00, 0xF0, 0x00, 0xF0, 0x00, 0xF0,
    0x00, 0xF1, 0x00, 0xF1, 0x00, 0xF1, 0x00, 0xF1,
    0x00, 0xF1, 0x00, 0xF1, 0x00, 0xF1, 0x00, 0xF1,
    0x00, 0xF1, 0x00, 0xF1, 0x00, 0xF1, 0x00, 0xF1,
    0x00, 0xF1, 0x00, 0xF0, 0x00, 0xF0, 0x00, 0xF0,
    0x00, 0xF0, 0x00, 0xF0, 0x00, 0xF0, 0x00, 0xF0,
    0x00, 0xF0, 0x00, 0xF0, 0x00, 0xF0, 0x00, 0xF0,
    0x00, 0xF0, 0x00, 0xF0, 0x00, 0xF0, 0x00, 0xF0,
    0x00, 0xF0, 0x00, 0xF0, 0x00, 0xF0, 0x00, 0xF0,
    0x00, 0xF0, 0x00, 0xF0, 0x00, 0xF0, 0x00, 0xF0,
    0x00, 0xF0, 0x00, 0xF0, 0x00, 0xF0, 0x00, 0xF0,
    0x00, 0xF0, 0x00, 0xF0, 0x00, 0xF0, 0x00, 0xF0,
    0x00, 0xF0, 0x00, 0xF0, 0x00, 0xF0, 0x00, 0xF0,
    0x00, 0xF0, 0x00, 0xF0, 0x00, 0xF0, 0x00, 0xF0,
    0x00, 0xF0, 0x00, 0xF0, 0x00, 0xF0, 0x00, 0xF0,
    0x00, 0xF0, 0x00, 0xF0, 0x00, 0xF0, 0x00, 0xF0,
    0x00, 0xF0, 0x00, 0xF0, 0x00, 0xF0, 0x00, 0xF0,
    0x00, 0xF0, 0x00, 0xF0, 0x00, 0xF0, 0x00, 0xF0,
    0x00, 0xF0, 0x00, 0xF0, 0x00, 0xF0, 0x00, 0xF0,
    0x00, 0xF0, 0x00, 0xF0, 0x00, 0xF0, 0x00, 0xF0,
    0x00, 0xF0, 0x00, 0xF0, 0x00, 0xF0, 0x00, 0xF0,
    0x00, 0xF0, 0x00, 0xF0, 0x00, 0xF0, 0x00, 0xF0,
    0x00, 0xF0, 0x00, 0xF0, 0x00, 0xF0, 0x00, 0xF0,
    0x00, 0xF0, 0x00, 0xF0, 0x00, 0xF0, 0x00, 0xF0,
    0x00, 0xF0, 0x00, 0xF0, 0x00, 0xF0, 0x00, 0xF0,
    0x00, 0xF0, 0x00, 0xF0, 0x00, 0xF0, 0x00, 0xF0,
    0x00, 0xF0, 0x00, 0xF0, 0x00, 0xF0, 0x00, 0xF0,
    0x00, 0xF0, 0x00, 0xF0, 0x00, 0xF0, 0x00, 0xF0,
    0x00, 0xF0, 0x00, 0xF0, 0x00, 0xF0, 0x00, 0xF0,
    0x00, 0xF0, 0x00, 0xF0, 0x00, 0xF0, 0x00, 0xF0,
    0x00, 0xF0, 0x00, 0xF0, 0x00, 0xF0, 0x00, 0xF0,
    0x00, 0xF0, 0x00, 0xF0, 0x00, 0xF0, 0x00, 0xF0,
    0x00, 0xF0, 0x00, 0xF0, 0x00, 0xF0, 0x00, 0xF0,
    0x00, 0xF0, 0x00, 0xF0, 0x00, 0xF0, 0x00, 0xF0,
    0x00, 0xF0, 0x00, 0xF0, 0x00, 0xF0, 0x00, 0xF0,
    0x00, 0xF0, 0x00, 0xF0, 0x00, 0xF0, 0x00, 0xF0,
    0x00, 0xF0, 0x00, 0xF0, 0x00, 0xF0, 0x00, 0xF0,
    0x00, 0xF0, 0x00, 0xF0, 0x00, 0xF0, 0x00, 0xF0,
    0x00, 0xF0, 0x00, 0xF0, 0x00, 0xF0, 0x00, 0xF0,
    0x00, 0xF0, 0x00, 0xF0, 0x00, 0xF0, 0x00, 0xF0,
    0x00, 0xF0, 0x00, 0xF0, 0x00, 0xF0, 0x00, 0xF0,
    0x00, 0xF0, 0x00, 0xF0, 0x00, 0xF0, 0x00, 0xF0,
    0x00, 0xF0, 0x00, 0xF0, 0x00, 0xF0, 0x00, 0xF0,
    0x00, 0xF0, 0x00, 0xF0, 0x00, 0xF0, 0x00, 0xF0,
    0x00, 0xF0, 0x00, 0xF0, 0x00, 0xF0, 0x00, 0xF0,
    0x00, 0xF0, 0x00, 0xF0, 0x00, 0xF0, 0x00, 0xF0,
    0x00, 0xF0, 0x00, 0xF0, 0x00, 0xF0, 0x00, 0xF0,
    0x00, 0xF0, 0x00, 0xF0, 0x00, 0xF0, 0x00, 0xF0,
    0x00, 0xF0, 0x00, 0xF0, 0x00, 0xF0, 0x00, 0xF0,
    0x00, 0xF0, 0x00, 0xF0, 0x00, 0xF0, 0x00, 0xF0,
    0x00, 0xF0, 0x00, 0xF0, 0x00, 0xF0, 0x00, 0xF0,
    0x00, 0xF0, 0x00, 0xF0, 0x00, 0xF0, 0x00, 0xF0,
    0x00, 0xF0, 0x00, 0xF0, 0x00, 0xF0, 0x00, 0xF0,
    0x00, 0xF0, 0x00, 0xF0, 0x00, 0xF0, 0x00, 0xF0,
    0x00, 0xF0, 0x00, 0xF0, 0x00, 0xF0, 0x00, 0xF0,
    0x00, 0xF0, 0x00, 0xF0, 0x00, 0xF0, 0x00, 0xF0,
    0x00, 0xF0, 0x00, 0xF0, 0x00, 0xF0, 0x00, 0xF0,
    0x00, 0xF0, 0x00, 0xF0, 0x00, 0xF0, 0x00, 0xF0,
    0x00, 0xF0, 0x00, 0xF0, 0x00, 0xF0, 0x00, 0xF0,
    0x00, 0xF0, 0x00, 0xF0, 0x00, 0xF0, 0x00, 0xF0,
    0x00, 0xF0, 0x00, 0xF0, 0x00, 0xF0, 0x00, 0xF0,
    0x00, 0xF0, 0x00, 0xF0, 0x00, 0xF0, 0x00, 0xF0,
    0x00, 0xF0, 0x00, 0xF0, 0x00, 0xF0, 0x00, 0xF0,
    0x00, 0xF0, 0x00, 0xF0, 0x00, 0xF0, 0x00, 0xF0,
    0x00, 0xF0, 0x00, 0xF0, 0x00, 0xF0, 0x00, 0xF0,
    0x00, 0xF0, 0x00, 0xF0, 0x00, 0xF0, 0x00, 0xF0,
    0x00, 0xF0, 0x00, 0xF0, 0x00, 0xF0, 0x00, 0xF0,
    0x00, 0xF0, 0x00, 0xF0, 0x00, 0xF0, 0x00, 0xF0,
    0x00, 0xF0, 0x00, 0xF0, 0x00, 0xF0, 0x00, 0xF0,
    0x00, 0xF0, 0x00, 0xF0, 0x00, 0xF0, 0x00, 0xF0,
    0x00, 0xF0, 0x00, 0xF0, 0x00, 0xF0, 0x00, 0xF0,
    0x00, 0xF0, 0x00, 0xF0, 0x00, 0xF0, 0x00, 0xF0,
    0x00, 0xF0, 0x00, 0xF0, 0x00, 0xF0, 0x00, 0xF0,
    0x00, 0xF0, 0x00, 0xF0, 0x00, 0xF0, 0x00, 0xF0,
    0x00, 0xF0, 0x00, 0xF0, 0x00, 0xF0, 0x00, 0xF0,
    0x00, 0xF0, 0x00, 0xF0, 0x00, 0xF0, 0x00, 0xF0,
    0x00, 0xF0, 0x00, 0xF0, 0x00, 0xF0, 0x00, 0xF0,
    0x00, 0xF0, 0x00, 0xF0, 0x00, 0xF0, 0x00, 0xF0,
    0x00, 0xF0, 0x00, 0xF0, 0x00, 0xF0, 0x00, 0xF0,
    0x00, 0xF0, 0x00, 0xF0, 0x00, 0xF0, 0x00, 0xF0,
    0x00, 0xF0, 0x00, 0xF0, 0x00, 0xF0, 0x00, 0xF0,
    0x00, 0xF0, 0x00, 0xF0, 0x00, 0xF0, 0x00, 0xF0,
    0x00, 0xF0, 0x00, 0xF0, 0x00, 0xF0, 0x00, 0xF0,
    0x00, 0xF0, 0x00, 0xF0, 0x00, 0xF0, 0x00, 0xF0,
    0x00, 0xF0, 0x00, 0xF0, 0x00, 0xF0, 0x00, 0xF0,
    0x00, 0xF0, 0x00, 0xF0, 0x00, 0xF0, 0x00, 0xF0,
    0x00, 0xF0, 0x00, 0xF0, 0x00, 0xF0, 0x00, 0xF0,
    0x00, 0xF0, 0x00, 0xF0, 0x00, 0xF0, 0x00, 0xF0,
    0x00, 0xF0, 0x00, 0xF0, 0x00, 0xF0, 0x00, 0xF0,
    0x00, 0xF0, 0x00, 0xF0, 0x00, 0xF0, 0x00, 0xF0,
    0x00, 0xF0, 0x00, 0xF0, 0x00, 0xF0, 0x00, 0xF0,
    0x00, 0xF0, 0x00, 0xF0, 0x00, 0xF0, 0x00, 0xF0,
    0x00, 0xF0, 0x00, 0xF0, 0x00, 0xF0, 0x00, 0xF0,
    0x00, 0xF0, 0x00, 0xF0, 0x00, 0xF0, 0x00, 0xF0,
    0x00, 0xF0, 0x00, 0xF0, 0x00, 0xF0, 0x00, 0xF0,
    0x00, 0xF0, 0x00, 0xF0, 0x00, 0xF0, 0x00, 0xF0,
    0x00, 0xF0, 0x00, 0xF0, 0x00, 0xF0, 0x00, 0xF0,
    0x00, 0xF0, 0x00, 0xF0, 0x00, 0xF0, 0x00, 0xF0,
    0x00, 0xF0, 0x00, 0xF0, 0x00, 0xF0, 0x00, 0xF0,
    0x00, 0xF0, 0x00, 0xF0, 0x00, 0xF0, 0x00, 0xF0,
    0x00, 0xF0, 0x00, 0xF0, 0x00, 0xF0, 0x00, 0xF0,
    0x00, 0xF0, 0x00, 0xF0, 0x00, 0xF0, 0x00, 0xF0,
    0x00, 0xF0, 0x00, 0xF0, 0x00, 0xF0, 0x00, 0xF0,
    0x00, 0xF0, 0x00, 0xF0, 0x00, 0xF0, 0x00, 0xF0,
    0x00, 0xF0, 0x00, 0xF0, 0x00, 0xF0, 0x00, 0xF0,
    0x00, 0xF0, 0x00, 0xF0, 0x00, 0xF0, 0x00, 0xF0,
    0x00, 0xF0, 0x00, 0xF0, 0x00, 0xF0, 0x00, 0xF0,
    0x00, 0xF0, 0x00, 0xF0, 0x00, 0xF0, 0x00, 0xF0,
    0x00, 0xF0, 0x00, 0xF0, 0x00, 0xF0, 0x00, 0xF0,
    0x00, 0xF0, 0x00, 0xF0, 0x00, 0xF0, 0x00, 0xF0,
    0x00, 0xF0, 0x00, 0xF0, 0x00, 0xF0, 0x00, 0xF0,
    0x00, 0xF0, 0x00, 0xF0, 0x00, 0xF0, 0x00, 0xF0,
    0x00, 0xF0, 0x00, 0xF0, 0x00, 0xF0, 0x00, 0xF0,
    0x00, 0xF0, 0x00, 0xF0, 0x00, 0xF0, 0x00, 0xF0,
    0x00, 0xF0, 0x00, 0xF0, 0x00, 0xF0, 0x00, 0xF0,
    0x00, 0xF0, 0x00, 0xF0, 0x00, 0xF0, 0x00, 0xF0,
    0x00, 0xF0, 0x00, 0xF0, 0x00, 0xF0, 0x00, 0xF0,
    0x00, 0xF0, 0x00, 0xF0, 0x00, 0xF0, 0x00, 0xF0,
    0x00, 0xF0, 0x00, 0xF0, 0x00, 0xF0, 0x00, 0xF0,
    0x00, 0xF0, 0x00, 0xF0, 0x00, 0xF0, 0x00, 0xF0,
    0x00, 0xF0, 0x00, 0xF0, 0x00, 0xF0, 0x00, 0xF0,
    0x00, 0xF0, 0x00, 0xF0, 0x00, 0xF0, 0x00, 0xF0,
    0x00, 0xF0, 0x00, 0xF0, 0x00, 0xF0, 0x00, 0xF0,
    0x00, 0xF0, 0x00, 0xF0, 0x00, 0xF0, 0x00, 0xF0,
    0x00, 0xF0, 0x00, 0xF0, 0x00, 0xF0, 0x00, 0xF0,
    0x00, 0xF0, 0x00, 0xF0, 0x00, 0xF0, 0x00, 0xF0,
    0x00, 0xF0, 0x00, 0xF0, 0x00, 0xF0, 0x00, 0xF0,
    0x00, 0xF0, 0x00, 0xF0, 0x00, 0xF0, 0x00, 0xF0,
    0x00, 0xF0, 0x00, 0xF0, 0x00, 0xF0, 0x00, 0xF0,
    0x00, 0xF0, 0x00, 0xF0, 0x00, 0xF0, 0x00, 0xF0,
    0x00, 0xF0, 0x00, 0xF0, 0x00, 0xF0, 0x00, 0xF0,
    0x00, 0xF0, 0x00, 0xF0, 0x00, 0xF0, 0x00, 0xF0,
    0x00, 0xF0, 0x00, 0xF0, 0x00, 0xF0, 0x00, 0xF0,
    0x00, 0xF0, 0x00, 0xF0, 0x00, 0xF0, 0x00, 0xF0,
    0x00, 0xF0, 0x00, 0xF0, 0x00, 0xF0, 0x00, 0xF0,
    0x00, 0xF0, 0x00, 0xF0, 0x00, 0xF0, 0x00, 0xF0,
    0x00, 0xF0, 0x00, 0xF0, 0x00, 0xF0, 0x00, 0xF0,
    0x00, 0xF0, 0x00, 0xF0, 0x00, 0xF0, 0x00, 0xF0,
    0x00, 0xF0, 0x00, 0xF0, 0x00, 0xF0, 0x00, 0xF0,
    0x00, 0xF0, 0x00, 0xF0, 0x00, 0xF0, 0x00, 0xF0,
    0x00, 0xF0, 0x00, 0xF0, 0x00, 0xF0, 0x00, 0xF0,
    0x00, 0xF0, 0x00, 0xF0, 0x00, 0xF0, 0x00, 0xF0,
    0x00, 0xF0, 0x00, 0xF0, 0x00, 0xF0, 0x00, 0xF0,
    0x00, 0xF0, 0x00, 0xF0, 0x00, 0xF0, 0x00, 0xF0,
    0x00, 0xF0, 0x00, 0xF0, 0x00, 0xF0, 0x00, 0xF0,
    0x00, 0xF0, 0x00, 0xF0, 0x00, 0xF0, 0x00, 0xF0,
    0x00, 0xF0, 0x00, 0xF0, 0x00, 0xF0, 0x00, 0xF0,
    0x00, 0xF0, 0x00, 0xF0, 0x00, 0xF0, 0x00, 0xF0,
    0x00, 0xF0, 0x00, 0xF0, 0x00, 0xF0, 0x00, 0xF0,
    0x00, 0xF0, 0x00, 0xF0, 0x00, 0xF0, 0x00, 0xF0,
    0x00, 0xF0, 0x00, 0xF0, 0x00, 0xF0, 0x00, 0xF0,
    0x00, 0xF0, 0x00, 0xF0, 0x00, 0xF0, 0x00, 0xF0,
    0x00, 0xF0, 0x00, 0xF0, 0x00, 0xF0, 0x00, 0xF0,
    0x00, 0xF0, 0x00, 0xF0, 0x00, 0xF0, 0x00, 0xF0,
    0x00, 0xF0, 0x00, 0xF0, 0x00, 0xF0, 0x00, 0xF0,
    0x00, 0xF0, 0x00, 0xF0, 0x00, 0xF0, 0x00, 0xF0,
    0x00, 0xF0, 0x00, 0xF0, 0x00, 0xF0, 0x00, 0xF0,
    0x00, 0xF0, 0x00, 0xF0, 0x00, 0xF0, 0x00, 0xF0,
    0x00, 0xF0, 0x00, 0xF0, 0x00, 0xF0, 0x00, 0xF0,
    0x00, 0xF0, 0x00, 0xF0, 0x00, 0xF0, 0x00, 0xF0,
    0x00, 0xF0, 0x00, 0xF0, 0x00, 0xF0, 0x00, 0xF0,
    0x00, 0xF0, 0x00, 0xF0, 0x00, 0xF0, 0x00, 0xF0,
    0x00, 0xF0, 0x00, 0xF0, 0x00, 0xF0, 0x00, 0xF0,
    0x00, 0xF0, 0x00, 0xF0, 0x00, 0xF0, 0x00, 0xF0,
    0x00, 0xF0, 0x00, 0xF0, 0x00, 0xF0, 0x00, 0xF0,
    0x00, 0xF0, 0x00, 0xF0, 0x00, 0xF0, 0x00, 0xF0,
    0x00, 0xF0, 0x00, 0xF0, 0x00, 0xF0, 0x00, 0xF0,
    0x00, 0xF0, 0x00, 0xF0, 0x00, 0xF0, 0x00, 0xF0,
    0x00, 0xF0, 0x00, 0xF0, 0x00, 0xF0, 0x00, 0xF0,
    0x00, 0xF0, 0x00, 0xF0, 0x00, 0xF0, 0x00, 0xF0,
    0x00, 0xF0, 0x00, 0xF0, 0x00, 0xF0, 0x00, 0xF0,
    0x00, 0xF0, 0x00, 0xF0, 0x00, 0xF0, 0x00, 0xF0,
    0x00, 0xF0, 0x00, 0xF0, 0x00, 0xF0, 0x00, 0xF0,
    0x00, 0xF0, 0x00, 0xF0, 0x00, 0xF0, 0x00, 0xF0,
    0x00, 0xF0, 0x00, 0xF0, 0x00, 0xF0, 0x00, 0xF0,
    0x00, 0xF0, 0x00, 0xF0, 0x00, 0xF0, 0x00, 0xF0,
    0x00, 0xF0, 0x00, 0xF0, 0x00, 0xF0, 0x00, 0xF0,
    0x00, 0xF0, 0x00, 0xF0, 0x00, 0xF0, 0x00, 0xF0,
    0x00, 0xF0, 0x00, 0xF0, 0x00, 0xF0, 0x00, 0xF0,
    0x00, 0xF0, 0x00, 0xF0, 0x00, 0xF0, 0x00, 0xF0,
    0x00, 0xF0, 0x00, 0xF0, 0x00, 0xF0, 0x00, 0xF0,
    0x00, 0xF0, 0x00, 0xF0, 0x00, 0xF0, 0x00, 0xF0,
    0x00, 0xF0, 0x00, 0xF0, 0x00, 0xF0, 0x00, 0xF0,
    0x00, 0xF0, 0x00, 0xF0, 0x00, 0xF0, 0x00, 0xF0,
    0x00, 0xF0, 0x00, 0xF0, 0x00, 0xF0, 0x00, 0xF0,
    0x00, 0xF0, 0x00, 0xF0, 0x00, 0xF0, 0x00, 0xF0,
    0x00, 0xF0, 0x00, 0xF0, 0x00, 0xF0, 0x00, 0xF0,
    0x00, 0xF0, 0x00, 0xF0, 0x00, 0xF0, 0x00, 0xF0,
    0x00, 0xF0, 0x00, 0xF0, 0x00, 0xF0, 0x00, 0xF0,
    0x00, 0xF0, 0x00, 0xF0, 0x00, 0xF0, 0x00, 0xF0,
    0x00, 0xF0, 0x00, 0xF0, 0x00, 0xF0, 0x00, 0xF0,
    0x00, 0xF0, 0x00, 0xF0, 0x00, 0xF0, 0x00, 0xF0,
    0x00, 0xF0, 0x00, 0xF0, 0x00, 0xF0, 0x00, 0xF0,
    0x00, 0xF0, 0x00, 0xF0, 0x00, 0xF0, 0x00, 0xF0,
    0x00, 0xF0, 0x00, 0xF0, 0x00, 0xF0, 0x00, 0xF0,
    0x00, 0xF0, 0x00, 0xF0, 0x00, 0xF0, 0x00, 0xF0,
    0x00, 0xF0, 0x00, 0xF0, 0x00, 0xF0, 0x00, 0xF0,
    0x00, 0xF0, 0x00, 0xF0, 0x00, 0xF0, 0x00, 0xF0,
    0x00, 0xF0, 0x00, 0xF0, 0x00, 0xF0, 0x00, 0xF0,
    0x00, 0xF0, 0x00, 0xF0, 0x00, 0xF0, 0x00, 0xF0,
    0x00, 0xF0, 0x00, 0xF0, 0x00, 0xF0, 0x00, 0xF0,
    0x00, 0xF0, 0x00, 0xF0, 0x00, 0xF0, 0x00, 0xF0,
    0x00, 0xF0, 0x00, 0xF0, 0x00, 0xF0, 0x00, 0xF0,
    0x00, 0xF0, 0x00, 0xF0, 0x00, 0xF0, 0x00, 0xF0,
    0x00, 0xF0, 0x00, 0xF0, 0x00, 0xF0, 0x00, 0xF0,
    0x00, 0xF0, 0x00, 0xF0, 0x00, 0xF0, 0x00, 0xF0,
    0x00, 0xF0, 0x00, 0xF0, 0x00, 0xF0, 0x00, 0xF0,
    0x00, 0xF0, 0x00, 0xF0, 0x00, 0xF0, 0x00, 0xF0,
    0x00, 0xF0, 0x00, 0xF0, 0x00, 0xF0, 0x00, 0xF0,
    0x00, 0xF0, 0x00, 0xF0, 0x00, 0xF0, 0x00, 0xF0,
    0x00, 0xF0, 0x00, 0xF0, 0x00, 0xF0, 0x00, 0xF0,
    0x00, 0xF0, 0x00, 0xF0, 0x00, 0xF0, 0x00, 0xF0,
    0x00, 0xF0, 0x00, 0xF0, 0x00, 0xF0, 0x00, 0xF0,
    0x00, 0xF0, 0x00, 0xF0, 0x00, 0xF0, 0x00, 0xF0,
    0x00, 0xF0, 0x00, 0xF0, 0x00, 0xF0, 0x00, 0xF0,
    0x00, 0xF0, 0x00, 0xF0, 0x00, 0xF0, 0x00, 0xF0,
    0x00, 0xF0, 0x00, 0xF0, 0x00, 0xF0, 0x00, 0xF0,
    0x00, 0xF0, 0x00, 0xF0, 0x00, 0xF0, 0x00, 0xF0,
    0x00, 0xF0, 0x00, 0xF0, 0x00, 0xF0, 0x00, 0xF0,
    0x00, 0xF0, 0x00, 0xF0, 0x00, 0xF0, 0x00, 0xF0,
    0x00, 0xF0, 0x00, 0xF0, 0x00, 0xF0, 0x00, 0xF0,
    0x00, 0xF0, 0x00, 0xF0, 0x00, 0xF0, 0x00, 0xF0,
    0x00, 0xF0, 0x00, 0xF0, 0x00, 0xF0, 0x00, 0xF0,
    0x00, 0xF0, 0x00, 0xF0, 0x00, 0xF0, 0x00, 0xF0,
    0x00, 0xF0, 0x00, 0xF0, 0x00, 0xF0, 0x00, 0xF0,
    0x00, 0xF0, 0x00, 0xF0, 0x00, 0xF0, 0x00, 0xF0,
    0x00, 0xF0, 0x00, 0xF0, 0x00, 0xF0, 0x00, 0xF0,
    0x00, 0xF0, 0x00, 0xF0, 0x00, 0xF0, 0x00, 0xF0,
    0x00, 0xF0, 0x00, 0xF0, 0x00, 0xF0, 0x00, 0xF0,
    0x00, 0xF0, 0x00, 0xF0, 0x00, 0xF0, 0x00, 0xF0,
    0x00, 0xF0, 0x00, 0xF0, 0x00, 0xF0, 0x00, 0xF0,
    0x00, 0xF0, 0x00, 0xF0, 0x00, 0xF0, 0x00, 0xF0,
    0x00, 0xF0, 0x00, 0xF0, 0x00, 0xF0, 0x00, 0xF0,
    0x00, 0xF0, 0x00, 0xF0, 0x00, 0xF0, 0x00, 0xF0,
    0x00, 0xF0, 0x00, 0xF0, 0x00, 0xF0, 0x00, 0xF0,
    0x00, 0xF0, 0x00, 0xF0, 0x00, 0xF0, 0x00, 0xF0,
    0x00, 0xF0, 0x00, 0xF0, 0x00, 0xF0, 0x00, 0xF0,
    0x00, 0xF0, 0x00, 0xF0, 0x00, 0xF0, 0x00, 0xF0,
    0x00, 0xF0, 0x00, 0xF0, 0x00, 0xF0, 0x00, 0xF0,
    0x00, 0xF0, 0x00, 0xF0, 0x00, 0xF0, 0x00, 0xF0,
    0x00, 0xF0, 0x00, 0xF0, 0x00, 0xF0, 0x00, 0xF0,
    0x00, 0xF0, 0x00, 0xF0, 0x00, 0xF0, 0x00, 0xF0,
    0x00, 0xF0, 0x00, 0xF0, 0x00, 0xF0, 0x00, 0xF0,
    0x00, 0xF0, 0x00, 0xF0, 0x00, 0xF0, 0x00, 0xF0,
    0x00, 0xF0, 0x00, 0xF0, 0x00, 0xF0, 0x00, 0xF0,
    0x00, 0xF0, 0x00, 0xF0, 0x00, 0xF0, 0x00, 0xF0,
    0x00, 0xF0, 0x00, 0xF0, 0x00, 0xF0, 0x00, 0xF0,
    0x00, 0xF0, 0x00, 0xF0, 0x00, 0xF0, 0x00, 0xF0,
    0x00, 0xF0, 0x00, 0xF0, 0x00, 0xF0, 0x00, 0xF0,
    0x00, 0xF0, 0x00, 0xF0, 0x00, 0xF0, 0x00, 0xF0,
    0x00, 0xF0, 0x00, 0xF0, 0x00, 0xF0, 0x00, 0xF0,
    0x00, 0xF0, 0x00, 0xF0, 0x00, 0xF0, 0x00, 0xF0,
    0x00, 0xF0, 0x00, 0xF0, 0x00, 0xF0, 0x00, 0xF0,
    0x00, 0xF0, 0x00, 0xF0, 0x00, 0xF0, 0x00, 0xF0,
    0x00, 0xF0, 0x00, 0xF0, 0x00, 0xF0, 0x00, 0xF0,
    0x00, 0xF0, 0x00, 0xF0, 0x00, 0xF0, 0x00, 0xF0,
    0x00, 0xF0, 0x00, 0xF0, 0x00, 0xF0, 0x00, 0xF0,
    0x00, 0xF0, 0x00, 0xF0, 0x00, 0xF0, 0x00, 0xF0,
    0x00, 0xF0, 0x00, 0xF0, 0x00, 0xF0, 0x00, 0xF0,
    0x00, 0xF0, 0x00, 0xF0, 0x00, 0xF0, 0x00, 0xF0,
    0x00, 0xF0, 0x00, 0xF0, 0x00, 0xF0, 0x00, 0xF0,
    0x00, 0xF0, 0x00, 0xF0, 0x00, 0xF0, 0x00, 0xF0,
    0x00, 0xF0, 0x00, 0xF0, 0x00, 0xF0, 0x00, 0xF0,
    0x00, 0xF0, 0x00, 0xF0, 0x00, 0xF0, 0x00, 0xF0,
    0x00, 0xF0, 0x00, 0xF0, 0x00, 0xF0, 0x00, 0xF0,
    0x00, 0xF0, 0x00, 0xF0, 0x00, 0xF0, 0x00, 0xF0,
    0x00, 0xF0, 0x00, 0xF0, 0x00, 0xF0, 0x00, 0xF0,
    0x00, 0xF0, 0x00, 0xF0, 0x00, 0xF0, 0x00, 0xF0,
    0x00, 0xF0, 0x00, 0xF0, 0x00, 0xF0, 0x00, 0xF0,
    0x00, 0xF0, 0x00, 0xF0, 0x00, 0xF0, 0x00, 0xF0,
    0x00, 0xF0, 0x00, 0xF0, 0x00, 0xF0, 0x00, 0xF0,
    0x00, 0xF0, 0x00, 0xF0, 0x00, 0xF0, 0x00, 0xF0,
    0x00, 0xF0, 0x00, 0xF0, 0x00, 0xF0, 0x00, 0xF0,
    0x00, 0xF0, 0x00, 0xF0, 0x00, 0xF0, 0x00, 0xF0,
    0x00, 0xF0, 0x00, 0xF0, 0x00, 0xF0, 0x00, 0xF0,
    0x00, 0xF0, 0x00, 0xF0, 0x00, 0xF0, 0x00, 0xF0,
    0x00, 0xF0, 0x00, 0xF0, 0x00, 0xF0, 0x00, 0xF0,
    0x00, 0xF0, 0x00, 0xF0, 0x00, 0xF0, 0x00, 0xF0,
    0x00, 0xF0, 0x00, 0xF0, 0x00, 0xF0, 0x00, 0xF0,
    0x00, 0xF0, 0x00, 0xF0, 0x00, 0xF0, 0x00, 0xF0,
    0x00, 0xF0, 0x00, 0xF0, 0x00, 0xF0, 0x00, 0xF0,
    0x00, 0xF0, 0x00, 0xF0, 0x00, 0xF0, 0x00, 0xF0,
    0x00, 0xF0, 0x00, 0xF0, 0x00, 0xF0, 0x00, 0xF0,
    0x00, 0xF0, 0x00, 0xF0, 0x00, 0xF0, 0x00, 0xF0,
    0x00, 0xF0, 0x00, 0xF0, 0x00, 0xF0, 0x00, 0xF0,
    0x00, 0xF0, 0x00, 0xF0, 0x00, 0xF0, 0x00, 0xF0,
    0x00, 0xF0, 0x00, 0xF0, 0x00, 0xF0, 0x00, 0xF0,
    0x00, 0xF0, 0x00, 0xF0, 0x00, 0xF0, 0x00, 0xF0,
    0x00, 0xF0, 0x00, 0xF0, 0x00, 0xF0, 0x00, 0xF0,
    0x00, 0xF0, 0x00, 0xF0, 0x00, 0xF0, 0x00, 0xF0,
    0x00, 0xF0, 0x00, 0xF0, 0x00, 0xF0, 0x00, 0xF0,
    0x00, 0xF0, 0x00, 0xF0, 0x00, 0xF0, 0x00, 0xF0,
    0x00, 0xF0, 0x00, 0xF0, 0x00, 0xF0, 0x00, 0xF0,
    0x00, 0xF0, 0x00, 0xF0, 0x00, 0xF0, 0x00, 0xF0,
    0x00, 0xF0, 0x00, 0xF0, 0x00, 0xF0, 0x00, 0xF0,
    0x00, 0xF0, 0x00, 0xF0, 0x00, 0xF0, 0x00, 0xF0,
    0x00, 0xF0, 0x00, 0xF0, 0x00, 0xF0, 0x00, 0xF0,
    0x00, 0xF0, 0x00, 0xF0, 0x00, 0xF0, 0x00, 0xF0,
    0x00, 0xF0, 0x00, 0xF0, 0x00, 0xF0, 0x00, 0xF0,
    0x00, 0xF0, 0x00, 0xF0, 0x00, 0xF0, 0x00, 0xF0,
    0x00, 0xF0, 0x00, 0xF0, 0x00, 0xF0, 0x00, 0xF0,
    0x00, 0xF0, 0x00, 0xF0, 0x00, 0xF0, 0x00, 0xF0,
    0x00, 0xF0, 0x00, 0xF0, 0x00, 0xF0, 0x00, 0xF0,
    0x00, 0xF0, 0x00, 0xF0, 0x00, 0xF0, 0x00, 0xF0,
    0x00, 0xF0, 0x00, 0xF0, 0x00, 0xF0, 0x00, 0xF0,
    0x00, 0xF0, 0x00, 0xF0, 0x00, 0xF0, 0x00, 0xF0,
    0x00, 0xF0, 0x00, 0xF0, 0x00, 0xF0, 0x00, 0xF0,
    0x00, 0xF0, 0x00, 0xF0, 0x00, 0xF0, 0x00, 0xF0,
    0x00, 0xF0, 0x00, 0xF0, 0x00, 0xF0, 0x00, 0xF0,
    0x00, 0xF0, 0x00, 0xF0, 0x00, 0xF0, 0x00, 0xF0,
    0x00, 0xF0, 0x00, 0xF0, 0x00, 0xF0, 0x00, 0xF0,
    0x00, 0xF0, 0x00, 0xF0, 0x00, 0xF0, 0x00, 0xF0,
    0x00, 0xF0, 0x00, 0xF0, 0x00, 0xF0, 0x00, 0xF0,
    0x00, 0xF0, 0x00, 0xF0, 0x00, 0xF0, 0x00, 0xF0,
    0x00, 0xF0, 0x00, 0xF0, 0x00, 0xF0, 0x00, 0xF0,
    0x00, 0xF0, 0x00, 0xF0, 0x00, 0xF0, 0x00, 0xF0,
    0x00, 0xF0, 0x00, 0xF0, 0x00, 0xF0, 0x00, 0xF0,
    0x00, 0xF0, 0x00, 0xF0, 0x00, 0xF0, 0x00, 0xF0,
    0x00, 0xF0, 0x00, 0xF0, 0x00, 0xF0, 0x00, 0xF0,
    0x00, 0xF0, 0x00, 0xF0, 0x00, 0xF0, 0x00, 0xF0,
    0x00, 0xF0, 0x00, 0xF0, 0x00, 0xF0, 0x00, 0xF0,
    0x00, 0xF0, 0x00, 0xF0, 0x00, 0xF0, 0x00, 0xF0,
    0x00, 0xF0, 0x00, 0xF0, 0x00, 0xF0, 0x00, 0xF0,
    0x00, 0xF0, 0x00, 0xF0, 0x00, 0xF0, 0x00, 0xF0,
    0x00, 0xF0, 0x00, 0xF0, 0x00, 0xF0, 0x00, 0xF0,
    0x00, 0xF0, 0x00, 0xF0, 0x00, 0xF0, 0x00, 0xF0,
    0x00, 0xF0, 0x00, 0xF0, 0x00, 0xF0, 0x00, 0xF0,
    0x00, 0xF0, 0x00, 0xF0, 0x00, 0xF0, 0x00, 0xF0,
    0x00, 0xF0, 0x00, 0xF0, 0x00, 0xF0, 0x00, 0xF0,
    0x00, 0xF0, 0x00, 0xF0, 0x00, 0xF0, 0x00, 0xF0,
    0x00, 0xF0, 0x00, 0xF0, 0x00, 0xF0, 0x00, 0xF0,
    0x00, 0xF0, 0x00, 0xF0, 0x00, 0xF0, 0x00, 0xF0,
    0x00, 0xF0, 0x00, 0xF0, 0x00, 0xF0, 0x00, 0xF0,
    0x00, 0xF0, 0x00, 0xF0, 0x00, 0xF0, 0x00, 0xF0,
    0x00, 0xF0, 0x00, 0xF0, 0x00, 0xF0, 0x00, 0xF0,
    0x00, 0xF0, 0x00, 0xF0, 0x00, 0xF0, 0x00, 0xF0,
    0x00, 0xF0, 0x00, 0xF0, 0x00, 0xF0, 0x00, 0xF0,
    0x00, 0xF0, 0x00, 0xF0, 0x00, 0xF0, 0x00, 0xF0,
    0x00, 0xF0, 0x00, 0xF0, 0x00, 0xF0, 0x00, 0xF0,
    0x00, 0xF0, 0x00, 0xF0, 0x00, 0xF0, 0x00, 0xF0,
    0x00, 0xF0, 0x00, 0xF0, 0x00, 0xF0, 0x00, 0xF0,
    0x00, 0xF0, 0x00, 0xF0, 0x00, 0xF0, 0x00, 0xF0,
    0x00, 0xF0, 0x00, 0xF0, 0x00, 0xF0, 0x00, 0xF0,
    0x00, 0xF0, 0x00, 0xF0, 0x00, 0xF0, 0x00, 0xF0,
    0x00, 0xF0, 0x00, 0xF0, 0x00, 0xF0, 0x00, 0xF0,
    0x00, 0xF0, 0x00, 0xF0, 0x00, 0xF0, 0x00, 0xF0,
    0x00, 0xF0, 0x00, 0xF0, 0x00, 0xF0, 0x00, 0xF0,
    0x00, 0xF0, 0x00, 0xF0, 0x00, 0xF0, 0x00, 0xF0,
    0x00, 0xF0, 0x00, 0xF0, 0x00, 0xF0, 0x00, 0xF0,
    0x00, 0xF0, 0x00, 0xF0, 0x00, 0xF0, 0x00, 0xF0,
    0x00, 0xF0, 0x00, 0xF0, 0x00, 0xF0, 0x00, 0xF0,
    0x00, 0xF0, 0x00, 0xF0, 0x00, 0xF0, 0x00, 0xF0,
    0x00, 0xF0, 0x00, 0xF0, 0x00, 0xF0, 0x00, 0xF0,
    0x00, 0xF0, 0x00, 0xF0, 0x00, 0xF0, 0x00, 0xF0,
    0x00, 0xF0, 0x00, 0xF0, 0x00, 0xF0, 0x00, 0xF0,
    0x00, 0xF0, 0x00, 0xF0, 0x00, 0xF0, 0x00, 0xF0,
    0x00, 0xF0, 0x00, 0xF0, 0x00, 0xF0, 0x00, 0xF0,
    0x00, 0xF0, 0x00, 0xF0, 0x00, 0xF0, 0x00, 0xF0,
    0x00, 0xF0, 0x00, 0xF0, 0x00, 0xF0, 0x00, 0xF0,
    0x00, 0xF0, 0x00, 0xF0, 0x00, 0xF0, 0x00, 0xF0,
    0x00, 0xF0, 0x00, 0xF0, 0x00, 0xF0, 0x00, 0xF0,
    0x00, 0xF0, 0x00, 0xF0, 0x00, 0xF0, 0x00, 0xF0,
    0x00, 0xF0, 0x00, 0xF0, 0x00, 0xF0, 0x00, 0xF0,
    0x00, 0xF0, 0x00, 0xF0, 0x00, 0xF0, 0x00, 0xF0,
    0x00, 0xF0, 0x00, 0xF0, 0x00, 0xF0, 0x00, 0xF0,
    0x00, 0xF0, 0x00, 0xF0, 0x00, 0xF0, 0x00, 0xF0,
    0x00, 0xF0, 0x00, 0xF0, 0x00, 0xF0, 0x00, 0xF0,
    0x00, 0xF0, 0x00, 0xF0, 0x00, 0xF0, 0x00, 0xF0,
    0x00, 0xF0, 0x00, 0xF0, 0x00, 0xF0, 0x00, 0xF0,
    0x00, 0xF0, 0x00, 0xF0, 0x00, 0xF0, 0x00, 0xF0,
    0x00, 0xF0, 0x00, 0xF0, 0x00, 0xF0, 0x00, 0xF0,
    0x00, 0xF0, 0x00, 0xF0, 0x00, 0xF0, 0x00, 0xF0,
    0x00, 0xF0, 0x00, 0xF0, 0x00, 0xF0, 0x00, 0xF0,
    0x00, 0xF0, 0x00, 0xF0, 0x00, 0xF0, 0x00, 0xF0,
    0x00, 0xF0, 0x00, 0xF0, 0x00, 0xF0, 0x00, 0xF0,
    0x00, 0xF0, 0x00, 0xF0, 0x00, 0xF0, 0x00, 0xF0,
    0x00, 0xF0, 0x00, 0xF0, 0x00, 0xF0, 0x00, 0xF0,
    0x00, 0xF0, 0x00, 0xF0, 0x00, 0xF0, 0x00, 0xF0,
    0x00, 0xF0, 0x00, 0xF0, 0x00, 0xF0, 0x00, 0xF0,
    0x00, 0xF0, 0x00, 0xF0, 0x00, 0xF0, 0x00, 0xF0,
    0x00, 0xF0, 0x00, 0xF0, 0x00, 0xF0, 0x00, 0xF0,
    0x00, 0xF0, 0x00, 0xF0, 0x00, 0xF0, 0x00, 0xF0,
    0x00, 0xF0, 0x00, 0xF0, 0x00, 0xF0, 0x00, 0xF0,
    0x00, 0xF0, 0x00, 0xF0, 0x00, 0xF0, 0x00, 0xF0,
    0x00, 0xF0, 0x00, 0xF0, 0x00, 0xF0, 0x00, 0xF0,
    0x00, 0xF0, 0x00, 0xF0, 0x00, 0xF0, 0x00, 0xF0,
    0x00, 0xF0, 0x00, 0xF0, 0x00, 0xF0, 0x00, 0xF0,
    0x00, 0xF0, 0x00, 0xF0, 0x00, 0xF0, 0x00, 0xF0,
    0x00, 0xF0, 0x00, 0xF0, 0x00, 0xF0, 0x00, 0xF0,
    0x00, 0xF0, 0x00, 0xF0, 0x00, 0xF0, 0x00, 0xF0,
    0x00, 0xF0, 0x00, 0xF0, 0x00, 0xF0, 0x00, 0xF0,
    0x00, 0xF0, 0x00, 0xF0, 0x00, 0xF0, 0x00, 0xF0,
    0x00, 0xF0, 0x00, 0xF0, 0x00, 0xF0, 0x00, 0xF0,
    0x00, 0xF0, 0x00, 0xF0, 0x00, 0xF0, 0x00, 0xF0,
    0x00, 0xF0, 0x00, 0xF0, 0x00, 0xF0, 0x00, 0xF0,
    0x00, 0xF0, 0x00, 0xF0, 0x00, 0xF0, 0x00, 0xF0,
    0x00, 0xF0, 0x00, 0xF0, 0x00, 0xF0, 0x00, 0xF0,
    0x00, 0xF0, 0x00, 0xF0, 0x00, 0xF0, 0x00, 0xF0,
    0x00, 0xF0, 0x00, 0xF0, 0x00, 0xF0, 0x00, 0xF0,
    0x00, 0xF0, 0x00, 0xF0, 0x00, 0xF0, 0x00, 0xF0,
    0x00, 0xF0, 0x00, 0xF0, 0x00, 0xF0, 0x00, 0xF0
};

