#include <stdint.h>

const uint16_t parrots[57344] = {
    0x677C, 0x675A, 0x6B38, 0x3549, 0x5E93, 0x7B9A, 0x7B98, 0x7BDB,
    0x6B59, 0x6739, 0x6B3A, 0x6F5A, 0x735A, 0x62F7, 0x62F5, 0x6317,
    0x673A, 0x5EF9, 0x5F19, 0x5AF6, 0x5AD4, 0x7379, 0x6B38, 0x5272,
    0x7BDE, 0x739C, 0x633A, 0x673B, 0x633B, 0x673B, 0x675C, 0x5AF8,
    0x4E96, 0x5296, 0x5EF9, 0x6B5C, 0x6B5B, 0x6B5C, 0x675B, 0x673B,
    0x673B, 0x675B, 0x673B, 0x673B, 0x673B, 0x673B, 0x675B, 0x675B,
    0x675C, 0x633C, 0x673B, 0x5695, 0x4E51, 0x4A30, 0x5272, 0x5272,
    0x5272, 0x41CD, 0x45CD, 0x5A93, 0x5A93, 0x5AB4, 0x5AB4, 0x5AD5,
    0x5AD4, 0x5AD5, 0x5AD5, 0x5AF6, 0x6F9B, 0x6737, 0x5271, 0x66B5,
    0x5A51, 0x51EE, 0x49EC, 0x3148, 0x5292, 0x5AF5, 0x5AB2, 0x5650,
    0x520E, 0x45AC, 0x4DEF, 0x45CD, 0x49EE, 0x4A0E, 0x6B16, 0x5EB4,
    0x5672, 0x5EB3, 0x5EB3, 0x6F58, 0x6F59, 0x6B5A, 0x6759, 0x6B59,
    0x6F59, 0x6738, 0x6739, 0x5AD7, 0x14A8, 0x4E73, 0x6F5A, 0x6F58,
    0x7BBB, 0x7FFD, 0x7BDC, 0x7338, 0x6AD5, 0x6AB3, 0x66B4, 0x5E94,
    0x6B39, 0x633A, 0x5F3A, 0x5F3A, 0x633A, 0x631A, 0x631A, 0x631A,
    0x631A, 0x631A, 0x631A, 0x633A, 0x633A, 0x633A, 0x631A, 0x633A,
    0x633A, 0x631A, 0x631A, 0x631A, 0x631A, 0x633A, 0x633A, 0x633A,
    0x633A, 0x633A, 0x633A, 0x631A, 0x631A, 0x631A, 0x631A, 0x631A,
    0x631A, 0x631A, 0x633A, 0x631A, 0x633B, 0x633B, 0x631A, 0x631A,
    0x631A, 0x631A, 0x631A, 0x631A, 0x631A, 0x631A, 0x633A, 0x673B,
    0x631A, 0x631A, 0x631A, 0x631A, 0x6319, 0x6319, 0x6319, 0x5F19,
    0x631A, 0x5F1A, 0x5F1A, 0x631A, 0x631A, 0x631A, 0x5F1A, 0x631A,
    0x631A, 0x631A, 0x631A, 0x631A, 0x631B, 0x5F1A, 0x5F1A, 0x5F1A,
    0x5F1A, 0x5F1A, 0x5F1A, 0x5F1A, 0x5F1A, 0x5F1A, 0x5F1A, 0x5F1A,
    0x5F1A, 0x633A, 0x633B, 0x633A, 0x633A, 0x633B, 0x5F3A, 0x635B,
    0x633A, 0x5295, 0x5EF8, 0x675B, 0x673B, 0x6B5B, 0x675A, 0x6739,
    0x6338, 0x6338, 0x6318, 0x6759, 0x5EF8, 0x3190, 0x35B2, 0x39F5,
    0x3A15, 0x3A35, 0x3615, 0x3614, 0x2DB2, 0x2990, 0x2DB0, 0x4E96,
    0x73BD, 0x7BDE, 0x7FFE, 0x6F7C, 0x254E, 0x35D3, 0x2DB0, 0x31B0,
    0x35D2, 0x31B1, 0x31B0, 0x39F2, 0x2D90, 0x2970, 0x3E13, 0x3E13,
    0x39D1, 0x14A8, 0x35B0, 0x39D1, 0x3E13, 0x39F1, 0x3E12, 0x4212,
    0x39F1, 0x298E, 0x3612, 0x3613, 0x3A12, 0x4232, 0x3E11, 0x3E12,
    0x5F18, 0x6317, 0x62F5, 0x24C5, 0x5A72, 0x7758, 0x7777, 0x7BDB,
    0x6316, 0x5F17, 0x6318, 0x62F6, 0x6717, 0x5EF5, 0x62F5, 0x6B38,
    0x5293, 0x5294, 0x6739, 0x5AD5, 0x5EF5, 0x460F, 0x3DCD, 0x62F6,
    0x6318, 0x6318, 0x675A, 0x675B, 0x675B, 0x673B, 0x675B, 0x673B,
    0x6B5C, 0x673B, 0x631A, 0x56B7, 0x56D7, 0x5AD8, 0x673B, 0x675C,
    0x675C, 0x675C, 0x673B, 0x673B, 0x675B, 0x673B, 0x675B, 0x675B,
    0x675C, 0x6B5C, 0x6F7C, 0x5694, 0x4E4F, 0x4A2E, 0x4E50, 0x4E2F,
    0x522F, 0x45CC, 0x45CC, 0x4E0F, 0x4E2F, 0x4E2F, 0x4E2E, 0x4E2F,
    0x4A0F, 0x4A2F, 0x4A2F, 0x5AD3, 0x6F77, 0x39EB, 0x5EF4, 0x5691,
    0x62D5, 0x4E0E, 0x45CD, 0x3529, 0x4E0F, 0x4A2F, 0x4A0E, 0x4E30,
    0x5A93, 0x3DAC, 0x5631, 0x5230, 0x4E2F, 0x4A0E, 0x62D4, 0x5E93,
    0x45EE, 0x41CC, 0x5A92, 0x7BBB, 0x6F59, 0x6739, 0x6759, 0x739B,
    0x7FFE, 0x739B, 0x675A, 0x5AD7, 0x252B, 0x6318, 0x7BDE, 0x7FFD,
    0x7FFD, 0x7FFE, 0x7FFE, 0x7FFD, 0x7FDC, 0x7FDC, 0x7FDD, 0x7BBC,
    0x6739, 0x631A, 0x631A, 0x631A, 0x633A, 0x633A, 0x633A, 0x633A,
    0x631A, 0x633A, 0x633A, 0x631A, 0x631A, 0x631A, 0x633A, 0x633A,
    0x633A, 0x633A, 0x631A, 0x631A, 0x631A, 0x631A, 0x631A, 0x633A,
    0x631A, 0x633A, 0x633A, 0x631A, 0x633A, 0x633A, 0x633A, 0x633A,
    0x631A, 0x631A, 0x633A, 0x631A, 0x633A, 0x633A, 0x631A, 0x631A,
    0x631A, 0x631A, 0x631A, 0x631A, 0x631A, 0x633A, 0x633A, 0x631A,
    0x631A, 0x631A, 0x631A, 0x631A, 0x631A, 0x631A, 0x631A, 0x631A,
    0x631A, 0x631A, 0x631A, 0x631A, 0x631A, 0x631A, 0x631A, 0x631A,
    0x5F1A, 0x631A, 0x631A, 0x631A, 0x5EF9, 0x5EF9, 0x631A, 0x5F1A,
    0x5F1A, 0x5F1A, 0x5F1A, 0x5F1A, 0x5F1A, 0x5F1A, 0x5F1A, 0x5F1A,
    0x5F1B, 0x5F1B, 0x631B, 0x631B, 0x5F1B, 0x633B, 0x633B, 0x631B,
    0x673B, 0x5296, 0x5AD8, 0x6B5B, 0x6B5B, 0x5AB7, 0x5AD6, 0x739B,
    0x7BDD, 0x7FDE, 0x7FFE, 0x7FFF, 0x56B6, 0x39D3, 0x39F5, 0x35F5,
    0x31F4, 0x3615, 0x3215, 0x31F5, 0x3615, 0x3A15, 0x3A15, 0x35F3,
    0x35F2, 0x3E12, 0x4A94, 0x4233, 0x1D0D, 0x2D71, 0x2D90, 0x2D90,
    0x35D2, 0x31B1, 0x31B0, 0x39F2, 0x254E, 0x2D90, 0x39F2, 0x3DF2,
    0x3DF1, 0x210B, 0x35D0, 0x39D1, 0x3E13, 0x39D1, 0x3E12, 0x3DF1,
    0x252C, 0x254D, 0x3A12, 0x3A13, 0x39F2, 0x3E12, 0x3E11, 0x4232,
    0x294A, 0x316B, 0x5AB3, 0x1C62, 0x5E93, 0x7759, 0x7357, 0x7FDB,
    0x462E, 0x318B, 0x318C, 0x358B, 0x318A, 0x2D6A, 0x2D49, 0x358B,
    0x2107, 0x1CE7, 0x294A, 0x2949, 0x2528, 0x20C6, 0x5273, 0x5ED5,
    0x5693, 0x41EF, 0x4210, 0x5294, 0x5AD6, 0x5EF8, 0x5EF8, 0x6B5B,
    0x633A, 0x673B, 0x673B, 0x673B, 0x673B, 0x673B, 0x56D8, 0x4A75,
    0x4E76, 0x5AF9, 0x631A, 0x673B, 0x673B, 0x673B, 0x675B, 0x673B,
    0x633B, 0x675B, 0x6F5B, 0x5271, 0x4E2E, 0x4A0D, 0x4E2E, 0x522E,
    0x41AB, 0x49ED, 0x45AB, 0x49ED, 0x4E0E, 0x4E0D, 0x4E2D, 0x522F,
    0x4E0E, 0x522F, 0x564E, 0x6F34, 0x77B6, 0x6B54, 0x3E0A, 0x6334,
    0x6736, 0x4A2F, 0x4A0F, 0x3D6B, 0x5210, 0x522F, 0x4E2F, 0x5271,
    0x6B59, 0x5251, 0x5E93, 0x779B, 0x4E50, 0x4A0E, 0x66F5, 0x5A93,
    0x41AC, 0x398B, 0x398A, 0x6B38, 0x3DCD, 0x39CF, 0x31AC, 0x5AD6,
    0x7FFE, 0x6B5A, 0x5F18, 0x5F18, 0x4210, 0x5EF7, 0x7FFE, 0x7BDD,
    0x7FFD, 0x7FFD, 0x7FFD, 0x7FFE, 0x7FFE, 0x7FFD, 0x7FFD, 0x77BD,
    0x673A, 0x631A, 0x671B, 0x671B, 0x633A, 0x633A, 0x633A, 0x633A,
    0x633A, 0x633A, 0x633A, 0x633A, 0x633A, 0x633A, 0x631A, 0x633A,
    0x633A, 0x633A, 0x633A, 0x633A, 0x633A, 0x631A, 0x633A, 0x633A,
    0x633A, 0x633A, 0x633A, 0x633A, 0x633A, 0x633A, 0x633A, 0x633A,
    0x631A, 0x631A, 0x633A, 0x631A, 0x633A, 0x633A, 0x631A, 0x631A,
    0x631A, 0x633A, 0x631A, 0x631A, 0x633A, 0x633A, 0x631A, 0x631A,
    0x631A, 0x631A, 0x631A, 0x631A, 0x631A, 0x631A, 0x631A, 0x631A,
    0x631A, 0x631A, 0x631A, 0x631A, 0x631A, 0x631A, 0x631A, 0x631A,
    0x5EF9, 0x5EF9, 0x5F19, 0x5F19, 0x6319, 0x5F19, 0x5F19, 0x5F19,
    0x631A, 0x631A, 0x631A, 0x631A, 0x5EFA, 0x5F1A, 0x5F1A, 0x5F1A,
    0x5F1A, 0x631A, 0x631A, 0x631B, 0x633B, 0x633B, 0x633B, 0x673B,
    0x673B, 0x5AD8, 0x631A, 0x673B, 0x6B3B, 0x5ED7, 0x6718, 0x779B,
    0x7FDD, 0x737A, 0x779B, 0x5695, 0x20CA, 0x39F3, 0x35F5, 0x35F5,
    0x35F5, 0x39F5, 0x3615, 0x3615, 0x35F5, 0x39F5, 0x35D4, 0x3A15,
    0x3E14, 0x3A13, 0x3E13, 0x39F4, 0x31B2, 0x2D92, 0x2970, 0x296F,
    0x35D2, 0x254D, 0x39D2, 0x39F2, 0x1D0C, 0x2D90, 0x39F2, 0x3E13,
    0x3DF1, 0x35B0, 0x39D1, 0x39F2, 0x3E13, 0x39F1, 0x3E12, 0x3DF1,
    0x1CEA, 0x294D, 0x3A12, 0x4676, 0x39F2, 0x3E12, 0x3E11, 0x4212,
    0x3DCD, 0x41EE, 0x5AD4, 0x1C82, 0x5E92, 0x7758, 0x7B9A, 0x7FDB,
    0x358A, 0x0C42, 0x1043, 0x1023, 0x314A, 0x358C, 0x358C, 0x358C,
    0x35AD, 0x3DEF, 0x39CF, 0x2509, 0x1CA6, 0x312A, 0x45EF, 0x4E51,
    0x7BDD, 0x7BDD, 0x77BC, 0x6F7A, 0x6738, 0x5694, 0x4E52, 0x4A53,
    0x56B6, 0x5AF8, 0x631A, 0x673B, 0x673A, 0x633A, 0x673B, 0x675B,
    0x675C, 0x5F19, 0x56B7, 0x4E96, 0x52B7, 0x56D8, 0x5EF9, 0x673B,
    0x675C, 0x631A, 0x6F5B, 0x4E31, 0x4A0D, 0x4A0D, 0x4E2E, 0x4E0E,
    0x49EC, 0x45AB, 0x45AC, 0x49CD, 0x4E2F, 0x4A0E, 0x4A0D, 0x45ED,
    0x49ED, 0x4A0E, 0x6B35, 0x7376, 0x7FD7, 0x7FD7, 0x5ECF, 0x4A6E,
    0x7398, 0x6716, 0x66F6, 0x45CC, 0x562F, 0x522F, 0x5A92, 0x5692,
    0x460E, 0x4E2F, 0x45ED, 0x56B3, 0x56B4, 0x420F, 0x6716, 0x62F5,
    0x460E, 0x4A0F, 0x41CD, 0x6F79, 0x5AD5, 0x5294, 0x4A72, 0x56D5,
    0x6F7A, 0x4A52, 0x4210, 0x5293, 0x4E72, 0x5AD5, 0x77BC, 0x77BC,
    0x77BB, 0x7BDD, 0x7FFE, 0x7FFE, 0x7FFE, 0x7FFD, 0x7FFD, 0x739C,
    0x5F19, 0x631A, 0x631B, 0x631A, 0x631A, 0x631A, 0x631A, 0x631A,
    0x631A, 0x631A, 0x631A, 0x633A, 0x631A, 0x633A, 0x633A, 0x633A,
    0x633A, 0x633A, 0x633A, 0x633A, 0x633A, 0x633A, 0x633A, 0x633A,
    0x633A, 0x633B, 0x673B, 0x633A, 0x673B, 0x673A, 0x673A, 0x633A,
    0x631A, 0x673B, 0x631A, 0x633A, 0x633A, 0x633A, 0x633B, 0x633B,
    0x633A, 0x631A, 0x631A, 0x631A, 0x631A, 0x633A, 0x633A, 0x631A,
    0x631A, 0x631A, 0x631A, 0x631A, 0x631A, 0x631A, 0x631A, 0x631A,
    0x633A, 0x6319, 0x6319, 0x6319, 0x6319, 0x6319, 0x6319, 0x6319,
    0x6319, 0x5EF8, 0x56B5, 0x5295, 0x5EF7, 0x62F8, 0x6319, 0x6318,
    0x6318, 0x6318, 0x6319, 0x6318, 0x6318, 0x6319, 0x6319, 0x6339,
    0x6318, 0x6319, 0x6319, 0x6339, 0x673A, 0x6B7B, 0x673A, 0x673A,
    0x6B3A, 0x5ED7, 0x5AD6, 0x6B5A, 0x6B5A, 0x6B5A, 0x5AB5, 0x779B,
    0x7FBC, 0x66F6, 0x6F39, 0x354D, 0x2D2D, 0x41F3, 0x3191, 0x39F4,
    0x39B3, 0x39B2, 0x39B2, 0x3191, 0x3DD3, 0x292E, 0x41F4, 0x290E,
    0x3570, 0x3170, 0x250E, 0x39D4, 0x2970, 0x31B2, 0x214E, 0x256E,
    0x35D1, 0x296E, 0x35D1, 0x39F2, 0x2D90, 0x35B1, 0x35D1, 0x3E12,
    0x3E12, 0x4213, 0x39D1, 0x39D1, 0x35D1, 0x39D1, 0x4212, 0x39F1,
    0x1CEB, 0x252D, 0x2D8F, 0x39F2, 0x39F1, 0x3E12, 0x4211, 0x4232,
    0x39AC, 0x4A50, 0x56D4, 0x18A3, 0x522E, 0x7757, 0x7B9A, 0x7BDC,
    0x35AB, 0x1064, 0x1465, 0x1845, 0x2D2B, 0x358E, 0x35AE, 0x2D6D,
    0x1087, 0x1087, 0x1067, 0x1467, 0x396E, 0x1CA6, 0x41CE, 0x5693,
    0x77BC, 0x7FFE, 0x7FFE, 0x7FFE, 0x7FFE, 0x7FFE, 0x7BDD, 0x779C,
    0x739B, 0x5EF7, 0x56B4, 0x4632, 0x4A53, 0x56B6, 0x6319, 0x673A,
    0x673A, 0x673A, 0x633A, 0x673B, 0x673B, 0x633A, 0x5AF9, 0x52B7,
    0x4E97, 0x5297, 0x5AB7, 0x41EF, 0x45ED, 0x49ED, 0x4E0E, 0x4A0E,
    0x49ED, 0x28E5, 0x3548, 0x4A0E, 0x460E, 0x4A2F, 0x4E2F, 0x4E2F,
    0x4E2F, 0x6B37, 0x6F57, 0x7BDA, 0x7797, 0x7374, 0x6F55, 0x4A4E,
    0x5691, 0x5A91, 0x45ED, 0x3989, 0x524F, 0x564F, 0x5250, 0x4A2F,
    0x3569, 0x49ED, 0x45EC, 0x39CC, 0x4E93, 0x2549, 0x6338, 0x5293,
    0x318A, 0x24E7, 0x6316, 0x77BC, 0x7BDD, 0x7FFF, 0x7BDE, 0x7FFF,
    0x7FFE, 0x739C, 0x6F5A, 0x5694, 0x39AD, 0x5AD6, 0x77BC, 0x77BC,
    0x7BBC, 0x7FDD, 0x7FDD, 0x7FDD, 0x7FDD, 0x7FFD, 0x7FFD, 0x739C,
    0x5F19, 0x633B, 0x633B, 0x633B, 0x633A, 0x631A, 0x5F1A, 0x631A,
    0x631A, 0x631A, 0x631A, 0x631A, 0x631A, 0x631A, 0x633A, 0x631A,
    0x631A, 0x631A, 0x631A, 0x631A, 0x633A, 0x631A, 0x631A, 0x631A,
    0x631A, 0x631A, 0x631A, 0x631A, 0x631A, 0x631A, 0x631A, 0x631A,
    0x633A, 0x631A, 0x631A, 0x631A, 0x633A, 0x631A, 0x673B, 0x631A,
    0x633A, 0x633B, 0x631A, 0x631A, 0x631A, 0x631A, 0x631A, 0x631A,
    0x631A, 0x631A, 0x633A, 0x633A, 0x633A, 0x631A, 0x631B, 0x631A,
    0x5EF8, 0x6318, 0x6739, 0x6318, 0x6718, 0x6718, 0x6318, 0x6318,
    0x6718, 0x5EF7, 0x5AB5, 0x5EF6, 0x6B39, 0x6B59, 0x6B39, 0x6B39,
    0x6B58, 0x6B38, 0x6738, 0x6B38, 0x6B58, 0x6B59, 0x6B59, 0x6B58,
    0x6B59, 0x6738, 0x6738, 0x6B59, 0x6B38, 0x739B, 0x6F59, 0x6F59,
    0x6F59, 0x6717, 0x62F7, 0x737A, 0x737B, 0x739B, 0x4A50, 0x7FFE,
    0x6B38, 0x777B, 0x4E32, 0x41B1, 0x358F, 0x356F, 0x292D, 0x39B1,
    0x20CA, 0x41B2, 0x24EB, 0x3990, 0x2D0D, 0x312E, 0x312E, 0x354E,
    0x312D, 0x24EC, 0x2D2F, 0x39B3, 0x20EC, 0x31B1, 0x214E, 0x256E,
    0x35D1, 0x35B1, 0x35D1, 0x39D2, 0x31B0, 0x35D1, 0x39F1, 0x3E12,
    0x4213, 0x35D1, 0x35D1, 0x35B0, 0x2D8F, 0x39D0, 0x3E12, 0x3E12,
    0x2D8F, 0x2D8F, 0x39D2, 0x39F2, 0x31B0, 0x4212, 0x4211, 0x4212,
    0x739C, 0x5293, 0x6338, 0x318A, 0x520D, 0x6EF3, 0x7B99, 0x77DB,
    0x31AB, 0x1D29, 0x252A, 0x1CA7, 0x314C, 0x3DD0, 0x39F0, 0x35D0,
    0x0868, 0x0868, 0x0C68, 0x1087, 0x4A12, 0x398D, 0x4E51, 0x5EF6,
    0x77BC, 0x7FFE, 0x7FFE, 0x7FFE, 0x7FFD, 0x7FFE, 0x7FFD, 0x7FFE,
    0x7FDD, 0x7FFD, 0x7FDD, 0x7BBD, 0x77BD, 0x6739, 0x5EF7, 0x4A73,
    0x4A53, 0x5AD7, 0x675B, 0x673B, 0x673B, 0x673B, 0x673B, 0x675C,
    0x633B, 0x673B, 0x671A, 0x4E31, 0x4A0E, 0x4E0D, 0x49ED, 0x3DAA,
    0x5EB3, 0x3528, 0x3948, 0x62F5, 0x779B, 0x62F5, 0x4E0E, 0x4E0E,
    0x6B36, 0x62F4, 0x779A, 0x6F78, 0x6B58, 0x5EF5, 0x6B57, 0x77BB,
    0x41CC, 0x6B17, 0x4E30, 0x3569, 0x5230, 0x5630, 0x4A0F, 0x1082,
    0x1CC4, 0x45AC, 0x3D8A, 0x41EE, 0x739B, 0x675A, 0x6B7A, 0x6738,
    0x39CD, 0x5694, 0x779B, 0x7FFE, 0x73BC, 0x6F9B, 0x6F7A, 0x739C,
    0x7FFF, 0x6738, 0x6738, 0x5EF6, 0x5EF7, 0x6318, 0x739B, 0x7BDC,
    0x7FFD, 0x6F7A, 0x7FFD, 0x7FFD, 0x7FFE, 0x7FFD, 0x7FFE, 0x739C,
    0x56D7, 0x56D8, 0x56D8, 0x52B7, 0x52B7, 0x56B7, 0x5EF9, 0x5F1A,
    0x5F19, 0x631A, 0x633B, 0x633A, 0x633A, 0x631A, 0x631A, 0x631A,
    0x631A, 0x633A, 0x631A, 0x5F19, 0x631A, 0x631A, 0x5F1A, 0x631A,
    0x631A, 0x631A, 0x631A, 0x631A, 0x631A, 0x631A, 0x631A, 0x631A,
    0x631A, 0x633A, 0x631A, 0x631A, 0x631A, 0x631A, 0x631A, 0x631A,
    0x631A, 0x631A, 0x631A, 0x631A, 0x631A, 0x5F1A, 0x631A, 0x631A,
    0x631A, 0x5F19, 0x5F19, 0x5F19, 0x5F1A, 0x631A, 0x631A, 0x6319,
    0x56B6, 0x6B59, 0x6738, 0x6B58, 0x6B37, 0x6717, 0x6B38, 0x6F58,
    0x6B38, 0x6B38, 0x6B37, 0x6B38, 0x6F58, 0x6B37, 0x6F58, 0x6B37,
    0x6716, 0x6716, 0x6B37, 0x6F58, 0x6F58, 0x6B37, 0x6B38, 0x6B37,
    0x6B37, 0x6B37, 0x6B38, 0x6B37, 0x6B38, 0x6B38, 0x6F58, 0x6F59,
    0x6F58, 0x6B17, 0x5ED5, 0x737A, 0x737A, 0x739A, 0x5292, 0x7FFE,
    0x6718, 0x6B3A, 0x2D2D, 0x39B2, 0x39B1, 0x292D, 0x24EB, 0x24EC,
    0x358F, 0x20CB, 0x314E, 0x24EC, 0x28ED, 0x24CC, 0x290D, 0x24CB,
    0x314E, 0x252D, 0x3171, 0x39D4, 0x14AA, 0x35B1, 0x254E, 0x296F,
    0x35D1, 0x3190, 0x35D1, 0x296F, 0x31B0, 0x35D1, 0x39F1, 0x3E12,
    0x3E13, 0x39D2, 0x39D1, 0x35D1, 0x2D8E, 0x39F1, 0x3E11, 0x3E12,
    0x39F2, 0x31B0, 0x39F2, 0x31B0, 0x39F2, 0x4212, 0x4211, 0x4212,
    0x4A92, 0x4A51, 0x4272, 0x39CD, 0x49EB, 0x6AB2, 0x7B78, 0x77DB,
    0x2E0B, 0x25AB, 0x4EB5, 0x4610, 0x4A32, 0x3E11, 0x3A11, 0x3A11,
    0x14EA, 0x1089, 0x1089, 0x316D, 0x6318, 0x4E52, 0x41CE, 0x5693,
    0x7BDD, 0x7FFE, 0x7FFE, 0x7FFE, 0x7FFD, 0x7FDD, 0x7FFD, 0x7FFD,
    0x7FFE, 0x7FFD, 0x7FFD, 0x7FFD, 0x7FFE, 0x7FFE, 0x7FFE, 0x7FDE,
    0x77BC, 0x6F7C, 0x675B, 0x633B, 0x675B, 0x633B, 0x675C, 0x675C,
    0x675C, 0x633B, 0x673A, 0x4A30, 0x4A0D, 0x4A0C, 0x4E0D, 0x4DED,
    0x5A71, 0x3D69, 0x41AB, 0x522F, 0x5692, 0x5672, 0x4E0D, 0x5EB1,
    0x6714, 0x6B56, 0x6F78, 0x6B59, 0x6B5A, 0x5AD6, 0x6318, 0x779B,
    0x6717, 0x2D4A, 0x739B, 0x2D27, 0x5A72, 0x5210, 0x24C7, 0x0C62,
    0x18C5, 0x49EE, 0x6AF4, 0x62D5, 0x5AD5, 0x316C, 0x6719, 0x6B59,
    0x3DCD, 0x6717, 0x779B, 0x7BDD, 0x4E72, 0x56D5, 0x4A51, 0x5F17,
    0x7BFE, 0x6317, 0x7BDD, 0x4E72, 0x6759, 0x5EF6, 0x73BC, 0x6B59,
    0x739A, 0x5292, 0x7BDC, 0x737A, 0x739B, 0x7FFD, 0x7FFD, 0x6F7B,
    0x673A, 0x673A, 0x633A, 0x633B, 0x673B, 0x633B, 0x633B, 0x633A,
    0x5F1A, 0x5AF9, 0x5AF8, 0x56D7, 0x56B7, 0x56D7, 0x5AD8, 0x5AD8,
    0x5EF9, 0x5EF9, 0x5EF9, 0x631A, 0x631A, 0x631A, 0x673B, 0x673B,
    0x631A, 0x631A, 0x631A, 0x631A, 0x631A, 0x631A, 0x631A, 0x633A,
    0x631A, 0x5AD8, 0x5EF9, 0x631A, 0x631A, 0x633A, 0x631A, 0x631A,
    0x631A, 0x631A, 0x5F1A, 0x631A, 0x631B, 0x631A, 0x631A, 0x631A,
    0x631A, 0x5F19, 0x5F1A, 0x5F1A, 0x5F19, 0x5F19, 0x633A, 0x673A,
    0x35AD, 0x6F7A, 0x6B58, 0x6F37, 0x6F37, 0x6B16, 0x6B37, 0x6B37,
    0x6F37, 0x6B38, 0x6B38, 0x6F58, 0x6B37, 0x6B37, 0x6716, 0x62F5,
    0x6716, 0x6F58, 0x6B37, 0x6B38, 0x6F59, 0x7379, 0x6F58, 0x6F58,
    0x6F58, 0x6F38, 0x6F38, 0x6F59, 0x6F38, 0x6F38, 0x737A, 0x6F59,
    0x7379, 0x5EB4, 0x5694, 0x62F7, 0x6F79, 0x7FFE, 0x6317, 0x739B,
    0x6B5A, 0x39B1, 0x35B2, 0x35D4, 0x2970, 0x3191, 0x35B2, 0x3DF4,
    0x35B2, 0x4215, 0x35D3, 0x3DF6, 0x39D5, 0x3DF5, 0x39D3, 0x210D,
    0x3E14, 0x35F3, 0x3E16, 0x35B3, 0x108A, 0x3190, 0x294F, 0x296E,
    0x31B0, 0x2D8F, 0x39F2, 0x39F2, 0x31B0, 0x39F2, 0x35F1, 0x3A12,
    0x3E13, 0x39F2, 0x39F2, 0x35D1, 0x35D1, 0x39F1, 0x3E12, 0x3E13,
    0x35D1, 0x39F2, 0x39F2, 0x35D1, 0x3E12, 0x4232, 0x4212, 0x4232,
    0x6779, 0x6316, 0x6BBC, 0x4EB4, 0x45CB, 0x6EF3, 0x7B58, 0x77DC,
    0x260B, 0x260D, 0x6B9B, 0x5694, 0x779C, 0x5F18, 0x4252, 0x56F6,
    0x39EF, 0x39CF, 0x358E, 0x4A32, 0x6718, 0x6317, 0x3DAD, 0x356B,
    0x7FDD, 0x7FFE, 0x7FFE, 0x7FFE, 0x7FFD, 0x7FFD, 0x7FFD, 0x7FFD,
    0x7FFD, 0x7FFD, 0x7FFD, 0x7FFD, 0x7FFD, 0x7FFD, 0x7FFD, 0x7FFE,
    0x7FDE, 0x739C, 0x675A, 0x675B, 0x635C, 0x635C, 0x675C, 0x675C,
    0x5EFA, 0x673B, 0x5294, 0x4A2F, 0x4E4F, 0x4A0D, 0x522E, 0x4E0D,
    0x4E0E, 0x3D69, 0x49ED, 0x4E50, 0x460E, 0x5292, 0x5692, 0x6735,
    0x7798, 0x6F78, 0x6737, 0x6738, 0x6738, 0x4E31, 0x5EB5, 0x6717,
    0x5AD5, 0x4E72, 0x737B, 0x24E5, 0x4A2F, 0x3DCC, 0x1062, 0x0C42,
    0x2D29, 0x5650, 0x7334, 0x62D3, 0x62F4, 0x4E72, 0x6717, 0x6716,
    0x39CB, 0x6B36, 0x77BB, 0x7FFE, 0x77BD, 0x73BB, 0x77BC, 0x7BDD,
    0x7BFE, 0x6B5A, 0x77BD, 0x5EF6, 0x5AD6, 0x56B4, 0x6F7A, 0x7BDD,
    0x7BDE, 0x5AD5, 0x77BB, 0x7BDD, 0x7FFD, 0x77BB, 0x7BDD, 0x6F7A,
    0x5EF7, 0x56D7, 0x5EF9, 0x631A, 0x675B, 0x633A, 0x5F1A, 0x5F1A,
    0x5F1A, 0x633B, 0x633A, 0x631A, 0x631A, 0x631A, 0x633A, 0x631A,
    0x631A, 0x631A, 0x5EF9, 0x5EF9, 0x5AD8, 0x5AD8, 0x5AD8, 0x56B7,
    0x5AD8, 0x5EF9, 0x5EF9, 0x5EF9, 0x5F19, 0x631A, 0x5F1A, 0x633B,
    0x673A, 0x62F8, 0x6318, 0x6F7B, 0x673A, 0x631A, 0x631A, 0x631A,
    0x633A, 0x5F3A, 0x5F3B, 0x631B, 0x671B, 0x62FB, 0x631B, 0x633B,
    0x673B, 0x675C, 0x675C, 0x5AFA, 0x5AF9, 0x56D8, 0x4A95, 0x4232,
    0x35AE, 0x6F79, 0x6B37, 0x6F58, 0x6B17, 0x6B17, 0x6B37, 0x6F38,
    0x7358, 0x6B37, 0x6B37, 0x6B38, 0x6737, 0x62F6, 0x6717, 0x6737,
    0x6B38, 0x6B38, 0x6F38, 0x6B38, 0x6B38, 0x6B37, 0x7379, 0x7359,
    0x6F58, 0x7358, 0x6F58, 0x6F38, 0x7379, 0x6B17, 0x737A, 0x6718,
    0x5ED5, 0x4E52, 0x4610, 0x5AD6, 0x7FFE, 0x7BDD, 0x6F7A, 0x6F7B,
    0x4E95, 0x35D3, 0x35F5, 0x3A15, 0x39F4, 0x3A15, 0x39F5, 0x35F4,
    0x3A15, 0x3614, 0x3614, 0x3A15, 0x3A16, 0x39F5, 0x31B1, 0x35D3,
    0x39F5, 0x3A15, 0x3E15, 0x2D70, 0x250D, 0x41F3, 0x294E, 0x2D6E,
    0x35B0, 0x39F1, 0x39F2, 0x39F2, 0x31B0, 0x39F2, 0x39F1, 0x39F1,
    0x3E12, 0x39D1, 0x39D1, 0x254D, 0x35D1, 0x35D0, 0x39F1, 0x3E12,
    0x3E12, 0x3DF2, 0x39F2, 0x39F1, 0x3E11, 0x4212, 0x4232, 0x4212,
    0x73DC, 0x6779, 0x77FE, 0x4650, 0x4E0B, 0x72F4, 0x7758, 0x77DC,
    0x220B, 0x260D, 0x6BBB, 0x5AD5, 0x66F7, 0x739C, 0x52B5, 0x6338,
    0x4210, 0x41F0, 0x3DCF, 0x41CE, 0x77BC, 0x7BDD, 0x4A30, 0x5EF5,
    0x7FFD, 0x7FFE, 0x7FFE, 0x7FFE, 0x7FFE, 0x7FFE, 0x7FFE, 0x7FFE,
    0x7FFE, 0x7FFE, 0x7FFE, 0x7FFD, 0x7FFD, 0x7FFD, 0x7FFD, 0x7FDD,
    0x7FFE, 0x6718, 0x673A, 0x675B, 0x635B, 0x675B, 0x675B, 0x6B5B,
    0x5AD8, 0x4E74, 0x5694, 0x4A30, 0x41CC, 0x4E2F, 0x4E0E, 0x4E0E,
    0x522F, 0x3548, 0x5672, 0x5ED5, 0x39CD, 0x2507, 0x6B58, 0x6735,
    0x7FFA, 0x6B34, 0x6714, 0x6714, 0x6F57, 0x7357, 0x6715, 0x6F57,
    0x62F4, 0x6B57, 0x6F79, 0x2505, 0x5250, 0x4A2F, 0x460E, 0x1CC5,
    0x460E, 0x4E2F, 0x6F13, 0x7376, 0x7397, 0x6F57, 0x6B36, 0x7378,
    0x7798, 0x6F56, 0x7799, 0x7FFE, 0x739A, 0x6738, 0x6738, 0x6F7A,
    0x7BFE, 0x6738, 0x739C, 0x5EF7, 0x5EF6, 0x5AD6, 0x7BDD, 0x7FFE,
    0x7BDD, 0x6B58, 0x7BDD, 0x7BDC, 0x73BB, 0x6316, 0x77BB, 0x6738,
    0x5294, 0x5AD7, 0x52B7, 0x56B7, 0x4E95, 0x56D7, 0x5AF8, 0x5AF8,
    0x5F1A, 0x5F1A, 0x633A, 0x631A, 0x631A, 0x631A, 0x633A, 0x633A,
    0x633A, 0x673B, 0x673B, 0x673B, 0x673B, 0x673B, 0x631A, 0x633B,
    0x673B, 0x673B, 0x631A, 0x5F19, 0x5EF9, 0x5AF9, 0x5AD8, 0x56D8,
    0x5AD8, 0x4E74, 0x56B5, 0x4211, 0x5295, 0x5F19, 0x633A, 0x6B5C,
    0x673B, 0x673B, 0x633A, 0x633A, 0x5F19, 0x635A, 0x5B39, 0x4A75,
    0x39D0, 0x39B0, 0x35AE, 0x2D8D, 0x2D6C, 0x294B, 0x294A, 0x35AE,
    0x4211, 0x737A, 0x6B58, 0x6F38, 0x6B38, 0x6F58, 0x6B38, 0x6B37,
    0x6B37, 0x6B37, 0x62F6, 0x6717, 0x62F7, 0x6317, 0x6317, 0x6F7A,
    0x6F7A, 0x6F79, 0x6F59, 0x6B38, 0x6B38, 0x737A, 0x6716, 0x7379,
    0x779A, 0x739A, 0x7379, 0x6B38, 0x5ED5, 0x5273, 0x4A31, 0x4610,
    0x3DEF, 0x39CE, 0x294A, 0x35AE, 0x3DEF, 0x4210, 0x4210, 0x316C,
    0x1CE9, 0x18CA, 0x18CA, 0x18EA, 0x18EA, 0x18EB, 0x1D0D, 0x212E,
    0x212E, 0x212E, 0x212E, 0x212F, 0x2550, 0x254E, 0x296E, 0x296F,
    0x2D90, 0x2990, 0x296F, 0x210C, 0x1CEB, 0x20EB, 0x1CC9, 0x252C,
    0x210B, 0x35D1, 0x31AF, 0x35F1, 0x31B0, 0x39F2, 0x39F1, 0x3DF2,
    0x3E12, 0x35D0, 0x39D1, 0x296E, 0x35D1, 0x39F1, 0x3E12, 0x3E12,
    0x3E12, 0x3DF2, 0x39F1, 0x39F1, 0x3E12, 0x3E12, 0x3E12, 0x4232,
    0x7BFD, 0x77BC, 0x7BFD, 0x4E50, 0x4DC9, 0x7314, 0x7B79, 0x77DC,
    0x220B, 0x2E0E, 0x77DD, 0x5AB5, 0x5ED5, 0x7BDD, 0x52B5, 0x52B5,
    0x294B, 0x358D, 0x3DCF, 0x358C, 0x7BDD, 0x7FFE, 0x4A50, 0x5ED5,
    0x7BBC, 0x7FFE, 0x7FFE, 0x7FFE, 0x7FFE, 0x7FFE, 0x7FFE, 0x7FFE,
    0x7FFE, 0x7FFE, 0x7FFE, 0x7FFD, 0x7FFD, 0x7FFD, 0x7FFD, 0x7BDD,
    0x6F5A, 0x5273, 0x62F8, 0x5EF7, 0x673A, 0x6B5B, 0x6B5A, 0x6B5A,
    0x5AD6, 0x5AD6, 0x4E52, 0x4E51, 0x316A, 0x45EF, 0x4A0F, 0x4A0E,
    0x5672, 0x398B, 0x5693, 0x6F5A, 0x6318, 0x4A51, 0x4E51, 0x6735,
    0x7BB8, 0x7FF9, 0x7FD8, 0x7FD8, 0x7FD8, 0x7FD9, 0x7BD8, 0x7FD9,
    0x7397, 0x6B36, 0x77BA, 0x3127, 0x41AB, 0x45ED, 0x4A0F, 0x4A2F,
    0x45EC, 0x522E, 0x6F13, 0x7BB8, 0x7FF9, 0x7FD9, 0x6F55, 0x7BD9,
    0x7FFA, 0x7FD9, 0x7799, 0x6F79, 0x6B38, 0x739A, 0x6B59, 0x6738,
    0x7BDE, 0x6738, 0x5AD6, 0x56B5, 0x5EF7, 0x6718, 0x7FFF, 0x739B,
    0x7BDC, 0x739A, 0x7FFC, 0x7FFD, 0x7BDC, 0x6F78, 0x7FFD, 0x6F7A,
    0x5AD6, 0x6319, 0x6339, 0x633A, 0x673A, 0x675B, 0x633B, 0x5F1A,
    0x5EF9, 0x56B7, 0x56D8, 0x5AD8, 0x5AD8, 0x5AD8, 0x5AF9, 0x5EF9,
    0x5EF9, 0x5EF9, 0x5EF9, 0x5AF9, 0x5EF9, 0x5EF9, 0x5EF9, 0x631A,
    0x5F19, 0x5EF9, 0x5EF9, 0x5EF9, 0x5F1A, 0x631A, 0x673B, 0x631A,
    0x631A, 0x5696, 0x5AD7, 0x673A, 0x673A, 0x633B, 0x5F1A, 0x3DF2,
    0x41F1, 0x5EF8, 0x5EF7, 0x6F5A, 0x6F39, 0x5692, 0x52B4, 0x6339,
    0x6B5B, 0x6F5B, 0x6F7B, 0x739C, 0x739C, 0x739C, 0x77BD, 0x5EF8,
    0x56B5, 0x56B4, 0x6717, 0x739A, 0x6F79, 0x6F79, 0x6F79, 0x6F79,
    0x6F59, 0x6F7A, 0x6F59, 0x56B4, 0x3DCF, 0x294A, 0x294A, 0x5294,
    0x4A51, 0x4A51, 0x4A51, 0x4E52, 0x4A51, 0x4A30, 0x460F, 0x5271,
    0x5693, 0x62F6, 0x737A, 0x6B39, 0x6B39, 0x4611, 0x41F0, 0x3DEF,
    0x3DF0, 0x39AF, 0x2D6D, 0x2D6D, 0x294C, 0x316C, 0x35AD, 0x2D4A,
    0x2D4A, 0x356C, 0x1465, 0x1484, 0x1486, 0x35B0, 0x3191, 0x3192,
    0x35B4, 0x35B3, 0x35B3, 0x35B3, 0x35B3, 0x294F, 0x4654, 0x4A74,
    0x4A74, 0x4674, 0x4A75, 0x39F2, 0x2D8F, 0x294E, 0x294D, 0x318F,
    0x31B0, 0x39D1, 0x31B0, 0x39D1, 0x35D1, 0x39F2, 0x39D1, 0x3DF2,
    0x3E12, 0x35D1, 0x39F2, 0x39F2, 0x39F2, 0x3DF1, 0x3E12, 0x4232,
    0x3E12, 0x3E12, 0x39F1, 0x39F1, 0x3E12, 0x3E12, 0x3E12, 0x3E12,
    0x7B9A, 0x7B9B, 0x7B9A, 0x62B2, 0x624E, 0x7715, 0x7779, 0x77BB,
    0x25CA, 0x3A30, 0x77BD, 0x5F17, 0x7BDD, 0x7FFF, 0x4E94, 0x3E11,
    0x1087, 0x2D6D, 0x4232, 0x294A, 0x7BDE, 0x7FFE, 0x4A30, 0x5672,
    0x7FDD, 0x7FFE, 0x7FFE, 0x7FFE, 0x7FFD, 0x7FFE, 0x7FFC, 0x7FFD,
    0x7FFC, 0x7BBB, 0x7BBB, 0x739A, 0x7FFD, 0x739A, 0x7FDD, 0x739B,
    0x2507, 0x3DCE, 0x3DCE, 0x41EF, 0x6F7B, 0x6F7B, 0x7BBD, 0x5ED6,
    0x4630, 0x5ED6, 0x779C, 0x56B4, 0x6F5A, 0x66F7, 0x6717, 0x739A,
    0x5AB4, 0x3D8B, 0x5694, 0x6B5A, 0x6718, 0x5293, 0x2949, 0x6F76,
    0x7796, 0x7795, 0x7FD8, 0x7FF8, 0x7BD7, 0x7BD7, 0x7FD8, 0x7FF9,
    0x7797, 0x460C, 0x7799, 0x2D07, 0x49EF, 0x5230, 0x5251, 0x4A0F,
    0x45ED, 0x45CB, 0x62B0, 0x7376, 0x7BD7, 0x7796, 0x66F2, 0x7BD9,
    0x7FF9, 0x7FF9, 0x6B35, 0x739A, 0x737A, 0x77BB, 0x739B, 0x6B39,
    0x6F7B, 0x56B5, 0x3DCE, 0x41EE, 0x5ED6, 0x56B5, 0x739B, 0x737A,
    0x7FDC, 0x7758, 0x7FBB, 0x7BBB, 0x7BBC, 0x6F37, 0x7BBB, 0x5AB4,
    0x56B4, 0x5AD6, 0x5AD6, 0x6318, 0x673A, 0x673A, 0x673B, 0x633B,
    0x633B, 0x633B, 0x673B, 0x633A, 0x5EF9, 0x5EF9, 0x5EF9, 0x5AD8,
    0x5AD8, 0x56B7, 0x56B7, 0x5EF9, 0x631A, 0x675B, 0x6B5C, 0x675B,
    0x673B, 0x633A, 0x633A, 0x633A, 0x5EF9, 0x56D7, 0x5296, 0x5AD8,
    0x56B7, 0x5AD7, 0x4632, 0x5EF8, 0x5F19, 0x5F19, 0x631B, 0x39D1,
    0x214B, 0x4231, 0x4E31, 0x492A, 0x5509, 0x54E6, 0x40E7, 0x316B,
    0x4A74, 0x5AD6, 0x5AB5, 0x6317, 0x5EF6, 0x5EF6, 0x6318, 0x4A52,
    0x294B, 0x4210, 0x5AD5, 0x5ED5, 0x5AD4, 0x56B4, 0x5AD5, 0x56B4,
    0x56B4, 0x56B4, 0x5AB5, 0x5694, 0x5294, 0x35AD, 0x39CF, 0x77BD,
    0x739C, 0x77BC, 0x77BD, 0x77BC, 0x77BC, 0x6F59, 0x5693, 0x77BB,
    0x6717, 0x5AD4, 0x5ED5, 0x6317, 0x6718, 0x41F0, 0x294B, 0x294B,
    0x2109, 0x18C8, 0x2D6C, 0x318D, 0x2D6D, 0x316D, 0x358D, 0x3DAE,
    0x41CE, 0x41EE, 0x1862, 0x18A3, 0x14A6, 0x296F, 0x31B4, 0x2974,
    0x35D6, 0x39F7, 0x2973, 0x2973, 0x2D93, 0x2DB2, 0x4654, 0x4654,
    0x4674, 0x4653, 0x4A75, 0x39F2, 0x31B0, 0x3190, 0x2D6F, 0x35B0,
    0x35B1, 0x39F2, 0x35D1, 0x39F2, 0x35D1, 0x39F2, 0x39F1, 0x3E12,
    0x3E12, 0x35D1, 0x39D1, 0x39F2, 0x3E13, 0x39F1, 0x3E11, 0x3E11,
    0x3E12, 0x3E12, 0x39F1, 0x39F1, 0x3E12, 0x3E12, 0x3E12, 0x3E12,
    0x6AF6, 0x7738, 0x6F16, 0x6291, 0x6692, 0x7B58, 0x7B79, 0x779A,
    0x2589, 0x258B, 0x4251, 0x3A2F, 0x6337, 0x77BC, 0x5AF6, 0x298C,
    0x14C9, 0x1CEA, 0x3DF0, 0x39EF, 0x77DD, 0x7FFE, 0x5272, 0x4A0F,
    0x7FDD, 0x7FFE, 0x7FFE, 0x7FFE, 0x7FFD, 0x7799, 0x7799, 0x62F3,
    0x6714, 0x7378, 0x6F57, 0x6B36, 0x7378, 0x6B36, 0x6F58, 0x7BDC,
    0x4A50, 0x4A30, 0x3149, 0x314A, 0x62F6, 0x5694, 0x6F5A, 0x5ED5,
    0x41EE, 0x5ED5, 0x6717, 0x4E51, 0x6717, 0x5ED5, 0x6717, 0x6B58,
    0x4A30, 0x3549, 0x5AB4, 0x6717, 0x5AB4, 0x1CE6, 0x1082, 0x6B35,
    0x7FD9, 0x7375, 0x6713, 0x7375, 0x7797, 0x7BB8, 0x7396, 0x7375,
    0x7397, 0x77B9, 0x6F79, 0x45EE, 0x4E30, 0x4E0F, 0x5231, 0x460F,
    0x4E0F, 0x562F, 0x6AF3, 0x7797, 0x7396, 0x6F55, 0x6F35, 0x7798,
    0x77B8, 0x7FD9, 0x460D, 0x460F, 0x5272, 0x5272, 0x4A31, 0x4611,
    0x41F1, 0x5273, 0x5AB5, 0x5EF6, 0x62F6, 0x6717, 0x6717, 0x66F5,
    0x5E71, 0x51ED, 0x5A2F, 0x522F, 0x779A, 0x7358, 0x66D5, 0x3DCE,
    0x4A31, 0x5EF8, 0x5EF8, 0x5AD6, 0x6318, 0x5EF8, 0x673A, 0x631A,
    0x673B, 0x631A, 0x633A, 0x673B, 0x633A, 0x631A, 0x633A, 0x631A,
    0x673B, 0x631A, 0x673B, 0x673B, 0x5EF9, 0x5AD8, 0x5AD8, 0x5AD8,
    0x56B7, 0x5AD8, 0x5EF9, 0x5EF9, 0x5F19, 0x5EF8, 0x4E75, 0x5AD7,
    0x6319, 0x62F9, 0x5EF9, 0x675B, 0x6B5B, 0x6B5B, 0x6B3B, 0x4E74,
    0x1D09, 0x420E, 0x5650, 0x5D6B, 0x6D6B, 0x6908, 0x5108, 0x5A94,
    0x77DE, 0x7BDE, 0x6F7A, 0x460F, 0x3DCD, 0x39CC, 0x739B, 0x6B5A,
    0x35AF, 0x39CF, 0x318C, 0x6759, 0x5AF6, 0x18C6, 0x5AD5, 0x6B59,
    0x6B38, 0x6B59, 0x6317, 0x5EF6, 0x3DEF, 0x318C, 0x318C, 0x739C,
    0x77BC, 0x5EF6, 0x5EF7, 0x6338, 0x5EF6, 0x77BC, 0x6B58, 0x6738,
    0x739A, 0x6316, 0x5AD5, 0x5AD5, 0x2107, 0x5294, 0x5294, 0x56B5,
    0x56B6, 0x4E73, 0x39AE, 0x62F8, 0x41F0, 0x39CF, 0x39CF, 0x3DCE,
    0x41CF, 0x41CE, 0x1863, 0x14A3, 0x14A7, 0x35D4, 0x2132, 0x1D33,
    0x18F2, 0x2153, 0x2153, 0x1D32, 0x3A17, 0x2991, 0x4675, 0x4A75,
    0x4A75, 0x4E75, 0x4A75, 0x3E12, 0x31B1, 0x2D90, 0x2D6F, 0x3190,
    0x39D2, 0x39F2, 0x35D1, 0x39F2, 0x39D1, 0x39F2, 0x39F1, 0x39F2,
    0x3E12, 0x35D1, 0x39F2, 0x3DF2, 0x3E12, 0x39F1, 0x39F1, 0x3DF1,
    0x3E12, 0x3DF1, 0x39F1, 0x39F1, 0x3DF2, 0x3E12, 0x3E12, 0x3E12,
    0x779B, 0x779B, 0x7379, 0x6B37, 0x6B16, 0x7F9A, 0x7F79, 0x779A,
    0x29AA, 0x29ED, 0x1128, 0x0126, 0x0505, 0x6338, 0x6B7A, 0x3E10,
    0x39D0, 0x4211, 0x6739, 0x6F7A, 0x6F7B, 0x7BDB, 0x5271, 0x4E2F,
    0x7FDC, 0x7FDC, 0x7FDC, 0x77BA, 0x77BA, 0x6B35, 0x6F55, 0x6B34,
    0x6F35, 0x66F3, 0x6F36, 0x6B15, 0x6F56, 0x6F77, 0x7377, 0x7378,
    0x7FFC, 0x739A, 0x6717, 0x5ED5, 0x77BC, 0x77BC, 0x7FFE, 0x77BD,
    0x6F7A, 0x779B, 0x6F7A, 0x6B59, 0x779C, 0x737B, 0x737A, 0x6B59,
    0x5272, 0x3569, 0x5AB4, 0x6B38, 0x4E50, 0x18C3, 0x1CC4, 0x7378,
    0x7FD9, 0x7797, 0x6F56, 0x6F57, 0x56B3, 0x6716, 0x6715, 0x7798,
    0x7FDB, 0x7378, 0x7379, 0x2D28, 0x3548, 0x3148, 0x398A, 0x3DCC,
    0x3569, 0x520D, 0x62B1, 0x6F55, 0x62F4, 0x5A93, 0x66F6, 0x7358,
    0x526E, 0x6B14, 0x41ED, 0x1CC5, 0x1062, 0x1CC6, 0x41EF, 0x4E53,
    0x4E55, 0x4611, 0x4E73, 0x6738, 0x6718, 0x6F7A, 0x6F59, 0x6F58,
    0x5A71, 0x4DAB, 0x55EC, 0x51ED, 0x779B, 0x5E73, 0x62B5, 0x66F7,
    0x6718, 0x6B5A, 0x5ED7, 0x4A32, 0x5AB6, 0x5AB6, 0x56B6, 0x5AD8,
    0x5EF9, 0x5EF9, 0x5EF9, 0x5EF9, 0x5EF9, 0x5EF9, 0x5EF9, 0x5EF9,
    0x5EF9, 0x5EF9, 0x5AD8, 0x5AF9, 0x5AD8, 0x5AD8, 0x5AD8, 0x5AF9,
    0x5EF9, 0x5AF9, 0x5AF8, 0x56D8, 0x5AD7, 0x5AD7, 0x5295, 0x5EF8,
    0x5ED8, 0x5296, 0x4A74, 0x5295, 0x4E74, 0x56B6, 0x5AB6, 0x41EF,
    0x1C83, 0x4DED, 0x6270, 0x5D88, 0x6168, 0x5526, 0x4948, 0x5A93,
    0x7FDD, 0x7FFE, 0x7FFE, 0x6737, 0x2948, 0x3DED, 0x7BDD, 0x4A53,
    0x254C, 0x254C, 0x39EF, 0x77DE, 0x6B5A, 0x39CD, 0x6B39, 0x7BDD,
    0x77BB, 0x77BB, 0x77BC, 0x7BDD, 0x737B, 0x5EF7, 0x318B, 0x739C,
    0x77BC, 0x3DEE, 0x4E72, 0x5AF6, 0x4A51, 0x6F7A, 0x6F59, 0x56B3,
    0x6F59, 0x7BDC, 0x77BB, 0x77BC, 0x2507, 0x6F7A, 0x7BDE, 0x7BDD,
    0x7BBD, 0x6F5A, 0x39AC, 0x6F5A, 0x4A31, 0x41EF, 0x4210, 0x4632,
    0x4632, 0x3DCF, 0x1864, 0x18A3, 0x14A7, 0x31B3, 0x2995, 0x3A1A,
    0x31D7, 0x2DD5, 0x2DD6, 0x29B5, 0x35F6, 0x2DB2, 0x4E75, 0x5295,
    0x5295, 0x5295, 0x4E95, 0x4232, 0x31B0, 0x31B0, 0x2D8F, 0x35D1,
    0x39D2, 0x39D2, 0x35D1, 0x35D1, 0x35D1, 0x39F2, 0x39F1, 0x39F1,
    0x3DF2, 0x39D1, 0x39F2, 0x39F2, 0x39F2, 0x39D1, 0x3DF2, 0x3DF2,
    0x3E12, 0x3E12, 0x39D1, 0x39D1, 0x39F1, 0x3E12, 0x3E12, 0x3E12,
    0x5F17, 0x5F17, 0x5F16, 0x5AD5, 0x6717, 0x7FBC, 0x7B58, 0x779A,
    0x2DAA, 0x218B, 0x0927, 0x0147, 0x0947, 0x35EE, 0x3DCD, 0x3DEE,
    0x39AD, 0x39AE, 0x41EF, 0x39AD, 0x4A30, 0x6715, 0x4E2D, 0x45EB,
    0x7798, 0x6714, 0x6714, 0x6B35, 0x5A90, 0x62D2, 0x6F55, 0x5EB0,
    0x5E8F, 0x5EB0, 0x66F2, 0x6F34, 0x66F3, 0x6F35, 0x6B34, 0x7356,
    0x7356, 0x7799, 0x7BBB, 0x5AB4, 0x7FFE, 0x7FFE, 0x7FFE, 0x7FFE,
    0x7FFE, 0x7FFE, 0x7FFE, 0x7FFE, 0x7FFE, 0x7FFF, 0x7FFE, 0x7FFE,
    0x7BDD, 0x398A, 0x5ED5, 0x6F58, 0x4E4F, 0x2947, 0x3169, 0x7377,
    0x7BB9, 0x77B9, 0x5AD3, 0x6F59, 0x6B38, 0x5EF6, 0x5A92, 0x62F4,
    0x6B35, 0x5AB3, 0x6B38, 0x3126, 0x6B35, 0x566F, 0x62F4, 0x6F36,
    0x6F57, 0x564E, 0x6F14, 0x66F3, 0x5271, 0x398C, 0x62D6, 0x6B38,
    0x3989, 0x7358, 0x7359, 0x2D28, 0x2908, 0x3DCD, 0x5EB6, 0x5274,
    0x4E74, 0x4E73, 0x5EF7, 0x77BC, 0x62F6, 0x7FFE, 0x6738, 0x7BDC,
    0x62D4, 0x4189, 0x4DAC, 0x6250, 0x6AF5, 0x5610, 0x5631, 0x737A,
    0x6B5A, 0x6B5A, 0x6318, 0x5695, 0x6317, 0x56B5, 0x4E74, 0x5AD7,
    0x5F19, 0x633A, 0x673B, 0x673A, 0x631A, 0x631A, 0x631A, 0x631A,
    0x631A, 0x631A, 0x633A, 0x633A, 0x673B, 0x673B, 0x673B, 0x673B,
    0x673B, 0x673B, 0x673B, 0x673B, 0x673B, 0x6319, 0x3E11, 0x6F7B,
    0x6739, 0x62F8, 0x5EF9, 0x633A, 0x5F19, 0x739D, 0x6F58, 0x6291,
    0x5E2C, 0x662C, 0x662B, 0x664A, 0x6A4A, 0x666E, 0x5E4F, 0x5EB4,
    0x7FDD, 0x7FFE, 0x7FFD, 0x6B58, 0x41EE, 0x5292, 0x7BDD, 0x6318,
    0x212B, 0x254C, 0x35CE, 0x7BDE, 0x6739, 0x318B, 0x6B58, 0x7FDD,
    0x7FFD, 0x7FFD, 0x7FFD, 0x7BDD, 0x7BDE, 0x6318, 0x35AD, 0x7BDE,
    0x7BDD, 0x3DCD, 0x5EF6, 0x6317, 0x5293, 0x7BDD, 0x77BB, 0x5EF6,
    0x739A, 0x7FFE, 0x7FFE, 0x7BDD, 0x4A51, 0x6F79, 0x7BDD, 0x7BDD,
    0x7FDE, 0x6F5A, 0x41EE, 0x7BDD, 0x7BBD, 0x4E52, 0x3DF0, 0x3DF1,
    0x3DF1, 0x41F0, 0x1464, 0x1884, 0x18A7, 0x2D72, 0x1D13, 0x1D34,
    0x35F7, 0x3A18, 0x31D7, 0x2DB6, 0x3A17, 0x31B2, 0x292C, 0x2D4B,
    0x2D6B, 0x2D6B, 0x296B, 0x318E, 0x31B0, 0x318F, 0x2D8F, 0x35B0,
    0x39D2, 0x39F2, 0x35D1, 0x35F1, 0x35F1, 0x39F2, 0x39F1, 0x39F1,
    0x3DF2, 0x39F2, 0x3DF2, 0x3E12, 0x39F1, 0x3DF1, 0x3E12, 0x3E12,
    0x3E12, 0x3DF2, 0x39D1, 0x39F1, 0x3DF2, 0x3E12, 0x3E12, 0x3E12,
    0x7FDD, 0x7FFF, 0x7FFE, 0x7BDD, 0x6B16, 0x7FBB, 0x7B79, 0x779B,
    0x31AB, 0x1D48, 0x0105, 0x0147, 0x198A, 0x3E10, 0x420F, 0x41EF,
    0x41EF, 0x41EF, 0x41EF, 0x41EF, 0x5EF6, 0x77BB, 0x6F35, 0x6B12,
    0x6AF2, 0x6B13, 0x6713, 0x6F55, 0x62D1, 0x6B13, 0x66F2, 0x62D1,
    0x62D0, 0x5EB0, 0x6AF2, 0x66D1, 0x62D1, 0x66F2, 0x6F34, 0x62B0,
    0x5EAF, 0x6F33, 0x62D3, 0x5ED5, 0x7FFF, 0x7FFE, 0x7FFD, 0x7FFE,
    0x7FFE, 0x7FFE, 0x7FFE, 0x7BDD, 0x7BDD, 0x7FFE, 0x7BFD, 0x7FFE,
    0x7BDC, 0x398B, 0x5EB4, 0x6B38, 0x4E50, 0x420D, 0x420D, 0x7356,
    0x7798, 0x6735, 0x4A70, 0x66F7, 0x6B18, 0x5EF6, 0x5AB3, 0x6B36,
    0x460D, 0x460E, 0x6F79, 0x3DA8, 0x66F1, 0x6B12, 0x66F1, 0x7354,
    0x7355, 0x41C8, 0x564D, 0x524F, 0x462F, 0x6739, 0x6B39, 0x6717,
    0x460E, 0x62D4, 0x62F4, 0x3DAB, 0x4A0F, 0x41EE, 0x779C, 0x739C,
    0x73BD, 0x739C, 0x5EF7, 0x7BDD, 0x6F79, 0x7FFE, 0x6F59, 0x7FFE,
    0x6737, 0x3DAB, 0x55EE, 0x59EE, 0x4546, 0x4D6A, 0x4DEE, 0x62F6,
    0x6318, 0x6739, 0x62F7, 0x6718, 0x6B38, 0x56B4, 0x4A53, 0x5AD7,
    0x633A, 0x633A, 0x633A, 0x673A, 0x673A, 0x673B, 0x673B, 0x673B,
    0x675B, 0x673B, 0x673B, 0x673B, 0x6B5B, 0x673A, 0x673A, 0x673A,
    0x675B, 0x673B, 0x673B, 0x673B, 0x673B, 0x5AD8, 0x210A, 0x77BD,
    0x6739, 0x66F8, 0x62F9, 0x675B, 0x6B5B, 0x779C, 0x62D1, 0x6AAE,
    0x728C, 0x6E8C, 0x6A8C, 0x6E8C, 0x6E8B, 0x6A8D, 0x5E6E, 0x5ED4,
    0x7FFF, 0x7FFE, 0x7FFE, 0x77BB, 0x6738, 0x6F59, 0x7BDE, 0x739C,
    0x6318, 0x6739, 0x6318, 0x7FFE, 0x6F7A, 0x318A, 0x6F79, 0x7FFD,
    0x7FFD, 0x7FFD, 0x7FFD, 0x7FFD, 0x7FFE, 0x5F17, 0x2D8B, 0x77DD,
    0x7BDC, 0x41EE, 0x5ED6, 0x5EF5, 0x4650, 0x7BDC, 0x77BB, 0x5EF5,
    0x739B, 0x7FFE, 0x7FFE, 0x7FFE, 0x7FFE, 0x7FFE, 0x7FFD, 0x7FFE,
    0x7FFE, 0x7BDD, 0x5AB4, 0x7FFE, 0x7FFF, 0x5294, 0x4633, 0x4A55,
    0x4A54, 0x4A32, 0x1463, 0x1885, 0x18A8, 0x3193, 0x18F4, 0x2997,
    0x2132, 0x2974, 0x1D12, 0x2575, 0x2573, 0x2D92, 0x1487, 0x18A5,
    0x18A4, 0x18A5, 0x14A6, 0x2D6D, 0x39D0, 0x3190, 0x318F, 0x35B0,
    0x35D1, 0x39F1, 0x35D1, 0x39F1, 0x39F1, 0x3DF2, 0x39F1, 0x3DF2,
    0x4212, 0x39F2, 0x3DF2, 0x3E12, 0x3E11, 0x3DF1, 0x4212, 0x4212,
    0x3E12, 0x3DF2, 0x39F1, 0x39F1, 0x39F2, 0x3E12, 0x3E12, 0x3E12,
    0x7FFD, 0x7FFE, 0x7FFE, 0x7BDC, 0x6B16, 0x7F9A, 0x7B78, 0x779A,
    0x2DAB, 0x1948, 0x19EC, 0x15EC, 0x3E73, 0x5AB6, 0x5AB6, 0x56B6,
    0x5AD6, 0x56B5, 0x5ED6, 0x5ED6, 0x6B38, 0x6B16, 0x66F3, 0x6F14,
    0x62B0, 0x522D, 0x5A90, 0x62D2, 0x5EB1, 0x6713, 0x6B13, 0x6F34,
    0x62D1, 0x62D1, 0x62D0, 0x66F1, 0x62F0, 0x4E4C, 0x568E, 0x524D,
    0x5EAF, 0x566D, 0x5EB1, 0x5AD4, 0x7FFE, 0x7FFE, 0x7FFE, 0x7FFE,
    0x7FFF, 0x7FFE, 0x7FFE, 0x6F7A, 0x739B, 0x7FFE, 0x7FFF, 0x7FFF,
    0x7BDD, 0x396A, 0x5A94, 0x6B39, 0x45EF, 0x3E0E, 0x35AB, 0x524F,
    0x7BBA, 0x7399, 0x5AD4, 0x6B38, 0x6B17, 0x5672, 0x5ED3, 0x7BBA,
    0x7FDB, 0x7FFC, 0x77BB, 0x3166, 0x7797, 0x7FF9, 0x7FD8, 0x7FF9,
    0x7BB7, 0x5E8E, 0x6F13, 0x7B99, 0x5692, 0x2949, 0x62F6, 0x737B,
    0x6F7A, 0x6B37, 0x5250, 0x398A, 0x358A, 0x3149, 0x56B4, 0x5ED6,
    0x6739, 0x6738, 0x6739, 0x739B, 0x6B59, 0x7FDD, 0x7FDE, 0x77BB,
    0x6316, 0x3D8B, 0x458C, 0x55EE, 0x4969, 0x55CD, 0x520F, 0x398B,
    0x4630, 0x4E51, 0x5ED5, 0x5ED5, 0x5EF6, 0x5AB4, 0x4A51, 0x56B6,
    0x5295, 0x52B6, 0x5AD8, 0x5AD8, 0x5EF9, 0x5AF9, 0x5EF9, 0x5AF9,
    0x5AF9, 0x5AF9, 0x5EF9, 0x5EF9, 0x5EF9, 0x5EF9, 0x5AF9, 0x5AF9,
    0x5EF9, 0x5EF9, 0x5EF9, 0x62F9, 0x6319, 0x56B6, 0x35AD, 0x673A,
    0x6319, 0x5EB7, 0x5AB7, 0x6319, 0x6319, 0x5AD5, 0x4E0A, 0x666C,
    0x6A4A, 0x664A, 0x626C, 0x626C, 0x626C, 0x5E8D, 0x564D, 0x5ED4,
    0x7FFE, 0x6318, 0x6F7A, 0x7FDE, 0x737A, 0x739B, 0x7BDD, 0x739B,
    0x6B59, 0x779C, 0x6738, 0x7BDD, 0x7BDD, 0x6F59, 0x77BC, 0x7FFD,
    0x7FDC, 0x7BDC, 0x7BDC, 0x7FFC, 0x7FFE, 0x6B5A, 0x5294, 0x7BDD,
    0x77DC, 0x5693, 0x737A, 0x6317, 0x5AD5, 0x77DC, 0x77BB, 0x6738,
    0x779B, 0x7FFE, 0x7FDE, 0x7FFD, 0x7FDD, 0x7FDD, 0x7FFD, 0x7FFD,
    0x7FFE, 0x7BDD, 0x5271, 0x7FFE, 0x7FFE, 0x4E74, 0x4633, 0x4A34,
    0x4E54, 0x4A32, 0x1463, 0x1485, 0x14C7, 0x2991, 0x2174, 0x29B6,
    0x2993, 0x31B5, 0x2974, 0x2994, 0x2D93, 0x2D91, 0x14A7, 0x18A5,
    0x18A4, 0x18A4, 0x14A5, 0x318D, 0x39D1, 0x318F, 0x318F, 0x35B0,
    0x35D1, 0x39F1, 0x35D1, 0x39F2, 0x39F1, 0x3DF2, 0x3DF2, 0x3DF2,
    0x3DF2, 0x39F2, 0x3DF2, 0x3E12, 0x3E11, 0x3DF1, 0x4212, 0x4212,
    0x3E12, 0x4212, 0x39F1, 0x39D1, 0x39F1, 0x3E12, 0x3DF1, 0x3E11,
    0x7FFD, 0x7FFE, 0x7FFE, 0x7BDC, 0x6715, 0x7758, 0x7778, 0x77BA,
    0x35CC, 0x1D8A, 0x1E0F, 0x1A2F, 0x25EE, 0x39D0, 0x39F0, 0x39D0,
    0x3DF0, 0x3DF0, 0x6718, 0x4A30, 0x7FDD, 0x6F37, 0x4E2D, 0x5A6E,
    0x5A6F, 0x564F, 0x4A0C, 0x45EC, 0x4E4E, 0x41EA, 0x4A0C, 0x524E,
    0x566E, 0x566F, 0x524C, 0x4E4C, 0x568E, 0x4E4C, 0x566E, 0x524D,
    0x524E, 0x566F, 0x62D3, 0x5692, 0x739A, 0x739B, 0x6F9B, 0x6F7B,
    0x739B, 0x739B, 0x739B, 0x737B, 0x739B, 0x739C, 0x77BC, 0x77BB,
    0x7379, 0x3DAB, 0x5A93, 0x7BBC, 0x779B, 0x6717, 0x4A30, 0x3DCB,
    0x7378, 0x739A, 0x5AD6, 0x6F59, 0x737B, 0x5251, 0x6715, 0x7399,
    0x6736, 0x6F77, 0x739A, 0x3167, 0x6B56, 0x6F97, 0x6B56, 0x6F76,
    0x7FD9, 0x5E8F, 0x6F14, 0x779A, 0x6316, 0x5693, 0x6717, 0x7FDD,
    0x7FDC, 0x779A, 0x41CD, 0x398B, 0x20E5, 0x39AB, 0x5293, 0x779C,
    0x6718, 0x739B, 0x77BC, 0x77BC, 0x77BC, 0x7FFE, 0x7FFE, 0x77BC,
    0x6737, 0x398B, 0x49EF, 0x5631, 0x49AC, 0x4DAC, 0x5630, 0x398A,
    0x41ED, 0x4E30, 0x45EE, 0x45ED, 0x4A2E, 0x5AB3, 0x5ED5, 0x6B59,
    0x56B6, 0x5AD7, 0x5EF9, 0x5AD8, 0x5EF9, 0x5AF9, 0x5AF9, 0x5AF9,
    0x5AF9, 0x5F1A, 0x631A, 0x673A, 0x6B5B, 0x6B5B, 0x675C, 0x677C,
    0x675C, 0x673A, 0x6B5B, 0x6739, 0x6B39, 0x6717, 0x5AB4, 0x5F19,
    0x673B, 0x62F9, 0x5ED7, 0x6739, 0x4A31, 0x4610, 0x45CA, 0x6AAF,
    0x664B, 0x5E6D, 0x566E, 0x28E5, 0x2083, 0x1C83, 0x20C5, 0x6317,
    0x7FFE, 0x6737, 0x7BDC, 0x7BDD, 0x737A, 0x77BC, 0x7FFE, 0x77BC,
    0x77BC, 0x7FDD, 0x6738, 0x7BDD, 0x7FFD, 0x7FFD, 0x7FFD, 0x7FFE,
    0x7FFD, 0x7FFD, 0x7FFD, 0x7FFD, 0x7BDD, 0x5EF6, 0x5293, 0x77BD,
    0x7BDC, 0x779A, 0x779B, 0x7FFD, 0x7FFD, 0x7BDC, 0x77BB, 0x7FFD,
    0x7FFE, 0x77BB, 0x739A, 0x779B, 0x6F79, 0x6B37, 0x6736, 0x6B37,
    0x6B58, 0x6F59, 0x41EE, 0x779A, 0x7BBD, 0x4E74, 0x4A34, 0x4A35,
    0x4A55, 0x4A32, 0x1464, 0x1485, 0x14C7, 0x3613, 0x3617, 0x3616,
    0x3A15, 0x39D5, 0x3A17, 0x35F6, 0x35F6, 0x2D90, 0x1486, 0x18A5,
    0x18A4, 0x18A4, 0x14A5, 0x318D, 0x39F0, 0x31AF, 0x318E, 0x35B0,
    0x39D1, 0x39F1, 0x39F1, 0x39F2, 0x39D1, 0x39F2, 0x3DF2, 0x3DF2,
    0x3DF2, 0x39F1, 0x39F1, 0x3E12, 0x3E11, 0x39F1, 0x3E12, 0x3E12,
    0x3E12, 0x39F1, 0x39F1, 0x39F1, 0x39F1, 0x3E11, 0x3E11, 0x3E11,
    0x7FFD, 0x7FFD, 0x7FFD, 0x7FDC, 0x6F37, 0x7B99, 0x7B99, 0x7BBA,
    0x35CC, 0x2DCE, 0x19CD, 0x1E2E, 0x262F, 0x3630, 0x4233, 0x39F1,
    0x4A53, 0x5AD6, 0x7BDD, 0x5271, 0x6F58, 0x6B15, 0x62D2, 0x41A9,
    0x522E, 0x524F, 0x41CC, 0x41EC, 0x5AB3, 0x41ED, 0x41ED, 0x3589,
    0x3DCB, 0x3567, 0x41CA, 0x3567, 0x460B, 0x41CA, 0x3146, 0x41CA,
    0x49EC, 0x49ED, 0x5EB2, 0x4A0E, 0x460F, 0x4A52, 0x4A53, 0x4A53,
    0x5294, 0x5293, 0x56B3, 0x5EF7, 0x56B4, 0x56B5, 0x6317, 0x5EF5,
    0x5ED3, 0x41AA, 0x5230, 0x5EB4, 0x5AB4, 0x5AD4, 0x2D6A, 0x5EF5,
    0x6B37, 0x6317, 0x5AB5, 0x5273, 0x5A94, 0x5ED6, 0x6F7A, 0x6B58,
    0x4E92, 0x739A, 0x77BC, 0x3169, 0x739B, 0x6FBA, 0x2DAA, 0x56D3,
    0x7BBA, 0x5E91, 0x7357, 0x77BA, 0x77BC, 0x7BBD, 0x6F59, 0x7BBC,
    0x7BDC, 0x779B, 0x66F6, 0x5A93, 0x358B, 0x3DCC, 0x3DCD, 0x7BDD,
    0x779B, 0x737A, 0x7BDD, 0x779C, 0x739B, 0x7FFE, 0x77BC, 0x7BDD,
    0x4E50, 0x3DCD, 0x5AB6, 0x6B19, 0x49EE, 0x5630, 0x66D4, 0x4E2F,
    0x5AB2, 0x62D3, 0x6B36, 0x6B56, 0x5AB1, 0x5ED2, 0x5ED3, 0x62F6,
    0x5ED6, 0x6B5A, 0x6319, 0x5AF8, 0x5EF9, 0x5AF9, 0x5AF9, 0x56D8,
    0x56D8, 0x56B7, 0x5AD7, 0x56B6, 0x4E72, 0x4A52, 0x4E74, 0x4E74,
    0x4E74, 0x4E74, 0x4A51, 0x4E71, 0x5672, 0x4E30, 0x4E0F, 0x5295,
    0x5AB7, 0x5295, 0x5695, 0x5673, 0x41EE, 0x39AD, 0x3969, 0x6691,
    0x51CA, 0x628E, 0x5EB0, 0x3147, 0x1864, 0x1466, 0x18A6, 0x56B5,
    0x7BDD, 0x56B4, 0x5AD6, 0x6B59, 0x5ED6, 0x6738, 0x737B, 0x6F59,
    0x6B59, 0x7379, 0x5AB3, 0x6B59, 0x6F79, 0x6F79, 0x6F79, 0x6F79,
    0x6F79, 0x6F79, 0x6B57, 0x6B58, 0x6B59, 0x4210, 0x3DEE, 0x6318,
    0x6737, 0x6715, 0x6F58, 0x7399, 0x739A, 0x6F58, 0x7BBA, 0x6F77,
    0x6B36, 0x5AB2, 0x62D3, 0x62D2, 0x5EB1, 0x5A90, 0x5EB1, 0x62D3,
    0x6716, 0x7BBC, 0x41EE, 0x7BBB, 0x7BDD, 0x4A53, 0x4634, 0x4A56,
    0x4A55, 0x4612, 0x1464, 0x1884, 0x14A5, 0x35F1, 0x3A15, 0x31B2,
    0x2D4E, 0x250E, 0x2DB2, 0x3A16, 0x3A16, 0x31B0, 0x1486, 0x18A5,
    0x18A4, 0x18A4, 0x14A5, 0x318D, 0x39D0, 0x31AF, 0x318F, 0x35B0,
    0x39F2, 0x39D1, 0x39F1, 0x39F2, 0x39F2, 0x3E12, 0x3DF2, 0x3DF2,
    0x3DF2, 0x39F2, 0x3DF2, 0x3E12, 0x3E11, 0x3E12, 0x3E12, 0x3DF2,
    0x3E12, 0x39F1, 0x39F2, 0x39D1, 0x39F1, 0x3E12, 0x3E11, 0x3E11,
    0x7FFD, 0x7FFD, 0x7FFD, 0x7BDC, 0x6F37, 0x7B9A, 0x7357, 0x7BBA,
    0x35AB, 0x256C, 0x198B, 0x220D, 0x21EC, 0x5B38, 0x6B5B, 0x4632,
    0x77DE, 0x7FFF, 0x7FFE, 0x5ED3, 0x5EB2, 0x566F, 0x4A2D, 0x4A2D,
    0x41CC, 0x5251, 0x5A93, 0x41ED, 0x62F6, 0x460E, 0x5250, 0x5AB3,
    0x2905, 0x3127, 0x2D05, 0x3988, 0x2D05, 0x2D05, 0x3968, 0x41AA,
    0x3D69, 0x49ED, 0x566F, 0x4E2D, 0x39AB, 0x1063, 0x314C, 0x24E9,
    0x1C64, 0x2484, 0x24A5, 0x3128, 0x24E6, 0x1884, 0x4610, 0x460F,
    0x41EC, 0x3989, 0x45CD, 0x41AD, 0x4A0F, 0x41ED, 0x460F, 0x3DED,
    0x316A, 0x316B, 0x39AE, 0x358C, 0x316C, 0x3DF0, 0x4E94, 0x4AB3,
    0x4A92, 0x7BDD, 0x779B, 0x2D29, 0x739B, 0x77DD, 0x2DED, 0x5716,
    0x5AF5, 0x5672, 0x66F5, 0x5ED5, 0x5AD5, 0x62F7, 0x62F6, 0x6F79,
    0x6316, 0x5EF6, 0x6717, 0x4E51, 0x3DAC, 0x398A, 0x460D, 0x4A2E,
    0x4A0E, 0x4A0F, 0x6F59, 0x6F7A, 0x6F7A, 0x7FFE, 0x56B4, 0x7BFD,
    0x4A30, 0x3DCE, 0x6317, 0x4210, 0x398C, 0x5671, 0x5A91, 0x4E4F,
    0x5AB2, 0x5A90, 0x5EB1, 0x5AB0, 0x5ED1, 0x5ED1, 0x5A91, 0x5ED3,
    0x6737, 0x6F7A, 0x5EF7, 0x5AD7, 0x6319, 0x675B, 0x673B, 0x673B,
    0x675B, 0x675B, 0x6318, 0x5EF6, 0x5292, 0x5AB3, 0x5EF5, 0x6B59,
    0x6B59, 0x6316, 0x56B2, 0x62F4, 0x5ED3, 0x6B15, 0x5671, 0x66F7,
    0x6739, 0x5EF6, 0x6717, 0x62B5, 0x5694, 0x7BBD, 0x45EF, 0x4E0F,
    0x4DEC, 0x7355, 0x7BD8, 0x62F4, 0x62F5, 0x4E71, 0x2D69, 0x4A52,
    0x6F7C, 0x39D0, 0x5275, 0x673A, 0x5273, 0x5AD5, 0x7FFE, 0x7FDD,
    0x7FFE, 0x7FFE, 0x6F79, 0x77BC, 0x77BB, 0x7BDC, 0x7BDC, 0x7FDD,
    0x7FDD, 0x7FFD, 0x7FFD, 0x7FFD, 0x7FDE, 0x5AB5, 0x4E73, 0x77BC,
    0x7BDD, 0x7379, 0x7799, 0x7FDB, 0x6F78, 0x6B36, 0x7799, 0x6714,
    0x62F3, 0x62F2, 0x5EB1, 0x66F2, 0x5EB0, 0x62D1, 0x566E, 0x566E,
    0x6B15, 0x7BBB, 0x41ED, 0x7BDD, 0x7FFE, 0x4E75, 0x4A35, 0x4A35,
    0x4E56, 0x4612, 0x1464, 0x1884, 0x18C5, 0x39F2, 0x35F6, 0x35F4,
    0x252D, 0x314F, 0x2970, 0x3A15, 0x3A15, 0x2D90, 0x1486, 0x18A5,
    0x18A4, 0x18A4, 0x14A4, 0x318D, 0x39D0, 0x35B0, 0x31AF, 0x35D0,
    0x39F2, 0x39F2, 0x39F1, 0x3E12, 0x39F2, 0x3E12, 0x39F1, 0x3E12,
    0x4212, 0x39F2, 0x3DF2, 0x3E12, 0x3E11, 0x3E11, 0x3E12, 0x3DF2,
    0x3E12, 0x39F2, 0x39F2, 0x39F2, 0x39F2, 0x3E12, 0x3E11, 0x3E12,
    0x7FFD, 0x7FFD, 0x7FFE, 0x7BBB, 0x66F5, 0x7B9A, 0x7779, 0x77BA,
    0x2527, 0x39CF, 0x6B7B, 0x52D4, 0x6358, 0x7BFE, 0x739C, 0x4A52,
    0x77BD, 0x7FFE, 0x7FFC, 0x5AD2, 0x7398, 0x6B35, 0x5ED2, 0x3588,
    0x3DCB, 0x460F, 0x5A93, 0x3DCC, 0x4A2F, 0x5271, 0x5250, 0x5270,
    0x3548, 0x3988, 0x3989, 0x3D8A, 0x3968, 0x3968, 0x3547, 0x3526,
    0x45CB, 0x4E2D, 0x5EB0, 0x4E4C, 0x5AB2, 0x2D49, 0x2D0A, 0x24C8,
    0x2022, 0x2442, 0x2401, 0x2000, 0x1C21, 0x1C64, 0x3D8E, 0x41CF,
    0x41CD, 0x396A, 0x45CD, 0x4E10, 0x4A0F, 0x3DCC, 0x4E51, 0x422F,
    0x2949, 0x20E8, 0x1CA7, 0x1485, 0x254A, 0x3A30, 0x21AB, 0x21AB,
    0x4251, 0x77BC, 0x779B, 0x2D08, 0x6B58, 0x6B9B, 0x21AB, 0x3E92,
    0x2589, 0x3DCC, 0x5A93, 0x4A10, 0x4A31, 0x4A11, 0x5EB5, 0x66F6,
    0x460F, 0x4630, 0x420F, 0x4E51, 0x4A30, 0x3DAB, 0x45ED, 0x41CB,
    0x4A0E, 0x41ED, 0x6738, 0x739B, 0x6B59, 0x7FFE, 0x5AD5, 0x7FDD,
    0x5AB3, 0x5AB5, 0x5294, 0x4610, 0x41AD, 0x522F, 0x4A2E, 0x41EC,
    0x4E4F, 0x5A91, 0x5EB1, 0x526D, 0x568E, 0x5A8F, 0x5EB1, 0x6714,
    0x5ED4, 0x56B3, 0x6F7A, 0x56B5, 0x5EF8, 0x5F1A, 0x5EFA, 0x5F19,
    0x633A, 0x5AD7, 0x5273, 0x4A30, 0x460D, 0x5ED3, 0x62F3, 0x62F4,
    0x5AB3, 0x5AB3, 0x62F3, 0x62D2, 0x5EB1, 0x5EB1, 0x66D4, 0x6B17,
    0x5EB4, 0x5AD5, 0x6B17, 0x62B5, 0x3DAD, 0x6F7B, 0x4210, 0x20C6,
    0x41AB, 0x7355, 0x6311, 0x6B55, 0x5ED3, 0x462E, 0x39AC, 0x4E52,
    0x77BD, 0x6318, 0x35AD, 0x56B4, 0x77BC, 0x4A31, 0x6739, 0x5EF6,
    0x3DEE, 0x4630, 0x4A51, 0x7FFD, 0x7FFD, 0x7FDD, 0x7FDD, 0x7FDD,
    0x7FFD, 0x7FFD, 0x7FFD, 0x7FFD, 0x7FFE, 0x5294, 0x5293, 0x77BC,
    0x7FFE, 0x66F6, 0x7378, 0x6F57, 0x5EF3, 0x66F4, 0x7B99, 0x5EB1,
    0x564F, 0x5A90, 0x5E90, 0x5A6F, 0x5A8F, 0x5A8E, 0x5EAF, 0x5E90,
    0x66F3, 0x6F36, 0x39AB, 0x779B, 0x7FFF, 0x4E74, 0x4635, 0x4636,
    0x4E56, 0x4613, 0x1464, 0x1484, 0x14C6, 0x35F4, 0x35F8, 0x3A17,
    0x35B2, 0x3DB2, 0x39F3, 0x3A15, 0x3A15, 0x3190, 0x1886, 0x18A5,
    0x18A4, 0x18A4, 0x1885, 0x318D, 0x39D0, 0x31B0, 0x2D8F, 0x35D1,
    0x39F1, 0x39F2, 0x35D1, 0x39F2, 0x39F2, 0x3E12, 0x3E12, 0x4212,
    0x3DF2, 0x39F1, 0x3DF2, 0x3DF1, 0x39F1, 0x39F1, 0x3E12, 0x3E12,
    0x3E12, 0x3E12, 0x39F2, 0x35D1, 0x39F2, 0x39F2, 0x3E12, 0x3E12,
    0x7FFE, 0x7FFE, 0x7FFD, 0x7BBB, 0x6B16, 0x7B99, 0x7BBA, 0x77B9,
    0x2106, 0x4E74, 0x7FFF, 0x5EF6, 0x7BDC, 0x7FFE, 0x739C, 0x5294,
    0x7BDE, 0x7FDE, 0x7BDC, 0x6714, 0x7BB9, 0x6714, 0x4E2E, 0x3DCB,
    0x5671, 0x6B17, 0x5272, 0x3DCD, 0x3DCD, 0x739A, 0x6713, 0x62F2,
    0x4A0B, 0x41A9, 0x522D, 0x45AA, 0x49CA, 0x49CA, 0x49EB, 0x49EA,
    0x562D, 0x62D0, 0x5AB0, 0x526F, 0x2D25, 0x1862, 0x3107, 0x51AB,
    0x5D8A, 0x5D8A, 0x5969, 0x5DAB, 0x59AB, 0x51CE, 0x45CF, 0x3DD0,
    0x396C, 0x45AD, 0x3D8B, 0x49F0, 0x4610, 0x4E51, 0x460F, 0x420F,
    0x294B, 0x0C44, 0x1045, 0x1044, 0x296B, 0x31EE, 0x19AB, 0x19AA,
    0x4EB3, 0x7FFE, 0x7BDD, 0x3148, 0x7BBC, 0x73DD, 0x21CC, 0x4B16,
    0x1969, 0x4230, 0x5ED6, 0x5273, 0x4E74, 0x5274, 0x5EB6, 0x6B19,
    0x4E72, 0x56B5, 0x739C, 0x5EF6, 0x5271, 0x4E0E, 0x4E0D, 0x45CC,
    0x45ED, 0x41CD, 0x6717, 0x779B, 0x739B, 0x7FFE, 0x7BDD, 0x7FFE,
    0x5250, 0x6B37, 0x5272, 0x41EE, 0x5250, 0x5671, 0x460E, 0x4A4F,
    0x420D, 0x5AB2, 0x5AB1, 0x4E4D, 0x524E, 0x524D, 0x5A8F, 0x62D1,
    0x6714, 0x4E71, 0x56B5, 0x4E95, 0x56B6, 0x5AF8, 0x5EF9, 0x5AD7,
    0x5EF7, 0x4631, 0x4630, 0x41ED, 0x39AA, 0x4E4D, 0x62D2, 0x66F4,
    0x524F, 0x526F, 0x526F, 0x568F, 0x5EB1, 0x5670, 0x5EB3, 0x6F16,
    0x5A91, 0x1CA2, 0x6B16, 0x4E30, 0x39AD, 0x739C, 0x2D8D, 0x1443,
    0x45AB, 0x7356, 0x6B54, 0x420C, 0x1040, 0x0C40, 0x3DCE, 0x56B5,
    0x7FFF, 0x77DD, 0x4650, 0x6B38, 0x7FFE, 0x739A, 0x7BDD, 0x6F5A,
    0x2929, 0x62F7, 0x420F, 0x7FFE, 0x7BDD, 0x7FFD, 0x7FFD, 0x7FFD,
    0x7FDD, 0x7FFD, 0x7FFD, 0x7FFD, 0x7FDE, 0x5ED6, 0x5AD6, 0x7BDD,
    0x7FFD, 0x6716, 0x6B36, 0x62F3, 0x526E, 0x5690, 0x7798, 0x5A90,
    0x5EB1, 0x5A70, 0x4E0E, 0x3DAA, 0x524F, 0x5A90, 0x524D, 0x62D2,
    0x5EB1, 0x62D3, 0x3DCB, 0x6F79, 0x7FFF, 0x4E74, 0x4A55, 0x4A56,
    0x4A56, 0x4613, 0x1465, 0x1483, 0x14A6, 0x2971, 0x2553, 0x18F0,
    0x39F7, 0x39F5, 0x3E17, 0x35F7, 0x3A16, 0x2D90, 0x1486, 0x18A6,
    0x18A5, 0x18A4, 0x18A5, 0x35AE, 0x39F0, 0x31D0, 0x31AF, 0x35D1,
    0x39F2, 0x39F2, 0x39F2, 0x39F2, 0x39D1, 0x3E12, 0x3DF2, 0x3E12,
    0x3DF2, 0x39F1, 0x3E12, 0x39F1, 0x39F1, 0x3DF1, 0x3E12, 0x3DF1,
    0x39F2, 0x3DF2, 0x39F2, 0x35D1, 0x3DF2, 0x3DF2, 0x39F1, 0x3E12,
    0x7FFE, 0x7FFE, 0x7FFD, 0x7BBB, 0x6F37, 0x7B9A, 0x7FDB, 0x77BA,
    0x2106, 0x5696, 0x7BDE, 0x62F5, 0x7FDC, 0x7FFE, 0x7BDD, 0x4E73,
    0x7BDD, 0x7FFE, 0x6F57, 0x62D2, 0x6B35, 0x66F3, 0x6715, 0x41CC,
    0x62D4, 0x5271, 0x6B58, 0x420F, 0x39AC, 0x62D4, 0x5690, 0x568E,
    0x62F1, 0x524D, 0x5E90, 0x4DEB, 0x49AA, 0x560C, 0x522C, 0x62AF,
    0x628E, 0x5A4D, 0x5EB1, 0x4E6F, 0x2D26, 0x1841, 0x3907, 0x61CB,
    0x69A9, 0x65AA, 0x65AA, 0x65CA, 0x61AA, 0x5E0F, 0x49F0, 0x3DF1,
    0x3D8D, 0x45CD, 0x41AC, 0x4A10, 0x4E51, 0x460F, 0x4A30, 0x3DEF,
    0x2D6C, 0x1CE8, 0x0C44, 0x1043, 0x39CD, 0x39EE, 0x1DCB, 0x25EC,
    0x4EB4, 0x7FFE, 0x7BDD, 0x3169, 0x7BDD, 0x77DD, 0x25CC, 0x4F57,
    0x1D8A, 0x4651, 0x5AB5, 0x4E73, 0x4E74, 0x4E53, 0x5A95, 0x6B39,
    0x5273, 0x739C, 0x7FFF, 0x6738, 0x6715, 0x524E, 0x3D89, 0x5AB2,
    0x5272, 0x4E31, 0x5273, 0x6F79, 0x6B58, 0x6B38, 0x77BD, 0x6B38,
    0x5AB3, 0x4E2F, 0x4A2F, 0x4A2F, 0x4E2E, 0x4A2E, 0x5670, 0x4E70,
    0x358A, 0x4A4E, 0x62F4, 0x4A0D, 0x5690, 0x4E2E, 0x524E, 0x5ED1,
    0x6713, 0x39CB, 0x420F, 0x4A53, 0x5F18, 0x39EF, 0x4A73, 0x4652,
    0x420F, 0x35CC, 0x35AB, 0x2D69, 0x2D47, 0x5690, 0x526E, 0x5AB1,
    0x5AD2, 0x420C, 0x4A4D, 0x420B, 0x41EC, 0x4A0D, 0x5692, 0x7799,
    0x7375, 0x6B32, 0x6B34, 0x6F57, 0x5694, 0x7BFE, 0x35CF, 0x1464,
    0x45AB, 0x7356, 0x7397, 0x4A4F, 0x1020, 0x0C21, 0x398C, 0x5ED5,
    0x7BDD, 0x739B, 0x5AD5, 0x6B38, 0x7BDD, 0x6B58, 0x7BDC, 0x6718,
    0x358C, 0x56B4, 0x4A31, 0x7FFE, 0x739C, 0x6318, 0x77BC, 0x7FFD,
    0x7FDD, 0x7FFD, 0x7FFD, 0x7FFD, 0x7BDE, 0x6739, 0x5AD6, 0x7BFE,
    0x7BDC, 0x4A2E, 0x6B35, 0x5AB1, 0x5EB1, 0x526F, 0x7798, 0x4E2E,
    0x4E2E, 0x3DAB, 0x358A, 0x62F5, 0x4E50, 0x41EC, 0x5691, 0x4E2E,
    0x5250, 0x5AB3, 0x41ED, 0x6F79, 0x7FFE, 0x4A53, 0x4633, 0x4A35,
    0x4A34, 0x4633, 0x1464, 0x14A3, 0x18C7, 0x3194, 0x3196, 0x2974,
    0x2975, 0x35F6, 0x2D74, 0x31B6, 0x2552, 0x31B1, 0x14A7, 0x14A6,
    0x1485, 0x1484, 0x1484, 0x318D, 0x35D0, 0x2DAF, 0x31B0, 0x35B1,
    0x39D2, 0x39F2, 0x39D1, 0x39F2, 0x39F2, 0x3DF2, 0x3DF2, 0x3E12,
    0x3DF1, 0x39F1, 0x39F1, 0x39F1, 0x39F1, 0x3E12, 0x3E12, 0x3E12,
    0x39F2, 0x3E12, 0x3DF2, 0x39F1, 0x39F1, 0x3DF2, 0x3DF2, 0x3DF1,
    0x7FFE, 0x7FFE, 0x7FFD, 0x77BB, 0x6F36, 0x7FBA, 0x7FDC, 0x77BB,
    0x2507, 0x5AB7, 0x7FDF, 0x62F5, 0x7FDC, 0x7FFE, 0x7BDC, 0x4E72,
    0x739B, 0x77BB, 0x6B56, 0x4E4E, 0x41EB, 0x5691, 0x4A2F, 0x4A0F,
    0x5671, 0x5EB3, 0x62F5, 0x5271, 0x3DCB, 0x6736, 0x5ED2, 0x6F57,
    0x41EA, 0x4A0B, 0x5E90, 0x49CA, 0x5A2D, 0x560B, 0x5A6D, 0x562B,
    0x562B, 0x51EA, 0x566F, 0x5250, 0x5EB3, 0x3129, 0x34E6, 0x5969,
    0x6166, 0x5D87, 0x5988, 0x5D88, 0x61CA, 0x5E51, 0x5A94, 0x4A52,
    0x5ED6, 0x45AC, 0x45CD, 0x5693, 0x62F6, 0x5EF6, 0x4630, 0x5293,
    0x4631, 0x35AD, 0x316B, 0x294A, 0x4610, 0x6758, 0x31ED, 0x4692,
    0x4E73, 0x7FFF, 0x7BBD, 0x2928, 0x7BDD, 0x77DD, 0x25CC, 0x5758,
    0x4EB3, 0x422F, 0x7BBD, 0x7FDE, 0x7FFE, 0x7FFE, 0x6F5A, 0x7BDD,
    0x7FFE, 0x7FDE, 0x7FFE, 0x739A, 0x7799, 0x6B15, 0x566F, 0x779A,
    0x6737, 0x5694, 0x62F7, 0x77BC, 0x6F79, 0x5EF5, 0x7BDC, 0x779A,
    0x5250, 0x49EC, 0x5671, 0x5691, 0x4E2E, 0x5670, 0x4A0D, 0x524F,
    0x4E4F, 0x6B35, 0x5AB1, 0x62D2, 0x526E, 0x5EB2, 0x5AB1, 0x6713,
    0x6734, 0x3188, 0x2126, 0x39EC, 0x31AA, 0x1D05, 0x35AB, 0x39CC,
    0x2105, 0x2D67, 0x2525, 0x2D67, 0x2524, 0x2D46, 0x3DCA, 0x4E4E,
    0x5291, 0x3E0C, 0x420C, 0x39C9, 0x462C, 0x5AB2, 0x5AD3, 0x6F55,
    0x6F32, 0x6F52, 0x6B11, 0x6B14, 0x45EE, 0x3DCF, 0x1D09, 0x1444,
    0x418A, 0x7355, 0x5ED0, 0x5AD1, 0x45ED, 0x3DAC, 0x3D8B, 0x62F6,
    0x7FFE, 0x7BDE, 0x62F7, 0x62F6, 0x7FFE, 0x6B59, 0x7BDE, 0x4A53,
    0x250A, 0x4A52, 0x4210, 0x673A, 0x5AF7, 0x2D8C, 0x739B, 0x7FFD,
    0x7FFD, 0x7FFD, 0x7FFD, 0x7FFD, 0x7BDD, 0x56B6, 0x35CE, 0x77DD,
    0x6737, 0x3148, 0x6715, 0x3146, 0x3DCA, 0x6715, 0x7799, 0x41EC,
    0x5AB3, 0x5ED5, 0x5693, 0x5AB4, 0x5293, 0x77BC, 0x739A, 0x77BB,
    0x779B, 0x7BDC, 0x7379, 0x7BDC, 0x7FFE, 0x739B, 0x77BD, 0x77BD,
    0x779D, 0x5AD6, 0x1463, 0x1484, 0x1CE9, 0x3DF6, 0x2133, 0x31B6,
    0x1CF2, 0x2552, 0x2132, 0x1D33, 0x35F7, 0x3E13, 0x6739, 0x6739,
    0x6B39, 0x6739, 0x6718, 0x4A33, 0x35B0, 0x31B0, 0x3190, 0x35D1,
    0x39D2, 0x3DF2, 0x39F2, 0x39F2, 0x3DF2, 0x3E12, 0x3E12, 0x3E13,
    0x3E12, 0x3E12, 0x3DF2, 0x3E12, 0x39F1, 0x3E12, 0x3E12, 0x3E12,
    0x39F2, 0x3E12, 0x3E12, 0x39F1, 0x39F1, 0x39F1, 0x39F1, 0x3DF2,
    0x7FFE, 0x7FFE, 0x7FFD, 0x779A, 0x6B16, 0x7FBB, 0x7FDC, 0x77BB,
    0x2528, 0x5AD7, 0x7FFF, 0x6737, 0x6F78, 0x6F7A, 0x739B, 0x6B59,
    0x6F7A, 0x6316, 0x5290, 0x4E6F, 0x5292, 0x5272, 0x5272, 0x41CC,
    0x7359, 0x62F5, 0x4E4F, 0x62F4, 0x5670, 0x6314, 0x5ED3, 0x6F57,
    0x3146, 0x45EB, 0x524D, 0x41A8, 0x520B, 0x522B, 0x524B, 0x5A6D,
    0x564C, 0x562B, 0x49EB, 0x5271, 0x2907, 0x20C6, 0x3508, 0x5DCC,
    0x65C9, 0x61CA, 0x6E70, 0x61CB, 0x61EC, 0x62B4, 0x77BC, 0x7BDE,
    0x779B, 0x45AC, 0x5A93, 0x7FFF, 0x7FFE, 0x7FFE, 0x5293, 0x7FFF,
    0x7FFE, 0x7FFF, 0x7FFE, 0x7FFE, 0x7FFE, 0x7FFE, 0x6B9A, 0x73DD,
    0x4A52, 0x7FFF, 0x7BBD, 0x2527, 0x7BDD, 0x73DD, 0x29AC, 0x639A,
    0x7BFE, 0x62F6, 0x779B, 0x7FFE, 0x7FFE, 0x7FFD, 0x6F79, 0x7BDC,
    0x7FFE, 0x7FFE, 0x7BDD, 0x5ED4, 0x7BBA, 0x6F56, 0x5AB2, 0x7378,
    0x6316, 0x6738, 0x5AD5, 0x6717, 0x6F78, 0x6F79, 0x6316, 0x62D4,
    0x4A0D, 0x564F, 0x5EB3, 0x4E2E, 0x66F4, 0x66F4, 0x5E92, 0x5A91,
    0x66F4, 0x6714, 0x66F2, 0x62F2, 0x528F, 0x5270, 0x524E, 0x6715,
    0x6B55, 0x3188, 0x2123, 0x31A6, 0x2D64, 0x2523, 0x2945, 0x2945,
    0x2944, 0x2944, 0x2944, 0x2525, 0x2925, 0x2D45, 0x39A9, 0x460D,
    0x4A2E, 0x41ED, 0x2925, 0x460C, 0x4A2D, 0x6B35, 0x6F56, 0x5EB1,
    0x6B13, 0x62F0, 0x6B12, 0x5EB1, 0x41CC, 0x3DCE, 0x252A, 0x1023,
    0x418A, 0x7354, 0x7BB6, 0x77B8, 0x7399, 0x737A, 0x41CC, 0x6B37,
    0x7FFE, 0x7BDE, 0x62F7, 0x6317, 0x7FFE, 0x6B5A, 0x77BE, 0x6319,
    0x4E75, 0x56B6, 0x4633, 0x4E75, 0x52B6, 0x56B6, 0x739C, 0x7FFE,
    0x7FFC, 0x7FFD, 0x7FFC, 0x7FFD, 0x7BDD, 0x56B5, 0x3E10, 0x7BDE,
    0x5ED5, 0x398A, 0x6716, 0x2905, 0x3589, 0x5EF4, 0x7BDC, 0x5AB3,
    0x6738, 0x6317, 0x6317, 0x739B, 0x739B, 0x7BDD, 0x6738, 0x6F7A,
    0x7FDD, 0x7FFD, 0x7FFD, 0x77BB, 0x7FFE, 0x739B, 0x6F7B, 0x6B3A,
    0x6B5A, 0x5AB5, 0x1463, 0x14A4, 0x1CE8, 0x3193, 0x35D7, 0x35F7,
    0x39F8, 0x39D6, 0x39F6, 0x31D6, 0x31F5, 0x4E95, 0x7FFF, 0x7FFE,
    0x7FFF, 0x7FFF, 0x7FFF, 0x56B5, 0x35D0, 0x31D0, 0x31B0, 0x35D1,
    0x39F2, 0x39F2, 0x39F2, 0x39F2, 0x3DF2, 0x3E12, 0x3E13, 0x3E12,
    0x3E12, 0x3E12, 0x3DF2, 0x3E12, 0x39D1, 0x3E12, 0x3DF2, 0x3E12,
    0x3E12, 0x3E12, 0x39F2, 0x39F2, 0x39F1, 0x39F1, 0x3E12, 0x39F1,
    0x7FFE, 0x7FFE, 0x7BFD, 0x737A, 0x66F5, 0x7F9A, 0x7FBB, 0x6F9A,
    0x258B, 0x52D6, 0x7BFF, 0x5AF6, 0x3E0E, 0x4650, 0x4A31, 0x4A32,
    0x4E52, 0x5693, 0x5271, 0x5692, 0x7FFE, 0x7FFF, 0x6F7A, 0x45ED,
    0x7FFE, 0x6B59, 0x6B57, 0x6B15, 0x6714, 0x6714, 0x6713, 0x5AB0,
    0x41C9, 0x4E2C, 0x566D, 0x5AAF, 0x6AF0, 0x62CF, 0x568C, 0x62D0,
    0x66D0, 0x62AF, 0x4E2C, 0x4E70, 0x1883, 0x2909, 0x3529, 0x5DED,
    0x5D89, 0x5989, 0x5DCD, 0x4D27, 0x4969, 0x5694, 0x6F7B, 0x6738,
    0x66F6, 0x418B, 0x5693, 0x7FFE, 0x7FFE, 0x7FFE, 0x5293, 0x7FFF,
    0x7FFF, 0x7FFE, 0x7FFE, 0x7FFE, 0x7FFD, 0x7FFE, 0x7FFE, 0x7BDD,
    0x4A51, 0x7FFF, 0x7BBD, 0x2528, 0x7BDD, 0x77DD, 0x256A, 0x6779,
    0x7FFE, 0x5ED4, 0x737A, 0x7FFE, 0x7FFD, 0x7FFE, 0x7379, 0x7BBB,
    0x7BBC, 0x7BDD, 0x7FFE, 0x6F79, 0x7FDA, 0x7BB9, 0x5AB2, 0x6715,
    0x5ED5, 0x62D5, 0x5AB4, 0x5691, 0x7378, 0x7379, 0x62F5, 0x5ED4,
    0x41AA, 0x4E0D, 0x5650, 0x5670, 0x6714, 0x5A90, 0x5670, 0x5ED2,
    0x62D3, 0x6714, 0x6B34, 0x5ED1, 0x6B55, 0x5AB1, 0x5ED2, 0x5A90,
    0x6F75, 0x528F, 0x1D01, 0x2101, 0x2D83, 0x35A5, 0x3185, 0x2923,
    0x2944, 0x3185, 0x1CE3, 0x2525, 0x2946, 0x39CA, 0x41EC, 0x460E,
    0x3DAB, 0x39AB, 0x3DCB, 0x5ED2, 0x5EB1, 0x6714, 0x7799, 0x62D4,
    0x5EB1, 0x5A8F, 0x66F2, 0x6B14, 0x5A91, 0x5270, 0x4210, 0x2D2A,
    0x3D4A, 0x6F14, 0x5A8E, 0x5ED2, 0x1CA3, 0x1883, 0x41CB, 0x6737,
    0x7BDD, 0x6F7B, 0x52B4, 0x6F7B, 0x7BDE, 0x4A54, 0x4634, 0x3DF3,
    0x4634, 0x56B8, 0x6F7C, 0x77DE, 0x6B5A, 0x5AD7, 0x77BC, 0x7FFD,
    0x7FFD, 0x7FFD, 0x7FFC, 0x7FFD, 0x7FFE, 0x56B5, 0x3E10, 0x6739,
    0x6F59, 0x62F5, 0x62F5, 0x737A, 0x6F58, 0x6B57, 0x7BDC, 0x7BDC,
    0x7FFE, 0x7BDD, 0x77BC, 0x6F7A, 0x6B59, 0x7BDD, 0x7FFE, 0x7FFE,
    0x7FFE, 0x7FFE, 0x7FFD, 0x7BDD, 0x7FFE, 0x6F7B, 0x6F7B, 0x77BD,
    0x739C, 0x5EF7, 0x1463, 0x1483, 0x18E8, 0x39D4, 0x35D6, 0x39F5,
    0x35B5, 0x2D91, 0x39F4, 0x35F5, 0x35F4, 0x4A74, 0x739B, 0x7BDB,
    0x77BB, 0x7BDC, 0x779C, 0x5295, 0x35D0, 0x35D0, 0x31AF, 0x35D1,
    0x39F2, 0x39F2, 0x39F2, 0x3A12, 0x3E12, 0x3E12, 0x3E12, 0x3E12,
    0x3E12, 0x3E13, 0x3DF2, 0x3DF2, 0x39F1, 0x3DF2, 0x3DF1, 0x39F1,
    0x3DF2, 0x3E12, 0x3DF2, 0x3DF2, 0x3DF2, 0x3DF2, 0x3E12, 0x3DF2,
    0x6317, 0x5F17, 0x5F17, 0x5292, 0x6F57, 0x7FBA, 0x7B99, 0x739A,
    0x25AA, 0x4672, 0x6339, 0x4A93, 0x4230, 0x4A72, 0x5273, 0x5274,
    0x5694, 0x6B39, 0x5ED3, 0x6B37, 0x739B, 0x7BDC, 0x6F58, 0x49ED,
    0x739C, 0x5294, 0x35AB, 0x5AB2, 0x5690, 0x5AB1, 0x62F2, 0x5A8E,
    0x49E9, 0x522C, 0x66F1, 0x62D0, 0x62AE, 0x62CF, 0x62AD, 0x5E8C,
    0x628D, 0x628D, 0x5EB1, 0x5271, 0x3149, 0x20C7, 0x2064, 0x4D67,
    0x61AA, 0x61CB, 0x6E51, 0x5DCD, 0x59ED, 0x5694, 0x77BD, 0x6F7A,
    0x6B38, 0x45CC, 0x5273, 0x7FFF, 0x77BC, 0x7FFF, 0x56B3, 0x7FFE,
    0x7FFE, 0x7FFE, 0x7FFE, 0x7FFE, 0x7FFE, 0x7FFE, 0x7FFE, 0x7FFE,
    0x6B5A, 0x739B, 0x77BC, 0x2D49, 0x739B, 0x77BC, 0x6F7A, 0x77DD,
    0x7FFD, 0x66F5, 0x737A, 0x7FFE, 0x7FFD, 0x7FFC, 0x779A, 0x779A,
    0x737A, 0x7BBD, 0x7FFE, 0x6F59, 0x7BDB, 0x6B15, 0x3589, 0x7379,
    0x7BDD, 0x62F7, 0x7BDD, 0x7BDC, 0x7799, 0x7BBB, 0x5ED4, 0x6B36,
    0x41CB, 0x4E0E, 0x4A0D, 0x4E2E, 0x66F3, 0x62D2, 0x5AB1, 0x6714,
    0x5ED2, 0x5691, 0x5690, 0x5690, 0x56B1, 0x66F4, 0x66F3, 0x5EB0,
    0x66F1, 0x5AB0, 0x2503, 0x2122, 0x2962, 0x2D63, 0x2923, 0x2523,
    0x3186, 0x3186, 0x1CC3, 0x18A3, 0x20E5, 0x2D47, 0x2D67, 0x3168,
    0x35AA, 0x35AA, 0x41EC, 0x5AD2, 0x5ED2, 0x62F4, 0x6B55, 0x6715,
    0x6715, 0x5EB2, 0x6B15, 0x66F4, 0x6B36, 0x6735, 0x62F6, 0x3DAD,
    0x3107, 0x6F35, 0x7B97, 0x5AD3, 0x1043, 0x0C42, 0x3DAB, 0x6738,
    0x739C, 0x35F0, 0x4A93, 0x7FFE, 0x7FFE, 0x4A54, 0x1CEB, 0x35B0,
    0x4A54, 0x56B6, 0x6B5A, 0x7FFE, 0x77BD, 0x5EF7, 0x77BC, 0x7FFD,
    0x7FFD, 0x7FFD, 0x7FFD, 0x7FFD, 0x7BDE, 0x5EF7, 0x3DF0, 0x6759,
    0x5EB4, 0x6F38, 0x6717, 0x6B38, 0x5ED5, 0x5292, 0x7BFC, 0x7FFD,
    0x7FFE, 0x7FFE, 0x7FFE, 0x7FFE, 0x7FFD, 0x7FFE, 0x7FFD, 0x7FFE,
    0x7FFD, 0x7FFE, 0x7FFE, 0x7BDD, 0x7FFF, 0x6739, 0x6739, 0x6F7B,
    0x6F5A, 0x5EF7, 0x1464, 0x1483, 0x18E7, 0x35D3, 0x35D4, 0x2970,
    0x210F, 0x292F, 0x212E, 0x35F5, 0x35F4, 0x4E95, 0x6737, 0x6F58,
    0x7378, 0x7799, 0x6F59, 0x5294, 0x35AF, 0x31B0, 0x31AF, 0x35D1,
    0x39F2, 0x39F2, 0x35F2, 0x39F2, 0x3DF2, 0x39F2, 0x3E13, 0x3E13,
    0x3E12, 0x3E12, 0x3E12, 0x3E12, 0x39F2, 0x3DF2, 0x3E12, 0x3E12,
    0x3DF2, 0x39F1, 0x3DF2, 0x3DF2, 0x3DF2, 0x3E12, 0x3E12, 0x3E12,
    0x31ED, 0x216A, 0x1906, 0x420D, 0x6B15, 0x7B99, 0x7B98, 0x73BA,
    0x3A2E, 0x3E30, 0x3A0F, 0x35CE, 0x1CE7, 0x1CC7, 0x20E7, 0x20C7,
    0x3DCE, 0x6717, 0x41CB, 0x3DCB, 0x39AA, 0x3DCC, 0x3DA9, 0x520D,
    0x6738, 0x4210, 0x18E6, 0x460D, 0x5A92, 0x526F, 0x6712, 0x4E2A,
    0x562B, 0x520B, 0x6AD1, 0x5A6D, 0x626C, 0x626C, 0x5A4B, 0x5E4B,
    0x55E9, 0x51A6, 0x562C, 0x5650, 0x1801, 0x354B, 0x30E7, 0x5989,
    0x5D87, 0x5989, 0x6A50, 0x5DED, 0x55EC, 0x5ED5, 0x77BD, 0x77BC,
    0x6F59, 0x41AC, 0x5693, 0x7FFF, 0x7BDD, 0x7FFF, 0x56B4, 0x7FFE,
    0x7FFE, 0x7FFE, 0x7FFD, 0x7FFE, 0x7FFE, 0x7FFE, 0x7FFE, 0x7FFF,
    0x7FFE, 0x7FFE, 0x7BDD, 0x2927, 0x77BC, 0x7FFE, 0x7FFE, 0x7FFE,
    0x7FFD, 0x6F37, 0x6F59, 0x7FFD, 0x7FFD, 0x7FFD, 0x779A, 0x7BBB,
    0x739A, 0x7FDE, 0x7FFE, 0x6B39, 0x6F58, 0x5EB2, 0x2505, 0x6B59,
    0x6B5A, 0x39CE, 0x77BC, 0x77BC, 0x6B78, 0x6B58, 0x6738, 0x6F58,
    0x4A0E, 0x522F, 0x5250, 0x5250, 0x5A91, 0x5ED2, 0x526F, 0x7377,
    0x5AB2, 0x4E4F, 0x41EB, 0x462D, 0x62F3, 0x524F, 0x66F2, 0x5A8E,
    0x568E, 0x3987, 0x20E3, 0x14A1, 0x2103, 0x2504, 0x2505, 0x18A4,
    0x20E4, 0x2104, 0x18A2, 0x18A4, 0x20E6, 0x3DEE, 0x318A, 0x2506,
    0x4A4F, 0x35CB, 0x39CB, 0x4A4F, 0x5EF3, 0x7398, 0x6F76, 0x56B0,
    0x5ED1, 0x5AB1, 0x6B36, 0x66D5, 0x66F4, 0x6734, 0x6315, 0x5693,
    0x66F7, 0x5E92, 0x5E6F, 0x5672, 0x39AF, 0x314B, 0x398B, 0x6717,
    0x739D, 0x39D0, 0x52B5, 0x7FFE, 0x7FFE, 0x673A, 0x56B6, 0x5EF8,
    0x6739, 0x56B4, 0x5AD5, 0x7FFE, 0x7FFD, 0x7FFE, 0x7FFE, 0x7FFD,
    0x7FDD, 0x7FFD, 0x7FFD, 0x7FFD, 0x7FFE, 0x6718, 0x6318, 0x739B,
    0x6F59, 0x779B, 0x7FBD, 0x6B18, 0x6F58, 0x6316, 0x7FFC, 0x7FFC,
    0x7FFD, 0x7FFD, 0x7FFD, 0x7FFD, 0x7FFD, 0x7FFD, 0x7FFD, 0x7FFD,
    0x7FFD, 0x7FFD, 0x7FFD, 0x7FFE, 0x7FFE, 0x673A, 0x6739, 0x6F7B,
    0x6F7B, 0x5ED7, 0x1465, 0x1484, 0x18E7, 0x35D3, 0x31D4, 0x35D4,
    0x1CEF, 0x250E, 0x3191, 0x35F5, 0x31F4, 0x4E95, 0x6717, 0x6F58,
    0x7379, 0x779B, 0x6F5A, 0x5274, 0x35B0, 0x31B1, 0x3190, 0x35D1,
    0x39F2, 0x39F2, 0x39F2, 0x39F2, 0x39F2, 0x3E12, 0x3E13, 0x4233,
    0x3E12, 0x3DF2, 0x3E12, 0x3DF2, 0x39F1, 0x3DF2, 0x3E12, 0x3DF1,
    0x39F1, 0x3DF2, 0x3DF2, 0x3DF2, 0x3DF2, 0x3E12, 0x3E12, 0x3E12,
    0x1064, 0x18C9, 0x18C8, 0x41CE, 0x7336, 0x7B57, 0x7B78, 0x77BB,
    0x2548, 0x1084, 0x20E9, 0x2109, 0x1885, 0x1484, 0x1484, 0x1484,
    0x3DCD, 0x6316, 0x18A3, 0x1884, 0x1463, 0x1841, 0x30C4, 0x59ED,
    0x522F, 0x358B, 0x14A5, 0x1CC6, 0x1084, 0x2947, 0x460C, 0x5A8E,
    0x668E, 0x55C9, 0x59EA, 0x5E08, 0x664A, 0x6A6C, 0x5DE9, 0x5DE9,
    0x660A, 0x65E9, 0x622D, 0x5A50, 0x1C43, 0x2885, 0x3D27, 0x61EB,
    0x65EB, 0x65EC, 0x6E2E, 0x660D, 0x55EC, 0x5EB5, 0x5AF7, 0x5AD6,
    0x5AB4, 0x41AA, 0x4A0E, 0x6317, 0x5AD5, 0x6316, 0x5292, 0x6B58,
    0x6B38, 0x6B59, 0x6B39, 0x6738, 0x6738, 0x6B59, 0x6F7A, 0x6B59,
    0x6B59, 0x6B59, 0x779C, 0x358A, 0x56B4, 0x739B, 0x6F7A, 0x6B59,
    0x6B59, 0x5AB3, 0x6B38, 0x6738, 0x6317, 0x739B, 0x7339, 0x6F7B,
    0x52B4, 0x6739, 0x7BDE, 0x62F6, 0x45ED, 0x41AB, 0x39AB, 0x4630,
    0x4E72, 0x4650, 0x52B4, 0x6738, 0x6F7A, 0x6B59, 0x62F6, 0x4E30,
    0x3D8A, 0x564F, 0x4E0E, 0x4E2F, 0x5A91, 0x62F4, 0x5AB3, 0x62F5,
    0x6716, 0x462F, 0x358A, 0x56B2, 0x6B37, 0x5AB3, 0x5EB1, 0x66D2,
    0x6B34, 0x62F4, 0x4E70, 0x41ED, 0x2948, 0x318B, 0x252A, 0x294A,
    0x2528, 0x2967, 0x39AC, 0x3DEE, 0x4A32, 0x5672, 0x45EF, 0x5252,
    0x4E30, 0x5251, 0x4E0F, 0x3D8A, 0x522F, 0x5AB2, 0x6F56, 0x4E4D,
    0x526F, 0x4A0D, 0x66F4, 0x62F4, 0x5270, 0x5AB1, 0x5AB1, 0x5250,
    0x45CE, 0x5A72, 0x5E94, 0x5AB5, 0x5AB6, 0x4E52, 0x49EE, 0x5672,
    0x739C, 0x39F0, 0x56B5, 0x7FFE, 0x7FDD, 0x7BDD, 0x7FFE, 0x77BD,
    0x77BC, 0x5293, 0x5AD4, 0x7FFE, 0x7FFE, 0x7FFE, 0x7FDD, 0x7FFE,
    0x7FFD, 0x7FFD, 0x7FFD, 0x7FFE, 0x7FFE, 0x5AB4, 0x5693, 0x77BC,
    0x737A, 0x7FDD, 0x7FDD, 0x62F6, 0x7FDD, 0x6717, 0x7FFC, 0x7FFC,
    0x7FFD, 0x7BDD, 0x7FFD, 0x7FFD, 0x7FFD, 0x7FFD, 0x7FFD, 0x7FFE,
    0x7FFD, 0x7FFD, 0x7FFD, 0x7FFD, 0x7FFE, 0x6B5A, 0x6B3A, 0x6F7B,
    0x737B, 0x5ED6, 0x1464, 0x1484, 0x18C9, 0x35F5, 0x2DD5, 0x31D6,
    0x31D5, 0x35D5, 0x31D4, 0x31D6, 0x31D6, 0x4E96, 0x5293, 0x6317,
    0x6738, 0x6F7A, 0x6738, 0x4E53, 0x35B1, 0x3191, 0x3190, 0x35B0,
    0x39D2, 0x39F2, 0x39F1, 0x39F1, 0x3E12, 0x3DF2, 0x39F2, 0x3E12,
    0x3E12, 0x39F2, 0x3E12, 0x3E12, 0x3DF2, 0x3E12, 0x3DF2, 0x3DF2,
    0x3DF2, 0x3DF2, 0x3DF2, 0x3DF2, 0x3E12, 0x3E12, 0x3E12, 0x3E12,
    0x1466, 0x1CCB, 0x1CEA, 0x4A10, 0x6F15, 0x7B56, 0x7B78, 0x77BB,
    0x2D8A, 0x14A5, 0x292B, 0x250A, 0x1886, 0x1484, 0x1484, 0x1485,
    0x3DCD, 0x6316, 0x1482, 0x1884, 0x1864, 0x3146, 0x6ECC, 0x6ECA,
    0x5A4D, 0x2D49, 0x1487, 0x1887, 0x18A9, 0x212B, 0x20E6, 0x4188,
    0x59E9, 0x660A, 0x6A0B, 0x6A0A, 0x6E09, 0x69E9, 0x69EB, 0x65EB,
    0x69EC, 0x6A0C, 0x5E0C, 0x520F, 0x1800, 0x51AC, 0x61EC, 0x660C,
    0x6A0A, 0x6A0B, 0x724D, 0x6A0D, 0x51AB, 0x5252, 0x739D, 0x6739,
    0x5AB4, 0x49CC, 0x5230, 0x737A, 0x6F59, 0x6B59, 0x5293, 0x739A,
    0x737A, 0x739A, 0x739B, 0x6F7B, 0x6F7A, 0x6F7B, 0x6B39, 0x6B59,
    0x6B59, 0x6738, 0x7379, 0x41CC, 0x3DAB, 0x6737, 0x6737, 0x6F59,
    0x735A, 0x5EB2, 0x62D4, 0x5EF6, 0x6318, 0x62D6, 0x5E92, 0x7379,
    0x52B3, 0x6317, 0x7BDD, 0x62F5, 0x5E92, 0x62D3, 0x6B37, 0x6316,
    0x56B3, 0x5293, 0x5AD5, 0x6758, 0x739A, 0x7BDD, 0x62F5, 0x6B36,
    0x41CB, 0x5A70, 0x5670, 0x5EB3, 0x6715, 0x6715, 0x6315, 0x5692,
    0x77BB, 0x6316, 0x462E, 0x5AD3, 0x739A, 0x5EF5, 0x460D, 0x7379,
    0x6716, 0x779B, 0x5292, 0x6316, 0x35AB, 0x39CE, 0x252A, 0x3DCF,
    0x35AB, 0x5F15, 0x6759, 0x737C, 0x56B5, 0x5AB6, 0x4A31, 0x45F1,
    0x39CD, 0x35AB, 0x398A, 0x4E2E, 0x4E2E, 0x5690, 0x5ED2, 0x5AD2,
    0x5AB1, 0x4A0D, 0x66F4, 0x5671, 0x4E4F, 0x5270, 0x62B1, 0x7314,
    0x5A2F, 0x3D29, 0x28A6, 0x1043, 0x1063, 0x1042, 0x3569, 0x62F5,
    0x77BC, 0x4210, 0x56B5, 0x7FFE, 0x7FFD, 0x7FFC, 0x7FFD, 0x7FFE,
    0x7FFE, 0x6738, 0x6F7A, 0x7FFE, 0x7FDD, 0x7FDD, 0x7FFE, 0x7FFD,
    0x7FFE, 0x7FFD, 0x7FFD, 0x7FFE, 0x7FFE, 0x6F7B, 0x6F7A, 0x7BDE,
    0x779A, 0x7FDD, 0x7FDD, 0x5AD5, 0x7FFE, 0x779A, 0x779A, 0x7BDC,
    0x7FDC, 0x77BB, 0x77BC, 0x7FFD, 0x7FFD, 0x7FFD, 0x7FFD, 0x7FFD,
    0x7FFD, 0x7FFD, 0x7BDC, 0x7FFD, 0x77BD, 0x6B5A, 0x6B5A, 0x6F7B,
    0x739C, 0x5AB5, 0x1464, 0x1484, 0x18CA, 0x2552, 0x10D1, 0x1913,
    0x31D7, 0x31D7, 0x31D6, 0x2DB7, 0x2153, 0x4234, 0x4210, 0x2D6B,
    0x35AD, 0x3DEF, 0x35AE, 0x294C, 0x18CB, 0x1CEC, 0x18EA, 0x2D6E,
    0x39D2, 0x39D2, 0x39F2, 0x39F2, 0x3E13, 0x39D2, 0x3E12, 0x3E12,
    0x3E12, 0x39F1, 0x39F1, 0x3DF2, 0x3E11, 0x3E12, 0x3E12, 0x3E12,
    0x39F2, 0x39F2, 0x3DF2, 0x39F2, 0x3DF2, 0x3DF2, 0x3DF2, 0x3DF2,
    0x1087, 0x1CEC, 0x210D, 0x4610, 0x6F37, 0x7F98, 0x7B78, 0x77BB,
    0x318B, 0x14A6, 0x292C, 0x250B, 0x14A7, 0x1485, 0x1484, 0x1485,
    0x3DCD, 0x6737, 0x1482, 0x1885, 0x1884, 0x3569, 0x6F0F, 0x6EE9,
    0x6B0F, 0x2927, 0x1468, 0x1448, 0x148A, 0x1D0B, 0x18E7, 0x45CA,
    0x5DE9, 0x69E9, 0x6E0B, 0x69EA, 0x69EA, 0x65EA, 0x662E, 0x6650,
    0x6E71, 0x664F, 0x560E, 0x5230, 0x2021, 0x61EE, 0x6A0D, 0x6E0B,
    0x69E9, 0x6A09, 0x724D, 0x65EB, 0x3061, 0x1822, 0x6F5B, 0x3DCE,
    0x1C60, 0x49AB, 0x49CE, 0x4A11, 0x4610, 0x420F, 0x4E92, 0x422F,
    0x4630, 0x358C, 0x318C, 0x318C, 0x2109, 0x2D4B, 0x4E53, 0x294A,
    0x5AD4, 0x7799, 0x7357, 0x66F2, 0x7399, 0x6F77, 0x6F77, 0x6717,
    0x5653, 0x3548, 0x520F, 0x1488, 0x2D70, 0x39D0, 0x5AB3, 0x6B57,
    0x5293, 0x6B5A, 0x6738, 0x62D4, 0x66F3, 0x7336, 0x62D4, 0x6B39,
    0x6B38, 0x6F58, 0x6315, 0x6F58, 0x6F77, 0x7BDB, 0x77B9, 0x7FDA,
    0x4E4D, 0x45EA, 0x4A0C, 0x4E2F, 0x5270, 0x5ED4, 0x6F79, 0x5692,
    0x77BC, 0x5EF5, 0x4A50, 0x56B3, 0x52B3, 0x39ED, 0x4631, 0x358D,
    0x2D4A, 0x3DAD, 0x5694, 0x6718, 0x316A, 0x2929, 0x18A7, 0x18A6,
    0x2D4A, 0x4E51, 0x4210, 0x4211, 0x41F1, 0x4632, 0x294C, 0x4633,
    0x4E95, 0x5F18, 0x39CD, 0x5EF5, 0x62F5, 0x3DCB, 0x4E50, 0x5AB2,
    0x5270, 0x41CB, 0x66F5, 0x62D4, 0x5692, 0x41ED, 0x6292, 0x6A91,
    0x6A91, 0x72B4, 0x34E7, 0x1463, 0x1063, 0x1042, 0x3148, 0x6F59,
    0x7FFE, 0x77BD, 0x5293, 0x6F7A, 0x7FFD, 0x7FFD, 0x739B, 0x5EF6,
    0x5AD5, 0x56B3, 0x5272, 0x7BBD, 0x7FFD, 0x7FDD, 0x7FFD, 0x7FFE,
    0x7FFD, 0x7FFD, 0x7FFE, 0x7FFE, 0x7BDD, 0x5294, 0x56B4, 0x6B59,
    0x6F59, 0x779B, 0x7BDD, 0x5AD5, 0x7FFD, 0x7FDC, 0x7BDB, 0x7FFD,
    0x7BDC, 0x6B37, 0x6F79, 0x7FFD, 0x7BBB, 0x7FFD, 0x7FFD, 0x7FFD,
    0x7FFD, 0x7FDD, 0x7BDC, 0x7BDC, 0x6B59, 0x6B5A, 0x6B5A, 0x6F7B,
    0x779C, 0x5274, 0x1464, 0x1484, 0x18CA, 0x2552, 0x18F4, 0x2157,
    0x1914, 0x2155, 0x2134, 0x1913, 0x2153, 0x35D2, 0x56B5, 0x6738,
    0x6318, 0x6B5A, 0x6318, 0x3DF1, 0x296F, 0x256F, 0x214D, 0x254C,
    0x39D1, 0x39F2, 0x39F3, 0x39F3, 0x3E14, 0x3DF3, 0x3E12, 0x3E12,
    0x3E12, 0x3DF2, 0x39F1, 0x3DF1, 0x3E11, 0x3DF2, 0x3DF2, 0x3E13,
    0x39F2, 0x39F2, 0x3DF2, 0x39F2, 0x3E12, 0x3DF2, 0x3E12, 0x3E12,
    0x1087, 0x210E, 0x210E, 0x41F0, 0x6F37, 0x7B77, 0x7B78, 0x779B,
    0x318B, 0x14A6, 0x292C, 0x292D, 0x18A8, 0x1485, 0x14A4, 0x1485,
    0x39CD, 0x6737, 0x1483, 0x1885, 0x1485, 0x420F, 0x7FFC, 0x7B96,
    0x6F32, 0x2D47, 0x1065, 0x1067, 0x14A9, 0x190A, 0x2149, 0x3D89,
    0x59EA, 0x6DEB, 0x6DEB, 0x6A0B, 0x69EA, 0x5DEB, 0x7757, 0x66F4,
    0x5EB2, 0x5E92, 0x5A92, 0x5230, 0x3507, 0x61ED, 0x6DEC, 0x69EA,
    0x6E0A, 0x6A0B, 0x726E, 0x6A2C, 0x662E, 0x59ED, 0x7339, 0x5E51,
    0x5A2E, 0x4168, 0x418C, 0x1CA7, 0x4211, 0x2108, 0x4A71, 0x2949,
    0x39AD, 0x2508, 0x2509, 0x2109, 0x294A, 0x2D4B, 0x6739, 0x39CE,
    0x6B58, 0x7BB8, 0x6AF1, 0x5E8D, 0x7BB8, 0x7FD9, 0x77B8, 0x2927,
    0x2084, 0x3106, 0x5E72, 0x24EC, 0x4638, 0x2570, 0x4A72, 0x6B59,
    0x2508, 0x56D6, 0x6317, 0x6F57, 0x6F35, 0x7757, 0x66F5, 0x6B39,
    0x7379, 0x7BDB, 0x7FFB, 0x7BDA, 0x6B55, 0x6F77, 0x6B55, 0x7BF8,
    0x56AE, 0x4609, 0x5A91, 0x3DCB, 0x6B58, 0x5692, 0x6F79, 0x5271,
    0x77BB, 0x5AD4, 0x5EF5, 0x35AB, 0x3DEF, 0x296B, 0x318E, 0x4E95,
    0x4A53, 0x4A31, 0x4E51, 0x5ED5, 0x5252, 0x4E52, 0x5674, 0x5694,
    0x62F6, 0x5ED5, 0x5252, 0x4E53, 0x4A31, 0x4A52, 0x4631, 0x35AF,
    0x254D, 0x39F2, 0x3E11, 0x3DEF, 0x3DEE, 0x41EF, 0x39AD, 0x56B3,
    0x5AB2, 0x41CB, 0x5ED4, 0x6F38, 0x39CD, 0x1484, 0x6EF5, 0x7F36,
    0x7F56, 0x76F5, 0x3949, 0x1063, 0x0C64, 0x0C62, 0x2D26, 0x6F58,
    0x7FFE, 0x7FFE, 0x6F59, 0x6F79, 0x7FFD, 0x7FFD, 0x6317, 0x0421,
    0x1084, 0x4A30, 0x4A50, 0x7BBC, 0x7BDD, 0x5ED6, 0x5EF6, 0x77BC,
    0x7FDD, 0x7FFD, 0x7FDD, 0x7FDD, 0x7FFE, 0x4E73, 0x35AD, 0x3DEF,
    0x4A30, 0x5693, 0x5EF6, 0x5293, 0x739A, 0x6F79, 0x77BA, 0x7BDC,
    0x6F79, 0x6F7A, 0x77BC, 0x7FFD, 0x7BDC, 0x7FFD, 0x7FFD, 0x7FFD,
    0x7FFD, 0x7BDC, 0x7BDD, 0x7FDD, 0x7BDD, 0x6B5A, 0x6B59, 0x6F5B,
    0x779D, 0x4E53, 0x1464, 0x1484, 0x18C9, 0x2D72, 0x2554, 0x2996,
    0x2574, 0x2554, 0x2554, 0x2133, 0x2973, 0x210C, 0x4630, 0x779B,
    0x77BB, 0x7BBC, 0x739C, 0x4E74, 0x35B1, 0x2D90, 0x2990, 0x2990,
    0x31D1, 0x31D3, 0x31D4, 0x35F4, 0x39F4, 0x3A13, 0x3A13, 0x3E13,
    0x39F2, 0x39F2, 0x39F2, 0x3E12, 0x3E11, 0x3E12, 0x3E13, 0x3E13,
    0x3DF2, 0x3E13, 0x3E13, 0x3DF2, 0x3E12, 0x3E12, 0x3E12, 0x3DF2,
    0x1087, 0x210E, 0x210D, 0x45F1, 0x7357, 0x7F98, 0x7FBA, 0x779A,
    0x2D49, 0x1485, 0x1CC9, 0x18C9, 0x1486, 0x14A5, 0x18A4, 0x1485,
    0x39CC, 0x6B58, 0x1483, 0x1485, 0x1485, 0x14A5, 0x3569, 0x5A70,
    0x6B14, 0x56B3, 0x4E72, 0x4652, 0x4E95, 0x4A74, 0x4A73, 0x4E30,
    0x6671, 0x6A2F, 0x69EC, 0x69EB, 0x69EB, 0x5DEC, 0x7FBA, 0x7FFD,
    0x7FFD, 0x7FFD, 0x6F9A, 0x4A30, 0x3507, 0x61CB, 0x69EB, 0x69EA,
    0x6A0B, 0x6A0C, 0x6E2D, 0x65EB, 0x65EA, 0x5E0C, 0x6EB3, 0x6A50,
    0x6A71, 0x4127, 0x396A, 0x18C7, 0x6F9C, 0x31AC, 0x4E92, 0x56B4,
    0x739C, 0x294A, 0x4211, 0x4210, 0x3DEF, 0x4610, 0x6318, 0x35AD,
    0x5AF4, 0x7397, 0x6B11, 0x62AD, 0x7376, 0x77B9, 0x73B8, 0x39CC,
    0x24C6, 0x49AA, 0x72D3, 0x392A, 0x41D3, 0x250C, 0x4E71, 0x6B38,
    0x5252, 0x675A, 0x6B7B, 0x460F, 0x3989, 0x3D89, 0x6B17, 0x6F59,
    0x77BB, 0x7BB9, 0x7FD9, 0x7375, 0x7396, 0x6B76, 0x6754, 0x7BD6,
    0x77B6, 0x526C, 0x45EA, 0x45EC, 0x6B57, 0x5AB3, 0x5AB3, 0x45ED,
    0x6B37, 0x5692, 0x5693, 0x318A, 0x4E74, 0x4E75, 0x6B5B, 0x77BE,
    0x5AD6, 0x4E71, 0x5271, 0x5272, 0x4A31, 0x5253, 0x4E31, 0x5A93,
    0x4E51, 0x4E52, 0x4E31, 0x5673, 0x62D5, 0x5ED5, 0x3DEE, 0x56B6,
    0x4A75, 0x4A74, 0x2D6D, 0x2508, 0x2508, 0x356B, 0x2908, 0x318A,
    0x460E, 0x5250, 0x66F6, 0x62F7, 0x1CC8, 0x0C65, 0x5210, 0x6672,
    0x5DEE, 0x5DEE, 0x30E6, 0x356C, 0x2D4A, 0x292A, 0x358A, 0x6F78,
    0x7FFE, 0x7FFE, 0x6F79, 0x739A, 0x7FFE, 0x7FFD, 0x6318, 0x294A,
    0x2D6B, 0x460F, 0x5271, 0x77BC, 0x7BDD, 0x39CC, 0x39AC, 0x737A,
    0x7FDC, 0x7FFD, 0x7FFD, 0x7FFE, 0x7FFE, 0x6F7B, 0x318C, 0x39CE,
    0x4A31, 0x4A52, 0x4631, 0x5AD6, 0x7FFE, 0x7FFE, 0x7FFE, 0x7FFE,
    0x7FFE, 0x7FFE, 0x7FFE, 0x7BDD, 0x7BDC, 0x7FFD, 0x7FFE, 0x7FFD,
    0x7FFE, 0x7FFE, 0x7FFE, 0x7FFE, 0x7FFF, 0x77BC, 0x739C, 0x77BD,
    0x7BDE, 0x5695, 0x1464, 0x1483, 0x18A7, 0x2D6F, 0x2971, 0x2971,
    0x2971, 0x2971, 0x2D71, 0x2951, 0x2D70, 0x1CE9, 0x1CC5, 0x5EF4,
    0x77BA, 0x7799, 0x6F7B, 0x4E74, 0x35B1, 0x31B3, 0x2572, 0x1931,
    0x1932, 0x1D53, 0x2154, 0x2553, 0x2552, 0x1D2F, 0x256F, 0x3A12,
    0x3A13, 0x3E13, 0x3A12, 0x3E12, 0x3A12, 0x3E12, 0x3E13, 0x3E13,
    0x3DF2, 0x3E13, 0x3DF2, 0x3E12, 0x3E12, 0x3E12, 0x3E12, 0x3DF2,
    0x1087, 0x4E76, 0x5296, 0x41CF, 0x7758, 0x7FB9, 0x7B98, 0x77BA,
    0x1CC4, 0x14A5, 0x1486, 0x1486, 0x14A6, 0x1884, 0x18A4, 0x1486,
    0x39AC, 0x6B59, 0x1483, 0x1485, 0x1485, 0x1084, 0x3588, 0x524D,
    0x6B14, 0x3DCD, 0x39CE, 0x35AD, 0x39F0, 0x3A11, 0x39EF, 0x45EF,
    0x5A30, 0x5E2F, 0x6A51, 0x6A2F, 0x662E, 0x55ED, 0x7FBB, 0x7FFE,
    0x7FFC, 0x7BFD, 0x6338, 0x4A0F, 0x51CC, 0x69EC, 0x65C9, 0x65EA,
    0x6A0C, 0x65EB, 0x6A2D, 0x660B, 0x6A2C, 0x660C, 0x72D3, 0x664F,
    0x666F, 0x4589, 0x398B, 0x1D08, 0x6F9C, 0x31CC, 0x52D3, 0x6758,
    0x77BD, 0x318C, 0x4210, 0x4A73, 0x6B59, 0x4A31, 0x5ED7, 0x5EF8,
    0x2D6B, 0x1040, 0x5E8F, 0x66AF, 0x5AB2, 0x56B3, 0x5F17, 0x6739,
    0x3DCE, 0x522C, 0x6ED0, 0x51CB, 0x5230, 0x20A6, 0x4E52, 0x7379,
    0x777A, 0x635A, 0x6B9C, 0x1D08, 0x1884, 0x20A4, 0x62D6, 0x7BBC,
    0x7799, 0x7356, 0x7775, 0x7353, 0x7BD8, 0x7397, 0x6754, 0x6753,
    0x7BB6, 0x568F, 0x41A9, 0x524F, 0x62F4, 0x5A92, 0x5ED4, 0x5EB2,
    0x6715, 0x5250, 0x4A2F, 0x2928, 0x358D, 0x35AE, 0x2D6C, 0x39CF,
    0x4610, 0x4E72, 0x4E71, 0x4E52, 0x4611, 0x4A11, 0x5252, 0x5672,
    0x4610, 0x4610, 0x4610, 0x5673, 0x62F6, 0x5ED4, 0x5692, 0x2D6C,
    0x39CE, 0x39AE, 0x5274, 0x316C, 0x2529, 0x3DEE, 0x3DCD, 0x2D69,
    0x316A, 0x6B38, 0x5A92, 0x6718, 0x1487, 0x0867, 0x3DF0, 0x5694,
    0x5652, 0x354A, 0x420F, 0x4E73, 0x35CE, 0x3DAE, 0x45ED, 0x6F79,
    0x7FFD, 0x7FFE, 0x6738, 0x6F59, 0x7FFE, 0x7FFE, 0x6318, 0x294B,
    0x35AD, 0x4A0F, 0x5691, 0x7BBB, 0x7FFD, 0x6317, 0x6317, 0x7BBC,
    0x7FFD, 0x7FFD, 0x7FFD, 0x7FFE, 0x7BDD, 0x7BDD, 0x6317, 0x5EF6,
    0x739B, 0x77BD, 0x675A, 0x6B5A, 0x5AD6, 0x4E73, 0x4E73, 0x4E93,
    0x4E73, 0x5AD6, 0x5AD6, 0x6738, 0x6F7A, 0x77BD, 0x6B5A, 0x6F7B,
    0x6F7B, 0x6B5A, 0x6B5A, 0x6B7A, 0x6B7B, 0x6B7A, 0x6B7B, 0x6739,
    0x6B5A, 0x4E53, 0x1464, 0x1484, 0x1485, 0x1486, 0x1486, 0x1086,
    0x1086, 0x1487, 0x1486, 0x1486, 0x1486, 0x1885, 0x1883, 0x35AB,
    0x739B, 0x739B, 0x739D, 0x4655, 0x4657, 0x3E57, 0x2DB6, 0x1D76,
    0x1D56, 0x2155, 0x2554, 0x1D11, 0x18AD, 0x148B, 0x212D, 0x3E13,
    0x3E13, 0x3DF2, 0x3DF2, 0x3E13, 0x3DF2, 0x3E12, 0x3E13, 0x3E13,
    0x3E13, 0x3E13, 0x3E13, 0x3E13, 0x3E12, 0x3E12, 0x3E12, 0x3E12,
    0x1087, 0x5EFA, 0x779D, 0x45F0, 0x7757, 0x7B98, 0x7B98, 0x7799,
    0x1CC4, 0x1484, 0x1486, 0x1486, 0x1485, 0x18A4, 0x14A4, 0x1486,
    0x35AC, 0x6F79, 0x1483, 0x1485, 0x1486, 0x1465, 0x398A, 0x4DEB,
    0x6AF4, 0x24E6, 0x1486, 0x1067, 0x1089, 0x14AA, 0x1068, 0x28E9,
    0x4DEF, 0x7358, 0x7779, 0x6F37, 0x779A, 0x6F38, 0x7BDD, 0x7FFE,
    0x7FFD, 0x7FFE, 0x779C, 0x5A72, 0x6A92, 0x65EB, 0x69EA, 0x65EA,
    0x65EA, 0x660B, 0x65EB, 0x660B, 0x65EB, 0x660D, 0x72D3, 0x5E4E,
    0x6690, 0x4188, 0x4E51, 0x6739, 0x7BDE, 0x31CC, 0x4A91, 0x6337,
    0x77DD, 0x318B, 0x3DEF, 0x4E73, 0x739B, 0x4A31, 0x5696, 0x4653,
    0x18E9, 0x4E51, 0x62D2, 0x66D1, 0x3DAB, 0x252A, 0x4232, 0x18E9,
    0x1044, 0x66F2, 0x7FB7, 0x49EA, 0x2907, 0x4210, 0x5EF8, 0x77BD,
    0x6738, 0x6359, 0x677B, 0x18C7, 0x1885, 0x1863, 0x3DCD, 0x779A,
    0x7778, 0x564D, 0x66AF, 0x6AD0, 0x7FD9, 0x5ED1, 0x4E6E, 0x39C7,
    0x7375, 0x5AAF, 0x4E2D, 0x5A90, 0x6B15, 0x5A91, 0x62D4, 0x5AB2,
    0x66F5, 0x6F58, 0x6F58, 0x6B38, 0x6B38, 0x6738, 0x5ED5, 0x4A31,
    0x4A31, 0x4A31, 0x4632, 0x4A32, 0x4A32, 0x4A32, 0x5EB4, 0x5271,
    0x4E52, 0x4E53, 0x4E73, 0x4E72, 0x5693, 0x5AB3, 0x5693, 0x4E73,
    0x4A52, 0x4211, 0x210A, 0x294D, 0x318F, 0x39CF, 0x4210, 0x39CD,
    0x4A30, 0x4E50, 0x5A93, 0x5694, 0x0C67, 0x0868, 0x39D1, 0x4A54,
    0x45F1, 0x292A, 0x358D, 0x4610, 0x3DAD, 0x356D, 0x3DAB, 0x7379,
    0x7FFE, 0x7FFE, 0x56B4, 0x6B59, 0x7FFE, 0x7FFE, 0x6338, 0x1CE9,
    0x2D6B, 0x41EE, 0x4E2F, 0x7379, 0x7BDD, 0x7FFE, 0x7FFE, 0x7FFD,
    0x7FFD, 0x7FFD, 0x7FFD, 0x7BDC, 0x7BDD, 0x77BC, 0x7BBC, 0x7FDD,
    0x7BDE, 0x6318, 0x35CF, 0x39D0, 0x4A54, 0x6319, 0x6F7B, 0x6F7B,
    0x6F9C, 0x6F7B, 0x6B7B, 0x6F7B, 0x6F7B, 0x739C, 0x6B5A, 0x6B5A,
    0x6B7A, 0x6B7B, 0x6F7B, 0x6F9C, 0x6F9C, 0x739C, 0x739C, 0x77BD,
    0x77BD, 0x56B5, 0x1043, 0x1464, 0x1485, 0x1485, 0x1484, 0x1483,
    0x1484, 0x1884, 0x1884, 0x1884, 0x1484, 0x1884, 0x1884, 0x1CC6,
    0x6738, 0x77BD, 0x4A97, 0x4699, 0x469A, 0x429A, 0x3619, 0x31F9,
    0x29B7, 0x1D31, 0x14AC, 0x18AA, 0x1889, 0x1888, 0x252C, 0x39D1,
    0x4213, 0x41F3, 0x3DD2, 0x3DF2, 0x41F2, 0x3E12, 0x3E13, 0x3E12,
    0x3DF3, 0x39F2, 0x39F2, 0x3E13, 0x3E12, 0x3E12, 0x3E12, 0x3E12,
    0x1468, 0x62F9, 0x77BD, 0x460F, 0x7757, 0x7356, 0x7B97, 0x77BA,
    0x20C5, 0x1484, 0x1485, 0x1485, 0x14A5, 0x14A5, 0x14A5, 0x1485,
    0x316A, 0x6F7A, 0x1483, 0x1885, 0x1486, 0x1084, 0x41AB, 0x4DCB,
    0x7357, 0x1CC5, 0x1085, 0x1067, 0x1069, 0x1089, 0x1067, 0x398D,
    0x735A, 0x777B, 0x737B, 0x6739, 0x77BC, 0x77BC, 0x779B, 0x62F5,
    0x62D3, 0x66F4, 0x66F5, 0x5A50, 0x5E2F, 0x61EC, 0x61EA, 0x65EB,
    0x660C, 0x6A0C, 0x6A0C, 0x6E4E, 0x6A4E, 0x5E2E, 0x6ED4, 0x5A4F,
    0x6AF4, 0x41AA, 0x4A0E, 0x56B4, 0x73BC, 0x360E, 0x3A2F, 0x4EB4,
    0x7FFF, 0x4610, 0x4210, 0x5294, 0x6B5A, 0x56B7, 0x3DF2, 0x39D2,
    0x31B1, 0x294B, 0x5AB2, 0x66F3, 0x2D29, 0x14CA, 0x3E14, 0x2D8D,
    0x20C7, 0x62F2, 0x7FD9, 0x560C, 0x5271, 0x52B4, 0x5693, 0x7FFF,
    0x77BB, 0x739A, 0x6315, 0x2D47, 0x2D49, 0x1042, 0x41EE, 0x5691,
    0x526F, 0x45EC, 0x566F, 0x62D1, 0x7FD9, 0x5ED1, 0x3DCA, 0x56B0,
    0x7798, 0x6B14, 0x5A8F, 0x62D2, 0x6F56, 0x5EB2, 0x62D3, 0x6B15,
    0x62D4, 0x5EB3, 0x5250, 0x4E30, 0x4E30, 0x4E30, 0x4A10, 0x4A11,
    0x4611, 0x4611, 0x4211, 0x4211, 0x4610, 0x5692, 0x5271, 0x4A0F,
    0x4610, 0x4A31, 0x5694, 0x5694, 0x5ED5, 0x62F6, 0x5AB4, 0x5AB4,
    0x5694, 0x5274, 0x5276, 0x2D90, 0x2D70, 0x294E, 0x4634, 0x4610,
    0x5251, 0x45CC, 0x5A72, 0x398D, 0x1067, 0x0C88, 0x675B, 0x737C,
    0x4A10, 0x3DAD, 0x24C6, 0x4A0E, 0x45EE, 0x20A5, 0x3127, 0x5271,
    0x6F79, 0x739B, 0x4A50, 0x6F59, 0x7FFE, 0x7FFE, 0x77BD, 0x6739,
    0x35AE, 0x4610, 0x5A93, 0x7BBB, 0x7FFE, 0x7FFE, 0x7FFD, 0x7FFD,
    0x7FFE, 0x7FFE, 0x7FFD, 0x7FFE, 0x77BC, 0x5AB4, 0x66F7, 0x6695,
    0x6B17, 0x5EF7, 0x4E95, 0x4632, 0x62F7, 0x7FFE, 0x7FFE, 0x7FFE,
    0x7FFE, 0x7FFE, 0x7FFE, 0x7FFE, 0x7FFE, 0x7FFF, 0x7FFF, 0x7FFF,
    0x7FFE, 0x7FFE, 0x7FFE, 0x7FFE, 0x7FFD, 0x7FFE, 0x7FFE, 0x7FFF,
    0x7FFF, 0x7BDD, 0x6318, 0x5EF7, 0x2108, 0x2508, 0x5EF6, 0x56B4,
    0x5273, 0x5273, 0x4E71, 0x4A52, 0x4E52, 0x35AD, 0x1484, 0x294C,
    0x631A, 0x4ED9, 0x4678, 0x3E79, 0x469B, 0x4A7B, 0x4659, 0x2D94,
    0x18CD, 0x14AA, 0x18A8, 0x18A8, 0x18A8, 0x18A8, 0x250C, 0x39D2,
    0x3DF3, 0x3E13, 0x39F1, 0x4212, 0x3DF2, 0x3E12, 0x3E12, 0x3E12,
    0x3DF2, 0x39F2, 0x3DF2, 0x3E12, 0x3E12, 0x3E12, 0x3E12, 0x3E12,
    0x1467, 0x631A, 0x77BD, 0x4A30, 0x7357, 0x6F15, 0x7BB8, 0x77BA,
    0x1CE5, 0x1483, 0x1484, 0x1484, 0x1484, 0x14A3, 0x1484, 0x1484,
    0x2949, 0x6F7A, 0x1482, 0x1483, 0x1464, 0x1082, 0x3D8A, 0x4DAB,
    0x66D2, 0x1CA4, 0x1485, 0x1067, 0x0C68, 0x0C88, 0x14A7, 0x6318,
    0x779A, 0x737A, 0x6F7A, 0x6F5A, 0x7B9C, 0x7B9C, 0x7BDC, 0x62F5,
    0x5A70, 0x5A71, 0x5630, 0x49EE, 0x5A50, 0x5E4F, 0x624F, 0x6650,
    0x5E30, 0x6250, 0x622E, 0x622E, 0x5A0D, 0x5A2E, 0x6AD4, 0x5650,
    0x5EB2, 0x41AB, 0x5250, 0x6738, 0x7BFE, 0x56D5, 0x3A0E, 0x6337,
    0x7FFE, 0x5252, 0x4631, 0x2D8E, 0x212B, 0x210B, 0x294E, 0x1D0D,
    0x1CED, 0x2D4C, 0x62D3, 0x66D2, 0x316A, 0x254D, 0x4233, 0x4632,
    0x2D4A, 0x6713, 0x7FFA, 0x522C, 0x7BDC, 0x7BDD, 0x6F59, 0x7BBD,
    0x7BBB, 0x6F56, 0x7397, 0x62F3, 0x5ED3, 0x5ED3, 0x4E6F, 0x62F3,
    0x5ED3, 0x524F, 0x522E, 0x66F2, 0x7FF9, 0x62F2, 0x56B1, 0x6715,
    0x7799, 0x6F36, 0x566F, 0x5670, 0x66F5, 0x6B15, 0x62D3, 0x5A92,
    0x5A92, 0x5A92, 0x5A93, 0x5A93, 0x5A92, 0x5A73, 0x5A73, 0x5252,
    0x4A31, 0x4A31, 0x4610, 0x4A10, 0x5A93, 0x62D5, 0x4E50, 0x4E30,
    0x4E31, 0x5252, 0x5AB5, 0x5693, 0x5AB4, 0x5ED4, 0x5EB4, 0x5A93,
    0x5252, 0x358D, 0x3990, 0x18AA, 0x0C48, 0x1088, 0x1067, 0x2D49,
    0x62F4, 0x5ED3, 0x5650, 0x398B, 0x2D6B, 0x18E8, 0x5EF7, 0x6317,
    0x3DCD, 0x2D27, 0x2083, 0x45ED, 0x5670, 0x2D07, 0x3546, 0x45EB,
    0x41EA, 0x39CA, 0x4A2E, 0x6B57, 0x7FFE, 0x7BDE, 0x7FFE, 0x7FFE,
    0x41EF, 0x4A10, 0x5EB5, 0x77BC, 0x7FFF, 0x7BDE, 0x6316, 0x6737,
    0x7FFE, 0x7BDE, 0x7FFE, 0x7FFF, 0x52B4, 0x316B, 0x5694, 0x6AF7,
    0x5AB5, 0x6739, 0x3DF0, 0x4E73, 0x4E51, 0x5AD5, 0x6B5A, 0x6F7B,
    0x6B7A, 0x6B5A, 0x6F5A, 0x6B59, 0x6B39, 0x6B38, 0x6B59, 0x6717,
    0x6317, 0x6316, 0x6717, 0x6737, 0x6738, 0x6B38, 0x6B59, 0x6B59,
    0x6B59, 0x6B59, 0x6F5A, 0x6F7A, 0x4A31, 0x41EE, 0x5273, 0x6F79,
    0x6B39, 0x6F5A, 0x6F7A, 0x6F7C, 0x739D, 0x5695, 0x1887, 0x18AA,
    0x14AC, 0x3E37, 0x4A9A, 0x4679, 0x4A79, 0x39F4, 0x210D, 0x14AA,
    0x18A8, 0x18A7, 0x18A6, 0x1CA6, 0x18A6, 0x18A6, 0x212C, 0x35D1,
    0x3A13, 0x3E13, 0x39F2, 0x3E33, 0x3DF2, 0x3E12, 0x3E12, 0x3E12,
    0x39F2, 0x39F2, 0x39F2, 0x3E12, 0x3E12, 0x3E12, 0x3E12, 0x3E12,
    0x1466, 0x631A, 0x77BD, 0x4A30, 0x7337, 0x7335, 0x7B98, 0x77BA,
    0x1CC5, 0x1483, 0x1484, 0x1884, 0x1884, 0x1484, 0x1485, 0x1485,
    0x24E7, 0x6F59, 0x1882, 0x1CA5, 0x5694, 0x5271, 0x418A, 0x4589,
    0x66D3, 0x2D28, 0x1465, 0x1067, 0x0C68, 0x0C67, 0x18C8, 0x6739,
    0x737A, 0x739B, 0x6F7B, 0x735A, 0x7B9C, 0x777B, 0x779B, 0x66F5,
    0x562E, 0x5E50, 0x5630, 0x520F, 0x5A50, 0x5E4F, 0x5A2F, 0x5E50,
    0x4DEF, 0x5E72, 0x5E50, 0x5E2F, 0x5A2F, 0x5E91, 0x6F36, 0x5692,
    0x66F5, 0x45CC, 0x522F, 0x66F6, 0x6F38, 0x739B, 0x3DEE, 0x66F5,
    0x6AF4, 0x4DED, 0x3DCE, 0x210A, 0x0C87, 0x252C, 0x1CEA, 0x0C68,
    0x0C68, 0x24C8, 0x4DEC, 0x560C, 0x2D27, 0x3DEF, 0x4A72, 0x56B4,
    0x3DCD, 0x6715, 0x7FFB, 0x526E, 0x739B, 0x7BDE, 0x6F59, 0x77BC,
    0x7FDC, 0x6733, 0x7BB9, 0x7377, 0x7799, 0x7379, 0x6B36, 0x77BA,
    0x7B99, 0x7778, 0x7756, 0x7355, 0x7FF9, 0x7796, 0x77B9, 0x6B36,
    0x6B15, 0x7777, 0x7336, 0x6F16, 0x66F5, 0x5AB2, 0x5A71, 0x5A92,
    0x5AB3, 0x5692, 0x5693, 0x5A93, 0x5A93, 0x5652, 0x5232, 0x4A10,
    0x4A10, 0x4A0F, 0x4A2F, 0x5670, 0x6715, 0x5672, 0x4A30, 0x4A30,
    0x5252, 0x5252, 0x5AB4, 0x5693, 0x5AB3, 0x62F5, 0x6F38, 0x6B17,
    0x7359, 0x6B18, 0x41F0, 0x41F1, 0x4E74, 0x6B5A, 0x39CE, 0x4A2F,
    0x6714, 0x6F35, 0x5A91, 0x62D4, 0x5AB5, 0x4E72, 0x35AC, 0x462E,
    0x460D, 0x3547, 0x28E5, 0x41CC, 0x3547, 0x2CC6, 0x3506, 0x4E2E,
    0x45EC, 0x3168, 0x45ED, 0x5271, 0x6318, 0x2D6A, 0x318B, 0x318B,
    0x314A, 0x4A10, 0x5695, 0x56B6, 0x5AF7, 0x4651, 0x35CD, 0x39CE,
    0x4210, 0x4A94, 0x4EB6, 0x5B19, 0x52F7, 0x52D6, 0x739C, 0x737B,
    0x62F7, 0x5274, 0x4E31, 0x354A, 0x3128, 0x5273, 0x6B7B, 0x637B,
    0x677B, 0x6F9C, 0x739B, 0x6B59, 0x6737, 0x6737, 0x6B38, 0x6737,
    0x6738, 0x6B38, 0x6B38, 0x6B58, 0x6F59, 0x6F5A, 0x6F5A, 0x6F7A,
    0x6F5A, 0x6F5A, 0x6F79, 0x6F5A, 0x6B38, 0x5AB4, 0x62F6, 0x6B39,
    0x6B39, 0x6B5A, 0x6B5B, 0x6B5A, 0x5AD8, 0x292B, 0x1CA9, 0x292E,
    0x2530, 0x2950, 0x2D70, 0x3191, 0x296E, 0x1CCC, 0x20CC, 0x1C8A,
    0x1CA9, 0x1CA9, 0x1CA9, 0x18A9, 0x1889, 0x18A9, 0x212C, 0x35D1,
    0x39F2, 0x3A13, 0x3A12, 0x3E33, 0x3E13, 0x3E12, 0x3E12, 0x3E13,
    0x3DF2, 0x39F2, 0x39F2, 0x3E13, 0x3DF2, 0x3DF2, 0x39F1, 0x3DF2,
    0x1464, 0x6319, 0x77BD, 0x4A0F, 0x7357, 0x7336, 0x7B98, 0x7799,
    0x1CC4, 0x1462, 0x1862, 0x1862, 0x1863, 0x1862, 0x1863, 0x1883,
    0x20C3, 0x6F57, 0x2904, 0x2D26, 0x5EB2, 0x6715, 0x6B14, 0x45CA,
    0x7756, 0x356A, 0x1464, 0x1466, 0x1067, 0x1067, 0x24EA, 0x6B19,
    0x737A, 0x6F7B, 0x6B7B, 0x6F7A, 0x737B, 0x779A, 0x7B9A, 0x62B2,
    0x4D88, 0x5167, 0x4D88, 0x4DA9, 0x4D88, 0x4D88, 0x5188, 0x4D89,
    0x55ED, 0x4D8A, 0x5189, 0x55AA, 0x51CB, 0x45AA, 0x6B15, 0x524F,
    0x5A91, 0x49CB, 0x49AA, 0x4DCB, 0x51ED, 0x5250, 0x49ED, 0x4DAA,
    0x624E, 0x5A2D, 0x4E51, 0x41EF, 0x252A, 0x0C65, 0x0C65, 0x210A,
    0x18A8, 0x3128, 0x5E6F, 0x668F, 0x3969, 0x5ED6, 0x5AD5, 0x62F6,
    0x737B, 0x7BBC, 0x7FDD, 0x7BBC, 0x739C, 0x6F5B, 0x6F7B, 0x739B,
    0x739B, 0x77BA, 0x6B57, 0x5AD4, 0x5694, 0x56B5, 0x56B5, 0x5AD4,
    0x6737, 0x7358, 0x7756, 0x7334, 0x7BB6, 0x6F54, 0x7376, 0x6F36,
    0x66F3, 0x62B2, 0x5A91, 0x5670, 0x4E2F, 0x5250, 0x5251, 0x4E51,
    0x4A0F, 0x460F, 0x45EE, 0x41EE, 0x45EF, 0x5652, 0x5E95, 0x5A94,
    0x5A93, 0x5AB4, 0x62D4, 0x6B14, 0x6B15, 0x5A93, 0x5A94, 0x5AB4,
    0x5AB5, 0x5AB5, 0x5693, 0x5673, 0x5A93, 0x5AB4, 0x62D5, 0x62D5,
    0x6B16, 0x6B18, 0x2908, 0x1044, 0x1065, 0x14A6, 0x1CE7, 0x316A,
    0x6B16, 0x6B35, 0x5EB1, 0x6B15, 0x6716, 0x6716, 0x5EF5, 0x5270,
    0x460C, 0x3548, 0x24C4, 0x5250, 0x522F, 0x3106, 0x3927, 0x45EC,
    0x3DCB, 0x3189, 0x4E4F, 0x5271, 0x52B4, 0x39EE, 0x3DEE, 0x3DEE,
    0x39AD, 0x398D, 0x358E, 0x4E95, 0x73BD, 0x77DD, 0x7BDE, 0x7BDE,
    0x6B5B, 0x4EB7, 0x4EB8, 0x4A97, 0x4277, 0x4676, 0x4E75, 0x62F8,
    0x2485, 0x2443, 0x2C43, 0x2C41, 0x2842, 0x24A6, 0x290B, 0x10A9,
    0x254F, 0x4234, 0x318D, 0x39AC, 0x3DED, 0x4A4F, 0x5270, 0x5271,
    0x5671, 0x5672, 0x5672, 0x5272, 0x5672, 0x5693, 0x5693, 0x5692,
    0x5AB3, 0x5692, 0x5AB3, 0x5AB3, 0x5AB3, 0x5EB4, 0x5ED4, 0x5ED5,
    0x5ED5, 0x5AD5, 0x4A52, 0x4212, 0x318E, 0x18A7, 0x1887, 0x148A,
    0x18CC, 0x18AB, 0x14AA, 0x1CCA, 0x20EB, 0x292D, 0x2D2F, 0x24EC,
    0x2D2C, 0x2D2C, 0x2D4D, 0x292D, 0x1CCA, 0x20E9, 0x252B, 0x296D,
    0x31AF, 0x31AF, 0x31AF, 0x35F0, 0x35D0, 0x39F2, 0x3E12, 0x3E12,
    0x39F2, 0x39F2, 0x39D2, 0x3DF2, 0x39F2, 0x3E13, 0x39F3, 0x39F2,
    0x2929, 0x6319, 0x77BD, 0x460F, 0x7758, 0x7736, 0x7B98, 0x7798,
    0x2D44, 0x2D24, 0x2D24, 0x2D04, 0x3145, 0x3967, 0x3987, 0x3145,
    0x2D02, 0x6F54, 0x4E4C, 0x7796, 0x6B12, 0x5ED1, 0x5EB1, 0x62B1,
    0x7335, 0x3148, 0x1884, 0x1065, 0x1066, 0x1046, 0x20C8, 0x66F8,
    0x737B, 0x6F5B, 0x6B5B, 0x6B5A, 0x739B, 0x739A, 0x7BBA, 0x62B0,
    0x5DEA, 0x5DA8, 0x5DEA, 0x59CA, 0x59EA, 0x5DEA, 0x59C9, 0x59EB,
    0x6691, 0x5DEB, 0x61EB, 0x5DEB, 0x5E0C, 0x5A2E, 0x62D3, 0x5EB2,
    0x62D2, 0x5A4F, 0x560C, 0x560D, 0x560D, 0x5A92, 0x5E92, 0x55EC,
    0x59EA, 0x628E, 0x3DAA, 0x41CC, 0x4610, 0x20E6, 0x1062, 0x1084,
    0x1CC6, 0x45CC, 0x66B0, 0x6AAF, 0x6292, 0x6B18, 0x4A10, 0x5654,
    0x62D8, 0x5A95, 0x5654, 0x4E56, 0x5256, 0x3DB2, 0x4E97, 0x52D6,
    0x3A10, 0x5EF6, 0x4A73, 0x35AF, 0x294F, 0x2D71, 0x35D3, 0x35D0,
    0x3DEF, 0x737B, 0x6F36, 0x6F34, 0x6B33, 0x568F, 0x5ED2, 0x62D3,
    0x5A90, 0x4E4E, 0x4E2E, 0x4E2E, 0x524F, 0x4E30, 0x45EF, 0x41EE,
    0x41EE, 0x41CE, 0x41CE, 0x45EF, 0x5252, 0x5A94, 0x5A94, 0x5A94,
    0x5EB4, 0x5A93, 0x66F5, 0x66F4, 0x62D4, 0x5EB4, 0x5A94, 0x5A94,
    0x5ED5, 0x5694, 0x4E52, 0x4E52, 0x4E52, 0x5272, 0x5673, 0x5A93,
    0x5251, 0x5251, 0x20C6, 0x2D29, 0x1CC6, 0x20C6, 0x2D49, 0x1CA4,
    0x5EB2, 0x62D2, 0x4E2D, 0x6F16, 0x6F37, 0x7357, 0x6B35, 0x6715,
    0x526F, 0x3569, 0x356A, 0x4A0F, 0x45CC, 0x3128, 0x49EF, 0x41AE,
    0x3DAF, 0x5274, 0x4E30, 0x460F, 0x4A51, 0x420F, 0x4630, 0x460F,
    0x2908, 0x3DAF, 0x290A, 0x739C, 0x7BFF, 0x35AE, 0x318E, 0x316D,
    0x294C, 0x1067, 0x1047, 0x1047, 0x1047, 0x252A, 0x66F8, 0x352A,
    0x2843, 0x3043, 0x3823, 0x3443, 0x2C42, 0x2844, 0x2CA9, 0x28CC,
    0x3131, 0x4E37, 0x28EA, 0x3D6B, 0x356A, 0x41ED, 0x4E2F, 0x5251,
    0x4A0F, 0x4A30, 0x4A31, 0x4E51, 0x4A51, 0x4E71, 0x4E51, 0x4E71,
    0x5271, 0x4E50, 0x5291, 0x5272, 0x5272, 0x5292, 0x5292, 0x5693,
    0x56B4, 0x4E72, 0x4631, 0x318D, 0x210A, 0x3DF0, 0x1CC7, 0x2D6E,
    0x20EE, 0x20F0, 0x2510, 0x252F, 0x210D, 0x250D, 0x250C, 0x250B,
    0x20EA, 0x1CEA, 0x1CEA, 0x1CEA, 0x18C8, 0x1CE6, 0x2529, 0x294C,
    0x294B, 0x252B, 0x252A, 0x252B, 0x252B, 0x212C, 0x254C, 0x252C,
    0x212B, 0x1CE9, 0x294C, 0x35AF, 0x31D0, 0x35D1, 0x39F2, 0x39F2,
    0x4E31, 0x5AB7, 0x77BD, 0x4A2F, 0x7757, 0x7736, 0x7B98, 0x7BBA,
    0x6B36, 0x7398, 0x5290, 0x41EB, 0x4A2D, 0x41CB, 0x3589, 0x3568,
    0x3147, 0x6F77, 0x3166, 0x3166, 0x5AB1, 0x5AB2, 0x4E4E, 0x5EB1,
    0x6F35, 0x5A91, 0x5292, 0x4A51, 0x4631, 0x39CF, 0x39CE, 0x5693,
    0x6717, 0x6F59, 0x6B59, 0x6B5A, 0x779B, 0x739B, 0x6737, 0x562E,
    0x5E2E, 0x5A0D, 0x55EC, 0x51ED, 0x560D, 0x5A2D, 0x5A0D, 0x560E,
    0x66B3, 0x5A2F, 0x5E2E, 0x5E4E, 0x560C, 0x5A90, 0x6B34, 0x6713,
    0x5E90, 0x562E, 0x5E91, 0x6AF4, 0x4DED, 0x779A, 0x5692, 0x560D,
    0x5A2D, 0x7BB8, 0x77B8, 0x5A91, 0x66D4, 0x6B38, 0x6716, 0x5ED5,
    0x5693, 0x66F4, 0x6AF1, 0x66CF, 0x62B2, 0x398D, 0x290B, 0x24EC,
    0x24EC, 0x292D, 0x208B, 0x18CE, 0x24AC, 0x2D0F, 0x4657, 0x56B6,
    0x2109, 0x4A73, 0x6B5B, 0x35B0, 0x0C6A, 0x0C6C, 0x0C8C, 0x088A,
    0x35F1, 0x3DF1, 0x5A95, 0x66F5, 0x62D3, 0x5ED3, 0x5271, 0x4E0E,
    0x4A0F, 0x4A0E, 0x460E, 0x4A2F, 0x41CD, 0x41CD, 0x41CE, 0x41CE,
    0x3DCE, 0x3DAE, 0x41CE, 0x41EF, 0x41CE, 0x41EF, 0x4610, 0x5252,
    0x5252, 0x5672, 0x5673, 0x5251, 0x5251, 0x4A30, 0x4E30, 0x4A31,
    0x4E52, 0x4E52, 0x4E52, 0x4E52, 0x4E52, 0x4E52, 0x5273, 0x5AB4,
    0x5EB4, 0x62F6, 0x62F7, 0x5EB5, 0x5AB5, 0x5693, 0x5672, 0x5251,
    0x4E2F, 0x566F, 0x4E2D, 0x62D2, 0x6B14, 0x7756, 0x7356, 0x7356,
    0x6F56, 0x6716, 0x5693, 0x460E, 0x41EC, 0x3DAC, 0x4E33, 0x1869,
    0x146B, 0x250D, 0x5A97, 0x5252, 0x4E2F, 0x41AB, 0x49ED, 0x418B,
    0x62B6, 0x4DF1, 0x41CF, 0x7BDD, 0x673A, 0x0C48, 0x104B, 0x106A,
    0x1088, 0x1065, 0x1465, 0x1465, 0x1464, 0x5EF6, 0x396B, 0x34C7,
    0x2C85, 0x38C8, 0x3445, 0x34A7, 0x2885, 0x2CA7, 0x2888, 0x2CED,
    0x2D51, 0x4A77, 0x4E32, 0x398B, 0x356A, 0x41EE, 0x5252, 0x5693,
    0x3DCE, 0x41EF, 0x420F, 0x420F, 0x420F, 0x4210, 0x3DEF, 0x4210,
    0x4210, 0x3DEE, 0x4630, 0x4210, 0x4631, 0x4210, 0x4630, 0x4630,
    0x4A31, 0x4610, 0x358C, 0x294C, 0x4E75, 0x4E53, 0x20E8, 0x4212,
    0x2530, 0x2513, 0x2514, 0x2512, 0x3195, 0x35B5, 0x31D4, 0x35D4,
    0x35B4, 0x35D5, 0x35B5, 0x35B3, 0x292D, 0x1CC7, 0x358D, 0x39D0,
    0x3DF1, 0x3DF1, 0x39D1, 0x3DD1, 0x39D0, 0x35D0, 0x318F, 0x2D8E,
    0x294C, 0x1CC8, 0x2529, 0x252A, 0x252B, 0x252B, 0x252B, 0x254C,
    0x5AB4, 0x5ED7, 0x739C, 0x4E30, 0x7757, 0x7756, 0x7777, 0x779A,
    0x4E51, 0x460F, 0x460F, 0x3DCD, 0x41EE, 0x41EE, 0x41EE, 0x460F,
    0x3DCD, 0x6B58, 0x39AB, 0x3168, 0x5A93, 0x5270, 0x4A2D, 0x5690,
    0x62F2, 0x5AB1, 0x3589, 0x318A, 0x318A, 0x31AB, 0x35AB, 0x4E50,
    0x3DCB, 0x5AD4, 0x6317, 0x6B38, 0x737A, 0x62F6, 0x4E51, 0x5A92,
    0x5E71, 0x5A51, 0x5672, 0x45EE, 0x5672, 0x5650, 0x5A71, 0x5651,
    0x5ED5, 0x5A93, 0x5E92, 0x6291, 0x5670, 0x5AB1, 0x6B56, 0x5A90,
    0x5A90, 0x564F, 0x5EB2, 0x62D4, 0x5672, 0x6F59, 0x5692, 0x5A91,
    0x5EB2, 0x5EF3, 0x5AD2, 0x6714, 0x6B36, 0x62D3, 0x5AB3, 0x62F6,
    0x5ED5, 0x5650, 0x62D2, 0x62D1, 0x460D, 0x4A32, 0x0C46, 0x1069,
    0x3DD1, 0x631A, 0x146A, 0x086C, 0x104A, 0x18AB, 0x56B9, 0x4A53,
    0x4A53, 0x6739, 0x6B7B, 0x5ED9, 0x1CAB, 0x20EE, 0x4A37, 0x086B,
    0x2D90, 0x39F2, 0x5AB7, 0x5694, 0x5AB4, 0x5272, 0x5A93, 0x5272,
    0x5673, 0x5A94, 0x5673, 0x4E52, 0x5272, 0x4E52, 0x4E52, 0x4E52,
    0x4E52, 0x4E52, 0x5273, 0x4E52, 0x4E52, 0x4E52, 0x4E52, 0x5252,
    0x5251, 0x5272, 0x5252, 0x5253, 0x5252, 0x4E52, 0x4E51, 0x4E31,
    0x4A31, 0x5273, 0x4E53, 0x4E53, 0x4E52, 0x4E52, 0x4E72, 0x5273,
    0x5693, 0x62F6, 0x62F6, 0x62F6, 0x62F6, 0x66F6, 0x62F6, 0x5ED4,
    0x66F5, 0x4E4F, 0x6B35, 0x7357, 0x6B15, 0x6F35, 0x7356, 0x7357,
    0x6F36, 0x6F58, 0x6B38, 0x62F5, 0x5ED3, 0x5ED3, 0x5694, 0x0C49,
    0x0C4C, 0x20EE, 0x41F2, 0x4E30, 0x562F, 0x520C, 0x520C, 0x5A50,
    0x5652, 0x354B, 0x4E52, 0x7FFE, 0x5EF7, 0x0C48, 0x0C4A, 0x106A,
    0x0C69, 0x1068, 0x1068, 0x1088, 0x1067, 0x4A53, 0x418E, 0x498E,
    0x2CE8, 0x51D0, 0x34C9, 0x458F, 0x41AE, 0x418F, 0x394E, 0x250E,
    0x2194, 0x3E79, 0x296E, 0x31AE, 0x318D, 0x3DEF, 0x5273, 0x56B5,
    0x41F0, 0x4631, 0x4631, 0x4631, 0x4631, 0x4A53, 0x4632, 0x4632,
    0x4632, 0x4231, 0x4A53, 0x4633, 0x4632, 0x4A52, 0x4A52, 0x4A52,
    0x4E53, 0x316C, 0x2D2B, 0x4A33, 0x4E54, 0x4E33, 0x2509, 0x4213,
    0x2972, 0x18F2, 0x2113, 0x2114, 0x2976, 0x2555, 0x2133, 0x2553,
    0x2954, 0x2132, 0x2533, 0x2532, 0x1CCC, 0x1CC8, 0x318E, 0x31B0,
    0x39F2, 0x39F2, 0x39F2, 0x3DF2, 0x3DF2, 0x4213, 0x3E12, 0x4212,
    0x3DF0, 0x1485, 0x2D4B, 0x3DEF, 0x3DF0, 0x39CF, 0x318E, 0x318D,
    0x77BC, 0x5AD7, 0x77BC, 0x5AB3, 0x7357, 0x7757, 0x7B77, 0x7778,
    0x7BBA, 0x7BBA, 0x7BBA, 0x779A, 0x779A, 0x7B9B, 0x7BBB, 0x7799,
    0x7799, 0x7BBA, 0x7799, 0x7799, 0x7BBA, 0x7799, 0x77B9, 0x7798,
    0x66F4, 0x7799, 0x7399, 0x779A, 0x77BA, 0x77BA, 0x779A, 0x7799,
    0x779A, 0x7379, 0x6F59, 0x7379, 0x6F58, 0x6F57, 0x6F57, 0x6F57,
    0x6F58, 0x6F58, 0x6F79, 0x4A2F, 0x737A, 0x6F79, 0x7379, 0x6F58,
    0x6F58, 0x6F58, 0x6F58, 0x6F58, 0x6715, 0x62F5, 0x6715, 0x6715,
    0x5670, 0x522D, 0x5A91, 0x5ED4, 0x5272, 0x5AD4, 0x4E50, 0x56B2,
    0x56B2, 0x5AD5, 0x56B4, 0x6316, 0x6B55, 0x5AB2, 0x460F, 0x62F6,
    0x5691, 0x4E2E, 0x4E2F, 0x5272, 0x4A32, 0x2D6D, 0x14A9, 0x14A9,
    0x1D0A, 0x4E95, 0x10C8, 0x14EB, 0x1CED, 0x41F1, 0x5254, 0x5294,
    0x5294, 0x6B5A, 0x739C, 0x6F3A, 0x2488, 0x2CCB, 0x354F, 0x5296,
    0x6F9D, 0x298D, 0x4A94, 0x52B4, 0x4E72, 0x5673, 0x5694, 0x5693,
    0x5693, 0x5273, 0x5273, 0x5274, 0x5274, 0x4E73, 0x4E73, 0x4E73,
    0x5274, 0x4A32, 0x4610, 0x5273, 0x4E73, 0x5253, 0x5253, 0x5251,
    0x5271, 0x5271, 0x5272, 0x5254, 0x5274, 0x5254, 0x5253, 0x5254,
    0x5253, 0x4E33, 0x4E53, 0x5274, 0x5293, 0x5293, 0x5694, 0x5294,
    0x5273, 0x6317, 0x6738, 0x6717, 0x6718, 0x5EF6, 0x5ED5, 0x56B3,
    0x5292, 0x4E72, 0x5293, 0x5273, 0x4E51, 0x5272, 0x5251, 0x5A94,
    0x5672, 0x5252, 0x5272, 0x5272, 0x5252, 0x5252, 0x5273, 0x0849,
    0x0C6E, 0x2532, 0x294E, 0x358B, 0x4E2E, 0x4E0C, 0x5A91, 0x62D5,
    0x6B59, 0x5273, 0x4A51, 0x7FFE, 0x6F7B, 0x5EF7, 0x5ED8, 0x3190,
    0x212E, 0x212E, 0x212F, 0x190E, 0x18ED, 0x316F, 0x28E9, 0x45AE,
    0x1864, 0x45AF, 0x30EA, 0x352B, 0x3DAF, 0x416F, 0x392C, 0x20EA,
    0x1D93, 0x3E7A, 0x14CC, 0x3DF2, 0x318E, 0x41EF, 0x5274, 0x5695,
    0x4211, 0x4632, 0x4A53, 0x4A53, 0x4632, 0x4A53, 0x4653, 0x4A54,
    0x4A74, 0x4211, 0x4A73, 0x4A54, 0x4A54, 0x4A54, 0x4E74, 0x4E54,
    0x2D6C, 0x316D, 0x4613, 0x41F2, 0x4E34, 0x45F1, 0x1CA7, 0x3DF2,
    0x2991, 0x2153, 0x2133, 0x2132, 0x14D0, 0x18F1, 0x18F1, 0x1CD1,
    0x1CF1, 0x1CF1, 0x18D1, 0x1CF1, 0x1CED, 0x18C8, 0x2D8E, 0x31B1,
    0x39F2, 0x3A12, 0x3A12, 0x3E13, 0x3DF2, 0x3E13, 0x3DF3, 0x3DF3,
    0x3DD1, 0x1887, 0x318D, 0x4211, 0x3DF1, 0x3E12, 0x3DF1, 0x3E12,
    0x7BDD, 0x5AD6, 0x739B, 0x62F5, 0x7758, 0x7757, 0x7777, 0x6F35,
    0x7FB9, 0x7FDA, 0x7BBA, 0x7BBA, 0x7FBA, 0x7FBA, 0x7BBA, 0x7FBB,
    0x7BBB, 0x7FBB, 0x7FDB, 0x7FDB, 0x7FBB, 0x7FBA, 0x7FBA, 0x7FBA,
    0x66F4, 0x7FBA, 0x7BBA, 0x7B9A, 0x7BBB, 0x7BBA, 0x7FBA, 0x7B9A,
    0x7799, 0x779A, 0x6F79, 0x779B, 0x7BBB, 0x7BDB, 0x7BBB, 0x7BBA,
    0x7FBB, 0x7FDB, 0x7FDC, 0x4E50, 0x7BDB, 0x7FDC, 0x7BDB, 0x7FDB,
    0x7BBA, 0x7BBB, 0x7FBB, 0x7FDB, 0x7FBA, 0x7BDA, 0x7BB9, 0x7799,
    0x6715, 0x522E, 0x5A92, 0x7BBC, 0x737A, 0x779B, 0x5AB3, 0x7FDC,
    0x56B1, 0x5EF4, 0x5AB3, 0x6B36, 0x62F3, 0x7379, 0x4A10, 0x7BDD,
    0x6316, 0x6737, 0x3DEF, 0x4A54, 0x5297, 0x4E78, 0x529A, 0x529A,
    0x4E99, 0x52DA, 0x4A98, 0x3E13, 0x5676, 0x38CC, 0x412D, 0x4DF0,
    0x5293, 0x6317, 0x779C, 0x737A, 0x5232, 0x6B3A, 0x6739, 0x4A54,
    0x210B, 0x292A, 0x4E53, 0x4E31, 0x5251, 0x5251, 0x4E52, 0x4E52,
    0x4E52, 0x4E52, 0x4A31, 0x4A52, 0x4A32, 0x4A32, 0x4A32, 0x4A32,
    0x4A32, 0x41F0, 0x41EF, 0x4A32, 0x4212, 0x4A32, 0x4E31, 0x5ED4,
    0x5ED4, 0x5AB4, 0x4A31, 0x4632, 0x4A32, 0x4A32, 0x4E32, 0x4E32,
    0x4A32, 0x4A32, 0x4A12, 0x4A32, 0x4E32, 0x4E52, 0x4E53, 0x5275,
    0x5274, 0x7BDD, 0x7BDE, 0x7FFF, 0x77BC, 0x7BDD, 0x7BFD, 0x7FFF,
    0x7FFE, 0x77BD, 0x5293, 0x56B4, 0x5692, 0x5692, 0x5250, 0x5A93,
    0x5251, 0x4E50, 0x5251, 0x4E30, 0x5251, 0x5673, 0x5675, 0x39B0,
    0x3594, 0x3595, 0x294F, 0x2D4B, 0x41CD, 0x5251, 0x5AB4, 0x5694,
    0x3DCF, 0x18A6, 0x56B4, 0x7FFE, 0x7FFF, 0x7FFF, 0x739D, 0x3E14,
    0x35F5, 0x2DD6, 0x2DD6, 0x2DD5, 0x31B4, 0x3590, 0x392B, 0x414B,
    0x30E8, 0x498E, 0x34C9, 0x416D, 0x418E, 0x3D4C, 0x2065, 0x20A8,
    0x2994, 0x3A38, 0x18CC, 0x3DF3, 0x31AF, 0x4611, 0x5694, 0x56B5,
    0x4632, 0x4A53, 0x4A54, 0x4A54, 0x4A53, 0x4A74, 0x4A53, 0x4A74,
    0x4A74, 0x4232, 0x4E95, 0x4A54, 0x4E54, 0x4E74, 0x4A53, 0x316D,
    0x39AF, 0x4E74, 0x4E34, 0x4E54, 0x4E34, 0x4E33, 0x20C8, 0x3DF2,
    0x2D92, 0x3195, 0x3195, 0x3594, 0x3594, 0x35B4, 0x35D5, 0x31B5,
    0x31D5, 0x31D6, 0x1D11, 0x35B5, 0x292E, 0x18C7, 0x2D8E, 0x35D1,
    0x39F2, 0x3A12, 0x3A12, 0x3E12, 0x39F1, 0x3DF2, 0x39F3, 0x3DF3,
    0x3DD1, 0x18A7, 0x318D, 0x3E11, 0x3E12, 0x3E12, 0x3E12, 0x3E12,
    0x7BDC, 0x56B4, 0x6F79, 0x5ED4, 0x7337, 0x7B77, 0x7757, 0x6B15,
    0x7FDA, 0x7FBA, 0x7FBB, 0x7FBB, 0x7FDB, 0x7FBB, 0x7FDB, 0x7FDB,
    0x7FDB, 0x7FBB, 0x7FBB, 0x7BBB, 0x7BBB, 0x7B9A, 0x7B99, 0x7BB9,
    0x66F4, 0x7FBA, 0x7BBA, 0x7799, 0x7B9A, 0x7BBA, 0x7FBA, 0x7FBA,
    0x7BBB, 0x7BBB, 0x7379, 0x7799, 0x7BBA, 0x7BBB, 0x7BBA, 0x7BBA,
    0x7BBA, 0x7BBA, 0x7FDC, 0x4E50, 0x7BDB, 0x7BDB, 0x7FDB, 0x7BBA,
    0x7BDB, 0x7FDB, 0x7FBB, 0x7BBB, 0x7FBB, 0x7BBA, 0x7BBA, 0x7BBA,
    0x6715, 0x522E, 0x5EB3, 0x7BBB, 0x5EF5, 0x6B38, 0x6715, 0x7BDA,
    0x5EF2, 0x6F77, 0x4A30, 0x6316, 0x6738, 0x739C, 0x6739, 0x6F7B,
    0x56D5, 0x6339, 0x39D0, 0x2950, 0x212F, 0x14CD, 0x108D, 0x18D0,
    0x10AF, 0x10AE, 0x290F, 0x5A57, 0x3CAB, 0x48AC, 0x510F, 0x72F9,
    0x4E30, 0x6F59, 0x6F5A, 0x6739, 0x4E31, 0x62F7, 0x5AB6, 0x294B,
    0x1486, 0x2909, 0x5652, 0x5652, 0x5E94, 0x5672, 0x4E52, 0x4E51,
    0x4A51, 0x4E52, 0x4E52, 0x4611, 0x4A32, 0x4A32, 0x4612, 0x41F1,
    0x4611, 0x41F1, 0x41F0, 0x3DD0, 0x4213, 0x4A32, 0x4A2F, 0x5ED3,
    0x5EF4, 0x460F, 0x4631, 0x4211, 0x4632, 0x4A53, 0x4E53, 0x5253,
    0x4E53, 0x5253, 0x5253, 0x4E53, 0x4E53, 0x4E53, 0x4E53, 0x5AD7,
    0x20E9, 0x18C7, 0x35AD, 0x39CE, 0x4210, 0x6739, 0x4631, 0x4E74,
    0x4E94, 0x4A73, 0x77BC, 0x739B, 0x4E50, 0x6F58, 0x7378, 0x7B9A,
    0x779A, 0x7379, 0x7358, 0x7779, 0x7779, 0x7799, 0x7799, 0x7B9C,
    0x735C, 0x62D9, 0x4A53, 0x4E73, 0x4A54, 0x4612, 0x3DF2, 0x3DD2,
    0x358F, 0x1085, 0x2508, 0x739C, 0x7FFF, 0x7BFF, 0x4655, 0x31D4,
    0x31D6, 0x29D6, 0x29D5, 0x29B4, 0x4236, 0x3DB0, 0x2CA7, 0x414B,
    0x2865, 0x3D09, 0x3065, 0x3D0A, 0x30C7, 0x30C7, 0x2464, 0x24AA,
    0x2DB4, 0x467A, 0x4635, 0x3DF2, 0x35B0, 0x4611, 0x6318, 0x6F7A,
    0x4A52, 0x4E73, 0x4E74, 0x4A74, 0x4A74, 0x4E74, 0x4E74, 0x4E73,
    0x4E74, 0x4211, 0x4E74, 0x4A74, 0x4E74, 0x4E74, 0x2109, 0x318D,
    0x5295, 0x4A53, 0x45F1, 0x4A34, 0x4A13, 0x5254, 0x1CA8, 0x3DF1,
    0x2DB1, 0x2D93, 0x3193, 0x2D30, 0x3551, 0x290E, 0x2D70, 0x252F,
    0x2992, 0x31D4, 0x35B4, 0x3593, 0x292E, 0x1CC8, 0x2D8E, 0x35D1,
    0x39F2, 0x3A12, 0x3A12, 0x3E12, 0x3E11, 0x3E13, 0x39F3, 0x3DF3,
    0x3DF1, 0x18A7, 0x2D6D, 0x3E11, 0x3E12, 0x3E12, 0x3E12, 0x3E13,
    0x7FDC, 0x5AB4, 0x7BBC, 0x5ED4, 0x7758, 0x7B78, 0x7777, 0x6B14,
    0x7B99, 0x7FBB, 0x7BBB, 0x7FBB, 0x7FBB, 0x7FBA, 0x7FBA, 0x7FBA,
    0x7FBA, 0x7B9A, 0x7B9A, 0x7B9A, 0x7B9A, 0x7BBB, 0x7BBA, 0x7BBA,
    0x6714, 0x7BBA, 0x7FDB, 0x7FDB, 0x7BDB, 0x7FDB, 0x7FDB, 0x7FDB,
    0x7FDC, 0x7FDC, 0x7379, 0x779A, 0x7FDB, 0x7BBA, 0x7BBA, 0x7BBA,
    0x7BBA, 0x779A, 0x7BBB, 0x5251, 0x7BBC, 0x7BBC, 0x7BBB, 0x7BBB,
    0x7BBB, 0x7BBA, 0x779B, 0x7BBC, 0x66F6, 0x7BBB, 0x7BBB, 0x6F78,
    0x5ED3, 0x520D, 0x5EB3, 0x7FDC, 0x5AD4, 0x462F, 0x5ED3, 0x77BA,
    0x5291, 0x6757, 0x35EE, 0x52B7, 0x3E34, 0x3613, 0x3632, 0x3612,
    0x3A13, 0x3E36, 0x4658, 0x4A7A, 0x4EBA, 0x14CC, 0x14CD, 0x10AE,
    0x10AE, 0x0CAD, 0x2971, 0x4A34, 0x5AB6, 0x5E54, 0x55B1, 0x6675,
    0x45CD, 0x62F7, 0x5273, 0x41EF, 0x1043, 0x1884, 0x1485, 0x2108,
    0x2108, 0x1CA6, 0x5252, 0x5652, 0x4E31, 0x5272, 0x4E52, 0x4A51,
    0x4E52, 0x4A32, 0x4A32, 0x4631, 0x4A53, 0x4612, 0x41F1, 0x3DD0,
    0x41F1, 0x41F0, 0x41F1, 0x4612, 0x4A33, 0x4A30, 0x62F3, 0x5AB1,
    0x4E51, 0x41EF, 0x4210, 0x4211, 0x4632, 0x4A52, 0x4E53, 0x4E53,
    0x4E53, 0x4E53, 0x4E74, 0x4E73, 0x4A53, 0x4E74, 0x4E74, 0x5295,
    0x1065, 0x0C65, 0x0C65, 0x1066, 0x1068, 0x18AA, 0x0C4A, 0x0C6B,
    0x0849, 0x0867, 0x6739, 0x739B, 0x6B36, 0x6715, 0x7357, 0x7B98,
    0x7798, 0x7799, 0x7778, 0x7358, 0x7779, 0x7798, 0x7B97, 0x7B78,
    0x7B79, 0x7B9A, 0x6B37, 0x4E71, 0x4E72, 0x4E73, 0x4E74, 0x4E75,
    0x5294, 0x4E72, 0x358B, 0x739C, 0x7FFF, 0x5F19, 0x31D2, 0x35F4,
    0x2DB4, 0x2DB2, 0x2590, 0x298F, 0x675B, 0x5AB6, 0x3DAE, 0x396C,
    0x418C, 0x49EE, 0x2CA5, 0x2C63, 0x2C63, 0x2C63, 0x2886, 0x20ED,
    0x25B5, 0x3E79, 0x4213, 0x3DD0, 0x39CF, 0x4A52, 0x7FFF, 0x7FFF,
    0x56B4, 0x56B4, 0x56B5, 0x5295, 0x5AD6, 0x56B5, 0x56B5, 0x56B5,
    0x56B5, 0x4A52, 0x5AD6, 0x4E94, 0x5295, 0x2D6C, 0x0C64, 0x4A32,
    0x5695, 0x4A52, 0x41F0, 0x4211, 0x41F1, 0x4A12, 0x1CA7, 0x3DF1,
    0x2DB0, 0x2DD2, 0x3191, 0x24CD, 0x3530, 0x2CEE, 0x2D0E, 0x3550,
    0x3571, 0x3171, 0x292F, 0x2D30, 0x2D0D, 0x18C8, 0x2D8E, 0x35D1,
    0x39F2, 0x3A13, 0x35F2, 0x3E12, 0x39F2, 0x3A12, 0x3A13, 0x39F3,
    0x3DD1, 0x18C7, 0x2D6C, 0x3A11, 0x3E12, 0x3E12, 0x3E12, 0x3E13,
    0x7358, 0x56B3, 0x737A, 0x5251, 0x7758, 0x7B78, 0x7777, 0x7777,
    0x7758, 0x7758, 0x7358, 0x7358, 0x7358, 0x7358, 0x7778, 0x7778,
    0x7357, 0x7357, 0x7357, 0x7758, 0x7778, 0x7BBA, 0x7BBA, 0x7BB9,
    0x6B15, 0x7BBA, 0x7BDA, 0x7FDB, 0x7FDB, 0x7FBA, 0x7FDB, 0x7FDB,
    0x7FDB, 0x7BDC, 0x6F79, 0x779A, 0x7BBB, 0x7B9A, 0x7BBA, 0x7B99,
    0x779A, 0x7379, 0x737A, 0x4E30, 0x6B17, 0x5AB4, 0x5AB3, 0x62F5,
    0x6716, 0x5271, 0x62F6, 0x5ED6, 0x358B, 0x6B38, 0x6F58, 0x5EF5,
    0x4E4F, 0x4DEC, 0x5EB2, 0x77BA, 0x5AD4, 0x39CC, 0x56B4, 0x739C,
    0x4E94, 0x5B19, 0x4A97, 0x3A16, 0x3A37, 0x3E78, 0x52F8, 0x4697,
    0x4678, 0x2571, 0x0CAC, 0x1D30, 0x52DA, 0x4654, 0x254D, 0x252F,
    0x2D92, 0x2992, 0x3E56, 0x4253, 0x6F7C, 0x775A, 0x5A12, 0x4D2C,
    0x494C, 0x28E9, 0x39AE, 0x2509, 0x1043, 0x1884, 0x20C6, 0x2508,
    0x4A30, 0x4E52, 0x4E52, 0x5252, 0x4E72, 0x4E52, 0x4E52, 0x5272,
    0x4E52, 0x4A32, 0x4611, 0x4611, 0x41F0, 0x4211, 0x41F1, 0x39AF,
    0x41F0, 0x4612, 0x4A33, 0x4632, 0x4610, 0x5ED2, 0x526E, 0x62F4,
    0x3DAD, 0x4610, 0x4A32, 0x4A32, 0x4A52, 0x4A53, 0x4E73, 0x4E53,
    0x4E53, 0x5274, 0x4E73, 0x4E73, 0x4E73, 0x3DEF, 0x358D, 0x4611,
    0x4210, 0x5AD6, 0x1065, 0x0825, 0x0826, 0x0C49, 0x0C4A, 0x084A,
    0x252D, 0x2D6C, 0x5EF7, 0x7BBC, 0x7379, 0x6F57, 0x62D3, 0x6F57,
    0x7357, 0x7778, 0x7778, 0x7357, 0x7778, 0x7778, 0x7B78, 0x7B78,
    0x7B79, 0x7B78, 0x7799, 0x7379, 0x5272, 0x358C, 0x358D, 0x39D0,
    0x39D0, 0x35AE, 0x56B5, 0x7FFF, 0x6F7C, 0x31D1, 0x2DB1, 0x14CB,
    0x0C89, 0x1086, 0x1D08, 0x5294, 0x5AD6, 0x56B5, 0x5ED7, 0x6719,
    0x5ED5, 0x62D5, 0x3549, 0x2863, 0x2C63, 0x2C85, 0x41AF, 0x2550,
    0x1DB6, 0x3A79, 0x39F2, 0x3DF1, 0x39CF, 0x4E72, 0x7FFF, 0x7FFF,
    0x7FFE, 0x7FFE, 0x7FFF, 0x7FFF, 0x7FFE, 0x7FFE, 0x7FFE, 0x7FFF,
    0x7FFF, 0x6F7A, 0x7FFF, 0x7BFE, 0x56B5, 0x4E73, 0x35AD, 0x737B,
    0x7BDE, 0x739B, 0x7BDD, 0x6319, 0x4A32, 0x6B5A, 0x2509, 0x4E74,
    0x4A54, 0x4254, 0x4633, 0x314F, 0x312F, 0x310F, 0x352F, 0x3550,
    0x3550, 0x354F, 0x314E, 0x314E, 0x2D2D, 0x18C8, 0x2D8E, 0x31B0,
    0x39D2, 0x39F3, 0x39D3, 0x39F3, 0x39F2, 0x3E13, 0x3A13, 0x39F2,
    0x3DF1, 0x18A7, 0x2D6C, 0x3E11, 0x3A12, 0x3E13, 0x3E13, 0x3E13,
    0x6F37, 0x5AB4, 0x737A, 0x5251, 0x7336, 0x7B98, 0x7B77, 0x6F35,
    0x6B15, 0x6B15, 0x6B16, 0x6B16, 0x6F15, 0x6F15, 0x6B15, 0x6F36,
    0x6F36, 0x6F35, 0x6F35, 0x6F36, 0x7336, 0x6F36, 0x7357, 0x7336,
    0x66D3, 0x7336, 0x7357, 0x7358, 0x6F36, 0x7778, 0x7757, 0x7778,
    0x7378, 0x7379, 0x6B37, 0x737A, 0x7358, 0x7358, 0x7378, 0x7358,
    0x7379, 0x7379, 0x7379, 0x5291, 0x6F58, 0x5692, 0x6737, 0x6F78,
    0x6B56, 0x4E4F, 0x5EF5, 0x4630, 0x3DED, 0x6717, 0x6316, 0x6316,
    0x4A0D, 0x45CA, 0x564F, 0x6716, 0x5EF5, 0x35CD, 0x39F1, 0x39F2,
    0x2D90, 0x296F, 0x254F, 0x2572, 0x2152, 0x2171, 0x2991, 0x2DB2,
    0x35F5, 0x3A16, 0x048A, 0x006B, 0x4676, 0x633A, 0x5EF9, 0x4A56,
    0x4A77, 0x4A76, 0x4675, 0x4E96, 0x62D7, 0x6273, 0x496B, 0x452A,
    0x410C, 0x28E9, 0x292A, 0x35AD, 0x4E52, 0x5251, 0x5A72, 0x5AB4,
    0x5673, 0x5252, 0x4E52, 0x4E72, 0x4E52, 0x4E52, 0x5252, 0x4E52,
    0x4E52, 0x4610, 0x41F0, 0x4A32, 0x4A32, 0x4611, 0x4611, 0x41F0,
    0x4632, 0x4A32, 0x4A32, 0x4611, 0x5A90, 0x66F2, 0x6B12, 0x4E2E,
    0x4A11, 0x4A32, 0x4A52, 0x4A52, 0x4E53, 0x4E53, 0x4E73, 0x5273,
    0x4E73, 0x4E52, 0x4A32, 0x4E52, 0x5252, 0x5232, 0x45CF, 0x5EB5,
    0x7BBD, 0x7FDE, 0x739B, 0x6F9B, 0x6B7A, 0x4652, 0x35AE, 0x3DF1,
    0x5ED7, 0x6739, 0x5EF5, 0x7BDC, 0x5ED5, 0x3DAC, 0x4E30, 0x5EB3,
    0x7778, 0x7778, 0x7778, 0x7778, 0x7757, 0x7357, 0x7778, 0x7779,
    0x7778, 0x7B77, 0x7B78, 0x7B78, 0x7B78, 0x6B15, 0x41ED, 0x35AD,
    0x35AE, 0x3DD0, 0x4631, 0x739C, 0x4254, 0x2DB1, 0x212D, 0x1087,
    0x1485, 0x1484, 0x294A, 0x5AD5, 0x5AB4, 0x5694, 0x5294, 0x5AD7,
    0x5AB6, 0x5AB5, 0x358C, 0x2CE8, 0x30E9, 0x41AF, 0x4613, 0x2550,
    0x21D6, 0x3A79, 0x3DF2, 0x3DF1, 0x39D1, 0x4E74, 0x7FFF, 0x7FFD,
    0x7BDD, 0x7FFD, 0x7FFE, 0x7FFE, 0x7FFE, 0x7FFE, 0x7FFE, 0x7FFE,
    0x7FFE, 0x6F7A, 0x7FFE, 0x6318, 0x4631, 0x7BDE, 0x4210, 0x7BDD,
    0x7FFF, 0x7FFE, 0x7FFE, 0x6F7A, 0x5294, 0x7FFE, 0x3DCE, 0x7FFE,
    0x7FFF, 0x7FFF, 0x7BDF, 0x41F2, 0x3590, 0x3591, 0x3170, 0x24EC,
    0x1CC8, 0x1CC7, 0x20C8, 0x290A, 0x24E9, 0x18A6, 0x2D6C, 0x39D0,
    0x39F1, 0x39F2, 0x39D2, 0x39F2, 0x39F2, 0x39F2, 0x3DF3, 0x3DF2,
    0x3DF1, 0x18A7, 0x318D, 0x3E11, 0x3E13, 0x3E13, 0x3E13, 0x3E13,
    0x66F6, 0x5AB4, 0x739B, 0x5271, 0x6F15, 0x7B57, 0x7B77, 0x6B14,
    0x6F15, 0x6F15, 0x6F36, 0x6F15, 0x6F35, 0x7336, 0x6F35, 0x6F35,
    0x6F36, 0x7336, 0x7336, 0x6F15, 0x6F35, 0x6F36, 0x7336, 0x7756,
    0x66F3, 0x6AF5, 0x7358, 0x7358, 0x7357, 0x7357, 0x7336, 0x6B15,
    0x5EB2, 0x6716, 0x6716, 0x779B, 0x6F38, 0x7358, 0x7357, 0x6F16,
    0x7337, 0x6F57, 0x5EF4, 0x5F15, 0x5AF4, 0x464F, 0x6315, 0x6F78,
    0x6B56, 0x4E4F, 0x5AF4, 0x5F16, 0x3DED, 0x6B37, 0x6F58, 0x5AF4,
    0x4A0D, 0x4188, 0x5E91, 0x6B36, 0x6B59, 0x35CE, 0x048A, 0x2570,
    0x3A14, 0x2570, 0x0C8E, 0x086F, 0x0870, 0x0C6F, 0x086E, 0x048E,
    0x0CAE, 0x4EDB, 0x31B1, 0x4236, 0x35D2, 0x6F9D, 0x6F7C, 0x6319,
    0x633A, 0x6F7B, 0x73BD, 0x6F5B, 0x5633, 0x454B, 0x30A5, 0x3509,
    0x356D, 0x41CF, 0x1064, 0x316B, 0x5693, 0x62D5, 0x5EB3, 0x5271,
    0x5252, 0x5273, 0x5273, 0x4E52, 0x4E52, 0x4E52, 0x4E31, 0x4A31,
    0x4610, 0x4A31, 0x4E53, 0x5273, 0x4E52, 0x4A11, 0x4610, 0x4631,
    0x4611, 0x4A32, 0x4E31, 0x5250, 0x6F33, 0x66F0, 0x62D1, 0x45EE,
    0x4E33, 0x4A33, 0x4E52, 0x5253, 0x5253, 0x5253, 0x4E53, 0x4A53,
    0x4A32, 0x4A52, 0x4A53, 0x4E53, 0x5254, 0x5A33, 0x55F1, 0x72F7,
    0x7FDE, 0x7FFE, 0x739C, 0x5EF6, 0x6316, 0x6316, 0x6317, 0x7BBD,
    0x7FFE, 0x7FFD, 0x7B59, 0x7758, 0x5ED5, 0x4E51, 0x6F37, 0x6B16,
    0x62D3, 0x7778, 0x7777, 0x7778, 0x7B78, 0x7778, 0x7357, 0x7777,
    0x7778, 0x7777, 0x7B77, 0x7B57, 0x7B78, 0x7779, 0x7359, 0x5693,
    0x39AD, 0x398E, 0x4612, 0x296B, 0x212B, 0x1D0B, 0x14A8, 0x1086,
    0x1CC9, 0x210C, 0x294C, 0x5AD6, 0x5694, 0x5694, 0x5695, 0x5ED7,
    0x5A95, 0x5AB6, 0x2D4C, 0x314C, 0x3DB0, 0x39B0, 0x39D1, 0x2550,
    0x1D94, 0x3636, 0x35B1, 0x3DF3, 0x35D1, 0x4E75, 0x7FFE, 0x739A,
    0x7BDB, 0x7BDB, 0x7379, 0x7BDD, 0x737B, 0x779C, 0x7FFE, 0x7FFE,
    0x7FFE, 0x6F9B, 0x6759, 0x4230, 0x7BFE, 0x7BFE, 0x4210, 0x77DC,
    0x7FFE, 0x7FFE, 0x7FFE, 0x6B59, 0x5293, 0x7BDE, 0x35AD, 0x7FFE,
    0x7FFF, 0x7FFE, 0x7FFF, 0x4211, 0x35B0, 0x35B1, 0x2D8F, 0x210B,
    0x18A6, 0x18C5, 0x1CA5, 0x1CA6, 0x20C6, 0x1CA5, 0x2D8C, 0x39F0,
    0x39F1, 0x39F2, 0x39F3, 0x3E13, 0x3E13, 0x3DF3, 0x3E13, 0x3DF2,
    0x3DD1, 0x1CA7, 0x318C, 0x3E12, 0x3A13, 0x3E13, 0x3E13, 0x39F2,
    0x6B16, 0x5AB4, 0x779B, 0x5251, 0x6F15, 0x7B77, 0x7756, 0x7756,
    0x7336, 0x6F36, 0x7336, 0x7335, 0x7335, 0x7336, 0x7335, 0x6F15,
    0x6F15, 0x7335, 0x7336, 0x7336, 0x7336, 0x7336, 0x7336, 0x7335,
    0x6AF3, 0x6B36, 0x77BA, 0x779A, 0x6F57, 0x6F56, 0x6F36, 0x6B35,
    0x4A2E, 0x5AB3, 0x62F6, 0x737A, 0x6F37, 0x6B37, 0x6B36, 0x5EB3,
    0x6B37, 0x6715, 0x5ED2, 0x62F4, 0x6716, 0x4A2F, 0x5671, 0x6B37,
    0x62F4, 0x4E50, 0x6737, 0x6737, 0x739A, 0x6B37, 0x62F4, 0x4E70,
    0x5670, 0x4588, 0x566F, 0x779A, 0x6318, 0x1089, 0x0C8B, 0x3E34,
    0x31D0, 0x1D2E, 0x0CAF, 0x0890, 0x0CB1, 0x0C91, 0x10D2, 0x0CD1,
    0x29B3, 0x3A15, 0x4E97, 0x3E13, 0x4A55, 0x56D7, 0x6319, 0x6B59,
    0x7BDE, 0x7FFF, 0x7FFE, 0x6B39, 0x4DF1, 0x3D2B, 0x28A8, 0x396C,
    0x3DCF, 0x4A31, 0x2508, 0x41EF, 0x5693, 0x5693, 0x5672, 0x5672,
    0x5673, 0x5673, 0x5273, 0x5272, 0x4E31, 0x4E51, 0x4E52, 0x4A31,
    0x4A31, 0x4E52, 0x4E52, 0x4E52, 0x4E52, 0x4E32, 0x4A11, 0x4631,
    0x4E53, 0x4E53, 0x4E2F, 0x6F33, 0x66AE, 0x7333, 0x522E, 0x4E31,
    0x4E33, 0x4E53, 0x4E52, 0x4E52, 0x4E52, 0x4E52, 0x4E53, 0x4E53,
    0x4A52, 0x4E53, 0x4E73, 0x4E73, 0x4E53, 0x5A33, 0x414B, 0x5A71,
    0x7FDC, 0x7FFE, 0x7BFE, 0x6F7A, 0x6335, 0x5F14, 0x6B59, 0x7BBD,
    0x7FFE, 0x7FFC, 0x6651, 0x6A93, 0x6B37, 0x5292, 0x66F5, 0x7357,
    0x66F3, 0x6714, 0x7798, 0x7778, 0x7B78, 0x7777, 0x7778, 0x7356,
    0x7377, 0x7778, 0x7778, 0x7778, 0x7778, 0x7779, 0x7778, 0x7799,
    0x6716, 0x5EF6, 0x4210, 0x31AC, 0x294A, 0x252A, 0x1CE8, 0x1087,
    0x250E, 0x1CEE, 0x296E, 0x5AD7, 0x5694, 0x5274, 0x5295, 0x5EF7,
    0x5A93, 0x5AB6, 0x2D6D, 0x254D, 0x35D1, 0x39F1, 0x4655, 0x2992,
    0x25F5, 0x3A56, 0x4A55, 0x4213, 0x35D0, 0x5294, 0x7BDE, 0x6F59,
    0x7FFE, 0x7FDD, 0x7BDD, 0x7FDE, 0x5AB5, 0x737B, 0x7FFE, 0x7FFE,
    0x7FFE, 0x5AF6, 0x3E30, 0x77BD, 0x7FFF, 0x7FFF, 0x3DEF, 0x77BD,
    0x7FFE, 0x7FFE, 0x7FFE, 0x6759, 0x5294, 0x77DD, 0x2D8B, 0x77BC,
    0x7FFE, 0x7FFE, 0x7BDE, 0x4211, 0x35B0, 0x31B0, 0x35B0, 0x210A,
    0x1CA6, 0x1CA5, 0x1CA5, 0x1CA5, 0x1CC5, 0x1CC5, 0x318D, 0x39F1,
    0x3E13, 0x39F3, 0x3E13, 0x3E13, 0x3E13, 0x3E13, 0x3E13, 0x3E13,
    0x3DD2, 0x18A7, 0x318D, 0x3E12, 0x3A13, 0x39F3, 0x3E13, 0x3DF3,
    0x6B16, 0x5AB4, 0x6B38, 0x5250, 0x7336, 0x7B77, 0x7756, 0x7756,
    0x6F15, 0x6F36, 0x6F36, 0x6F36, 0x7356, 0x7336, 0x7356, 0x7757,
    0x7757, 0x7357, 0x7357, 0x7357, 0x7357, 0x6F36, 0x7356, 0x7356,
    0x6714, 0x7378, 0x7FFD, 0x7FFD, 0x7378, 0x6F37, 0x6B36, 0x66F4,
    0x4A2E, 0x62F5, 0x5AB3, 0x739A, 0x5EF4, 0x62F5, 0x6315, 0x5292,
    0x6337, 0x5AD2, 0x6B35, 0x6B35, 0x6735, 0x5691, 0x62F4, 0x6315,
    0x5AB3, 0x462E, 0x6717, 0x6B37, 0x6B37, 0x62F4, 0x5270, 0x4A4F,
    0x522E, 0x4588, 0x4E2E, 0x6318, 0x4213, 0x084A, 0x0C4A, 0x0869,
    0x0469, 0x048C, 0x08AF, 0x08D0, 0x08D0, 0x08D0, 0x08D0, 0x0D11,
    0x3215, 0x216F, 0x56F8, 0x4A54, 0x4E76, 0x631A, 0x5AD6, 0x6318,
    0x77BC, 0x77DD, 0x77BC, 0x5AD6, 0x41CE, 0x2D09, 0x1CA6, 0x24E7,
    0x1063, 0x4A31, 0x5ED6, 0x5694, 0x5273, 0x5273, 0x5693, 0x5272,
    0x5273, 0x5273, 0x5273, 0x5273, 0x5252, 0x5252, 0x4E52, 0x4E52,
    0x4E72, 0x4E52, 0x4A51, 0x4E52, 0x4E52, 0x5254, 0x5253, 0x4E32,
    0x5252, 0x5251, 0x6AF2, 0x6AF0, 0x7333, 0x5A70, 0x5632, 0x5254,
    0x4E53, 0x5253, 0x4E53, 0x4E52, 0x4E52, 0x5252, 0x5272, 0x5273,
    0x5252, 0x5653, 0x5254, 0x5273, 0x4E51, 0x4A0F, 0x66F6, 0x737B,
    0x7FFE, 0x7FFF, 0x7FFF, 0x7FFF, 0x7FFE, 0x7FFD, 0x7FFE, 0x7FFE,
    0x7FFE, 0x7FFD, 0x4DED, 0x6AF5, 0x7FFE, 0x5EB4, 0x5271, 0x6B16,
    0x7358, 0x6B36, 0x6B36, 0x7378, 0x7778, 0x7778, 0x7778, 0x7777,
    0x7357, 0x7778, 0x7779, 0x7BB9, 0x7BDA, 0x7BBB, 0x7FDB, 0x7BDB,
    0x7BDC, 0x77BD, 0x73BD, 0x6B7B, 0x5AF8, 0x56B6, 0x4E74, 0x1487,
    0x1088, 0x1089, 0x294C, 0x5AD6, 0x5AB5, 0x5294, 0x56B6, 0x5EF6,
    0x5AB4, 0x56B6, 0x2D6E, 0x254D, 0x39F1, 0x4212, 0x4213, 0x2DB2,
    0x25D4, 0x3E77, 0x4213, 0x4213, 0x35CF, 0x5293, 0x7BDD, 0x7359,
    0x7BBD, 0x7FBE, 0x7FDE, 0x6F5A, 0x39AE, 0x77BD, 0x7FFF, 0x7FFF,
    0x77BD, 0x3E0F, 0x73BC, 0x7FFE, 0x7FFE, 0x7FFF, 0x3E10, 0x77BD,
    0x7FFF, 0x7FFF, 0x7FFE, 0x6738, 0x3E10, 0x56B5, 0x2128, 0x4630,
    0x56B4, 0x6738, 0x739C, 0x39F1, 0x31B1, 0x3590, 0x3190, 0x250A,
    0x1CA7, 0x20C7, 0x1CA5, 0x1CA5, 0x20C6, 0x1CC5, 0x35AD, 0x39F1,
    0x3E13, 0x3E13, 0x3E13, 0x3E13, 0x3DF3, 0x3E14, 0x3E33, 0x3E13,
    0x3DF3, 0x18A7, 0x318D, 0x3E12, 0x3A13, 0x3A13, 0x3DF3, 0x39F2,
    0x6F37, 0x5693, 0x6F59, 0x5250, 0x7335, 0x7756, 0x7756, 0x7756,
    0x7356, 0x7357, 0x7357, 0x7356, 0x7356, 0x7757, 0x7757, 0x7757,
    0x7357, 0x7357, 0x7357, 0x6F37, 0x6B16, 0x62D5, 0x66F4, 0x66F4,
    0x6715, 0x5670, 0x6F78, 0x779A, 0x6736, 0x62D4, 0x62D4, 0x5EB3,
    0x5250, 0x62F5, 0x5692, 0x6F79, 0x5ED4, 0x5ED5, 0x5AB4, 0x5694,
    0x5272, 0x5691, 0x6714, 0x7377, 0x6B36, 0x5291, 0x5AD3, 0x6336,
    0x52D3, 0x466F, 0x6336, 0x6716, 0x6F57, 0x6714, 0x6B35, 0x6736,
    0x62B2, 0x4188, 0x4E30, 0x4E95, 0x2992, 0x1D32, 0x1933, 0x1533,
    0x1533, 0x1154, 0x1154, 0x1575, 0x1975, 0x1975, 0x1954, 0x1D74,
    0x29D5, 0x3614, 0x5AF9, 0x4E54, 0x5295, 0x4632, 0x4E73, 0x4630,
    0x6317, 0x73BB, 0x739C, 0x5294, 0x2529, 0x2108, 0x2D4A, 0x4E51,
    0x5AB4, 0x5693, 0x5272, 0x5273, 0x5273, 0x5272, 0x5273, 0x5273,
    0x5273, 0x5673, 0x5673, 0x5273, 0x5273, 0x5252, 0x4E52, 0x5272,
    0x4E52, 0x4E52, 0x4A51, 0x5273, 0x5273, 0x5254, 0x5254, 0x5273,
    0x5251, 0x5EB1, 0x6F32, 0x6AEF, 0x6B32, 0x5271, 0x4E54, 0x4E53,
    0x4E72, 0x4E72, 0x4E54, 0x4E53, 0x4E53, 0x4E53, 0x4E53, 0x4E53,
    0x4E53, 0x5273, 0x5272, 0x4E53, 0x4E74, 0x4E53, 0x6F5B, 0x7BDE,
    0x6739, 0x6317, 0x5AD5, 0x5EF6, 0x6316, 0x6737, 0x6738, 0x6F5A,
    0x6B79, 0x6B79, 0x7FDC, 0x7FDD, 0x7FFE, 0x5693, 0x4E50, 0x5EB3,
    0x7358, 0x7BDC, 0x6315, 0x6F78, 0x7358, 0x7337, 0x7337, 0x7357,
    0x7357, 0x6F36, 0x5ED4, 0x5AB3, 0x4E51, 0x4E52, 0x4610, 0x3DEF,
    0x39CF, 0x294C, 0x214D, 0x256F, 0x1D0E, 0x18CB, 0x18C9, 0x1086,
    0x1486, 0x1087, 0x294B, 0x5AD5, 0x5AB5, 0x5274, 0x5AD6, 0x5EF6,
    0x5AB5, 0x56B6, 0x294D, 0x1D0B, 0x39D0, 0x4210, 0x35AF, 0x35F3,
    0x25D4, 0x4277, 0x318F, 0x4233, 0x5295, 0x5AD5, 0x7BDD, 0x7779,
    0x7B7A, 0x7B9B, 0x777C, 0x39B0, 0x358D, 0x7BDD, 0x7FFF, 0x7BDD,
    0x3DED, 0x739A, 0x7FFD, 0x7FFD, 0x7FFE, 0x7FFF, 0x4210, 0x7BDD,
    0x7FFD, 0x7FFE, 0x7FFE, 0x6B5A, 0x39CE, 0x6318, 0x2D8B, 0x77BC,
    0x77BB, 0x6B59, 0x5AD6, 0x294D, 0x292E, 0x2D4F, 0x316F, 0x20EA,
    0x20C8, 0x20C8, 0x20A7, 0x1CA6, 0x20C6, 0x1CC6, 0x39AE, 0x3DF1,
    0x39F3, 0x3E14, 0x3E13, 0x3E13, 0x3DF3, 0x3E14, 0x3E13, 0x3DF3,
    0x3DD2, 0x18A7, 0x318D, 0x39F2, 0x3A13, 0x39F2, 0x3E13, 0x3DF3,
    0x6F37, 0x5672, 0x777A, 0x5250, 0x6F14, 0x7334, 0x7B76, 0x7335,
    0x7756, 0x6F16, 0x6F16, 0x6F35, 0x6F35, 0x6F36, 0x6F36, 0x6F16,
    0x6B15, 0x62D3, 0x62D4, 0x5ED3, 0x5ED4, 0x62D6, 0x5EB4, 0x5A92,
    0x66F5, 0x45ED, 0x5692, 0x6B37, 0x5AD4, 0x5AB3, 0x5AB3, 0x5692,
    0x5A92, 0x62F5, 0x5692, 0x6F59, 0x5ED6, 0x56B5, 0x5694, 0x4630,
    0x56B4, 0x5EF4, 0x5ED3, 0x6F56, 0x6714, 0x56B1, 0x5EF3, 0x422D,
    0x2566, 0x466E, 0x56D2, 0x56B2, 0x6F78, 0x6B56, 0x7BB9, 0x7BDB,
    0x6AF4, 0x4187, 0x4A2F, 0x35D0, 0x2993, 0x2173, 0x1974, 0x1974,
    0x1995, 0x1554, 0x1553, 0x1573, 0x1D74, 0x2173, 0x2DB3, 0x3E14,
    0x29B1, 0x4234, 0x56D7, 0x4211, 0x4E74, 0x3DEF, 0x4E53, 0x5AD6,
    0x1082, 0x0840, 0x0C20, 0x0800, 0x18A5, 0x4630, 0x5AD5, 0x5A93,
    0x5693, 0x5693, 0x5693, 0x5693, 0x5273, 0x5673, 0x5694, 0x5273,
    0x5273, 0x5273, 0x5673, 0x5273, 0x5273, 0x5252, 0x5252, 0x5273,
    0x5273, 0x5273, 0x5273, 0x5273, 0x5273, 0x5273, 0x5273, 0x5251,
    0x5A70, 0x7333, 0x66EF, 0x7331, 0x528F, 0x5252, 0x5254, 0x5253,
    0x5252, 0x5252, 0x5254, 0x4A74, 0x4A74, 0x4673, 0x4A73, 0x4A93,
    0x4672, 0x4270, 0x4A71, 0x4A53, 0x4E54, 0x4A53, 0x56B4, 0x77BC,
    0x7BDE, 0x7FFF, 0x7FFF, 0x7FFF, 0x7FFF, 0x7FFF, 0x7FFF, 0x7FFF,
    0x7FFE, 0x7BFE, 0x7FFE, 0x7FFE, 0x77BC, 0x4A31, 0x4A10, 0x5EB4,
    0x6B17, 0x77BA, 0x77BA, 0x5AD3, 0x7358, 0x7358, 0x7357, 0x7336,
    0x7778, 0x7357, 0x6F57, 0x7358, 0x6F38, 0x66F7, 0x6F59, 0x6B38,
    0x6738, 0x5695, 0x1D0B, 0x14CC, 0x10AC, 0x0C69, 0x1067, 0x1085,
    0x1485, 0x1485, 0x2D4A, 0x5ED6, 0x56B4, 0x5294, 0x5AD6, 0x5EF7,
    0x56B6, 0x4A33, 0x1CEB, 0x254C, 0x4A53, 0x4A31, 0x41F0, 0x4EB8,
    0x2DD4, 0x4677, 0x4232, 0x4232, 0x56B6, 0x5EF6, 0x7BDE, 0x7B9C,
    0x777B, 0x737B, 0x56B6, 0x294D, 0x420F, 0x7BDD, 0x7FFD, 0x4E72,
    0x3E0E, 0x7FFE, 0x7FFE, 0x7FFE, 0x7FFF, 0x7FFF, 0x4210, 0x7FFF,
    0x7FFE, 0x7FFE, 0x6F7A, 0x4E93, 0x77BD, 0x77BD, 0x4630, 0x7FFE,
    0x7FFE, 0x7FFF, 0x7BDE, 0x39D1, 0x3190, 0x3170, 0x292E, 0x24EB,
    0x2D0B, 0x28EA, 0x24E8, 0x1CC6, 0x1CA6, 0x1CC6, 0x35AE, 0x3DF1,
    0x39F2, 0x3E13, 0x3E13, 0x4213, 0x3DF3, 0x3E14, 0x3A12, 0x3E13,
    0x3DD2, 0x18A7, 0x35AE, 0x3E13, 0x3A13, 0x39F2, 0x3E13, 0x3E13,
    0x7338, 0x5ED4, 0x737A, 0x5671, 0x6F14, 0x7734, 0x7734, 0x7755,
    0x7336, 0x7757, 0x7357, 0x6F36, 0x6F36, 0x7357, 0x7358, 0x6F37,
    0x6B16, 0x66F5, 0x5670, 0x5A92, 0x5ED4, 0x5A93, 0x5672, 0x5A92,
    0x6715, 0x4A0D, 0x5AB2, 0x6716, 0x5693, 0x5672, 0x5693, 0x5692,
    0x5AB3, 0x6B57, 0x6315, 0x6B38, 0x4A31, 0x4E73, 0x4A52, 0x3DED,
    0x6735, 0x66B1, 0x666F, 0x6A8F, 0x6EB0, 0x6A6E, 0x6E8E, 0x6A6E,
    0x6AAF, 0x6B12, 0x6F56, 0x7799, 0x77BA, 0x7BDC, 0x7BDC, 0x7FDB,
    0x62D2, 0x3D66, 0x398B, 0x3E12, 0x4E97, 0x4EB8, 0x2590, 0x2591,
    0x2DB2, 0x52B7, 0x6739, 0x5EF8, 0x5EF8, 0x6339, 0x739C, 0x73BD,
    0x6B5B, 0x3E10, 0x294A, 0x4210, 0x4631, 0x4A53, 0x5AD6, 0x5294,
    0x4610, 0x4A30, 0x5272, 0x5694, 0x62D6, 0x5ED5, 0x5673, 0x5672,
    0x5693, 0x5672, 0x5272, 0x5673, 0x5693, 0x5694, 0x5694, 0x5273,
    0x5673, 0x5273, 0x5273, 0x5273, 0x5273, 0x5252, 0x5273, 0x5273,
    0x5273, 0x5273, 0x5273, 0x5273, 0x5273, 0x4E73, 0x5252, 0x5670,
    0x6B12, 0x66CF, 0x7754, 0x62B0, 0x5651, 0x5652, 0x5654, 0x5254,
    0x5274, 0x4A73, 0x4EB6, 0x4F39, 0x4F37, 0x5756, 0x5754, 0x5B73,
    0x532F, 0x4F0C, 0x4F0C, 0x4EAC, 0x52AF, 0x4A6E, 0x10A2, 0x1CC6,
    0x294A, 0x35AD, 0x39CE, 0x3DEF, 0x4611, 0x4A52, 0x4E72, 0x5294,
    0x5AD5, 0x5EF7, 0x5F17, 0x739C, 0x4E72, 0x4A51, 0x4A30, 0x4E51,
    0x5ED5, 0x6315, 0x6B78, 0x6F78, 0x5EB3, 0x7358, 0x7357, 0x7357,
    0x7757, 0x7778, 0x7778, 0x7356, 0x7777, 0x7758, 0x7757, 0x7777,
    0x7356, 0x6F57, 0x6736, 0x5ED4, 0x5ED6, 0x5EB5, 0x5672, 0x356B,
    0x2D29, 0x2D4B, 0x39AD, 0x5ED5, 0x5695, 0x5295, 0x5AD6, 0x5EF7,
    0x5695, 0x252C, 0x1CEC, 0x254D, 0x5AD7, 0x5294, 0x4A31, 0x4233,
    0x2DB2, 0x4635, 0x4232, 0x4253, 0x5AD6, 0x6317, 0x7BDE, 0x779C,
    0x62F7, 0x464F, 0x35E8, 0x4268, 0x570C, 0x6FB3, 0x5F50, 0x5B4D,
    0x5F70, 0x6FD5, 0x73D6, 0x7BFA, 0x7FFD, 0x7FFE, 0x39CF, 0x7BDE,
    0x7FFF, 0x5EF6, 0x5AD5, 0x7FFE, 0x7FDE, 0x77BD, 0x420F, 0x7FFF,
    0x7FFE, 0x7FFF, 0x7BDE, 0x3DD1, 0x35B1, 0x35B1, 0x3991, 0x292C,
    0x24EA, 0x2D0B, 0x2D0A, 0x2D2A, 0x20C7, 0x20E7, 0x294B, 0x39D0,
    0x39F2, 0x39F3, 0x3E13, 0x3E13, 0x3DF3, 0x3E14, 0x3E12, 0x3E13,
    0x3DF3, 0x18A7, 0x31AE, 0x3DF2, 0x3A13, 0x3E13, 0x3E13, 0x3DF3,
    0x7358, 0x5ED5, 0x737A, 0x5250, 0x6AD2, 0x7313, 0x72F2, 0x7314,
    0x7756, 0x7757, 0x7357, 0x7357, 0x6F36, 0x6B16, 0x66F5, 0x62F4,
    0x62D3, 0x62D4, 0x62D4, 0x5EB2, 0x6B15, 0x6F37, 0x66F5, 0x66F4,
    0x66F4, 0x524E, 0x6715, 0x6F57, 0x5A93, 0x5672, 0x4E51, 0x4A30,
    0x5ED4, 0x5F14, 0x6335, 0x6B79, 0x62F6, 0x66F6, 0x6AB4, 0x6A50,
    0x6E70, 0x6DCA, 0x6923, 0x6D02, 0x7102, 0x7101, 0x7101, 0x6D01,
    0x6D45, 0x6DCA, 0x72D2, 0x7778, 0x7BBA, 0x779A, 0x77BB, 0x77DA,
    0x5EB2, 0x3546, 0x358C, 0x4E75, 0x5AD8, 0x6319, 0x39F2, 0x296E,
    0x2D8E, 0x3E2F, 0x5F16, 0x6317, 0x6B5A, 0x6F7B, 0x779C, 0x779B,
    0x56B5, 0x4653, 0x2129, 0x4210, 0x4631, 0x5AB6, 0x3DEF, 0x4A32,
    0x5673, 0x5673, 0x5272, 0x5272, 0x5693, 0x5693, 0x5A94, 0x5AB4,
    0x5693, 0x5673, 0x5673, 0x5673, 0x5273, 0x5273, 0x5273, 0x5273,
    0x5273, 0x5673, 0x5673, 0x5273, 0x5273, 0x5273, 0x5673, 0x5273,
    0x5273, 0x5273, 0x5273, 0x5273, 0x5273, 0x5273, 0x5272, 0x66F3,
    0x6F32, 0x5E8D, 0x6F34, 0x5251, 0x5253, 0x4E53, 0x4A53, 0x4675,
    0x4B19, 0x4F7B, 0x4B9B, 0x3F57, 0x3F55, 0x4351, 0x3F0A, 0x3F05,
    0x3EE1, 0x42E0, 0x46E0, 0x4AA0, 0x4EA4, 0x4EE6, 0x35E5, 0x1083,
    0x1486, 0x2D6B, 0x2528, 0x20E7, 0x1486, 0x1064, 0x20E6, 0x18C5,
    0x18A5, 0x1043, 0x0C63, 0x316C, 0x4610, 0x4E52, 0x4E52, 0x4A10,
    0x5A93, 0x5EF5, 0x6B58, 0x779A, 0x6B37, 0x66F5, 0x7378, 0x7798,
    0x7B78, 0x7B78, 0x7B98, 0x7B99, 0x6F56, 0x7B99, 0x7B78, 0x7B98,
    0x7B98, 0x7B99, 0x7B9A, 0x7F9A, 0x7F9B, 0x7B9A, 0x7B9A, 0x7358,
    0x5251, 0x41CE, 0x4610, 0x5AB5, 0x5695, 0x5295, 0x5ED7, 0x5EF6,
    0x39AF, 0x1068, 0x210D, 0x1CEB, 0x35AF, 0x35AE, 0x39AD, 0x35AF,
    0x35B2, 0x3590, 0x39D0, 0x4253, 0x56B6, 0x6717, 0x77BB, 0x5F11,
    0x52EB, 0x574A, 0x5768, 0x5345, 0x5342, 0x4701, 0x5363, 0x5386,
    0x5387, 0x57A8, 0x5789, 0x576C, 0x67B2, 0x6B96, 0x4A8F, 0x77FC,
    0x56D4, 0x6337, 0x7FFD, 0x7FDE, 0x7FDE, 0x77BD, 0x41EF, 0x7FFF,
    0x7FFF, 0x7FFF, 0x7BDE, 0x39B0, 0x35B1, 0x3191, 0x3590, 0x290C,
    0x24C9, 0x24E9, 0x24C8, 0x20C7, 0x1CA5, 0x2108, 0x294A, 0x252B,
    0x254D, 0x296E, 0x318F, 0x39F1, 0x3E13, 0x3E13, 0x3E32, 0x3E13,
    0x3DD2, 0x18A7, 0x35AE, 0x3E12, 0x3A13, 0x39F3, 0x3E13, 0x3E13,
    0x7379, 0x5AD4, 0x6F7B, 0x5270, 0x6AF1, 0x6ED1, 0x7312, 0x7734,
    0x5E90, 0x7357, 0x7358, 0x66F4, 0x66D4, 0x66D4, 0x66D5, 0x66D5,
    0x6AF6, 0x6B17, 0x62D5, 0x5A93, 0x62F4, 0x7337, 0x5ED3, 0x62F4,
    0x460D, 0x5291, 0x6F37, 0x6F37, 0x5EB3, 0x62D5, 0x77BB, 0x5291,
    0x56B1, 0x5EF3, 0x6757, 0x6F99, 0x6F15, 0x65ED, 0x6D48, 0x70E5,
    0x70E3, 0x7102, 0x74E1, 0x7500, 0x7100, 0x7100, 0x7900, 0x78E0,
    0x74E0, 0x74E1, 0x6D01, 0x6946, 0x6E4F, 0x7757, 0x7FDB, 0x7BBB,
    0x5ED3, 0x24C4, 0x292A, 0x2D8E, 0x252A, 0x35CE, 0x39F2, 0x4212,
    0x6738, 0x6B77, 0x6F78, 0x5EF6, 0x6318, 0x6739, 0x420F, 0x4631,
    0x4632, 0x4231, 0x3E10, 0x4A52, 0x2D6B, 0x4631, 0x18C6, 0x35AD,
    0x5AB5, 0x62F7, 0x5273, 0x5673, 0x5693, 0x5693, 0x5693, 0x5673,
    0x5693, 0x5693, 0x5693, 0x5693, 0x5673, 0x5673, 0x5273, 0x5273,
    0x5273, 0x5273, 0x5273, 0x5273, 0x5273, 0x5273, 0x5673, 0x5273,
    0x5273, 0x5273, 0x4E72, 0x5273, 0x5273, 0x5252, 0x5EB1, 0x7354,
    0x5A6B, 0x6F34, 0x5670, 0x5653, 0x4E74, 0x4674, 0x46D8, 0x4B3B,
    0x3B18, 0x3757, 0x3756, 0x3732, 0x3F2F, 0x3F09, 0x3AA1, 0x3EA0,
    0x3E80, 0x42A0, 0x46A1, 0x4AA2, 0x4AA0, 0x4EE0, 0x4AA4, 0x4229,
    0x1CE6, 0x4A52, 0x4E52, 0x4E53, 0x4211, 0x39AE, 0x5273, 0x4E52,
    0x5273, 0x314B, 0x1044, 0x1465, 0x2D2A, 0x5253, 0x4E31, 0x4A30,
    0x4A30, 0x62F5, 0x62F5, 0x7358, 0x7799, 0x62F4, 0x6F57, 0x7778,
    0x7B99, 0x7B98, 0x7B98, 0x7BB8, 0x7B99, 0x7778, 0x7F99, 0x7F99,
    0x7FB9, 0x7BB9, 0x7FBA, 0x7F9A, 0x7FBA, 0x7FBA, 0x7FB9, 0x7FB9,
    0x7B99, 0x5ED2, 0x5270, 0x5AB4, 0x56B4, 0x5694, 0x62F8, 0x4E53,
    0x3DCF, 0x4612, 0x316E, 0x254C, 0x4232, 0x3E11, 0x3DF1, 0x3E11,
    0x39F1, 0x41F2, 0x3DF2, 0x3E33, 0x52B4, 0x5EF3, 0x5B11, 0x4EC9,
    0x4AC4, 0x46C0, 0x46E0, 0x42C0, 0x46E0, 0x4700, 0x42E0, 0x4720,
    0x3EE0, 0x4322, 0x4B45, 0x4B65, 0x4F87, 0x57AC, 0x578E, 0x5B91,
    0x6796, 0x7BFC, 0x7FFE, 0x7FFE, 0x7FFF, 0x779C, 0x41EF, 0x7FFF,
    0x7FFE, 0x7FFF, 0x7BBE, 0x3590, 0x35B1, 0x31B1, 0x2D90, 0x252D,
    0x20EA, 0x24E9, 0x24E8, 0x20A6, 0x20C6, 0x1CC6, 0x39CF, 0x39D1,
    0x35B0, 0x2D90, 0x296E, 0x254D, 0x252D, 0x296E, 0x31AE, 0x39D0,
    0x39AF, 0x18A6, 0x35AE, 0x3E12, 0x3A13, 0x39F2, 0x3DF3, 0x3A13,
    0x6F37, 0x5ED4, 0x777A, 0x562D, 0x6ECE, 0x6EAE, 0x76F1, 0x6F12,
    0x524E, 0x6B35, 0x6B36, 0x6B16, 0x6AF5, 0x66F5, 0x66F5, 0x62D4,
    0x62D4, 0x5A92, 0x5691, 0x6715, 0x6F56, 0x7357, 0x5ED3, 0x5ED4,
    0x1CE5, 0x5EF5, 0x62F5, 0x6B15, 0x62D4, 0x5AB4, 0x5AD4, 0x4E70,
    0x5AD2, 0x6735, 0x5EF4, 0x7736, 0x7169, 0x74A1, 0x7C81, 0x7861,
    0x6C80, 0x78A1, 0x7CA0, 0x78C1, 0x7500, 0x7520, 0x7520, 0x7100,
    0x7100, 0x7500, 0x7500, 0x7500, 0x7100, 0x6944, 0x6E2C, 0x76D1,
    0x5A2F, 0x1843, 0x39AE, 0x292B, 0x18E8, 0x1D0A, 0x1CEA, 0x18C7,
    0x5293, 0x5EF4, 0x5EF5, 0x4E73, 0x56B5, 0x5EF6, 0x6718, 0x5AD6,
    0x1CE8, 0x2109, 0x39F0, 0x39CE, 0x35AC, 0x39AD, 0x5273, 0x5273,
    0x5693, 0x5693, 0x5673, 0x5673, 0x5673, 0x5673, 0x5673, 0x5693,
    0x5693, 0x5693, 0x5673, 0x5673, 0x5673, 0x5273, 0x5273, 0x5273,
    0x5274, 0x5273, 0x5693, 0x5273, 0x5273, 0x5274, 0x5674, 0x5273,
    0x5273, 0x5273, 0x5253, 0x5273, 0x5272, 0x5A90, 0x7354, 0x66CF,
    0x6F12, 0x62B2, 0x5672, 0x5272, 0x4A76, 0x4F3B, 0x32B8, 0x26B7,
    0x2ED6, 0x32D3, 0x32EE, 0x2EC8, 0x36C5, 0x3EC2, 0x3A60, 0x3A40,
    0x3E40, 0x3E60, 0x4681, 0x4AA3, 0x4A82, 0x4660, 0x4EA3, 0x4A87,
    0x35C7, 0x1483, 0x1063, 0x1044, 0x1044, 0x1464, 0x1063, 0x1484,
    0x18A5, 0x1CA6, 0x1043, 0x18A5, 0x4610, 0x5273, 0x5251, 0x4A30,
    0x4A30, 0x5ED4, 0x5ED4, 0x6B37, 0x6F36, 0x7378, 0x5ED3, 0x7779,
    0x7B9A, 0x7B99, 0x7B99, 0x77BA, 0x77BA, 0x7BBB, 0x779A, 0x7BBB,
    0x7BBB, 0x779A, 0x77BA, 0x7799, 0x7799, 0x7399, 0x7399, 0x7399,
    0x7399, 0x6F59, 0x62F7, 0x4E52, 0x5275, 0x5696, 0x5A97, 0x5696,
    0x4A34, 0x3DD1, 0x2D4D, 0x252C, 0x3E13, 0x39F2, 0x39F3, 0x39F2,
    0x39B1, 0x41D2, 0x41B2, 0x49D2, 0x394B, 0x3586, 0x29C3, 0x29E2,
    0x3A61, 0x3E80, 0x3A80, 0x3AA0, 0x3A80, 0x3A80, 0x42E0, 0x3EA0,
    0x3EA0, 0x3AC0, 0x3AA0, 0x3F03, 0x3F23, 0x4346, 0x4347, 0x4B4A,
    0x576F, 0x6BB6, 0x7BFB, 0x7FFC, 0x7FFE, 0x779C, 0x420F, 0x7FFE,
    0x7FFE, 0x7FFF, 0x7BBD, 0x3590, 0x31B1, 0x31B1, 0x31B2, 0x294F,
    0x250C, 0x24EA, 0x24E8, 0x20A6, 0x24E8, 0x20C7, 0x3DF0, 0x3DF2,
    0x3E13, 0x3E13, 0x39F2, 0x39F2, 0x35D1, 0x2D8F, 0x296C, 0x254C,
    0x24EA, 0x20C7, 0x294B, 0x35D1, 0x39F2, 0x3E13, 0x3E13, 0x3A13,
    0x6F57, 0x5AD5, 0x7B9C, 0x49EB, 0x6AAE, 0x6ED0, 0x72F2, 0x6AF2,
    0x62D2, 0x62F3, 0x7398, 0x6F36, 0x6B16, 0x6715, 0x66F4, 0x66F5,
    0x62F4, 0x62F4, 0x5691, 0x6B34, 0x6714, 0x7379, 0x62F5, 0x6716,
    0x39AB, 0x62F4, 0x5ED3, 0x6F57, 0x5ED4, 0x56B3, 0x6316, 0x4E70,
    0x5AB2, 0x6314, 0x6715, 0x6E4F, 0x7800, 0x7C00, 0x7420, 0x7C00,
    0x7800, 0x7800, 0x7800, 0x7880, 0x7C80, 0x78C0, 0x7900, 0x7100,
    0x78E0, 0x7500, 0x6D00, 0x6920, 0x6940, 0x7140, 0x6D20, 0x6D63,
    0x5D23, 0x38A2, 0x2065, 0x1866, 0x1487, 0x10A8, 0x1087, 0x1086,
    0x1463, 0x1062, 0x10A4, 0x14C6, 0x18C6, 0x18C5, 0x18C6, 0x18A5,
    0x1065, 0x18A7, 0x20E9, 0x2928, 0x5ED5, 0x5ED5, 0x6316, 0x5693,
    0x5693, 0x5694, 0x5693, 0x5693, 0x5673, 0x5693, 0x5693, 0x5693,
    0x5693, 0x5693, 0x5673, 0x5673, 0x5673, 0x5673, 0x5673, 0x5273,
    0x5273, 0x5273, 0x5273, 0x5273, 0x5273, 0x5273, 0x5674, 0x5673,
    0x5272, 0x5273, 0x5654, 0x5652, 0x5A70, 0x6F32, 0x6F10, 0x5E8D,
    0x6F34, 0x5671, 0x4E73, 0x4694, 0x473B, 0x3F1D, 0x26D8, 0x26B4,
    0x2EB2, 0x328D, 0x3687, 0x36A4, 0x3AA3, 0x3A60, 0x3E40, 0x3E20,
    0x3E20, 0x3E20, 0x4660, 0x4641, 0x35C2, 0x3E0A, 0x35A7, 0x31A4,
    0x4A2D, 0x56B2, 0x5271, 0x5272, 0x4E52, 0x4E51, 0x4A30, 0x4610,
    0x4A10, 0x460F, 0x460F, 0x41EF, 0x5273, 0x5272, 0x5251, 0x4E51,
    0x4A30, 0x5672, 0x6717, 0x66F5, 0x7358, 0x7357, 0x7357, 0x5AB2,
    0x6B36, 0x5AB4, 0x5694, 0x4632, 0x35F1, 0x2D8F, 0x254E, 0x210D,
    0x212E, 0x212F, 0x212D, 0x31D1, 0x254E, 0x214F, 0x214F, 0x214F,
    0x214F, 0x214E, 0x254F, 0x1D0E, 0x14CB, 0x18CB, 0x35B1, 0x14A9,
    0x14A9, 0x14AA, 0x14AB, 0x14AB, 0x148C, 0x18CD, 0x18CE, 0x14AE,
    0x1C6C, 0x3D91, 0x3D6F, 0x3088, 0x3464, 0x2481, 0x2164, 0x25A2,
    0x3242, 0x2E00, 0x3A80, 0x3AA0, 0x3EC0, 0x3A80, 0x3EC0, 0x42E0,
    0x42E0, 0x3EC1, 0x3681, 0x2E60, 0x2E60, 0x3F02, 0x3AE1, 0x4B47,
    0x536B, 0x5B8E, 0x5F6F, 0x6FB5, 0x77D9, 0x6F79, 0x316A, 0x7B9B,
    0x7BBB, 0x7BDB, 0x77BC, 0x358F, 0x2DB0, 0x2D91, 0x3592, 0x292E,
    0x210C, 0x250B, 0x24E9, 0x20C7, 0x24E8, 0x20C8, 0x3DF1, 0x3DF3,
    0x3E13, 0x3E13, 0x3DF3, 0x3E13, 0x3E13, 0x3E13, 0x3A11, 0x3DF1,
    0x316E, 0x24E8, 0x252A, 0x252C, 0x212C, 0x294E, 0x318F, 0x35D1,
    0x7379, 0x62F6, 0x779A, 0x45EB, 0x72F0, 0x72F2, 0x7333, 0x7335,
    0x6F36, 0x6715, 0x6B37, 0x6F38, 0x62F7, 0x5EF7, 0x5EF8, 0x5AD7,
    0x56B6, 0x5ED7, 0x56B5, 0x6B39, 0x6B59, 0x739B, 0x5EF5, 0x5AB4,
    0x5671, 0x6F57, 0x5EF2, 0x6734, 0x4A4F, 0x4A2F, 0x41ED, 0x4E4F,
    0x5690, 0x5ED3, 0x6AB3, 0x58A4, 0x7800, 0x7C00, 0x7C00, 0x7C00,
    0x7C01, 0x7C01, 0x7C00, 0x7800, 0x7C00, 0x7C81, 0x70C1, 0x64C0,
    0x6902, 0x6587, 0x5D86, 0x6140, 0x6560, 0x6D80, 0x6D60, 0x7140,
    0x6D20, 0x6D64, 0x40A1, 0x1C23, 0x1045, 0x0C65, 0x0C65, 0x1065,
    0x1464, 0x1462, 0x1061, 0x0C63, 0x0C63, 0x1043, 0x1042, 0x1042,
    0x1042, 0x1463, 0x4A31, 0x4E51, 0x5271, 0x5272, 0x5272, 0x5693,
    0x5A94, 0x5693, 0x5673, 0x5673, 0x5693, 0x5694, 0x5694, 0x5673,
    0x5673, 0x5673, 0x5273, 0x5273, 0x5673, 0x5673, 0x5273, 0x5273,
    0x5693, 0x5694, 0x5274, 0x5274, 0x5273, 0x5273, 0x5274, 0x5273,
    0x5272, 0x5273, 0x5253, 0x5671, 0x66F1, 0x7752, 0x5E8C, 0x7354,
    0x5A90, 0x4E73, 0x4296, 0x4B3C, 0x26D9, 0x22B8, 0x1E74, 0x2EB0,
    0x2A68, 0x2A43, 0x2A22, 0x3622, 0x3602, 0x2DA0, 0x3184, 0x2923,
    0x3585, 0x3DC5, 0x39C0, 0x3DE0, 0x5ACF, 0x7BDA, 0x77BC, 0x739A,
    0x7399, 0x5271, 0x5AB3, 0x5693, 0x5693, 0x5673, 0x5672, 0x5693,
    0x5693, 0x5672, 0x5672, 0x5272, 0x4E51, 0x5252, 0x5251, 0x4E51,
    0x4A30, 0x4A30, 0x5ED4, 0x66F6, 0x5ED4, 0x7758, 0x7357, 0x66F4,
    0x5ED4, 0x4E73, 0x1CEA, 0x1D2E, 0x192F, 0x1930, 0x192F, 0x1930,
    0x14EE, 0x150F, 0x1951, 0x573D, 0x3E57, 0x1511, 0x1931, 0x1930,
    0x192F, 0x1930, 0x1931, 0x1910, 0x1910, 0x10CD, 0x10AC, 0x0CAB,
    0x10AA, 0x108A, 0x108B, 0x10AC, 0x14AD, 0x14AD, 0x14AE, 0x14AF,
    0x148C, 0x356F, 0x28C9, 0x2084, 0x2C84, 0x2884, 0x1884, 0x14C2,
    0x1920, 0x29C1, 0x29E0, 0x3240, 0x3660, 0x3A80, 0x3A60, 0x3A80,
    0x3A80, 0x3EC1, 0x3EE3, 0x4322, 0x36C0, 0x3AC0, 0x4742, 0x4B45,
    0x4325, 0x4B69, 0x57AD, 0x63D0, 0x67B3, 0x5F33, 0x1CC2, 0x6F15,
    0x7B35, 0x72F4, 0x7318, 0x356E, 0x3191, 0x2D91, 0x3592, 0x290E,
    0x210C, 0x250B, 0x24E9, 0x1CA7, 0x2509, 0x20C8, 0x3DF1, 0x39F2,
    0x39F3, 0x39F3, 0x39F3, 0x39F3, 0x3DF3, 0x3E14, 0x3E13, 0x3E13,
    0x39B1, 0x18A6, 0x31AD, 0x39F1, 0x31B0, 0x2D6F, 0x252C, 0x210B,
    0x77BC, 0x5AD6, 0x739B, 0x5691, 0x6F14, 0x6AD4, 0x6B15, 0x6B16,
    0x6B39, 0x4E94, 0x4232, 0x4676, 0x4298, 0x46DA, 0x4ADB, 0x46BB,
    0x4ABB, 0x4ADB, 0x4ADA, 0x4ADA, 0x3A56, 0x4ED7, 0x5AF9, 0x4A52,
    0x4E51, 0x6B15, 0x62F2, 0x6734, 0x5AB1, 0x62D4, 0x62F5, 0x6715,
    0x6B35, 0x6B37, 0x72F5, 0x4C00, 0x6800, 0x7C00, 0x7C00, 0x7400,
    0x7400, 0x7800, 0x7C00, 0x7C00, 0x7C00, 0x7083, 0x7291, 0x7777,
    0x7BBA, 0x7FDB, 0x7BBA, 0x7756, 0x728C, 0x71C1, 0x71C0, 0x6D80,
    0x6D60, 0x7160, 0x7160, 0x5964, 0x5A0D, 0x41AC, 0x358B, 0x316B,
    0x3DCD, 0x460E, 0x5691, 0x4E50, 0x4E51, 0x4E52, 0x5272, 0x5A92,
    0x5AB2, 0x5AB1, 0x6B35, 0x5EB3, 0x5692, 0x5692, 0x5693, 0x5693,
    0x5694, 0x5693, 0x5694, 0x5694, 0x5694, 0x5693, 0x5693, 0x5273,
    0x5273, 0x5673, 0x5673, 0x5673, 0x5673, 0x5694, 0x5673, 0x5673,
    0x5273, 0x5273, 0x5274, 0x5274, 0x5273, 0x5273, 0x4E52, 0x4E73,
    0x4E73, 0x5273, 0x5251, 0x5ED1, 0x7B94, 0x6ACF, 0x7754, 0x62F2,
    0x4670, 0x42B6, 0x4F7E, 0x3B1D, 0x22BB, 0x2AB8, 0x32D5, 0x222A,
    0x2E44, 0x3222, 0x3E26, 0x4A4A, 0x6734, 0x5EB2, 0x5A93, 0x5A73,
    0x4A10, 0x6F19, 0x5AB3, 0x7797, 0x7BDA, 0x5692, 0x7FFE, 0x7FFE,
    0x739A, 0x6B59, 0x5272, 0x5273, 0x5673, 0x5273, 0x5673, 0x5672,
    0x5672, 0x5272, 0x5272, 0x4E51, 0x4E51, 0x4E30, 0x4E51, 0x4E31,
    0x4E51, 0x4E51, 0x5AB3, 0x5AB4, 0x5A93, 0x6B16, 0x6F36, 0x62D3,
    0x460D, 0x6317, 0x4A53, 0x18EC, 0x150F, 0x190F, 0x1D0F, 0x1D0E,
    0x150D, 0x10CC, 0x25B2, 0x575D, 0x637E, 0x2990, 0x212D, 0x252C,
    0x252B, 0x212C, 0x252D, 0x252D, 0x250D, 0x20ED, 0x148B, 0x1CED,
    0x1D0B, 0x210B, 0x18CA, 0x14AB, 0x1CED, 0x18EE, 0x18CE, 0x14EE,
    0x10EC, 0x2D0D, 0x2C87, 0x2084, 0x3063, 0x4844, 0x4444, 0x3464,
    0x2082, 0x1CC1, 0x2182, 0x29E3, 0x3221, 0x3620, 0x3A41, 0x3A42,
    0x3E80, 0x3EA0, 0x3AC0, 0x3AC0, 0x3EE0, 0x4300, 0x3EE0, 0x4744,
    0x4B67, 0x538B, 0x3F27, 0x4B6B, 0x5FB1, 0x6BD4, 0x52AD, 0x6F12,
    0x72D0, 0x7AB1, 0x6EB5, 0x396E, 0x3191, 0x2D91, 0x3192, 0x250E,
    0x250D, 0x250C, 0x24EA, 0x1CA8, 0x250A, 0x1CE9, 0x3DF2, 0x3DF3,
    0x3DF3, 0x39F3, 0x39F4, 0x3E14, 0x39F3, 0x3E14, 0x3A13, 0x3DF3,
    0x3DD2, 0x1CA7, 0x35CE, 0x3E12, 0x3E13, 0x3DF2, 0x3DD2, 0x35D0,
    0x4A96, 0x4ADA, 0x5B3C, 0x5B3B, 0x5B1A, 0x4699, 0x4277, 0x4AB7,
    0x571A, 0x573B, 0x4EDA, 0x3E78, 0x2E37, 0x2A38, 0x2638, 0x2638,
    0x2619, 0x2618, 0x2639, 0x1DD6, 0x2E7A, 0x3E99, 0x4298, 0x4676,
    0x4E73, 0x5ED4, 0x5ED2, 0x6B34, 0x6714, 0x6F36, 0x7778, 0x7B99,
    0x7778, 0x7799, 0x6F16, 0x4107, 0x4800, 0x58E5, 0x696A, 0x618B,
    0x660D, 0x696A, 0x6C00, 0x7C00, 0x7C00, 0x6927, 0x7BDB, 0x7BFD,
    0x7BFE, 0x7BFF, 0x77DD, 0x77BB, 0x7FD9, 0x72ED, 0x65E1, 0x6DC0,
    0x6180, 0x6D80, 0x7180, 0x6961, 0x6E0A, 0x6A6E, 0x5E70, 0x62B4,
    0x66F6, 0x5ED4, 0x5692, 0x5250, 0x5251, 0x5272, 0x5271, 0x5670,
    0x5ED3, 0x6F36, 0x5EB2, 0x5672, 0x5A93, 0x5693, 0x5693, 0x5673,
    0x5693, 0x5693, 0x5694, 0x5694, 0x5693, 0x5273, 0x5693, 0x5273,
    0x5273, 0x5674, 0x5674, 0x5673, 0x5694, 0x5694, 0x5673, 0x5273,
    0x5693, 0x5273, 0x5274, 0x5274, 0x5273, 0x5273, 0x4E72, 0x4E53,
    0x5274, 0x5272, 0x5EB0, 0x7773, 0x6AEE, 0x7331, 0x6B13, 0x4A52,
    0x4296, 0x36D8, 0x331B, 0x1EB9, 0x2298, 0x2A95, 0x2E70, 0x2E6A,
    0x2A03, 0x39E8, 0x62D3, 0x4E0F, 0x4E30, 0x735B, 0x5E75, 0x5E74,
    0x66D7, 0x66F7, 0x5EB5, 0x7BDD, 0x7FBB, 0x77BC, 0x7FFF, 0x7BBD,
    0x5ED6, 0x4610, 0x5A95, 0x5694, 0x5A95, 0x5EB5, 0x5AB4, 0x5A93,
    0x5693, 0x5693, 0x5A93, 0x5693, 0x5693, 0x5272, 0x5673, 0x5252,
    0x4E51, 0x4A2F, 0x5271, 0x460E, 0x45EE, 0x4E2F, 0x6B16, 0x6B35,
    0x62D3, 0x41ED, 0x6B58, 0x4A30, 0x420F, 0x4E71, 0x5AD4, 0x6717,
    0x6739, 0x6739, 0x4693, 0x52F6, 0x6779, 0x739A, 0x7399, 0x77BA,
    0x779A, 0x77BA, 0x7BBB, 0x7BBB, 0x7BBC, 0x737B, 0x314B, 0x6B5A,
    0x6318, 0x4632, 0x2D6C, 0x254C, 0x4234, 0x39F3, 0x254F, 0x190F,
    0x150F, 0x310F, 0x3088, 0x2484, 0x3C64, 0x6065, 0x6864, 0x5464,
    0x4486, 0x59F0, 0x456B, 0x45AC, 0x4E2F, 0x5650, 0x62D1, 0x6B33,
    0x5AEF, 0x4265, 0x3EA2, 0x3EE0, 0x3AC0, 0x3F01, 0x3B01, 0x36E1,
    0x3F05, 0x4327, 0x4F8B, 0x57AC, 0x4F6A, 0x5BAD, 0x67AF, 0x73B2,
    0x66CD, 0x72B1, 0x6A94, 0x3D6F, 0x3591, 0x2D92, 0x31B3, 0x252F,
    0x252E, 0x250D, 0x24EB, 0x20C9, 0x250B, 0x20E9, 0x3DF2, 0x39F2,
    0x39F3, 0x39F4, 0x39F4, 0x39F3, 0x3A13, 0x3A14, 0x3E13, 0x3E13,
    0x3DD3, 0x1CA8, 0x35CE, 0x3E12, 0x3E14, 0x39F3, 0x39F3, 0x39F2,
    0x2DF5, 0x25F7, 0x2218, 0x1E17, 0x1DF8, 0x21FA, 0x21D7, 0x21B4,
    0x25B4, 0x2193, 0x29B3, 0x31D5, 0x35F6, 0x1D93, 0x1973, 0x1974,
    0x1DB5, 0x1DB6, 0x21D6, 0x1996, 0x2618, 0x29F8, 0x3E9A, 0x4EDB,
    0x4674, 0x5EF6, 0x7357, 0x7B78, 0x7B77, 0x7B78, 0x7778, 0x7778,
    0x7777, 0x7378, 0x6737, 0x4A30, 0x418B, 0x7778, 0x7BDB, 0x7FFD,
    0x7BFC, 0x7B9A, 0x596A, 0x6C00, 0x7C00, 0x6528, 0x7BBB, 0x7BFE,
    0x7FFE, 0x7FFD, 0x6737, 0x6338, 0x7FFD, 0x7FD9, 0x6EEF, 0x6A22,
    0x6DE0, 0x6DC0, 0x6DA0, 0x6960, 0x6D40, 0x71A5, 0x726F, 0x6A92,
    0x5A71, 0x4E71, 0x4E72, 0x5273, 0x5273, 0x5271, 0x5ED3, 0x6715,
    0x62F4, 0x5692, 0x5A93, 0x5693, 0x5694, 0x5273, 0x5694, 0x5293,
    0x5273, 0x5273, 0x5693, 0x5694, 0x5693, 0x5273, 0x5693, 0x5693,
    0x5673, 0x5674, 0x5273, 0x5273, 0x5273, 0x5673, 0x5673, 0x5673,
    0x5273, 0x5273, 0x5274, 0x5274, 0x5273, 0x5273, 0x5272, 0x5274,
    0x5655, 0x5A71, 0x7332, 0x772F, 0x6EEE, 0x7751, 0x568F, 0x4275,
    0x329A, 0x1A57, 0x22D8, 0x1AB5, 0x1E8F, 0x264E, 0x3A6A, 0x2DC2,
    0x464A, 0x4E2E, 0x6F19, 0x62D6, 0x66B6, 0x5632, 0x6AF7, 0x5231,
    0x5A73, 0x62F5, 0x6B37, 0x737A, 0x7BBD, 0x7BBD, 0x6F5A, 0x5674,
    0x5AD6, 0x5AB5, 0x5253, 0x5273, 0x5273, 0x5272, 0x5272, 0x5672,
    0x5272, 0x5272, 0x5272, 0x5272, 0x5272, 0x5252, 0x5252, 0x5251,
    0x4E51, 0x4E50, 0x4A30, 0x4E51, 0x5ED5, 0x62F5, 0x66F5, 0x6F36,
    0x6F35, 0x62D3, 0x5EB2, 0x7778, 0x7B98, 0x7FB9, 0x7BB9, 0x7B9A,
    0x77BB, 0x739A, 0x56D4, 0x7BDC, 0x7FDC, 0x62F4, 0x6715, 0x6316,
    0x62F6, 0x6317, 0x6717, 0x62F7, 0x6717, 0x5EF7, 0x296C, 0x633A,
    0x6739, 0x5ED7, 0x35AE, 0x252B, 0x4633, 0x4213, 0x39F3, 0x1D10,
    0x14F0, 0x2910, 0x2CEB, 0x20A5, 0x2C83, 0x4863, 0x5042, 0x4463,
    0x3864, 0x5DF0, 0x7295, 0x7AD6, 0x7F5A, 0x6ED6, 0x55F0, 0x771A,
    0x7F9C, 0x6715, 0x4226, 0x3EA3, 0x36A0, 0x3F02, 0x3AE2, 0x3AE3,
    0x4305, 0x4306, 0x3AC2, 0x4B47, 0x4B67, 0x4F88, 0x57AB, 0x5F8D,
    0x6FB1, 0x6AD0, 0x6293, 0x396F, 0x3592, 0x3192, 0x3192, 0x252F,
    0x252E, 0x252D, 0x24EC, 0x20CA, 0x250B, 0x1CE9, 0x3DF2, 0x3DF2,
    0x39F3, 0x39F3, 0x39F3, 0x3A13, 0x3E14, 0x3E14, 0x3E13, 0x3E13,
    0x3DD2, 0x18A8, 0x35AE, 0x3E13, 0x3A14, 0x39F3, 0x39F3, 0x3A13,
    0x1510, 0x0CCF, 0x0CCD, 0x0CAB, 0x0CAB, 0x108B, 0x108A, 0x1089,
    0x14AB, 0x0C8B, 0x0C8C, 0x0CAC, 0x088A, 0x10EC, 0x10EC, 0x10CC,
    0x10CD, 0x0CAD, 0x08AE, 0x008E, 0x1974, 0x3A5B, 0x2E18, 0x46BB,
    0x4A98, 0x4EB6, 0x6B79, 0x7757, 0x7757, 0x7756, 0x7336, 0x7356,
    0x6F36, 0x6F57, 0x62D5, 0x6717, 0x5A93, 0x7FFD, 0x7FFF, 0x7FFF,
    0x7FFF, 0x7FDE, 0x7737, 0x6128, 0x6C00, 0x6107, 0x7B9A, 0x7FFE,
    0x7FFE, 0x7FFE, 0x7BDB, 0x77DB, 0x7FFF, 0x7FFD, 0x7FD6, 0x772B,
    0x76E7, 0x7684, 0x7601, 0x71C0, 0x71A0, 0x6D80, 0x6962, 0x6A0B,
    0x5E50, 0x5293, 0x4EB4, 0x4E94, 0x5ED5, 0x6B36, 0x62F4, 0x5692,
    0x5692, 0x5693, 0x5694, 0x5694, 0x5694, 0x5694, 0x5694, 0x5694,
    0x5673, 0x5673, 0x5674, 0x5273, 0x5273, 0x5674, 0x5674, 0x5273,
    0x5674, 0x5273, 0x5273, 0x5273, 0x5273, 0x5673, 0x5693, 0x5273,
    0x5273, 0x5273, 0x5273, 0x5274, 0x5274, 0x4E73, 0x5273, 0x5273,
    0x5671, 0x6AD2, 0x7B53, 0x66CD, 0x7752, 0x62F0, 0x4672, 0x3278,
    0x2ABC, 0x1A57, 0x2A74, 0x366D, 0x3E25, 0x4621, 0x4A21, 0x5645,
    0x5E8F, 0x418C, 0x5231, 0x5211, 0x5E94, 0x66D6, 0x62B5, 0x66F6,
    0x6F39, 0x7359, 0x62D4, 0x737A, 0x737C, 0x41F1, 0x292B, 0x2D2B,
    0x314C, 0x6B5A, 0x3DCF, 0x5694, 0x5273, 0x5673, 0x5272, 0x5252,
    0x5273, 0x5273, 0x5272, 0x5252, 0x5273, 0x5272, 0x5252, 0x5272,
    0x5272, 0x5251, 0x4A30, 0x4A30, 0x5A93, 0x6B17, 0x62D4, 0x6B36,
    0x6F36, 0x7777, 0x66F4, 0x5AB3, 0x5AD3, 0x4E71, 0x4A51, 0x3DD0,
    0x31AF, 0x296D, 0x420E, 0x77BA, 0x7FFC, 0x316B, 0x250B, 0x210D,
    0x210D, 0x1D0D, 0x212E, 0x212D, 0x1D0C, 0x190E, 0x0CCD, 0x192E,
    0x190C, 0x1D0D, 0x10CC, 0x10AC, 0x1D0E, 0x190E, 0x190F, 0x1110,
    0x1110, 0x2131, 0x18EC, 0x14A6, 0x1CA4, 0x2C84, 0x4064, 0x4C43,
    0x4C42, 0x65AD, 0x7274, 0x76D8, 0x7F7C, 0x6273, 0x6693, 0x7718,
    0x7F9C, 0x7B7B, 0x5671, 0x3E47, 0x3EA6, 0x32A1, 0x3B03, 0x3F05,
    0x4306, 0x4728, 0x4728, 0x4727, 0x3F25, 0x4B67, 0x4F89, 0x4F6A,
    0x5B8E, 0x6B93, 0x52B0, 0x358E, 0x3193, 0x3594, 0x3191, 0x252E,
    0x292E, 0x250C, 0x250B, 0x1CE9, 0x252C, 0x20EA, 0x3DF2, 0x3DF3,
    0x39F3, 0x3A14, 0x3A14, 0x3A13, 0x3E13, 0x3E14, 0x3E14, 0x4214,
    0x3DD1, 0x18C7, 0x35AF, 0x3E12, 0x3A14, 0x3A13, 0x3E13, 0x3A14,
    0x0C8D, 0x108B, 0x1089, 0x1489, 0x148A, 0x148A, 0x148A, 0x148A,
    0x18CC, 0x14AC, 0x10CC, 0x10ED, 0x192D, 0x3A54, 0x3E34, 0x3E34,
    0x39F3, 0x31B1, 0x1D2F, 0x0CAD, 0x10CF, 0x3A5A, 0x3A79, 0x3E78,
    0x52B9, 0x4A96, 0x5AD6, 0x7358, 0x7356, 0x7757, 0x7356, 0x6F56,
    0x6F56, 0x6F57, 0x62D3, 0x7357, 0x6F57, 0x7BDC, 0x7FFE, 0x7FFF,
    0x7FFF, 0x7FFF, 0x7FFD, 0x5A4F, 0x4CA5, 0x72D5, 0x7FFE, 0x7FFE,
    0x7FFE, 0x7FFE, 0x7FFE, 0x7FFE, 0x7FFF, 0x7FFD, 0x7BD6, 0x7B8D,
    0x7B2A, 0x76C7, 0x7664, 0x7644, 0x7623, 0x7A02, 0x7580, 0x71A5,
    0x6E2D, 0x5A71, 0x4E74, 0x5293, 0x5692, 0x5692, 0x5A93, 0x5693,
    0x5693, 0x5293, 0x5294, 0x5294, 0x5293, 0x5694, 0x5693, 0x5693,
    0x5673, 0x5693, 0x5693, 0x5273, 0x5693, 0x5693, 0x5693, 0x5693,
    0x5694, 0x5274, 0x5273, 0x5273, 0x5273, 0x5273, 0x5273, 0x5273,
    0x5273, 0x5273, 0x5273, 0x5273, 0x5273, 0x5273, 0x5253, 0x5672,
    0x5A90, 0x7754, 0x6AEE, 0x6F10, 0x6F53, 0x4651, 0x3A96, 0x1A55,
    0x1E98, 0x1E13, 0x3E6C, 0x5EE4, 0x7360, 0x7780, 0x7B80, 0x7727,
    0x7311, 0x5632, 0x310B, 0x3D8D, 0x4E11, 0x5A73, 0x6F39, 0x6717,
    0x6F38, 0x66F6, 0x5EB4, 0x779C, 0x3DD0, 0x1CAA, 0x1CAA, 0x2D2D,
    0x314C, 0x5274, 0x4631, 0x4E52, 0x5273, 0x5273, 0x5673, 0x5673,
    0x5673, 0x5273, 0x5273, 0x5272, 0x5272, 0x5272, 0x5272, 0x5672,
    0x5672, 0x5251, 0x4E50, 0x4E30, 0x4A0F, 0x5AB4, 0x62F5, 0x5ED3,
    0x6F56, 0x6F35, 0x7357, 0x4A0E, 0x2548, 0x35AB, 0x2D6A, 0x294A,
    0x292B, 0x294A, 0x6735, 0x7BD8, 0x7FFA, 0x462D, 0x39CD, 0x4210,
    0x4630, 0x4630, 0x4A32, 0x4A32, 0x4A52, 0x4212, 0x212D, 0x4211,
    0x4210, 0x3DD0, 0x292C, 0x18C9, 0x252B, 0x210A, 0x1D0B, 0x190D,
    0x18EE, 0x18EE, 0x14AA, 0x18A7, 0x1CA6, 0x2084, 0x3483, 0x5865,
    0x6845, 0x6487, 0x6DAF, 0x76B7, 0x7F3A, 0x72F8, 0x6AB6, 0x7B3A,
    0x7F5B, 0x7B7C, 0x62D5, 0x2563, 0x3643, 0x36A3, 0x36E2, 0x3F04,
    0x3AC2, 0x3EE3, 0x4305, 0x4305, 0x4747, 0x4B47, 0x4F6A, 0x4F6B,
    0x578D, 0x67D2, 0x6393, 0x2DCB, 0x2D91, 0x3193, 0x3193, 0x252F,
    0x292F, 0x250D, 0x250C, 0x1CC9, 0x252C, 0x20EA, 0x3DF2, 0x3DF3,
    0x39F3, 0x3E14, 0x39F4, 0x3E14, 0x3E14, 0x4215, 0x3E14, 0x4214,
    0x3DD1, 0x18A7, 0x35AF, 0x3E12, 0x3A14, 0x39F3, 0x3DF3, 0x39F3,
    0x188B, 0x1888, 0x1887, 0x1888, 0x1889, 0x148A, 0x148A, 0x14AB,
    0x14AB, 0x14AB, 0x14CC, 0x10EC, 0x10EB, 0x150B, 0x10C9, 0x1087,
    0x1486, 0x1486, 0x1488, 0x108B, 0x0C8C, 0x31F6, 0x46DB, 0x3635,
    0x52B9, 0x4A76, 0x4E53, 0x66F6, 0x6F36, 0x6F35, 0x6B35, 0x6F55,
    0x6B35, 0x6B15, 0x66F3, 0x6F35, 0x6F56, 0x7FFC, 0x7FFE, 0x7FFF,
    0x7FFE, 0x7FFE, 0x7BFD, 0x3DEC, 0x3D6A, 0x77BC, 0x77FE, 0x7FFE,
    0x7FFE, 0x7FFE, 0x7FFE, 0x7FFF, 0x7FFF, 0x7FFC, 0x7FD5, 0x776D,
    0x772A, 0x76E7, 0x7684, 0x7664, 0x7645, 0x7625, 0x75E3, 0x7580,
    0x7185, 0x6A0E, 0x5E74, 0x5693, 0x5292, 0x5293, 0x5293, 0x5293,
    0x5293, 0x5294, 0x5294, 0x5294, 0x5293, 0x5272, 0x5293, 0x5293,
    0x5272, 0x5273, 0x5273, 0x5273, 0x5273, 0x5273, 0x5273, 0x5273,
    0x5273, 0x5274, 0x5273, 0x4E73, 0x5273, 0x5273, 0x5273, 0x5273,
    0x5273, 0x5273, 0x5273, 0x5273, 0x5273, 0x5273, 0x5273, 0x5672,
    0x6F35, 0x6F11, 0x66CE, 0x7354, 0x5AD1, 0x3213, 0x15F5, 0x1234,
    0x1E51, 0x3A2A, 0x5A84, 0x7720, 0x7B60, 0x7F80, 0x7F80, 0x7B23,
    0x6287, 0x49EB, 0x4A11, 0x6718, 0x4E10, 0x62D6, 0x6717, 0x6F39,
    0x4A30, 0x41CE, 0x779D, 0x4A32, 0x20CA, 0x20CB, 0x20CB, 0x358F,
    0x3DB0, 0x356D, 0x4611, 0x4610, 0x5694, 0x5693, 0x5694, 0x5673,
    0x5693, 0x5673, 0x5673, 0x5272, 0x5673, 0x5673, 0x5272, 0x5672,
    0x5693, 0x5272, 0x5271, 0x5271, 0x4E51, 0x4E30, 0x5A92, 0x5A92,
    0x62D2, 0x6F35, 0x6F36, 0x6F56, 0x462D, 0x4A4D, 0x6B55, 0x6312,
    0x7397, 0x7798, 0x6F55, 0x77B6, 0x7FF8, 0x7BD8, 0x7778, 0x779A,
    0x7BBA, 0x7FDA, 0x7FBB, 0x7FDB, 0x7FDB, 0x737A, 0x3DCE, 0x7FDD,
    0x7FDB, 0x7BBC, 0x6317, 0x460F, 0x77BB, 0x7399, 0x5ED4, 0x5AB5,
    0x5A96, 0x39B1, 0x290C, 0x28EA, 0x1C87, 0x1CA6, 0x20A4, 0x3864,
    0x4864, 0x50E8, 0x6210, 0x72D6, 0x7AF9, 0x76D8, 0x76D8, 0x72D8,
    0x6EB7, 0x7338, 0x4E0D, 0x4225, 0x3E83, 0x3EC2, 0x3AC1, 0x3EE2,
    0x3EC3, 0x3EE2, 0x42E4, 0x4705, 0x42E4, 0x4707, 0x4729, 0x470A,
    0x472A, 0x538C, 0x5FD1, 0x4AEF, 0x1929, 0x190C, 0x1CEE, 0x18AD,
    0x1CCD, 0x1CCC, 0x1CCA, 0x1CA9, 0x250B, 0x1CC9, 0x294D, 0x294E,
    0x254E, 0x294F, 0x294F, 0x294F, 0x294F, 0x294F, 0x294F, 0x2D6F,
    0x2D4D, 0x1CC8, 0x294C, 0x2D8F, 0x2D91, 0x2D6F, 0x3190, 0x3190,
    0x1889, 0x18A7, 0x1CA6, 0x1CA6, 0x1C87, 0x1888, 0x1887, 0x18A7,
    0x1CE9, 0x5EF8, 0x14C9, 0x14CA, 0x10EB, 0x0CCB, 0x10CA, 0x10A7,
    0x14A6, 0x1886, 0x1487, 0x148A, 0x0C6C, 0x2595, 0x46BB, 0x4698,
    0x4634, 0x3E12, 0x5293, 0x62B4, 0x7778, 0x7356, 0x7356, 0x6F34,
    0x6B13, 0x6B13, 0x6F35, 0x6F35, 0x6F56, 0x7FFC, 0x7FFE, 0x7FFE,
    0x7FFE, 0x7FFC, 0x77BA, 0x3147, 0x30E7, 0x737B, 0x7FFF, 0x7FBD,
    0x7FFC, 0x7FFE, 0x7FFE, 0x7FFE, 0x7FFF, 0x7FFB, 0x7BB2, 0x774C,
    0x7729, 0x76E7, 0x7284, 0x7264, 0x7244, 0x7645, 0x7603, 0x75A0,
    0x7160, 0x71A8, 0x6A4F, 0x5650, 0x4E93, 0x4A74, 0x4E74, 0x4E94,
    0x4E73, 0x4E74, 0x5274, 0x5294, 0x5293, 0x5294, 0x5273, 0x5273,
    0x5273, 0x5273, 0x5294, 0x5294, 0x5294, 0x5273, 0x4E73, 0x4E52,
    0x4E53, 0x4E73, 0x4E74, 0x5294, 0x5294, 0x5294, 0x5694, 0x5694,
    0x5694, 0x5694, 0x5694, 0x5694, 0x5694, 0x5694, 0x5A94, 0x6B17,
    0x7358, 0x66D2, 0x7334, 0x5AD3, 0x4653, 0x11B0, 0x1A57, 0x1E33,
    0x3A28, 0x5E80, 0x7B20, 0x7F60, 0x7F60, 0x7F80, 0x7F80, 0x7B42,
    0x6AC8, 0x7B97, 0x735A, 0x6B39, 0x735A, 0x737B, 0x5693, 0x5251,
    0x5272, 0x6B39, 0x5A95, 0x398E, 0x250B, 0x316E, 0x250B, 0x358F,
    0x398E, 0x316D, 0x41CF, 0x3DAE, 0x5AB5, 0x5694, 0x5694, 0x5693,
    0x5694, 0x5693, 0x5693, 0x5693, 0x5693, 0x5A93, 0x5A93, 0x5673,
    0x5693, 0x5693, 0x5672, 0x5272, 0x5272, 0x5272, 0x5251, 0x5671,
    0x5670, 0x6714, 0x6F56, 0x7356, 0x62F4, 0x2925, 0x7376, 0x7774,
    0x7774, 0x7F77, 0x7B77, 0x7797, 0x7FFA, 0x7BB8, 0x7B78, 0x7357,
    0x7F99, 0x7FB8, 0x7FB9, 0x7FB9, 0x7FB8, 0x7379, 0x41CD, 0x7BDA,
    0x7FB9, 0x7FDB, 0x6B16, 0x4A2E, 0x7FDA, 0x7FB9, 0x7FB9, 0x7FDB,
    0x7BBD, 0x398E, 0x3DB0, 0x398E, 0x20A9, 0x18A7, 0x14C7, 0x1CA6,
    0x2085, 0x49CE, 0x5E53, 0x6AB5, 0x6233, 0x6654, 0x6A55, 0x7B3B,
    0x7318, 0x45CC, 0x45E6, 0x4A64, 0x4682, 0x42C1, 0x3EC2, 0x46E4,
    0x4B06, 0x46E5, 0x4705, 0x4706, 0x3EC4, 0x3EC5, 0x4B29, 0x4F4B,
    0x4F4B, 0x4F8B, 0x57AE, 0x5FB1, 0x4ACF, 0x14C6, 0x18AA, 0x188B,
    0x18AA, 0x18AA, 0x18A9, 0x1CA9, 0x20EB, 0x1CC9, 0x18AA, 0x18CB,
    0x18AB, 0x18AB, 0x1CCB, 0x1CCB, 0x18CB, 0x18CC, 0x18CC, 0x18CB,
    0x20EA, 0x20C9, 0x1CC9, 0x1CEB, 0x18CC, 0x1CCB, 0x1CCB, 0x18CB,
    0x18A8, 0x14A6, 0x18A5, 0x1CA6, 0x1CA6, 0x1CA6, 0x1CA5, 0x18A4,
    0x2508, 0x3DEF, 0x14A6, 0x14A8, 0x14EB, 0x14EC, 0x14EB, 0x14CA,
    0x252C, 0x18C9, 0x10A9, 0x14CC, 0x088C, 0x1D54, 0x429A, 0x4ED9,
    0x3DF1, 0x3E10, 0x5293, 0x5A71, 0x7B99, 0x7B99, 0x7B99, 0x7FB8,
    0x7F98, 0x7FB9, 0x7FB9, 0x7357, 0x6F57, 0x7FFD, 0x7FFE, 0x7FFF,
    0x7FFE, 0x7FFC, 0x7BDA, 0x3568, 0x3D4A, 0x62D6, 0x6B39, 0x7FDD,
    0x7FFB, 0x7FDC, 0x7BFC, 0x7FFE, 0x7FFE, 0x7FFA, 0x7790, 0x774C,
    0x7709, 0x72E6, 0x76A5, 0x7264, 0x7645, 0x7624, 0x7602, 0x75E1,
    0x75A0, 0x7561, 0x760A, 0x6270, 0x4E73, 0x4A74, 0x4A73, 0x4A54,
    0x4653, 0x4632, 0x4A53, 0x4A53, 0x4A53, 0x4A53, 0x4A53, 0x4A53,
    0x4A53, 0x4E53, 0x4E74, 0x5294, 0x5294, 0x4E73, 0x4A53, 0x4A52,
    0x4A52, 0x4A32, 0x4A32, 0x4A52, 0x4A32, 0x4611, 0x4611, 0x41F0,
    0x4610, 0x4610, 0x4210, 0x41F0, 0x41F0, 0x41F0, 0x41D0, 0x45D0,
    0x45EF, 0x4A0F, 0x41EE, 0x3E11, 0x3235, 0x2277, 0x2254, 0x424B,
    0x62A3, 0x72C0, 0x7B20, 0x7B60, 0x7FA0, 0x7FA0, 0x7F80, 0x7B22,
    0x730C, 0x4E0B, 0x4E31, 0x5EF7, 0x6F7A, 0x6B38, 0x5AD5, 0x7BBD,
    0x77BD, 0x5EB6, 0x45F0, 0x1465, 0x20E9, 0x3DD0, 0x3DD0, 0x314D,
    0x356D, 0x356D, 0x3DAF, 0x356C, 0x5694, 0x5674, 0x5694, 0x5AB5,
    0x5AB5, 0x5694, 0x5A94, 0x5673, 0x5694, 0x5252, 0x4A30, 0x4A30,
    0x4E31, 0x4E51, 0x4E51, 0x4E51, 0x5672, 0x5693, 0x5271, 0x5271,
    0x5A91, 0x5EB1, 0x7356, 0x6F35, 0x6F37, 0x45EE, 0x526F, 0x7BB7,
    0x6B12, 0x7B77, 0x7776, 0x7796, 0x7FD7, 0x7FB8, 0x7FB8, 0x7B77,
    0x7F98, 0x7FB9, 0x7FB9, 0x7FB9, 0x7FBA, 0x777A, 0x3DCD, 0x7BDB,
    0x7FBA, 0x7FDC, 0x6B38, 0x4A2F, 0x7FFB, 0x7FDA, 0x7FDA, 0x7FBA,
    0x6718, 0x2D2A, 0x41F0, 0x2D4C, 0x314D, 0x20EB, 0x1CCA, 0x20C9,
    0x1C87, 0x20A6, 0x5632, 0x6ED7, 0x6A95, 0x55D0, 0x6674, 0x7318,
    0x45AB, 0x3983, 0x41E2, 0x4223, 0x4665, 0x3E83, 0x3EA2, 0x46C3,
    0x46C4, 0x42C2, 0x42C4, 0x42E5, 0x46E6, 0x4707, 0x46E8, 0x4B2B,
    0x4F4B, 0x4F6C, 0x578D, 0x63F0, 0x63B2, 0x52D1, 0x18C8, 0x18AA,
    0x18A9, 0x18A9, 0x18A9, 0x1CA9, 0x24EB, 0x1CCA, 0x1CCA, 0x1CCB,
    0x1CCB, 0x1CAB, 0x1CCB, 0x1CCB, 0x1CCB, 0x1CCC, 0x1CCC, 0x1CCB,
    0x24EA, 0x20C8, 0x1CC9, 0x1CEB, 0x1CCC, 0x1CCB, 0x1CCB, 0x1CCC,
    0x14A7, 0x14A7, 0x18A6, 0x18A6, 0x18A7, 0x18A6, 0x18A5, 0x18A5,
    0x1CA5, 0x18A5, 0x18A6, 0x18A7, 0x14A9, 0x10AA, 0x212E, 0x1D0C,
    0x252D, 0x3190, 0x190D, 0x152E, 0x112F, 0x1531, 0x3657, 0x571A,
    0x5295, 0x39EF, 0x41EF, 0x5EB4, 0x7359, 0x7BBB, 0x7B9A, 0x7FBA,
    0x7BBA, 0x7FBB, 0x7FBB, 0x7778, 0x6F37, 0x7FFD, 0x7FFE, 0x7FFE,
    0x7FFD, 0x7FFB, 0x7FFB, 0x4E4F, 0x3149, 0x3DCE, 0x3DEE, 0x6B59,
    0x7FDC, 0x7FFD, 0x7FFD, 0x7FFE, 0x7FFE, 0x7FFB, 0x7BB3, 0x7B6E,
    0x776C, 0x7709, 0x76C6, 0x76A7, 0x7688, 0x7668, 0x7625, 0x75E2,
    0x79A0, 0x7580, 0x6D62, 0x65EB, 0x45CE, 0x35CF, 0x35D0, 0x35D0,
    0x35D0, 0x39D0, 0x39D0, 0x39D0, 0x39D0, 0x39D0, 0x39D0, 0x39D0,
    0x39CF, 0x39CF, 0x39CF, 0x39CF, 0x3DF0, 0x3DD0, 0x39CF, 0x39D0,
    0x39CF, 0x39CF, 0x39AE, 0x39CF, 0x39CF, 0x3DCF, 0x39AE, 0x3DCF,
    0x39CF, 0x39AE, 0x39CF, 0x39AF, 0x39CF, 0x39CF, 0x3DCF, 0x3DAF,
    0x3DAF, 0x3DCF, 0x39D0, 0x2DF2, 0x19D3, 0x2278, 0x3271, 0x5EA7,
    0x7B00, 0x7B20, 0x7B60, 0x7FA0, 0x7BA0, 0x7FA0, 0x7F80, 0x6EE1,
    0x4583, 0x5EB2, 0x7FFD, 0x7FFF, 0x7FFF, 0x77BC, 0x7FDE, 0x7FDE,
    0x4E53, 0x314C, 0x45F1, 0x4E33, 0x1045, 0x20EA, 0x250B, 0x292C,
    0x290B, 0x356D, 0x45F1, 0x356D, 0x4A31, 0x4A32, 0x4A32, 0x4E52,
    0x5253, 0x5273, 0x5273, 0x5673, 0x5693, 0x5A94, 0x5AB4, 0x5693,
    0x5693, 0x5693, 0x5693, 0x5672, 0x5672, 0x5672, 0x5A93, 0x5A93,
    0x5A93, 0x5EB2, 0x66F4, 0x7335, 0x7777, 0x6B15, 0x39A9, 0x526D,
    0x7375, 0x5EB1, 0x4E2C, 0x5ED0, 0x7BB5, 0x7353, 0x7355, 0x7355,
    0x7335, 0x7776, 0x7778, 0x7B99, 0x7FB9, 0x7359, 0x358C, 0x7BBA,
    0x7FB9, 0x7FBB, 0x6B38, 0x462E, 0x7FDA, 0x7BB9, 0x7FBA, 0x7FBB,
    0x5251, 0x314B, 0x4E32, 0x358D, 0x314C, 0x312D, 0x290C, 0x18C9,
    0x14C8, 0x18A7, 0x2909, 0x5653, 0x66B6, 0x51D0, 0x418C, 0x45AC,
    0x3544, 0x2D40, 0x39E0, 0x3E21, 0x3E62, 0x3E83, 0x3EA2, 0x46E3,
    0x46C2, 0x4B04, 0x4B05, 0x42E4, 0x46E6, 0x4707, 0x46E8, 0x470A,
    0x4F4D, 0x4F4C, 0x538B, 0x5BCD, 0x5BAE, 0x362A, 0x18C9, 0x1CAC,
    0x1CAC, 0x1CAB, 0x1CAB, 0x1CCA, 0x250C, 0x1CC9, 0x1CCA, 0x1CCA,
    0x1CCB, 0x20CB, 0x1CCB, 0x1CCB, 0x1CEB, 0x20ED, 0x1CEC, 0x20EB,
    0x24EA, 0x20C8, 0x20C9, 0x1CEB, 0x1CEC, 0x20CB, 0x20CB, 0x1CCB,
    0x18A7, 0x18A7, 0x18A7, 0x18A7, 0x18A8, 0x18A8, 0x14A7, 0x1CA7,
    0x1C87, 0x1CA6, 0x1CA6, 0x1CA7, 0x14A8, 0x14AA, 0x18EC, 0x1CEC,
    0x148A, 0x10AA, 0x1D2E, 0x52F8, 0x4297, 0x192F, 0x3235, 0x5719,
    0x4232, 0x56B5, 0x5294, 0x4A31, 0x5272, 0x4E51, 0x5271, 0x4E51,
    0x5272, 0x4E51, 0x4E30, 0x4A0D, 0x6B15, 0x7FFC, 0x7FFD, 0x7FFD,
    0x7FFC, 0x7FFB, 0x7FDA, 0x4E4F, 0x39AB, 0x18C6, 0x1886, 0x4E32,
    0x7BBD, 0x7FFF, 0x7FFE, 0x7FFE, 0x7FFF, 0x7FFC, 0x7BB4, 0x776F,
    0x774C, 0x770A, 0x76E8, 0x76A8, 0x7689, 0x7648, 0x7606, 0x75A2,
    0x7580, 0x6D60, 0x7161, 0x6DC9, 0x51AD, 0x39CF, 0x39D0, 0x39D0,
    0x39D0, 0x39D0, 0x39D0, 0x39D0, 0x39CF, 0x39D0, 0x39F0, 0x39CF,
    0x39D0, 0x39CF, 0x3DD0, 0x3DD0, 0x3DD0, 0x3DD0, 0x3DD0, 0x3DF0,
    0x3DD0, 0x3DCF, 0x3DD0, 0x3DD0, 0x3DD0, 0x3DD0, 0x3DCF, 0x3DD0,
    0x3DCF, 0x3DD0, 0x3DD0, 0x3DD0, 0x3DD0, 0x3DD0, 0x3DCF, 0x39CF,
    0x39D0, 0x39B1, 0x35D2, 0x21D2, 0x19F4, 0x2AB8, 0x364D, 0x6AC5,
    0x7B20, 0x7B40, 0x7F80, 0x7FA0, 0x7FA0, 0x7F80, 0x7720, 0x5600,
    0x5E91, 0x7FFE, 0x7FFE, 0x7FFF, 0x7FFE, 0x7FFE, 0x7FFF, 0x6F7C,
    0x290C, 0x314D, 0x2D2B, 0x4E54, 0x250A, 0x18A8, 0x20EB, 0x20CA,
    0x290C, 0x2D2C, 0x398F, 0x356D, 0x41F0, 0x41F0, 0x41F0, 0x41F0,
    0x45F0, 0x45F0, 0x45F0, 0x45F0, 0x4A10, 0x4610, 0x4A30, 0x4A31,
    0x4A31, 0x4E51, 0x5252, 0x4E51, 0x5272, 0x5671, 0x5672, 0x5673,
    0x5A93, 0x5A92, 0x5EB3, 0x6F36, 0x6AF5, 0x66F6, 0x39AB, 0x3588,
    0x6B35, 0x7BBA, 0x7798, 0x7BD9, 0x7FD8, 0x7FD9, 0x7FBA, 0x7FDB,
    0x7FBB, 0x7FB9, 0x7FBA, 0x7FDA, 0x7FDA, 0x777A, 0x398B, 0x7BDB,
    0x7FBA, 0x7FBA, 0x6B58, 0x41ED, 0x7FDB, 0x7BBA, 0x7FBA, 0x62D5,
    0x356B, 0x4A11, 0x4A12, 0x356D, 0x41D0, 0x3D8F, 0x24A9, 0x1CC8,
    0x1CA8, 0x1CA7, 0x1CA5, 0x24E7, 0x5A75, 0x310A, 0x28C5, 0x3967,
    0x39A6, 0x39C2, 0x3E20, 0x3E60, 0x42A1, 0x3EA2, 0x3EA2, 0x42C3,
    0x42A2, 0x3EA1, 0x3EC1, 0x3EC2, 0x3EC4, 0x42E7, 0x4B0A, 0x46EB,
    0x4F2D, 0x4F4B, 0x4F6A, 0x4FAA, 0x57AD, 0x3A6A, 0x10A8, 0x188D,
    0x1CAE, 0x1CAD, 0x1CAC, 0x1CAB, 0x24EC, 0x1CC9, 0x18CA, 0x1CCA,
    0x1CCA, 0x1CCA, 0x1CCA, 0x1CCA, 0x1CCA, 0x1CCB, 0x1CCB, 0x20CA,
    0x24E9, 0x20C8, 0x20C8, 0x1CEB, 0x1CEC, 0x1CCB, 0x1CCA, 0x1CCB,
    0x1CA7, 0x1C87, 0x1CA8, 0x18A7, 0x18A6, 0x1CA7, 0x1C88, 0x2087,
    0x1CA6, 0x18A6, 0x18A7, 0x1889, 0x188B, 0x148C, 0x148B, 0x188B,
    0x1C8A, 0x188A, 0x14AA, 0x3E32, 0x4234, 0x150F, 0x2DD4, 0x4AB7,
    0x4652, 0x5293, 0x2108, 0x2D6C, 0x4210, 0x3DCF, 0x3DCE, 0x3DCE,
    0x3DCF, 0x39CF, 0x3DCE, 0x3DCD, 0x62B4, 0x7FDB, 0x7FFB, 0x7FFC,
    0x7FFB, 0x7FDA, 0x7377, 0x460E, 0x2529, 0x14C7, 0x294C, 0x292D,
    0x6B3A, 0x7FDE, 0x7FFE, 0x7FFF, 0x7FFF, 0x7FDB, 0x7773, 0x772C,
    0x72E9, 0x76C9, 0x72A7, 0x7288, 0x7269, 0x71E6, 0x75C4, 0x75A1,
    0x79A1, 0x75A1, 0x7560, 0x7165, 0x59CB, 0x41B0, 0x39D0, 0x39D0,
    0x3DF1, 0x3DEF, 0x3DD0, 0x3DD0, 0x3DCF, 0x3DCF, 0x39CF, 0x39CF,
    0x39CF, 0x39CF, 0x3DCF, 0x3DCF, 0x3DCF, 0x41CF, 0x3DCF, 0x41F0,
    0x3DCF, 0x41EF, 0x41F0, 0x41CF, 0x41CF, 0x41CF, 0x41CF, 0x41CF,
    0x41F0, 0x3DEF, 0x3DCF, 0x3DCF, 0x3DD0, 0x3DCF, 0x3DCF, 0x3DD0,
    0x3DD0, 0x3DB0, 0x31D3, 0x0D72, 0x2679, 0x0DAE, 0x4227, 0x6260,
    0x7700, 0x7F60, 0x7F60, 0x7F80, 0x7F80, 0x7F60, 0x5200, 0x3D44,
    0x777B, 0x7FDE, 0x7FFF, 0x7FFF, 0x7FFE, 0x7FFE, 0x7FFF, 0x4E54,
    0x2D0D, 0x2D2D, 0x292D, 0x316E, 0x39AF, 0x1065, 0x1CA8, 0x292D,
    0x290D, 0x24EB, 0x314C, 0x4A12, 0x3DAE, 0x3DAF, 0x39AF, 0x39AF,
    0x3DD0, 0x41D0, 0x41F0, 0x41F0, 0x41F0, 0x41F0, 0x45F0, 0x45F0,
    0x4610, 0x4610, 0x4A10, 0x4E31, 0x4E31, 0x4E51, 0x4E51, 0x4E51,
    0x5272, 0x5672, 0x5692, 0x6F38, 0x7378, 0x7379, 0x7379, 0x4A30,
    0x5AB3, 0x7BBB, 0x7779, 0x7FDB, 0x7FDB, 0x7FDA, 0x7FDB, 0x7FDA,
    0x7FDA, 0x7FB9, 0x7FBA, 0x7FBB, 0x7FBA, 0x779B, 0x358C, 0x77BB,
    0x7FBA, 0x7FBB, 0x6F58, 0x41EE, 0x7BDC, 0x7BDB, 0x5AD3, 0x62F5,
    0x4A31, 0x41AE, 0x3D8E, 0x2D0A, 0x41D0, 0x41D0, 0x290A, 0x356D,
    0x1CC9, 0x1CA8, 0x18A7, 0x18A6, 0x20C9, 0x1CA6, 0x20E4, 0x3184,
    0x31A2, 0x4244, 0x4282, 0x3E80, 0x3EC1, 0x42C2, 0x3EC3, 0x3EC5,
    0x42C5, 0x4B06, 0x4B05, 0x3EA3, 0x42E5, 0x42E7, 0x46E9, 0x46E9,
    0x4B0A, 0x4B2A, 0x4F69, 0x536B, 0x63D0, 0x6391, 0x1D05, 0x1CAA,
    0x1CAB, 0x1CAA, 0x20AA, 0x20AB, 0x24CC, 0x1CAC, 0x1CCB, 0x1CCA,
    0x1CCA, 0x1CC9, 0x1CC9, 0x20C9, 0x20CA, 0x20CB, 0x1CAB, 0x20CA,
    0x290A, 0x20E8, 0x1CE9, 0x1CEA, 0x1CEB, 0x1CEB, 0x1CCA, 0x1CCB,
    0x14A7, 0x18A7, 0x14A8, 0x14A8, 0x14C7, 0x14A7, 0x1888, 0x18A9,
    0x14A8, 0x10A8, 0x14A8, 0x14AA, 0x14AC, 0x10CE, 0x10ED, 0x14CC,
    0x148A, 0x108A, 0x0CAA, 0x08AA, 0x08CC, 0x1132, 0x25F6, 0x1D4D,
    0x39F0, 0x5294, 0x4211, 0x4232, 0x4231, 0x3DEF, 0x41EF, 0x41CF,
    0x41F0, 0x3DCF, 0x3DEF, 0x3DCD, 0x5671, 0x7FB9, 0x7FFB, 0x7FFB,
    0x7FDA, 0x7BDA, 0x5690, 0x5692, 0x2509, 0x1CC9, 0x14A9, 0x1467,
    0x3DCF, 0x7BBD, 0x7BDD, 0x7BFE, 0x7FFE, 0x7BD9, 0x730F, 0x7287,
    0x6E23, 0x7224, 0x7224, 0x7647, 0x7607, 0x75C5, 0x75C4, 0x75A1,
    0x79A1, 0x75C0, 0x7980, 0x7183, 0x59CB, 0x41D0, 0x3DF1, 0x3DF0,
    0x3DF1, 0x3DEF, 0x3DF0, 0x3DCF, 0x41EF, 0x41EF, 0x3DEF, 0x3DEF,
    0x3DEF, 0x3DEF, 0x41EF, 0x41CF, 0x41CF, 0x45F0, 0x41EF, 0x41EF,
    0x41EF, 0x41F0, 0x41EF, 0x41D0, 0x41D0, 0x41D0, 0x41CF, 0x41CF,
    0x3DEF, 0x41EF, 0x41CF, 0x41F0, 0x41F0, 0x41D0, 0x41D0, 0x3DD0,
    0x3DD1, 0x3DD0, 0x2150, 0x0132, 0x1A38, 0x11AD, 0x4A46, 0x6680,
    0x76E0, 0x7B20, 0x7F60, 0x7B80, 0x7F80, 0x7B40, 0x5E20, 0x34E2,
    0x45F1, 0x5AD7, 0x4611, 0x62F8, 0x7FFF, 0x7FDE, 0x779D, 0x292C,
    0x292E, 0x2D2E, 0x24ED, 0x20CB, 0x41F1, 0x45F1, 0x1CC8, 0x250B,
    0x2D2D, 0x292C, 0x24EA, 0x41D0, 0x41CF, 0x41D0, 0x41D0, 0x41D0,
    0x41D0, 0x41D0, 0x41F0, 0x3DCF, 0x41F0, 0x41EF, 0x41F0, 0x41EF,
    0x41EF, 0x41EF, 0x45EF, 0x41EF, 0x460F, 0x460F, 0x460F, 0x460F,
    0x4A10, 0x4A0F, 0x4A30, 0x5251, 0x5693, 0x5693, 0x5EB5, 0x62F6,
    0x4A30, 0x6716, 0x62F5, 0x6B16, 0x6F37, 0x6F37, 0x6F58, 0x7358,
    0x7378, 0x7378, 0x6F58, 0x7359, 0x779A, 0x6F5A, 0x39AE, 0x77BC,
    0x7FBB, 0x7BBC, 0x6F5A, 0x3DCE, 0x77BC, 0x460F, 0x62F6, 0x7BDD,
    0x5672, 0x3D8D, 0x396C, 0x2D09, 0x4E32, 0x3DAE, 0x2929, 0x4E33,
    0x316D, 0x20E9, 0x1CA8, 0x18A7, 0x1CA8, 0x20E7, 0x2525, 0x31A4,
    0x3E24, 0x46A4, 0x4AE3, 0x46C2, 0x3EA1, 0x42E2, 0x42E3, 0x42C4,
    0x42C3, 0x42C2, 0x3EC3, 0x4706, 0x42E6, 0x42C6, 0x42E8, 0x4B0A,
    0x4F2B, 0x46E9, 0x4F4A, 0x4F4C, 0x4B2C, 0x6FF3, 0x466D, 0x2509,
    0x24EB, 0x1CA9, 0x20C9, 0x20C9, 0x20CA, 0x20CA, 0x20CB, 0x1CCB,
    0x1CCA, 0x1CCA, 0x1CCB, 0x1CCB, 0x1CCB, 0x20EB, 0x20CA, 0x20CA,
    0x292B, 0x20E8, 0x1CE9, 0x1CEB, 0x1CEC, 0x20EB, 0x20EB, 0x20EB,
    0x14CB, 0x190D, 0x1930, 0x1531, 0x1572, 0x1992, 0x1D72, 0x1D93,
    0x1993, 0x21B2, 0x3635, 0x3636, 0x21D4, 0x1DF6, 0x1617, 0x1A17,
    0x1E17, 0x1E17, 0x1A37, 0x1A58, 0x1A58, 0x1A3A, 0x2A5A, 0x3A78,
    0x56F9, 0x673A, 0x4232, 0x3E32, 0x3DF0, 0x4210, 0x4210, 0x41EF,
    0x41F0, 0x3DF0, 0x3DF0, 0x41EE, 0x4E2F, 0x7778, 0x7FDA, 0x7FFC,
    0x7FFB, 0x6F78, 0x3DEC, 0x41CD, 0x20A8, 0x18A9, 0x1CAA, 0x1468,
    0x2D4A, 0x7BBD, 0x7359, 0x7BBC, 0x7BB9, 0x6ECF, 0x6E26, 0x7603,
    0x71C1, 0x71A0, 0x75A2, 0x75A3, 0x7584, 0x7585, 0x75A3, 0x75A1,
    0x7580, 0x7180, 0x7160, 0x7583, 0x5DEC, 0x45D0, 0x3DF0, 0x3E10,
    0x3E11, 0x420F, 0x41F0, 0x41F0, 0x41F0, 0x4210, 0x41EF, 0x4210,
    0x41EF, 0x41EF, 0x41EF, 0x41EF, 0x41EF, 0x41EF, 0x41EF, 0x41EF,
    0x41EF, 0x41EF, 0x41EF, 0x41F0, 0x41CF, 0x41CF, 0x41D0, 0x41CF,
    0x41EF, 0x41EF, 0x41EF, 0x41F0, 0x41F0, 0x41F0, 0x41CF, 0x41F0,
    0x3DF1, 0x3DD1, 0x2592, 0x0532, 0x1638, 0x11F2, 0x4249, 0x5A20,
    0x76E0, 0x7B00, 0x7B20, 0x7F60, 0x7F80, 0x7F40, 0x5E40, 0x30E0,
    0x18A6, 0x1489, 0x1CAB, 0x20EB, 0x316D, 0x6719, 0x5ED8, 0x24EB,
    0x2D4E, 0x250C, 0x24CC, 0x20AB, 0x24A9, 0x41CF, 0x39AE, 0x18A7,
    0x250B, 0x292C, 0x358E, 0x41D0, 0x45F0, 0x41F0, 0x41F1, 0x41F1,
    0x45F1, 0x45F1, 0x45F0, 0x45F0, 0x4611, 0x4610, 0x4610, 0x4610,
    0x4610, 0x4610, 0x4610, 0x4A10, 0x4A31, 0x4A10, 0x4A10, 0x4A31,
    0x4E31, 0x4A30, 0x4E31, 0x4E31, 0x4A30, 0x4E51, 0x4E52, 0x4A31,
    0x4E31, 0x4E52, 0x4E31, 0x4E30, 0x4E30, 0x4E30, 0x4E30, 0x4E30,
    0x4E30, 0x4E50, 0x4E52, 0x4E52, 0x5252, 0x4A12, 0x250A, 0x4E72,
    0x5252, 0x5252, 0x4A31, 0x2509, 0x5694, 0x2D4A, 0x5693, 0x5A93,
    0x5231, 0x4E10, 0x394A, 0x45CD, 0x5A94, 0x3DAD, 0x4A10, 0x398E,
    0x4E33, 0x1CA8, 0x1CA8, 0x1CA8, 0x20A7, 0x2907, 0x2D45, 0x39E5,
    0x4684, 0x46A3, 0x46C1, 0x4F04, 0x42C1, 0x3E80, 0x42C1, 0x3EA1,
    0x42C1, 0x3EA1, 0x42C4, 0x42E5, 0x4B07, 0x42C6, 0x42C7, 0x4F2A,
    0x532B, 0x4F29, 0x5B8C, 0x5FAF, 0x578E, 0x4EEC, 0x4EAE, 0x20E8,
    0x2D4C, 0x290A, 0x2D2B, 0x290A, 0x24E9, 0x1CC8, 0x1CCA, 0x20CB,
    0x20EB, 0x20CB, 0x1CCC, 0x1CCC, 0x1CCC, 0x20CB, 0x20CB, 0x20CA,
    0x250B, 0x20E9, 0x1CC9, 0x1CEA, 0x1CEB, 0x1CCB, 0x1CCB, 0x1CCA,
    0x31F3, 0x2193, 0x2E1B, 0x223C, 0x1E3C, 0x225B, 0x225B, 0x1E5C,
    0x1E5B, 0x2259, 0x36BB, 0x36BB, 0x1E39, 0x1A5B, 0x125B, 0x165B,
    0x163B, 0x123B, 0x167C, 0x125C, 0x125C, 0x125C, 0x1219, 0x3EBC,
    0x56FB, 0x52B7, 0x2DAE, 0x3A11, 0x3DF0, 0x4211, 0x4610, 0x460F,
    0x4610, 0x4210, 0x41F0, 0x420F, 0x41ED, 0x66F4, 0x7FBA, 0x7FFC,
    0x7FFC, 0x6F78, 0x41EE, 0x20A6, 0x24A9, 0x24CA, 0x24CA, 0x1C47,
    0x24E9, 0x739C, 0x779A, 0x7B99, 0x728F, 0x69C4, 0x69A0, 0x6D80,
    0x7580, 0x7560, 0x7561, 0x7541, 0x7542, 0x7943, 0x7563, 0x7582,
    0x7581, 0x7580, 0x7960, 0x7584, 0x5DEB, 0x45CF, 0x41F0, 0x3E10,
    0x3E11, 0x420F, 0x3E0F, 0x41EF, 0x420F, 0x420F, 0x4210, 0x420F,
    0x420F, 0x4610, 0x41EF, 0x41EF, 0x41EF, 0x420F, 0x460F, 0x4610,
    0x460F, 0x420F, 0x41EF, 0x41EF, 0x41EF, 0x45EF, 0x45EF, 0x45EF,
    0x4610, 0x41EF, 0x41F0, 0x41EF, 0x45F0, 0x41F0, 0x45F0, 0x41F0,
    0x41F1, 0x41F1, 0x3615, 0x0932, 0x2239, 0x1E36, 0x426E, 0x6260,
    0x76E0, 0x7B20, 0x7B40, 0x7F60, 0x7B60, 0x7B40, 0x7302, 0x45C4,
    0x2927, 0x0C67, 0x148B, 0x0C68, 0x250C, 0x5A97, 0x5ED8, 0x24EA,
    0x20EA, 0x20EB, 0x312D, 0x2D0B, 0x2D09, 0x24C6, 0x2907, 0x41EF,
    0x358E, 0x290B, 0x3DD0, 0x41D0, 0x45F1, 0x41F0, 0x41D0, 0x41D0,
    0x41F0, 0x45F0, 0x45F0, 0x45F0, 0x4610, 0x45F0, 0x4A10, 0x4610,
    0x4611, 0x4A31, 0x4A32, 0x4A32, 0x4A32, 0x4A32, 0x4A32, 0x4E52,
    0x4E32, 0x4A32, 0x4E52, 0x4A32, 0x4E52, 0x4A32, 0x4E52, 0x4E52,
    0x4E52, 0x4E52, 0x4E52, 0x4E52, 0x5273, 0x4E52, 0x4E52, 0x5272,
    0x5272, 0x4E72, 0x4E53, 0x4E53, 0x4E53, 0x4A33, 0x292C, 0x5294,
    0x5673, 0x5253, 0x4E53, 0x2509, 0x5695, 0x3DEF, 0x5273, 0x5272,
    0x5231, 0x5E94, 0x4E0F, 0x66D5, 0x5E94, 0x24E8, 0x314C, 0x4E33,
    0x24EA, 0x1CA8, 0x1CA7, 0x20A8, 0x352A, 0x2D06, 0x41E8, 0x4646,
    0x3A01, 0x4682, 0x4AE3, 0x4EE4, 0x46A3, 0x3A40, 0x3A40, 0x4281,
    0x3E81, 0x3E81, 0x42A3, 0x46E5, 0x3EC5, 0x42C6, 0x4AE8, 0x532A,
    0x532A, 0x4F28, 0x5349, 0x5B8D, 0x63D0, 0x5B4F, 0x5F33, 0x3DEF,
    0x250A, 0x2D2C, 0x290B, 0x314D, 0x2D2C, 0x1CC9, 0x250B, 0x20EA,
    0x20CA, 0x20CA, 0x24EB, 0x20EC, 0x20EC, 0x1CCC, 0x1CCC, 0x20EC,
    0x252C, 0x1CE9, 0x1CE9, 0x20EA, 0x1CEB, 0x20EB, 0x20CB, 0x1CCA,
    0x31F4, 0x112F, 0x1DD6, 0x1E19, 0x163A, 0x165A, 0x127B, 0x125C,
    0x125C, 0x165B, 0x1A5B, 0x1A5A, 0x1A5B, 0x127C, 0x167B, 0x167B,
    0x165B, 0x165C, 0x165B, 0x125B, 0x123A, 0x125C, 0x1A5B, 0x329B,
    0x52FB, 0x4254, 0x2DAF, 0x31F0, 0x39F0, 0x4631, 0x460F, 0x460F,
    0x4610, 0x4210, 0x4210, 0x420F, 0x460E, 0x5250, 0x7F99, 0x7FDB,
    0x7FFC, 0x6716, 0x1862, 0x2086, 0x2488, 0x2067, 0x1C25, 0x2845,
    0x3D6B, 0x777A, 0x7756, 0x726E, 0x6943, 0x7140, 0x75A0, 0x6520,
    0x7540, 0x7540, 0x7541, 0x7520, 0x7520, 0x7100, 0x7541, 0x7582,
    0x7562, 0x7581, 0x7960, 0x7563, 0x61EB, 0x49F0, 0x41F0, 0x3E10,
    0x3E11, 0x420F, 0x4210, 0x3DEF, 0x4210, 0x3DEF, 0x420F, 0x41EF,
    0x41EF, 0x41EF, 0x41EF, 0x41EF, 0x41EF, 0x45F0, 0x4610, 0x4610,
    0x420F, 0x41EF, 0x460F, 0x41EF, 0x45F0, 0x4610, 0x41EF, 0x41EF,
    0x45EF, 0x41EF, 0x45EF, 0x4610, 0x45F0, 0x41F0, 0x45EF, 0x41F1,
    0x41F1, 0x41F1, 0x35D3, 0x0D32, 0x2E59, 0x3A95, 0x5689, 0x72C0,
    0x7700, 0x7B60, 0x7FA0, 0x7FC0, 0x7F80, 0x7B40, 0x5200, 0x45A6,
    0x20E7, 0x1088, 0x1489, 0x1489, 0x1048, 0x1CAB, 0x4613, 0x1486,
    0x18A8, 0x1CC9, 0x24C9, 0x24C8, 0x28E7, 0x5230, 0x4A0F, 0x4610,
    0x3DAF, 0x1CC8, 0x5274, 0x41D0, 0x45F0, 0x4611, 0x4611, 0x4610,
    0x4610, 0x4611, 0x4611, 0x45F0, 0x4A11, 0x4610, 0x4A10, 0x4A10,
    0x4611, 0x39AE, 0x358E, 0x39AF, 0x39D0, 0x3DD0, 0x3DD1, 0x3DD1,
    0x41F1, 0x41F1, 0x4612, 0x4612, 0x4612, 0x4A32, 0x4612, 0x4A32,
    0x4A32, 0x4A32, 0x4632, 0x4611, 0x4632, 0x4A32, 0x4632, 0x4632,
    0x4A32, 0x4A32, 0x4A33, 0x4E54, 0x4E54, 0x4613, 0x294E, 0x4E75,
    0x5274, 0x5275, 0x4E54, 0x1CE9, 0x5295, 0x39AE, 0x5273, 0x5274,
    0x5674, 0x4E10, 0x5E93, 0x62D5, 0x3DCE, 0x5696, 0x20EA, 0x1CA9,
    0x1CC9, 0x1CA8, 0x20C7, 0x28E8, 0x3106, 0x3525, 0x41E5, 0x4A66,
    0x4663, 0x3E41, 0x3E40, 0x4EC6, 0x4EC7, 0x4EC7, 0x4AA4, 0x4EC4,
    0x46A2, 0x42A3, 0x3E82, 0x42C4, 0x3EA5, 0x42A6, 0x4F0A, 0x530B,
    0x4AEA, 0x574D, 0x534B, 0x5FAE, 0x5BAC, 0x5B8C, 0x5F4F, 0x39EC,
    0x1CC9, 0x20EA, 0x20CA, 0x292D, 0x2D4D, 0x1CC9, 0x318D, 0x316D,
    0x2D4C, 0x20C8, 0x20C9, 0x20E9, 0x20EA, 0x250D, 0x250D, 0x20EC,
    0x292D, 0x1CE9, 0x1CE9, 0x20EA, 0x20EB, 0x20EB, 0x20CB, 0x1CCB,
    0x46B9, 0x112C, 0x08EC, 0x21B4, 0x2A37, 0x2659, 0x1E39, 0x1A5B,
    0x125B, 0x167B, 0x165B, 0x1A5B, 0x1A5B, 0x165B, 0x167B, 0x167B,
    0x1E7C, 0x1A7B, 0x167A, 0x167A, 0x165A, 0x1A5C, 0x1A3A, 0x327A,
    0x3E77, 0x35F1, 0x35F0, 0x35F1, 0x39CF, 0x4631, 0x4A30, 0x460F,
    0x460F, 0x4610, 0x4611, 0x4631, 0x4630, 0x4A0E, 0x7338, 0x7FBB,
    0x7BBA, 0x6717, 0x1822, 0x1C65, 0x2087, 0x1C45, 0x2824, 0x3CA7,
    0x6651, 0x6270, 0x724D, 0x71A6, 0x7120, 0x7120, 0x7140, 0x7100,
    0x7500, 0x7500, 0x7920, 0x7500, 0x7520, 0x7520, 0x7961, 0x7581,
    0x7961, 0x7581, 0x7960, 0x7563, 0x5DCB, 0x45CF, 0x3DF0, 0x3E10,
    0x3DF0, 0x39EE, 0x3DEF, 0x3DEF, 0x3DF0, 0x4210, 0x41F0, 0x41F0,
    0x41F0, 0x41EF, 0x41EF, 0x41F0, 0x41F0, 0x41F0, 0x41EF, 0x41EF,
    0x41EF, 0x41EF, 0x41EE, 0x41EF, 0x41EF, 0x45EF, 0x41EF, 0x41CF,
    0x41EF, 0x41EF, 0x41EF, 0x41EF, 0x45EF, 0x41EF, 0x41EF, 0x41F0,
    0x3DF0, 0x45F1, 0x2D4F, 0x04D0, 0x08EF, 0x3E4E, 0x66C6, 0x7AE0,
    0x7720, 0x7740, 0x7F80, 0x7FA0, 0x7FA0, 0x7B60, 0x5A60, 0x3562,
    0x2948, 0x252B, 0x1CCA, 0x18AA, 0x1069, 0x1069, 0x210B, 0x20E9,
    0x1065, 0x1465, 0x1485, 0x1864, 0x1C83, 0x5A71, 0x49EF, 0x4A12,
    0x3DAF, 0x39AE, 0x4E53, 0x45F1, 0x45F0, 0x45F0, 0x4611, 0x4A11,
    0x4A10, 0x4A10, 0x4A11, 0x4A11, 0x4A31, 0x4A31, 0x4E30, 0x4E31,
    0x4A32, 0x314D, 0x1489, 0x148A, 0x148A, 0x148A, 0x1489, 0x1489,
    0x1489, 0x1889, 0x18A9, 0x1889, 0x1889, 0x1888, 0x18A8, 0x18A8,
    0x1888, 0x18A9, 0x18A9, 0x18A9, 0x14A9, 0x14A9, 0x18A9, 0x18AA,
    0x18AA, 0x18A9, 0x18AA, 0x18AA, 0x18AA, 0x18AC, 0x18AD, 0x18AA,
    0x1CA9, 0x1CAA, 0x1CCB, 0x18AA, 0x250B, 0x20E9, 0x250A, 0x250B,
    0x290B, 0x24E9, 0x398E, 0x5EB7, 0x316E, 0x316F, 0x20CB, 0x1CCB,
    0x1CC9, 0x1CA7, 0x1CA6, 0x20C4, 0x3547, 0x4A08, 0x5688, 0x4223,
    0x4AA4, 0x52C6, 0x4684, 0x4243, 0x4EA8, 0x4EA7, 0x4AA4, 0x4EC4,
    0x46A2, 0x3E61, 0x3E82, 0x42A4, 0x46C6, 0x46C7, 0x4B0A, 0x5B6E,
    0x46AA, 0x532C, 0x576B, 0x4F49, 0x4B47, 0x5368, 0x67D0, 0x4EB0,
    0x1CEA, 0x20CA, 0x20CA, 0x24EB, 0x292D, 0x1CCA, 0x2D6D, 0x318E,
    0x318D, 0x20E8, 0x20C7, 0x20E7, 0x2109, 0x250B, 0x250C, 0x252D,
    0x252D, 0x1CEB, 0x20EB, 0x20EC, 0x20CB, 0x20CB, 0x20CC, 0x20EC,
    0x571B, 0x216C, 0x254E, 0x254F, 0x56DB, 0x3637, 0x2E58, 0x2259,
    0x1A5A, 0x1E7B, 0x1E5A, 0x227A, 0x267A, 0x225A, 0x1E9B, 0x229B,
    0x269B, 0x227A, 0x2A99, 0x2678, 0x2A78, 0x2237, 0x2A37, 0x42DB,
    0x29D2, 0x35F2, 0x35D1, 0x39F1, 0x3E10, 0x4A52, 0x4A30, 0x4A30,
    0x4A30, 0x4A31, 0x4A32, 0x4632, 0x4A31, 0x3D8C, 0x49CD, 0x6F17,
    0x739A, 0x56B4, 0x1822, 0x1844, 0x1844, 0x2044, 0x3063, 0x5127,
    0x726E, 0x722D, 0x75C8, 0x7563, 0x6D20, 0x7520, 0x7520, 0x74E0,
    0x74E0, 0x7100, 0x7500, 0x7920, 0x7900, 0x7520, 0x7540, 0x7981,
    0x7541, 0x7140, 0x7140, 0x7121, 0x61CB, 0x45CF, 0x3DF0, 0x3E10,
    0x3E11, 0x3DEF, 0x3E10, 0x3E10, 0x4210, 0x4210, 0x4210, 0x41F0,
    0x41F0, 0x41F0, 0x45F1, 0x4610, 0x45F0, 0x41EF, 0x41F0, 0x41F0,
    0x4610, 0x4610, 0x460F, 0x460F, 0x4610, 0x4611, 0x4610, 0x4610,
    0x4610, 0x4610, 0x45F0, 0x45F0, 0x45F0, 0x41F0, 0x45F0, 0x41F0,
    0x41F0, 0x45F1, 0x35B1, 0x1510, 0x04CE, 0x29AB, 0x5664, 0x6EA0,
    0x72C0, 0x7B20, 0x7F60, 0x7B60, 0x7B80, 0x7FC1, 0x7B84, 0x4E23,
    0x3186, 0x254A, 0x252C, 0x250C, 0x0C69, 0x1D0D, 0x318F, 0x2D4C,
    0x18A7, 0x1465, 0x1084, 0x1084, 0x1483, 0x3149, 0x5692, 0x45F2,
    0x3DB0, 0x4611, 0x4611, 0x45F0, 0x4A11, 0x45F0, 0x4611, 0x4610,
    0x4A10, 0x4A10, 0x4A10, 0x4610, 0x45F0, 0x4A10, 0x4A10, 0x4E31,
    0x4A12, 0x314E, 0x1489, 0x148A, 0x148B, 0x148A, 0x18AA, 0x18AA,
    0x18AA, 0x18AA, 0x18AA, 0x18AA, 0x18AA, 0x18AA, 0x18AA, 0x18AA,
    0x18AA, 0x18AB, 0x18AB, 0x18AC, 0x18AB, 0x18AB, 0x18AB, 0x18AB,
    0x18AB, 0x18AA, 0x18AC, 0x18CC, 0x18AB, 0x18AD, 0x18AD, 0x18CC,
    0x1CAB, 0x18AB, 0x18AB, 0x1CCC, 0x1CAB, 0x1CAA, 0x18AA, 0x18AB,
    0x1CCB, 0x1CA9, 0x24EA, 0x39B0, 0x1CCC, 0x1CAC, 0x1CCC, 0x18AA,
    0x18C9, 0x1CA7, 0x1CC5, 0x398A, 0x3DA8, 0x41E6, 0x52A8, 0x3E23,
    0x4EC7, 0x56E9, 0x4EA8, 0x2DA1, 0x31C3, 0x4685, 0x4683, 0x4AA4,
    0x4AA4, 0x4684, 0x46A5, 0x4284, 0x42A5, 0x4AE8, 0x4AE9, 0x4EEB,
    0x5F90, 0x4B0A, 0x4B07, 0x4F47, 0x57AB, 0x3A86, 0x530E, 0x2546,
    0x1CC8, 0x20EA, 0x24CA, 0x24EB, 0x292D, 0x1CEB, 0x254C, 0x294C,
    0x2D6D, 0x292A, 0x20E7, 0x20E7, 0x2D4A, 0x2529, 0x2D6B, 0x252B,
    0x210B, 0x252D, 0x250D, 0x250D, 0x20EC, 0x20EC, 0x20EC, 0x20CC,
    0x3E12, 0x5EF8, 0x4E54, 0x210B, 0x52B8, 0x52D9, 0x3A55, 0x3AB8,
    0x3ADB, 0x3EDC, 0x3EDB, 0x42FA, 0x46FB, 0x46FC, 0x431C, 0x3EBA,
    0x531B, 0x52F8, 0x5317, 0x6339, 0x5F17, 0x6317, 0x56D5, 0x4653,
    0x212B, 0x39F1, 0x35D0, 0x3E11, 0x39CF, 0x4A32, 0x4A10, 0x4A31,
    0x4631, 0x4630, 0x4631, 0x4A32, 0x45EF, 0x2863, 0x2C42, 0x49AD,
    0x4E32, 0x41EF, 0x1862, 0x1C41, 0x2062, 0x3D29, 0x4927, 0x6566,
    0x75E8, 0x75A6, 0x7544, 0x7500, 0x7522, 0x7900, 0x6CE0, 0x70E0,
    0x7500, 0x7941, 0x7520, 0x7920, 0x7900, 0x7920, 0x7540, 0x7541,
    0x7941, 0x7540, 0x7540, 0x7564, 0x65CC, 0x41AF, 0x39D0, 0x3A11,
    0x3DEF, 0x3DEF, 0x3E0F, 0x3E10, 0x41F0, 0x41F0, 0x41EF, 0x41EF,
    0x41EF, 0x41EF, 0x41F0, 0x3DCF, 0x41EF, 0x41CF, 0x41D0, 0x3DCF,
    0x3DEF, 0x45F0, 0x41EF, 0x41EE, 0x41F0, 0x41F1, 0x41F0, 0x41F0,
    0x45F0, 0x45F0, 0x45F0, 0x45F0, 0x45F0, 0x45F0, 0x4611, 0x4611,
    0x4611, 0x45F2, 0x3E15, 0x2572, 0x00CE, 0x3A12, 0x5A87, 0x6AA0,
    0x6E80, 0x7B20, 0x7F60, 0x7B40, 0x7B40, 0x7FA0, 0x7FC3, 0x66C3,
    0x41C9, 0x39CE, 0x254A, 0x1CE9, 0x14EA, 0x14CB, 0x3991, 0x354D,
    0x2D0A, 0x1444, 0x1464, 0x1485, 0x1065, 0x2926, 0x6712, 0x4E4E,
    0x2D6A, 0x4A52, 0x3DEF, 0x45F0, 0x49F0, 0x49F0, 0x4611, 0x4610,
    0x45F0, 0x4A10, 0x4A10, 0x4A10, 0x4A10, 0x4A10, 0x4E30, 0x4A31,
    0x4A33, 0x2D2D, 0x1489, 0x14A9, 0x14A9, 0x188A, 0x18AA, 0x18AA,
    0x18AA, 0x18AB, 0x18AA, 0x18AA, 0x18AA, 0x18AA, 0x18AA, 0x18AA,
    0x18AB, 0x18AB, 0x18AB, 0x18AB, 0x18AB, 0x18CB, 0x18CA, 0x18CA,
    0x18CA, 0x18CA, 0x18CA, 0x18CB, 0x18CB, 0x18CC, 0x18CC, 0x18CC,
    0x1CCB, 0x18CC, 0x18CC, 0x18CC, 0x18CC, 0x18AB, 0x18AB, 0x18CC,
    0x18CB, 0x18C9, 0x1CC9, 0x1CCA, 0x1CCB, 0x18AB, 0x250D, 0x18A9,
    0x1CC9, 0x1CA8, 0x1CC6, 0x24E5, 0x2925, 0x3184, 0x39E5, 0x31A3,
    0x3A05, 0x3A05, 0x2983, 0x31C4, 0x4EC8, 0x4AA6, 0x4EC6, 0x4AA6,
    0x52C8, 0x52C8, 0x4AA7, 0x4AA7, 0x4AC7, 0x4AE8, 0x4F09, 0x4F0B,
    0x5B4E, 0x576D, 0x5349, 0x5368, 0x5BAD, 0x5B30, 0x3E0C, 0x2506,
    0x20A6, 0x24C8, 0x24A9, 0x20AA, 0x290D, 0x20CB, 0x254C, 0x254C,
    0x318E, 0x294B, 0x20E7, 0x2929, 0x35AC, 0x318B, 0x2D6A, 0x318C,
    0x294B, 0x1CEA, 0x1CEA, 0x210B, 0x250D, 0x210D, 0x20ED, 0x20ED,
    0x4212, 0x20E9, 0x296C, 0x3A11, 0x5B19, 0x5AF9, 0x4A95, 0x4253,
    0x1D6D, 0x1D6E, 0x258F, 0x258F, 0x258F, 0x216F, 0x4AD7, 0x4EB6,
    0x7FFF, 0x7FFF, 0x7FFF, 0x7FFF, 0x7BBC, 0x7377, 0x62D3, 0x2928,
    0x2D6B, 0x4632, 0x3E12, 0x3E32, 0x3DCF, 0x4A31, 0x4E30, 0x4A30,
    0x4631, 0x4651, 0x4650, 0x4A30, 0x2864, 0x3423, 0x3822, 0x3422,
    0x3485, 0x4108, 0x44A3, 0x5D89, 0x620D, 0x6EB2, 0x7670, 0x75A8,
    0x7965, 0x7523, 0x74E1, 0x78E1, 0x78C1, 0x78C0, 0x78E1, 0x7100,
    0x7541, 0x7940, 0x7520, 0x7120, 0x7500, 0x7920, 0x7542, 0x7542,
    0x7541, 0x7540, 0x7540, 0x6D23, 0x65CB, 0x49EF, 0x4211, 0x3E11,
    0x3E10, 0x4210, 0x3E0F, 0x3E10, 0x4210, 0x3DEF, 0x3DEF, 0x3DCE,
    0x3DEE, 0x3DEF, 0x41EF, 0x41EE, 0x41CE, 0x41CF, 0x41F0, 0x41CF,
    0x420F, 0x41EF, 0x41EF, 0x3DEF, 0x41F0, 0x41EF, 0x41EF, 0x41EE,
    0x41EF, 0x41EF, 0x41CF, 0x45F0, 0x41F0, 0x45F0, 0x45F1, 0x41F0,
    0x41F0, 0x45F1, 0x39D3, 0x10AE, 0x0090, 0x35AA, 0x6F04, 0x76A0,
    0x6A40, 0x76E0, 0x7F60, 0x7740, 0x6AA0, 0x7B60, 0x7FA3, 0x7324,
    0x49A3, 0x5A2B, 0x3DEB, 0x2969, 0x214D, 0x108B, 0x208A, 0x2884,
    0x4165, 0x4162, 0x3D62, 0x3505, 0x2C85, 0x28C3, 0x734F, 0x5AEB,
    0x56F4, 0x4ED6, 0x3E52, 0x4211, 0x4611, 0x4A10, 0x45F0, 0x4610,
    0x45F0, 0x4A10, 0x4A10, 0x4A10, 0x4E31, 0x5252, 0x5271, 0x5252,
    0x4E53, 0x2D4D, 0x1489, 0x14A9, 0x14A9, 0x18AA, 0x18AA, 0x18AA,
    0x18AA, 0x18AA, 0x18AA, 0x18AA, 0x18CA, 0x18CA, 0x18CA, 0x18CB,
    0x1CCB, 0x18AB, 0x18AA, 0x18AA, 0x1CCB, 0x1CCB, 0x1CCB, 0x18CB,
    0x1CCC, 0x18CB, 0x1CCB, 0x18CB, 0x18CB, 0x1CCC, 0x1CCC, 0x1CCC,
    0x1CCB, 0x1CCB, 0x1CCC, 0x1CCC, 0x1CCC, 0x1CAB, 0x1CCB, 0x1CEC,
    0x1CCB, 0x1CCA, 0x1CCA, 0x1CAA, 0x1CCC, 0x18CB, 0x20EC, 0x18CA,
    0x1CCA, 0x1CC9, 0x1CA8, 0x1CC6, 0x3167, 0x4209, 0x31C4, 0x2140,
    0x35E2, 0x4AA5, 0x52C8, 0x29A2, 0x31E3, 0x31E2, 0x3A23, 0x4687,
    0x4A88, 0x3E24, 0x3A22, 0x46A6, 0x42A6, 0x46A7, 0x532A, 0x530B,
    0x4F0B, 0x4B0A, 0x4B08, 0x4F47, 0x5368, 0x6390, 0x31C8, 0x20A5,
    0x24A5, 0x2CC7, 0x28A8, 0x28A9, 0x312D, 0x20EB, 0x212B, 0x254D,
    0x2D6E, 0x294D, 0x20E9, 0x2D6C, 0x35AE, 0x39EF, 0x294A, 0x39CE,
    0x39AF, 0x210A, 0x210A, 0x2108, 0x20E7, 0x2109, 0x252B, 0x252D,
    0x3190, 0x4E96, 0x5F1A, 0x5B19, 0x5AF8, 0x56D6, 0x5294, 0x4E94,
    0x4232, 0x4233, 0x4253, 0x4654, 0x3E32, 0x5B19, 0x575A, 0x5739,
    0x73BD, 0x635A, 0x56F8, 0x4ED6, 0x3E94, 0x3212, 0x3613, 0x1D2C,
    0x296E, 0x4233, 0x3E12, 0x39F0, 0x4631, 0x4E51, 0x4E30, 0x4A50,
    0x4A51, 0x4A51, 0x4E51, 0x2907, 0x3443, 0x4422, 0x4401, 0x4440,
    0x54E3, 0x6524, 0x7566, 0x7587, 0x722C, 0x6A8E, 0x72AF, 0x6986,
    0x7544, 0x7143, 0x6D22, 0x7501, 0x7922, 0x7501, 0x7100, 0x7920,
    0x7520, 0x7900, 0x7500, 0x7500, 0x7520, 0x7941, 0x7541, 0x7962,
    0x7941, 0x7940, 0x7940, 0x7142, 0x69CA, 0x51EE, 0x4630, 0x3E31,
    0x3E10, 0x41EF, 0x3DEF, 0x3DEF, 0x39EE, 0x39EE, 0x39CE, 0x39CD,
    0x39CD, 0x3DCE, 0x3DEE, 0x41EE, 0x3DEE, 0x41CF, 0x41CF, 0x41CE,
    0x41EE, 0x41ED, 0x41ED, 0x41CE, 0x41EE, 0x41ED, 0x41CC, 0x41ED,
    0x41EE, 0x41EF, 0x45EF, 0x41EF, 0x41CF, 0x41CF, 0x41F0, 0x41F0,
    0x41CF, 0x41F0, 0x4212, 0x10CD, 0x0490, 0x2927, 0x6681, 0x7280,
    0x6620, 0x72C0, 0x7740, 0x7B60, 0x6AA0, 0x6EC0, 0x7721, 0x7FA5,
    0x6AA3, 0x5A25, 0x5A6B, 0x524E, 0x24A5, 0x2886, 0x3D26, 0x51C3,
    0x7B47, 0x7F84, 0x7FA5, 0x6AE1, 0x4120, 0x4120, 0x7B4A, 0x6B4E,
    0x46D3, 0x3AB6, 0x3694, 0x3A74, 0x3E12, 0x4611, 0x4A10, 0x4A11,
    0x4A11, 0x4A11, 0x4A11, 0x4A11, 0x41EF, 0x3DAD, 0x358B, 0x3DCE,
    0x41F0, 0x250B, 0x1489, 0x14AA, 0x14AA, 0x18AA, 0x18A9, 0x18AA,
    0x18AA, 0x18AA, 0x18AA, 0x18AA, 0x18CA, 0x18CA, 0x1CCB, 0x1CCB,
    0x1CCB, 0x1CCB, 0x1CCB, 0x1CCA, 0x1CCB, 0x1CCB, 0x1CAB, 0x1CCC,
    0x1CCC, 0x1CCC, 0x1CCC, 0x1CCC, 0x1CCC, 0x1CCC, 0x1CCC, 0x1CCC,
    0x1CCB, 0x1CCB, 0x1CCC, 0x1CCC, 0x1CCC, 0x1CCC, 0x20EC, 0x1CCB,
    0x1CCB, 0x1CCB, 0x1CCB, 0x1CCC, 0x1CCC, 0x18CC, 0x1CEA, 0x18E8,
    0x18E7, 0x18C7, 0x1CC7, 0x1CA6, 0x1CC4, 0x39CA, 0x4229, 0x3A07,
    0x4AA7, 0x52E6, 0x4EC6, 0x3E44, 0x4AA6, 0x4AA6, 0x3E44, 0x31C2,
    0x31E3, 0x4AA7, 0x46A5, 0x3E64, 0x4287, 0x4AC8, 0x4EE9, 0x530A,
    0x4AE9, 0x42C5, 0x46E6, 0x4F48, 0x5369, 0x4F0B, 0x56F0, 0x20A4,
    0x28A5, 0x2CA7, 0x2CA8, 0x28C9, 0x20C9, 0x1CA9, 0x1D0B, 0x296E,
    0x294E, 0x294D, 0x1D0A, 0x2D8E, 0x35D1, 0x39F0, 0x254B, 0x35AE,
    0x39CF, 0x252B, 0x252A, 0x35AC, 0x2D49, 0x2107, 0x2109, 0x252B,
    0x56DA, 0x52D8, 0x56D7, 0x5ED7, 0x5ED6, 0x5AD5, 0x5AF6, 0x4653,
    0x1D0A, 0x212B, 0x216C, 0x29AE, 0x5718, 0x6FDD, 0x4F39, 0x4B18,
    0x575A, 0x531A, 0x4F3A, 0x473A, 0x32B8, 0x2214, 0x2A13, 0x194D,
    0x1D2A, 0x39CE, 0x420F, 0x39CE, 0x4E52, 0x5272, 0x5692, 0x5292,
    0x4E72, 0x5693, 0x3DAD, 0x2042, 0x3842, 0x4C21, 0x5CA2, 0x7145,
    0x79A6, 0x79C6, 0x79C5, 0x79E5, 0x7629, 0x6E8D, 0x76B0, 0x6DA9,
    0x75C8, 0x75C7, 0x7183, 0x7561, 0x7120, 0x7140, 0x7562, 0x7942,
    0x7500, 0x7500, 0x7900, 0x7900, 0x7900, 0x7520, 0x7540, 0x7541,
    0x7520, 0x7120, 0x7920, 0x7521, 0x6524, 0x662E, 0x5A71, 0x4E72,
    0x4A72, 0x4E72, 0x4E72, 0x4E93, 0x5293, 0x5293, 0x4E72, 0x5292,
    0x5292, 0x56B3, 0x56B4, 0x56B3, 0x5AB4, 0x5694, 0x5A94, 0x5A92,
    0x5690, 0x5EB0, 0x62D2, 0x62B2, 0x5E90, 0x62B0, 0x66D2, 0x62B2,
    0x5692, 0x5692, 0x5272, 0x5673, 0x5252, 0x5252, 0x4E51, 0x4E31,
    0x4E31, 0x4A31, 0x4632, 0x212E, 0x046F, 0x18AA, 0x4DE3, 0x6220,
    0x7280, 0x76E0, 0x7B60, 0x7F60, 0x7B60, 0x7700, 0x72C0, 0x7341,
    0x7FA2, 0x6AC0, 0x5E21, 0x6A28, 0x4D42, 0x4121, 0x5A20, 0x7F84,
    0x7FC1, 0x7FE0, 0x7FE0, 0x7FC0, 0x6EC0, 0x51A0, 0x7725, 0x6B71,
    0x4717, 0x32F8, 0x32B7, 0x3EF8, 0x3E95, 0x3E11, 0x49F0, 0x4A10,
    0x4610, 0x4610, 0x4610, 0x4A11, 0x4A31, 0x4E52, 0x5273, 0x5273,
    0x4611, 0x358F, 0x1489, 0x148B, 0x188B, 0x18AA, 0x18AA, 0x18AA,
    0x18AA, 0x18AA, 0x1CCB, 0x1CCB, 0x1CCB, 0x1CCB, 0x1CCB, 0x1CCB,
    0x1CCB, 0x1CCC, 0x1CCC, 0x1CCC, 0x1CCC, 0x1CCC, 0x1CCB, 0x1CCB,
    0x1CCB, 0x1CCC, 0x1CCD, 0x1CCD, 0x1CCC, 0x1CCC, 0x1CCC, 0x1CCC,
    0x1CCB, 0x18CB, 0x18CC, 0x18CC, 0x1CCC, 0x1CCC, 0x1CCB, 0x1CCB,
    0x1CCC, 0x18CD, 0x18CD, 0x18CC, 0x1CCC, 0x18CB, 0x18E7, 0x1D25,
    0x2564, 0x2985, 0x1CE4, 0x1CC6, 0x1CC6, 0x2D68, 0x1D03, 0x2544,
    0x3A25, 0x4685, 0x4243, 0x3E43, 0x4EC6, 0x4684, 0x4685, 0x4AA6,
    0x4AA6, 0x4684, 0x4AC6, 0x4686, 0x4287, 0x46A7, 0x4EE9, 0x570A,
    0x532A, 0x5348, 0x4B25, 0x3EC3, 0x3243, 0x3225, 0x35E9, 0x24C6,
    0x28A6, 0x2CA7, 0x2CC9, 0x24A9, 0x20C9, 0x18C9, 0x1CEA, 0x296E,
    0x294E, 0x254D, 0x1D0A, 0x254D, 0x2D90, 0x2D8F, 0x212B, 0x2D8D,
    0x35D0, 0x210B, 0x252A, 0x39CE, 0x39ED, 0x2528, 0x294A, 0x358D,
    0x5AFA, 0x5B19, 0x5AD6, 0x5AB5, 0x5272, 0x4A31, 0x4652, 0x3E10,
    0x56F7, 0x5718, 0x5719, 0x5B3B, 0x5F5B, 0x5B39, 0x5F5A, 0x633A,
    0x5F3A, 0x4ED7, 0x3E55, 0x29F3, 0x1990, 0x196E, 0x29B0, 0x254C,
    0x294B, 0x4A32, 0x4211, 0x35AE, 0x5694, 0x6B17, 0x6716, 0x6316,
    0x6717, 0x66F6, 0x2CE7, 0x2843, 0x3841, 0x58A3, 0x7947, 0x7D65,
    0x79A4, 0x79C5, 0x75A3, 0x79C3, 0x7606, 0x724B, 0x768E, 0x726D,
    0x6544, 0x7165, 0x7542, 0x7941, 0x7562, 0x7940, 0x7921, 0x7500,
    0x6CC0, 0x74E0, 0x7900, 0x7921, 0x7921, 0x7922, 0x7941, 0x7541,
    0x7960, 0x7520, 0x7900, 0x7941, 0x7122, 0x65A9, 0x72F5, 0x6717,
    0x6317, 0x6317, 0x5EF6, 0x5EF6, 0x5EF5, 0x6316, 0x62F6, 0x62F5,
    0x62F6, 0x6716, 0x6716, 0x62F5, 0x62F6, 0x62F6, 0x6716, 0x66F3,
    0x6B12, 0x7353, 0x7333, 0x6F12, 0x7332, 0x7752, 0x7334, 0x6B15,
    0x66F6, 0x6716, 0x62F5, 0x5ED5, 0x66F6, 0x66F6, 0x6717, 0x6B18,
    0x66F7, 0x6718, 0x5AD7, 0x31B1, 0x086F, 0x0C6D, 0x3123, 0x55E0,
    0x6220, 0x6AA0, 0x7B40, 0x7F80, 0x7FC0, 0x7F80, 0x7700, 0x6EE0,
    0x7340, 0x7B60, 0x7700, 0x76C1, 0x6200, 0x6260, 0x7B60, 0x7FE1,
    0x7FE0, 0x7FE0, 0x7FE0, 0x7FE0, 0x7F80, 0x5E40, 0x7748, 0x56D2,
    0x2E97, 0x2EF9, 0x2AB8, 0x2EB8, 0x4B3B, 0x3611, 0x45F0, 0x45EF,
    0x460F, 0x4610, 0x4610, 0x4610, 0x45F0, 0x4A31, 0x4A31, 0x4A31,
    0x4E32, 0x4A33, 0x2D4D, 0x188A, 0x188B, 0x18AB, 0x18AB, 0x18AB,
    0x18AB, 0x18AB, 0x18AB, 0x1CAB, 0x1CCC, 0x1CCC, 0x1CCC, 0x1CCC,
    0x1CCC, 0x1CCC, 0x1CCD, 0x1CCD, 0x1CCD, 0x18CC, 0x18CC, 0x18CC,
    0x18EC, 0x18EE, 0x1CEF, 0x1D0F, 0x1CEE, 0x20EE, 0x1CEC, 0x1CEC,
    0x18EC, 0x1D0D, 0x1D0E, 0x18ED, 0x1D0E, 0x210E, 0x210E, 0x254F,
    0x2530, 0x2110, 0x1CEF, 0x2930, 0x250E, 0x18C9, 0x298A, 0x31C8,
    0x4EAB, 0x4E8C, 0x2965, 0x1CC5, 0x20E7, 0x2105, 0x2945, 0x39E9,
    0x2DA3, 0x4AA8, 0x4668, 0x35E3, 0x35E3, 0x4AA6, 0x4AA6, 0x4264,
    0x4284, 0x4AA5, 0x4265, 0x3A23, 0x3A03, 0x4686, 0x5308, 0x5B2B,
    0x4EEA, 0x5329, 0x5B88, 0x5786, 0x5367, 0x46C6, 0x2964, 0x20A6,
    0x28A7, 0x2CC9, 0x28C9, 0x24A8, 0x1CC8, 0x18C8, 0x18C8, 0x1CE9,
    0x250C, 0x252C, 0x1D0A, 0x254D, 0x2D90, 0x298F, 0x214D, 0x2DAF,
    0x31D0, 0x212C, 0x210A, 0x318D, 0x39EF, 0x318C, 0x318C, 0x39CE,
    0x5EF9, 0x5AB6, 0x4E73, 0x4230, 0x4631, 0x4631, 0x3DCF, 0x3DED,
    0x6735, 0x56D2, 0x35EE, 0x35F0, 0x3A11, 0x39F0, 0x39D0, 0x3A11,
    0x31F0, 0x2DD0, 0x298F, 0x1D4F, 0x110D, 0x150D, 0x256E, 0x252B,
    0x41D0, 0x4A32, 0x252B, 0x2D6C, 0x5294, 0x6717, 0x6736, 0x6315,
    0x6716, 0x5A72, 0x2863, 0x2C44, 0x3041, 0x5061, 0x70A2, 0x7904,
    0x6D23, 0x6502, 0x6D22, 0x75A4, 0x75C5, 0x75E8, 0x722B, 0x6A4A,
    0x5DA5, 0x6D64, 0x7943, 0x7963, 0x7183, 0x7101, 0x6080, 0x64A0,
    0x74E0, 0x7500, 0x7541, 0x7942, 0x7922, 0x7521, 0x7542, 0x7562,
    0x7561, 0x7520, 0x7922, 0x7963, 0x7922, 0x7145, 0x6A4F, 0x6F16,
    0x6737, 0x6317, 0x6337, 0x6737, 0x6737, 0x6737, 0x62F5, 0x62F5,
    0x62F5, 0x6716, 0x62F6, 0x62F6, 0x66F6, 0x66F6, 0x66F4, 0x6F13,
    0x7752, 0x7332, 0x6F11, 0x6F11, 0x7330, 0x7331, 0x66D2, 0x66D5,
    0x62F6, 0x6716, 0x62F6, 0x62F5, 0x66F6, 0x66F6, 0x62F5, 0x66F8,
    0x62D9, 0x316D, 0x0C45, 0x0849, 0x086E, 0x108D, 0x3963, 0x6620,
    0x6E80, 0x66A0, 0x7740, 0x7FA0, 0x7BA0, 0x7B60, 0x72E0, 0x72C0,
    0x6AE0, 0x7760, 0x7B60, 0x7340, 0x7740, 0x7F80, 0x7FE0, 0x7FE0,
    0x7FE0, 0x7FE0, 0x7FE0, 0x7FE0, 0x7FC0, 0x7B40, 0x62C4, 0x4294,
    0x2ABA, 0x331C, 0x2EFC, 0x32FB, 0x433B, 0x3E95, 0x45F0, 0x45EF,
    0x460F, 0x45EE, 0x460F, 0x45EF, 0x4A10, 0x4A10, 0x4E30, 0x4E51,
    0x4E50, 0x4E52, 0x4E32, 0x314D, 0x188A, 0x18AC, 0x18AC, 0x18AC,
    0x18AC, 0x18AC, 0x1CAC, 0x1CCC, 0x1CCC, 0x1CCD, 0x1CCD, 0x1CCD,
    0x1CCD, 0x1CCD, 0x1CCD, 0x1CCC, 0x1CCC, 0x1CEE, 0x2130, 0x2550,
    0x2151, 0x2151, 0x2152, 0x2551, 0x2550, 0x212F, 0x1CED, 0x294F,
    0x2990, 0x2DB2, 0x2992, 0x2992, 0x2992, 0x2551, 0x2530, 0x2D92,
    0x2973, 0x2532, 0x2131, 0x2D71, 0x20EB, 0x18C8, 0x1904, 0x2986,
    0x2DA5, 0x4A6C, 0x4A6E, 0x2526, 0x3589, 0x2D66, 0x39E7, 0x4EAC,
    0x4A68, 0x3A04, 0x31A4, 0x1D01, 0x3A06, 0x4266, 0x4686, 0x3A23,
    0x4264, 0x3A43, 0x3E25, 0x35E3, 0x4686, 0x4AA6, 0x4AC6, 0x5309,
    0x4AC8, 0x5328, 0x4B03, 0x46E2, 0x5785, 0x5F87, 0x52CA, 0x20A5,
    0x28A7, 0x2CC9, 0x2CC9, 0x24A8, 0x20C8, 0x1CC7, 0x1CC7, 0x1CC7,
    0x1CC8, 0x20E9, 0x1CE9, 0x254D, 0x2D90, 0x2990, 0x258F, 0x31D1,
    0x31B0, 0x252D, 0x1CEA, 0x318D, 0x35AE, 0x35AD, 0x39CE, 0x31AD,
    0x5274, 0x4A31, 0x4210, 0x4231, 0x4231, 0x3DEF, 0x358C, 0x39AA,
    0x7378, 0x6316, 0x18C6, 0x252A, 0x252B, 0x292B, 0x254D, 0x190B,
    0x152C, 0x150C, 0x10EC, 0x0CCC, 0x0CCC, 0x10EB, 0x1D2C, 0x252B,
    0x3DEF, 0x2D6B, 0x10A6, 0x1D0A, 0x5294, 0x6B18, 0x6B37, 0x6B58,
    0x6B57, 0x3D8B, 0x3043, 0x3444, 0x2C62, 0x3861, 0x5401, 0x6020,
    0x4CA1, 0x5103, 0x50C0, 0x6542, 0x7184, 0x75A5, 0x75E7, 0x7249,
    0x6A28, 0x6DC6, 0x6922, 0x54E0, 0x4CC1, 0x54C5, 0x60E6, 0x7124,
    0x7963, 0x7961, 0x7962, 0x7541, 0x7901, 0x7921, 0x7563, 0x7562,
    0x7561, 0x7542, 0x7964, 0x7984, 0x7942, 0x7544, 0x6DCA, 0x76F6,
    0x6737, 0x6337, 0x6337, 0x6737, 0x5EF6, 0x62F6, 0x62F5, 0x6315,
    0x62F5, 0x6716, 0x62F6, 0x62F5, 0x66F5, 0x66F5, 0x6AF2, 0x7331,
    0x7331, 0x6AF1, 0x6F11, 0x7331, 0x7331, 0x6B13, 0x66F4, 0x62F5,
    0x62F5, 0x62F5, 0x62F5, 0x6716, 0x66F6, 0x66F6, 0x6717, 0x673A,
    0x318F, 0x0C6A, 0x0C69, 0x0C49, 0x106D, 0x1867, 0x49A0, 0x7B02,
    0x7B20, 0x7700, 0x7B60, 0x7F80, 0x7FA0, 0x7B60, 0x7720, 0x7720,
    0x7320, 0x7760, 0x7FC0, 0x7FE0, 0x7FE0, 0x7FE0, 0x7FE0, 0x7FE0,
    0x7FE0, 0x7FE0, 0x7FE0, 0x7FE0, 0x7FE0, 0x7FE1, 0x6702, 0x4671,
    0x2EB9, 0x2B1B, 0x2B1C, 0x373E, 0x435D, 0x5F9D, 0x6318, 0x66D6,
    0x62D5, 0x62D5, 0x62D5, 0x62D5, 0x62B4, 0x5A92, 0x5AB3, 0x5672,
    0x5A92, 0x5251, 0x5A93, 0x5253, 0x2D4D, 0x14AB, 0x148D, 0x14AD,
    0x18AD, 0x18AC, 0x18AD, 0x18CE, 0x18CD, 0x18CD, 0x18CD, 0x1CCD,
    0x1CCD, 0x1CCD, 0x1CCD, 0x1CCD, 0x1CCD, 0x210F, 0x2551, 0x2552,
    0x2552, 0x2172, 0x2571, 0x2130, 0x1CED, 0x1CEC, 0x1CEB, 0x2D6E,
    0x2D8F, 0x2990, 0x2591, 0x2572, 0x2572, 0x2130, 0x1D0F, 0x2993,
    0x2972, 0x2531, 0x250F, 0x250E, 0x1CC9, 0x18C7, 0x18E5, 0x1D03,
    0x2D85, 0x35C6, 0x2964, 0x39C9, 0x56CF, 0x6330, 0x56CC, 0x4E89,
    0x4E88, 0x4A48, 0x4E6B, 0x3188, 0x2964, 0x4EAA, 0x56EB, 0x52CA,
    0x4687, 0x4A88, 0x52CA, 0x52C9, 0x4A86, 0x4685, 0x4685, 0x5309,
    0x52E8, 0x5307, 0x4EE3, 0x4F25, 0x5B66, 0x5F85, 0x5B28, 0x2D44,
    0x28A7, 0x2CC8, 0x2CC8, 0x28C8, 0x3109, 0x28E7, 0x28E8, 0x2908,
    0x20C7, 0x24E8, 0x1CC7, 0x20E9, 0x2D6D, 0x2D90, 0x296F, 0x31B0,
    0x2D90, 0x210C, 0x252C, 0x35AE, 0x39F0, 0x39F0, 0x35CF, 0x31CE,
    0x3DEF, 0x4A31, 0x4631, 0x3E10, 0x3DF0, 0x4631, 0x39CD, 0x356A,
    0x779B, 0x5EF7, 0x2529, 0x294B, 0x252B, 0x1CE9, 0x14C9, 0x1088,
    0x10A9, 0x1089, 0x0C89, 0x0C89, 0x0C8A, 0x14CA, 0x210C, 0x292B,
    0x4611, 0x1084, 0x1086, 0x18C8, 0x4E73, 0x6F59, 0x7379, 0x6F99,
    0x6B37, 0x2CA4, 0x3843, 0x3C43, 0x2C43, 0x2062, 0x4042, 0x5042,
    0x5967, 0x5DA7, 0x5D43, 0x6D84, 0x75A4, 0x75C5, 0x7627, 0x7669,
    0x7249, 0x7629, 0x69C7, 0x5987, 0x59CA, 0x624F, 0x5DED, 0x5D66,
    0x6DA5, 0x7183, 0x6D41, 0x7102, 0x78E1, 0x7901, 0x7941, 0x7920,
    0x7120, 0x7563, 0x7584, 0x7563, 0x7543, 0x7543, 0x7167, 0x7292,
    0x6F38, 0x6317, 0x6316, 0x6736, 0x6316, 0x62F6, 0x6316, 0x62F4,
    0x62F4, 0x66F6, 0x5EF6, 0x62F5, 0x66F5, 0x66F3, 0x6F32, 0x7331,
    0x6F11, 0x6F12, 0x6F10, 0x7332, 0x6AF2, 0x62D3, 0x62F6, 0x62F6,
    0x62F5, 0x62F5, 0x62D5, 0x62D5, 0x66F6, 0x66F6, 0x6738, 0x4675,
    0x1550, 0x04CD, 0x0469, 0x0C48, 0x1048, 0x2CA2, 0x5A00, 0x72C0,
    0x7700, 0x7700, 0x7B60, 0x7760, 0x7FA0, 0x7FA0, 0x7FA0, 0x7FC0,
    0x7FC0, 0x7FC0, 0x7FE0, 0x7FE0, 0x7FE0, 0x7FE0, 0x7FE0, 0x7FE0,
    0x7FE0, 0x7FE0, 0x7FE0, 0x7FE0, 0x7FE0, 0x7FE0, 0x7762, 0x45E9,
    0x3676, 0x2EFB, 0x26FB, 0x373E, 0x3B3D, 0x473A, 0x5B5A, 0x66F7,
    0x66D5, 0x6716, 0x66F6, 0x6AF6, 0x6AF6, 0x66F5, 0x6B17, 0x6F37,
    0x6F37, 0x7358, 0x6F38, 0x6F39, 0x5AB5, 0x254D, 0x18AE, 0x14AF,
    0x18CE, 0x18CD, 0x18CE, 0x18CF, 0x18EE, 0x1CEE, 0x18CD, 0x1CEE,
    0x1CED, 0x1CCD, 0x1CCD, 0x18CE, 0x18EE, 0x1CEE, 0x18EE, 0x18EE,
    0x18EE, 0x18EE, 0x18ED, 0x18EC, 0x1CCB, 0x1CCA, 0x1CC9, 0x20E9,
    0x2D6C, 0x2D8E, 0x256F, 0x2571, 0x2992, 0x2551, 0x2130, 0x2973,
    0x2972, 0x252F, 0x1CCB, 0x20EA, 0x1CC7, 0x1CE7, 0x18E6, 0x1D04,
    0x4229, 0x4EA9, 0x56CB, 0x4207, 0x39E7, 0x4248, 0x56AB, 0x5288,
    0x568A, 0x5ECD, 0x5ECF, 0x41E9, 0x35A7, 0x4228, 0x3A06, 0x2DA4,
    0x3A05, 0x4667, 0x4A87, 0x4664, 0x4685, 0x4AA6, 0x52C8, 0x56E9,
    0x52E8, 0x5707, 0x52E4, 0x46A2, 0x4282, 0x5304, 0x5F47, 0x4E69,
    0x24A5, 0x28C7, 0x2CC9, 0x2CC8, 0x3109, 0x2CE7, 0x30E7, 0x3508,
    0x28E6, 0x3549, 0x24C6, 0x2D08, 0x24C7, 0x2D4C, 0x294C, 0x2D6E,
    0x2D6F, 0x210B, 0x210B, 0x35AF, 0x31AF, 0x35D0, 0x31CF, 0x298D,
    0x316B, 0x4610, 0x39AE, 0x3DEF, 0x4A52, 0x4A31, 0x3DED, 0x2D49,
    0x316A, 0x2508, 0x20E9, 0x252A, 0x294C, 0x35AE, 0x3DF0, 0x4A32,
    0x4E74, 0x4E54, 0x4212, 0x39D0, 0x294D, 0x1CEB, 0x1CC9, 0x250A,
    0x41EF, 0x1083, 0x1085, 0x1085, 0x3DED, 0x6B37, 0x6B36, 0x6B36,
    0x66D4, 0x3022, 0x3842, 0x4443, 0x3842, 0x2061, 0x3442, 0x54C5,
    0x6168, 0x6123, 0x71A5, 0x79C5, 0x75A3, 0x75C3, 0x79E5, 0x7627,
    0x7626, 0x7606, 0x7229, 0x664B, 0x5E4B, 0x66AF, 0x626D, 0x5E0B,
    0x59A7, 0x5943, 0x5D23, 0x58E1, 0x68C0, 0x78E0, 0x7100, 0x7500,
    0x6CE0, 0x7943, 0x7585, 0x7564, 0x7542, 0x7522, 0x7545, 0x720D,
    0x6ED5, 0x6717, 0x6317, 0x6315, 0x6316, 0x62F6, 0x5ED5, 0x5ED4,
    0x62F6, 0x6317, 0x62F6, 0x62F5, 0x66F3, 0x6F32, 0x6F31, 0x6F11,
    0x6EF2, 0x6EF1, 0x7332, 0x66F1, 0x62D3, 0x62F6, 0x62D6, 0x62F6,
    0x5ED5, 0x62F6, 0x62D5, 0x5EB4, 0x66F6, 0x66F6, 0x5F17, 0x25F2,
    0x1E16, 0x11B2, 0x0487, 0x1464, 0x1843, 0x4540, 0x6A40, 0x76E0,
    0x72A0, 0x72E0, 0x7B60, 0x7760, 0x7BA0, 0x7BA0, 0x7FA0, 0x7FE0,
    0x7FE0, 0x7FE0, 0x7FE0, 0x7FE0, 0x7FE0, 0x7FE0, 0x7FE0, 0x7FE0,
    0x7FE0, 0x7FE0, 0x7FE0, 0x7FE0, 0x7FE0, 0x7FE0, 0x7B80, 0x5202,
    0x4273, 0x2EB9, 0x2F1C, 0x373E, 0x2ADA, 0x3319, 0x579C, 0x5ED6,
    0x66F6, 0x62D4, 0x66F5, 0x66F5, 0x66F6, 0x6716, 0x6B37, 0x6B16,
    0x6F37, 0x6715, 0x6B16, 0x6B37, 0x6716, 0x4612, 0x18AD, 0x14AF,
    0x14CF, 0x14CE, 0x18CE, 0x18CE, 0x18EE, 0x1CEF, 0x18EE, 0x1CEE,
    0x1CEE, 0x1CEE, 0x1CEE, 0x1D0F, 0x210F, 0x1D0E, 0x1D0E, 0x1D0F,
    0x1D0E, 0x1CEE, 0x1CED, 0x20ED, 0x20EC, 0x20CA, 0x1CC9, 0x1CE9,
    0x2529, 0x2D6C, 0x296E, 0x2970, 0x2971, 0x2550, 0x1D0F, 0x2972,
    0x252F, 0x1CCA, 0x1CE8, 0x20E7, 0x20E6, 0x1D06, 0x18E6, 0x1D05,
    0x35C7, 0x52A9, 0x56E9, 0x4A68, 0x2D63, 0x2D84, 0x4A69, 0x4E89,
    0x56CA, 0x526A, 0x5AAD, 0x460A, 0x3164, 0x3183, 0x4227, 0x4A69,
    0x2D83, 0x3A05, 0x4686, 0x4EC7, 0x4EE7, 0x5709, 0x52C8, 0x4AA6,
    0x4EC6, 0x4EC5, 0x52E4, 0x5306, 0x5305, 0x5705, 0x56E6, 0x630B,
    0x3986, 0x28C6, 0x2CC9, 0x2CC8, 0x3108, 0x30E8, 0x30E7, 0x3908,
    0x2CC5, 0x3928, 0x28C5, 0x3528, 0x28C6, 0x3569, 0x2D28, 0x2509,
    0x1CC8, 0x1CE9, 0x20E9, 0x316D, 0x31AF, 0x35D0, 0x2DAF, 0x298E,
    0x2D4A, 0x4610, 0x4A31, 0x56B5, 0x4610, 0x39AC, 0x41ED, 0x460F,
    0x39AD, 0x4210, 0x3DF0, 0x3DF0, 0x39F0, 0x39CE, 0x358C, 0x316B,
    0x2529, 0x1CC7, 0x14A6, 0x1486, 0x1486, 0x1487, 0x18A8, 0x1CC8,
    0x20E7, 0x2507, 0x2528, 0x2D49, 0x4E50, 0x6B37, 0x6B36, 0x6F58,
    0x62D4, 0x3023, 0x3822, 0x5464, 0x5864, 0x3C41, 0x4483, 0x5482,
    0x7124, 0x7544, 0x7984, 0x79A4, 0x7581, 0x7561, 0x7562, 0x7562,
    0x7981, 0x75A3, 0x7608, 0x766C, 0x6E6C, 0x6E8C, 0x6A4A, 0x622A,
    0x6A4C, 0x6E2B, 0x7209, 0x75E7, 0x7541, 0x7100, 0x6D20, 0x7941,
    0x6CC0, 0x7945, 0x7587, 0x7586, 0x7544, 0x7521, 0x7523, 0x6D88,
    0x6E92, 0x5ED4, 0x5EF6, 0x5AD4, 0x62F6, 0x5AD4, 0x5AD5, 0x5EF5,
    0x5AD4, 0x5ED5, 0x62D5, 0x62D4, 0x6B31, 0x6F30, 0x6F12, 0x6AD2,
    0x6EF1, 0x7310, 0x6F11, 0x66F3, 0x5ED4, 0x5ED5, 0x5ED5, 0x62F6,
    0x62D5, 0x62D5, 0x62F5, 0x62D5, 0x62F6, 0x62D5, 0x52D6, 0x056F,
    0x26B9, 0x2A97, 0x298C, 0x2060, 0x3060, 0x4940, 0x6620, 0x76A0,
    0x76C0, 0x7B20, 0x7FA0, 0x7BA0, 0x7FC0, 0x7B80, 0x7360, 0x7780,
    0x7BA0, 0x7FC0, 0x7FE0, 0x7FE0, 0x7FE0, 0x7FE0, 0x7FE0, 0x7FE0,
    0x7FE0, 0x7FE0, 0x7FE0, 0x7FE0, 0x7FE0, 0x7FE0, 0x7FC0, 0x6680,
    0x4650, 0x3ADA, 0x371D, 0x3B3E, 0x2ADB, 0x26D9, 0x53BE, 0x5718,
    0x62F5, 0x62D5, 0x6AF5, 0x66F5, 0x66F6, 0x62F6, 0x66F6, 0x66F5,
    0x66F5, 0x6B16, 0x6B36, 0x6B57, 0x6F58, 0x5AB6, 0x292E, 0x18AF,
    0x14D0, 0x14CF, 0x14CE, 0x14CE, 0x18CE, 0x18CE, 0x18CE, 0x18EE,
    0x1D0F, 0x1CEF, 0x1CEE, 0x1CEE, 0x1CEE, 0x1CEE, 0x1CEE, 0x1CEE,
    0x1D0E, 0x210F, 0x210F, 0x210E, 0x20ED, 0x20EC, 0x1CEB, 0x20EB,
    0x20E7, 0x252A, 0x2D6D, 0x2D6E, 0x296F, 0x252F, 0x1CED, 0x210E,
    0x18CA, 0x1CC7, 0x2527, 0x2105, 0x2105, 0x1D04, 0x18E6, 0x18E7,
    0x2545, 0x4668, 0x570A, 0x56EA, 0x4208, 0x2101, 0x3184, 0x3E06,
    0x4227, 0x4E49, 0x5ECD, 0x62CF, 0x4A49, 0x4A47, 0x528A, 0x52AB,
    0x4227, 0x3E06, 0x3A24, 0x3E44, 0x4263, 0x3E22, 0x3E42, 0x4261,
    0x4EA3, 0x4EA2, 0x4AA2, 0x5306, 0x5707, 0x56E6, 0x5B27, 0x6749,
    0x5AAA, 0x24C4, 0x2CC9, 0x2CC7, 0x3107, 0x3108, 0x30E7, 0x3909,
    0x2CC6, 0x3929, 0x28C5, 0x3928, 0x2CE6, 0x3548, 0x3148, 0x312A,
    0x24E9, 0x250A, 0x290A, 0x292A, 0x294C, 0x318F, 0x31B0, 0x2D8E,
    0x3DAC, 0x5673, 0x5252, 0x41EE, 0x41EF, 0x460F, 0x398B, 0x4E30,
    0x18A5, 0x1464, 0x1485, 0x1485, 0x1485, 0x1485, 0x1484, 0x14A5,
    0x1485, 0x14A5, 0x14A5, 0x1485, 0x1485, 0x1485, 0x1886, 0x1C86,
    0x5A94, 0x6716, 0x6716, 0x6B38, 0x6B17, 0x62F5, 0x6316, 0x6716,
    0x49EE, 0x2C64, 0x3442, 0x5463, 0x68A5, 0x54A4, 0x50A5, 0x60A2,
    0x7D64, 0x74E0, 0x7901, 0x7942, 0x7962, 0x7963, 0x7941, 0x7500,
    0x7520, 0x7982, 0x75C6, 0x7629, 0x7608, 0x7607, 0x71E5, 0x7229,
    0x766A, 0x7229, 0x7606, 0x75C3, 0x7580, 0x7160, 0x7560, 0x7981,
    0x68A0, 0x7926, 0x7167, 0x6D66, 0x7165, 0x7543, 0x7943, 0x75A8,
    0x6E6F, 0x66F5, 0x5F17, 0x56B4, 0x5AD4, 0x56B3, 0x5AF5, 0x5AD5,
    0x5EF5, 0x5ED3, 0x66F4, 0x66F1, 0x6F2F, 0x6AEE, 0x62B0, 0x66D1,
    0x6AEE, 0x7310, 0x66D0, 0x5AB2, 0x56B3, 0x56B3, 0x5AB3, 0x5A93,
    0x5ED6, 0x5ED5, 0x62F5, 0x5ED4, 0x62D5, 0x5ED6, 0x4654, 0x11B3,
    0x2ADA, 0x433A, 0x52B2, 0x30A2, 0x3460, 0x3CE0, 0x59C0, 0x6A40,
    0x6EA0, 0x7720, 0x7760, 0x7FA0, 0x7FA0, 0x7B80, 0x7740, 0x7320,
    0x7740, 0x7FA0, 0x7FC0, 0x7FE0, 0x7FE0, 0x7FE0, 0x7FE0, 0x7FE0,
    0x7FE0, 0x7FE0, 0x7FE0, 0x7FE0, 0x7FE0, 0x7FE0, 0x7FE0, 0x7721,
    0x3DEB, 0x32B7, 0x2EFD, 0x373D, 0x2ABA, 0x1E99, 0x3F3B, 0x5318,
    0x5EF7, 0x66F5, 0x66F5, 0x66F6, 0x62D5, 0x5EB4, 0x5A93, 0x5252,
    0x5693, 0x5693, 0x5ED4, 0x62F5, 0x6716, 0x66F7, 0x4613, 0x18AD,
    0x14AF, 0x14CF, 0x14CE, 0x18CE, 0x18CE, 0x18CE, 0x18EF, 0x18EF,
    0x18EF, 0x1D0F, 0x1CEE, 0x1CEE, 0x1CEE, 0x1D0E, 0x1CEE, 0x1CEE,
    0x1CEE, 0x1CEF, 0x1D0F, 0x210F, 0x210F, 0x1CEE, 0x18EC, 0x210C,
    0x20E9, 0x20E8, 0x250A, 0x252B, 0x292D, 0x252D, 0x1CCB, 0x1CE9,
    0x1CC7, 0x1CE6, 0x2526, 0x1D04, 0x2126, 0x1D06, 0x1907, 0x18E7,
    0x1905, 0x31C6, 0x4A89, 0x52CB, 0x4E8C, 0x2945, 0x35A7, 0x464C,
    0x4A4B, 0x5ACD, 0x5ECC, 0x5ACD, 0x528A, 0x5ACA, 0x5ACB, 0x4E69,
    0x3183, 0x3184, 0x35E4, 0x3603, 0x3E22, 0x4262, 0x4A83, 0x4A81,
    0x4EA1, 0x4EA1, 0x4EC4, 0x5705, 0x5706, 0x52E5, 0x5F27, 0x5B05,
    0x6B4C, 0x3566, 0x2CE9, 0x28C7, 0x30E7, 0x30E8, 0x2CC7, 0x3529,
    0x28C6, 0x352A, 0x24C5, 0x3528, 0x28E6, 0x3528, 0x394A, 0x312B,
    0x24EA, 0x20C9, 0x2909, 0x24E7, 0x250A, 0x250A, 0x294D, 0x31AF,
    0x3989, 0x5672, 0x5272, 0x5272, 0x5AB4, 0x41CD, 0x3DAC, 0x5692,
    0x20E6, 0x1884, 0x1485, 0x1485, 0x1485, 0x14A4, 0x1484, 0x1484,
    0x1484, 0x14A4, 0x14A4, 0x1484, 0x1484, 0x1484, 0x1884, 0x1464,
    0x5272, 0x62F4, 0x6715, 0x6B37, 0x66F6, 0x6717, 0x6737, 0x6F37,
    0x30E6, 0x3041, 0x3841, 0x5883, 0x68C5, 0x50E5, 0x4083, 0x58A3,
    0x7522, 0x78C0, 0x78A0, 0x78C0, 0x7CE1, 0x7D02, 0x7D01, 0x7CE0,
    0x7100, 0x7540, 0x7183, 0x75C5, 0x75A4, 0x75A3, 0x71A2, 0x75E4,
    0x7606, 0x75C4, 0x75A2, 0x75A0, 0x7580, 0x7580, 0x7160, 0x7940,
    0x6CA0, 0x74C4, 0x6526, 0x6146, 0x6545, 0x7123, 0x7901, 0x7986,
    0x6E2C, 0x6AF4, 0x5AF6, 0x56B5, 0x5EF5, 0x5AD4, 0x5EF5, 0x5ED5,
    0x5ED3, 0x66F3, 0x66F1, 0x6F31, 0x6F31, 0x6AF0, 0x6AF0, 0x6B10,
    0x6F30, 0x66CF, 0x62D2, 0x62F5, 0x5AD4, 0x5AB3, 0x5ED4, 0x5EB4,
    0x62F6, 0x62F6, 0x5ED4, 0x62F6, 0x5ED6, 0x62F8, 0x4214, 0x21F4,
    0x331A, 0x4316, 0x7377, 0x3D27, 0x2C20, 0x3CC0, 0x4520, 0x4D60,
    0x59E0, 0x6A80, 0x7300, 0x7B40, 0x7B60, 0x7B60, 0x7B40, 0x7740,
    0x7740, 0x7B80, 0x7BA0, 0x7FE0, 0x7FE0, 0x7FE0, 0x7FE0, 0x7FE0,
    0x7FE0, 0x7FE0, 0x7FE0, 0x7FE0, 0x7FE0, 0x7FE0, 0x7FE0, 0x7B61,
    0x41E9, 0x3295, 0x229B, 0x3B3D, 0x2ABA, 0x1E7A, 0x3B5C, 0x4F5A,
    0x52D6, 0x62D5, 0x5EB4, 0x5ED4, 0x62F6, 0x6B17, 0x66D6, 0x6717,
    0x6718, 0x6717, 0x5AD5, 0x5ED5, 0x5EB3, 0x5EB3, 0x4A32, 0x20ED,
    0x14CE, 0x14AF, 0x18CE, 0x18CE, 0x18CE, 0x18EE, 0x1CEE, 0x18EE,
    0x18EE, 0x18EE, 0x18EE, 0x1CEF, 0x1CEE, 0x1CEE, 0x1CEE, 0x1CEE,
    0x1CEE, 0x1CEE, 0x1D0E, 0x1D0F, 0x1D0F, 0x1CEE, 0x1CED, 0x210C,
    0x20EB, 0x20C9, 0x20E9, 0x20E9, 0x292C, 0x20EB, 0x1CC9, 0x1CC7,
    0x20E6, 0x2507, 0x2527, 0x1D04, 0x2145, 0x1D25, 0x1906, 0x18E6,
    0x14E5, 0x1904, 0x2DA5, 0x3E47, 0x3E08, 0x2525, 0x2105, 0x3189,
    0x39A9, 0x4A4B, 0x4E69, 0x4A48, 0x4E88, 0x5287, 0x56A9, 0x5ACB,
    0x56AB, 0x4E69, 0x4A68, 0x4A66, 0x4664, 0x4E84, 0x52A4, 0x4A82,
    0x4A80, 0x4680, 0x4EA4, 0x4EC4, 0x4EE4, 0x5B28, 0x52E4, 0x5B05,
    0x6F8E, 0x41E8, 0x28E7, 0x24C8, 0x2CE9, 0x3109, 0x2CE7, 0x3529,
    0x28C7, 0x354A, 0x24C6, 0x3529, 0x28E6, 0x3508, 0x352A, 0x28EA,
    0x24EA, 0x20EA, 0x2929, 0x28E7, 0x3129, 0x2D09, 0x2509, 0x294B,
    0x3989, 0x5250, 0x4E30, 0x4A30, 0x41EE, 0x2D28, 0x3149, 0x5EB4,
    0x2507, 0x1883, 0x1884, 0x1484, 0x1484, 0x1883, 0x1483, 0x1483,
    0x1483, 0x1462, 0x1062, 0x1884, 0x18A4, 0x1883, 0x1CC6, 0x2929,
    0x5AB4, 0x6B37, 0x6715, 0x6716, 0x6B38, 0x6315, 0x6B36, 0x7336,
    0x3462, 0x4041, 0x5882, 0x78E5, 0x70E5, 0x40A3, 0x38C6, 0x5064,
    0x70A2, 0x7CC3, 0x7881, 0x7860, 0x7881, 0x7880, 0x78A0, 0x78C0,
    0x74C0, 0x78E0, 0x7921, 0x7921, 0x7921, 0x7520, 0x7161, 0x75A3,
    0x75A4, 0x7161, 0x7560, 0x7560, 0x7560, 0x7540, 0x6D20, 0x7520,
    0x7880, 0x6C62, 0x54C3, 0x44E2, 0x5903, 0x68E1, 0x70A0, 0x7903,
    0x6DCA, 0x6AD3, 0x5AD5, 0x5EF6, 0x62F6, 0x5EF5, 0x5AD5, 0x5ED5,
    0x5EB2, 0x66D1, 0x6B0E, 0x6F30, 0x6AD2, 0x6AF2, 0x6F0F, 0x734F,
    0x6F31, 0x62F2, 0x62D5, 0x5EB5, 0x5ED5, 0x5AB3, 0x5ED4, 0x5AB4,
    0x5AB4, 0x5EB4, 0x5AB4, 0x62F6, 0x5ED6, 0x5ED7, 0x31B2, 0x36BA,
    0x331A, 0x36D2, 0x6B34, 0x38C2, 0x3020, 0x40E0, 0x4500, 0x4500,
    0x4920, 0x59E0, 0x6EA0, 0x72C0, 0x7740, 0x7740, 0x7740, 0x7740,
    0x7740, 0x7B80, 0x7780, 0x7BA0, 0x7FC0, 0x7FE0, 0x7FE0, 0x7FE0,
    0x7BC0, 0x7FE0, 0x7FE0, 0x7FE0, 0x7FE0, 0x7FC0, 0x7BE0, 0x7BA1,
    0x4A05, 0x2E54, 0x267B, 0x32DB, 0x36FB, 0x1E9A, 0x375C, 0x4F7C,
    0x4ED7, 0x5AB5, 0x5A73, 0x5673, 0x5272, 0x5E93, 0x5EB4, 0x5ED5,
    0x5ED5, 0x5AD5, 0x5ED5, 0x5ED5, 0x66F5, 0x7358, 0x62F7, 0x4212,
    0x14AD, 0x14CF, 0x18CF, 0x18CE, 0x18EE, 0x18CE, 0x1CEE, 0x18EE,
    0x18EE, 0x18EE, 0x18EE, 0x1CEE, 0x1CEE, 0x1CEE, 0x1CEE, 0x1CED,
    0x1CED, 0x210D, 0x210E, 0x210E, 0x210E, 0x210D, 0x20CB, 0x250C,
    0x20EC, 0x1CCA, 0x20EA, 0x20C9, 0x20C9, 0x20C9, 0x20C9, 0x20C8,
    0x20E8, 0x2949, 0x2527, 0x2DA8, 0x2986, 0x1D45, 0x1905, 0x1905,
    0x1906, 0x18E6, 0x2165, 0x31E3, 0x29A4, 0x18E3, 0x18C5, 0x18A6,
    0x1CC5, 0x2102, 0x2DA3, 0x35E2, 0x4224, 0x4A65, 0x56A7, 0x5AA9,
    0x4E67, 0x4626, 0x4A46, 0x4A65, 0x4A64, 0x4A64, 0x4E84, 0x56A6,
    0x52A4, 0x52C5, 0x52E6, 0x4EE4, 0x4AC2, 0x4EE6, 0x4EC5, 0x5B06,
    0x6B8E, 0x528C, 0x2907, 0x24C9, 0x2CE9, 0x310A, 0x2CE7, 0x3528,
    0x28C6, 0x354A, 0x24C6, 0x3529, 0x28E6, 0x3127, 0x3129, 0x20E9,
    0x20CA, 0x20CA, 0x2909, 0x2908, 0x3528, 0x3549, 0x2908, 0x2929,
    0x41EC, 0x4A2F, 0x39CC, 0x2D6A, 0x18C5, 0x1CC6, 0x24E7, 0x4E31,
    0x24E6, 0x2907, 0x2D49, 0x358A, 0x39AC, 0x3DCC, 0x460E, 0x460E,
    0x5271, 0x5A93, 0x6716, 0x5ED5, 0x62D5, 0x6716, 0x6716, 0x6717,
    0x6716, 0x6716, 0x6716, 0x6B37, 0x6716, 0x6316, 0x62F5, 0x7337,
    0x34C4, 0x54E5, 0x64C3, 0x74C3, 0x64C4, 0x38A6, 0x2885, 0x3C42,
    0x6041, 0x7462, 0x7842, 0x7440, 0x6C40, 0x7040, 0x7CA1, 0x7CC1,
    0x7CC1, 0x78C0, 0x78C0, 0x7CC0, 0x7CC0, 0x7901, 0x7900, 0x7922,
    0x7921, 0x7500, 0x7900, 0x7500, 0x7900, 0x7520, 0x6D00, 0x74E0,
    0x7880, 0x6841, 0x64E6, 0x44C3, 0x44C2, 0x60E2, 0x7144, 0x7944,
    0x7167, 0x72B3, 0x5AD4, 0x5AD6, 0x5ED6, 0x5ED4, 0x5AD3, 0x62F2,
    0x62D0, 0x66EF, 0x6B0F, 0x6AF1, 0x6AD1, 0x6F0F, 0x732D, 0x6F2F,
    0x62B1, 0x5ED4, 0x5ED4, 0x5ED5, 0x5AB4, 0x5AB4, 0x5ED5, 0x5EB5,
    0x62F6, 0x62D5, 0x62D5, 0x62F6, 0x5EF5, 0x56B7, 0x0CCB, 0x369A,
    0x26B8, 0x3AD3, 0x52AF, 0x3C80, 0x3400, 0x44C0, 0x4500, 0x4500,
    0x4920, 0x59C0, 0x6A60, 0x72E0, 0x7740, 0x7B80, 0x7740, 0x7760,
    0x7740, 0x7B80, 0x7740, 0x7360, 0x7BA0, 0x7FC0, 0x7FE0, 0x7FE0,
    0x7BC0, 0x7FE0, 0x7FE0, 0x7FE0, 0x7FE0, 0x7FE0, 0x7FE0, 0x7FC0,
    0x62E2, 0x2DEF, 0x223B, 0x2E99, 0x3B5C, 0x2ADC, 0x3B7E, 0x4B7C,
    0x3E54, 0x5AD6, 0x5EB4, 0x5EB5, 0x5EB4, 0x62D5, 0x5AB3, 0x5AB3,
    0x62F5, 0x62D5, 0x6716, 0x6716, 0x6B37, 0x6F37, 0x66F6, 0x5274,
    0x210D, 0x14AE, 0x14AE, 0x14CE, 0x18CE, 0x18EE, 0x18EE, 0x18CE,
    0x1CEE, 0x1CEE, 0x1CEE, 0x1CEE, 0x1CEE, 0x1CEE, 0x1CEE, 0x20EE,
    0x210E, 0x1CED, 0x210E, 0x210E, 0x210E, 0x20EE, 0x20EC, 0x20EC,
    0x250D, 0x290C, 0x24EB, 0x20CA, 0x20C9, 0x1CC8, 0x20E9, 0x20C8,
    0x20E8, 0x294A, 0x2127, 0x2DA7, 0x29A4, 0x29A4, 0x2164, 0x1D43,
    0x1924, 0x1905, 0x2144, 0x3605, 0x2DC4, 0x2985, 0x1D04, 0x24E6,
    0x24E5, 0x3586, 0x4227, 0x4245, 0x4245, 0x4A66, 0x52A8, 0x56C8,
    0x4224, 0x4223, 0x4A65, 0x4E85, 0x4A63, 0x4A63, 0x4E64, 0x4EA4,
    0x52C4, 0x4EC3, 0x52E5, 0x4AC3, 0x4EE5, 0x4EC5, 0x4EC4, 0x5705,
    0x5F2A, 0x4E8C, 0x2D48, 0x20A8, 0x28C9, 0x352B, 0x2CE7, 0x3929,
    0x2CE7, 0x394A, 0x28C6, 0x3929, 0x2CE6, 0x3528, 0x3128, 0x20C7,
    0x20C8, 0x20C8, 0x24E8, 0x28E8, 0x3528, 0x3949, 0x3107, 0x3128,
    0x5271, 0x4A2F, 0x318B, 0x14A5, 0x1085, 0x1485, 0x1CC6, 0x41EE,
    0x6F59, 0x7BBC, 0x7B9A, 0x7B9A, 0x7BBB, 0x779A, 0x7799, 0x7BBB,
    0x7FDC, 0x7BBB, 0x6F57, 0x66F5, 0x6716, 0x6715, 0x66F5, 0x62F5,
    0x6716, 0x6715, 0x6716, 0x6716, 0x62F5, 0x6B37, 0x6B37, 0x7779,
    0x34C5, 0x4CC5, 0x60C5, 0x64A4, 0x5482, 0x3063, 0x3064, 0x3841,
    0x4C41, 0x6022, 0x7442, 0x6820, 0x6C82, 0x7881, 0x7CC2, 0x78A0,
    0x78A0, 0x7880, 0x7CA0, 0x7880, 0x7880, 0x78A0, 0x70A0, 0x78A0,
    0x78A0, 0x78A0, 0x78C0, 0x74C0, 0x78C0, 0x70C0, 0x70E0, 0x74C0,
    0x7880, 0x6820, 0x6CE5, 0x4CE3, 0x40E3, 0x54E3, 0x6103, 0x7566,
    0x7168, 0x6E92, 0x5AB4, 0x5EF6, 0x5AB4, 0x5ED3, 0x5AB0, 0x6B32,
    0x6B11, 0x6F11, 0x6AF1, 0x6AF0, 0x6AEF, 0x6F0F, 0x6F10, 0x62D2,
    0x5EB4, 0x5AB3, 0x5EB4, 0x5ED4, 0x5ED5, 0x5AB4, 0x5AB4, 0x62D6,
    0x5EB5, 0x5EB4, 0x62D6, 0x5EB5, 0x62F6, 0x5AF9, 0x10AA, 0x19B4,
    0x2AFC, 0x2A74, 0x4E8F, 0x3CA0, 0x3400, 0x44C0, 0x4500, 0x4100,
    0x4520, 0x6A20, 0x72C0, 0x7720, 0x7B80, 0x7FA0, 0x7B60, 0x7780,
    0x7760, 0x7B60, 0x7760, 0x7B80, 0x7780, 0x7BC0, 0x7FC0, 0x7FC0,
    0x7FE0, 0x7FE0, 0x7FE0, 0x7FE0, 0x7FE0, 0x7FE0, 0x7FE0, 0x7FA0,
    0x6F24, 0x3A2F, 0x2639, 0x2656, 0x3B5C, 0x2F1C, 0x3F7E, 0x4B9D,
    0x2E11, 0x5AD6, 0x62D5, 0x5EB4, 0x62D5, 0x62F5, 0x62F6, 0x5EB4,
    0x5ED4, 0x5ED4, 0x5ED4, 0x62D4, 0x62D4, 0x6AF5, 0x6B16, 0x62F6,
    0x41D2, 0x18AD, 0x14AE, 0x14CE, 0x14CE, 0x18EF, 0x18EE, 0x1CEE,
    0x1CEF, 0x1CEF, 0x1D0F, 0x1CEE, 0x1D0E, 0x1CEE, 0x210E, 0x210E,
    0x210E, 0x210E, 0x210E, 0x210E, 0x20EE, 0x20EE, 0x1CCC, 0x20EC,
    0x20EB, 0x20CB, 0x20CB, 0x20CA, 0x20C9, 0x1CE8, 0x20E8, 0x20C9,
    0x1CE7, 0x2948, 0x2125, 0x1D24, 0x2DC7, 0x2DC6, 0x2DE5, 0x3204,
    0x3223, 0x3E65, 0x4266, 0x4686, 0x3E65, 0x3E26, 0x31A4, 0x3DC8,
    0x39A9, 0x2944, 0x3E09, 0x4226, 0x4646, 0x4666, 0x4EA7, 0x52A7,
    0x4664, 0x4664, 0x4A84, 0x4662, 0x4641, 0x4A42, 0x4A62, 0x4A61,
    0x4EA2, 0x52E2, 0x4EC2, 0x46A1, 0x46A3, 0x4EE5, 0x5304, 0x5704,
    0x5F48, 0x528B, 0x2D46, 0x24C7, 0x28C9, 0x350A, 0x2CE7, 0x3929,
    0x2CE7, 0x394A, 0x28E7, 0x3929, 0x2CE6, 0x3529, 0x3108, 0x28E7,
    0x24E7, 0x20E7, 0x24E7, 0x2D08, 0x3528, 0x3949, 0x3107, 0x3528,
    0x6317, 0x1483, 0x1463, 0x1484, 0x1484, 0x1464, 0x1864, 0x3149,
    0x62D5, 0x66F6, 0x66F5, 0x6715, 0x6B16, 0x66F5, 0x6715, 0x6B16,
    0x6716, 0x62F5, 0x66F5, 0x66F5, 0x62F5, 0x6715, 0x6716, 0x6716,
    0x6B37, 0x6B36, 0x6715, 0x6715, 0x6B37, 0x6B37, 0x6B37, 0x7358,
    0x2CC5, 0x3C84, 0x4463, 0x5CE7, 0x4861, 0x4506, 0x3C84, 0x4D07,
    0x4022, 0x5422, 0x6C21, 0x7063, 0x78E5, 0x7C81, 0x7860, 0x7880,
    0x7861, 0x7860, 0x7860, 0x7C80, 0x7CA1, 0x74A0, 0x6C80, 0x7060,
    0x7060, 0x7480, 0x78A0, 0x78A0, 0x78A0, 0x78C0, 0x78E0, 0x7CC0,
    0x7C80, 0x6420, 0x68E5, 0x54E4, 0x3CA2, 0x4CC3, 0x58C2, 0x6945,
    0x6D8A, 0x6E93, 0x62D5, 0x5AB3, 0x62F4, 0x5ED1, 0x6711, 0x6F32,
    0x6B12, 0x66F0, 0x6AF1, 0x6B0E, 0x732E, 0x6B0F, 0x5E92, 0x5EB6,
    0x5ED5, 0x5693, 0x5ED4, 0x5ED4, 0x5ED5, 0x5AB4, 0x5EB4, 0x5AB4,
    0x5A94, 0x5AB4, 0x62D6, 0x5A94, 0x5ED6, 0x4E97, 0x0C8A, 0x21D4,
    0x26DC, 0x3298, 0x56B2, 0x40E0, 0x3440, 0x44C0, 0x4500, 0x4520,
    0x4520, 0x6A40, 0x72C0, 0x72E0, 0x7740, 0x7B80, 0x7760, 0x7760,
    0x7780, 0x7BA0, 0x7BA0, 0x7FC0, 0x7760, 0x7BA0, 0x7BA0, 0x7FC0,
    0x7BC0, 0x7FE0, 0x7FE0, 0x7FE0, 0x7FE0, 0x7FE0, 0x7FE0, 0x7B60,
    0x5A20, 0x4211, 0x42BA, 0x2612, 0x3B3D, 0x2EFB, 0x3F7D, 0x477C,
    0x4F3A, 0x5AD6, 0x62D5, 0x5EB4, 0x5AB3, 0x5A93, 0x62F5, 0x5ED4,
    0x66F6, 0x6716, 0x6716, 0x6716, 0x6716, 0x66F5, 0x6715, 0x6716,
    0x5274, 0x20EC, 0x18CE, 0x18CF, 0x14CE, 0x18CE, 0x18EE, 0x1CEE,
    0x1CEE, 0x1CEE, 0x1CEE, 0x1CEE, 0x210E, 0x210E, 0x210E, 0x210E,
    0x210E, 0x210E, 0x210E, 0x210E, 0x210E, 0x210E, 0x210D, 0x20EC,
    0x20EB, 0x20EB, 0x20CB, 0x20EB, 0x20C9, 0x1CE8, 0x1CC8, 0x20C9,
    0x1CE6, 0x2947, 0x1D04, 0x1D24, 0x2146, 0x2566, 0x31E7, 0x3A44,
    0x4AE5, 0x4F05, 0x46C4, 0x3A43, 0x4284, 0x4664, 0x4A66, 0x4E69,
    0x526C, 0x1CE2, 0x1CE4, 0x31A5, 0x39E5, 0x4225, 0x4644, 0x4242,
    0x4663, 0x4243, 0x3E21, 0x4241, 0x4240, 0x4661, 0x4640, 0x4660,
    0x4EA0, 0x52E1, 0x52E2, 0x46A1, 0x4281, 0x4AC4, 0x4AE3, 0x5F66,
    0x6368, 0x52AA, 0x3165, 0x28E7, 0x28C8, 0x3109, 0x2CE7, 0x3929,
    0x28E7, 0x394A, 0x28C6, 0x3949, 0x30E6, 0x3928, 0x3508, 0x2D07,
    0x2D28, 0x2908, 0x2D08, 0x2D08, 0x3108, 0x3528, 0x3107, 0x3507,
    0x5A94, 0x1462, 0x2507, 0x39AC, 0x358B, 0x2D49, 0x398C, 0x5A93,
    0x6B17, 0x6B16, 0x6B15, 0x66F5, 0x6F37, 0x66F5, 0x6715, 0x6716,
    0x6B36, 0x6715, 0x6B36, 0x6B36, 0x6716, 0x6B36, 0x6716, 0x6715,
    0x6B37, 0x6716, 0x6B37, 0x6B36, 0x6B36, 0x6B37, 0x6B57, 0x777A,
    0x28C6, 0x2C63, 0x2841, 0x44E7, 0x38A6, 0x3D4C, 0x3D2B, 0x596A,
    0x4822, 0x5821, 0x7463, 0x7862, 0x7461, 0x7C61, 0x7862, 0x7420,
    0x7441, 0x7841, 0x7C82, 0x7C81, 0x7CA1, 0x7CA1, 0x7CA0, 0x7C80,
    0x7C80, 0x7880, 0x7C80, 0x7CA0, 0x7C80, 0x7CA0, 0x78C0, 0x78C0,
    0x7CC1, 0x6060, 0x5CE4, 0x5D26, 0x40A0, 0x4CE3, 0x48A0, 0x5903,
    0x5D8A, 0x6A92, 0x62D4, 0x5AD3, 0x5ED0, 0x6B0F, 0x6AF0, 0x6F13,
    0x62D0, 0x6710, 0x6B0F, 0x732F, 0x6B0F, 0x5A90, 0x5ED5, 0x5AD5,
    0x5AB4, 0x5AB4, 0x56B3, 0x5A93, 0x5EB4, 0x5AB3, 0x5A93, 0x5EB4,
    0x5ED5, 0x5AB4, 0x5A94, 0x62B5, 0x5ED6, 0x3E13, 0x0C8D, 0x08F1,
    0x1218, 0x32B7, 0x528D, 0x3D00, 0x3460, 0x44C0, 0x4120, 0x55A0,
    0x51A0, 0x6E60, 0x6EA0, 0x6EC0, 0x7740, 0x7740, 0x7B60, 0x7B80,
    0x7BA0, 0x7FC0, 0x7FC0, 0x7FC0, 0x7780, 0x7BA0, 0x7B80, 0x7BA0,
    0x7FE0, 0x7FE0, 0x7FE0, 0x7FE0, 0x7FE0, 0x7FE0, 0x7FC0, 0x7B20,
    0x4DC0, 0x45F1, 0x3A56, 0x2A13, 0x3B3E, 0x331C, 0x3B5D, 0x437D,
    0x4F5A, 0x5B17, 0x62D4, 0x5EB3, 0x62D5, 0x5ED4, 0x62D5, 0x5ED4,
    0x5EB4, 0x62D5, 0x62D5, 0x66F6, 0x6716, 0x62D4, 0x6B15, 0x6B36,
    0x62D6, 0x358E, 0x18AC, 0x14AE, 0x18CE, 0x18CE, 0x18EE, 0x1CEE,
    0x1CEE, 0x1CEE, 0x1CEE, 0x210F, 0x210F, 0x210F, 0x210E, 0x252F,
    0x2950, 0x252F, 0x252E, 0x252E, 0x252E, 0x252E, 0x292E, 0x252D,
    0x20EC, 0x20EB, 0x1CCB, 0x20CA, 0x20E9, 0x1CE8, 0x1CC8, 0x20C8,
    0x20E7, 0x2D89, 0x2125, 0x2986, 0x2144, 0x1D23, 0x2144, 0x3A27,
    0x46C7, 0x46C5, 0x3A64, 0x3624, 0x4686, 0x4A84, 0x4EA5, 0x4E85,
    0x5289, 0x35A6, 0x18C3, 0x1CE3, 0x2121, 0x2D81, 0x4223, 0x4242,
    0x4242, 0x4663, 0x4662, 0x4662, 0x4661, 0x4240, 0x4240, 0x4680,
    0x4EC0, 0x4EC0, 0x4EC1, 0x4EE3, 0x42A2, 0x4EE6, 0x4B04, 0x5B46,
    0x5B28, 0x632D, 0x3165, 0x28C7, 0x2CC8, 0x3509, 0x2CC6, 0x3929,
    0x28C6, 0x394A, 0x28C6, 0x3949, 0x30E6, 0x3928, 0x3928, 0x3528,
    0x3528, 0x2CE6, 0x3128, 0x3128, 0x3128, 0x3528, 0x3127, 0x3127,
    0x4A31, 0x4A2F, 0x62F4, 0x6F57, 0x6B16, 0x6B36, 0x66F5, 0x66F5,
    0x66F6, 0x6B36, 0x6B16, 0x6B16, 0x66F5, 0x6B16, 0x6716, 0x6B16,
    0x6716, 0x62F5, 0x62F5, 0x6715, 0x6716, 0x6B37, 0x6B37, 0x6716,
    0x6B36, 0x6716, 0x6716, 0x6716, 0x6716, 0x6736, 0x6B58, 0x7779,
    0x24C5, 0x2064, 0x1882, 0x20E8, 0x292E, 0x2973, 0x35B3, 0x65EE,
    0x5461, 0x6441, 0x7862, 0x7C41, 0x7C60, 0x7C40, 0x7842, 0x7842,
    0x7441, 0x7841, 0x7C61, 0x7C81, 0x7C60, 0x7C80, 0x7880, 0x7880,
    0x7880, 0x7880, 0x7CA0, 0x7CA0, 0x7C80, 0x7480, 0x74A0, 0x78C0,
    0x7CE1, 0x68A1, 0x5482, 0x6526, 0x48A2, 0x40E4, 0x3880, 0x4D24,
    0x4967, 0x6290, 0x66F3, 0x62F3, 0x6B11, 0x7350, 0x7331, 0x6AD2,
    0x66F1, 0x6B2F, 0x6F2E, 0x6B10, 0x62D2, 0x5ED4, 0x5AD4, 0x56B2,
    0x5EF4, 0x5692, 0x5ED5, 0x62F6, 0x5A93, 0x5EB4, 0x5A93, 0x5EB4,
    0x5EB4, 0x56B3, 0x5ED5, 0x66D6, 0x6317, 0x2DB1, 0x08D0, 0x0070,
    0x0DB4, 0x3AD5, 0x6F72, 0x4540, 0x3460, 0x44C0, 0x4D60, 0x6A20,
    0x6A60, 0x72C0, 0x7700, 0x72E0, 0x7300, 0x7720, 0x7740, 0x7B60,
    0x7B80, 0x7BA0, 0x7FC0, 0x7FC0, 0x7BA0, 0x7BC0, 0x7BC0, 0x7FE0,
    0x7FE0, 0x7FE0, 0x7FE0, 0x7FE0, 0x7FE0, 0x7FE0, 0x7FC0, 0x7F80,
    0x5E00, 0x3D48, 0x254F, 0x2E14, 0x32FD, 0x373E, 0x3F5E, 0x3F7D,
    0x579C, 0x56D6, 0x62F5, 0x62D4, 0x5EB3, 0x62D4, 0x62D4, 0x62D4,
    0x62F5, 0x62D5, 0x62F5, 0x62F5, 0x66F6, 0x62D4, 0x66F4, 0x62D3,
    0x6716, 0x5AB5, 0x294D, 0x18CC, 0x14CD, 0x18CE, 0x18EE, 0x18EE,
    0x1CEE, 0x1CEE, 0x1CEE, 0x1D0F, 0x1CEE, 0x210E, 0x210E, 0x210E,
    0x210E, 0x252E, 0x210D, 0x252D, 0x252E, 0x294E, 0x2D70, 0x2D6F,
    0x292E, 0x250D, 0x20EC, 0x20CB, 0x20CA, 0x1CC8, 0x1CE8, 0x20E7,
    0x2107, 0x2D69, 0x2126, 0x29A7, 0x35E7, 0x2163, 0x1923, 0x1941,
    0x25A2, 0x29E2, 0x2DE2, 0x2181, 0x3604, 0x4243, 0x4663, 0x4A84,
    0x4E87, 0x4A8A, 0x464B, 0x39C9, 0x2D84, 0x31A2, 0x39E1, 0x3E21,
    0x4221, 0x4221, 0x4240, 0x4662, 0x4AA3, 0x4661, 0x4AA1, 0x4AA0,
    0x4EA0, 0x4EA0, 0x4EC1, 0x4EC3, 0x4AC4, 0x5328, 0x5327, 0x5B68,
    0x5708, 0x6F92, 0x3166, 0x28C7, 0x2CC8, 0x390B, 0x2CC7, 0x3929,
    0x24C6, 0x394A, 0x28C6, 0x394A, 0x30E6, 0x3528, 0x3507, 0x3107,
    0x3107, 0x2CE6, 0x3107, 0x3108, 0x2D28, 0x2D28, 0x2D27, 0x3128,
    0x460F, 0x6F57, 0x62F4, 0x66F4, 0x66F4, 0x62D3, 0x62D3, 0x62F5,
    0x62F5, 0x66F5, 0x6715, 0x62F5, 0x62F5, 0x5ED4, 0x5ED4, 0x62F5,
    0x62D4, 0x62F5, 0x62F5, 0x62F5, 0x5ED4, 0x66F5, 0x66F5, 0x6716,
    0x6B37, 0x6716, 0x6736, 0x6716, 0x6B37, 0x6B57, 0x6736, 0x6F57,
    0x20A4, 0x1484, 0x14E5, 0x154E, 0x3239, 0x2A1B, 0x2196, 0x660F,
    0x5D04, 0x5840, 0x7462, 0x7C82, 0x7CA1, 0x7C80, 0x7C81, 0x7861,
    0x7460, 0x7440, 0x7460, 0x7860, 0x7860, 0x7C80, 0x7880, 0x7CC1,
    0x78A0, 0x78A0, 0x74A0, 0x70A0, 0x7480, 0x78A0, 0x78C0, 0x78E0,
    0x7D22, 0x74E2, 0x5420, 0x64E5, 0x48E9, 0x392A, 0x2CA5, 0x3D26,
    0x3D88, 0x5E6F, 0x66D1, 0x6F32, 0x7332, 0x6F31, 0x66F0, 0x6AF1,
    0x6F11, 0x7330, 0x6B31, 0x5EB1, 0x5ED5, 0x5EF6, 0x5ED5, 0x5AB3,
    0x5ED4, 0x5693, 0x5ED5, 0x5EB4, 0x5ED5, 0x5ED5, 0x5692, 0x5EB4,
    0x5EB4, 0x5AF4, 0x5ED4, 0x66F6, 0x6318, 0x29B0, 0x19B4, 0x1996,
    0x0D71, 0x42F7, 0x77B6, 0x4186, 0x3040, 0x3CC0, 0x59C0, 0x6200,
    0x76C0, 0x7700, 0x7B60, 0x7B60, 0x7740, 0x7720, 0x7320, 0x7740,
    0x7760, 0x7B80, 0x7BA0, 0x7FC0, 0x7FE0, 0x7FE0, 0x7FE0, 0x7FE0,
    0x7FE0, 0x7FE0, 0x7FE0, 0x7FE0, 0x7FE0, 0x7FE0, 0x7FE0, 0x7FC0,
    0x6660, 0x4980, 0x2D2C, 0x1D72, 0x2ABB, 0x2F1C, 0x333D, 0x375D,
    0x5BDE, 0x52F6, 0x5ED5, 0x62D5, 0x5ED4, 0x5EB3, 0x66F5, 0x62F5,
    0x62D5, 0x62D5, 0x62D5, 0x5ED5, 0x66F6, 0x66F4, 0x66F6, 0x6AF6,
    0x6B37, 0x66F6, 0x4A32, 0x1CEC, 0x14CD, 0x18CD, 0x18CD, 0x18CD,
    0x18CE, 0x1CEE, 0x1CEF, 0x1CEF, 0x210F, 0x210E, 0x210E, 0x210D,
    0x210E, 0x210E, 0x210D, 0x210D, 0x210D, 0x210D, 0x252E, 0x252F,
    0x250E, 0x250E, 0x24ED, 0x24EC, 0x20CA, 0x1CC9, 0x1CE8, 0x1CE8,
    0x2107, 0x2948, 0x1D05, 0x2124, 0x3A2A, 0x31C8, 0x2164, 0x2585,
    0x2DE5, 0x3664, 0x3A64, 0x3222, 0x3622, 0x3E43, 0x4263, 0x4683,
    0x4A84, 0x4666, 0x4A89, 0x4E8A, 0x4A69, 0x4A67, 0x4644, 0x4663,
    0x4662, 0x4241, 0x4660, 0x4661, 0x4A82, 0x4680, 0x4AA0, 0x52C1,
    0x52C1, 0x52C1, 0x4EC1, 0x4EC3, 0x4EE5, 0x5307, 0x5747, 0x5347,
    0x5729, 0x6751, 0x2D25, 0x28C7, 0x2CC8, 0x350B, 0x28C6, 0x3509,
    0x24C6, 0x352A, 0x24C6, 0x394A, 0x30E7, 0x3108, 0x3528, 0x3107,
    0x3528, 0x3507, 0x3107, 0x3108, 0x2D07, 0x3128, 0x3128, 0x3128,
    0x4A10, 0x62F6, 0x66F6, 0x62D4, 0x62F4, 0x62F4, 0x62D4, 0x5ED4,
    0x62F5, 0x5EB3, 0x5EB4, 0x5EB4, 0x5EB4, 0x5EB4, 0x62F5, 0x6716,
    0x5ED4, 0x66F6, 0x62D4, 0x62D4, 0x66F5, 0x6716, 0x6716, 0x66F6,
    0x66F5, 0x6716, 0x6B37, 0x6B17, 0x6716, 0x6736, 0x6735, 0x6B36,
    0x20C4, 0x1CE7, 0x31EF, 0x1172, 0x265D, 0x223E, 0x1D77, 0x6230,
    0x61CA, 0x4040, 0x6041, 0x78A2, 0x7CA0, 0x7CA0, 0x7CA0, 0x7CC1,
    0x78A1, 0x78A1, 0x7CA1, 0x7CA1, 0x7C80, 0x7C80, 0x7880, 0x74A0,
    0x78A0, 0x7CA0, 0x78A0, 0x78A0, 0x78A0, 0x78A0, 0x7CE0, 0x7900,
    0x74E0, 0x7924, 0x6483, 0x6D29, 0x5191, 0x2973, 0x252E, 0x2509,
    0x39CC, 0x564D, 0x7333, 0x7330, 0x7311, 0x66D2, 0x6AF2, 0x6F30,
    0x7330, 0x6F11, 0x5ED2, 0x5AB3, 0x5AD4, 0x5EF6, 0x56B4, 0x66F7,
    0x62D6, 0x5ED5, 0x5AB4, 0x5ED5, 0x5693, 0x62F5, 0x5ED4, 0x62D5,
    0x62F5, 0x5EF4, 0x5ED5, 0x62D4, 0x5F17, 0x21AF, 0x2698, 0x267A,
    0x0910, 0x3EB8, 0x6B9A, 0x45CD, 0x2C22, 0x38A0, 0x55A0, 0x5E00,
    0x72C0, 0x7720, 0x7760, 0x7B80, 0x7FA0, 0x7B80, 0x7340, 0x7340,
    0x7760, 0x7BA0, 0x7BC0, 0x7FE0, 0x7FE0, 0x7FE0, 0x7FE0, 0x7FE0,
    0x7FE0, 0x7FE0, 0x7FE0, 0x7FE0, 0x7FE0, 0x7FE0, 0x7FE0, 0x7FE0,
    0x72E0, 0x6662, 0x41AE, 0x110F, 0x2299, 0x2F3C, 0x26FC, 0x3B7E,
    0x539D, 0x52F7, 0x5ED5, 0x62D5, 0x6B16, 0x66F5, 0x66F5, 0x62F5,
    0x6B37, 0x66F6, 0x66F6, 0x6717, 0x6B17, 0x6B16, 0x6AF6, 0x6B17,
    0x6F37, 0x6F37, 0x62F6, 0x35AF, 0x18CC, 0x18CD, 0x18CD, 0x18CE,
    0x1CEE, 0x1CEF, 0x1CEF, 0x1CEF, 0x1CEE, 0x1CEE, 0x1CEE, 0x1CED,
    0x1D0D, 0x210D, 0x210D, 0x20ED, 0x210D, 0x210D, 0x210E, 0x210E,
    0x210E, 0x20EE, 0x20ED, 0x20ED, 0x20CB, 0x20C9, 0x1CC9, 0x1CC9,
    0x2107, 0x2946, 0x2124, 0x1904, 0x1D26, 0x2568, 0x2166, 0x31E8,
    0x3226, 0x3642, 0x3661, 0x3641, 0x3622, 0x3E63, 0x4283, 0x3E61,
    0x4261, 0x4242, 0x4664, 0x4644, 0x4A86, 0x4EA6, 0x4A84, 0x4A83,
    0x4A82, 0x4A81, 0x4EA1, 0x4EA2, 0x4681, 0x4680, 0x4EA0, 0x4EC0,
    0x52C1, 0x52C0, 0x4EC1, 0x4EC3, 0x52E5, 0x5306, 0x5B47, 0x5747,
    0x5329, 0x52CC, 0x2D46, 0x28C7, 0x2CC8, 0x350A, 0x24A6, 0x3509,
    0x24C7, 0x352A, 0x24C6, 0x352A, 0x2CE7, 0x2D08, 0x3128, 0x2D07,
    0x3107, 0x3929, 0x3528, 0x3508, 0x3107, 0x3127, 0x3528, 0x3548,
    0x62F5, 0x5EB3, 0x5EB3, 0x62D4, 0x5AB3, 0x5EB3, 0x62D4, 0x5E93,
    0x62D5, 0x62D5, 0x62D5, 0x62D5, 0x62D4, 0x66F6, 0x66F5, 0x5EB4,
    0x62D4, 0x62D4, 0x66F4, 0x66F4, 0x66F4, 0x66F3, 0x66F4, 0x66F4,
    0x6B15, 0x6715, 0x6B16, 0x6715, 0x66F5, 0x66F4, 0x62F4, 0x6F37,
    0x28E5, 0x14E5, 0x1D8E, 0x1174, 0x221C, 0x265E, 0x1557, 0x6252,
    0x6A0D, 0x3801, 0x5021, 0x6C61, 0x7C81, 0x7C80, 0x7CA0, 0x7CE1,
    0x78E0, 0x78E0, 0x74C0, 0x7CE0, 0x7CC0, 0x7CC0, 0x74A0, 0x74C0,
    0x7CE0, 0x78E0, 0x74E0, 0x78E0, 0x7900, 0x7900, 0x7900, 0x7520,
    0x7900, 0x7D23, 0x70E4, 0x716C, 0x3D33, 0x1DDB, 0x1DFA, 0x21B3,
    0x4250, 0x526B, 0x7332, 0x6F11, 0x66F0, 0x66F1, 0x6B0E, 0x734F,
    0x6F10, 0x66D3, 0x5ED3, 0x5AD3, 0x5ED3, 0x5691, 0x5ED3, 0x5ED4,
    0x62D4, 0x5A93, 0x5A93, 0x5EB4, 0x5ED5, 0x5EB4, 0x5EB4, 0x5ED4,
    0x5EB4, 0x5E94, 0x5EB6, 0x5A94, 0x5AD6, 0x1D6F, 0x26DB, 0x2299,
    0x21F2, 0x29F0, 0x46D8, 0x4234, 0x1C43, 0x38A0, 0x4520, 0x5DE0,
    0x6A60, 0x72E0, 0x7B60, 0x7B80, 0x7FE0, 0x7FE1, 0x7BA0, 0x7760,
    0x7B80, 0x7FC0, 0x7BC0, 0x7FE0, 0x7FE0, 0x7FE0, 0x7FE0, 0x7FE0,
    0x7FE0, 0x7FE0, 0x7FE0, 0x7FE0, 0x7FE0, 0x7FE0, 0x7FE0, 0x7FE0,
    0x7720, 0x7B23, 0x49E6, 0x1D2C, 0x32B9, 0x333E, 0x26FB, 0x3F9E,
    0x475B, 0x4AF7, 0x5AB5, 0x62B4, 0x62D4, 0x66F5, 0x62D5, 0x62D5,
    0x66F6, 0x62D5, 0x66F6, 0x66F6, 0x6B17, 0x6B17, 0x6F17, 0x6B16,
    0x6B16, 0x6F37, 0x6B37, 0x5674, 0x20EC, 0x18CE, 0x18CE, 0x18CE,
    0x1CEE, 0x1CEF, 0x1CEF, 0x1CEE, 0x1D0F, 0x1D0E, 0x210E, 0x210E,
    0x210D, 0x210D, 0x210D, 0x210D, 0x210E, 0x210E, 0x210E, 0x20EE,
    0x210E, 0x210E, 0x210E, 0x20ED, 0x20EC, 0x1CCA, 0x1CC9, 0x20C9,
    0x2107, 0x2546, 0x2144, 0x1904, 0x18E6, 0x2128, 0x1D44, 0x25A5,
    0x25C2, 0x3643, 0x3A83, 0x3E84, 0x3602, 0x3621, 0x3E61, 0x3E61,
    0x3E61, 0x4262, 0x4263, 0x4664, 0x4663, 0x4683, 0x4AA3, 0x4AA4,
    0x52C6, 0x4EA6, 0x4EC3, 0x4AA3, 0x4EA4, 0x4EC2, 0x4AA0, 0x4EC0,
    0x52C0, 0x4E81, 0x4EA3, 0x52E5, 0x56E5, 0x56E4, 0x5B47, 0x5F88,
    0x5B69, 0x6750, 0x3166, 0x2CC7, 0x28C8, 0x312B, 0x24C6, 0x3529,
    0x24C6, 0x392A, 0x24C6, 0x354A, 0x2D08, 0x28E7, 0x3128, 0x2CE7,
    0x3107, 0x3528, 0x3528, 0x3507, 0x3107, 0x3107, 0x3128, 0x3128,
    0x5EB2, 0x5A70, 0x5E92, 0x5A71, 0x5A91, 0x5EB2, 0x5E92, 0x5E92,
    0x62B3, 0x62D3, 0x66D3, 0x62B2, 0x66D3, 0x62D3, 0x66F4, 0x62B2,
    0x66D4, 0x62B2, 0x62D3, 0x66D3, 0x66F3, 0x66F3, 0x66F3, 0x6B14,
    0x6AF4, 0x6B14, 0x66F4, 0x6B15, 0x66F4, 0x6B14, 0x62F4, 0x6F36,
    0x3147, 0x0CC5, 0x25F3, 0x2219, 0x1E1B, 0x265E, 0x1558, 0x6274,
    0x72B1, 0x3C64, 0x4824, 0x6022, 0x7041, 0x7862, 0x7882, 0x78A2,
    0x78C0, 0x7CE0, 0x7CE0, 0x78E0, 0x78E0, 0x7CE0, 0x7CE0, 0x78E0,
    0x74E0, 0x74E0, 0x70E0, 0x7900, 0x7942, 0x7920, 0x7900, 0x7500,
    0x7D00, 0x7CE2, 0x78E3, 0x712B, 0x3D13, 0x15DB, 0x15FC, 0x2617,
    0x3EB2, 0x464A, 0x6712, 0x66F1, 0x66F0, 0x6B10, 0x6F30, 0x6F30,
    0x62AE, 0x5EB2, 0x5ED3, 0x5ED3, 0x5AB2, 0x5EB3, 0x62D4, 0x5EB3,
    0x5EB3, 0x5A91, 0x5EB2, 0x62D3, 0x5EB2, 0x5EB2, 0x62D3, 0x62D3,
    0x5EB2, 0x5E92, 0x5EB4, 0x5A93, 0x5AD5, 0x218F, 0x229A, 0x2AB9,
    0x3E95, 0x3231, 0x3675, 0x4EB6, 0x2484, 0x3CC0, 0x4120, 0x55A0,
    0x6640, 0x6EC0, 0x7740, 0x7B80, 0x7FE0, 0x7FE0, 0x7FC0, 0x7780,
    0x7B60, 0x7BA0, 0x7FC0, 0x7FE0, 0x7FE0, 0x7FE0, 0x7FE0, 0x7FE0,
    0x7FE0, 0x7FE0, 0x7FE0, 0x7FE0, 0x7FE0, 0x7FE0, 0x7FE0, 0x7FE0,
    0x7720, 0x72E1, 0x5A42, 0x1D2B, 0x2E99, 0x26DD, 0x2B1D, 0x439E,
    0x373A, 0x4B19, 0x56D7, 0x5EB5, 0x62D5, 0x62F6, 0x5EB3, 0x62F5,
    0x5EB4, 0x62F5, 0x5ED4, 0x62D4, 0x66F6, 0x6716, 0x6B16, 0x6B16,
    0x66F5, 0x6B16, 0x6F58, 0x6717, 0x4612, 0x1CCC, 0x18CE, 0x18EE,
    0x18ED, 0x1CEE, 0x1CEE, 0x1D0E, 0x210E, 0x210E, 0x210D, 0x210E,
    0x210D, 0x210D, 0x210D, 0x210D, 0x210E, 0x210E, 0x210E, 0x210E,
    0x210E, 0x210E, 0x210F, 0x20EE, 0x20ED, 0x1CCB, 0x1CCA, 0x1CC9,
    0x2127, 0x2566, 0x2567, 0x1D05, 0x1907, 0x2146, 0x31E6, 0x3204,
    0x3223, 0x3A63, 0x3A83, 0x46C6, 0x4AC7, 0x4285, 0x4284, 0x4685,
    0x4685, 0x4AA8, 0x4A88, 0x4665, 0x4263, 0x4683, 0x4AA4, 0x52C6,
    0x5AE9, 0x52C8, 0x52C6, 0x56E8, 0x56E8, 0x52C5, 0x4EC2, 0x52E2,
    0x52C2, 0x52A3, 0x4EA4, 0x4AA5, 0x4EA5, 0x4EC4, 0x5725, 0x5B87,
    0x638A, 0x6B70, 0x39A7, 0x2CC6, 0x28A7, 0x312A, 0x20C6, 0x3529,
    0x28C6, 0x392A, 0x24C6, 0x3129, 0x2D08, 0x28E7, 0x3128, 0x2CE7,
    0x3107, 0x3949, 0x3528, 0x3528, 0x3107, 0x3107, 0x3128, 0x3128,
    0x66F1, 0x66D1, 0x6AF1, 0x6AF2, 0x6B12, 0x6B12, 0x66D1, 0x5EB0,
    0x66D3, 0x62B1, 0x62B1, 0x62D2, 0x66D2, 0x66D2, 0x66D2, 0x66D2,
    0x62D1, 0x66D1, 0x66D2, 0x66F2, 0x6AF3, 0x66F3, 0x6B14, 0x6AF4,
    0x6B14, 0x6B15, 0x6AF4, 0x62D3, 0x62D3, 0x66F3, 0x6714, 0x6B35,
    0x3589, 0x152A, 0x19B4, 0x221B, 0x1E3B, 0x267E, 0x1118, 0x5A13,
    0x6E6F, 0x40A4, 0x4822, 0x5C21, 0x6C21, 0x7441, 0x7440, 0x7460,
    0x78A0, 0x78C0, 0x78E0, 0x70E0, 0x6CE0, 0x68E0, 0x70E0, 0x7900,
    0x7900, 0x7900, 0x7100, 0x7900, 0x7920, 0x7D00, 0x78E0, 0x7D00,
    0x7CE1, 0x78C2, 0x70C1, 0x756B, 0x3CF1, 0x11BB, 0x11FE, 0x1E18,
    0x3AD3, 0x4ACF, 0x5EF4, 0x6714, 0x62F1, 0x62F0, 0x62D0, 0x62B0,
    0x62B1, 0x5ED1, 0x62D1, 0x62F1, 0x62D1, 0x62D2, 0x62D2, 0x66D2,
    0x66D2, 0x66F3, 0x66F3, 0x66F3, 0x66F3, 0x66F3, 0x66F3, 0x62D3,
    0x62D3, 0x62D2, 0x62F3, 0x62D2, 0x6716, 0x2DF3, 0x2ABB, 0x32B9,
    0x3233, 0x3231, 0x4B15, 0x6756, 0x2C82, 0x40C0, 0x4940, 0x59C0,
    0x6A40, 0x72C0, 0x7720, 0x7B60, 0x7FC0, 0x7FE0, 0x7FE0, 0x7780,
    0x7760, 0x7B80, 0x7FC0, 0x7FE0, 0x7FE0, 0x7FE0, 0x7FE0, 0x7FE0,
    0x7FE0, 0x7FE0, 0x7FE0, 0x7FE0, 0x7FE0, 0x7FE0, 0x7FE0, 0x7FE0,
    0x7720, 0x6640, 0x6661, 0x298E, 0x2A7A, 0x1EBC, 0x2F3E, 0x43BF,
    0x331B, 0x471A, 0x4A96, 0x5A94, 0x5A93, 0x5AB4, 0x5EB4, 0x62F5,
    0x5ED4, 0x5EB4, 0x62D5, 0x5EB4, 0x62D4, 0x5ED4, 0x62D4, 0x62D4,
    0x5EB3, 0x5671, 0x4E51, 0x460F, 0x358C, 0x1CEA, 0x18AC, 0x18CE,
    0x18ED, 0x18ED, 0x18ED, 0x1CED, 0x1CED, 0x1D0E, 0x210E, 0x210E,
    0x210E, 0x210E, 0x210E, 0x210E, 0x250E, 0x210E, 0x20EE, 0x210E,
    0x210E, 0x210E, 0x210F, 0x20EE, 0x20EE, 0x1CCD, 0x20CD, 0x20CB,
    0x2547, 0x2986, 0x29A9, 0x1906, 0x1906, 0x2145, 0x1942, 0x2DE6,
    0x3225, 0x2E01, 0x3A62, 0x3E83, 0x3E84, 0x4285, 0x46A6, 0x4EC8,
    0x4EC9, 0x52CC, 0x4EAD, 0x4A69, 0x4266, 0x4264, 0x4AA5, 0x4EA5,
    0x52C7, 0x4E86, 0x4AA4, 0x52C7, 0x56E7, 0x52C4, 0x52C2, 0x52E2,
    0x4EC2, 0x4EA3, 0x4AA5, 0x4AA6, 0x4AA5, 0x4AA3, 0x5304, 0x5F87,
    0x6BAB, 0x632D, 0x45EA, 0x28E6, 0x24A7, 0x352A, 0x24C6, 0x3509,
    0x28C6, 0x392A, 0x24C6, 0x3129, 0x2D08, 0x28E7, 0x3529, 0x2CE7,
    0x3107, 0x3949, 0x3528, 0x3527, 0x2CE7, 0x3128, 0x3128, 0x3128,
    0x62D2, 0x62B2, 0x62B2, 0x5EB1, 0x62B2, 0x62D3, 0x62D3, 0x62D3,
    0x62D3, 0x5EB2, 0x62D3, 0x5EB2, 0x5A91, 0x5EB2, 0x5A91, 0x5A92,
    0x5EB3, 0x5EB3, 0x5EB3, 0x5EB3, 0x5EB3, 0x62D4, 0x5EB3, 0x62F4,
    0x62D4, 0x5AB3, 0x5ED3, 0x62D4, 0x62D4, 0x66F3, 0x6314, 0x6B55,
    0x3DCB, 0x194E, 0x1997, 0x221D, 0x225C, 0x2A7E, 0x1519, 0x5191,
    0x6A0C, 0x50E5, 0x5420, 0x6840, 0x7861, 0x7C61, 0x7C61, 0x7C80,
    0x7CA0, 0x7CC0, 0x74E0, 0x7500, 0x7500, 0x7500, 0x7500, 0x7500,
    0x7900, 0x7900, 0x7500, 0x7900, 0x7CE0, 0x7CE0, 0x78C0, 0x74A0,
    0x7CC1, 0x7061, 0x64A1, 0x7549, 0x4911, 0x159C, 0x0DDF, 0x19FA,
    0x32B4, 0x5755, 0x56B4, 0x5AB4, 0x5ED3, 0x5ED2, 0x5EB1, 0x5EB2,
    0x62B1, 0x5ED0, 0x62D1, 0x66F3, 0x5E91, 0x5A91, 0x62D3, 0x66D3,
    0x62B2, 0x5A90, 0x5A90, 0x62B1, 0x5A90, 0x5E90, 0x5E90, 0x5E91,
    0x5A91, 0x5EB1, 0x62D2, 0x5E90, 0x5AB3, 0x29B0, 0x2EDB, 0x32DA,
    0x2215, 0x3694, 0x6BB4, 0x7770, 0x3080, 0x4900, 0x4940, 0x55C0,
    0x6200, 0x6E80, 0x72E0, 0x7720, 0x7B80, 0x7FC0, 0x7FE0, 0x7FA0,
    0x7760, 0x7BA0, 0x7BA0, 0x7FC0, 0x7FE0, 0x7FE0, 0x7FE0, 0x7FE0,
    0x7FE0, 0x7FE0, 0x7FE0, 0x7FE0, 0x7FE0, 0x7FE0, 0x7FE0, 0x7FE0,
    0x7720, 0x5DE0, 0x6E40, 0x2D8F, 0x269C, 0x1A9B, 0x26FC, 0x377D,
    0x3F7D, 0x475C, 0x4AB6, 0x5A92, 0x5A91, 0x5AB3, 0x5672, 0x5A93,
    0x5A93, 0x62D5, 0x62D5, 0x5EB4, 0x62D5, 0x62F5, 0x66F5, 0x62F5,
    0x62F5, 0x66F6, 0x6B17, 0x6F58, 0x6B37, 0x5274, 0x250D, 0x18CD,
    0x18EE, 0x18ED, 0x1CED, 0x1CED, 0x1CED, 0x1D0E, 0x1CEE, 0x1CEE,
    0x1CEE, 0x210E, 0x210F, 0x210E, 0x210E, 0x210E, 0x1D0D, 0x1D0D,
    0x20ED, 0x20ED, 0x20EE, 0x20EE, 0x20EE, 0x20EE, 0x20CE, 0x20CC,
    0x2968, 0x2DA7, 0x2588, 0x1905, 0x1924, 0x1D44, 0x1945, 0x2184,
    0x29E4, 0x2E03, 0x3A63, 0x3642, 0x3642, 0x3E84, 0x4284, 0x4AA6,
    0x4EC9, 0x4EAB, 0x52AE, 0x4EAC, 0x4E8A, 0x4A87, 0x4EA6, 0x4AA4,
    0x4AA4, 0x4A83, 0x52C4, 0x52E5, 0x52C3, 0x4EA1, 0x4EC0, 0x4AA0,
    0x4EA1, 0x52C4, 0x4A85, 0x4665, 0x46A4, 0x4AC2, 0x5323, 0x6387,
    0x6FCD, 0x674F, 0x45EB, 0x28E8, 0x24A7, 0x352B, 0x24C6, 0x3509,
    0x28C6, 0x392A, 0x24C6, 0x3129, 0x2D08, 0x28E7, 0x3529, 0x2CE7,
    0x2CE7, 0x3949, 0x3928, 0x3528, 0x3107, 0x3128, 0x3128, 0x3128,
    0x5A92, 0x5A92, 0x5A93, 0x5AB3, 0x5A93, 0x5AB3, 0x5A93, 0x5692,
    0x5693, 0x5693, 0x5AB3, 0x5AB4, 0x5693, 0x5AB4, 0x5692, 0x5AB4,
    0x5AB3, 0x5AB4, 0x5ED4, 0x5A93, 0x5AB3, 0x5AB4, 0x5AB4, 0x5ED5,
    0x5AB4, 0x5ED5, 0x5AB4, 0x5AD4, 0x5ED4, 0x62D4, 0x62F4, 0x6714,
    0x41EC, 0x154F, 0x25FA, 0x261D, 0x15DA, 0x223E, 0x14F9, 0x5992,
    0x6DA8, 0x5CC3, 0x6020, 0x7021, 0x7C62, 0x7C62, 0x7C62, 0x7C81,
    0x7CA0, 0x7CC0, 0x74E0, 0x7500, 0x7900, 0x7900, 0x7900, 0x7900,
    0x7900, 0x7D00, 0x74E0, 0x74E0, 0x78C0, 0x7CC0, 0x7CC0, 0x7480,
    0x7440, 0x6400, 0x4C20, 0x6908, 0x4D32, 0x157C, 0x0DDF, 0x19FC,
    0x2A97, 0x5316, 0x5AF5, 0x5AB4, 0x5AB4, 0x5AB3, 0x5A92, 0x5EB2,
    0x62B1, 0x5ED0, 0x6713, 0x5EB1, 0x5A90, 0x62D3, 0x66F4, 0x62D2,
    0x66D2, 0x5EB1, 0x66F4, 0x66F3, 0x5EB1, 0x5EB1, 0x66F3, 0x5EB2,
    0x5670, 0x5EB1, 0x5EB2, 0x5A70, 0x5AB3, 0x2DD1, 0x2658, 0x26BA,
    0x1E78, 0x36B5, 0x6B6F, 0x7F6B, 0x30A0, 0x5140, 0x51A0, 0x55A0,
    0x59C0, 0x6A60, 0x6EC0, 0x7300, 0x7B60, 0x7BA0, 0x7FC0, 0x7B80,
    0x7760, 0x7B80, 0x7B80, 0x7FC0, 0x7FE0, 0x7FE0, 0x7FE0, 0x7FE0,
    0x7FE0, 0x7FE0, 0x7FE0, 0x7FE0, 0x7FE0, 0x7FE0, 0x7FE0, 0x7FE0,
    0x7B61, 0x5580, 0x65C0, 0x2D91, 0x1E7C, 0x1EDD, 0x2B1C, 0x375C,
    0x47BE, 0x433B, 0x52F7, 0x5E91, 0x5E6F, 0x5A70, 0x5EB3, 0x5A92,
    0x5A92, 0x5EB3, 0x5EB3, 0x5E93, 0x62D4, 0x66F5, 0x66F5, 0x6B15,
    0x6B15, 0x6F37, 0x6F37, 0x6F36, 0x6F36, 0x62F6, 0x3DD0, 0x1CCC,
    0x18CD, 0x1CED, 0x18ED, 0x1CCD, 0x1CEE, 0x1CEE, 0x1CEE, 0x1CEE,
    0x1CEF, 0x210F, 0x210E, 0x210E, 0x210E, 0x210E, 0x210D, 0x210E,
    0x20ED, 0x20ED, 0x20EE, 0x20EE, 0x1CEE, 0x1CEE, 0x1CCE, 0x20CC,
    0x2548, 0x2DC8, 0x1D63, 0x1943, 0x29C4, 0x2DE4, 0x21A3, 0x3646,
    0x46C9, 0x3223, 0x3222, 0x3623, 0x3622, 0x3A62, 0x42A3, 0x46A4,
    0x4AA6, 0x4AA8, 0x4A89, 0x4A8A, 0x4E8A, 0x4A87, 0x4A85, 0x4683,
    0x4AA3, 0x4A82, 0x52C5, 0x52C5, 0x4EC3, 0x4EC1, 0x4EE0, 0x4AA0,
    0x4AA2, 0x52E6, 0x5F09, 0x4EC6, 0x3A41, 0x4F03, 0x5743, 0x5F67,
    0x77EF, 0x6B71, 0x462D, 0x24E8, 0x24A8, 0x354C, 0x24C7, 0x3509,
    0x28C6, 0x3529, 0x24C7, 0x3109, 0x2D08, 0x28E7, 0x3529, 0x2CE7,
    0x2CE7, 0x3949, 0x3528, 0x3528, 0x3107, 0x2D08, 0x3128, 0x3128,
    0x5670, 0x5671, 0x5270, 0x5AB2, 0x5A92, 0x5A91, 0x5A92, 0x5AB3,
    0x5EB3, 0x5A93, 0x5A93, 0x5EB4, 0x5672, 0x5A93, 0x5693, 0x5692,
    0x5693, 0x5272, 0x5693, 0x5693, 0x5AB4, 0x5A94, 0x5AB4, 0x5AB4,
    0x5693, 0x5ED5, 0x5AB4, 0x5AD4, 0x5EF5, 0x62D4, 0x6714, 0x6B34,
    0x4E4D, 0x04CC, 0x2E3B, 0x2A3C, 0x161D, 0x1A3E, 0x14F8, 0x65F2,
    0x79C9, 0x6CE4, 0x7463, 0x7421, 0x7821, 0x7842, 0x7C62, 0x7C61,
    0x78A0, 0x78C0, 0x7D00, 0x7500, 0x7900, 0x7D00, 0x7CE0, 0x78E0,
    0x78E0, 0x78E0, 0x78E0, 0x78C0, 0x7CA0, 0x78A0, 0x78A0, 0x7C80,
    0x7C41, 0x6001, 0x5000, 0x694A, 0x5153, 0x157C, 0x09BE, 0x161D,
    0x2279, 0x46D6, 0x4E91, 0x56B0, 0x5AB2, 0x5AD3, 0x5690, 0x62D1,
    0x62D1, 0x5A91, 0x5692, 0x5EB4, 0x5A94, 0x5EB4, 0x5EB3, 0x5EB3,
    0x5A70, 0x5EB1, 0x5A90, 0x5A90, 0x566F, 0x5E91, 0x5A70, 0x5A91,
    0x5EB2, 0x5EB2, 0x5A92, 0x62B3, 0x5EB3, 0x3633, 0x3AFC, 0x1E99,
    0x1E77, 0x3EF8, 0x5F2E, 0x7F6B, 0x34C0, 0x6A02, 0x6E60, 0x6200,
    0x55C0, 0x5E00, 0x6EA0, 0x72E0, 0x7740, 0x7780, 0x7FC0, 0x7B80,
    0x6F20, 0x7B80, 0x7B80, 0x7BA0, 0x7FC0, 0x7FE0, 0x7FE0, 0x7FE0,
    0x7FE0, 0x7FE0, 0x7FE0, 0x7FE0, 0x7FE0, 0x7FE0, 0x7FE0, 0x7FE0,
    0x7FA1, 0x4DA0, 0x6581, 0x31D2, 0x167C, 0x1EDE, 0x2F1D, 0x377C,
    0x47DF, 0x3B3B, 0x5739, 0x66F3, 0x6AD1, 0x62D2, 0x6B12, 0x6B12,
    0x6B12, 0x6B12, 0x66F1, 0x62D0, 0x66D1, 0x6AD3, 0x6AF3, 0x6B13,
    0x6B13, 0x6B14, 0x6B14, 0x6F14, 0x6F34, 0x6B14, 0x4E71, 0x252C,
    0x18CC, 0x1CEC, 0x20ED, 0x1CED, 0x1CED, 0x1CED, 0x1D0E, 0x210E,
    0x1D0E, 0x210E, 0x210E, 0x1D0D, 0x210E, 0x210D, 0x210D, 0x210D,
    0x20ED, 0x210D, 0x20EE, 0x20EE, 0x20EE, 0x1CEE, 0x1CCE, 0x20CC,
    0x2128, 0x2DC7, 0x2E05, 0x3E87, 0x3644, 0x46C7, 0x3E85, 0x3221,
    0x3A84, 0x42A6, 0x3644, 0x29C0, 0x2E01, 0x3220, 0x3A61, 0x3E61,
    0x4683, 0x4AA4, 0x4A86, 0x4265, 0x4665, 0x4684, 0x4262, 0x4662,
    0x4A83, 0x4662, 0x4EA5, 0x4EA4, 0x4EA2, 0x4EC1, 0x4EC0, 0x4AA0,
    0x4AA3, 0x52C6, 0x5AE9, 0x56E7, 0x46A3, 0x4B23, 0x5343, 0x63A8,
    0x73CE, 0x634E, 0x420C, 0x24E8, 0x20A7, 0x352B, 0x24C6, 0x3509,
    0x28C6, 0x352A, 0x24C7, 0x2D09, 0x2D08, 0x28E7, 0x3529, 0x2CE7,
    0x2CE7, 0x3949, 0x3949, 0x3528, 0x2D07, 0x2D08, 0x3128, 0x3128,
    0x5651, 0x5671, 0x5A72, 0x5A92, 0x5672, 0x5A93, 0x5A93, 0x5672,
    0x5692, 0x5A92, 0x5671, 0x5A92, 0x5672, 0x5A93, 0x5A92, 0x5EB3,
    0x5AB2, 0x5ED3, 0x5A93, 0x5EB3, 0x5A92, 0x5692, 0x5672, 0x5672,
    0x5692, 0x5EB4, 0x5AB3, 0x5AB4, 0x62F5, 0x6715, 0x62F3, 0x6712,
    0x4E4D, 0x04A9, 0x2E1A, 0x261C, 0x09DC, 0x0DFE, 0x1119, 0x5DB0,
    0x79C8, 0x70A1, 0x7C61, 0x7C61, 0x7C61, 0x7841, 0x7861, 0x7460,
    0x7CA0, 0x7CC0, 0x7CE0, 0x7500, 0x78E0, 0x74E0, 0x7CC0, 0x78C0,
    0x74C0, 0x74C0, 0x78C0, 0x7CC0, 0x7CA0, 0x74A0, 0x74A0, 0x7C80,
    0x7C62, 0x5C01, 0x4800, 0x6129, 0x40D0, 0x117B, 0x05DD, 0x1A1E,
    0x2678, 0x3A54, 0x5B13, 0x5EF0, 0x62F2, 0x5AB1, 0x5ED0, 0x66F0,
    0x5EB0, 0x5250, 0x5693, 0x5693, 0x5272, 0x5EB4, 0x5672, 0x5671,
    0x62D3, 0x66F3, 0x62D2, 0x5A90, 0x5EB1, 0x5EB2, 0x66F4, 0x5ED2,
    0x5AB1, 0x66F4, 0x62F5, 0x66F4, 0x62F5, 0x3E53, 0x32DC, 0x1E9A,
    0x1A54, 0x3694, 0x6732, 0x7B6E, 0x30C0, 0x59C0, 0x6E60, 0x7280,
    0x55C0, 0x5A00, 0x6680, 0x72E0, 0x7740, 0x7760, 0x7FA0, 0x7B80,
    0x6F20, 0x7760, 0x7B80, 0x7BA0, 0x7FC0, 0x7FE0, 0x7FE0, 0x7FE0,
    0x7FE0, 0x7FE0, 0x7FE0, 0x7FE0, 0x7FE0, 0x7FE0, 0x7FE0, 0x7FE0,
    0x7FC0, 0x5A00, 0x6163, 0x3613, 0x0E7C, 0x1EDE, 0x2F1D, 0x3B9D,
    0x43BE, 0x371B, 0x575A, 0x5671, 0x6291, 0x5AB1, 0x5A91, 0x5A71,
    0x5A71, 0x5EB2, 0x62D3, 0x66F5, 0x66F4, 0x62B1, 0x5E90, 0x62D2,
    0x66F3, 0x6F35, 0x7356, 0x7756, 0x7755, 0x7797, 0x5271, 0x20E9,
    0x20EC, 0x210D, 0x20EC, 0x20ED, 0x1CEC, 0x210D, 0x210D, 0x210D,
    0x210D, 0x210D, 0x210D, 0x1D0D, 0x1D0D, 0x210D, 0x210D, 0x210D,
    0x210E, 0x210E, 0x20ED, 0x20EE, 0x20EE, 0x1CEE, 0x1CEE, 0x20EC,
    0x2549, 0x29A6, 0x3A66, 0x42C5, 0x2E00, 0x3A64, 0x42A6, 0x3642,
    0x3644, 0x46C7, 0x46A7, 0x3602, 0x3E64, 0x3E83, 0x3A60, 0x3E60,
    0x3E61, 0x4282, 0x4261, 0x4262, 0x4241, 0x4683, 0x4683, 0x4A83,
    0x4EA5, 0x4A63, 0x4A83, 0x4AA2, 0x4EA1, 0x4EC0, 0x4EC0, 0x4AC0,
    0x4EC3, 0x52A7, 0x56C8, 0x4EA5, 0x46C2, 0x4B04, 0x4F22, 0x5FA7,
    0x6FED, 0x5B0D, 0x3DEA, 0x20E7, 0x20A7, 0x312A, 0x24C6, 0x3509,
    0x28C7, 0x3529, 0x24C6, 0x2D08, 0x2D08, 0x28E7, 0x3129, 0x2CE7,
    0x2CE6, 0x3929, 0x3528, 0x3507, 0x2D07, 0x2CE7, 0x3149, 0x3128,
    0x5671, 0x5A92, 0x5251, 0x5692, 0x5A93, 0x5A94, 0x5673, 0x5A93,
    0x5AB3, 0x5672, 0x5672, 0x5672, 0x5A92, 0x5A72, 0x5A93, 0x5A93,
    0x5EB4, 0x5672, 0x5A93, 0x5A92, 0x5A93, 0x5272, 0x5692, 0x5691,
    0x5691, 0x5AB2, 0x5AB3, 0x5ED4, 0x5A93, 0x5EB4, 0x5EB2, 0x62D2,
    0x460D, 0x0CCA, 0x2597, 0x1DBA, 0x09DE, 0x019D, 0x0CFA, 0x5D93,
    0x7986, 0x7CA0, 0x7C40, 0x7C61, 0x7861, 0x7842, 0x7C62, 0x7C61,
    0x7C81, 0x7CA0, 0x7CE1, 0x78C0, 0x78C0, 0x74C0, 0x7CA0, 0x7CC0,
    0x78A0, 0x78C0, 0x78C0, 0x7CC0, 0x78A0, 0x7880, 0x78A0, 0x7C80,
    0x7CA2, 0x5C20, 0x4001, 0x6129, 0x4D72, 0x0D3C, 0x01DD, 0x225E,
    0x3697, 0x52D8, 0x6714, 0x66F0, 0x66F0, 0x62CF, 0x62AF, 0x62AF,
    0x5EAE, 0x62B0, 0x5A6E, 0x5A6F, 0x524E, 0x5A6F, 0x564E, 0x566E,
    0x566F, 0x4E4D, 0x5A8F, 0x566F, 0x5A70, 0x5670, 0x5670, 0x524F,
    0x5A71, 0x5690, 0x5290, 0x522F, 0x524F, 0x3E31, 0x1E58, 0x1EBC,
    0x2296, 0x3A72, 0x7396, 0x7B4F, 0x34C0, 0x4960, 0x6E80, 0x76E0,
    0x6A80, 0x5E00, 0x6220, 0x72A0, 0x7720, 0x7B60, 0x7B80, 0x7B80,
    0x7740, 0x7740, 0x7B60, 0x7B80, 0x7BA0, 0x7FA0, 0x7FC0, 0x7BC0,
    0x7FE0, 0x7FE0, 0x7FC0, 0x7FC0, 0x7FE0, 0x7FE0, 0x7FE0, 0x7FE0,
    0x7FC0, 0x5E01, 0x4D67, 0x2A35, 0x129C, 0x1EDD, 0x2B1D, 0x2F5C,
    0x37BE, 0x2AFB, 0x4F3B, 0x5673, 0x5E72, 0x5272, 0x5A92, 0x5A72,
    0x5A92, 0x5692, 0x5A93, 0x5AB4, 0x5ED5, 0x5693, 0x358D, 0x1888,
    0x1CAA, 0x250B, 0x398E, 0x41EF, 0x4A52, 0x4E53, 0x210A, 0x2D4E,
    0x1CCB, 0x1CEC, 0x1CEC, 0x20EC, 0x20EC, 0x20EC, 0x20EC, 0x20ED,
    0x20EC, 0x210D, 0x210E, 0x210E, 0x210E, 0x210E, 0x210D, 0x210E,
    0x210E, 0x210E, 0x210E, 0x210E, 0x210E, 0x1CEE, 0x1CEE, 0x20ED,
    0x296A, 0x29A4, 0x3647, 0x42E4, 0x46E5, 0x2A01, 0x3EA4, 0x46E5,
    0x3A61, 0x4284, 0x4AA6, 0x3A22, 0x3A20, 0x3E61, 0x3E80, 0x4280,
    0x3A40, 0x3E41, 0x3600, 0x3E42, 0x3E22, 0x4243, 0x4262, 0x4682,
    0x4AA4, 0x4A84, 0x4EA3, 0x4EA3, 0x4EA2, 0x4EC1, 0x4AA0, 0x4AC0,
    0x4EC1, 0x52C3, 0x52C5, 0x52C2, 0x4AC2, 0x5728, 0x4F24, 0x5BC5,
    0x6FEC, 0x5AED, 0x2946, 0x1CC7, 0x1CA7, 0x310A, 0x24C6, 0x3109,
    0x28C7, 0x3509, 0x24C6, 0x2D08, 0x2D08, 0x24C6, 0x3129, 0x2CE7,
    0x28E6, 0x3528, 0x3528, 0x3127, 0x2D07, 0x2D07, 0x3549, 0x3128,
    0x5AB3, 0x5AB3, 0x5AB4, 0x5AB3, 0x5693, 0x62F5, 0x5AB3, 0x5691,
    0x5250, 0x5A92, 0x5A92, 0x5650, 0x5A92, 0x5A72, 0x5250, 0x5250,
    0x5250, 0x5250, 0x4E0E, 0x524F, 0x524F, 0x524E, 0x5A8F, 0x566E,
    0x5EB0, 0x66F1, 0x62D1, 0x66F1, 0x6711, 0x66F1, 0x6B11, 0x6B13,
    0x526F, 0x10CA, 0x0CD2, 0x21BB, 0x05BE, 0x017D, 0x0D1B, 0x4D10,
    0x7945, 0x7CE1, 0x7C80, 0x7880, 0x7861, 0x7421, 0x7C42, 0x7C62,
    0x7C61, 0x7860, 0x78A0, 0x7CC0, 0x7CC0, 0x78C0, 0x78A0, 0x7CA0,
    0x7C80, 0x7CA0, 0x7880, 0x7CA0, 0x7CA0, 0x7CA0, 0x7CA0, 0x7880,
    0x7082, 0x5420, 0x3C01, 0x6148, 0x5572, 0x091C, 0x01DE, 0x2E7D,
    0x3E98, 0x46B6, 0x5AD2, 0x5EAF, 0x5A8E, 0x62D0, 0x5A8F, 0x5E8F,
    0x66D1, 0x66D1, 0x66F1, 0x66F0, 0x62D0, 0x66F1, 0x66F1, 0x6F12,
    0x6B11, 0x6EF1, 0x6EF1, 0x6EF1, 0x6AD1, 0x62AF, 0x66B0, 0x5E8E,
    0x62B0, 0x5E8E, 0x5A6D, 0x5E6F, 0x5E6F, 0x4A72, 0x2215, 0x22BC,
    0x1A15, 0x2E11, 0x73B4, 0x7B8F, 0x38E0, 0x4D80, 0x6A60, 0x76C0,
    0x7700, 0x72C0, 0x5A00, 0x72A0, 0x7300, 0x7740, 0x7740, 0x7760,
    0x7340, 0x7340, 0x7740, 0x7760, 0x7760, 0x7780, 0x7BA0, 0x7BA0,
    0x7FC0, 0x7FE0, 0x7FC0, 0x7FC0, 0x7FE0, 0x7FE0, 0x7FE0, 0x7FE0,
    0x7FC0, 0x5A00, 0x414A, 0x2A37, 0x065A, 0x26FC, 0x2B1D, 0x22FB,
    0x2F5E, 0x2AFB, 0x4F3A, 0x5253, 0x5630, 0x5672, 0x5652, 0x5672,
    0x5A93, 0x5A94, 0x5A93, 0x5A93, 0x5EB4, 0x5AB4, 0x3DF0, 0x1489,
    0x148B, 0x148B, 0x18AB, 0x188A, 0x18AA, 0x18AA, 0x1CCB, 0x1CCC,
    0x1CCC, 0x1CCC, 0x1CCC, 0x1CEC, 0x1CEC, 0x1CEC, 0x20EC, 0x20ED,
    0x1CEC, 0x210D, 0x20ED, 0x20ED, 0x210D, 0x210D, 0x1CED, 0x1D0D,
    0x210D, 0x210D, 0x210D, 0x20ED, 0x210D, 0x210E, 0x1D0D, 0x20EC,
    0x296A, 0x2DA7, 0x25C5, 0x3EC5, 0x4706, 0x3242, 0x3662, 0x3E83,
    0x4283, 0x46A3, 0x4AC4, 0x4AA4, 0x3E61, 0x3E60, 0x46A1, 0x46A2,
    0x4262, 0x4262, 0x3E41, 0x3E40, 0x3E40, 0x4241, 0x4261, 0x4661,
    0x4682, 0x4AA3, 0x4AA3, 0x4EA3, 0x52E3, 0x52C2, 0x4EC1, 0x4AC1,
    0x4EE2, 0x4EC1, 0x4AA1, 0x4EC1, 0x46A1, 0x5747, 0x4F25, 0x5FC6,
    0x6FEC, 0x5F0D, 0x3588, 0x1CC7, 0x1CA7, 0x310A, 0x24C7, 0x3509,
    0x28C7, 0x392A, 0x24C7, 0x2D08, 0x2D08, 0x28C7, 0x3129, 0x2D07,
    0x28C6, 0x3949, 0x3528, 0x3128, 0x2D07, 0x2CE7, 0x3128, 0x3128,
    0x5651, 0x5210, 0x5630, 0x5650, 0x562F, 0x564F, 0x564F, 0x564F,
    0x524F, 0x524F, 0x566E, 0x566E, 0x5A8E, 0x5AAE, 0x5E8F, 0x62B0,
    0x62D1, 0x62B0, 0x62D0, 0x62D1, 0x6B12, 0x6AF2, 0x6AF2, 0x6AF2,
    0x6F33, 0x66D1, 0x66D1, 0x66D0, 0x62D0, 0x66F1, 0x62D0, 0x66D1,
    0x526E, 0x10C8, 0x0491, 0x25FB, 0x019E, 0x013C, 0x0CFA, 0x5552,
    0x7986, 0x7CC0, 0x7CA0, 0x7CA0, 0x7CA2, 0x7441, 0x7841, 0x7C41,
    0x7C61, 0x7C61, 0x7880, 0x7CA0, 0x7CC0, 0x7CA0, 0x7CA0, 0x7C80,
    0x7C81, 0x7C61, 0x7860, 0x7C80, 0x7CA0, 0x7CA0, 0x7CA0, 0x6C60,
    0x6040, 0x4821, 0x3C01, 0x5CA3, 0x5D70, 0x091A, 0x01DD, 0x42DB,
    0x3659, 0x42B6, 0x5AD4, 0x5A90, 0x5ED2, 0x5690, 0x5690, 0x5690,
    0x5691, 0x5670, 0x5670, 0x5671, 0x5671, 0x5EB3, 0x5A91, 0x5AB2,
    0x5A91, 0x62B1, 0x5A6F, 0x5E90, 0x5E8F, 0x5E90, 0x62D1, 0x62B0,
    0x5EB0, 0x62D1, 0x62F1, 0x62D3, 0x6AF3, 0x6759, 0x1991, 0x26DD,
    0x15F5, 0x2613, 0x56F0, 0x7BB2, 0x3900, 0x59C0, 0x6220, 0x72A0,
    0x76E0, 0x7720, 0x6260, 0x6EA0, 0x7300, 0x7320, 0x7320, 0x7760,
    0x7760, 0x7740, 0x7740, 0x7740, 0x7760, 0x7760, 0x7B80, 0x7B80,
    0x7BA0, 0x7FC0, 0x7FC0, 0x7FC0, 0x7BC0, 0x7FC0, 0x7FE0, 0x7FE0,
    0x7FC0, 0x5E00, 0x352C, 0x2239, 0x0A7B, 0x271C, 0x2F3D, 0x26FD,
    0x2B3D, 0x2F1C, 0x4F5A, 0x4A52, 0x5672, 0x5272, 0x5A93, 0x5672,
    0x5A92, 0x5EB4, 0x5EB3, 0x5EB3, 0x62D5, 0x5ED6, 0x4E54, 0x20EB,
    0x148C, 0x148D, 0x188D, 0x18AC, 0x18AC, 0x1CAC, 0x1CAC, 0x1CCC,
    0x1CCC, 0x1CCD, 0x1CCC, 0x1CEC, 0x1CED, 0x1CCC, 0x1CED, 0x1CED,
    0x1CED, 0x1CEC, 0x1CEC, 0x1CEC, 0x1CED, 0x210D, 0x1CED, 0x20EE,
    0x1CED, 0x20ED, 0x20ED, 0x20ED, 0x1CED, 0x1CED, 0x1CED, 0x1CEC,
    0x212B, 0x2DAA, 0x1564, 0x2A22, 0x42E4, 0x42C3, 0x4284, 0x3621,
    0x3E41, 0x4260, 0x4AA2, 0x4AA3, 0x4683, 0x3E40, 0x4681, 0x46A2,
    0x4682, 0x4262, 0x4261, 0x4260, 0x4261, 0x4AA3, 0x4682, 0x4661,
    0x4260, 0x4681, 0x4A81, 0x4EA2, 0x52C2, 0x4EA1, 0x4EA1, 0x4EC2,
    0x4AA1, 0x4EC0, 0x4680, 0x4EC0, 0x4AE0, 0x5744, 0x4F23, 0x5FA8,
    0x6BCB, 0x56CA, 0x3588, 0x1CC7, 0x1CA7, 0x3109, 0x24C7, 0x3509,
    0x28C7, 0x392A, 0x24C7, 0x2D08, 0x2D08, 0x24C6, 0x3129, 0x2CE7,
    0x28E6, 0x3949, 0x3528, 0x3107, 0x2CE7, 0x2D07, 0x3128, 0x3549,
    0x5EB0, 0x62B0, 0x62B0, 0x62B1, 0x66D1, 0x66D1, 0x62B1, 0x62B1,
    0x66D2, 0x5EB0, 0x5E90, 0x62B1, 0x5EB0, 0x5EB1, 0x62B1, 0x5A8F,
    0x5E8F, 0x5A6E, 0x5E8E, 0x564D, 0x62B0, 0x5E90, 0x5A6F, 0x62B1,
    0x62D1, 0x5EB0, 0x62B1, 0x5EB0, 0x5EB1, 0x62D3, 0x62B2, 0x6AF3,
    0x62F3, 0x0848, 0x0890, 0x25B9, 0x1DDD, 0x011B, 0x0CFA, 0x490F,
    0x7985, 0x7D00, 0x7CA0, 0x7CA0, 0x7CA2, 0x7461, 0x7441, 0x7842,
    0x7C41, 0x7C61, 0x7C81, 0x7C81, 0x7CA1, 0x7CA0, 0x7CA0, 0x7C81,
    0x7C61, 0x7C41, 0x7840, 0x7C80, 0x7CA0, 0x78A0, 0x7C80, 0x7060,
    0x5800, 0x4401, 0x3C01, 0x6D26, 0x4CCD, 0x0D1B, 0x01BD, 0x3ABB,
    0x4ADA, 0x5316, 0x6B35, 0x6F11, 0x6B10, 0x6F10, 0x6AF0, 0x6B10,
    0x6B10, 0x6B11, 0x66D0, 0x6AF2, 0x66D1, 0x62B0, 0x66D1, 0x6AD1,
    0x66D1, 0x5A90, 0x5A91, 0x5A91, 0x62D3, 0x5ED2, 0x5AB1, 0x526F,
    0x5EB2, 0x5A70, 0x5AB1, 0x62D3, 0x5E90, 0x5AD5, 0x25B2, 0x227B,
    0x2257, 0x0DB1, 0x25F0, 0x6735, 0x3900, 0x6200, 0x6220, 0x6E80,
    0x72E0, 0x7700, 0x6EC0, 0x6660, 0x72E0, 0x72E0, 0x7720, 0x7740,
    0x7740, 0x7720, 0x7720, 0x7720, 0x7740, 0x7760, 0x7B60, 0x7B60,
    0x7B60, 0x7B80, 0x7BA0, 0x7FA0, 0x7BA0, 0x7FC0, 0x7FE0, 0x7FE0,
    0x7FC0, 0x5E20, 0x356F, 0x161A, 0x16BB, 0x2F5E, 0x271C, 0x2F3E,
    0x2B3C, 0x333C, 0x4F5B, 0x4A94, 0x5673, 0x5A93, 0x5692, 0x5AB4,
    0x5ED4, 0x5EB4, 0x5ED4, 0x62D5, 0x62D5, 0x5ED6, 0x4E54, 0x292D,
    0x148B, 0x14AC, 0x14AC, 0x18AC, 0x18AC, 0x1CAC, 0x1CCC, 0x1CCC,
    0x1CCC, 0x1CCC, 0x1CCC, 0x1CCD, 0x1CED, 0x1CED, 0x1CED, 0x1CED,
    0x1CED, 0x20EC, 0x1CEC, 0x1CEC, 0x20ED, 0x20ED, 0x20ED, 0x1CED,
    0x1CED, 0x20ED, 0x20CD, 0x20CD, 0x1CEE, 0x1CEE, 0x18CE, 0x1CCD,
    0x1CEB, 0x258A, 0x1565, 0x2A24, 0x3EC3, 0x46E1, 0x46C3, 0x4283,
    0x3A20, 0x4260, 0x46A1, 0x4AA3, 0x4662, 0x4682, 0x4682, 0x4AA3,
    0x4681, 0x4662, 0x4662, 0x4261, 0x4661, 0x4682, 0x4A83, 0x3E41,
    0x4241, 0x4260, 0x4A61, 0x52A2, 0x4EA1, 0x52C1, 0x4EA0, 0x4EC1,
    0x4AA0, 0x4680, 0x4680, 0x46A0, 0x4EE0, 0x5321, 0x5B85, 0x5FA7,
    0x73CD, 0x56AB, 0x2D25, 0x20C7, 0x1CA7, 0x3109, 0x24C7, 0x30E8,
    0x28C7, 0x3509, 0x24C6, 0x2908, 0x2D08, 0x24C6, 0x3129, 0x2CE7,
    0x28E6, 0x3549, 0x3528, 0x3107, 0x2CE7, 0x3108, 0x3128, 0x3128,
    0x5EB0, 0x5ED1, 0x5ED1, 0x566F, 0x5A90, 0x5690, 0x524F, 0x5E91,
    0x5E90, 0x5E90, 0x62B1, 0x62B1, 0x5E90, 0x6290, 0x5E8F, 0x62B0,
    0x66D1, 0x66D1, 0x6AF2, 0x6AF2, 0x6B12, 0x6B32, 0x6B32, 0x6B33,
    0x6F53, 0x6F33, 0x6F32, 0x6F31, 0x6F31, 0x6F32, 0x6F32, 0x6F33,
    0x6B34, 0x0426, 0x0C90, 0x1935, 0x29FE, 0x051B, 0x10F9, 0x388D,
    0x7965, 0x7D21, 0x7CC0, 0x7CA0, 0x7CA2, 0x7041, 0x7042, 0x7442,
    0x7842, 0x7C62, 0x7C61, 0x7C80, 0x7C80, 0x7CA0, 0x7CA0, 0x7C60,
    0x7C61, 0x7C61, 0x7C61, 0x7C60, 0x78A0, 0x7CA0, 0x7C80, 0x74A2,
    0x5820, 0x4021, 0x3C21, 0x6D27, 0x550E, 0x0D1B, 0x09BB, 0x3279,
    0x533A, 0x4A93, 0x5AB1, 0x62B0, 0x5EB0, 0x5A8F, 0x62B1, 0x5E90,
    0x5E90, 0x66D2, 0x66D0, 0x66D0, 0x66D1, 0x6B12, 0x6AF1, 0x66D0,
    0x66D0, 0x6AF0, 0x66CF, 0x6AF0, 0x6ACF, 0x6EF0, 0x6EF0, 0x6AF0,
    0x6AF1, 0x6AF1, 0x66F1, 0x6AF2, 0x6ED0, 0x66B2, 0x4655, 0x0D74,
    0x2EFD, 0x0992, 0x2237, 0x4274, 0x3920, 0x6E60, 0x6E80, 0x6A60,
    0x72C0, 0x72E0, 0x6AC0, 0x6EA0, 0x6A80, 0x6EA0, 0x7300, 0x7720,
    0x7720, 0x7300, 0x7300, 0x7700, 0x7720, 0x7740, 0x7740, 0x7740,
    0x7760, 0x7B60, 0x7B80, 0x7B80, 0x7FA0, 0x7FC0, 0x7FE0, 0x7FE0,
    0x7FE0, 0x5E00, 0x316E, 0x121A, 0x1EDD, 0x2B5E, 0x22FC, 0x335D,
    0x2B3C, 0x375C, 0x4B5B, 0x4273, 0x5672, 0x5A92, 0x5EB3, 0x5672,
    0x5672, 0x5A93, 0x5AB4, 0x5EB5, 0x5EB4, 0x66D6, 0x5AB5, 0x356E,
    0x1489, 0x18AA, 0x14AA, 0x18AB, 0x18CC, 0x1CCC, 0x1CCC, 0x1CCB,
    0x1CCB, 0x1CCB, 0x1CCC, 0x1CCC, 0x1CCD, 0x1CED, 0x1CED, 0x1CED,
    0x1CEC, 0x1CEC, 0x1CEC, 0x1CEC, 0x1CEC, 0x20ED, 0x20ED, 0x1CCD,
    0x20CD, 0x20CD, 0x20CD, 0x1CCD, 0x1CCE, 0x1CCE, 0x18CE, 0x1CCD,
    0x18CB, 0x1D28, 0x1544, 0x3247, 0x4708, 0x5365, 0x5745, 0x4EE4,
    0x4262, 0x4261, 0x4682, 0x4683, 0x3E40, 0x4262, 0x4663, 0x4682,
    0x4260, 0x4260, 0x4241, 0x4262, 0x4261, 0x4662, 0x4EA6, 0x4A65,
    0x4E84, 0x52C4, 0x52A4, 0x52C3, 0x52A1, 0x56E2, 0x56E2, 0x52C1,
    0x4AA1, 0x3E40, 0x4681, 0x46C0, 0x46C0, 0x4F23, 0x5B85, 0x5FA8,
    0x6BAD, 0x5ACC, 0x2906, 0x1CA7, 0x1CA8, 0x2D09, 0x20C7, 0x3109,
    0x24C7, 0x3509, 0x24C7, 0x28E7, 0x2D08, 0x24C6, 0x3129, 0x28E7,
    0x28C6, 0x3529, 0x3107, 0x3108, 0x2CE7, 0x2D07, 0x3108, 0x3149,
    0x5A6E, 0x5A8E, 0x5E8F, 0x66D1, 0x66D1, 0x66D1, 0x6AF2, 0x6AF1,
    0x6EF1, 0x6AF0, 0x6B10, 0x66EF, 0x6B10, 0x66EF, 0x66F0, 0x6B12,
    0x6AF1, 0x66D1, 0x6B13, 0x6B13, 0x66D2, 0x66F3, 0x5A91, 0x5EB2,
    0x5EB2, 0x66D3, 0x5A70, 0x66D2, 0x66F1, 0x5EB0, 0x5EB0, 0x6B13,
    0x6713, 0x0845, 0x1070, 0x0854, 0x111C, 0x08FC, 0x10B9, 0x306D,
    0x7124, 0x7D42, 0x78A0, 0x7880, 0x7881, 0x6820, 0x6C42, 0x7043,
    0x7442, 0x7841, 0x7C61, 0x7C61, 0x7C80, 0x7CA0, 0x7C80, 0x7C60,
    0x7C81, 0x7C81, 0x7C60, 0x7880, 0x7CA0, 0x7CA0, 0x74A0, 0x78E3,
    0x5440, 0x3C21, 0x3821, 0x6D26, 0x48CD, 0x111A, 0x1E3B, 0x2A38,
    0x533A, 0x52D5, 0x62D2, 0x62F3, 0x5ED2, 0x5ED2, 0x5ED2, 0x5670,
    0x5670, 0x5270, 0x5AB1, 0x526F, 0x5670, 0x5ED3, 0x5691, 0x5670,
    0x5691, 0x5AB1, 0x5690, 0x566F, 0x5ED1, 0x5EB1, 0x5A70, 0x5EB1,
    0x66D3, 0x6292, 0x5EB1, 0x5EB1, 0x6ACF, 0x6AF2, 0x4A53, 0x0D75,
    0x269C, 0x1DF5, 0x2236, 0x3653, 0x3D40, 0x6E80, 0x72E0, 0x6E80,
    0x6EA0, 0x6EA0, 0x6A80, 0x6EA0, 0x6A60, 0x6A80, 0x72E0, 0x72E0,
    0x7700, 0x7300, 0x72E0, 0x72E0, 0x7300, 0x7720, 0x7740, 0x7740,
    0x7740, 0x7740, 0x7B60, 0x7B60, 0x7B80, 0x7FC0, 0x7FE0, 0x7FE0,
    0x7FC0, 0x6200, 0x1CE9, 0x0E5A, 0x26FD, 0x26FD, 0x271D, 0x335E,
    0x2B3C, 0x3F7E, 0x473A, 0x4AB5, 0x5EB2, 0x62CF, 0x62AF, 0x5E8F,
    0x5E8F, 0x5A6F, 0x5E90, 0x62B2, 0x5EB1, 0x5E91, 0x5EB3, 0x4A11,
    0x1CC8, 0x18A9, 0x18AA, 0x18AB, 0x18AB, 0x18CB, 0x1CCB, 0x1CCB,
    0x1CCC, 0x1CCC, 0x1CCC, 0x1CCD, 0x1CCD, 0x20CD, 0x20ED, 0x20EC,
    0x1CEC, 0x1CEC, 0x1CEC, 0x1CEC, 0x20EC, 0x20ED, 0x20CC, 0x1CCC,
    0x1CCC, 0x20CC, 0x20CC, 0x20CC, 0x1CCD, 0x1CCE, 0x1CCE, 0x1CCE,
    0x1CCB, 0x2569, 0x1D66, 0x1984, 0x3A68, 0x4F06, 0x4F24, 0x5304,
    0x4262, 0x3A00, 0x4242, 0x4A82, 0x4240, 0x3A00, 0x3E41, 0x4261,
    0x4260, 0x4240, 0x3E40, 0x3E20, 0x4240, 0x4A83, 0x4E86, 0x4A66,
    0x5285, 0x52A3, 0x52A4, 0x52A3, 0x4E81, 0x52C1, 0x52C0, 0x4EC0,
    0x52E1, 0x3620, 0x3A43, 0x3E82, 0x42C1, 0x4F47, 0x5BA9, 0x5FAA,
    0x6BCF, 0x528C, 0x24C5, 0x1CA8, 0x1CA8, 0x24E9, 0x1CC6, 0x2D09,
    0x24C7, 0x3509, 0x28C7, 0x2CE8, 0x3109, 0x24C6, 0x3129, 0x28E7,
    0x28C6, 0x3128, 0x3107, 0x3107, 0x2CE7, 0x2CE7, 0x3108, 0x3128,
    0x6AF0, 0x6AF1, 0x66CF, 0x66AF, 0x66CF, 0x66D0, 0x5E8D, 0x66D0,
    0x62B0, 0x5E8F, 0x5EB0, 0x566F, 0x5A91, 0x5E91, 0x5E70, 0x5A6E,
    0x5E90, 0x62B0, 0x62B1, 0x62B0, 0x62D0, 0x66D0, 0x62D1, 0x62D0,
    0x66D1, 0x66D1, 0x66D0, 0x6AF2, 0x6AF2, 0x6712, 0x6F33, 0x6F53,
    0x6F74, 0x1CE3, 0x0C6C, 0x0C74, 0x0498, 0x0CDB, 0x109A, 0x306D,
    0x68E3, 0x7D02, 0x7CC0, 0x78A0, 0x78A1, 0x6420, 0x6422, 0x6C43,
    0x7042, 0x7442, 0x7862, 0x7C61, 0x7C61, 0x7C81, 0x7C81, 0x7860,
    0x7C60, 0x7C80, 0x7C80, 0x7C80, 0x7CA0, 0x7CA0, 0x78E0, 0x7903,
    0x4C40, 0x3C21, 0x3821, 0x64E6, 0x408D, 0x10DB, 0x2A9D, 0x2617,
    0x4AF7, 0x6737, 0x7354, 0x6F32, 0x6F32, 0x6B11, 0x6B12, 0x66F0,
    0x66F1, 0x5EAF, 0x62B0, 0x62D1, 0x62D0, 0x62B0, 0x62D1, 0x6AF2,
    0x5A8F, 0x5EB1, 0x5670, 0x564F, 0x62B2, 0x5E92, 0x5650, 0x5A91,
    0x5AB1, 0x5E91, 0x5691, 0x5691, 0x566F, 0x5670, 0x4E95, 0x1154,
    0x1A1B, 0x269B, 0x19F1, 0x2E10, 0x4980, 0x6E80, 0x72C0, 0x72C0,
    0x6A60, 0x6220, 0x6220, 0x6E80, 0x6640, 0x6A60, 0x72C0, 0x72C0,
    0x72E0, 0x72E0, 0x72C0, 0x72E0, 0x72E0, 0x7300, 0x7720, 0x7320,
    0x7720, 0x7720, 0x7740, 0x7760, 0x7B60, 0x7B80, 0x7FC0, 0x7FC0,
    0x7FC0, 0x6620, 0x18E7, 0x1258, 0x333E, 0x169B, 0x2F5E, 0x271C,
    0x271B, 0x43BE, 0x477C, 0x4AB5, 0x5EB2, 0x6AF1, 0x6AEF, 0x6EF0,
    0x6F11, 0x6F11, 0x7331, 0x6F31, 0x6F31, 0x6B11, 0x6F33, 0x5ED1,
    0x398B, 0x18A7, 0x18A9, 0x18AA, 0x18CA, 0x1CCB, 0x1CCB, 0x1CCB,
    0x1CCB, 0x1CCC, 0x1CCC, 0x1CCC, 0x1CCC, 0x1CCC, 0x20CC, 0x20EC,
    0x1CEC, 0x1CCC, 0x1CED, 0x20ED, 0x20ED, 0x20ED, 0x20ED, 0x20CD,
    0x1CCC, 0x1CCC, 0x1CCC, 0x1CCC, 0x1CCC, 0x1CED, 0x1CCD, 0x1CCD,
    0x18CB, 0x2589, 0x2187, 0x1947, 0x1504, 0x29C2, 0x46C5, 0x4AC5,
    0x4683, 0x3E20, 0x4240, 0x4660, 0x4682, 0x3600, 0x3A20, 0x4240,
    0x4260, 0x3E40, 0x3E40, 0x3E40, 0x4661, 0x4662, 0x4A64, 0x4A43,
    0x4E62, 0x4A80, 0x4A61, 0x4E81, 0x4660, 0x4A80, 0x4AA0, 0x4EC0,
    0x4AC0, 0x3A80, 0x1DC0, 0x2A43, 0x3AC5, 0x4309, 0x5FD0, 0x5FCC,
    0x638E, 0x3186, 0x24A6, 0x1CA7, 0x1CC8, 0x20C8, 0x1CC6, 0x2D09,
    0x24C7, 0x3108, 0x28E7, 0x28E7, 0x2D08, 0x24C6, 0x2D09, 0x28E7,
    0x28C6, 0x3128, 0x3107, 0x3107, 0x2CE7, 0x2D07, 0x3107, 0x2D08,
    0x5A91, 0x5E91, 0x6292, 0x5E91, 0x5E91, 0x5E91, 0x5E91, 0x5A8F,
    0x5A8E, 0x5E8F, 0x5A6E, 0x62D1, 0x62D1, 0x5EB0, 0x6AF2, 0x6B12,
    0x6B12, 0x6F12, 0x6F32, 0x6F52, 0x6B31, 0x6F32, 0x6B32, 0x6B31,
    0x6B11, 0x6F12, 0x6B12, 0x6B12, 0x6B12, 0x6711, 0x6B32, 0x6F32,
    0x6B53, 0x2544, 0x0888, 0x0C72, 0x0874, 0x0897, 0x1477, 0x346C,
    0x7568, 0x7CE0, 0x7CE0, 0x7CC0, 0x78A2, 0x6020, 0x5821, 0x6022,
    0x6442, 0x6841, 0x7062, 0x7862, 0x7C61, 0x7C61, 0x7C82, 0x7C61,
    0x7C61, 0x7C80, 0x7C80, 0x7C80, 0x7C80, 0x78A0, 0x74C0, 0x70A1,
    0x4C20, 0x3C22, 0x3C22, 0x60A5, 0x3C4C, 0x0D3A, 0x1E3C, 0x3EDB,
    0x42B5, 0x5EF6, 0x62D2, 0x62D0, 0x62B1, 0x62D1, 0x5E90, 0x5EB1,
    0x62D2, 0x62D2, 0x6AF2, 0x66D1, 0x6AF1, 0x6AF0, 0x6B11, 0x6AF1,
    0x6AF1, 0x6AF0, 0x6AF1, 0x66F0, 0x6AF1, 0x66D0, 0x6B11, 0x6F12,
    0x6AF1, 0x6AF1, 0x6AF1, 0x62D0, 0x62D1, 0x62D1, 0x5EF5, 0x006F,
    0x119A, 0x1E9D, 0x15F4, 0x0D2A, 0x51C2, 0x6A40, 0x6EA0, 0x72E0,
    0x6A60, 0x6620, 0x6640, 0x6E60, 0x6A60, 0x6A60, 0x6E80, 0x6EA0,
    0x72C0, 0x6EC0, 0x6EA0, 0x6EC0, 0x6EC0, 0x72E0, 0x7700, 0x7320,
    0x7720, 0x7720, 0x7740, 0x7B80, 0x7B80, 0x7760, 0x7FA0, 0x7BC0,
    0x7FC0, 0x6A40, 0x1D09, 0x2278, 0x3B5E, 0x127B, 0x377E, 0x1EDC,
    0x2F5C, 0x43BD, 0x435B, 0x4A96, 0x5E93, 0x564F, 0x5A70, 0x564F,
    0x564F, 0x5E90, 0x5E90, 0x62B0, 0x62B0, 0x66F0, 0x66F0, 0x6B12,
    0x5671, 0x24E9, 0x18AA, 0x18CB, 0x18CA, 0x1CCA, 0x1CCA, 0x1CCB,
    0x1CCB, 0x1CCB, 0x1CCB, 0x1CCB, 0x1CCB, 0x1CCB, 0x1CEB, 0x1CEB,
    0x1CEB, 0x1CEC, 0x1CEC, 0x1CEC, 0x1CCC, 0x1CCD, 0x20CD, 0x20EE,
    0x1CED, 0x1CED, 0x1CED, 0x1CEC, 0x1CCC, 0x1CEC, 0x1CCC, 0x1CCD,
    0x1CCB, 0x2569, 0x25A8, 0x1927, 0x18E7, 0x1D24, 0x3A27, 0x3E65,
    0x46C4, 0x4AA2, 0x4661, 0x4A61, 0x4A83, 0x4A84, 0x3E20, 0x4661,
    0x4260, 0x3E40, 0x3A20, 0x3E40, 0x4662, 0x4241, 0x4641, 0x4A61,
    0x4A60, 0x4A80, 0x4EA2, 0x4EA1, 0x4AA0, 0x4260, 0x4681, 0x4EE2,
    0x4AC1, 0x3681, 0x2665, 0x32CB, 0x3F4B, 0x4F8F, 0x63D2, 0x5FCC,
    0x638F, 0x3188, 0x20A7, 0x1CA7, 0x18C8, 0x20C8, 0x20C7, 0x2D09,
    0x28C7, 0x30E8, 0x24E7, 0x28E7, 0x2D08, 0x24C6, 0x3129, 0x28E7,
    0x28E6, 0x3528, 0x3128, 0x3128, 0x2D07, 0x2906, 0x2D07, 0x3128,
    0x62B0, 0x66B0, 0x6AD0, 0x66AE, 0x6AEF, 0x6AEE, 0x6B0F, 0x6AF0,
    0x6AF1, 0x6AF1, 0x6AF1, 0x66AF, 0x66B0, 0x62AF, 0x5EB0, 0x5A8F,
    0x5ED1, 0x5A90, 0x524D, 0x568F, 0x524F, 0x4E30, 0x5250, 0x524F,
    0x5671, 0x5A72, 0x5A92, 0x5651, 0x5A92, 0x5A91, 0x5EB2, 0x62F2,
    0x5EF1, 0x2D88, 0x0888, 0x0871, 0x0C75, 0x0C55, 0x1851, 0x556C,
    0x7968, 0x7D01, 0x7CE0, 0x7CC0, 0x7481, 0x5C21, 0x5022, 0x5842,
    0x5C22, 0x6022, 0x6841, 0x7462, 0x7C62, 0x7C61, 0x7C61, 0x7C61,
    0x7C61, 0x7C61, 0x7C81, 0x7C60, 0x7C80, 0x7C80, 0x7C80, 0x7482,
    0x5420, 0x4001, 0x3C22, 0x5842, 0x302B, 0x15D9, 0x161C, 0x4F5C,
    0x31F2, 0x5ED5, 0x5EB2, 0x5EB1, 0x5A91, 0x5ED3, 0x5A91, 0x5A92,
    0x5692, 0x5EB3, 0x5250, 0x5A92, 0x5A71, 0x5EB2, 0x5A91, 0x5EB2,
    0x5EB2, 0x566F, 0x5670, 0x5A90, 0x5A8F, 0x5EB0, 0x5AAF, 0x5EAF,
    0x6AF2, 0x66D0, 0x62D0, 0x62D1, 0x66D1, 0x62D1, 0x6B35, 0x1CCB,
    0x1178, 0x161C, 0x1A3A, 0x090D, 0x5A27, 0x6E60, 0x72A0, 0x72E0,
    0x6EA0, 0x6A60, 0x6E60, 0x6E60, 0x6A60, 0x6A60, 0x6A60, 0x6660,
    0x72C0, 0x72C0, 0x6AC0, 0x6AA0, 0x6AA0, 0x72E0, 0x7300, 0x7720,
    0x7720, 0x7740, 0x7740, 0x7B60, 0x7760, 0x7B60, 0x7F80, 0x7FC0,
    0x7FA0, 0x6A40, 0x212A, 0x32DB, 0x229B, 0x1EBC, 0x3B7E, 0x169B,
    0x375D, 0x439C, 0x4F7B, 0x52B3, 0x66D0, 0x66CE, 0x6AD1, 0x66D1,
    0x66B0, 0x66D1, 0x6291, 0x5E70, 0x5E90, 0x5EB0, 0x62D1, 0x5EB1,
    0x5671, 0x292A, 0x18AA, 0x18AA, 0x18A9, 0x18AA, 0x1CCA, 0x1CCA,
    0x1CCA, 0x1CCB, 0x20EB, 0x20EB, 0x20EB, 0x20EB, 0x20EC, 0x20EC,
    0x20EC, 0x1CEB, 0x1CEB, 0x20EC, 0x20EC, 0x20EC, 0x20EC, 0x20CC,
    0x20EC, 0x1CEC, 0x1CEB, 0x1CEB, 0x1CCB, 0x1CCA, 0x1CCB, 0x1CCD,
    0x1CCB, 0x1D28, 0x29C9, 0x1926, 0x18E7, 0x1904, 0x428A, 0x3224,
    0x42A6, 0x3E42, 0x4683, 0x4261, 0x4261, 0x4662, 0x4663, 0x4221,
    0x4220, 0x3E20, 0x3A20, 0x3E40, 0x4261, 0x4641, 0x4220, 0x4240,
    0x4660, 0x4A81, 0x4EA2, 0x56E3, 0x4AC0, 0x4680, 0x3A41, 0x5747,
    0x4F26, 0x3264, 0x2EA9, 0x3B2D, 0x3F4B, 0x4F8D, 0x5BCE, 0x5BAB,
    0x636E, 0x2905, 0x24A7, 0x1CA7, 0x18C8, 0x24E8, 0x24E8, 0x2CE8,
    0x28C6, 0x3508, 0x28E7, 0x2CE7, 0x2D08, 0x24C7, 0x3109, 0x28E7,
    0x28C6, 0x3528, 0x3107, 0x3108, 0x2D07, 0x2D07, 0x28E6, 0x2D08,
    0x66F1, 0x5EB1, 0x5A90, 0x5A90, 0x524D, 0x566F, 0x566E, 0x564F,
    0x524F, 0x5670, 0x5A71, 0x522F, 0x4E2E, 0x5670, 0x5A70, 0x5A91,
    0x5E92, 0x5A71, 0x5A92, 0x5A72, 0x5230, 0x566F, 0x5A90, 0x564E,
    0x5A6E, 0x5E8F, 0x5A6E, 0x5A6E, 0x62B0, 0x5EAF, 0x66D0, 0x6F11,
    0x7352, 0x422A, 0x0C84, 0x0C6F, 0x0C56, 0x1055, 0x244B, 0x71ED,
    0x7D25, 0x78E0, 0x7CE0, 0x7CC1, 0x7040, 0x5C22, 0x5422, 0x5422,
    0x5822, 0x6022, 0x6822, 0x7042, 0x7862, 0x7861, 0x7840, 0x7C61,
    0x7C61, 0x7C61, 0x7C60, 0x7C60, 0x7C60, 0x7C60, 0x7C61, 0x7443,
    0x5C20, 0x4421, 0x3841, 0x4C42, 0x244C, 0x161B, 0x163B, 0x4B3B,
    0x3A0F, 0x62F3, 0x62F0, 0x6AF0, 0x6AF0, 0x66D0, 0x62AE, 0x66CF,
    0x5E8E, 0x62AF, 0x62D2, 0x5EB2, 0x5A90, 0x5A90, 0x5A90, 0x524E,
    0x5A90, 0x5EB2, 0x5A92, 0x5A92, 0x5A92, 0x62D4, 0x62B4, 0x5EB4,
    0x62D4, 0x5ED3, 0x5671, 0x5A92, 0x5AB3, 0x5AB3, 0x5ED5, 0x3590,
    0x00B0, 0x11DA, 0x19F9, 0x00AA, 0x4D82, 0x6620, 0x72C0, 0x7700,
    0x7700, 0x72A0, 0x6E60, 0x6E60, 0x6A60, 0x6640, 0x6A60, 0x6240,
    0x72C0, 0x6EE0, 0x6EE0, 0x72E0, 0x6680, 0x6EE0, 0x72E0, 0x7300,
    0x7720, 0x7720, 0x7320, 0x7740, 0x7740, 0x7300, 0x7B60, 0x7FC0,
    0x7FA0, 0x6600, 0x2D6C, 0x3ADC, 0x061A, 0x2F3D, 0x331D, 0x1EDD,
    0x43BE, 0x439C, 0x57BD, 0x52B4, 0x66D0, 0x62AE, 0x66AF, 0x6ED0,
    0x6ECF, 0x6EEF, 0x6F10, 0x6F10, 0x7310, 0x6F11, 0x7311, 0x7732,
    0x6AF1, 0x49EC, 0x20A6, 0x1CA8, 0x18A9, 0x1CCA, 0x1CCA, 0x1CCA,
    0x1CCA, 0x1CCA, 0x1CCA, 0x1CCA, 0x1CCB, 0x1CEB, 0x1CEB, 0x1CCB,
    0x1CEB, 0x1CEB, 0x1CEB, 0x20EB, 0x20EB, 0x20EC, 0x20EC, 0x20EC,
    0x20EC, 0x20EC, 0x20EB, 0x1CEB, 0x1CEA, 0x1CCA, 0x1CCA, 0x1CAC,
    0x1CCB, 0x18E7, 0x29A9, 0x2166, 0x18E6, 0x14E3, 0x3A4A, 0x2E07,
    0x3E88, 0x3203, 0x3601, 0x3A40, 0x3A20, 0x4261, 0x4E84, 0x4642,
    0x4A62, 0x3E20, 0x35E0, 0x31C0, 0x3E00, 0x4240, 0x4660, 0x4660,
    0x4660, 0x4A81, 0x4EA3, 0x5703, 0x4AC0, 0x46A1, 0x3641, 0x5B89,
    0x536A, 0x2A66, 0x32CB, 0x370C, 0x3F4A, 0x57AD, 0x57AA, 0x5368,
    0x5F2D, 0x24C4, 0x28C8, 0x1CC6, 0x1CC7, 0x28E8, 0x24C7, 0x2CE8,
    0x28C6, 0x3108, 0x28E6, 0x2CE7, 0x3108, 0x28C7, 0x3109, 0x28C6,
    0x28C6, 0x3528, 0x3107, 0x3107, 0x2D07, 0x28E6, 0x2D06, 0x2D07,
    0x5A92, 0x66F4, 0x5A91, 0x5A91, 0x5A70, 0x5670, 0x5A91, 0x5A8F,
    0x5EAE, 0x62D0, 0x62CF, 0x5AAE, 0x62D0, 0x6B12, 0x6ACF, 0x6EF0,
    0x6EF0, 0x6AEF, 0x6AEF, 0x6F10, 0x6F10, 0x6F0F, 0x7310, 0x6F10,
    0x7751, 0x7310, 0x7751, 0x7750, 0x774F, 0x774F, 0x774E, 0x7B6F,
    0x7B91, 0x528B, 0x14A1, 0x106B, 0x0C75, 0x1054, 0x450A, 0x75A9,
    0x7D02, 0x7D01, 0x7CE0, 0x7C80, 0x7841, 0x6821, 0x5C22, 0x5822,
    0x5C22, 0x6022, 0x6842, 0x7442, 0x7862, 0x7C82, 0x7C61, 0x7C61,
    0x7C61, 0x7C61, 0x7C60, 0x7C81, 0x7C60, 0x7C60, 0x7820, 0x7021,
    0x6020, 0x4421, 0x2C41, 0x3841, 0x148D, 0x121E, 0x32FD, 0x2E59,
    0x3E10, 0x62F2, 0x62D0, 0x66F0, 0x66EF, 0x6AF0, 0x6AF0, 0x66CF,
    0x66F0, 0x66F0, 0x6AF0, 0x66EF, 0x66EF, 0x6AEF, 0x6B10, 0x6B10,
    0x66EF, 0x6AF0, 0x66CF, 0x66D0, 0x5E8E, 0x66D0, 0x62D0, 0x62B0,
    0x62B2, 0x5A90, 0x5ED2, 0x5EB2, 0x5EB0, 0x5EB1, 0x5EB3, 0x5253,
    0x006B, 0x1197, 0x1DD9, 0x2192, 0x4541, 0x6200, 0x72C0, 0x7700,
    0x7720, 0x6EC0, 0x6A60, 0x6E80, 0x6E60, 0x6A60, 0x6E80, 0x6660,
    0x72C0, 0x6AC0, 0x72E0, 0x72E0, 0x72C0, 0x6EC0, 0x72E0, 0x7300,
    0x7700, 0x7720, 0x7300, 0x7740, 0x7B40, 0x7740, 0x7B60, 0x7B80,
    0x7F60, 0x65E0, 0x456D, 0x3618, 0x0A3B, 0x335E, 0x1A9A, 0x22FC,
    0x3FBE, 0x439D, 0x5BBF, 0x4A75, 0x5E73, 0x5E93, 0x5A72, 0x5A71,
    0x5670, 0x5A91, 0x5690, 0x5A90, 0x5EB0, 0x62AF, 0x66D1, 0x66D0,
    0x6AF2, 0x5A70, 0x2D28, 0x1CA8, 0x18A9, 0x18CA, 0x1CCA, 0x1CCA,
    0x1CC9, 0x1CC9, 0x1CCA, 0x1CCA, 0x1CCA, 0x1CCA, 0x1CCB, 0x1CCB,
    0x1CEB, 0x1CCC, 0x1CCC, 0x1CCC, 0x1CCC, 0x1CCC, 0x1CCC, 0x1CCC,
    0x20CC, 0x20CC, 0x20CC, 0x1CCB, 0x1CCB, 0x1CCB, 0x1CCB, 0x1CCC,
    0x1CCB, 0x1CE9, 0x2589, 0x2586, 0x18E5, 0x14E4, 0x25A5, 0x2E26,
    0x2E04, 0x3A26, 0x3602, 0x3600, 0x3A20, 0x4260, 0x4662, 0x4661,
    0x4A62, 0x4241, 0x3A00, 0x35E0, 0x35E0, 0x3A00, 0x4220, 0x4660,
    0x4660, 0x4660, 0x4660, 0x4A81, 0x4680, 0x46A1, 0x3642, 0x5B8A,
    0x4F6A, 0x2648, 0x32CD, 0x330B, 0x4349, 0x57CC, 0x57A7, 0x63CA,
    0x52EB, 0x24A5, 0x20A6, 0x1CC6, 0x1CC6, 0x28E8, 0x28E7, 0x2CC7,
    0x28C6, 0x3108, 0x28E7, 0x28E6, 0x3108, 0x24C6, 0x2D08, 0x28E6,
    0x28C6, 0x3529, 0x3107, 0x3107, 0x2D07, 0x2CE6, 0x2D06, 0x2D07,
    0x62D1, 0x66D1, 0x6AD0, 0x6AD0, 0x6F11, 0x6B0F, 0x6F0F, 0x7331,
    0x6F10, 0x6F10, 0x7331, 0x6F10, 0x7331, 0x6F10, 0x6EEF, 0x7331,
    0x6F10, 0x6F10, 0x7330, 0x6F2F, 0x6F0F, 0x6F10, 0x6F11, 0x7311,
    0x7332, 0x7332, 0x7332, 0x6F10, 0x7331, 0x7311, 0x7732, 0x7331,
    0x6F11, 0x4E4D, 0x14A3, 0x0C89, 0x1071, 0x204E, 0x618A, 0x79A7,
    0x70C1, 0x6880, 0x7060, 0x7C61, 0x7840, 0x7862, 0x7042, 0x6841,
    0x6442, 0x6822, 0x7042, 0x7842, 0x7C42, 0x7C62, 0x7C61, 0x7C62,
    0x7C61, 0x7C61, 0x7C60, 0x7C80, 0x7C80, 0x7460, 0x7881, 0x7461,
    0x6840, 0x4C21, 0x2C41, 0x2842, 0x0CAE, 0x0DFD, 0x375E, 0x0D98,
    0x3E14, 0x5A93, 0x5672, 0x5AB2, 0x5670, 0x524F, 0x5AB2, 0x5671,
    0x5691, 0x5AB2, 0x5A6F, 0x564E, 0x5A6F, 0x5E90, 0x62D1, 0x5E90,
    0x66D1, 0x5E8E, 0x62AF, 0x62AF, 0x62CF, 0x66CE, 0x62AD, 0x62AE,
    0x62AE, 0x66CF, 0x6ACF, 0x6AEF, 0x6AEF, 0x6EF0, 0x6AF0, 0x6EF3,
    0x20E8, 0x0491, 0x1159, 0x08F1, 0x4163, 0x6222, 0x72A0, 0x7700,
    0x7740, 0x7700, 0x6E80, 0x6E80, 0x6E80, 0x6A60, 0x6E60, 0x6220,
    0x72C0, 0x6EC0, 0x6EC0, 0x72E0, 0x72E0, 0x72E0, 0x7300, 0x7700,
    0x7720, 0x7720, 0x7700, 0x7320, 0x7B40, 0x7720, 0x7B40, 0x7B80,
    0x7B40, 0x5DC0, 0x3861, 0x08AC, 0x229D, 0x26FC, 0x0A7A, 0x273D,
    0x335C, 0x479D, 0x5BDD, 0x56D3, 0x62AE, 0x62CE, 0x5E8F, 0x5E8F,
    0x5A6F, 0x564F, 0x5650, 0x5A51, 0x522F, 0x524F, 0x5650, 0x5650,
    0x5EB2, 0x5271, 0x316D, 0x18AA, 0x18A9, 0x18A9, 0x18CA, 0x1CCA,
    0x1CCA, 0x1CC9, 0x1CC9, 0x1CC9, 0x1CCA, 0x1CCA, 0x1CCA, 0x1CCB,
    0x1CCB, 0x1CCC, 0x1CCC, 0x1CCC, 0x1CCC, 0x20CC, 0x20CC, 0x20CC,
    0x1CCC, 0x1CCC, 0x1CCC, 0x1CCB, 0x1CCB, 0x1CCB, 0x1CCB, 0x1CCB,
    0x1CCA, 0x18C9, 0x2168, 0x25A6, 0x1504, 0x14E5, 0x1D64, 0x3646,
    0x46CA, 0x2581, 0x3A24, 0x3A41, 0x3A20, 0x3E40, 0x4240, 0x4660,
    0x4A60, 0x4662, 0x39E0, 0x2DA1, 0x31C0, 0x3A00, 0x4240, 0x4660,
    0x4240, 0x3E20, 0x4240, 0x4660, 0x4680, 0x4261, 0x3E64, 0x5F8A,
    0x4B28, 0x1E09, 0x2ECD, 0x3309, 0x4B6B, 0x4F88, 0x5BC6, 0x67EA,
    0x4668, 0x24A6, 0x20A7, 0x18C6, 0x1CC6, 0x28E7, 0x28E8, 0x28C7,
    0x24C7, 0x2D08, 0x24E7, 0x28C6, 0x3108, 0x24C6, 0x2D08, 0x28E6,
    0x28E6, 0x3128, 0x28E6, 0x28E6, 0x28E6, 0x2CE6, 0x2CE6, 0x2D07,
    0x62AF, 0x62AF, 0x5EAF, 0x5E8E, 0x5A8E, 0x5A8E, 0x5E8E, 0x5E8F,
    0x5A6F, 0x562D, 0x564D, 0x5A6E, 0x5A6E, 0x5E8F, 0x5A6F, 0x564E,
    0x564E, 0x66D2, 0x62D2, 0x6B14, 0x6B14, 0x66F3, 0x66F2, 0x66F3,
    0x62D3, 0x62D3, 0x6714, 0x62D3, 0x66F4, 0x62D4, 0x66F4, 0x5EB2,
    0x5ED3, 0x4E92, 0x0CC8, 0x0489, 0x146C, 0x44CA, 0x7587, 0x7D64,
    0x6D05, 0x5420, 0x6C41, 0x7C61, 0x7C60, 0x7C60, 0x7C82, 0x7461,
    0x7042, 0x7442, 0x7842, 0x7C42, 0x7C62, 0x7C62, 0x7C61, 0x7C62,
    0x7C62, 0x7C61, 0x7C80, 0x7C80, 0x7CA0, 0x78C0, 0x7D02, 0x78C2,
    0x7881, 0x5421, 0x2821, 0x2064, 0x08B0, 0x1A7D, 0x1A9B, 0x0D95,
    0x4AB7, 0x5ED2, 0x5A91, 0x62D3, 0x5A91, 0x5A91, 0x5ED3, 0x5A91,
    0x5691, 0x5671, 0x5671, 0x5271, 0x4E51, 0x5271, 0x5271, 0x5271,
    0x5270, 0x524F, 0x5670, 0x5A92, 0x5671, 0x5250, 0x5671, 0x5671,
    0x524F, 0x5EB2, 0x5EB2, 0x5A70, 0x66F3, 0x62B1, 0x62D2, 0x62D3,
    0x39AB, 0x002E, 0x1537, 0x1534, 0x3924, 0x6A02, 0x7280, 0x7700,
    0x7740, 0x7B20, 0x6EA0, 0x6E80, 0x6E80, 0x6A60, 0x6A60, 0x6620,
    0x6E80, 0x6EA0, 0x6AA0, 0x6EC0, 0x72C0, 0x72E0, 0x72E0, 0x72E0,
    0x72E0, 0x72E0, 0x7300, 0x7300, 0x7720, 0x7720, 0x7720, 0x7B40,
    0x7B60, 0x6AA0, 0x5140, 0x10CB, 0x2EBC, 0x1619, 0x129D, 0x335E,
    0x2F1B, 0x4B9E, 0x5BBD, 0x56B1, 0x6ACF, 0x66CF, 0x66CF, 0x66D0,
    0x66D0, 0x66D0, 0x6EF1, 0x66D0, 0x66D0, 0x66D0, 0x66B1, 0x6AD2,
    0x66D1, 0x66D1, 0x45CE, 0x20A9, 0x18AA, 0x18AA, 0x18CA, 0x1CCA,
    0x1CCA, 0x1CCA, 0x1CC9, 0x1CC9, 0x1CCA, 0x1CCA, 0x1CCA, 0x1CCB,
    0x1CCB, 0x1CCC, 0x1CCC, 0x1CCB, 0x1CCB, 0x1CCB, 0x20CB, 0x1CCB,
    0x1CCB, 0x1CCB, 0x1CCB, 0x1CCA, 0x1CCA, 0x1CCA, 0x1CCA, 0x1CCA,
    0x1CCA, 0x18CA, 0x1D27, 0x29A7, 0x1924, 0x1505, 0x1942, 0x3626,
    0x3E87, 0x2180, 0x31E1, 0x3A41, 0x3E60, 0x3E40, 0x4240, 0x4260,
    0x4A80, 0x4662, 0x39E2, 0x2561, 0x2DA0, 0x3A00, 0x4240, 0x4660,
    0x4A60, 0x4640, 0x4240, 0x4640, 0x4A61, 0x4663, 0x31E0, 0x4AE4,
    0x3682, 0x222B, 0x266B, 0x3708, 0x4F8B, 0x4B45, 0x57C4, 0x6BEC,
    0x35C5, 0x24C6, 0x20A7, 0x18C6, 0x1CC6, 0x28E7, 0x28E8, 0x28C7,
    0x24C7, 0x2907, 0x24E7, 0x24C7, 0x2CE8, 0x24C6, 0x2D28, 0x24E6,
    0x24E6, 0x3128, 0x28E6, 0x28E6, 0x28E6, 0x28E6, 0x28E6, 0x2D07,
    0x5670, 0x5270, 0x4E4F, 0x5271, 0x5671, 0x4E2F, 0x4E2F, 0x4A0E,
    0x5250, 0x5671, 0x5671, 0x524F, 0x5650, 0x5A92, 0x5A92, 0x5EB3,
    0x5EB3, 0x62D4, 0x5EB2, 0x62D4, 0x5ED3, 0x5AB1, 0x5ED2, 0x62D3,
    0x5EB3, 0x62F4, 0x5EB3, 0x62D4, 0x62D4, 0x5AB4, 0x5EB3, 0x62D2,
    0x5EB1, 0x6736, 0x1D0C, 0x048B, 0x1469, 0x590A, 0x7946, 0x7567,
    0x50C6, 0x4CA6, 0x6840, 0x7C61, 0x7C60, 0x7C60, 0x7C81, 0x7C61,
    0x7041, 0x7442, 0x7842, 0x7C41, 0x7C61, 0x7C61, 0x7C41, 0x7C42,
    0x7C62, 0x7C61, 0x7C80, 0x7880, 0x78C0, 0x7D20, 0x7D00, 0x7CA0,
    0x78C3, 0x5841, 0x2841, 0x1865, 0x1134, 0x229E, 0x0A3B, 0x1197,
    0x5717, 0x6730, 0x6F0F, 0x6AEF, 0x6AEF, 0x6F10, 0x6AF0, 0x6AEF,
    0x6ACF, 0x66AE, 0x5EAF, 0x5EB0, 0x5AAF, 0x5A8F, 0x5AB0, 0x5AB0,
    0x5A90, 0x5A8F, 0x566F, 0x524F, 0x5270, 0x5271, 0x5693, 0x5EB4,
    0x5671, 0x5671, 0x4E50, 0x5672, 0x5251, 0x5693, 0x5272, 0x5693,
    0x4E53, 0x148C, 0x0050, 0x1911, 0x30C3, 0x5DC1, 0x6A60, 0x7B20,
    0x7B40, 0x7B40, 0x76E0, 0x6EA0, 0x6A80, 0x6E80, 0x6640, 0x6A40,
    0x6E60, 0x6E80, 0x6A60, 0x6A80, 0x6EC0, 0x72C0, 0x72E0, 0x72E0,
    0x72E0, 0x72E0, 0x72E0, 0x7720, 0x7300, 0x7740, 0x7740, 0x7B60,
    0x7B60, 0x7F60, 0x55A0, 0x1866, 0x2E17, 0x0D96, 0x1EDC, 0x333D,
    0x331C, 0x439E, 0x577D, 0x4A32, 0x5630, 0x5251, 0x5691, 0x5671,
    0x5A91, 0x566F, 0x5A90, 0x62D1, 0x5EB0, 0x66B0, 0x66D0, 0x6AD0,
    0x6EF0, 0x6F12, 0x66D2, 0x398B, 0x18A9, 0x18A9, 0x18A9, 0x18C9,
    0x1CC9, 0x1CC9, 0x1CC9, 0x1CCA, 0x1CCA, 0x1CCA, 0x1CCA, 0x1CCB,
    0x1CCB, 0x1CCB, 0x1CCB, 0x1CEB, 0x1CEB, 0x1CCB, 0x1CCB, 0x1CCC,
    0x1CCC, 0x1CCC, 0x1CCB, 0x1CCB, 0x1CCA, 0x1CCA, 0x1CCA, 0x1CCB,
    0x1CCA, 0x18C9, 0x1906, 0x29A8, 0x1544, 0x1544, 0x29C5, 0x3224,
    0x3622, 0x29C0, 0x2580, 0x2DE0, 0x3620, 0x3A20, 0x3A20, 0x4240,
    0x4680, 0x4A83, 0x4244, 0x2DA1, 0x31C0, 0x35E0, 0x4240, 0x4660,
    0x4660, 0x4240, 0x4240, 0x3E20, 0x4643, 0x3E21, 0x3E40, 0x4281,
    0x3620, 0x19A6, 0x2646, 0x3B08, 0x476A, 0x4B65, 0x5BC5, 0x638B,
    0x20E1, 0x20C5, 0x1CA7, 0x18C7, 0x1CC6, 0x24E7, 0x28E8, 0x24C7,
    0x24C7, 0x2908, 0x2507, 0x24C7, 0x2CE8, 0x20C6, 0x2D08, 0x24C6,
    0x24E7, 0x2D08, 0x2CE6, 0x28E6, 0x28E7, 0x28E6, 0x2CE7, 0x2CE7,
    0x5E90, 0x62D1, 0x62F2, 0x6B13, 0x6713, 0x6B12, 0x6B12, 0x6B12,
    0x66EF, 0x66EF, 0x6B0F, 0x66CE, 0x6B10, 0x66EF, 0x5EAF, 0x62D1,
    0x5EB0, 0x62D2, 0x66F4, 0x66F5, 0x62D3, 0x5A91, 0x62D3, 0x5EB2,
    0x5EB2, 0x62D3, 0x62D3, 0x66F3, 0x66F2, 0x6714, 0x6B14, 0x6F33,
    0x6B12, 0x6B35, 0x292E, 0x088E, 0x1469, 0x48ED, 0x6D8F, 0x550B,
    0x34CA, 0x4D2B, 0x6440, 0x7C61, 0x7C41, 0x7C41, 0x7C60, 0x7C41,
    0x7421, 0x7422, 0x7842, 0x7C41, 0x7C61, 0x7C61, 0x7C61, 0x7C42,
    0x7C62, 0x7C62, 0x7C61, 0x7C60, 0x78C0, 0x7962, 0x7D40, 0x78A0,
    0x7CE5, 0x5442, 0x2842, 0x1866, 0x1977, 0x1A1F, 0x05BC, 0x1DBD,
    0x4A97, 0x5AB0, 0x62B0, 0x66D0, 0x5EAE, 0x66F1, 0x62CF, 0x66D0,
    0x66D0, 0x62AF, 0x66CF, 0x6AEF, 0x66CF, 0x6AEF, 0x6AEF, 0x66CF,
    0x6AF0, 0x6ACE, 0x6AEF, 0x6ACF, 0x66CF, 0x6AEF, 0x66CF, 0x66F0,
    0x62AF, 0x62D0, 0x62B0, 0x62D0, 0x5E90, 0x5E90, 0x62B1, 0x5670,
    0x5EB5, 0x3DD0, 0x004C, 0x086B, 0x2CC4, 0x5DC1, 0x6E80, 0x7700,
    0x7B60, 0x7B60, 0x7700, 0x72C0, 0x6A80, 0x6E80, 0x6E80, 0x6A40,
    0x6A60, 0x6E80, 0x6A80, 0x6660, 0x6EA0, 0x6EA0, 0x72C0, 0x72C0,
    0x72E0, 0x72E0, 0x7300, 0x7720, 0x7B40, 0x7740, 0x7B60, 0x7FA0,
    0x7FA0, 0x7F80, 0x4560, 0x1C03, 0x042B, 0x15B5, 0x373D, 0x22B9,
    0x337E, 0x3B7C, 0x577C, 0x4E51, 0x5650, 0x5650, 0x5630, 0x5651,
    0x5A71, 0x5651, 0x5A72, 0x5650, 0x5671, 0x4E2F, 0x5670, 0x5A91,
    0x5A91, 0x5EB3, 0x5692, 0x316B, 0x18A7, 0x18A8, 0x18C9, 0x18C8,
    0x1CC8, 0x1CC9, 0x1CC9, 0x1CCA, 0x1CC9, 0x1CC9, 0x1CCA, 0x1CCA,
    0x1CCB, 0x1CCB, 0x1CCB, 0x1CCA, 0x1CCA, 0x1CCB, 0x1CCB, 0x1CCB,
    0x1CCC, 0x1CCB, 0x1CCB, 0x1CCA, 0x1CCA, 0x1CCA, 0x1CCA, 0x1CCB,
    0x1CCA, 0x1CC8, 0x18C6, 0x2588, 0x1543, 0x1561, 0x3E88, 0x5329,
    0x46C5, 0x3200, 0x29C0, 0x29C0, 0x3620, 0x3E40, 0x3E40, 0x4240,
    0x4680, 0x4A83, 0x4A86, 0x2DA3, 0x2140, 0x2980, 0x3E00, 0x4240,
    0x4240, 0x4240, 0x4660, 0x35E0, 0x39E3, 0x2D81, 0x3E41, 0x4A82,
    0x4A85, 0x1942, 0x2A46, 0x3F0B, 0x3F28, 0x4F87, 0x5FC7, 0x5F4C,
    0x20C3, 0x20C5, 0x1CA6, 0x1CC7, 0x1CC6, 0x24C7, 0x24E8, 0x20C7,
    0x24C7, 0x2907, 0x24E7, 0x24C6, 0x2CE8, 0x20C5, 0x28E7, 0x24C7,
    0x24E7, 0x2D07, 0x2CC6, 0x28E7, 0x28E8, 0x28E7, 0x28E7, 0x28E7,
    0x5A8D, 0x62D1, 0x5A8F, 0x5EB0, 0x6B14, 0x66F3, 0x62D1, 0x62D0,
    0x5EAD, 0x6AF0, 0x66CE, 0x66CE, 0x6B10, 0x6F31, 0x6F31, 0x6B10,
    0x6B11, 0x6B12, 0x6B13, 0x6B14, 0x6B14, 0x6F35, 0x6F35, 0x6F35,
    0x6F35, 0x6B14, 0x6B14, 0x6B13, 0x66F2, 0x6B15, 0x6B14, 0x6B12,
    0x66F1, 0x66F4, 0x35B0, 0x0CB0, 0x0C6C, 0x184D, 0x204F, 0x20B3,
    0x20CD, 0x494C, 0x6020, 0x7840, 0x7C40, 0x7C40, 0x7C60, 0x7C22,
    0x7822, 0x7822, 0x7822, 0x7C41, 0x7C60, 0x7C60, 0x7C40, 0x7C41,
    0x7C40, 0x7C62, 0x7C41, 0x7C61, 0x78C2, 0x7D62, 0x7980, 0x6CC0,
    0x78C3, 0x5422, 0x2842, 0x1447, 0x0D17, 0x09BF, 0x0DBE, 0x29BD,
    0x56BA, 0x5693, 0x5273, 0x5692, 0x5691, 0x5AB3, 0x5692, 0x5692,
    0x5271, 0x4A4F, 0x5EB2, 0x5A90, 0x62B2, 0x5EB1, 0x5A6F, 0x562D,
    0x562D, 0x522C, 0x564D, 0x5A6D, 0x5A4D, 0x5E6D, 0x626D, 0x5E6D,
    0x5E8E, 0x62AE, 0x66CF, 0x62CE, 0x66EF, 0x66CE, 0x62CE, 0x5ECF,
    0x62F2, 0x5693, 0x0C89, 0x046A, 0x28C4, 0x59C3, 0x76C0, 0x7B40,
    0x7B60, 0x7FA0, 0x7B60, 0x76E0, 0x6EA0, 0x6EA0, 0x6A60, 0x6E80,
    0x6A60, 0x6E80, 0x6E80, 0x6A60, 0x6E80, 0x6EA0, 0x72C0, 0x6AA0,
    0x6EC0, 0x72C0, 0x72E0, 0x7300, 0x7720, 0x7720, 0x7B60, 0x7FA0,
    0x7FC0, 0x7FA0, 0x4180, 0x2003, 0x084A, 0x25F6, 0x32DC, 0x1A37,
    0x379E, 0x375B, 0x5B9C, 0x5AD2, 0x66AF, 0x66CF, 0x66AE, 0x668E,
    0x628F, 0x62AF, 0x62B0, 0x5A6F, 0x5EB0, 0x5E91, 0x5A91, 0x5E91,
    0x5A92, 0x5EB3, 0x5693, 0x41EF, 0x1CC7, 0x18A8, 0x18C8, 0x18C8,
    0x1CC8, 0x1CC9, 0x1CC9, 0x1CC9, 0x1CC9, 0x1CC9, 0x1CCA, 0x1CCA,
    0x1CCB, 0x1CCA, 0x1CCA, 0x1CC9, 0x1CC9, 0x1CC9, 0x1CC9, 0x1CEA,
    0x1CCA, 0x1CCA, 0x1CC9, 0x1CC9, 0x1CC9, 0x1CC9, 0x1CCA, 0x1CCA,
    0x1CCA, 0x1CC9, 0x18C7, 0x2147, 0x1963, 0x3A67, 0x5349, 0x5767,
    0x5B46, 0x5705, 0x4AC3, 0x3E60, 0x4280, 0x4680, 0x4240, 0x3E20,
    0x4A80, 0x4681, 0x4AA4, 0x35E3, 0x2980, 0x31C0, 0x3E00, 0x4660,
    0x4A81, 0x4240, 0x4660, 0x4221, 0x31A2, 0x31C2, 0x4AA5, 0x5B07,
    0x5B09, 0x29A4, 0x2626, 0x3AED, 0x3709, 0x53A9, 0x5FA9, 0x4EAB,
    0x20C4, 0x20C6, 0x1CA6, 0x1CC6, 0x1CC6, 0x24C7, 0x24C8, 0x20C7,
    0x28C7, 0x24E7, 0x24E7, 0x24C6, 0x28E8, 0x20C5, 0x28E7, 0x24C7,
    0x20E7, 0x2D07, 0x2CC6, 0x2D07, 0x24C7, 0x28E7, 0x28E7, 0x28E7,
    0x5691, 0x5252, 0x4E31, 0x4A10, 0x45EF, 0x4A0F, 0x3DAC, 0x45CD,
    0x3D8A, 0x3D69, 0x4E2E, 0x5A70, 0x564F, 0x5E91, 0x6291, 0x5E70,
    0x6290, 0x66D2, 0x6AF2, 0x62AF, 0x62AF, 0x5A6F, 0x564E, 0x5A6E,
    0x5E8F, 0x62B0, 0x566D, 0x5E8E, 0x5E8D, 0x62AF, 0x5E8E, 0x62AE,
    0x62AE, 0x5ED0, 0x4A51, 0x0CAE, 0x046E, 0x0C71, 0x08B5, 0x0CF6,
    0x18CB, 0x4909, 0x6020, 0x74A0, 0x7D01, 0x7CE0, 0x7CA0, 0x7C40,
    0x7821, 0x7C22, 0x7C23, 0x7C42, 0x7C40, 0x7C60, 0x7C60, 0x78A0,
    0x7CA1, 0x7C61, 0x7840, 0x7440, 0x70A2, 0x7D23, 0x7960, 0x7100,
    0x7921, 0x5860, 0x3042, 0x106A, 0x0D39, 0x11DE, 0x0DBD, 0x35D8,
    0x62F5, 0x5ED0, 0x62D2, 0x5EB1, 0x66F3, 0x5ED2, 0x5EB2, 0x5AB1,
    0x5AB2, 0x5AB2, 0x5271, 0x5692, 0x5272, 0x5AB4, 0x5272, 0x5693,
    0x5A93, 0x5692, 0x4A2F, 0x5672, 0x4A2F, 0x4A0F, 0x4E50, 0x4A0E,
    0x4E2E, 0x524F, 0x5650, 0x522F, 0x5A70, 0x5A70, 0x566E, 0x5ED1,
    0x56B1, 0x5AD4, 0x2D8F, 0x0068, 0x1023, 0x4D84, 0x72C0, 0x7B40,
    0x7B80, 0x7BA0, 0x7B80, 0x7720, 0x72E0, 0x72C0, 0x6EA0, 0x6E80,
    0x72A0, 0x6E80, 0x6E80, 0x6E80, 0x6A60, 0x6EA0, 0x72C0, 0x72C0,
    0x72C0, 0x72E0, 0x72E0, 0x7300, 0x7700, 0x7700, 0x7720, 0x7B80,
    0x7FC0, 0x7FA1, 0x5602, 0x2022, 0x0C49, 0x29B5, 0x25F9, 0x1E38,
    0x377E, 0x373B, 0x535A, 0x4E50, 0x562D, 0x5A8F, 0x5E8D, 0x5E8D,
    0x62CE, 0x66CF, 0x66EF, 0x6AF0, 0x66CF, 0x6AD0, 0x6AD0, 0x6ACF,
    0x6AF0, 0x6AD0, 0x62D0, 0x564F, 0x2928, 0x18A7, 0x1CA8, 0x18C8,
    0x1CC8, 0x1CC9, 0x1CC9, 0x1CC9, 0x1CC9, 0x1CC9, 0x1CC9, 0x1CCA,
    0x1CCB, 0x1CCB, 0x1CCA, 0x1CCA, 0x1CCA, 0x1CC9, 0x1CC9, 0x1CC9,
    0x1CCA, 0x1CCA, 0x1CC9, 0x1CC9, 0x1CCA, 0x1CCA, 0x1CCA, 0x1CCB,
    0x1CCB, 0x1CAA, 0x1CC9, 0x1906, 0x2184, 0x42C8, 0x4F46, 0x5765,
    0x5B45, 0x5B25, 0x4EE2, 0x4EC3, 0x4260, 0x4260, 0x4680, 0x4660,
    0x4660, 0x4240, 0x4280, 0x3A20, 0x3E20, 0x3E20, 0x3E00, 0x4640,
    0x4660, 0x4A60, 0x4EA0, 0x4EA2, 0x4643, 0x52C8, 0x4A85, 0x4EC4,
    0x52E4, 0x4AA7, 0x25E5, 0x36CD, 0x36E8, 0x4B46, 0x67AC, 0x31C6,
    0x20A6, 0x20A6, 0x1CA6, 0x1CC5, 0x1CC6, 0x20C7, 0x24C8, 0x20C7,
    0x24C7, 0x24E7, 0x24E6, 0x24C6, 0x2CE8, 0x20C5, 0x28E7, 0x24C7,
    0x20E6, 0x2D07, 0x2CC6, 0x2CE7, 0x24E6, 0x24E6, 0x24E6, 0x24E7,
    0x564F, 0x522E, 0x564E, 0x5A6F, 0x5E8F, 0x566D, 0x5EAE, 0x5E8E,
    0x62AF, 0x66CF, 0x5E8D, 0x66CF, 0x6ACF, 0x6EF0, 0x6AEF, 0x6AEF,
    0x7330, 0x6F0F, 0x6F10, 0x6F30, 0x6F0F, 0x6F31, 0x6AEF, 0x7331,
    0x6F30, 0x7331, 0x6F10, 0x7330, 0x7330, 0x6F10, 0x7331, 0x7731,
    0x7331, 0x6F52, 0x62F4, 0x0C8D, 0x0852, 0x0874, 0x08B6, 0x00B1,
    0x20CB, 0x4085, 0x6040, 0x78E0, 0x7961, 0x7D60, 0x7520, 0x74A0,
    0x7840, 0x7C42, 0x7C42, 0x7C41, 0x7C60, 0x7C60, 0x7C80, 0x78C0,
    0x7CC1, 0x7C40, 0x7841, 0x6C20, 0x6420, 0x78A3, 0x78C0, 0x7900,
    0x7982, 0x64E2, 0x3822, 0x146C, 0x091B, 0x11DF, 0x097B, 0x4E9A,
    0x6F34, 0x7330, 0x6F30, 0x7310, 0x7331, 0x6EF0, 0x6AEF, 0x6AF0,
    0x62CE, 0x66CF, 0x66D0, 0x66D0, 0x5A6E, 0x5A8F, 0x566F, 0x5690,
    0x5670, 0x522E, 0x524F, 0x4A0D, 0x5691, 0x4A2F, 0x460F, 0x4A30,
    0x4A2F, 0x4A2F, 0x4E51, 0x5252, 0x5A94, 0x5252, 0x5653, 0x5EB6,
    0x5694, 0x5AB5, 0x4E75, 0x0CAA, 0x0845, 0x2CC1, 0x6240, 0x7720,
    0x7B60, 0x7FC0, 0x7760, 0x7B40, 0x7700, 0x72E0, 0x72C0, 0x6EA0,
    0x6E80, 0x72A0, 0x72A0, 0x6E80, 0x6EA0, 0x6EA0, 0x6EA0, 0x72C0,
    0x72C0, 0x72E0, 0x7700, 0x7300, 0x7300, 0x7300, 0x6AE0, 0x7760,
    0x7FC0, 0x7FC2, 0x62A5, 0x2022, 0x0C49, 0x1514, 0x0CD5, 0x2A37,
    0x2EFC, 0x435C, 0x535B, 0x5273, 0x5210, 0x4A0F, 0x4E30, 0x5271,
    0x5A92, 0x5671, 0x564F, 0x5A70, 0x5A6F, 0x5E6F, 0x5E6E, 0x5EAF,
    0x62D0, 0x62D0, 0x66F0, 0x62D2, 0x45EF, 0x1CC7, 0x1CA8, 0x18A8,
    0x1CA8, 0x1CA9, 0x1CC9, 0x1CC9, 0x1CC9, 0x1CC9, 0x1CC9, 0x1CCA,
    0x1CCA, 0x1CCB, 0x1CCB, 0x1CCB, 0x1CCB, 0x1CCB, 0x1CCA, 0x1CCA,
    0x1CCB, 0x1CCA, 0x1CCA, 0x1CCA, 0x1CCB, 0x1CAB, 0x18AB, 0x1CAB,
    0x1CAB, 0x1CAB, 0x18AB, 0x14C7, 0x2164, 0x3665, 0x4B24, 0x5744,
    0x5725, 0x6348, 0x5F47, 0x4EE7, 0x3A40, 0x4680, 0x4680, 0x4A80,
    0x4A82, 0x4A84, 0x4682, 0x3600, 0x3E40, 0x4660, 0x4660, 0x4660,
    0x4A60, 0x4A80, 0x4EA0, 0x4A80, 0x4681, 0x52C7, 0x4685, 0x4AA1,
    0x52E0, 0x5F4B, 0x4288, 0x36A9, 0x3284, 0x4724, 0x678C, 0x2524,
    0x20A6, 0x20A6, 0x1CA6, 0x18C5, 0x1CC6, 0x20A7, 0x24E8, 0x20C6,
    0x24C6, 0x24E6, 0x24E6, 0x20C6, 0x28E7, 0x20C6, 0x28E7, 0x24C7,
    0x20E7, 0x2D07, 0x2CC5, 0x2CE7, 0x24C6, 0x24E6, 0x24C5, 0x28E7,
    0x7310, 0x730F, 0x730F, 0x730F, 0x730E, 0x6F0E, 0x6F2E, 0x7330,
    0x6F10, 0x6AEE, 0x7310, 0x6EEF, 0x6EEE, 0x6ACE, 0x6F11, 0x6AF0,
    0x6AF0, 0x6B11, 0x62D0, 0x66D1, 0x5A6E, 0x62B0, 0x62B0, 0x66F2,
    0x5A6E, 0x5A8E, 0x5EB0, 0x62D1, 0x566E, 0x5A8F, 0x5A6E, 0x5A4E,
    0x62B1, 0x62D1, 0x5ED4, 0x106B, 0x0C52, 0x0C54, 0x0875, 0x088D,
    0x24EA, 0x3445, 0x5820, 0x6C80, 0x7900, 0x7920, 0x7940, 0x7D00,
    0x7460, 0x7820, 0x7C42, 0x7C41, 0x7C60, 0x7C80, 0x7C80, 0x78A0,
    0x7C60, 0x7C21, 0x7842, 0x5C20, 0x5401, 0x6022, 0x68A2, 0x6D04,
    0x75A5, 0x5CC2, 0x3022, 0x144C, 0x111B, 0x11BF, 0x0D5D, 0x4A79,
    0x6B13, 0x66F0, 0x66EF, 0x6AEF, 0x6AF0, 0x6ACF, 0x6AEF, 0x6AF0,
    0x66CE, 0x66AE, 0x6EEE, 0x6ACE, 0x6AEE, 0x6EEE, 0x6EEF, 0x6AEE,
    0x66CE, 0x66CE, 0x66CE, 0x66CF, 0x62AE, 0x62AE, 0x62AE, 0x5E8E,
    0x566E, 0x5A8F, 0x566E, 0x5A90, 0x5670, 0x5670, 0x5A72, 0x5A72,
    0x5250, 0x5670, 0x62F7, 0x31D0, 0x294D, 0x1021, 0x5A24, 0x6EA0,
    0x7B40, 0x7F80, 0x7740, 0x7B40, 0x7700, 0x76E0, 0x6EC0, 0x72E0,
    0x6EA0, 0x6A80, 0x72C0, 0x6EA0, 0x6A80, 0x72C0, 0x6EA0, 0x72A0,
    0x6E80, 0x6E80, 0x7700, 0x7720, 0x7740, 0x7FA0, 0x7760, 0x7BA0,
    0x7FE0, 0x7FC4, 0x45C2, 0x1C42, 0x10AC, 0x1D57, 0x1536, 0x19B6,
    0x1A18, 0x4B7D, 0x5339, 0x5693, 0x5A50, 0x5670, 0x4E50, 0x5251,
    0x5671, 0x4E2F, 0x4E0F, 0x4E0E, 0x4E0E, 0x5671, 0x5251, 0x5271,
    0x5671, 0x5692, 0x5EB3, 0x5671, 0x4A10, 0x20C8, 0x18A8, 0x18A8,
    0x18A8, 0x18C8, 0x1CC9, 0x1CC9, 0x1CC9, 0x1CC9, 0x1CC9, 0x1CC9,
    0x1CC9, 0x1CCA, 0x1CCA, 0x1CCB, 0x1CCB, 0x1CCB, 0x1CCA, 0x1CCA,
    0x1CCB, 0x1CCB, 0x1CCA, 0x1CCA, 0x1CCB, 0x1CCB, 0x1CAB, 0x18AB,
    0x1CAA, 0x1CAA, 0x18AA, 0x14E8, 0x1D64, 0x2A23, 0x4723, 0x4F23,
    0x5B28, 0x634A, 0x6369, 0x5F6E, 0x31E1, 0x46A2, 0x3E40, 0x4AA1,
    0x56E7, 0x4EC5, 0x4AA4, 0x31C0, 0x3600, 0x4240, 0x4A80, 0x4A80,
    0x52E1, 0x52E1, 0x52E2, 0x4683, 0x4681, 0x4AA4, 0x4AA3, 0x4280,
    0x4EC1, 0x52E6, 0x5B4A, 0x5349, 0x5368, 0x4AE5, 0x634D, 0x18A2,
    0x1CA6, 0x1CA6, 0x1CA7, 0x18C6, 0x1CC6, 0x20A6, 0x24C7, 0x20C6,
    0x24C6, 0x24E6, 0x24E6, 0x20C6, 0x28E7, 0x20C5, 0x28E7, 0x20C7,
    0x20E6, 0x2CE7, 0x2CC5, 0x2CE7, 0x24C6, 0x28C6, 0x24C5, 0x28E7,
    0x62AF, 0x566D, 0x5E8E, 0x5A6D, 0x564D, 0x5A8F, 0x5A91, 0x4E2D,
    0x5A90, 0x5AB1, 0x5AB0, 0x5EB1, 0x5EB1, 0x5EB2, 0x5671, 0x5672,
    0x5A92, 0x5EB2, 0x4E2F, 0x5AB2, 0x4E4E, 0x5690, 0x6714, 0x5691,
    0x62F4, 0x5ED3, 0x5671, 0x5A92, 0x5ED3, 0x56B2, 0x5692, 0x5AB3,
    0x66F6, 0x5AB2, 0x6716, 0x290B, 0x0C6B, 0x1071, 0x0C52, 0x10C9,
    0x2549, 0x312A, 0x4801, 0x6820, 0x7460, 0x7880, 0x74E0, 0x7900,
    0x78C1, 0x7860, 0x7841, 0x7C40, 0x7C60, 0x7880, 0x7CA0, 0x7C60,
    0x7C40, 0x7C22, 0x6822, 0x4421, 0x3422, 0x4D29, 0x7291, 0x6DEC,
    0x6E6F, 0x66B3, 0x1064, 0x0C8B, 0x151A, 0x119E, 0x0D5D, 0x4679,
    0x5691, 0x5691, 0x5270, 0x5AB1, 0x5EB2, 0x5270, 0x5670, 0x526F,
    0x62D2, 0x5EB1, 0x5A90, 0x5AB0, 0x566E, 0x5EAF, 0x5E8E, 0x628E,
    0x66AF, 0x5EAE, 0x62AF, 0x66CF, 0x66AE, 0x6ACF, 0x6ACF, 0x6ACF,
    0x6EF0, 0x6ACF, 0x6ACF, 0x6ACF, 0x66CE, 0x6F10, 0x6ACE, 0x62CE,
    0x66EE, 0x62CD, 0x66F3, 0x4210, 0x292C, 0x0C23, 0x3500, 0x6620,
    0x72C0, 0x7B20, 0x7720, 0x7720, 0x7300, 0x7300, 0x72C0, 0x72E0,
    0x72E0, 0x72C0, 0x72C0, 0x72C0, 0x6AA0, 0x72C0, 0x6E80, 0x6E80,
    0x6E80, 0x6640, 0x72C0, 0x7B60, 0x7FC0, 0x7FE0, 0x7FE0, 0x7FE0,
    0x7FE0, 0x7B86, 0x2D01, 0x1423, 0x10EE, 0x1115, 0x1133, 0x19B8,
    0x15D6, 0x4B9F, 0x5759, 0x5A90, 0x628D, 0x62AD, 0x626D, 0x628F,
    0x5E6E, 0x564D, 0x524D, 0x524E, 0x566F, 0x566F, 0x524E, 0x4E2E,
    0x5670, 0x522F, 0x5650, 0x5651, 0x460F, 0x290A, 0x18A8, 0x18A8,
    0x18A8, 0x18C8, 0x18A9, 0x1CA9, 0x18A8, 0x1CC8, 0x1CC8, 0x1CC8,
    0x1CC9, 0x1CC9, 0x1CCA, 0x1CCA, 0x1CCB, 0x1CCB, 0x1CCA, 0x18CA,
    0x18AA, 0x1CCA, 0x18CA, 0x18CA, 0x18CA, 0x1CCA, 0x1CAA, 0x18AA,
    0x18A8, 0x18A7, 0x18C9, 0x1508, 0x1964, 0x2E42, 0x4722, 0x5342,
    0x5B27, 0x5B28, 0x5B48, 0x46A8, 0x1921, 0x3622, 0x3E60, 0x52E3,
    0x5B06, 0x52E4, 0x4EC1, 0x3E40, 0x4260, 0x4680, 0x4660, 0x4AA0,
    0x4EC0, 0x4EC0, 0x52E4, 0x31C2, 0x3E43, 0x4260, 0x4280, 0x3E40,
    0x4AA2, 0x4682, 0x5746, 0x5746, 0x5746, 0x5F6A, 0x4EA9, 0x18A3,
    0x1CA5, 0x1CA6, 0x1CA7, 0x18C6, 0x1CC6, 0x20C6, 0x20C7, 0x20A6,
    0x24C6, 0x20C6, 0x24E6, 0x20A5, 0x28C7, 0x20C5, 0x24E7, 0x24C7,
    0x20C6, 0x2CE6, 0x2CC5, 0x2CE6, 0x28C6, 0x28C6, 0x24C6, 0x24C6,
    0x5271, 0x5271, 0x5671, 0x4E2F, 0x5A92, 0x5EB3, 0x5671, 0x524F,
    0x5250, 0x5EB2, 0x5A91, 0x5A92, 0x5671, 0x5692, 0x5671, 0x5691,
    0x5A91, 0x62B2, 0x5E70, 0x5A70, 0x6292, 0x5E91, 0x66D2, 0x5E90,
    0x62B1, 0x5E8F, 0x62AF, 0x62AF, 0x66F1, 0x62CF, 0x6B11, 0x62CF,
    0x66F0, 0x6B11, 0x6F31, 0x4E4D, 0x104A, 0x1050, 0x104F, 0x1CCA,
    0x2927, 0x398C, 0x2821, 0x4883, 0x6549, 0x6948, 0x6547, 0x6DCA,
    0x6E2D, 0x5547, 0x61AB, 0x6C61, 0x7C60, 0x7C80, 0x78A0, 0x7C60,
    0x7C20, 0x7C22, 0x6021, 0x3CA4, 0x28A5, 0x5652, 0x5650, 0x562F,
    0x49ED, 0x62D4, 0x39CE, 0x10AB, 0x1517, 0x0D7E, 0x219B, 0x56B6,
    0x5691, 0x5251, 0x5A92, 0x5693, 0x5251, 0x5AB4, 0x5272, 0x5ED5,
    0x5672, 0x5693, 0x4E50, 0x5692, 0x5271, 0x4E50, 0x4A2F, 0x5271,
    0x5671, 0x524F, 0x524E, 0x4E2D, 0x4E4E, 0x5A70, 0x566F, 0x566F,
    0x566E, 0x524E, 0x5A90, 0x564D, 0x5A6E, 0x62AF, 0x628E, 0x5E8E,
    0x5EAE, 0x62AF, 0x5EB0, 0x5291, 0x0C41, 0x0863, 0x1440, 0x55A0,
    0x72A0, 0x6EA0, 0x6EC7, 0x770A, 0x72C9, 0x6280, 0x66A0, 0x72C0,
    0x76C0, 0x76E0, 0x6EC0, 0x72E0, 0x6EA0, 0x72A0, 0x6E80, 0x72A0,
    0x6E60, 0x51A0, 0x6600, 0x7B20, 0x7FA0, 0x7FE0, 0x7FE0, 0x7FE0,
    0x7FE4, 0x62E7, 0x1441, 0x1043, 0x1CCB, 0x14CF, 0x1111, 0x1D99,
    0x19D8, 0x53BF, 0x4B17, 0x56B1, 0x564E, 0x4E0C, 0x522C, 0x5A6D,
    0x5E8E, 0x62D0, 0x62AE, 0x66CF, 0x62AF, 0x66AF, 0x66AF, 0x62AE,
    0x66AF, 0x66AE, 0x62AE, 0x62B0, 0x5670, 0x398B, 0x1887, 0x188A,
    0x18AA, 0x18A8, 0x18A8, 0x18A8, 0x18A8, 0x18A8, 0x18A8, 0x18C8,
    0x18C8, 0x18C9, 0x18A9, 0x18AA, 0x18AA, 0x1CAA, 0x18AA, 0x18AA,
    0x18CA, 0x18C9, 0x18A8, 0x18A9, 0x18A9, 0x18A9, 0x1CA9, 0x1CAA,
    0x18C9, 0x10E6, 0x1947, 0x1506, 0x1943, 0x3242, 0x4300, 0x5322,
    0x56E5, 0x5704, 0x4EE8, 0x3E47, 0x1920, 0x29A0, 0x3A20, 0x4AA3,
    0x52E5, 0x52E5, 0x52E3, 0x4682, 0x3A40, 0x4680, 0x4680, 0x4EC0,
    0x52E0, 0x4EE2, 0x5328, 0x2583, 0x2D84, 0x3A05, 0x3A02, 0x3E03,
    0x3A01, 0x3E00, 0x4EE3, 0x5725, 0x5706, 0x678D, 0x3E09, 0x14A4,
    0x18A6, 0x1CA6, 0x1CA6, 0x1CC6, 0x1CC5, 0x1CC7, 0x20C7, 0x20C6,
    0x20C6, 0x20C6, 0x24C6, 0x20A5, 0x24C6, 0x1CC6, 0x24C7, 0x20C6,
    0x20C6, 0x24E6, 0x24C5, 0x28E6, 0x24C6, 0x24C6, 0x24A6, 0x24C6,
    0x66D1, 0x62B1, 0x5E6F, 0x62B0, 0x5A6E, 0x628F, 0x62B0, 0x6AF1,
    0x6B10, 0x62AD, 0x6AF0, 0x66EF, 0x66CF, 0x66EF, 0x6B0F, 0x66EE,
    0x6B0F, 0x6B0E, 0x6F2F, 0x732F, 0x732F, 0x7330, 0x7330, 0x7330,
    0x7330, 0x7351, 0x6F0F, 0x6F30, 0x7330, 0x7350, 0x7350, 0x734F,
    0x7770, 0x734F, 0x7351, 0x6B34, 0x0806, 0x0C4D, 0x106D, 0x1488,
    0x2D49, 0x2D8B, 0x2529, 0x5A73, 0x7738, 0x7B79, 0x7B99, 0x7BBA,
    0x7BDB, 0x6F57, 0x7756, 0x5969, 0x7062, 0x7C61, 0x7C40, 0x7C60,
    0x7C20, 0x7C01, 0x6000, 0x6251, 0x5AB3, 0x5ED4, 0x7BBB, 0x7FBB,
    0x7BBB, 0x6F36, 0x5ED6, 0x3DD1, 0x1913, 0x159C, 0x425B, 0x66F5,
    0x6F33, 0x6AF2, 0x66D1, 0x66F2, 0x5A90, 0x566F, 0x5EB2, 0x4E2E,
    0x5650, 0x5A92, 0x5A71, 0x5650, 0x5651, 0x5EB4, 0x5A93, 0x5A73,
    0x5A94, 0x4E50, 0x5693, 0x4E51, 0x4630, 0x4A30, 0x460F, 0x460F,
    0x5671, 0x5251, 0x4E30, 0x4E10, 0x5A93, 0x5251, 0x5251, 0x5672,
    0x5A93, 0x5EB4, 0x5EB5, 0x5AB5, 0x20E8, 0x0463, 0x1041, 0x3900,
    0x6640, 0x6A87, 0x6AB1, 0x7315, 0x7B78, 0x7353, 0x628D, 0x49A5,
    0x72C0, 0x7720, 0x72E0, 0x72E0, 0x72C0, 0x6E80, 0x6E80, 0x6E80,
    0x6A20, 0x38C0, 0x30C0, 0x6EA3, 0x7740, 0x7BA0, 0x7BA0, 0x7FC0,
    0x7B63, 0x3DA3, 0x1043, 0x0C43, 0x290C, 0x188B, 0x14EE, 0x1912,
    0x29F6, 0x537E, 0x4EF8, 0x4E52, 0x4DF0, 0x5231, 0x4A0F, 0x5230,
    0x4E0F, 0x4E0F, 0x564F, 0x520E, 0x520D, 0x5A4F, 0x5A6E, 0x564D,
    0x5E8E, 0x62B0, 0x5EAF, 0x66D1, 0x5EAF, 0x524E, 0x3149, 0x18A8,
    0x18A9, 0x18A8, 0x18A8, 0x18A8, 0x18A9, 0x18A9, 0x18A9, 0x18A9,
    0x18A8, 0x18A9, 0x18A9, 0x18A9, 0x1CAA, 0x18AA, 0x1CAA, 0x18AA,
    0x20EA, 0x2D4B, 0x66F8, 0x5A95, 0x2D4C, 0x18A8, 0x18A9, 0x18AA,
    0x14C9, 0x1527, 0x1546, 0x0D24, 0x1121, 0x3EA7, 0x46E5, 0x52C8,
    0x4208, 0x4E8A, 0x5F31, 0x4E8F, 0x31A6, 0x1D20, 0x3E05, 0x56CC,
    0x4228, 0x4EA7, 0x4AA2, 0x46A3, 0x3E60, 0x4260, 0x4260, 0x4AA0,
    0x4EC0, 0x52E3, 0x4EE7, 0x1D20, 0x2527, 0x4E4E, 0x6312, 0x7376,
    0x6734, 0x3DE7, 0x4647, 0x5F2F, 0x6331, 0x56CC, 0x56D0, 0x14C4,
    0x14A5, 0x1CA6, 0x1CA6, 0x18C5, 0x18C5, 0x1CA6, 0x20C7, 0x1CA5,
    0x20C6, 0x20C6, 0x24C6, 0x20A5, 0x24C6, 0x1CC5, 0x24E6, 0x20A6,
    0x20C6, 0x39AD, 0x6317, 0x62D5, 0x4A0F, 0x24C6, 0x24C6, 0x24C6,
    0x6EEE, 0x730F, 0x6EEF, 0x6F0F, 0x730F, 0x7330, 0x6F10, 0x7310,
    0x6EEF, 0x6F0F, 0x6F10, 0x6AEF, 0x6EEF, 0x6ACF, 0x6ACF, 0x66AF,
    0x49C8, 0x6AD1, 0x6AF0, 0x66CE, 0x66CD, 0x66EE, 0x66CE, 0x62CE,
    0x66D0, 0x6AF1, 0x62AF, 0x66D1, 0x62B0, 0x66D1, 0x62B0, 0x6B13,
    0x66F2, 0x6B13, 0x6B13, 0x5ED2, 0x2D6A, 0x35AE, 0x1089, 0x1088,
    0x2D6A, 0x2529, 0x39AC, 0x5ED5, 0x737A, 0x7BDC, 0x73BB, 0x73BB,
    0x6B59, 0x6F7A, 0x7BDC, 0x5A92, 0x4820, 0x6000, 0x7001, 0x7420,
    0x7000, 0x6800, 0x58E6, 0x55ED, 0x62D4, 0x6B37, 0x62D4, 0x6B37,
    0x6716, 0x5ED4, 0x62F5, 0x6B18, 0x35B3, 0x0914, 0x4E99, 0x6EF4,
    0x6AF0, 0x6AEF, 0x730E, 0x6F0E, 0x6AEE, 0x6AEE, 0x6AEF, 0x5E8D,
    0x49EA, 0x66D1, 0x66CE, 0x6ACF, 0x5E8D, 0x62AE, 0x62AF, 0x5E8E,
    0x5E8F, 0x5E90, 0x564E, 0x5E91, 0x5A90, 0x564F, 0x5A70, 0x5670,
    0x5E92, 0x5E92, 0x4E10, 0x5231, 0x4E32, 0x3DAD, 0x5AB5, 0x5EB5,
    0x5251, 0x5693, 0x5273, 0x5AB6, 0x4211, 0x0444, 0x0C44, 0x30E5,
    0x4186, 0x5E71, 0x5A76, 0x6F1B, 0x62F7, 0x7359, 0x7B9D, 0x6AD6,
    0x5200, 0x732A, 0x6289, 0x6240, 0x76C0, 0x72A0, 0x6660, 0x6640,
    0x5DE6, 0x59ED, 0x5A4F, 0x5E6C, 0x6AE8, 0x7324, 0x7B62, 0x7FA1,
    0x6282, 0x20C1, 0x0C44, 0x0C65, 0x292B, 0x1489, 0x35B0, 0x210C,
    0x4675, 0x4ED8, 0x56F7, 0x5A72, 0x5E70, 0x564F, 0x5670, 0x4E2F,
    0x522F, 0x5230, 0x5651, 0x5651, 0x4E30, 0x5671, 0x5250, 0x5250,
    0x4E2F, 0x5671, 0x5672, 0x62B3, 0x4188, 0x66F3, 0x524F, 0x1885,
    0x1888, 0x14A9, 0x18A9, 0x18A9, 0x18A9, 0x18AA, 0x18AA, 0x18A9,
    0x18A9, 0x18A9, 0x18A9, 0x18A9, 0x18A8, 0x18A9, 0x18A8, 0x1888,
    0x5AB7, 0x5EB5, 0x4E0F, 0x7358, 0x314A, 0x1CA7, 0x18A8, 0x14A9,
    0x10E8, 0x1968, 0x1165, 0x0D23, 0x1562, 0x3246, 0x4267, 0x5AB0,
    0x6F38, 0x6B36, 0x6B37, 0x6B36, 0x6F57, 0x5292, 0x3568, 0x5EB2,
    0x6B33, 0x52A9, 0x4262, 0x4282, 0x4EC4, 0x4AC2, 0x4AA1, 0x4AA0,
    0x4AC1, 0x4EC4, 0x4667, 0x462D, 0x5AB4, 0x5A94, 0x66F6, 0x5251,
    0x66F7, 0x5AB2, 0x6315, 0x5AB2, 0x66F3, 0x62F1, 0x6B74, 0x35C9,
    0x14A4, 0x18A6, 0x18A6, 0x18A5, 0x18C5, 0x1CA6, 0x20C6, 0x1CA5,
    0x1CA5, 0x20A5, 0x20C6, 0x20A5, 0x20C5, 0x1CC4, 0x20C5, 0x20A6,
    0x20C6, 0x4A30, 0x62F6, 0x6715, 0x737A, 0x3128, 0x24A5, 0x24A6,
    0x62AF, 0x62AF, 0x66D0, 0x62B0, 0x5A6D, 0x5A8E, 0x62D1, 0x5E90,
    0x66D2, 0x62D2, 0x5EB2, 0x66D3, 0x5A70, 0x562E, 0x49AB, 0x66B4,
    0x66B4, 0x66B6, 0x66F6, 0x5EB4, 0x5692, 0x62D4, 0x5250, 0x5671,
    0x4E30, 0x5A93, 0x5EB4, 0x62D5, 0x5EB4, 0x5EB4, 0x5272, 0x5AB4,
    0x5AB5, 0x5AB4, 0x62D5, 0x4A0E, 0x4E4E, 0x6316, 0x4E73, 0x1086,
    0x2107, 0x20C6, 0x41CD, 0x5AB3, 0x77BB, 0x739A, 0x7399, 0x739A,
    0x7338, 0x779B, 0x4E93, 0x62F5, 0x28A3, 0x3462, 0x4442, 0x5042,
    0x5842, 0x5D8A, 0x6F15, 0x5A71, 0x5651, 0x6B17, 0x5692, 0x6F59,
    0x6738, 0x5692, 0x6B36, 0x66F5, 0x5AD6, 0x3A13, 0x5296, 0x5E70,
    0x5A6F, 0x5EAE, 0x62CF, 0x62AE, 0x6AF1, 0x62AF, 0x5A6D, 0x6F13,
    0x5EB0, 0x62D1, 0x66CF, 0x66CF, 0x6B10, 0x6F10, 0x6B0F, 0x6F10,
    0x6B10, 0x6EEF, 0x6EEF, 0x6EF0, 0x6ACF, 0x6AF0, 0x6AD0, 0x62B0,
    0x5EB0, 0x5EB0, 0x62B1, 0x4E2E, 0x398A, 0x66F3, 0x62D2, 0x5AB1,
    0x5690, 0x5AB1, 0x5691, 0x5AB3, 0x5AB3, 0x1064, 0x1045, 0x2D09,
    0x3128, 0x2D2A, 0x4612, 0x4E32, 0x4A30, 0x6F59, 0x6F5A, 0x5232,
    0x3503, 0x6F13, 0x6292, 0x72EC, 0x6EC1, 0x6A61, 0x6627, 0x4564,
    0x55EA, 0x6AB5, 0x62B5, 0x5632, 0x5E71, 0x732F, 0x7749, 0x7727,
    0x6ACB, 0x522E, 0x0C44, 0x0844, 0x20E8, 0x290A, 0x2D2B, 0x522E,
    0x41EC, 0x52B3, 0x6B36, 0x66D1, 0x66CE, 0x62CC, 0x5EAE, 0x5A8E,
    0x5A8F, 0x524E, 0x4E2E, 0x524F, 0x5250, 0x4E51, 0x5271, 0x4E51,
    0x4E50, 0x5251, 0x5251, 0x3549, 0x562F, 0x520E, 0x66F5, 0x2D49,
    0x1486, 0x1489, 0x1489, 0x1489, 0x1889, 0x1889, 0x1889, 0x18A9,
    0x1889, 0x1888, 0x18A8, 0x18A8, 0x18A8, 0x18A7, 0x1CA7, 0x1887,
    0x314B, 0x4E2F, 0x62B2, 0x66B1, 0x5A91, 0x1CA5, 0x14A7, 0x10A7,
    0x1928, 0x1D68, 0x1966, 0x1964, 0x1D65, 0x1D64, 0x31A7, 0x5A93,
    0x735B, 0x7B9C, 0x777B, 0x7359, 0x7BBD, 0x735B, 0x396B, 0x418C,
    0x62D2, 0x4629, 0x2DA0, 0x3A22, 0x4AA5, 0x4EE6, 0x4AA2, 0x52E3,
    0x4EC3, 0x56E8, 0x420A, 0x5AB4, 0x45F1, 0x5A75, 0x6F5A, 0x45CE,
    0x5673, 0x62D7, 0x6718, 0x3949, 0x5A4F, 0x66F1, 0x5F0F, 0x5B11,
    0x10A3, 0x18A5, 0x18A5, 0x14A5, 0x18A5, 0x18A5, 0x20C6, 0x1CA5,
    0x1CA5, 0x1CA5, 0x20A5, 0x1CA4, 0x20C5, 0x1CC4, 0x1CC5, 0x20A6,
    0x24E8, 0x4610, 0x5691, 0x66F3, 0x7B9B, 0x396A, 0x20A5, 0x20A5,
    0x6317, 0x66F7, 0x66F7, 0x6717, 0x6718, 0x6318, 0x6718, 0x6718,
    0x6317, 0x62F7, 0x62F7, 0x6718, 0x6B39, 0x62D5, 0x28E5, 0x4E0D,
    0x66D4, 0x6B17, 0x6717, 0x6718, 0x6739, 0x6718, 0x6318, 0x6739,
    0x6738, 0x6738, 0x6737, 0x6738, 0x6738, 0x6738, 0x6317, 0x6317,
    0x6738, 0x6738, 0x6F59, 0x5251, 0x3989, 0x5EB2, 0x6B37, 0x6B39,
    0x6738, 0x5ED6, 0x5ED6, 0x6717, 0x739A, 0x6B57, 0x77BB, 0x77BB,
    0x6F37, 0x6B37, 0x6F58, 0x7379, 0x6B36, 0x6F36, 0x7357, 0x7317,
    0x6693, 0x3D48, 0x5E92, 0x6B37, 0x5693, 0x4E51, 0x6F38, 0x6B18,
    0x56B4, 0x4A2F, 0x5691, 0x62D4, 0x6B16, 0x6317, 0x6317, 0x6F16,
    0x6737, 0x6316, 0x6737, 0x6B18, 0x66F7, 0x5ED5, 0x24A4, 0x5250,
    0x5EB4, 0x66F6, 0x62D5, 0x62D4, 0x62D4, 0x62D4, 0x62F3, 0x66F3,
    0x66F3, 0x66F3, 0x66F3, 0x66F3, 0x66F4, 0x66F4, 0x66F4, 0x66F4,
    0x66F5, 0x6AF4, 0x66D2, 0x3526, 0x562E, 0x49A9, 0x62D2, 0x6714,
    0x6714, 0x6714, 0x66F4, 0x66F5, 0x6B16, 0x5AB3, 0x5692, 0x5A93,
    0x4A30, 0x28E9, 0x4E53, 0x5673, 0x3D6D, 0x6B19, 0x62D6, 0x62F5,
    0x3548, 0x41CC, 0x5AB1, 0x6F31, 0x732E, 0x6ECF, 0x72F3, 0x6292,
    0x41CE, 0x5E96, 0x5E96, 0x45D1, 0x49CF, 0x5E90, 0x5A8E, 0x6B10,
    0x6F13, 0x66F6, 0x5272, 0x4E52, 0x5273, 0x5A93, 0x5E93, 0x66D1,
    0x5EB1, 0x4A0D, 0x6B15, 0x66D2, 0x66F2, 0x66F1, 0x66F2, 0x66F2,
    0x62D2, 0x62D2, 0x66F3, 0x66F4, 0x62D4, 0x5ED4, 0x5ED4, 0x5692,
    0x5AB3, 0x5671, 0x6F37, 0x5E91, 0x6AF4, 0x6F15, 0x62D2, 0x6715,
    0x460D, 0x420F, 0x3DF0, 0x4211, 0x4211, 0x41F1, 0x41F1, 0x3DF0,
    0x4211, 0x4611, 0x4611, 0x4211, 0x4210, 0x4210, 0x45F0, 0x45EF,
    0x6F58, 0x6AF4, 0x5E91, 0x6F34, 0x6B14, 0x5691, 0x39AD, 0x35AD,
    0x35AC, 0x39ED, 0x39EC, 0x31CA, 0x2DAA, 0x1D06, 0x4A2F, 0x66D5,
    0x5E94, 0x6F16, 0x7FBB, 0x7B9B, 0x62B5, 0x354A, 0x5A51, 0x49ED,
    0x564F, 0x6714, 0x2527, 0x2527, 0x2D67, 0x2966, 0x31C5, 0x3E25,
    0x3E06, 0x4A49, 0x4A2D, 0x62D6, 0x2D2B, 0x312B, 0x49F0, 0x6F39,
    0x3D8D, 0x5E96, 0x4A0F, 0x3D88, 0x2CE3, 0x566D, 0x6331, 0x56CF,
    0x18C3, 0x1884, 0x1485, 0x1484, 0x14A4, 0x18A5, 0x20C6, 0x1CA5,
    0x1CC6, 0x1CC6, 0x20C6, 0x1CC5, 0x20C6, 0x18A4, 0x18A5, 0x1885,
    0x24E8, 0x2928, 0x3589, 0x45EC, 0x6F16, 0x3569, 0x1C83, 0x1CA4,
    0x77BC, 0x77BC, 0x77BC, 0x77BC, 0x77BD, 0x77BD, 0x77BC, 0x7BDD,
    0x7BBC, 0x77BC, 0x77BD, 0x77BC, 0x779C, 0x3569, 0x4E30, 0x5A93,
    0x524F, 0x7358, 0x7BBC, 0x77BC, 0x7BDD, 0x7BDE, 0x77BE, 0x7BBE,
    0x7BBD, 0x7BBD, 0x7BDD, 0x7BDD, 0x7BDE, 0x7BBD, 0x7BDD, 0x7BDE,
    0x7BDD, 0x7BDD, 0x6F59, 0x4E30, 0x62D4, 0x4E30, 0x6F36, 0x7FDC,
    0x7BDD, 0x62F6, 0x6F39, 0x6717, 0x6F38, 0x6F39, 0x779B, 0x7BDC,
    0x7BDC, 0x7FFC, 0x7FFD, 0x7FDC, 0x7FDC, 0x7FDC, 0x7FDC, 0x7BDB,
    0x4A50, 0x5250, 0x49ED, 0x6F79, 0x7FFE, 0x4E52, 0x5A92, 0x6F39,
    0x4A10, 0x460E, 0x4A2F, 0x6F59, 0x7FDC, 0x7BDD, 0x7BDD, 0x7FBC,
    0x7BDD, 0x77DC, 0x7BDD, 0x77BC, 0x737A, 0x398B, 0x4A0E, 0x3DAA,
    0x5691, 0x779A, 0x77BC, 0x77BC, 0x77BC, 0x779B, 0x779A, 0x779A,
    0x779B, 0x739C, 0x77BD, 0x739C, 0x739C, 0x739C, 0x739C, 0x739C,
    0x7BBC, 0x779A, 0x62B3, 0x5650, 0x7357, 0x62B3, 0x5671, 0x7BBB,
    0x7BBB, 0x7BBC, 0x7BBC, 0x7FDC, 0x7BBC, 0x7BDB, 0x7FDB, 0x7BDB,
    0x737B, 0x28E9, 0x3DAF, 0x62D7, 0x356C, 0x41CF, 0x7BBC, 0x5EB4,
    0x4E0F, 0x4A0E, 0x41EB, 0x7798, 0x7FBB, 0x5A72, 0x7358, 0x7378,
    0x6F38, 0x5213, 0x66D8, 0x396B, 0x4E30, 0x62F6, 0x7FDC, 0x7FFD,
    0x7FDC, 0x7FDD, 0x7FDD, 0x7FDD, 0x6B18, 0x5E93, 0x62D3, 0x7B99,
    0x7B9A, 0x5AB3, 0x5E93, 0x777A, 0x779B, 0x779C, 0x779A, 0x779A,
    0x779A, 0x779A, 0x779A, 0x779A, 0x779A, 0x779B, 0x739A, 0x739A,
    0x6F58, 0x7378, 0x62B3, 0x66F5, 0x779A, 0x7BBB, 0x6B36, 0x568F,
    0x77B8, 0x7BDB, 0x7BDD, 0x7BDD, 0x7BDE, 0x7BDE, 0x7BDE, 0x7BDD,
    0x7BDD, 0x7BDD, 0x7BDD, 0x7BDD, 0x7BDE, 0x7BDD, 0x5693, 0x6F18,
    0x66F5, 0x777A, 0x7FBC, 0x779A, 0x5EB3, 0x6B37, 0x7BBC, 0x7BDC,
    0x7BDB, 0x7BDC, 0x77DC, 0x77BA, 0x6F7B, 0x292C, 0x4E31, 0x62B5,
    0x5211, 0x66F6, 0x737A, 0x5A72, 0x5A70, 0x62B1, 0x7337, 0x7799,
    0x6B37, 0x5AB3, 0x6F5A, 0x737A, 0x7379, 0x739A, 0x6F98, 0x6F77,
    0x7398, 0x6F59, 0x6F58, 0x6B38, 0x292A, 0x1CA8, 0x356E, 0x398E,
    0x354B, 0x5231, 0x5E93, 0x62D2, 0x6B14, 0x6B15, 0x6312, 0x6732,
    0x6B57, 0x6F7A, 0x6B5A, 0x6B5A, 0x6F7A, 0x6F59, 0x6F59, 0x6B39,
    0x6B38, 0x6B59, 0x6B38, 0x6B38, 0x6B59, 0x673A, 0x62F8, 0x5EF7,
    0x41EE, 0x6738, 0x5672, 0x398A, 0x5EB2, 0x6F37, 0x62F5, 0x6716,
    0x7FFF, 0x7FFE, 0x7FFE, 0x7FFE, 0x7FFE, 0x7FFE, 0x7FFE, 0x7FFE,
    0x7FFE, 0x7FFE, 0x7FFE, 0x7BDD, 0x5EB3, 0x45CC, 0x314B, 0x7BBD,
    0x6716, 0x5691, 0x6715, 0x7FDC, 0x7FFE, 0x7FFE, 0x7FFE, 0x7FFE,
    0x7FFF, 0x7FFE, 0x7FFE, 0x7FFE, 0x7FFE, 0x7FFE, 0x7FFE, 0x7FFD,
    0x7FFE, 0x77BC, 0x5AB3, 0x5271, 0x62F7, 0x7BBD, 0x5AB3, 0x6F77,
    0x7BBB, 0x739A, 0x7BDC, 0x6715, 0x7BBB, 0x7779, 0x7BBC, 0x7FFE,
    0x7FFD, 0x7FFE, 0x7FFE, 0x7FFF, 0x7FFE, 0x7FFE, 0x7FFE, 0x6B36,
    0x5ED2, 0x5EF3, 0x73BA, 0x5ED3, 0x7B9A, 0x5E92, 0x3549, 0x5EB4,
    0x4E30, 0x396A, 0x5251, 0x6738, 0x7FFE, 0x7FFF, 0x7FFF, 0x7FFD,
    0x7FFE, 0x7FFC, 0x7FFD, 0x7FFE, 0x7BBC, 0x5671, 0x62F5, 0x779A,
    0x4A2F, 0x6B38, 0x7FFD, 0x7FFE, 0x7FFE, 0x7FFE, 0x7FFF, 0x7FFF,
    0x7FFF, 0x7FFE, 0x7FFE, 0x7FFE, 0x7FFE, 0x7FFD, 0x7FFD, 0x7FFD,
    0x7FFD, 0x6B17, 0x522F, 0x5692, 0x7FDD, 0x7BDD, 0x5AB4, 0x62F5,
    0x7FDC, 0x7FFD, 0x7FFE, 0x7FFE, 0x7FFE, 0x7FFE, 0x7FFD, 0x7FFE,
    0x77BD, 0x2D0B, 0x398E, 0x5696, 0x5EF7, 0x420F, 0x6F59, 0x5671,
    0x522E, 0x7B9A, 0x6F79, 0x5AB2, 0x6F58, 0x5EB4, 0x5EB5, 0x779C,
    0x779C, 0x45CE, 0x5E95, 0x396A, 0x45EE, 0x66F8, 0x7FFF, 0x7FFD,
    0x7FFE, 0x7FFD, 0x7FDC, 0x7759, 0x5230, 0x520F, 0x524F, 0x66F7,
    0x7BBD, 0x7BDD, 0x66F6, 0x62F4, 0x7FDC, 0x7FFE, 0x7FFF, 0x7FFF,
    0x7FFE, 0x7FFE, 0x7FFE, 0x7FFE, 0x7FFE, 0x7FFF, 0x7FFF, 0x7BDD,
    0x739B, 0x5A92, 0x5A71, 0x5272, 0x6319, 0x77BE, 0x7FFF, 0x779B,
    0x5A92, 0x779A, 0x7FFE, 0x7FFE, 0x7FFE, 0x7FFE, 0x7FFE, 0x7FFE,
    0x7FFE, 0x7FFE, 0x7FFF, 0x7FFF, 0x7FFE, 0x77BC, 0x6717, 0x62D5,
    0x5A93, 0x6317, 0x739C, 0x7FFE, 0x7FFE, 0x6B16, 0x6F58, 0x77BB,
    0x7FFE, 0x7FFE, 0x7FFE, 0x7FFE, 0x6B3B, 0x292D, 0x4E52, 0x5232,
    0x354C, 0x6AF8, 0x5EB5, 0x62D4, 0x62B1, 0x6291, 0x6B37, 0x7FDD,
    0x7FFE, 0x739A, 0x62F4, 0x7799, 0x7FFD, 0x7FFE, 0x7FFD, 0x7FFD,
    0x7FDE, 0x7FDE, 0x7FDE, 0x7BDE, 0x45F2, 0x1CCA, 0x290C, 0x24EB,
    0x356C, 0x49EE, 0x5A93, 0x5692, 0x6738, 0x7BDE, 0x6F79, 0x62F1,
    0x6B35, 0x779B, 0x7FDE, 0x7FFE, 0x7FFE, 0x7FDE, 0x7FFE, 0x7FFE,
    0x7FFE, 0x7FFE, 0x7FFE, 0x7FFE, 0x7FFE, 0x6B7D, 0x2D6E, 0x62F7,
    0x6F59, 0x6F79, 0x5EB3, 0x7BBB, 0x7BDB, 0x62D4, 0x7799, 0x7BBC,
    0x7FFE, 0x7FFE, 0x7FFD, 0x7FFD, 0x7FFD, 0x7FFD, 0x7FFE, 0x7FFF,
    0x7FDD, 0x7FFD, 0x7FDC, 0x5ED4, 0x3DAC, 0x2D2A, 0x39AF, 0x6739,
    0x77BD, 0x6B37, 0x5A92, 0x66F5, 0x779A, 0x7BDD, 0x7FFD, 0x7FFE,
    0x7FFF, 0x7FFE, 0x7FFE, 0x7FFD, 0x7FFD, 0x7FFD, 0x7FFD, 0x7FFD,
    0x7BDD, 0x5673, 0x45F0, 0x39AE, 0x4E53, 0x5ED7, 0x77BD, 0x62F7,
    0x6B37, 0x6F58, 0x737A, 0x5A93, 0x6F58, 0x6F59, 0x7FDD, 0x7FFE,
    0x7FFE, 0x7FFE, 0x7FFE, 0x7FFE, 0x7FFE, 0x7FFE, 0x6B58, 0x5A92,
    0x45EC, 0x5ED5, 0x7FDD, 0x7BBC, 0x66D3, 0x6AF4, 0x3969, 0x5A93,
    0x41CE, 0x4A10, 0x5A94, 0x62F6, 0x7FFE, 0x7FFE, 0x7FFE, 0x7FFE,
    0x7FFE, 0x7FFE, 0x7FFD, 0x7BBC, 0x5A93, 0x3DAC, 0x6F5A, 0x7FFE,
    0x7FDD, 0x5AB4, 0x6F58, 0x7FDD, 0x7FFE, 0x7FFE, 0x7FFE, 0x7FFE,
    0x7FFE, 0x7FFD, 0x7FFE, 0x7FFE, 0x7FFE, 0x7FFE, 0x7FFD, 0x7FDC,
    0x6F57, 0x49EC, 0x3DAB, 0x45EF, 0x4A52, 0x5AB6, 0x739C, 0x62F7,
    0x62F6, 0x7BBC, 0x7FFD, 0x7FFE, 0x7FFE, 0x7FFF, 0x7FFE, 0x7FFD,
    0x7BDE, 0x292E, 0x290D, 0x4E53, 0x6718, 0x5673, 0x4E30, 0x4A0E,
    0x4A0E, 0x62F6, 0x779B, 0x779C, 0x62D6, 0x7359, 0x5ED5, 0x7BDE,
    0x779C, 0x4E32, 0x4E12, 0x28E7, 0x49EF, 0x6B38, 0x7FFE, 0x7FFE,
    0x7FFE, 0x7FFE, 0x7FDC, 0x62D5, 0x520F, 0x5251, 0x5251, 0x6318,
    0x56B5, 0x5694, 0x6B39, 0x5A94, 0x737A, 0x7BDD, 0x7FFE, 0x7FFE,
    0x7FFE, 0x7FFE, 0x7FFE, 0x7FFE, 0x7FFF, 0x7BFF, 0x7FFE, 0x62F6,
    0x6B37, 0x5A92, 0x5693, 0x4A52, 0x5696, 0x5275, 0x5695, 0x6739,
    0x779C, 0x66F6, 0x779A, 0x7FFD, 0x7FFE, 0x7FFE, 0x7FFF, 0x7FFE,
    0x7FFE, 0x7FFE, 0x7FFE, 0x7FFE, 0x7FFD, 0x6716, 0x5EB3, 0x62D5,
    0x5AB5, 0x6318, 0x5EF7, 0x5294, 0x5EF7, 0x739B, 0x6717, 0x7378,
    0x7BBC, 0x7FFE, 0x7FFE, 0x7FFE, 0x6B5A, 0x250C, 0x4A11, 0x5230,
    0x2083, 0x4A0E, 0x6B16, 0x5A70, 0x62D3, 0x5691, 0x5AD4, 0x5293,
    0x56B4, 0x6B39, 0x6B39, 0x737A, 0x739A, 0x7FDD, 0x7FFE, 0x7FFE,
    0x7FFF, 0x7FFE, 0x7FFE, 0x7FFF, 0x5275, 0x292F, 0x20CD, 0x20CB,
    0x24E8, 0x41CE, 0x5EB5, 0x739C, 0x6B39, 0x5ED7, 0x5AD6, 0x5272,
    0x6B17, 0x7359, 0x779B, 0x7FFE, 0x7FFE, 0x7FFE, 0x7FFE, 0x7FFF,
    0x7FFF, 0x7FFF, 0x7FFF, 0x7FFE, 0x7BFD, 0x4655, 0x4A34, 0x7B9C,
    0x5230, 0x5A72, 0x6717, 0x77BD, 0x7FFF, 0x7BDD, 0x5EF6, 0x7BDD,
    0x77BB, 0x7FFD, 0x7FFE, 0x7FFF, 0x7FFF, 0x7FFE, 0x7FFE, 0x7FFD,
    0x7FFE, 0x7FFD, 0x6B37, 0x3DAC, 0x2D2A, 0x4612, 0x739C, 0x6318,
    0x4210, 0x4E52, 0x4E51, 0x5ED5, 0x62F7, 0x6F79, 0x7FFD, 0x7FFD,
    0x7FFD, 0x7FFE, 0x7FFE, 0x7FFE, 0x7FFD, 0x7FFD, 0x7FFD, 0x7BDC,
    0x5AB3, 0x45EF, 0x4611, 0x4A32, 0x6B5A, 0x6B5A, 0x4A52, 0x3DCF,
    0x45EF, 0x6B39, 0x6717, 0x6B17, 0x6B16, 0x7FFD, 0x7FFE, 0x7FFE,
    0x7FFF, 0x7FFE, 0x7FFE, 0x7FFD, 0x7FFD, 0x7379, 0x5271, 0x45CE,
    0x5A95, 0x5AB5, 0x4E73, 0x6316, 0x6F37, 0x62D3, 0x4E30, 0x2D49,
    0x35AC, 0x356B, 0x62D6, 0x6717, 0x7FFE, 0x7FFE, 0x7FFE, 0x7FFE,
    0x7FFE, 0x7BDD, 0x7BBC, 0x5A93, 0x3DAC, 0x4610, 0x4E73, 0x5694,
    0x6F7A, 0x7FDE, 0x5AB4, 0x6F59, 0x7BDD, 0x7FFE, 0x7FFE, 0x7FFE,
    0x7FFD, 0x7FFD, 0x7FFE, 0x7FFE, 0x7FFE, 0x7FFE, 0x7FFD, 0x7BBB,
    0x522F, 0x4A0E, 0x62F6, 0x4E31, 0x5ED7, 0x6319, 0x5294, 0x4210,
    0x45F0, 0x735A, 0x737B, 0x7FFE, 0x7FFE, 0x7FFE, 0x7FFE, 0x7FFE,
    0x739D, 0x2D4F, 0x290D, 0x3DAE, 0x5A94, 0x4A0F, 0x41CD, 0x41CD,
    0x6718, 0x6F7B, 0x5ED6, 0x5273, 0x4610, 0x5AB5, 0x6B39, 0x7BDE,
    0x5AB6, 0x398E, 0x5675, 0x2D09, 0x5673, 0x739B, 0x7FFE, 0x7FFF,
    0x7FFE, 0x7FFD, 0x5ED5, 0x4A0E, 0x6F59, 0x7FDD, 0x779C, 0x5AD6,
    0x5294, 0x6719, 0x5EF7, 0x39AD, 0x5ED5, 0x6737, 0x779B, 0x7FFE,
    0x7FFE, 0x7FFE, 0x7FFE, 0x7FFE, 0x7FFE, 0x7FFF, 0x62F6, 0x4E30,
    0x5A92, 0x779B, 0x7FFE, 0x77BD, 0x6318, 0x5694, 0x4E54, 0x3DD0,
    0x4211, 0x5274, 0x6F59, 0x7379, 0x7FFD, 0x7FFE, 0x7FFE, 0x7FFE,
    0x7FFE, 0x7FFE, 0x7FFE, 0x7FFE, 0x7379, 0x5EB3, 0x7379, 0x7FFE,
    0x7FDE, 0x6F7B, 0x5EF6, 0x5AD6, 0x5294, 0x3DCE, 0x41EE, 0x6717,
    0x6F59, 0x737B, 0x7FFE, 0x7FFF, 0x5276, 0x2D2E, 0x4E12, 0x5231,
    0x5E94, 0x5251, 0x5651, 0x6F37, 0x7FFD, 0x77BB, 0x6717, 0x5AB5,
    0x5273, 0x4E52, 0x41CE, 0x5AB4, 0x6F59, 0x6717, 0x7BBC, 0x7FFE,
    0x7FFE, 0x7FFE, 0x7FFE, 0x7FFF, 0x739D, 0x314F, 0x2D0E, 0x20C9,
    0x1884, 0x314A, 0x62F7, 0x6738, 0x5AD6, 0x56B4, 0x5AB5, 0x41CE,
    0x5673, 0x5693, 0x5271, 0x6F58, 0x7FFD, 0x7FFD, 0x7FFE, 0x7FFE,
    0x7FFF, 0x7FFF, 0x7FFF, 0x7FFE, 0x7FFE, 0x6319, 0x5AB5, 0x6B37,
    0x5A71, 0x6B38, 0x737B, 0x5AD7, 0x5295, 0x6739, 0x77BC, 0x77BC,
    0x5AB3, 0x6B58, 0x7FFE, 0x7FFF, 0x7FFF, 0x7FFF, 0x7FFE, 0x7FFD,
    0x7FDD, 0x6717, 0x3DAD, 0x316C, 0x6719, 0x5EF7, 0x4210, 0x5AB6,
    0x6F5B, 0x6B5A, 0x316D, 0x3DCF, 0x6F7B, 0x5ED5, 0x6316, 0x7FDC,
    0x7FFC, 0x7FFD, 0x7FFE, 0x7FFE, 0x7FFE, 0x7FFD, 0x77BC, 0x4E71,
    0x3DCE, 0x5694, 0x7BDE, 0x779C, 0x4E72, 0x4631, 0x673A, 0x39AF,
    0x3DCF, 0x62D6, 0x5EB4, 0x356A, 0x6B38, 0x7FFD, 0x7FFE, 0x7FFE,
    0x7FFF, 0x7FFF, 0x7FFE, 0x7FFE, 0x6F79, 0x4E70, 0x460E, 0x5ED6,
    0x4631, 0x5EF8, 0x77BD, 0x6318, 0x39AC, 0x398B, 0x5ED5, 0x18C6,
    0x4631, 0x398D, 0x66F7, 0x6B38, 0x7FFE, 0x7FFE, 0x7FFE, 0x7FFE,
    0x7FFD, 0x7BDC, 0x5ED4, 0x41EE, 0x5272, 0x4A31, 0x6739, 0x6F7B,
    0x5294, 0x4210, 0x5EF7, 0x4E52, 0x6718, 0x6F5A, 0x7FFE, 0x7FFD,
    0x7FFD, 0x7FFE, 0x7FFE, 0x7FFE, 0x7FFE, 0x7FFD, 0x779B, 0x5671,
    0x4A0F, 0x779B, 0x7BDD, 0x7BDD, 0x6B5A, 0x4210, 0x4E74, 0x5295,
    0x358D, 0x3DAE, 0x45EF, 0x6B39, 0x7FDE, 0x7FFE, 0x7FFE, 0x7FFF,
    0x6319, 0x316F, 0x5ED8, 0x39AE, 0x460F, 0x41CD, 0x6F59, 0x7BBD,
    0x5ED6, 0x4211, 0x5275, 0x6318, 0x5AB6, 0x2D6B, 0x4E52, 0x5ED7,
    0x4E53, 0x1CC8, 0x3DB0, 0x290A, 0x4610, 0x6B39, 0x7FFE, 0x7FFF,
    0x7BDD, 0x5A94, 0x4A0F, 0x737A, 0x7FFE, 0x7FFE, 0x7FFE, 0x7FFE,
    0x77BD, 0x62F7, 0x4A51, 0x5AD5, 0x5AD5, 0x358B, 0x5693, 0x739B,
    0x7FFE, 0x7FFD, 0x7FFE, 0x7FFE, 0x7FFE, 0x62F7, 0x45EE, 0x5250,
    0x779B, 0x7FFD, 0x7FFE, 0x7FFD, 0x7FFE, 0x7BDD, 0x779C, 0x5AD7,
    0x4632, 0x5EF7, 0x4630, 0x462F, 0x6737, 0x7BDC, 0x7FFD, 0x7FFE,
    0x7FFE, 0x7FFD, 0x7FFE, 0x779B, 0x5692, 0x6F58, 0x7FFD, 0x7FFD,
    0x7FFE, 0x7FFE, 0x7FFE, 0x7BDD, 0x737B, 0x5AB4, 0x77BC, 0x6B39,
    0x4E31, 0x4E71, 0x6F79, 0x7BDE, 0x3DD3, 0x3991, 0x5A75, 0x5231,
    0x62D5, 0x4A30, 0x6717, 0x7FDD, 0x7FDD, 0x7FFE, 0x7FFE, 0x7FFE,
    0x779C, 0x62F7, 0x739C, 0x737B, 0x5293, 0x45EF, 0x5693, 0x739B,
    0x7FFE, 0x7FFE, 0x7FFE, 0x7FFF, 0x7FDE, 0x45F1, 0x5254, 0x5252,
    0x6717, 0x5ED6, 0x62F6, 0x7FFE, 0x7FFE, 0x7FDE, 0x77BD, 0x6B39,
    0x7FFF, 0x77BC, 0x5272, 0x460E, 0x6716, 0x7BBC, 0x7FFD, 0x7FFE,
    0x7FFE, 0x7FFE, 0x7FFF, 0x7FFD, 0x7FFE, 0x5A93, 0x66F5, 0x66F4,
    0x7BBB, 0x6739, 0x5AB6, 0x5274, 0x5AD7, 0x5695, 0x5294, 0x6317,
    0x7BDE, 0x5ED4, 0x5ED4, 0x779A, 0x7BDC, 0x7FFD, 0x7FFD, 0x7FDC,
    0x5ED4, 0x356B, 0x356C, 0x6739, 0x7FFE, 0x7FFE, 0x7BDD, 0x6318,
    0x4211, 0x39CF, 0x35AE, 0x4E73, 0x35AD, 0x5ED5, 0x62F6, 0x5270,
    0x6B37, 0x7BDB, 0x7FFE, 0x7FFE, 0x7FFE, 0x739A, 0x4A30, 0x39AC,
    0x5AB5, 0x7BDD, 0x7FFF, 0x7FFE, 0x7FFE, 0x6F7B, 0x3DF1, 0x292C,
    0x3DF0, 0x6F5A, 0x5693, 0x3149, 0x6B17, 0x7BBB, 0x7FFE, 0x7FFE,
    0x7FFE, 0x7FFE, 0x7FFE, 0x6F59, 0x4E51, 0x41EE, 0x6B39, 0x7FFE,
    0x7BDE, 0x6318, 0x4631, 0x5AD6, 0x6B5A, 0x35AD, 0x35AD, 0x1085,
    0x4632, 0x3DCE, 0x5694, 0x6B38, 0x7FFE, 0x7FFE, 0x7FFE, 0x7FFE,
    0x77BC, 0x5272, 0x41CD, 0x6737, 0x7FFE, 0x77BD, 0x5EF7, 0x4210,
    0x5AB6, 0x5EF7, 0x2D6C, 0x2D6C, 0x5EF7, 0x5EF7, 0x5EF6, 0x7BDD,
    0x7FFD, 0x7FFE, 0x7FFE, 0x7FFE, 0x7FFD, 0x737A, 0x4A0F, 0x460E,
    0x77BC, 0x7FDD, 0x7FFE, 0x7FFD, 0x7FFD, 0x7FFE, 0x6F7A, 0x4E73,
    0x7BBD, 0x6F5A, 0x3DCE, 0x356B, 0x62D5, 0x7BDC, 0x7FFE, 0x7FFF,
    0x4E54, 0x358F, 0x56B5, 0x2949, 0x41EE, 0x6F59, 0x7FFE, 0x7FFE,
    0x7FFF, 0x7FFF, 0x739C, 0x6739, 0x5274, 0x39CE, 0x5AD6, 0x5295,
    0x2109, 0x250A, 0x316D, 0x290A, 0x398D, 0x5EB5, 0x7FDE, 0x779B,
    0x5251, 0x4A0F, 0x739B, 0x7BDD, 0x7FFE, 0x7FFD, 0x7FFE, 0x7FFE,
    0x7FFE, 0x7FFE, 0x7BDD, 0x7BBD, 0x7FFE, 0x737A, 0x39CD, 0x5293,
    0x77BB, 0x7FFE, 0x7FFD, 0x7FFE, 0x7BBC, 0x5671, 0x4A0E, 0x7359,
    0x7FDD, 0x7FFD, 0x7FFE, 0x7FFE, 0x7FFD, 0x7FFD, 0x7FFE, 0x7FFE,
    0x7FFE, 0x7FFE, 0x7BDE, 0x5AD5, 0x39CC, 0x5F15, 0x7BDD, 0x7FFD,
    0x7FFE, 0x7FFD, 0x6F59, 0x5271, 0x6B37, 0x7FFD, 0x7FFD, 0x7FFE,
    0x7FFE, 0x7FFE, 0x7FFE, 0x7FFE, 0x7FFE, 0x7FFE, 0x7FFE, 0x7FFE,
    0x7FDD, 0x5EF5, 0x460F, 0x5ED7, 0x3150, 0x290E, 0x5252, 0x5E93,
    0x5671, 0x3DCC, 0x77BC, 0x7FFD, 0x7FFD, 0x7FFE, 0x7FFE, 0x7FFD,
    0x7FFE, 0x7FFE, 0x7FFE, 0x7FFD, 0x7FFE, 0x6718, 0x3DCD, 0x5272,
    0x739B, 0x7FFE, 0x7FFE, 0x7FFD, 0x7FFD, 0x62D7, 0x5A94, 0x45EE,
    0x7BBB, 0x7FFE, 0x4610, 0x7FFE, 0x7FFE, 0x7FFE, 0x7FFE, 0x7FFE,
    0x7FFE, 0x7FFE, 0x7FFD, 0x737A, 0x4A30, 0x56B3, 0x77BB, 0x7FFE,
    0x7FFD, 0x7FFE, 0x7FFD, 0x7FFE, 0x7BBC, 0x6AF6, 0x6B16, 0x7FDB,
    0x7FFD, 0x7FFE, 0x7FFF, 0x7FFF, 0x739C, 0x7FDE, 0x7FFF, 0x737B,
    0x5695, 0x77BD, 0x6717, 0x526F, 0x6B35, 0x7BBB, 0x779B, 0x4E51,
    0x5672, 0x356B, 0x6718, 0x7FFF, 0x7FFE, 0x7FFD, 0x7FFD, 0x7FFE,
    0x7BFE, 0x6F7B, 0x5AD6, 0x7BDE, 0x739C, 0x41EF, 0x420E, 0x5692,
    0x5250, 0x5A92, 0x77BB, 0x7FDD, 0x6737, 0x41EE, 0x3DAC, 0x5694,
    0x7FFE, 0x7FFE, 0x7FFE, 0x7FFE, 0x7FFE, 0x7FFF, 0x5AD6, 0x316E,
    0x2D6D, 0x62F7, 0x4A30, 0x1CC5, 0x4A30, 0x6F58, 0x7BDD, 0x7FFE,
    0x7FFD, 0x7FDC, 0x62F5, 0x4E50, 0x41EE, 0x6B39, 0x7FFE, 0x7FFE,
    0x7FFE, 0x7FFF, 0x7BDE, 0x6318, 0x3E10, 0x3DEF, 0x35AE, 0x254B,
    0x252A, 0x316C, 0x4E32, 0x6B18, 0x7FFD, 0x7FFE, 0x7FFD, 0x6F79,
    0x4A30, 0x3DCD, 0x62F6, 0x7FFE, 0x7FFE, 0x7FFE, 0x7FFF, 0x7BDE,
    0x6318, 0x4210, 0x4210, 0x6F7C, 0x41F0, 0x3DCE, 0x41EF, 0x5272,
    0x77BC, 0x7FFE, 0x7FDD, 0x7BDC, 0x6B17, 0x41CD, 0x45EE, 0x739B,
    0x7FFE, 0x7FFE, 0x7FFD, 0x7FFE, 0x7FFD, 0x7FFD, 0x7FFE, 0x7FFE,
    0x7FFE, 0x7FFE, 0x7BDD, 0x4E72, 0x3149, 0x5AB2, 0x7BBC, 0x7FFE,
    0x4A31, 0x3DAF, 0x39AD, 0x1483, 0x739B, 0x7FFF, 0x7FFE, 0x7FFE,
    0x7FFE, 0x7FFE, 0x7FFE, 0x7FFF, 0x7FFF, 0x6F7A, 0x7BDE, 0x7BDE,
    0x250A, 0x210A, 0x14A7, 0x250A, 0x5253, 0x4A11, 0x62F7, 0x41CE,
    0x45EF, 0x739B, 0x7FFE, 0x7FFE, 0x7FFE, 0x7FFE, 0x7FFE, 0x7FFE,
    0x7FFE, 0x7FFE, 0x7FFF, 0x7FFE, 0x7FFE, 0x7FFE, 0x77BC, 0x41EF,
    0x4A30, 0x779B, 0x7FDD, 0x7379, 0x4E2F, 0x45ED, 0x6F58, 0x7FFD,
    0x7FFE, 0x7FFE, 0x7FFE, 0x7FFE, 0x7FFE, 0x7FFE, 0x7FFE, 0x7FFD,
    0x7FFD, 0x7FFD, 0x7FFE, 0x7FFE, 0x6B59, 0x3DEE, 0x56B3, 0x7BBC,
    0x7BBC, 0x62F4, 0x4E2F, 0x6B58, 0x7FFD, 0x7FFD, 0x7FFD, 0x7FFE,
    0x7FFE, 0x7FFE, 0x7FFE, 0x7FFE, 0x7FFE, 0x7FFE, 0x7FFE, 0x7FFE,
    0x7FFE, 0x7FFE, 0x6F7A, 0x398E, 0x1889, 0x314E, 0x4E31, 0x5EB4,
    0x62F5, 0x7FDD, 0x7FFD, 0x7FFE, 0x7FFD, 0x7FFE, 0x7FFE, 0x7FFE,
    0x7FFD, 0x7FFD, 0x7FFD, 0x7FFD, 0x7FFE, 0x7FFE, 0x77BC, 0x4610,
    0x41CD, 0x6B59, 0x7FDD, 0x739A, 0x5A93, 0x5693, 0x45EF, 0x4A10,
    0x7BBC, 0x7FFE, 0x5293, 0x7FFE, 0x7FFE, 0x7FFE, 0x7FFE, 0x7FFE,
    0x7FFE, 0x7FFE, 0x7FFE, 0x7FFE, 0x7BDD, 0x5AD5, 0x4E30, 0x779B,
    0x7FFE, 0x7FFD, 0x7FDD, 0x7379, 0x5A93, 0x6F38, 0x7FFD, 0x7FFD,
    0x7FFD, 0x7FFE, 0x7FFE, 0x7FFE, 0x7FFE, 0x7FFE, 0x7FFE, 0x7FFE,
    0x314C, 0x358E, 0x6B39, 0x6F59, 0x5250, 0x66F5, 0x3DAA, 0x5ED4,
    0x3DCD, 0x62F6, 0x7BBD, 0x7BDD, 0x7BDD, 0x7FDD, 0x7FDD, 0x77BD,
    0x7BDE, 0x7FDE, 0x77BD, 0x7BDE, 0x77BD, 0x739C, 0x4630, 0x2D49,
    0x5272, 0x5251, 0x66F5, 0x5692, 0x4A0F, 0x3DCD, 0x5AB4, 0x7BDE,
    0x7BDD, 0x7BDC, 0x7FFD, 0x7FFD, 0x7FFD, 0x7FFE, 0x4611, 0x318E,
    0x294B, 0x2D6B, 0x2D6A, 0x4A30, 0x2D28, 0x460E, 0x6F59, 0x7FDD,
    0x779B, 0x5271, 0x62F6, 0x460F, 0x6B59, 0x7FFE, 0x7FFF, 0x7FFE,
    0x7FFE, 0x7FFF, 0x7FFF, 0x7BDE, 0x77BD, 0x6738, 0x39CE, 0x6339,
    0x318D, 0x2D2B, 0x314B, 0x5AB4, 0x779B, 0x7BBC, 0x5ED5, 0x5272,
    0x420E, 0x5AD5, 0x7BDE, 0x7FFE, 0x7FFE, 0x7FFE, 0x7FFE, 0x7FFE,
    0x7FFE, 0x77BC, 0x6F7A, 0x7FFE, 0x7BDE, 0x5694, 0x314A, 0x2D29,
    0x460F, 0x7359, 0x7BBB, 0x5A92, 0x3D8B, 0x3D8B, 0x6F5A, 0x7FDE,
    0x7FFE, 0x7FFE, 0x7FFE, 0x7FFE, 0x7FFE, 0x7FFE, 0x7FFE, 0x7FFE,
    0x7FFE, 0x7FFE, 0x7FFE, 0x7BDD, 0x5673, 0x2D27, 0x5672, 0x777B,
    0x4A10, 0x41AC, 0x398B, 0x39AD, 0x7FFE, 0x7FFF, 0x7FFE, 0x7FFE,
    0x7FFE, 0x7FFE, 0x7FFE, 0x7FFE, 0x7FFE, 0x7FFE, 0x7FFF, 0x6F7B,
    0x4E74, 0x5275, 0x316E, 0x20E9, 0x358D, 0x24E8, 0x398C, 0x41EE,
    0x739B, 0x7FFF, 0x7FFE, 0x7FFE, 0x7FFE, 0x7FFE, 0x7FFE, 0x7FFE,
    0x7FFE, 0x7FFE, 0x7FFE, 0x7FFE, 0x7FFE, 0x7FFE, 0x7FFE, 0x77BC,
    0x39CD, 0x4A10, 0x5AB4, 0x41AC, 0x45CC, 0x6F59, 0x7FFE, 0x7FFE,
    0x7FFE, 0x7FFE, 0x7FFE, 0x7FFE, 0x7FFE, 0x7FFE, 0x7FFE, 0x7FFE,
    0x7FFE, 0x7FFE, 0x7FFE, 0x7FFE, 0x7FFE, 0x6F7B, 0x358C, 0x4E50,
    0x524F, 0x4A0D, 0x6F58, 0x7FFE, 0x7FFE, 0x7FFE, 0x7FFE, 0x7FFE,
    0x7FFE, 0x7FFE, 0x7FFE, 0x7FFE, 0x7FFE, 0x7FFE, 0x7FFE, 0x7FFE,
    0x7FFE, 0x7FFF, 0x7BDE, 0x3DB0, 0x290C, 0x1887, 0x356B, 0x6717,
    0x7FFD, 0x7FFE, 0x7FFF, 0x7FFE, 0x7FFE, 0x7FFE, 0x7FFE, 0x7FFE,
    0x7FFE, 0x7FFE, 0x7FFD, 0x7FFD, 0x7FFD, 0x7FFE, 0x7FFE, 0x7BDD,
    0x41CE, 0x45EF, 0x5672, 0x4A0E, 0x5ED4, 0x7BDD, 0x5273, 0x6318,
    0x7FFF, 0x7FFE, 0x5AB5, 0x739B, 0x7FFE, 0x7FFE, 0x7FFE, 0x7FFE,
    0x7FFE, 0x7FFE, 0x7FFE, 0x7FFE, 0x7FFE, 0x7FFE, 0x5AB5, 0x5252,
    0x779A, 0x6F37, 0x5EB3, 0x5671, 0x7379, 0x7FFE, 0x7FFD, 0x7FFE,
    0x7FFE, 0x7FFF, 0x7FFE, 0x7FFE, 0x7FFE, 0x7FFE, 0x7FFE, 0x7FFE,
    0x62F7, 0x314C, 0x290B, 0x62D8, 0x5EB6, 0x3127, 0x5670, 0x358A,
    0x5272, 0x6F5A, 0x6B59, 0x6739, 0x6B5A, 0x6F3A, 0x6B3A, 0x6B39,
    0x6B39, 0x6B39, 0x6F59, 0x6F59, 0x6F5A, 0x6B59, 0x6739, 0x358D,
    0x2D2A, 0x5A93, 0x3D8A, 0x41CB, 0x316A, 0x4E52, 0x737B, 0x6F7A,
    0x6F79, 0x6F79, 0x7379, 0x739A, 0x739A, 0x6F59, 0x2D6B, 0x2D6C,
    0x4210, 0x1CE6, 0x6317, 0x77BD, 0x5693, 0x3149, 0x45EE, 0x62F6,
    0x4E51, 0x5EB5, 0x41EF, 0x6717, 0x77BB, 0x77BB, 0x779B, 0x779B,
    0x779B, 0x779B, 0x779B, 0x77BB, 0x73BB, 0x739B, 0x6718, 0x5EF7,
    0x316D, 0x2D2B, 0x20C7, 0x5673, 0x5271, 0x5250, 0x5AB4, 0x4E51,
    0x4E52, 0x779B, 0x739B, 0x739A, 0x739A, 0x779B, 0x779B, 0x739A,
    0x737A, 0x739B, 0x737A, 0x737A, 0x737B, 0x737B, 0x5273, 0x2909,
    0x356C, 0x4E30, 0x45EC, 0x3969, 0x356A, 0x6F39, 0x737B, 0x737B,
    0x739B, 0x739B, 0x737B, 0x779B, 0x779B, 0x777B, 0x779B, 0x737A,
    0x6F7A, 0x737B, 0x739B, 0x739B, 0x779B, 0x4A10, 0x2D08, 0x3D8B,
    0x3548, 0x41CC, 0x6F59, 0x6F59, 0x77BC, 0x77BC, 0x779B, 0x779C,
    0x779C, 0x779B, 0x779C, 0x779B, 0x77BC, 0x77BC, 0x779C, 0x779C,
    0x737C, 0x41F1, 0x316F, 0x314D, 0x1485, 0x2D6B, 0x3DCD, 0x739B,
    0x77BC, 0x77BC, 0x77BC, 0x7BBC, 0x7BBC, 0x7BBC, 0x77BC, 0x7B9C,
    0x7B9C, 0x7BBC, 0x7BBC, 0x77BC, 0x779B, 0x77BB, 0x77BC, 0x779C,
    0x6B59, 0x2908, 0x3DAC, 0x4E0F, 0x6F58, 0x77BC, 0x77BC, 0x77BD,
    0x7BBC, 0x7BBC, 0x7BBD, 0x7BBC, 0x7BBC, 0x7BBC, 0x7BBC, 0x7BBD,
    0x7FBD, 0x7BBE, 0x7BBD, 0x7BBC, 0x7BDD, 0x7BBE, 0x5695, 0x3169,
    0x5A90, 0x7378, 0x7FDD, 0x7FDD, 0x7FDE, 0x7FFD, 0x7FFD, 0x7FFD,
    0x7FDD, 0x7FDD, 0x7FFD, 0x7FFD, 0x7FDD, 0x7FDD, 0x7FDD, 0x7FDD,
    0x7FFE, 0x7FFF, 0x62F9, 0x3990, 0x24EB, 0x1CC8, 0x2929, 0x4A30,
    0x7BDD, 0x7BDE, 0x7FFE, 0x7FDE, 0x7FFE, 0x7FFE, 0x7FFE, 0x7FDE,
    0x7FDE, 0x7FDE, 0x7FFE, 0x7FDD, 0x7BDC, 0x7FFD, 0x7FFE, 0x7BDE,
    0x62D6, 0x45CE, 0x522F, 0x6B16, 0x7BDC, 0x7FDE, 0x5274, 0x56B6,
    0x7FDF, 0x7FDE, 0x6F5A, 0x779C, 0x7FFE, 0x7FFE, 0x7FFE, 0x7FFD,
    0x7FFD, 0x7FFE, 0x7FFE, 0x7FFF, 0x7FFE, 0x7FFE, 0x737B, 0x41AD,
    0x4DEF, 0x49CD, 0x5A92, 0x7FDC, 0x7FFD, 0x7FFD, 0x7FFE, 0x7FFE,
    0x7FFE, 0x7FFF, 0x7FFE, 0x7FFE, 0x7FFF, 0x7FFF, 0x7FFE, 0x7FFE,
    0x5ED6, 0x5694, 0x24E9, 0x24E9, 0x316B, 0x5ED4, 0x5271, 0x41CE,
    0x5EB5, 0x5ED6, 0x5ED6, 0x5AD5, 0x5ED6, 0x5ED6, 0x5ED6, 0x5ED5,
    0x5ED6, 0x5ED6, 0x62F6, 0x62F6, 0x62F6, 0x62D5, 0x5EF6, 0x52B6,
    0x20CA, 0x28E8, 0x4E4F, 0x5AD2, 0x358C, 0x5693, 0x6718, 0x6738,
    0x6717, 0x6717, 0x6718, 0x6B39, 0x6B59, 0x4A52, 0x2D6C, 0x2D4C,
    0x5EF7, 0x35AC, 0x6F5A, 0x6B59, 0x6739, 0x316B, 0x2D49, 0x39AB,
    0x5671, 0x358C, 0x5AD7, 0x6B5A, 0x6B58, 0x6B59, 0x6B59, 0x6B38,
    0x6B59, 0x6B39, 0x6B59, 0x6B38, 0x6B59, 0x6B39, 0x6B3A, 0x3DCF,
    0x314D, 0x292B, 0x1886, 0x5AD5, 0x398B, 0x4E4F, 0x41EE, 0x45F0,
    0x6B3A, 0x6717, 0x6B38, 0x6B38, 0x6B38, 0x6B38, 0x6718, 0x6718,
    0x6738, 0x62F7, 0x6717, 0x62F7, 0x6718, 0x62F7, 0x6719, 0x358D,
    0x2509, 0x356B, 0x41EC, 0x460E, 0x62D5, 0x66F7, 0x62F6, 0x6316,
    0x6717, 0x66F7, 0x6718, 0x6718, 0x6718, 0x66F8, 0x66F7, 0x6718,
    0x6718, 0x6718, 0x6718, 0x6718, 0x6B39, 0x62D7, 0x20A6, 0x5652,
    0x62D4, 0x5ED4, 0x6B38, 0x6738, 0x6739, 0x6B39, 0x6B39, 0x6B18,
    0x6B39, 0x6B39, 0x6B39, 0x6739, 0x6B39, 0x6B18, 0x6B39, 0x6B19,
    0x66F9, 0x354E, 0x314F, 0x2D2C, 0x1CA6, 0x2D6A, 0x358C, 0x6738,
    0x6B3A, 0x6B5A, 0x6B39, 0x6B39, 0x6F5A, 0x6B3A, 0x6739, 0x6B39,
    0x6B39, 0x6B38, 0x6B39, 0x6B19, 0x6719, 0x6719, 0x6B3A, 0x6B3A,
    0x6F5A, 0x398C, 0x5EB4, 0x6F57, 0x6F37, 0x6B39, 0x6B39, 0x6B39,
    0x6F39, 0x6B39, 0x6B39, 0x6B39, 0x6B39, 0x6B39, 0x6B39, 0x6B59,
    0x6F59, 0x6B59, 0x6B3A, 0x6F5A, 0x6F5A, 0x6F5B, 0x4E33, 0x1CA4,
    0x5ED0, 0x7778, 0x737A, 0x737A, 0x777B, 0x737A, 0x737A, 0x7379,
    0x737A, 0x737A, 0x737A, 0x737A, 0x7379, 0x737A, 0x7379, 0x7379,
    0x737A, 0x777D, 0x45F2, 0x356F, 0x20C9, 0x356D, 0x2D29, 0x779B,
    0x739B, 0x779B, 0x779B, 0x777B, 0x779B, 0x779B, 0x737B, 0x737B,
    0x737B, 0x737B, 0x737B, 0x737A, 0x7FDD, 0x7BDD, 0x6F7B, 0x735B,
    0x49F0, 0x49CC, 0x566F, 0x7778, 0x739A, 0x779C, 0x4E53, 0x41F0,
    0x7B9D, 0x777B, 0x779C, 0x779B, 0x779B, 0x779B, 0x77BB, 0x779B,
    0x779B, 0x7BBC, 0x7BBD, 0x779D, 0x7BBE, 0x779C, 0x5EB5, 0x2D07,
    0x6B16, 0x66F4, 0x7B9A, 0x77BB, 0x77BB, 0x7BBC, 0x7BBD, 0x7BBC,
    0x7BBC, 0x779C, 0x7BBC, 0x7BBD, 0x77BD, 0x77BC, 0x7BDC, 0x7BBC,
    0x4A12, 0x4A33, 0x314C, 0x24A7, 0x3529, 0x5E93, 0x4E0D, 0x49ED,
    0x4E0F, 0x4A10, 0x4A11, 0x4A12, 0x4A32, 0x4E31, 0x4A11, 0x4E33,
    0x4E53, 0x4E33, 0x4E33, 0x4A32, 0x4E33, 0x4E32, 0x4E52, 0x4E73,
    0x20A7, 0x2CE8, 0x5A91, 0x526F, 0x45CD, 0x4E30, 0x5253, 0x5695,
    0x5695, 0x5674, 0x5A95, 0x5A95, 0x5AB5, 0x316C, 0x2D4C, 0x314C,
    0x5ED7, 0x66F8, 0x62D7, 0x5EB6, 0x62D7, 0x398C, 0x2928, 0x5692,
    0x6716, 0x4A0F, 0x5AB5, 0x5AB4, 0x5AB4, 0x5EB5, 0x5EB6, 0x5EB6,
    0x5EB6, 0x5EB6, 0x5ED6, 0x5AB5, 0x5A95, 0x5EB6, 0x5674, 0x2D2B,
    0x2D2B, 0x2D2B, 0x20C7, 0x4A10, 0x4A0E, 0x6F37, 0x49EE, 0x62D5,
    0x5A94, 0x5A95, 0x5A95, 0x5A95, 0x5AB5, 0x5AB5, 0x5AB5, 0x5694,
    0x5674, 0x5273, 0x5274, 0x5674, 0x5253, 0x5254, 0x5253, 0x4611,
    0x20C7, 0x2D28, 0x5A92, 0x5670, 0x5651, 0x5A74, 0x5273, 0x5272,
    0x5674, 0x5674, 0x5674, 0x5674, 0x5675, 0x5674, 0x5674, 0x5674,
    0x5273, 0x5694, 0x5695, 0x5695, 0x5695, 0x5274, 0x20C6, 0x4A0E,
    0x6AF5, 0x4E30, 0x5A94, 0x5AB5, 0x5ED6, 0x5AB5, 0x5ED6, 0x5AB5,
    0x5AB5, 0x5AB5, 0x5ED6, 0x5EB5, 0x5AB5, 0x5AB5, 0x5EB5, 0x5AB5,
    0x5674, 0x312B, 0x314C, 0x2D4A, 0x316A, 0x6B37, 0x62B4, 0x5EF5,
    0x5AD5, 0x5ED5, 0x5EB5, 0x5EB6, 0x62D7, 0x5EB6, 0x5EB6, 0x5EB6,
    0x5EB5, 0x5A94, 0x5AB5, 0x5A96, 0x5A96, 0x5A96, 0x5A96, 0x5695,
    0x354A, 0x2CE7, 0x5A72, 0x6F16, 0x5E92, 0x5EB4, 0x5AB4, 0x5EB6,
    0x5A96, 0x5EB6, 0x5ED6, 0x5EB6, 0x5EB7, 0x5EB7, 0x5ED6, 0x5EB6,
    0x62D7, 0x5ED6, 0x5ED7, 0x5ED7, 0x62D8, 0x41AF, 0x352B, 0x522F,
    0x7355, 0x6F35, 0x6AF5, 0x6B17, 0x6B18, 0x6718, 0x6717, 0x6718,
    0x66F7, 0x6718, 0x6718, 0x6B18, 0x6B18, 0x6B18, 0x6B18, 0x6B18,
    0x6AF8, 0x62D8, 0x396E, 0x354C, 0x312A, 0x3129, 0x2D28, 0x6B17,
    0x6F38, 0x6B37, 0x6B38, 0x6B19, 0x6B19, 0x6B18, 0x6718, 0x6717,
    0x6B18, 0x66F7, 0x6F39, 0x7FFE, 0x7FFD, 0x7FFE, 0x7FDE, 0x41CF,
    0x2D08, 0x45CC, 0x62D2, 0x6B16, 0x6F59, 0x6F5A, 0x4A33, 0x398E,
    0x62D7, 0x6B39, 0x6B39, 0x6B39, 0x6B39, 0x6B39, 0x6B39, 0x6B39,
    0x6F3A, 0x6F59, 0x6F5A, 0x6F5A, 0x735B, 0x45D1, 0x310A, 0x5650,
    0x6F34, 0x7356, 0x7359, 0x6F5A, 0x6F79, 0x6F5A, 0x735A, 0x6F5A,
    0x735A, 0x735A, 0x6F5A, 0x735A, 0x6F5A, 0x6F5A, 0x6F7A, 0x6F7A,
    0x290A, 0x290A, 0x24A7, 0x2463, 0x4169, 0x66B2, 0x62B2, 0x45CA,
    0x28E5, 0x2D07, 0x2D09, 0x2D0A, 0x2D29, 0x2D29, 0x2D2A, 0x312B,
    0x2D0A, 0x312B, 0x2D2B, 0x312B, 0x2D2B, 0x2D4B, 0x2D29, 0x3149,
    0x24A4, 0x3107, 0x6AD4, 0x66D2, 0x3988, 0x3548, 0x354A, 0x356C,
    0x356D, 0x398D, 0x398D, 0x3D8C, 0x398C, 0x2D29, 0x2D2A, 0x398D,
    0x41AE, 0x45AE, 0x45CE, 0x45CF, 0x45CF, 0x3129, 0x3128, 0x5EB4,
    0x6F57, 0x4A0E, 0x3DCC, 0x41CD, 0x41CE, 0x45CF, 0x45B0, 0x45D0,
    0x45D0, 0x45F0, 0x45D0, 0x45D0, 0x41AF, 0x41CF, 0x356D, 0x2D2A,
    0x2D09, 0x2D09, 0x28E7, 0x45CD, 0x45ED, 0x6F37, 0x5250, 0x3D8A,
    0x3DAC, 0x3D8C, 0x3D8D, 0x3DAE, 0x3DAE, 0x3DAE, 0x3DAE, 0x3DAD,
    0x398D, 0x358C, 0x398D, 0x396C, 0x396C, 0x356C, 0x396C, 0x2D2A,
    0x20A5, 0x2D07, 0x62D3, 0x62D3, 0x3549, 0x394B, 0x398B, 0x396B,
    0x398D, 0x398D, 0x398D, 0x398D, 0x3DAE, 0x39AE, 0x3DAE, 0x3DAE,
    0x3D8D, 0x39AD, 0x39AD, 0x3DAE, 0x398D, 0x28E8, 0x2D07, 0x62B3,
    0x66F4, 0x524F, 0x41AC, 0x45CE, 0x45CF, 0x45EF, 0x45F0, 0x41CF,
    0x45F0, 0x45F0, 0x45F0, 0x49F0, 0x4A10, 0x49F0, 0x4A0F, 0x460F,
    0x41EE, 0x3549, 0x3528, 0x3127, 0x66D4, 0x6292, 0x6F15, 0x4E2D,
    0x4A2D, 0x4E0F, 0x4A10, 0x4E11, 0x4E11, 0x4E11, 0x4E10, 0x4A0F,
    0x4A10, 0x45EF, 0x45F0, 0x49F0, 0x49F0, 0x49F1, 0x41D0, 0x2CE9,
    0x30E7, 0x51ED, 0x72F5, 0x62B2, 0x5E92, 0x45EC, 0x4A0F, 0x49F0,
    0x4A12, 0x4A12, 0x4A11, 0x4A11, 0x4A12, 0x4E11, 0x4A11, 0x4A11,
    0x4E32, 0x4E32, 0x4E52, 0x4A52, 0x49F0, 0x3909, 0x520E, 0x7315,
    0x564F, 0x6EF4, 0x6292, 0x5A72, 0x5A93, 0x5A94, 0x5A95, 0x5A94,
    0x5A74, 0x5A95, 0x5A95, 0x5A95, 0x5A95, 0x5A95, 0x5A95, 0x5E95,
    0x5A75, 0x49F0, 0x394B, 0x45AC, 0x6B16, 0x5671, 0x5E92, 0x66F5,
    0x5E93, 0x5EB4, 0x5E95, 0x5A96, 0x5A95, 0x5AB5, 0x5AB5, 0x5A94,
    0x5693, 0x6B38, 0x7BBC, 0x7FFE, 0x7FFE, 0x7FFE, 0x7FDD, 0x6F59,
    0x45CD, 0x6293, 0x62B3, 0x6F37, 0x5AB3, 0x62D6, 0x4610, 0x41AF,
    0x5A95, 0x5EB5, 0x5ED6, 0x5EB5, 0x5ED6, 0x5ED6, 0x62D6, 0x62D7,
    0x62D7, 0x62D7, 0x5EF6, 0x62D6, 0x5E95, 0x394C, 0x5210, 0x66B3,
    0x5A8F, 0x7334, 0x66D5, 0x66D6, 0x66F7, 0x66F8, 0x66F8, 0x66F8,
    0x66F8, 0x66F8, 0x62F7, 0x66F7, 0x66F8, 0x62F8, 0x62F8, 0x66F9,
    0x3DAC, 0x3DAC, 0x49EE, 0x3D48, 0x51EC, 0x3D69, 0x41CA, 0x66F2,
    0x41A9, 0x3547, 0x3107, 0x396B, 0x3149, 0x2D48, 0x3148, 0x3148,
    0x3569, 0x3569, 0x39AB, 0x3DAC, 0x3169, 0x358B, 0x3148, 0x3968,
    0x3525, 0x4DEC, 0x4189, 0x4E0C, 0x66F2, 0x3547, 0x3548, 0x3129,
    0x3149, 0x2D29, 0x3149, 0x356A, 0x3148, 0x3168, 0x3149, 0x3149,
    0x3128, 0x3149, 0x3149, 0x24C6, 0x28C6, 0x2CE6, 0x5A72, 0x5EB3,
    0x4A2F, 0x6F78, 0x3969, 0x2D06, 0x28C7, 0x2CE9, 0x2CEA, 0x2909,
    0x2909, 0x28E9, 0x28E8, 0x28E8, 0x28C8, 0x24C8, 0x24E8, 0x24C7,
    0x3129, 0x2CE6, 0x2D06, 0x3D8B, 0x5EB3, 0x45ED, 0x6B15, 0x45CB,
    0x28E3, 0x24C4, 0x24C6, 0x24C6, 0x20C6, 0x24C6, 0x24E6, 0x24E6,
    0x24E5, 0x20C5, 0x20E6, 0x20A5, 0x20A5, 0x20A5, 0x20C5, 0x20A4,
    0x2CE5, 0x5A4F, 0x45CB, 0x5A91, 0x5AB3, 0x20A3, 0x20A3, 0x20A3,
    0x20C5, 0x20C5, 0x20C5, 0x1CA4, 0x1CA4, 0x1CA5, 0x20A5, 0x20A5,
    0x20A5, 0x20C5, 0x1CC4, 0x20C5, 0x20C4, 0x2CE5, 0x520E, 0x520D,
    0x3547, 0x6B14, 0x49ED, 0x2CC5, 0x2CE6, 0x28E7, 0x2909, 0x2D2A,
    0x2D2A, 0x290A, 0x312A, 0x352A, 0x354A, 0x314A, 0x314A, 0x3549,
    0x3549, 0x3547, 0x3D46, 0x624F, 0x5E2E, 0x3925, 0x4E0C, 0x6AF3,
    0x3947, 0x3527, 0x3128, 0x3129, 0x312A, 0x3129, 0x3128, 0x2D07,
    0x2D07, 0x2907, 0x2907, 0x2907, 0x2D07, 0x2CE7, 0x28C7, 0x2CE5,
    0x49AB, 0x6270, 0x3D68, 0x2CC3, 0x62D2, 0x564F, 0x28C4, 0x28E7,
    0x28E9, 0x28E9, 0x2909, 0x2D09, 0x2908, 0x2D08, 0x2D08, 0x2D08,
    0x312A, 0x2D09, 0x2D2A, 0x312A, 0x30E7, 0x560D, 0x6AB1, 0x4589,
    0x392A, 0x3D48, 0x7316, 0x4DEE, 0x396A, 0x3D6C, 0x396D, 0x3D8E,
    0x398D, 0x398D, 0x398D, 0x398D, 0x3D8D, 0x3D8D, 0x3D8D, 0x3D8E,
    0x3D8D, 0x3528, 0x49CC, 0x6AD4, 0x5A4F, 0x3506, 0x3128, 0x6F37,
    0x5250, 0x3DAC, 0x41AD, 0x45CF, 0x41D0, 0x41EF, 0x3DAE, 0x41CE,
    0x62F6, 0x779B, 0x7FDC, 0x7FFD, 0x7FFE, 0x7FFE, 0x7FDD, 0x6F38,
    0x5A93, 0x398B, 0x3126, 0x5ED3, 0x6B15, 0x4A0E, 0x45CD, 0x45CE,
    0x4E11, 0x49F0, 0x4E11, 0x4A10, 0x4A10, 0x4A10, 0x4A10, 0x4E30,
    0x4A10, 0x4A11, 0x4A11, 0x4E11, 0x49CE, 0x4DCD, 0x6692, 0x49AA,
    0x3926, 0x5A4E, 0x6F13, 0x520E, 0x5231, 0x5233, 0x5254, 0x5254,
    0x5274, 0x5254, 0x5273, 0x5253, 0x5253, 0x5253, 0x5254, 0x5274,
    0x6B15, 0x66D4, 0x5E92, 0x45AA, 0x62B2, 0x66F4, 0x6F36, 0x5EB1,
    0x5A4D, 0x6F15, 0x7336, 0x7357, 0x6B16, 0x5AB2, 0x5ED3, 0x62F4,
    0x5ED3, 0x6715, 0x5AB2, 0x6B36, 0x6716, 0x6B36, 0x6F36, 0x6F13,
    0x45A9, 0x5E91, 0x6B14, 0x6AF3, 0x564D, 0x6AF3, 0x6F15, 0x62B3,
    0x5EB3, 0x62D4, 0x66F5, 0x66F5, 0x6715, 0x7378, 0x6B36, 0x6B38,
    0x5ED3, 0x6B37, 0x56B3, 0x1460, 0x24C5, 0x5230, 0x5250, 0x1C83,
    0x1464, 0x4A0F, 0x6F37, 0x2D28, 0x1844, 0x1866, 0x1866, 0x1465,
    0x1485, 0x1464, 0x1464, 0x1464, 0x1864, 0x1464, 0x1464, 0x1021,
    0x6F38, 0x5A71, 0x62B2, 0x520E, 0x66D4, 0x66F3, 0x5A90, 0x6F13,
    0x6F14, 0x66F3, 0x62D3, 0x5692, 0x5AB3, 0x5692, 0x5AB3, 0x5271,
    0x5671, 0x5EB3, 0x6717, 0x5ED4, 0x62D4, 0x66F4, 0x6F36, 0x66D3,
    0x4DEC, 0x562E, 0x62B2, 0x5A91, 0x62D3, 0x6B15, 0x5EB2, 0x5670,
    0x6715, 0x5ED4, 0x4E4F, 0x5692, 0x5AB3, 0x5271, 0x5AB3, 0x5EB3,
    0x5A92, 0x62F4, 0x5AB2, 0x5E91, 0x5E91, 0x520C, 0x5A4F, 0x5E90,
    0x5E91, 0x5A70, 0x66D2, 0x66B2, 0x5E92, 0x2908, 0x1463, 0x1464,
    0x1485, 0x1885, 0x1885, 0x1CA5, 0x1CA5, 0x1CA5, 0x1CA4, 0x20A4,
    0x2083, 0x2CE4, 0x5A2D, 0x4DAA, 0x2C82, 0x20A2, 0x20A1, 0x458A,
    0x6AD4, 0x2CC5, 0x24A4, 0x1C84, 0x1CA4, 0x18A4, 0x1884, 0x398B,
    0x5671, 0x5271, 0x4E2F, 0x5671, 0x5EB3, 0x5A70, 0x564F, 0x49CA,
    0x5A4E, 0x522D, 0x49EC, 0x522F, 0x45CB, 0x62B1, 0x564F, 0x49ED,
    0x45CD, 0x3DAC, 0x41EE, 0x45EE, 0x45EE, 0x45EE, 0x4A2F, 0x4A0F,
    0x4A0E, 0x4A0F, 0x45CD, 0x3D6A, 0x560D, 0x5E6F, 0x3506, 0x28A6,
    0x24C9, 0x28E7, 0x3D8B, 0x7337, 0x45AB, 0x28C6, 0x28E9, 0x290B,
    0x290A, 0x290A, 0x2509, 0x2909, 0x2909, 0x2909, 0x24E8, 0x28E7,
    0x2CE6, 0x4DED, 0x6AD3, 0x4DED, 0x2D06, 0x28E6, 0x20C5, 0x3149,
    0x6F59, 0x4E50, 0x24E6, 0x2908, 0x2D2A, 0x24E8, 0x314A, 0x5AB4,
    0x6F38, 0x779A, 0x7FDC, 0x7FDD, 0x7FFE, 0x7FDD, 0x6B37, 0x5AB2,
    0x7BDC, 0x6738, 0x356A, 0x2906, 0x62F4, 0x5ED3, 0x3DCB, 0x41ED,
    0x3149, 0x394B, 0x354B, 0x356C, 0x316C, 0x356C, 0x356C, 0x316C,
    0x316D, 0x356D, 0x354C, 0x394A, 0x4DED, 0x5E71, 0x45AA, 0x3D49,
    0x3529, 0x3105, 0x5E8F, 0x66D2, 0x3D29, 0x352A, 0x314B, 0x314B,
    0x2D4C, 0x314C, 0x314B, 0x314B, 0x356B, 0x314C, 0x314B, 0x354B,
    0x62B2, 0x4DCB, 0x4189, 0x5650, 0x6B16, 0x62D4, 0x66F5, 0x5E91,
    0x522E, 0x5A6F, 0x6AF4, 0x66D3, 0x62D4, 0x5AB3, 0x62D4, 0x66F5,
    0x6715, 0x66F5, 0x62F4, 0x5ED3, 0x6F57, 0x6714, 0x66D3, 0x4167,
    0x5A6F, 0x6715, 0x5EF5, 0x62D4, 0x62D3, 0x4E0D, 0x62B1, 0x6AF4,
    0x66D3, 0x6AF5, 0x5EB4, 0x62F5, 0x6316, 0x6315, 0x6717, 0x6716,
    0x6315, 0x6B36, 0x62F5, 0x358A, 0x5A72, 0x41CD, 0x1483, 0x1484,
    0x1468, 0x1886, 0x5671, 0x7358, 0x24C7, 0x1865, 0x1486, 0x1486,
    0x1486, 0x1485, 0x1485, 0x1484, 0x1484, 0x1484, 0x1085, 0x1042,
    0x62D4, 0x522D, 0x49EB, 0x5A70, 0x66D4, 0x6B15, 0x6F15, 0x5A70,
    0x5E90, 0x62B2, 0x66F4, 0x5AB3, 0x5691, 0x5AB3, 0x5ED3, 0x62D4,
    0x5ED4, 0x5ED4, 0x5271, 0x5AB3, 0x5AB3, 0x5A91, 0x5A70, 0x4188,
    0x562D, 0x62B2, 0x5A91, 0x62D4, 0x5A92, 0x5ED2, 0x6B15, 0x5670,
    0x5270, 0x5691, 0x5270, 0x5692, 0x5671, 0x6716, 0x5692, 0x5A92,
    0x5ED4, 0x66F5, 0x62D3, 0x6291, 0x49CB, 0x4E0D, 0x66F4, 0x66F5,
    0x5ED4, 0x62D4, 0x566F, 0x5E8F, 0x5E91, 0x66F6, 0x1883, 0x1484,
    0x1064, 0x1464, 0x1484, 0x1485, 0x1485, 0x1485, 0x1884, 0x1C82,
    0x2CE6, 0x560D, 0x4589, 0x1C62, 0x1884, 0x18A5, 0x1884, 0x1883,
    0x49CC, 0x6271, 0x2CE5, 0x1861, 0x1482, 0x1483, 0x1043, 0x4E51,
    0x66F6, 0x5ED4, 0x5AB3, 0x5ED3, 0x62D3, 0x62B2, 0x51EB, 0x520C,
    0x5A70, 0x5EB2, 0x5671, 0x5A92, 0x66D4, 0x560D, 0x5A4E, 0x66B1,
    0x5EB1, 0x5A91, 0x6716, 0x5692, 0x5ED3, 0x5691, 0x5A92, 0x5A92,
    0x5AB3, 0x5230, 0x5E71, 0x5A2E, 0x562E, 0x24C6, 0x1869, 0x1489,
    0x14A7, 0x14A7, 0x1885, 0x418B, 0x72F4, 0x418A, 0x1885, 0x18A8,
    0x18A8, 0x18A8, 0x1CC8, 0x18A8, 0x1CA7, 0x1CC7, 0x1CA6, 0x20A4,
    0x520E, 0x6ED3, 0x49CC, 0x2084, 0x1CA6, 0x18A7, 0x18A7, 0x1885,
    0x39AB, 0x7379, 0x4E30, 0x5672, 0x39AD, 0x24E7, 0x3DCD, 0x5AB4,
    0x6B38, 0x779A, 0x7FDD, 0x7FFD, 0x7FDD, 0x66F6, 0x564F, 0x7BBA,
    0x7FFD, 0x7BDE, 0x4E52, 0x20E7, 0x2507, 0x6716, 0x5EB3, 0x6F59,
    0x2506, 0x1863, 0x1884, 0x14A6, 0x18C9, 0x14AA, 0x18AB, 0x14AC,
    0x18CC, 0x20A8, 0x2CE7, 0x5A50, 0x5E72, 0x3128, 0x20A5, 0x1CA6,
    0x1CA6, 0x20A4, 0x20A2, 0x5A70, 0x62B2, 0x28E5, 0x1CA4, 0x1CA6,
    0x18A6, 0x1CC7, 0x1CC7, 0x1CC6, 0x1CC6, 0x1CC6, 0x20C7, 0x24C6,
    0x49CB, 0x49A9, 0x66D3, 0x62D4, 0x5AB3, 0x5692, 0x66F6, 0x62D3,
    0x7336, 0x562E, 0x5A50, 0x6AF4, 0x6B16, 0x5AB3, 0x5AD3, 0x5ED4,
    0x62D5, 0x62D5, 0x62F5, 0x6B36, 0x6B36, 0x522E, 0x3946, 0x5E90,
    0x6B15, 0x5AB3, 0x5EF5, 0x62D5, 0x5EB4, 0x62D3, 0x522D, 0x6290,
    0x6EF4, 0x66D3, 0x62D4, 0x5AB3, 0x5AB3, 0x6316, 0x6738, 0x6717,
    0x6717, 0x6B16, 0x66D4, 0x5630, 0x3D8B, 0x1483, 0x1084, 0x10A5,
    0x1489, 0x188A, 0x1C87, 0x5251, 0x6717, 0x24E8, 0x1887, 0x1489,
    0x1488, 0x1486, 0x1485, 0x1484, 0x1084, 0x1484, 0x1484, 0x20A2,
    0x520D, 0x522D, 0x6AF4, 0x6F15, 0x6B16, 0x5EB3, 0x66F5, 0x62B2,
    0x522D, 0x5E91, 0x62B1, 0x62D3, 0x62D3, 0x5AB3, 0x5AB4, 0x5292,
    0x5AB4, 0x5A93, 0x5AB3, 0x5EB3, 0x6F16, 0x5A70, 0x3D68, 0x62B2,
    0x5EB2, 0x66F5, 0x6B17, 0x5ED5, 0x62F5, 0x5AB3, 0x6715, 0x7379,
    0x5AB3, 0x5AB3, 0x5EB3, 0x5A92, 0x5692, 0x5AB3, 0x5692, 0x5272,
    0x5671, 0x62B2, 0x66B2, 0x4589, 0x564F, 0x62D3, 0x6736, 0x6B58,
    0x737A, 0x62F5, 0x5A91, 0x524E, 0x5A6F, 0x6AF5, 0x41ED, 0x1463,
    0x1464, 0x1484, 0x1484, 0x2529, 0x14A7, 0x1485, 0x1C83, 0x3928,
    0x520E, 0x3506, 0x2063, 0x1884, 0x14A5, 0x14A5, 0x1485, 0x1486,
    0x1864, 0x4DCD, 0x6A92, 0x2CC4, 0x1882, 0x1084, 0x1084, 0x5272,
    0x6716, 0x5ED4, 0x5ED4, 0x5A92, 0x5A71, 0x562E, 0x51EB, 0x520D,
    0x4E2F, 0x5ED4, 0x5A93, 0x5A93, 0x5ED4, 0x66D3, 0x5E90, 0x5E8F,
    0x7335, 0x5EB1, 0x5EB2, 0x6716, 0x62D4, 0x62F4, 0x62F5, 0x66F6,
    0x7359, 0x6F36, 0x49CA, 0x520D, 0x396B, 0x1888, 0x148B, 0x14AB,
    0x14A9, 0x14A9, 0x1888, 0x2085, 0x45AB, 0x6EF3, 0x41AB, 0x1C86,
    0x1C8A, 0x18A8, 0x18A8, 0x18A8, 0x18A8, 0x18A7, 0x20C4, 0x4E0B,
    0x6271, 0x3949, 0x2085, 0x1CA6, 0x18A8, 0x18A9, 0x18A8, 0x18A7,
    0x1885, 0x358B, 0x7379, 0x6F58, 0x5AB4, 0x2D28, 0x39AC, 0x5AB4,
    0x6B39, 0x779B, 0x7BBC, 0x7BBB, 0x62B3, 0x5250, 0x779A, 0x7FFC,
    0x7FFD, 0x7FFF, 0x5ED7, 0x24E8, 0x1484, 0x20C6, 0x5251, 0x6B37,
    0x6F58, 0x3DCC, 0x1885, 0x1088, 0x10CB, 0x10CD, 0x10AE, 0x14AE,
    0x1CAB, 0x3548, 0x6AB2, 0x5A50, 0x2CE9, 0x2088, 0x18A8, 0x18A9,
    0x18A8, 0x1CA7, 0x1CA6, 0x20A4, 0x522F, 0x62B2, 0x28E4, 0x1CA5,
    0x18A7, 0x18C6, 0x18C5, 0x18C7, 0x14C6, 0x18C5, 0x20A3, 0x3926,
    0x4DEB, 0x66D2, 0x66D4, 0x5AB3, 0x62F6, 0x5EB4, 0x5671, 0x62D4,
    0x6B15, 0x6AF3, 0x5A4E, 0x5A4E, 0x6AD3, 0x6AF4, 0x62D3, 0x6715,
    0x6716, 0x5ED5, 0x62F4, 0x7356, 0x4E0D, 0x3D67, 0x62D2, 0x5EB2,
    0x5ED4, 0x5AB3, 0x6716, 0x6716, 0x5AB3, 0x6F36, 0x6AF4, 0x4DEB,
    0x66B1, 0x6F15, 0x66F4, 0x62F5, 0x5EF4, 0x5EF5, 0x6737, 0x5AB3,
    0x66D5, 0x6292, 0x522D, 0x3127, 0x1462, 0x1484, 0x1485, 0x10A5,
    0x1469, 0x146E, 0x146D, 0x1867, 0x5673, 0x6B18, 0x2509, 0x186B,
    0x1488, 0x1485, 0x14A4, 0x14A4, 0x1484, 0x1463, 0x28A4, 0x4DCB,
    0x560C, 0x6B14, 0x6B36, 0x6716, 0x5EB3, 0x66F5, 0x62F5, 0x66F4,
    0x62B2, 0x520D, 0x6290, 0x66D2, 0x62B2, 0x5A92, 0x5693, 0x5AD4,
    0x5692, 0x5692, 0x62F5, 0x62B3, 0x4DEC, 0x4169, 0x5E70, 0x5EB2,
    0x5691, 0x5ED4, 0x5EB4, 0x5A93, 0x62F5, 0x62F5, 0x5692, 0x6B37,
    0x6B58, 0x5692, 0x62F5, 0x5AB3, 0x5692, 0x5AB3, 0x56B3, 0x5692,
    0x6F15, 0x5E70, 0x4589, 0x6291, 0x62B2, 0x62F5, 0x5AB3, 0x5AB3,
    0x5ED4, 0x5692, 0x5ED3, 0x5EB3, 0x522D, 0x562E, 0x7358, 0x41CD,
    0x1884, 0x1084, 0x14A4, 0x739B, 0x35AE, 0x1C64, 0x3928, 0x51EE,
    0x28C5, 0x1883, 0x1884, 0x1885, 0x18A5, 0x14A4, 0x14A5, 0x1088,
    0x1487, 0x1C62, 0x51CB, 0x6AB2, 0x30E6, 0x1462, 0x2949, 0x56D4,
    0x5EF5, 0x5692, 0x5E92, 0x520E, 0x49AA, 0x520D, 0x62B2, 0x5A91,
    0x5A92, 0x5271, 0x5272, 0x5271, 0x5692, 0x5271, 0x5A91, 0x562E,
    0x66D1, 0x66D3, 0x5690, 0x5250, 0x5AB4, 0x56B2, 0x56B2, 0x5673,
    0x4E0F, 0x49A9, 0x5A4D, 0x5650, 0x3DAF, 0x14A9, 0x10A9, 0x14A9,
    0x148A, 0x14AA, 0x14A9, 0x18A8, 0x1C85, 0x41AB, 0x6F15, 0x45CB,
    0x1C87, 0x18C8, 0x14AA, 0x1CAB, 0x1C89, 0x24E7, 0x524D, 0x5E6F,
    0x3108, 0x1CA8, 0x18A8, 0x18C8, 0x18A9, 0x18AA, 0x18AA, 0x18A9,
    0x18A8, 0x18A6, 0x3DCD, 0x779A, 0x5ED5, 0x1CC5, 0x2D49, 0x4E51,
    0x6717, 0x6F59, 0x777A, 0x5E71, 0x524F, 0x7BBA, 0x7FDC, 0x7BDC,
    0x7BDC, 0x77BD, 0x5ED7, 0x1486, 0x1485, 0x1464, 0x3DAD, 0x460E,
    0x7BBB, 0x460E, 0x1884, 0x1488, 0x14CB, 0x10ED, 0x14CD, 0x1CAA,
    0x3D8B, 0x6270, 0x4DEC, 0x20A8, 0x18AB, 0x1CAB, 0x18CB, 0x18CC,
    0x18CB, 0x18CB, 0x1CAA, 0x1CA8, 0x1CA6, 0x520D, 0x66B3, 0x3128,
    0x18A5, 0x18C5, 0x18C5, 0x18C8, 0x18A6, 0x1CC4, 0x45CA, 0x6ED1,
    0x6F15, 0x5E91, 0x62F4, 0x5AB3, 0x62F6, 0x5AB3, 0x5ED4, 0x5A93,
    0x5ED4, 0x6714, 0x6F14, 0x562C, 0x626E, 0x72F3, 0x6EF4, 0x66D3,
    0x5AB2, 0x5AB3, 0x6716, 0x4DEC, 0x4DAA, 0x62B1, 0x66F4, 0x5A92,
    0x5AB3, 0x5EF5, 0x5ED4, 0x62D5, 0x6716, 0x62D3, 0x62D3, 0x62B2,
    0x522E, 0x6F15, 0x66D3, 0x5EB2, 0x6715, 0x62F5, 0x5ED4, 0x6B15,
    0x66F4, 0x45CA, 0x5ED2, 0x1882, 0x1483, 0x1484, 0x1484, 0x1484,
    0x1088, 0x108F, 0x1471, 0x146D, 0x1868, 0x5A94, 0x6B38, 0x2109,
    0x1484, 0x14A3, 0x14A3, 0x1883, 0x1884, 0x28A4, 0x4DCB, 0x3D26,
    0x5E91, 0x62F5, 0x6B59, 0x6738, 0x62F5, 0x62F5, 0x5ED4, 0x62F4,
    0x5EB2, 0x6AF4, 0x562E, 0x62B1, 0x62D2, 0x5EB2, 0x5AB3, 0x5AB3,
    0x5EB3, 0x62D4, 0x66B3, 0x45CB, 0x4189, 0x62B2, 0x66F4, 0x5AB2,
    0x5ED4, 0x5AB3, 0x5EB4, 0x5251, 0x5693, 0x5A93, 0x5AB3, 0x4E2F,
    0x6B38, 0x7379, 0x5692, 0x5691, 0x5ED4, 0x5AB3, 0x62F5, 0x62D4,
    0x564F, 0x45AA, 0x66D3, 0x66F4, 0x62D4, 0x6B36, 0x62F5, 0x5EB4,
    0x62D5, 0x5A93, 0x62D4, 0x5EB3, 0x6F35, 0x5A70, 0x5A50, 0x7337,
    0x5693, 0x1083, 0x2108, 0x77BD, 0x396B, 0x416A, 0x49AC, 0x20A4,
    0x14A5, 0x14A5, 0x14A4, 0x14A5, 0x18A5, 0x14A5, 0x14A7, 0x10A9,
    0x1868, 0x2082, 0x2CC0, 0x55ED, 0x6EB3, 0x3105, 0x39AD, 0x5AF6,
    0x5293, 0x62B3, 0x562F, 0x4DAA, 0x562D, 0x5A6F, 0x5A91, 0x6716,
    0x5EB4, 0x62F5, 0x5AB3, 0x5671, 0x5271, 0x5272, 0x5250, 0x5E92,
    0x522E, 0x6AF5, 0x6F37, 0x4E51, 0x5AB3, 0x5271, 0x5671, 0x4E0E,
    0x45CB, 0x5A4F, 0x5E90, 0x5671, 0x4A32, 0x250B, 0x1488, 0x1489,
    0x1889, 0x14A9, 0x14A9, 0x14A9, 0x18AB, 0x188A, 0x41EE, 0x7398,
    0x462F, 0x14A7, 0x18CC, 0x1C8B, 0x2CEA, 0x5651, 0x5650, 0x24C7,
    0x1CAA, 0x18AB, 0x18CB, 0x18CB, 0x18AC, 0x18AD, 0x18AC, 0x18AB,
    0x18AA, 0x18A8, 0x292A, 0x39CD, 0x6B39, 0x5ED5, 0x2D27, 0x4E30,
    0x5A93, 0x5A72, 0x522F, 0x5650, 0x6B16, 0x7BBA, 0x779A, 0x77BB,
    0x77BB, 0x779B, 0x6B5A, 0x1CC8, 0x1486, 0x1485, 0x1483, 0x5ED5,
    0x737A, 0x6F59, 0x4A2F, 0x18A5, 0x18A9, 0x18CA, 0x20C9, 0x45AD,
    0x5610, 0x394B, 0x20CA, 0x1CCC, 0x18AD, 0x14ED, 0x14ED, 0x14ED,
    0x14CD, 0x18CD, 0x14AB, 0x18CB, 0x18AA, 0x20A8, 0x45CD, 0x62D3,
    0x3988, 0x20A4, 0x20A6, 0x20A6, 0x28A4, 0x522E, 0x6291, 0x458A,
    0x5A91, 0x5AB3, 0x6716, 0x5AB4, 0x4E50, 0x5ED4, 0x6F58, 0x66F6,
    0x62F6, 0x5EF4, 0x6714, 0x66F3, 0x5A6F, 0x6AB2, 0x7335, 0x6AF4,
    0x6B15, 0x62D3, 0x41AA, 0x4DEC, 0x6EF3, 0x6F36, 0x62D4, 0x6716,
    0x5ED5, 0x6716, 0x5EB4, 0x6715, 0x5671, 0x6B37, 0x5AB3, 0x62F4,
    0x66F4, 0x5A70, 0x66F3, 0x66F4, 0x62D3, 0x66F5, 0x66D4, 0x562E,
    0x45AA, 0x62B1, 0x7336, 0x1CA4, 0x1484, 0x1485, 0x1485, 0x1884,
    0x10A5, 0x108C, 0x0C71, 0x106F, 0x148C, 0x18AA, 0x56B4, 0x6B58,
    0x2527, 0x1883, 0x1885, 0x1C63, 0x30E5, 0x49AA, 0x30E5, 0x1C20,
    0x5ED4, 0x6738, 0x5EF6, 0x62F6, 0x62F6, 0x6717, 0x5AB3, 0x5EF5,
    0x5ED4, 0x5EB2, 0x5E92, 0x522D, 0x5EB1, 0x66D3, 0x62D3, 0x6AF5,
    0x6AF5, 0x62B3, 0x45AA, 0x49CB, 0x62D3, 0x5A92, 0x5AB3, 0x5EB4,
    0x5ED5, 0x62F5, 0x5A93, 0x5692, 0x5AB4, 0x5251, 0x5ED4, 0x5671,
    0x5691, 0x6716, 0x779B, 0x5ED4, 0x6B16, 0x66D4, 0x5EB2, 0x49EC,
    0x45CA, 0x5E90, 0x66F4, 0x66F5, 0x6716, 0x6715, 0x6737, 0x62D5,
    0x5EB4, 0x62F5, 0x62F5, 0x5EB3, 0x66F4, 0x6F36, 0x5E70, 0x5E70,
    0x5A71, 0x1861, 0x356B, 0x779B, 0x49AA, 0x414A, 0x1C67, 0x1487,
    0x14A6, 0x1486, 0x14A4, 0x18A5, 0x1886, 0x1887, 0x1888, 0x1489,
    0x1868, 0x20A3, 0x2CC0, 0x34C2, 0x4DAB, 0x6AD2, 0x5230, 0x5EB4,
    0x62B4, 0x49CB, 0x45AA, 0x5E70, 0x62B2, 0x5ED3, 0x5692, 0x5AB4,
    0x5ED4, 0x5693, 0x5ED4, 0x62D4, 0x62D4, 0x5AB4, 0x5A93, 0x6B37,
    0x6F57, 0x5AB2, 0x6736, 0x6F58, 0x5271, 0x5A93, 0x45CC, 0x45AA,
    0x5EB1, 0x62D3, 0x5ED3, 0x5AB3, 0x5693, 0x2D6C, 0x14A7, 0x1888,
    0x1889, 0x18AB, 0x18CC, 0x14CD, 0x14CF, 0x1CCF, 0x20EC, 0x3DCE,
    0x6F7A, 0x5274, 0x20C8, 0x3549, 0x5E51, 0x4DEF, 0x28CA, 0x1CCC,
    0x1CCE, 0x18CE, 0x18CC, 0x18AC, 0x18AD, 0x18AD, 0x18AC, 0x18AC,
    0x18AB, 0x18AA, 0x18A9, 0x1487, 0x20E8, 0x62F6, 0x6F58, 0x5EB3,
    0x66D4, 0x522F, 0x5E92, 0x779A, 0x5250, 0x7379, 0x7FDC, 0x7FFD,
    0x7FFE, 0x7FFE, 0x7BBE, 0x292B, 0x1487, 0x1485, 0x1483, 0x4A30,
    0x41EF, 0x398B, 0x7359, 0x5693, 0x20C6, 0x2CE8, 0x49CE, 0x51EF,
    0x2CEA, 0x1CCD, 0x18EF, 0x1CEE, 0x18EE, 0x10EE, 0x10EE, 0x14EE,
    0x14EE, 0x18CD, 0x18CD, 0x18CC, 0x18CC, 0x1CCA, 0x1CA8, 0x398A,
    0x6F14, 0x49CD, 0x24A5, 0x3126, 0x6271, 0x5A70, 0x3127, 0x20A5,
    0x5ED3, 0x5AB3, 0x5692, 0x5AB3, 0x5692, 0x5AB3, 0x5A92, 0x62D4,
    0x5A92, 0x5ED4, 0x56B2, 0x56B2, 0x62F5, 0x5ED4, 0x66F3, 0x7335,
    0x6290, 0x4148, 0x520E, 0x6F15, 0x5A91, 0x6716, 0x5ED4, 0x5ED4,
    0x62F5, 0x5AB3, 0x62F5, 0x6B16, 0x5A92, 0x62F4, 0x5AD4, 0x56B3,
    0x5AB3, 0x66F4, 0x5A90, 0x7377, 0x7356, 0x62B2, 0x522E, 0x45AA,
    0x7777, 0x6F36, 0x6717, 0x1884, 0x1085, 0x1085, 0x10A5, 0x10A5,
    0x1086, 0x108C, 0x086F, 0x108D, 0x4A78, 0x4635, 0x252C, 0x5AB3,
    0x6F59, 0x358A, 0x1C42, 0x3507, 0x4989, 0x30C3, 0x1862, 0x1463,
    0x5ED6, 0x6717, 0x6F58, 0x62D4, 0x5A92, 0x5693, 0x5AB4, 0x6B58,
    0x6F58, 0x5ED3, 0x5EB3, 0x66F4, 0x4E2D, 0x6B15, 0x6B14, 0x6AF4,
    0x6AD4, 0x3947, 0x49CA, 0x5E91, 0x6F36, 0x5ED4, 0x5ED5, 0x5ED5,
    0x5ED5, 0x62F5, 0x5AB3, 0x5AB4, 0x66F6, 0x5A93, 0x5271, 0x5671,
    0x62F4, 0x5692, 0x6715, 0x7379, 0x5EB3, 0x6AF5, 0x4E0D, 0x45CA,
    0x66F3, 0x62B2, 0x5AB2, 0x62F5, 0x5ED5, 0x62F6, 0x5AB3, 0x5A93,
    0x62D5, 0x5AB4, 0x6716, 0x6716, 0x5ED3, 0x62D4, 0x6AF4, 0x66D3,
    0x6270, 0x4DCC, 0x3928, 0x560F, 0x3525, 0x1C65, 0x148B, 0x108A,
    0x1888, 0x1C87, 0x14A6, 0x14A6, 0x1488, 0x1489, 0x188A, 0x1869,
    0x1486, 0x1CA3, 0x2CA1, 0x3902, 0x20A0, 0x45CB, 0x72F6, 0x6250,
    0x49A9, 0x4DEC, 0x5690, 0x5AB3, 0x5692, 0x5AB4, 0x5EB4, 0x5693,
    0x5ED5, 0x62F5, 0x62F5, 0x62D4, 0x5671, 0x5693, 0x5271, 0x5AB2,
    0x62F4, 0x6F57, 0x6715, 0x62F5, 0x6F37, 0x3D8A, 0x522E, 0x66D3,
    0x62D2, 0x62F5, 0x5AB3, 0x5692, 0x4E50, 0x39AE, 0x18A8, 0x1489,
    0x148A, 0x18AB, 0x188C, 0x14AD, 0x14CC, 0x14CB, 0x18CC, 0x20CD,
    0x358D, 0x737A, 0x5A50, 0x5A4D, 0x4189, 0x20A8, 0x1CAC, 0x18AD,
    0x18AC, 0x18AC, 0x18CC, 0x1CAB, 0x1CAB, 0x1CAB, 0x18AB, 0x18AB,
    0x18AB, 0x18AA, 0x14A9, 0x14A8, 0x14A7, 0x2D4A, 0x5671, 0x66F4,
    0x4E0D, 0x5670, 0x7FDB, 0x7BBB, 0x5ED4, 0x779A, 0x7FFD, 0x7FFE,
    0x7FFE, 0x7FFE, 0x7BBE, 0x294C, 0x1068, 0x1085, 0x14A4, 0x1484,
    0x1885, 0x1CA3, 0x314A, 0x6B38, 0x5E91, 0x4DEC, 0x418C, 0x24AA,
    0x18CD, 0x14F0, 0x14EF, 0x18ED, 0x1CED, 0x190F, 0x18EF, 0x18ED,
    0x18ED, 0x18ED, 0x1CED, 0x1CED, 0x18CC, 0x18EB, 0x1CCB, 0x20C8,
    0x396A, 0x6EF6, 0x5650, 0x66B0, 0x49ED, 0x20C5, 0x1CC6, 0x1CC6,
    0x5ED3, 0x5691, 0x5ED3, 0x66F5, 0x6B16, 0x5ED4, 0x62D4, 0x6B15,
    0x5A92, 0x5ED4, 0x5EF4, 0x6316, 0x56B3, 0x5EF5, 0x62F3, 0x62B1,
    0x3926, 0x5A0E, 0x66B2, 0x5A92, 0x62F5, 0x5693, 0x62F5, 0x62F5,
    0x6716, 0x5ED4, 0x5AB3, 0x62F5, 0x62D4, 0x62F5, 0x5ED4, 0x5AD4,
    0x62F5, 0x62F4, 0x62D4, 0x62D3, 0x6F57, 0x45CB, 0x4E0C, 0x6AF4,
    0x66F5, 0x6716, 0x62F6, 0x1CC5, 0x1862, 0x1882, 0x1483, 0x1483,
    0x1467, 0x2530, 0x4259, 0x35F4, 0x5F1B, 0x635D, 0x633C, 0x3DF1,
    0x5694, 0x7799, 0x49EB, 0x4589, 0x28A4, 0x1C63, 0x1484, 0x0C64,
    0x5AD5, 0x6716, 0x62D3, 0x5A91, 0x62F5, 0x62F5, 0x5ED4, 0x5ED4,
    0x6716, 0x5ED3, 0x5EB3, 0x5A92, 0x5A91, 0x522E, 0x66D3, 0x5E70,
    0x3946, 0x522E, 0x5EB2, 0x5EB3, 0x5EB3, 0x5692, 0x5AB4, 0x6717,
    0x62D5, 0x62F5, 0x5A93, 0x5A93, 0x5AB3, 0x62D5, 0x5A92, 0x5ED3,
    0x62D4, 0x5A92, 0x5ED4, 0x5ED4, 0x6F36, 0x4188, 0x564E, 0x5A90,
    0x66F5, 0x5ED4, 0x5EB3, 0x5ED4, 0x5ED4, 0x66F5, 0x62D4, 0x62F5,
    0x5AB4, 0x5AB4, 0x62F5, 0x6B37, 0x6736, 0x5ED4, 0x6B16, 0x6B16,
    0x5A50, 0x5E0E, 0x4969, 0x5A91, 0x1882, 0x1486, 0x1089, 0x108A,
    0x148A, 0x1489, 0x0CA7, 0x08A8, 0x08CA, 0x08AB, 0x0C8A, 0x1489,
    0x1084, 0x1CA0, 0x30E0, 0x3D40, 0x24E0, 0x1CA0, 0x4DAA, 0x4D88,
    0x560C, 0x5A90, 0x5AB3, 0x56B3, 0x56B4, 0x4E72, 0x5AB4, 0x5AB3,
    0x5ED4, 0x5AB4, 0x5693, 0x5A92, 0x66F5, 0x6716, 0x7379, 0x7799,
    0x7BBB, 0x7779, 0x6F37, 0x6F36, 0x3547, 0x49EB, 0x7B98, 0x7B99,
    0x6F58, 0x6B58, 0x6F58, 0x7399, 0x66F5, 0x5252, 0x316E, 0x148A,
    0x10AC, 0x10AB, 0x14AC, 0x14CD, 0x14CA, 0x14C9, 0x14CB, 0x18AC,
    0x1CAA, 0x3D69, 0x520B, 0x4189, 0x1CA8, 0x18CB, 0x18CC, 0x18CC,
    0x18CC, 0x18CC, 0x18CC, 0x18CB, 0x18CA, 0x18CA, 0x18CA, 0x18AA,
    0x18AA, 0x18AA, 0x18AA, 0x18A9, 0x14A9, 0x316D, 0x3149, 0x41AA,
    0x5E91, 0x7378, 0x7FFC, 0x7FFE, 0x7FFE, 0x7FFE, 0x7FFD, 0x7FFD,
    0x7FFE, 0x7FFE, 0x7BDE, 0x2D6E, 0x1489, 0x1086, 0x14A4, 0x14A5,
    0x1886, 0x18A4, 0x1C84, 0x3527, 0x45A8, 0x41A9, 0x20AA, 0x18CE,
    0x14F0, 0x10F0, 0x14EF, 0x150D, 0x190E, 0x18EF, 0x1CEE, 0x18ED,
    0x1D0D, 0x1D0D, 0x1D0D, 0x1D0D, 0x18EC, 0x18CB, 0x1CED, 0x20CC,
    0x28E9, 0x3D8A, 0x520C, 0x4188, 0x1CA5, 0x1CC6, 0x18C7, 0x1CE7,
    0x5EB3, 0x62D4, 0x5EB3, 0x62D4, 0x5EB2, 0x5AB3, 0x6716, 0x5670,
    0x5EB2, 0x66F4, 0x62D4, 0x6715, 0x5ED3, 0x5EB2, 0x6AF4, 0x3105,
    0x45CB, 0x66D3, 0x62B3, 0x6716, 0x5693, 0x5692, 0x5ED4, 0x5EB3,
    0x5A92, 0x5ED4, 0x5ED4, 0x5ED5, 0x5AB3, 0x5ED4, 0x5ED4, 0x5ED4,
    0x5692, 0x5ED4, 0x62F5, 0x62F5, 0x3D88, 0x3D88, 0x6AF3, 0x6B15,
    0x5AB4, 0x62D4, 0x7336, 0x55EC, 0x3881, 0x3840, 0x3CA2, 0x3482,
    0x2084, 0x3DF4, 0x52DC, 0x4EDA, 0x52F9, 0x5F3D, 0x5F5D, 0x35D1,
    0x1483, 0x4A0C, 0x3D67, 0x2082, 0x1885, 0x1485, 0x1084, 0x0863,
    0x5AB4, 0x6B16, 0x5EB2, 0x5EF5, 0x62F5, 0x6B36, 0x62F5, 0x62F5,
    0x5EF4, 0x5ED4, 0x5ED4, 0x6717, 0x5AB3, 0x5A91, 0x520D, 0x3104,
    0x5E70, 0x66D3, 0x62F4, 0x5ED4, 0x5692, 0x5EB4, 0x62D5, 0x62D5,
    0x5ED4, 0x62F5, 0x62D5, 0x5A93, 0x5672, 0x5672, 0x5AB3, 0x5ED4,
    0x5EB3, 0x5ED4, 0x5AB3, 0x6B36, 0x3126, 0x520C, 0x6F14, 0x62D3,
    0x5ED3, 0x5EF5, 0x5ED5, 0x62F5, 0x66F5, 0x6B16, 0x6716, 0x5AB3,
    0x5ED5, 0x5AB4, 0x5EB4, 0x62F5, 0x6B16, 0x6F58, 0x5AD5, 0x6316,
    0x5671, 0x2CC3, 0x520C, 0x3DAB, 0x1465, 0x1885, 0x1885, 0x1489,
    0x1530, 0x1991, 0x25F2, 0x2E75, 0x2EB8, 0x3ADA, 0x3A78, 0x216D,
    0x1482, 0x2901, 0x45E3, 0x66EB, 0x6AEA, 0x62A8, 0x3103, 0x566D,
    0x6B14, 0x5EB3, 0x5A94, 0x5A94, 0x5ED4, 0x6315, 0x6F58, 0x6B37,
    0x5ED5, 0x6B38, 0x6B38, 0x5EB4, 0x62F5, 0x62D4, 0x6B37, 0x6F58,
    0x6B58, 0x7359, 0x7359, 0x6AF5, 0x3947, 0x7333, 0x7777, 0x7B9B,
    0x7BBD, 0x7BBC, 0x7379, 0x7358, 0x7778, 0x735A, 0x5277, 0x2951,
    0x14EF, 0x10F0, 0x14F0, 0x1910, 0x1CF0, 0x1CF0, 0x14CF, 0x18EF,
    0x18EF, 0x3168, 0x7353, 0x6F58, 0x20D0, 0x18F0, 0x14ED, 0x1CEE,
    0x14CD, 0x14CD, 0x18CE, 0x18CD, 0x14CB, 0x18C9, 0x1CC9, 0x18CA,
    0x18AA, 0x18AA, 0x18AA, 0x1889, 0x14AA, 0x358F, 0x398C, 0x62D3,
    0x7378, 0x7BBB, 0x7FFD, 0x7FFE, 0x7FFE, 0x7FFD, 0x7FFE, 0x7FFE,
    0x7FFE, 0x7FFE, 0x7BDF, 0x316F, 0x148A, 0x1086, 0x1084, 0x14A5,
    0x14A7, 0x18A5, 0x1CA3, 0x2CC1, 0x6690, 0x66F6, 0x18CC, 0x1110,
    0x110E, 0x14EE, 0x18EF, 0x1510, 0x190F, 0x1D0E, 0x1D0E, 0x190E,
    0x190E, 0x1D0E, 0x1D2E, 0x190D, 0x18EC, 0x18CC, 0x1CCD, 0x1CCD,
    0x250A, 0x39A8, 0x7797, 0x5EB4, 0x20A6, 0x1CC7, 0x1CC7, 0x1CC6,
    0x5AB2, 0x66F4, 0x6B16, 0x6F36, 0x66F5, 0x5ED4, 0x5AB3, 0x5EF5,
    0x62F4, 0x6B16, 0x62D3, 0x5ED3, 0x62F4, 0x5AB2, 0x5A70, 0x522E,
    0x7336, 0x62D2, 0x62F4, 0x62F6, 0x5EF6, 0x5AB3, 0x5EB3, 0x5ED4,
    0x5ED4, 0x5692, 0x5272, 0x5ED5, 0x62D5, 0x62F5, 0x5692, 0x62F5,
    0x62F5, 0x62F5, 0x62F5, 0x62D4, 0x41CB, 0x6F35, 0x6F35, 0x62F5,
    0x6B59, 0x62F4, 0x7314, 0x766E, 0x6943, 0x64E0, 0x75A8, 0x75EA,
    0x620D, 0x3590, 0x52BB, 0x4EBB, 0x4EDA, 0x635F, 0x675D, 0x31AF,
    0x1062, 0x3568, 0x6737, 0x3DAD, 0x1C63, 0x2042, 0x2441, 0x1C21,
    0x5A93, 0x5EB2, 0x5A91, 0x5EF4, 0x62F5, 0x62F5, 0x5ED4, 0x6B36,
    0x62F5, 0x5692, 0x62F5, 0x5293, 0x62F5, 0x62D3, 0x3968, 0x5EB2,
    0x6B14, 0x5A91, 0x5ED4, 0x5AB3, 0x5AD5, 0x5AB3, 0x62F5, 0x62D5,
    0x62F5, 0x5AB3, 0x5693, 0x5ED4, 0x5271, 0x62D5, 0x62D4, 0x5EB3,
    0x5ED4, 0x62F5, 0x62F5, 0x5AB2, 0x522E, 0x7355, 0x66F3, 0x6716,
    0x5EF5, 0x5ED5, 0x5AB4, 0x5EB4, 0x6B16, 0x66F5, 0x5ED4, 0x62D5,
    0x5A93, 0x6B38, 0x62F5, 0x62F6, 0x66F5, 0x62F6, 0x5EF7, 0x5AD5,
    0x5692, 0x45CA, 0x7F98, 0x66F6, 0x1487, 0x1884, 0x1843, 0x106B,
    0x2A58, 0x2ED9, 0x1A13, 0x1A37, 0x32BA, 0x32D9, 0x2EB8, 0x5315,
    0x66C8, 0x7745, 0x7FC8, 0x7BAD, 0x7FCE, 0x6F45, 0x3D66, 0x7335,
    0x7778, 0x6F37, 0x5ED5, 0x5ED5, 0x5AB3, 0x5AB3, 0x62F5, 0x62F5,
    0x5ED5, 0x5ED4, 0x62F6, 0x5AB4, 0x5EB4, 0x5A93, 0x5EB4, 0x6316,
    0x6316, 0x6B37, 0x6AF6, 0x6AD4, 0x560C, 0x7733, 0x6F14, 0x66F5,
    0x62D5, 0x6316, 0x6716, 0x6715, 0x6B16, 0x6717, 0x4E74, 0x294E,
    0x14CD, 0x14CF, 0x14AE, 0x18CF, 0x1CF0, 0x1CD0, 0x18D0, 0x18D0,
    0x1CEF, 0x2D69, 0x7375, 0x6715, 0x2911, 0x2554, 0x1D51, 0x1D52,
    0x1D32, 0x1CF2, 0x18F2, 0x18F0, 0x14EE, 0x14EC, 0x18CC, 0x18AC,
    0x1CAB, 0x18AA, 0x18AA, 0x18AA, 0x10AA, 0x318F, 0x356B, 0x6B14,
    0x7B98, 0x7799, 0x7FFD, 0x7FFE, 0x7FFE, 0x7FFE, 0x7FFE, 0x7FFE,
    0x7FFE, 0x7FFF, 0x7BBE, 0x294E, 0x1089, 0x1465, 0x1883, 0x1883,
    0x1484, 0x18A2, 0x20A3, 0x3906, 0x7755, 0x5E91, 0x1D0C, 0x110F,
    0x10EF, 0x14EF, 0x18F0, 0x1910, 0x150D, 0x190E, 0x14EE, 0x190E,
    0x190E, 0x18EE, 0x190F, 0x190D, 0x190C, 0x1D0D, 0x1CED, 0x18CC,
    0x20E9, 0x39A8, 0x7796, 0x5AB2, 0x20C7, 0x1CC7, 0x1CC7, 0x20C7,
    0x62F5, 0x6716, 0x62D4, 0x62F4, 0x62F5, 0x62D4, 0x62D4, 0x5ED3,
    0x6B57, 0x5ED4, 0x5692, 0x5ED4, 0x62F5, 0x6B36, 0x62B2, 0x6291,
    0x6AF3, 0x62D1, 0x566F, 0x5671, 0x5AB3, 0x5672, 0x5692, 0x5A92,
    0x5AB3, 0x5ED4, 0x6B37, 0x62F6, 0x5ED4, 0x62F5, 0x5AB3, 0x5692,
    0x6717, 0x66F5, 0x5AB2, 0x62D3, 0x66F4, 0x7356, 0x62D2, 0x5ED4,
    0x6717, 0x6B57, 0x7335, 0x728F, 0x6522, 0x68E0, 0x7544, 0x79A7,
    0x6E0D, 0x312D, 0x529B, 0x5AFD, 0x56FB, 0x677F, 0x671B, 0x5EB6,
    0x2D07, 0x5670, 0x7BBA, 0x3149, 0x3061, 0x50A1, 0x6104, 0x61CB,
    0x6AD3, 0x5AB3, 0x5ED4, 0x5AB3, 0x5692, 0x62F5, 0x5ED4, 0x5AB3,
    0x6716, 0x62F5, 0x6716, 0x5ED5, 0x5A93, 0x5EB3, 0x4E0E, 0x7357,
    0x5EB2, 0x5AB2, 0x5EB3, 0x6716, 0x5693, 0x5AB3, 0x5A93, 0x5A92,
    0x5ED4, 0x5ED4, 0x5AB3, 0x5ED4, 0x62F5, 0x5EB3, 0x66F5, 0x5EB4,
    0x5AB4, 0x5EB3, 0x62D4, 0x6AF4, 0x5A91, 0x6F35, 0x5EB1, 0x5A92,
    0x62F5, 0x6716, 0x62F6, 0x5A93, 0x5ED4, 0x62F5, 0x5ED4, 0x5ED4,
    0x5EB4, 0x62F5, 0x6717, 0x5AD4, 0x6316, 0x6717, 0x5ED5, 0x5ED5,
    0x62F5, 0x520E, 0x7B57, 0x62F3, 0x18A4, 0x3DC4, 0x5644, 0x2D24,
    0x19B0, 0x3F1B, 0x32B8, 0x1617, 0x2E99, 0x3AFA, 0x36D9, 0x5F33,
    0x66A2, 0x7740, 0x7FE1, 0x7BAB, 0x7FEE, 0x7784, 0x5A4C, 0x7336,
    0x6F15, 0x62D4, 0x5672, 0x5EB4, 0x5ED5, 0x5AB3, 0x5EB4, 0x5A93,
    0x5ED4, 0x5692, 0x5AB4, 0x4E31, 0x5A93, 0x5693, 0x4E51, 0x5292,
    0x5AD4, 0x5250, 0x5651, 0x5A4F, 0x6AB2, 0x5A2D, 0x66B1, 0x5A6F,
    0x5250, 0x5EB4, 0x5EB4, 0x5ED4, 0x62D5, 0x5AB4, 0x4A31, 0x250A,
    0x148A, 0x14AA, 0x14AA, 0x14AA, 0x14AA, 0x14CA, 0x18CA, 0x18AB,
    0x20C9, 0x5EF4, 0x7398, 0x6F57, 0x4E53, 0x1CED, 0x1D0F, 0x1910,
    0x1D31, 0x1D32, 0x1D31, 0x1D31, 0x1910, 0x18EF, 0x18CD, 0x18CC,
    0x1CAB, 0x18AA, 0x18AB, 0x18CC, 0x18CA, 0x358E, 0x5250, 0x7778,
    0x7778, 0x7BBA, 0x7FFD, 0x7FFE, 0x7FFE, 0x7FFE, 0x7FFE, 0x7FFE,
    0x7FFF, 0x7FFF, 0x7BDD, 0x35F0, 0x1D07, 0x4609, 0x3DA3, 0x45E3,
    0x5243, 0x6B0A, 0x3142, 0x6ACF, 0x6AB0, 0x6EF3, 0x522F, 0x20EC,
    0x1CF0, 0x14F0, 0x1511, 0x18EF, 0x18CE, 0x14ED, 0x14EE, 0x190E,
    0x190E, 0x1D0F, 0x190F, 0x190E, 0x18ED, 0x14EC, 0x18ED, 0x20EB,
    0x2D29, 0x6F15, 0x6B14, 0x7776, 0x41EC, 0x20C8, 0x1CC9, 0x1CC8,
    0x62F5, 0x5ED4, 0x6716, 0x6B37, 0x62F5, 0x62D4, 0x5EB3, 0x6715,
    0x5ED4, 0x62F5, 0x5ED4, 0x6716, 0x5A92, 0x62D3, 0x520D, 0x6290,
    0x5A6E, 0x62B1, 0x5E91, 0x5E92, 0x5E92, 0x5AB4, 0x6716, 0x5ED5,
    0x5ED4, 0x5AB3, 0x5272, 0x4E30, 0x5ED4, 0x62D5, 0x5692, 0x5A92,
    0x6716, 0x66F5, 0x66D4, 0x5A70, 0x5E91, 0x5ED1, 0x7356, 0x5EB2,
    0x66F5, 0x62D5, 0x62D4, 0x55EB, 0x5D45, 0x6D02, 0x7543, 0x7984,
    0x71EC, 0x3D6E, 0x529A, 0x5F1D, 0x52D9, 0x6F9E, 0x671A, 0x6F16,
    0x5E30, 0x72F4, 0x66F4, 0x6B15, 0x5988, 0x68C1, 0x74E1, 0x71E9,
    0x6ED2, 0x6315, 0x6737, 0x6717, 0x66F6, 0x6717, 0x62F6, 0x6716,
    0x5692, 0x5AB3, 0x5ED4, 0x5672, 0x62D4, 0x62B3, 0x5E91, 0x5EB1,
    0x6F36, 0x5A90, 0x62D3, 0x62D4, 0x5ED4, 0x5AB3, 0x6717, 0x5AB3,
    0x5EB3, 0x62D4, 0x62D4, 0x5AB3, 0x5ED4, 0x5AB3, 0x5A92, 0x62F6,
    0x5ED5, 0x62D4, 0x5A70, 0x5A4F, 0x62B1, 0x524E, 0x6B15, 0x66F4,
    0x62B3, 0x5A92, 0x6717, 0x5ED5, 0x5693, 0x5ED4, 0x5AD3, 0x62F5,
    0x6716, 0x62F6, 0x62F6, 0x5ED5, 0x56D3, 0x5ED4, 0x66F6, 0x66F5,
    0x62B3, 0x6EF4, 0x49CA, 0x7799, 0x6F78, 0x77B5, 0x62A7, 0x5A63,
    0x18E7, 0x4EFC, 0x3EFC, 0x1217, 0x1E57, 0x2EB9, 0x3AB8, 0x62F0,
    0x5E20, 0x7720, 0x7FE1, 0x7789, 0x7FF0, 0x6F27, 0x6ED0, 0x66D5,
    0x5651, 0x66D4, 0x62B4, 0x66D4, 0x5EB3, 0x5272, 0x62D5, 0x5AB4,
    0x62F6, 0x6717, 0x62F5, 0x5AB3, 0x5AB4, 0x5271, 0x6716, 0x5272,
    0x5A93, 0x6F16, 0x562F, 0x5E70, 0x6291, 0x62B2, 0x4E0D, 0x62D2,
    0x5E92, 0x5E92, 0x5EB4, 0x62D5, 0x5EB4, 0x5ED3, 0x5272, 0x39AE,
    0x18AA, 0x14A9, 0x14A8, 0x14A8, 0x14C9, 0x18C9, 0x1CA7, 0x20C4,
    0x62B2, 0x7357, 0x3169, 0x3DAC, 0x7357, 0x4E2F, 0x1CA9, 0x18AB,
    0x18CB, 0x14CB, 0x14CC, 0x14CC, 0x18CD, 0x1CAE, 0x20AD, 0x1CCA,
    0x18C9, 0x14AA, 0x18AB, 0x18AB, 0x1887, 0x4E0F, 0x7358, 0x62D5,
    0x5A94, 0x6B38, 0x7FDC, 0x7FFD, 0x7BBB, 0x7FFD, 0x7FFD, 0x7FFE,
    0x7FFE, 0x7FFE, 0x77DE, 0x4ED6, 0x466F, 0x5EA9, 0x5641, 0x5640,
    0x6262, 0x4DE3, 0x5629, 0x6F2D, 0x4DC8, 0x4547, 0x6EB3, 0x5610,
    0x24CC, 0x1911, 0x1511, 0x18EF, 0x18CE, 0x190E, 0x1D0E, 0x1D0E,
    0x1D0E, 0x1D0E, 0x18EF, 0x18EF, 0x1D0F, 0x190E, 0x1CED, 0x290A,
    0x5E72, 0x66B4, 0x2D07, 0x3D89, 0x7334, 0x45CD, 0x1CC9, 0x18E9,
    0x5EB3, 0x5692, 0x5AB3, 0x5AD4, 0x5692, 0x5AB3, 0x5671, 0x5ED3,
    0x5AB2, 0x5A92, 0x5AB4, 0x5230, 0x6292, 0x49CB, 0x520C, 0x66D3,
    0x5E90, 0x564E, 0x5E70, 0x6291, 0x62B2, 0x5EB4, 0x5ED4, 0x62F6,
    0x5AB4, 0x5ED4, 0x5ED4, 0x5AB3, 0x5ED4, 0x6715, 0x66F5, 0x5A92,
    0x5E92, 0x5E71, 0x522E, 0x5A6F, 0x62D2, 0x5A90, 0x5A90, 0x66F4,
    0x5EB2, 0x66D5, 0x6B37, 0x3127, 0x4D05, 0x6104, 0x7123, 0x7561,
    0x6DCA, 0x49B0, 0x56BA, 0x52BA, 0x3A13, 0x5AF9, 0x66F7, 0x6EF4,
    0x6A91, 0x6E71, 0x55EE, 0x5E2F, 0x72F2, 0x4CE3, 0x6D03, 0x6DEB,
    0x6EF4, 0x4E71, 0x6317, 0x5A93, 0x6B17, 0x62F5, 0x6B38, 0x5693,
    0x62F6, 0x5693, 0x5ED3, 0x5250, 0x5EB3, 0x4E2E, 0x524E, 0x564E,
    0x564E, 0x62D2, 0x66D3, 0x62B3, 0x66F5, 0x62F5, 0x5ED4, 0x5AB3,
    0x62F5, 0x6B16, 0x5A92, 0x5AB3, 0x5AB3, 0x62F6, 0x5EB4, 0x5AB3,
    0x5EB4, 0x66D4, 0x4DEC, 0x560D, 0x6291, 0x5EB2, 0x524F, 0x66B2,
    0x6292, 0x62D4, 0x62D4, 0x5EB4, 0x5AB4, 0x5AB3, 0x5692, 0x5AB3,
    0x5ED4, 0x5ED5, 0x66F6, 0x5ED5, 0x5293, 0x6716, 0x66F4, 0x66D3,
    0x5A2E, 0x3506, 0x628D, 0x6B15, 0x7378, 0x7FDC, 0x6B13, 0x6286,
    0x524B, 0x2DD2, 0x3EDC, 0x1237, 0x1A99, 0x1A59, 0x3E97, 0x66CF,
    0x6EA0, 0x7300, 0x7FC2, 0x7B87, 0x732D, 0x6288, 0x4166, 0x41AD,
    0x62D5, 0x4DEE, 0x6292, 0x6AD4, 0x5E72, 0x62B4, 0x5A94, 0x5A93,
    0x5EF5, 0x5693, 0x62F5, 0x5693, 0x5692, 0x56B3, 0x5AB3, 0x5671,
    0x5671, 0x5E91, 0x520C, 0x5A4F, 0x5A72, 0x5EB2, 0x5670, 0x49EC,
    0x6291, 0x5E70, 0x66F5, 0x62D4, 0x62F5, 0x62F4, 0x5ED4, 0x4E52,
    0x24EB, 0x148B, 0x14AA, 0x14AA, 0x18AB, 0x1CAA, 0x20A6, 0x564F,
    0x7335, 0x3129, 0x1CC9, 0x1CC7, 0x3569, 0x6F15, 0x5230, 0x20A6,
    0x1CC7, 0x18C9, 0x18CA, 0x18CB, 0x1CCA, 0x20AB, 0x1CAC, 0x18C9,
    0x18CA, 0x18CB, 0x18AA, 0x1C86, 0x41AA, 0x6F15, 0x5652, 0x45F1,
    0x4611, 0x356B, 0x6B37, 0x7FFD, 0x7FFC, 0x7FFD, 0x7FFD, 0x7FFE,
    0x7FFE, 0x7FFE, 0x77BE, 0x4A94, 0x4E6B, 0x5663, 0x5640, 0x5A23,
    0x4961, 0x5E2C, 0x72EF, 0x6F0A, 0x5A48, 0x4147, 0x38C7, 0x6292,
    0x5651, 0x20ED, 0x1D10, 0x190F, 0x1D0F, 0x1D0F, 0x1D0F, 0x1D0E,
    0x1D2E, 0x190E, 0x190F, 0x190F, 0x1D0F, 0x1D0D, 0x250B, 0x5651,
    0x5E73, 0x310B, 0x290B, 0x210A, 0x418C, 0x7356, 0x4A2D, 0x20C7,
    0x66D3, 0x5250, 0x5692, 0x5693, 0x5692, 0x5ED4, 0x5691, 0x5691,
    0x62F4, 0x5A92, 0x5EB3, 0x5A70, 0x49CB, 0x562E, 0x66D4, 0x6B16,
    0x6B15, 0x6B14, 0x4E0D, 0x5E70, 0x66B2, 0x5650, 0x5A92, 0x5ED4,
    0x5AB3, 0x5ED4, 0x5AB2, 0x6716, 0x5AD3, 0x62F4, 0x6B15, 0x62B2,
    0x66D4, 0x562E, 0x49EC, 0x5E91, 0x5EB2, 0x62D3, 0x66F4, 0x4E2E,
    0x5E92, 0x62B3, 0x6AF5, 0x4DAB, 0x2C20, 0x50E5, 0x6524, 0x79A5,
    0x6DA9, 0x4DF1, 0x52BA, 0x56FB, 0x52F8, 0x56D6, 0x6F37, 0x666F,
    0x6EF3, 0x6AB3, 0x4149, 0x518A, 0x622D, 0x6E8F, 0x48C4, 0x5DEE,
    0x6273, 0x5673, 0x5AB3, 0x5691, 0x5291, 0x5ED4, 0x5271, 0x5ED4,
    0x5271, 0x5671, 0x5250, 0x5EB2, 0x49EC, 0x45EC, 0x5A91, 0x5A70,
    0x524F, 0x45EB, 0x5E91, 0x62B3, 0x5A71, 0x66F6, 0x5ED4, 0x6716,
    0x5AB3, 0x5AB2, 0x5EB3, 0x5EF4, 0x5ED4, 0x5672, 0x5672, 0x6F38,
    0x62D3, 0x564F, 0x4589, 0x5E90, 0x62B2, 0x524F, 0x62D3, 0x520E,
    0x6292, 0x6292, 0x66F5, 0x62D4, 0x5ED5, 0x6717, 0x62F6, 0x5ED5,
    0x5AB4, 0x6717, 0x5ED5, 0x62F7, 0x5AB4, 0x6AF7, 0x5A71, 0x4DEC,
    0x6AD3, 0x628C, 0x66A7, 0x6AEB, 0x5EB0, 0x62B5, 0x5E93, 0x2D02,
    0x568E, 0x4630, 0x3258, 0x1618, 0x1A9A, 0x1659, 0x4ED7, 0x5A6B,
    0x6A82, 0x6F02, 0x7FA2, 0x6F46, 0x5203, 0x5626, 0x4E08, 0x28E5,
    0x5EB5, 0x5A72, 0x45AB, 0x5E71, 0x5E51, 0x66B4, 0x5A93, 0x66F6,
    0x6B37, 0x6717, 0x5692, 0x62F5, 0x5AB3, 0x5692, 0x62F5, 0x62D3,
    0x5A4F, 0x520D, 0x5A4F, 0x62B2, 0x5EB3, 0x5AB3, 0x5EB3, 0x5EB2,
    0x45CB, 0x66B1, 0x6292, 0x66F5, 0x66F5, 0x62F4, 0x62F4, 0x5272,
    0x316D, 0x18AB, 0x18AA, 0x18AA, 0x1CA9, 0x20A7, 0x4E0F, 0x66F4,
    0x3108, 0x20A9, 0x18CA, 0x18C9, 0x1CA8, 0x3129, 0x6B14, 0x564E,
    0x20A5, 0x1CC8, 0x1CCA, 0x1CC9, 0x1CC8, 0x1CC9, 0x18CA, 0x18CA,
    0x14AA, 0x1CA9, 0x20A6, 0x4189, 0x6F13, 0x562F, 0x354E, 0x358F,
    0x358C, 0x358B, 0x398C, 0x6716, 0x7BBB, 0x7FDC, 0x7FFE, 0x7FFE,
    0x7FFE, 0x7FFF, 0x7BBF, 0x56B4, 0x670C, 0x5641, 0x5643, 0x41A4,
    0x560B, 0x772D, 0x7307, 0x7327, 0x6286, 0x562B, 0x20A9, 0x24E8,
    0x5A91, 0x5650, 0x24EB, 0x1D10, 0x192F, 0x1D0E, 0x1D0F, 0x1D2F,
    0x192E, 0x192E, 0x1D2F, 0x1D0E, 0x210D, 0x290B, 0x5230, 0x5230,
    0x312B, 0x24EC, 0x1D0C, 0x190E, 0x20EC, 0x398A, 0x6F14, 0x562F,
    0x6290, 0x5E91, 0x66F5, 0x5AB3, 0x5ED4, 0x6716, 0x5ED4, 0x62F5,
    0x62F5, 0x66F5, 0x62B3, 0x45AA, 0x49EB, 0x66D3, 0x62D4, 0x5ED4,
    0x5AB2, 0x62F5, 0x62D3, 0x524E, 0x5A4F, 0x5A4F, 0x66D3, 0x6715,
    0x6715, 0x6716, 0x6B57, 0x5AB3, 0x6715, 0x62D4, 0x6B16, 0x7758,
    0x4E0D, 0x45AA, 0x66D3, 0x5EB3, 0x5AB3, 0x5EF5, 0x5AB3, 0x5EB3,
    0x522E, 0x5E91, 0x6A91, 0x660D, 0x3CA3, 0x2C20, 0x48C3, 0x7166,
    0x720D, 0x49D0, 0x56BA, 0x56FA, 0x5F3A, 0x5ED6, 0x5A2F, 0x6671,
    0x7736, 0x45CC, 0x3D27, 0x6E4F, 0x5D46, 0x5DAA, 0x6E4F, 0x34E5,
    0x6AF7, 0x6F38, 0x62D4, 0x5EF4, 0x62F5, 0x62F5, 0x5ED4, 0x5ED4,
    0x5A92, 0x62D4, 0x66D3, 0x4DEC, 0x49EB, 0x66F4, 0x62D4, 0x5A92,
    0x62D4, 0x5670, 0x564E, 0x5E91, 0x62D3, 0x5EB3, 0x5671, 0x5EB3,
    0x5250, 0x5ED4, 0x5AB3, 0x5271, 0x5692, 0x5671, 0x5A92, 0x62B2,
    0x51EB, 0x49CA, 0x5E91, 0x5EB2, 0x5671, 0x5A92, 0x62D3, 0x66F3,
    0x49EC, 0x5E70, 0x62B3, 0x5E92, 0x5EB3, 0x6717, 0x62D5, 0x62F5,
    0x6316, 0x6737, 0x5AB3, 0x5A93, 0x7316, 0x5A52, 0x49EC, 0x62D3,
    0x66B3, 0x668A, 0x66C2, 0x7769, 0x5A8A, 0x24A3, 0x6291, 0x5A2F,
    0x2482, 0x4A30, 0x190D, 0x1DF8, 0x1E7A, 0x1E38, 0x4AB4, 0x62A7,
    0x6243, 0x6EA2, 0x6AC3, 0x4DE0, 0x66C9, 0x7B8B, 0x5A88, 0x24E3,
    0x460F, 0x4E30, 0x5A71, 0x49CC, 0x5A4F, 0x5E4F, 0x522F, 0x5671,
    0x5692, 0x4E50, 0x5692, 0x5ED5, 0x5ED4, 0x5671, 0x5670, 0x5A6F,
    0x562D, 0x5E6F, 0x5E91, 0x5A92, 0x5ED4, 0x62F5, 0x5AD3, 0x6B36,
    0x6F57, 0x4E0D, 0x6291, 0x6EF4, 0x62D3, 0x5AB2, 0x62F5, 0x5272,
    0x41F0, 0x18C9, 0x18A9, 0x1C88, 0x24A5, 0x562E, 0x66D3, 0x2CE7,
    0x1CAA, 0x18AC, 0x18CB, 0x18CA, 0x1CCA, 0x1CA8, 0x2D07, 0x6AF4,
    0x5650, 0x20A6, 0x20A8, 0x1CA8, 0x1CC9, 0x18C9, 0x18C9, 0x18AA,
    0x1CA9, 0x1CA6, 0x418A, 0x6AD3, 0x49EC, 0x398D, 0x3990, 0x5276,
    0x6738, 0x6737, 0x4E52, 0x398B, 0x6B37, 0x7FDD, 0x7FFD, 0x7FFE,
    0x7FFE, 0x7FFF, 0x7FBD, 0x6715, 0x6AEB, 0x5623, 0x3D82, 0x564D,
    0x6EF0, 0x6AC3, 0x7766, 0x6EE7, 0x732C, 0x5209, 0x2D0A, 0x20EC,
    0x250A, 0x62B2, 0x5A72, 0x250C, 0x1D0E, 0x212F, 0x1D2F, 0x192F,
    0x192F, 0x1D2F, 0x1D2E, 0x252C, 0x292A, 0x5631, 0x5210, 0x2D0B,
    0x250D, 0x1D0C, 0x190D, 0x190E, 0x1D0D, 0x20EA, 0x3549, 0x7336,
    0x4DEB, 0x5E70, 0x66D3, 0x6F58, 0x5692, 0x6316, 0x5ED4, 0x5272,
    0x5251, 0x522E, 0x45AA, 0x4DEC, 0x66F3, 0x5AB2, 0x5AB3, 0x5ED5,
    0x56B3, 0x5EF5, 0x5ED3, 0x5EB1, 0x5E91, 0x6270, 0x6AD3, 0x6B15,
    0x5ED4, 0x6315, 0x62F5, 0x5EB3, 0x62D4, 0x62D4, 0x66F4, 0x520E,
    0x49CB, 0x66F4, 0x5E92, 0x5ED4, 0x56B3, 0x5AF5, 0x5EF5, 0x5ED4,
    0x6F37, 0x522E, 0x6E8F, 0x722D, 0x5147, 0x30C4, 0x2C20, 0x58C4,
    0x6DAC, 0x3D2D, 0x56BA, 0x5AFA, 0x6319, 0x5231, 0x66B3, 0x6F37,
    0x41AC, 0x4107, 0x6E2F, 0x6DC9, 0x6125, 0x58A0, 0x6189, 0x6A6F,
    0x6B15, 0x5ED3, 0x62F4, 0x62F6, 0x62D4, 0x66F5, 0x7358, 0x66F5,
    0x5671, 0x66F3, 0x4DEC, 0x4588, 0x6AD3, 0x5EB2, 0x6716, 0x62F6,
    0x6716, 0x5EB3, 0x6AF4, 0x5E91, 0x5EB2, 0x6715, 0x5AB3, 0x5EB3,
    0x5692, 0x5692, 0x5693, 0x5692, 0x5ED4, 0x6F37, 0x66D4, 0x4DEC,
    0x4DA8, 0x5E90, 0x62D3, 0x5693, 0x5AB3, 0x5AB3, 0x5270, 0x62F4,
    0x5A91, 0x49CB, 0x6292, 0x66D4, 0x5EB3, 0x5EB3, 0x5693, 0x5272,
    0x5EF5, 0x5272, 0x5ED5, 0x62B4, 0x5E4F, 0x458A, 0x62B3, 0x5EB3,
    0x5EB5, 0x628A, 0x66A1, 0x7723, 0x776C, 0x3522, 0x3922, 0x5A2A,
    0x666A, 0x4DEA, 0x1066, 0x04AE, 0x2659, 0x2E78, 0x4A90, 0x6AC8,
    0x5E22, 0x5E03, 0x51C2, 0x6AE7, 0x7B8B, 0x7BCA, 0x6B25, 0x2923,
    0x3DCD, 0x5272, 0x5AB4, 0x5A91, 0x562E, 0x5E4E, 0x5E70, 0x66F4,
    0x62D4, 0x5692, 0x5271, 0x5672, 0x5EB4, 0x6F17, 0x6290, 0x520A,
    0x628F, 0x6F13, 0x62D3, 0x5ED4, 0x5ED4, 0x6715, 0x6B57, 0x6736,
    0x7378, 0x7798, 0x564E, 0x66B1, 0x7358, 0x7779, 0x779B, 0x6717,
    0x5293, 0x318F, 0x18AA, 0x28AA, 0x5A51, 0x6290, 0x28C5, 0x20AA,
    0x18CC, 0x18CB, 0x18CB, 0x1CAA, 0x20C8, 0x1CC9, 0x1CC9, 0x2D08,
    0x6AF5, 0x5A71, 0x20C5, 0x20C8, 0x18AA, 0x18CA, 0x1CC9, 0x1CA9,
    0x20A6, 0x41CA, 0x6AF3, 0x45CC, 0x1887, 0x358F, 0x3DD1, 0x5ED8,
    0x6F59, 0x7BBC, 0x7BDD, 0x6B59, 0x358B, 0x6717, 0x7FFE, 0x7FFE,
    0x7FFE, 0x7FFF, 0x7BBC, 0x6313, 0x5A69, 0x3922, 0x564F, 0x6F33,
    0x4DE6, 0x66A0, 0x7784, 0x6F07, 0x774C, 0x4583, 0x498D, 0x20AD,
    0x1CEE, 0x24CA, 0x5E72, 0x6293, 0x292C, 0x1D2F, 0x1D30, 0x190F,
    0x1D30, 0x1D2F, 0x250D, 0x314B, 0x5250, 0x520F, 0x310C, 0x250E,
    0x1D0D, 0x1D2D, 0x210D, 0x1CEC, 0x18ED, 0x250E, 0x24CA, 0x3127,
    0x5EB2, 0x51EC, 0x6671, 0x66D3, 0x5ED4, 0x5ED5, 0x56B2, 0x5E91,
    0x5E70, 0x3947, 0x562F, 0x66D3, 0x66D4, 0x5ED4, 0x62F6, 0x62F6,
    0x5ED5, 0x6716, 0x6716, 0x5691, 0x6715, 0x526F, 0x560D, 0x6671,
    0x66D3, 0x62F4, 0x6316, 0x6F58, 0x6F36, 0x66D3, 0x45CC, 0x3D89,
    0x5E92, 0x66F4, 0x5A92, 0x5AB3, 0x6716, 0x5EF5, 0x6717, 0x62F5,
    0x5691, 0x5EF3, 0x5A2D, 0x726F, 0x5988, 0x4925, 0x3CA2, 0x3820,
    0x5109, 0x3D2C, 0x5A98, 0x66D7, 0x4DEE, 0x4A0E, 0x5EB5, 0x2CE7,
    0x51AB, 0x65ED, 0x6E4F, 0x69AA, 0x5CC1, 0x64A0, 0x6D65, 0x5588,
    0x6291, 0x66D2, 0x5E91, 0x5692, 0x5AD5, 0x5ED6, 0x5AB4, 0x5EB2,
    0x66F3, 0x4E0B, 0x49CB, 0x5EB2, 0x6715, 0x62F4, 0x5ED4, 0x5ED4,
    0x5ED5, 0x5AB4, 0x5A93, 0x5A92, 0x5671, 0x6B16, 0x6F58, 0x5ED4,
    0x5ED4, 0x6B57, 0x5ED4, 0x6716, 0x5EB3, 0x66D3, 0x520C, 0x45A9,
    0x5650, 0x66F4, 0x5EB4, 0x5EB4, 0x5272, 0x5AD4, 0x5AB3, 0x5AB3,
    0x6B37, 0x66F4, 0x45CB, 0x5E70, 0x66D2, 0x62D4, 0x62D5, 0x62D6,
    0x56B4, 0x56B2, 0x62D3, 0x560E, 0x49AA, 0x5E91, 0x66F7, 0x6717,
    0x5ED4, 0x564B, 0x6261, 0x7723, 0x5E83, 0x5206, 0x4164, 0x5604,
    0x5A04, 0x76CF, 0x5A0E, 0x1069, 0x0D10, 0x3E97, 0x56CD, 0x6267,
    0x59A4, 0x4D62, 0x6AC5, 0x7FC4, 0x7788, 0x7FCB, 0x7364, 0x3581,
    0x1042, 0x41EF, 0x5AB4, 0x5292, 0x5A93, 0x45CC, 0x5E4D, 0x6290,
    0x6F16, 0x6B38, 0x6717, 0x6F58, 0x66D3, 0x66B2, 0x5A4E, 0x62B2,
    0x6AF4, 0x66F5, 0x62D4, 0x62F5, 0x6F57, 0x7379, 0x6B16, 0x6B37,
    0x6B37, 0x7379, 0x7778, 0x564E, 0x6692, 0x7316, 0x6B15, 0x6B37,
    0x5AB4, 0x398E, 0x3109, 0x5A51, 0x55F0, 0x28A7, 0x1CAA, 0x18CB,
    0x18AC, 0x18CC, 0x18CB, 0x18CB, 0x1CCA, 0x18CA, 0x1CCB, 0x20C9,
    0x2D28, 0x6AF5, 0x6293, 0x28C7, 0x1CC8, 0x14C8, 0x1CC7, 0x28C5,
    0x560E, 0x66B3, 0x356A, 0x18A7, 0x18A8, 0x3590, 0x3DF1, 0x5ED7,
    0x6F5A, 0x77BC, 0x7FFD, 0x7FFE, 0x6F79, 0x39AC, 0x6717, 0x7FFD,
    0x7FFE, 0x7FFE, 0x7BDD, 0x66F4, 0x3125, 0x6290, 0x6ACF, 0x5A28,
    0x3D61, 0x6280, 0x7763, 0x6F04, 0x774A, 0x4583, 0x4129, 0x20A9,
    0x14EE, 0x190F, 0x290B, 0x5E50, 0x6692, 0x2D2A, 0x212D, 0x1D11,
    0x1D12, 0x212C, 0x356A, 0x5611, 0x49AF, 0x290C, 0x210D, 0x1D0D,
    0x1D0D, 0x1D2E, 0x1D0D, 0x1D2D, 0x1D0D, 0x1D0D, 0x210D, 0x250C,
    0x5ED3, 0x5A90, 0x4DCB, 0x66B3, 0x5EB3, 0x5250, 0x62D3, 0x6291,
    0x3D46, 0x5A2F, 0x6AF5, 0x66F5, 0x5ED4, 0x5EF5, 0x56B3, 0x5ED4,
    0x5ED4, 0x5672, 0x5EB3, 0x5ED4, 0x6716, 0x6715, 0x562E, 0x624F,
    0x66D2, 0x6735, 0x62D4, 0x66F5, 0x66F5, 0x45CB, 0x41AB, 0x5E91,
    0x62D4, 0x5ED4, 0x6B37, 0x6717, 0x6717, 0x6716, 0x5ED4, 0x5692,
    0x62F5, 0x6315, 0x66F4, 0x59EB, 0x7290, 0x5567, 0x4CE2, 0x5924,
    0x3C41, 0x2843, 0x418E, 0x49D0, 0x5AB5, 0x358C, 0x41AC, 0x6AB4,
    0x662E, 0x7690, 0x724F, 0x6589, 0x60C1, 0x64A0, 0x71A7, 0x622D,
    0x562E, 0x62B2, 0x6AF4, 0x5EB3, 0x5293, 0x5ED5, 0x62D4, 0x5E71,
    0x45A9, 0x49EB, 0x62B1, 0x62F4, 0x5ED4, 0x5ED3, 0x62F5, 0x5AB3,
    0x5ED4, 0x5672, 0x5693, 0x5272, 0x5ED4, 0x5250, 0x6716, 0x6F58,
    0x5ED4, 0x6B37, 0x5EB3, 0x62B3, 0x562F, 0x4DEB, 0x49CA, 0x62B2,
    0x66F5, 0x62D4, 0x5ED4, 0x5EB4, 0x5AB3, 0x5AB4, 0x5A93, 0x62F6,
    0x5671, 0x6B16, 0x66F3, 0x4E0D, 0x5E6F, 0x6F15, 0x5651, 0x6716,
    0x5ED3, 0x5A70, 0x4DEC, 0x45AA, 0x5EB2, 0x66D4, 0x5272, 0x5ED5,
    0x6716, 0x5A4C, 0x6AC7, 0x7703, 0x66A3, 0x628B, 0x4185, 0x5604,
    0x6EA3, 0x5E03, 0x6EEF, 0x41CB, 0x086B, 0x2D71, 0x5EB0, 0x59C6,
    0x4D63, 0x6683, 0x7F61, 0x7FE1, 0x77A7, 0x7FEB, 0x7783, 0x3560,
    0x4E31, 0x5EB6, 0x62F7, 0x5AB3, 0x62D6, 0x66F5, 0x562E, 0x66B1,
    0x62B1, 0x5A92, 0x66F6, 0x66D4, 0x5A6F, 0x522D, 0x5E70, 0x66D5,
    0x66D5, 0x6B17, 0x62F6, 0x5ED5, 0x5AB2, 0x6B37, 0x6F37, 0x62F5,
    0x62F5, 0x6717, 0x62F5, 0x6B16, 0x522E, 0x66B0, 0x6B13, 0x66F4,
    0x6294, 0x51CD, 0x5E4F, 0x41AA, 0x20A6, 0x1CAA, 0x1CAC, 0x1CCD,
    0x1CCD, 0x1CCD, 0x1CCC, 0x1CCC, 0x1CCC, 0x1CCC, 0x1CCC, 0x1CAA,
    0x20C9, 0x2D08, 0x6AF5, 0x62D4, 0x24E7, 0x1CA6, 0x3107, 0x6271,
    0x6691, 0x30E7, 0x1CA7, 0x18A8, 0x14C9, 0x35B0, 0x3DF1, 0x5AD7,
    0x6B59, 0x779B, 0x7FFD, 0x7FFE, 0x7FFE, 0x6B59, 0x2D6A, 0x6317,
    0x7BDE, 0x7FDE, 0x779B, 0x396A, 0x6AD3, 0x6ACE, 0x5625, 0x49C4,
    0x45A2, 0x6281, 0x7762, 0x6F03, 0x7728, 0x4582, 0x4108, 0x28A9,
    0x18CD, 0x14EF, 0x1D0E, 0x28CA, 0x5A51, 0x6AF4, 0x3149, 0x250D,
    0x290E, 0x41AF, 0x5631, 0x418E, 0x290C, 0x210E, 0x212E, 0x212E,
    0x212E, 0x212E, 0x1D2E, 0x1D2E, 0x1D2F, 0x1D2F, 0x212F, 0x210E,
    0x6715, 0x5ED2, 0x5ED2, 0x4DCB, 0x5E70, 0x6F14, 0x5A2F, 0x3CE5,
    0x66D3, 0x6AD3, 0x5A71, 0x6716, 0x5AD3, 0x5F15, 0x6315, 0x4E50,
    0x5A93, 0x5250, 0x5AB3, 0x5271, 0x6316, 0x5AB3, 0x5E92, 0x562E,
    0x4E0C, 0x5A90, 0x5E92, 0x66D5, 0x3D8A, 0x4E0E, 0x6B16, 0x62D3,
    0x6B36, 0x5AB3, 0x62F5, 0x5AB3, 0x5ED5, 0x5ED5, 0x6737, 0x5AB3,
    0x5EF5, 0x6B59, 0x62F5, 0x4DCC, 0x59CC, 0x76F3, 0x5967, 0x6563,
    0x5D25, 0x55AB, 0x4DCE, 0x354D, 0x2D2C, 0x28E7, 0x7717, 0x6E92,
    0x6E4F, 0x7690, 0x724F, 0x6147, 0x60C2, 0x68E2, 0x6987, 0x624F,
    0x66F4, 0x5670, 0x66D3, 0x66F4, 0x66F4, 0x6B16, 0x5A71, 0x418A,
    0x4E0D, 0x5EB1, 0x6F57, 0x66F5, 0x5EB3, 0x6B37, 0x5ED4, 0x5692,
    0x5272, 0x4A30, 0x5271, 0x5692, 0x5250, 0x5A92, 0x5250, 0x66F5,
    0x6B36, 0x5A91, 0x62B1, 0x5A4E, 0x49CA, 0x49AA, 0x62B2, 0x5A92,
    0x5ED5, 0x5AB3, 0x62D5, 0x5672, 0x5672, 0x62D4, 0x6716, 0x66F6,
    0x62F6, 0x5AB3, 0x6716, 0x5E92, 0x522E, 0x6692, 0x62B2, 0x5A91,
    0x6292, 0x4DCC, 0x49CC, 0x5EB1, 0x5EB3, 0x5ED4, 0x5ED6, 0x6F7A,
    0x62F5, 0x5E8E, 0x6AA8, 0x7303, 0x7B49, 0x4164, 0x4143, 0x3D80,
    0x66A0, 0x6AA4, 0x5A48, 0x62B0, 0x24C7, 0x350A, 0x4DC9, 0x4540,
    0x5A22, 0x6683, 0x7740, 0x7FC0, 0x77A4, 0x7FEB, 0x7784, 0x3DA0,
    0x2D28, 0x2909, 0x5AB5, 0x5AD4, 0x5AB5, 0x62F6, 0x62B5, 0x5A71,
    0x62B0, 0x66D3, 0x66D5, 0x564F, 0x564D, 0x5A91, 0x5A92, 0x66F6,
    0x62D6, 0x66F7, 0x62D6, 0x62F6, 0x5271, 0x5A92, 0x5ED4, 0x5692,
    0x6716, 0x5693, 0x5EF5, 0x5ED5, 0x66F4, 0x562C, 0x6AD0, 0x7714,
    0x6231, 0x5A0E, 0x458A, 0x1CA4, 0x14C7, 0x14CA, 0x18AB, 0x1CAA,
    0x1CAA, 0x1CCA, 0x1CCA, 0x1CEB, 0x20EB, 0x250D, 0x20EC, 0x1CCA,
    0x1CCA, 0x1CC8, 0x2906, 0x6B15, 0x62F4, 0x4169, 0x6A91, 0x5A2F,
    0x28C5, 0x20A7, 0x18A9, 0x14AA, 0x14A9, 0x318F, 0x3DF1, 0x5AB6,
    0x6B39, 0x779B, 0x7FFE, 0x7FFD, 0x7FFE, 0x7FFE, 0x5AB5, 0x4E52,
    0x6B59, 0x7FDE, 0x779A, 0x66D3, 0x668F, 0x5623, 0x5643, 0x3542,
    0x5204, 0x5A60, 0x7741, 0x6F02, 0x7727, 0x4DC4, 0x40E7, 0x308A,
    0x18AD, 0x14EE, 0x1910, 0x1D10, 0x24EB, 0x5A6F, 0x6F14, 0x3D69,
    0x4DCE, 0x5612, 0x3D6E, 0x250E, 0x212E, 0x212F, 0x212F, 0x212F,
    0x212F, 0x212F, 0x212F, 0x1D0E, 0x1D2F, 0x1D2F, 0x1D2F, 0x1D2F,
    0x5ED3, 0x5ED3, 0x5EB3, 0x62B2, 0x4DC9, 0x4DC9, 0x4147, 0x66B2,
    0x62D3, 0x66D4, 0x62D4, 0x62F4, 0x5AD3, 0x5EF4, 0x5AB3, 0x5AB2,
    0x5AB3, 0x62F5, 0x5692, 0x5271, 0x5692, 0x5693, 0x5EB3, 0x62B2,
    0x5E90, 0x5EB1, 0x6291, 0x4169, 0x4E0E, 0x66F5, 0x5A92, 0x66F5,
    0x5ED3, 0x5AB3, 0x5AB3, 0x5AB4, 0x62F6, 0x62F6, 0x62F5, 0x62F6,
    0x6737, 0x6F79, 0x66D5, 0x4DCC, 0x4527, 0x5DEC, 0x76D0, 0x65C6,
    0x6986, 0x5168, 0x30E9, 0x30CB, 0x6274, 0x5E31, 0x7271, 0x6E50,
    0x76B1, 0x724F, 0x6E0D, 0x5D26, 0x58A1, 0x6504, 0x65A9, 0x6250,
    0x6B36, 0x6F57, 0x5E91, 0x6B14, 0x6AF2, 0x5A4F, 0x3947, 0x5A92,
    0x6B15, 0x5671, 0x5EB3, 0x5A93, 0x5AB3, 0x5AB3, 0x5AB3, 0x5ED4,
    0x5AB3, 0x5AB3, 0x5251, 0x5AB3, 0x62F5, 0x5250, 0x5692, 0x5670,
    0x5ED3, 0x6F35, 0x5E6F, 0x4587, 0x51EB, 0x5E90, 0x5A92, 0x5692,
    0x62F6, 0x62F5, 0x5251, 0x5EB4, 0x5ED4, 0x62D4, 0x66F6, 0x6B17,
    0x5ED4, 0x5EB4, 0x5EB3, 0x66F5, 0x66D4, 0x562E, 0x6AD2, 0x5A2D,
    0x4589, 0x51ED, 0x66D4, 0x62F4, 0x6717, 0x5AB4, 0x6718, 0x5EF6,
    0x66F6, 0x6AF3, 0x6286, 0x6EE2, 0x7B8D, 0x3D44, 0x3902, 0x4DC0,
    0x6260, 0x6AA3, 0x772E, 0x626D, 0x560B, 0x498A, 0x34E4, 0x5608,
    0x6EC9, 0x5E60, 0x7740, 0x7FC0, 0x7BA3, 0x7FEC, 0x7B86, 0x5644,
    0x6B16, 0x5AB6, 0x6739, 0x62F5, 0x62F7, 0x6717, 0x5AB5, 0x5EB4,
    0x562F, 0x6291, 0x560C, 0x5A6F, 0x5EB2, 0x5671, 0x5A92, 0x5A93,
    0x4E30, 0x5672, 0x5272, 0x5A93, 0x5271, 0x5AB4, 0x5ED4, 0x5A93,
    0x5692, 0x5A93, 0x56B3, 0x62D5, 0x66F5, 0x6AF4, 0x6290, 0x626D,
    0x624E, 0x6AD4, 0x3DAD, 0x18A7, 0x14A8, 0x14A8, 0x18C7, 0x1CC6,
    0x1CC6, 0x1CC7, 0x1CC6, 0x1CC7, 0x1CC7, 0x1CC8, 0x18C8, 0x1CC9,
    0x18C8, 0x18C6, 0x1CC5, 0x2D06, 0x6290, 0x5E4D, 0x4589, 0x24A5,
    0x1CA8, 0x18A9, 0x18AA, 0x14AA, 0x14CA, 0x35B0, 0x3DF1, 0x5AB6,
    0x6B59, 0x779B, 0x7FFE, 0x7FFE, 0x7FFD, 0x7FFD, 0x7FDE, 0x4A52,
    0x779C, 0x6717, 0x5E90, 0x522A, 0x5205, 0x5E82, 0x4A01, 0x28C0,
    0x5622, 0x5640, 0x6F00, 0x6F01, 0x7727, 0x5A26, 0x3CA4, 0x38EA,
    0x1CAC, 0x18AE, 0x18CF, 0x18F0, 0x190E, 0x28E9, 0x5E4F, 0x5A2D,
    0x49CB, 0x312B, 0x250F, 0x2130, 0x212F, 0x212F, 0x2130, 0x2530,
    0x212F, 0x212F, 0x212F, 0x212F, 0x210F, 0x212E, 0x212E, 0x1D2F,
    0x5250, 0x5A92, 0x5A72, 0x62D3, 0x49EA, 0x30C0, 0x6EF3, 0x6715,
    0x6715, 0x6B36, 0x62F5, 0x62F5, 0x66F5, 0x66F5, 0x5EB3, 0x62F5,
    0x62D4, 0x5A92, 0x5692, 0x62D4, 0x5ED5, 0x5ED5, 0x5ED4, 0x6B15,
    0x5EB2, 0x66F3, 0x4589, 0x49AB, 0x5A71, 0x5AB2, 0x6B37, 0x6B37,
    0x6716, 0x5270, 0x5AB3, 0x5693, 0x5251, 0x5ED5, 0x4E51, 0x5AB4,
    0x5693, 0x5270, 0x5E92, 0x4DAB, 0x4507, 0x44E5, 0x5E0C, 0x55C8,
    0x5D23, 0x4127, 0x1446, 0x390B, 0x6E73, 0x5DCC, 0x69ED, 0x7270,
    0x7270, 0x7270, 0x65EB, 0x6147, 0x5481, 0x6526, 0x61CB, 0x66B2,
    0x6B37, 0x6B58, 0x66F5, 0x6291, 0x562D, 0x45A8, 0x5E91, 0x62D4,
    0x5691, 0x5EB3, 0x5271, 0x5EB4, 0x5EB4, 0x6F38, 0x5AB3, 0x5ED4,
    0x6716, 0x62F5, 0x5EB3, 0x5ED4, 0x5692, 0x5271, 0x5271, 0x5AB2,
    0x5EB2, 0x564E, 0x4167, 0x5A4E, 0x5A6F, 0x5EB2, 0x5671, 0x5ED4,
    0x5AB4, 0x5A93, 0x5AB4, 0x5ED4, 0x5AB3, 0x62D4, 0x5251, 0x5AB4,
    0x62F6, 0x5AB3, 0x5EB4, 0x5A72, 0x5250, 0x5EB1, 0x51EB, 0x4146,
    0x6291, 0x5E93, 0x5A93, 0x5691, 0x62F6, 0x5692, 0x5ED5, 0x5AB4,
    0x5EB4, 0x5E92, 0x5A66, 0x6EE2, 0x72E8, 0x5A4B, 0x30C0, 0x4DE0,
    0x6260, 0x6AA2, 0x72EC, 0x66AF, 0x3D21, 0x3526, 0x1C02, 0x24A2,
    0x41A6, 0x5622, 0x7744, 0x7FA2, 0x7BA3, 0x7FEA, 0x7FA7, 0x5EA6,
    0x4E2F, 0x4A52, 0x5294, 0x5ED4, 0x5EB5, 0x6717, 0x5ED5, 0x66F7,
    0x5A72, 0x4166, 0x522C, 0x6AF3, 0x5A92, 0x5ED3, 0x5ED4, 0x5AB3,
    0x5ED4, 0x5EB4, 0x5692, 0x5A93, 0x5EB4, 0x62F6, 0x737A, 0x7BBC,
    0x7FDD, 0x737A, 0x6F37, 0x5EB3, 0x6AF7, 0x6AF6, 0x562F, 0x51E9,
    0x6AF0, 0x6734, 0x4A51, 0x250B, 0x1889, 0x1CA9, 0x1CA8, 0x1CC8,
    0x1CC8, 0x18C8, 0x1CC8, 0x1CC8, 0x1CC9, 0x1CC9, 0x1CCA, 0x1CC9,
    0x18E6, 0x18E6, 0x1CC8, 0x20A6, 0x49A8, 0x6EF2, 0x2D07, 0x1CC7,
    0x14C9, 0x18AA, 0x18AA, 0x18A9, 0x14A9, 0x358F, 0x3DF1, 0x5AD7,
    0x6B39, 0x779B, 0x7FFE, 0x7FFD, 0x7FFD, 0x7FFD, 0x7FFF, 0x62F8,
    0x62F7, 0x45ED, 0x6B12, 0x5A6B, 0x5224, 0x62C5, 0x62CC, 0x3942,
    0x5A43, 0x5640, 0x6AC0, 0x7300, 0x7327, 0x66A8, 0x3882, 0x4109,
    0x18AA, 0x18AE, 0x1CAD, 0x18CD, 0x150F, 0x20EE, 0x3D28, 0x5E6E,
    0x45EB, 0x212C, 0x1D30, 0x2130, 0x252F, 0x1D0F, 0x212F, 0x212F,
    0x212F, 0x212F, 0x212F, 0x212F, 0x212E, 0x252E, 0x210D, 0x1D0E,
    0x5271, 0x5A92, 0x5672, 0x6F36, 0x3D87, 0x6B13, 0x5A90, 0x62F4,
    0x5271, 0x5ED4, 0x5EB4, 0x5A93, 0x6B37, 0x5EB3, 0x6715, 0x6716,
    0x66F5, 0x5ED4, 0x5692, 0x5671, 0x62F5, 0x62D4, 0x5ED3, 0x6316,
    0x3169, 0x5EB2, 0x6F14, 0x5E90, 0x6F37, 0x6B37, 0x5AB3, 0x5692,
    0x5A92, 0x5ED4, 0x4E50, 0x5693, 0x4A30, 0x5251, 0x62F6, 0x5AB4,
    0x5693, 0x5693, 0x5A71, 0x4169, 0x40C5, 0x40C5, 0x3CE3, 0x49CA,
    0x5DAA, 0x2420, 0x1844, 0x2CA6, 0x5E30, 0x4D8A, 0x65ED, 0x7671,
    0x6A0E, 0x6A2E, 0x5DA9, 0x6168, 0x54A1, 0x6126, 0x5DAB, 0x6AD4,
    0x6B37, 0x5EF6, 0x62F5, 0x4E0D, 0x3104, 0x5EB1, 0x66F5, 0x62D4,
    0x6315, 0x5692, 0x5AB3, 0x5AB3, 0x5EB3, 0x5AB3, 0x5ED4, 0x6B37,
    0x5AB3, 0x5EB3, 0x5EB3, 0x5ED4, 0x6716, 0x5ED4, 0x5A92, 0x62D4,
    0x5670, 0x3D67, 0x62B2, 0x5EB2, 0x5EB3, 0x5671, 0x5692, 0x5692,
    0x5AB3, 0x5A92, 0x5A92, 0x5ED4, 0x66F6, 0x5A92, 0x5A93, 0x5A93,
    0x5693, 0x5A93, 0x62F5, 0x5692, 0x5692, 0x62D4, 0x3125, 0x5EB0,
    0x66D2, 0x5EB4, 0x5ED5, 0x5ED4, 0x5EF5, 0x4E50, 0x5693, 0x5ED5,
    0x6B18, 0x66F5, 0x5224, 0x6260, 0x6EE2, 0x5A24, 0x2480, 0x49A0,
    0x5A20, 0x6AA2, 0x6EAA, 0x55EA, 0x6AD1, 0x6290, 0x3D64, 0x5229,
    0x3964, 0x1840, 0x3100, 0x5E64, 0x7786, 0x7FCB, 0x7BA9, 0x66C6,
    0x1860, 0x0821, 0x4A31, 0x5EB3, 0x5A93, 0x6317, 0x56B3, 0x5673,
    0x5651, 0x45EB, 0x7776, 0x5EB1, 0x5E93, 0x5A92, 0x5692, 0x4E50,
    0x5672, 0x5EB4, 0x5692, 0x5A93, 0x5EB4, 0x5ED5, 0x5271, 0x5272,
    0x5ED4, 0x6716, 0x66F5, 0x6B37, 0x5A94, 0x66D5, 0x4DED, 0x6AB0,
    0x7754, 0x5ED1, 0x5AB4, 0x3DD1, 0x1CAB, 0x18AA, 0x18AB, 0x18AB,
    0x18AB, 0x1CCB, 0x1CCB, 0x1CCB, 0x1CCB, 0x1CCC, 0x1CCC, 0x1CCB,
    0x1CCA, 0x1CCA, 0x18CA, 0x1CA7, 0x4DE9, 0x7B96, 0x3548, 0x18C7,
    0x18EA, 0x18A9, 0x1CA9, 0x18A9, 0x14A9, 0x318F, 0x3DD0, 0x5AD6,
    0x6B39, 0x779B, 0x7FFE, 0x7FFE, 0x7FFD, 0x7FFD, 0x7FFF, 0x737C,
    0x314B, 0x4A0E, 0x6B14, 0x522B, 0x45C5, 0x6B0A, 0x7B91, 0x4DE4,
    0x5642, 0x5620, 0x6280, 0x6F00, 0x6F06, 0x6F0A, 0x3CA1, 0x4D6B,
    0x24A9, 0x14AE, 0x1CAC, 0x1CCC, 0x150F, 0x210E, 0x3D48, 0x7B55,
    0x524E, 0x252D, 0x1D30, 0x1D2F, 0x212E, 0x212F, 0x212F, 0x212F,
    0x212E, 0x212E, 0x212E, 0x1D0D, 0x212E, 0x212D, 0x212D, 0x210E,
    0x4E30, 0x5AB4, 0x5293, 0x5EB2, 0x564D, 0x6B12, 0x6B14, 0x6F16,
    0x62B4, 0x5A92, 0x5692, 0x5693, 0x5271, 0x6716, 0x6715, 0x5ED4,
    0x5692, 0x5691, 0x62F5, 0x62F5, 0x5A92, 0x5670, 0x5692, 0x5EF6,
    0x462F, 0x3DAA, 0x62D2, 0x62B1, 0x5270, 0x5291, 0x5AD4, 0x5AB4,
    0x5ED4, 0x6B16, 0x5EB3, 0x5ED4, 0x6B38, 0x5251, 0x5272, 0x5693,
    0x5693, 0x5293, 0x5272, 0x3D68, 0x40C4, 0x44C5, 0x4147, 0x7776,
    0x6A6F, 0x3D06, 0x30E6, 0x3D49, 0x28C5, 0x3506, 0x3CE6, 0x660E,
    0x6A0F, 0x61CC, 0x61CB, 0x5946, 0x50C3, 0x658A, 0x558A, 0x6292,
    0x6316, 0x5F17, 0x5ED4, 0x49EC, 0x6AF3, 0x6F56, 0x5ED3, 0x5AB3,
    0x62F6, 0x5692, 0x66F5, 0x62D5, 0x5AB3, 0x5AB3, 0x5ED4, 0x62F4,
    0x4E50, 0x4A2E, 0x5A92, 0x5ED4, 0x5ED4, 0x5AB3, 0x62F5, 0x5A92,
    0x6AF5, 0x522E, 0x7757, 0x5EB3, 0x6316, 0x5272, 0x5693, 0x5672,
    0x5ED4, 0x5AB3, 0x5A92, 0x5A93, 0x5A93, 0x62F6, 0x5EB3, 0x5EB3,
    0x5AB3, 0x5692, 0x5693, 0x5272, 0x5AB3, 0x62B3, 0x41CA, 0x6F75,
    0x62F3, 0x66D5, 0x5AB4, 0x56D4, 0x4E72, 0x5692, 0x62D6, 0x5693,
    0x5253, 0x5EB4, 0x5628, 0x6684, 0x6EC0, 0x5E40, 0x2CC0, 0x49A0,
    0x5A40, 0x5E60, 0x6685, 0x730E, 0x6AD0, 0x66D0, 0x5222, 0x6AA5,
    0x4E02, 0x5E65, 0x5625, 0x3520, 0x3540, 0x5667, 0x776B, 0x6AC8,
    0x1C80, 0x0C42, 0x316A, 0x5691, 0x5EB4, 0x5293, 0x5A94, 0x5672,
    0x5EB2, 0x5A90, 0x7356, 0x5EB1, 0x5EB2, 0x5EB3, 0x5A93, 0x5AB4,
    0x5251, 0x62D5, 0x5AB4, 0x5A93, 0x5693, 0x6717, 0x62F6, 0x5693,
    0x5692, 0x5A93, 0x5692, 0x5ED5, 0x6316, 0x66F4, 0x6AD2, 0x72F3,
    0x6EF2, 0x66B3, 0x5E94, 0x39B0, 0x1CEC, 0x14CA, 0x18AB, 0x18AC,
    0x1CAB, 0x1CCB, 0x1CCB, 0x1CCB, 0x1CCB, 0x1CCB, 0x1CCC, 0x1CAC,
    0x20AD, 0x1CAD, 0x18AA, 0x24E7, 0x6B12, 0x7F75, 0x4E0C, 0x18C6,
    0x18C8, 0x1CA8, 0x18A8, 0x14A9, 0x14A9, 0x318F, 0x3DF1, 0x5AD7,
    0x6B39, 0x779B, 0x7FFE, 0x7FFE, 0x7FFD, 0x7FFD, 0x7FDF, 0x398E,
    0x5A94, 0x66F5, 0x6F36, 0x3549, 0x24C0, 0x5A8A, 0x734F, 0x5224,
    0x5600, 0x5200, 0x5E60, 0x7721, 0x6AE5, 0x730A, 0x3CE2, 0x4908,
    0x28A8, 0x14CE, 0x18AD, 0x14AD, 0x14ED, 0x24EA, 0x5E6F, 0x7B74,
    0x6290, 0x2D0C, 0x210F, 0x1D4E, 0x1D2F, 0x214F, 0x214F, 0x214F,
    0x212E, 0x212E, 0x212E, 0x212E, 0x214E, 0x214E, 0x1D2D, 0x210E,
    0x5272, 0x5AB3, 0x5690, 0x5A8F, 0x5A4E, 0x5E6E, 0x66D1, 0x6AF3,
    0x6AF4, 0x6B16, 0x5692, 0x6716, 0x5AB3, 0x62F4, 0x5A91, 0x5AB3,
    0x5691, 0x5ED4, 0x5A92, 0x5ED4, 0x5ED4, 0x5AB4, 0x6716, 0x5ED3,
    0x6715, 0x66F4, 0x6B15, 0x6EF4, 0x66D3, 0x62D4, 0x56B3, 0x5293,
    0x56B3, 0x5EB3, 0x66F5, 0x5ED4, 0x5ED5, 0x5AB4, 0x5AB4, 0x5AB4,
    0x6316, 0x5AD5, 0x56B3, 0x49EC, 0x44E4, 0x44C4, 0x59ED, 0x7715,
    0x7736, 0x3926, 0x59AA, 0x6A0D, 0x620E, 0x5E2F, 0x28A4, 0x4549,
    0x69EF, 0x6E0F, 0x61EB, 0x5145, 0x4CE4, 0x65CB, 0x5169, 0x4DEE,
    0x5AB4, 0x5AD4, 0x5EB3, 0x5A70, 0x66D1, 0x7335, 0x62D3, 0x5ED4,
    0x5ED5, 0x5EB4, 0x5A92, 0x62D4, 0x5ED4, 0x5A92, 0x62F5, 0x62D4,
    0x5ED4, 0x56B2, 0x5692, 0x5AB3, 0x5AB3, 0x5EB4, 0x5ED4, 0x5EB3,
    0x5EB2, 0x62B1, 0x6AF4, 0x6AF3, 0x5E91, 0x5672, 0x5ED5, 0x5ED6,
    0x62F6, 0x5250, 0x62D4, 0x5A92, 0x5EB3, 0x66F6, 0x5A93, 0x5A72,
    0x66F6, 0x62F5, 0x6B58, 0x5AB4, 0x5ED4, 0x5EB3, 0x62B1, 0x6AF3,
    0x66D2, 0x6291, 0x5692, 0x5EF6, 0x62F7, 0x5ED5, 0x5AB4, 0x62F7,
    0x62F7, 0x62D4, 0x5A6B, 0x6AA8, 0x6EC0, 0x6EA2, 0x4DA0, 0x5A03,
    0x4DE0, 0x5620, 0x6263, 0x6AAC, 0x668D, 0x6AB0, 0x6AAA, 0x5E43,
    0x4DC0, 0x5620, 0x6AA1, 0x7B23, 0x66C2, 0x41C0, 0x2D20, 0x3124,
    0x1C81, 0x1CA4, 0x1CC6, 0x5ED6, 0x5AB4, 0x5692, 0x5EB4, 0x62D4,
    0x5E70, 0x66B1, 0x562D, 0x66D2, 0x5E90, 0x5671, 0x5A92, 0x5ED5,
    0x5ED5, 0x5AB4, 0x5271, 0x5692, 0x5AB3, 0x5ED4, 0x5272, 0x5AB4,
    0x5692, 0x5AB3, 0x5692, 0x5AB3, 0x5E92, 0x564E, 0x66B1, 0x66B1,
    0x5E6F, 0x7315, 0x62B3, 0x4610, 0x252C, 0x14AB, 0x18AC, 0x1CAC,
    0x18AB, 0x1CAB, 0x1CAC, 0x1CCC, 0x1CCB, 0x1CCA, 0x18CA, 0x1CCA,
    0x1CCB, 0x1CC9, 0x24E5, 0x5A90, 0x6EF4, 0x4DEA, 0x7755, 0x41CC,
    0x1CA8, 0x1CC9, 0x18C9, 0x14A9, 0x14A8, 0x358E, 0x3DD1, 0x5AB7,
    0x6B3A, 0x779C, 0x7FFE, 0x7FFE, 0x7FFE, 0x7FFE, 0x7FDE, 0x5673,
    0x5651, 0x66F5, 0x62F5, 0x62B4, 0x2CE5, 0x2903, 0x45E9, 0x45C4,
    0x5202, 0x5200, 0x5A60, 0x7321, 0x6F06, 0x772C, 0x3CE2, 0x558B,
    0x34C8, 0x1CCC, 0x14CD, 0x18CD, 0x20E8, 0x4E0F, 0x6EF6, 0x51CA,
    0x6EB2, 0x5E53, 0x210D, 0x1D4E, 0x212F, 0x1D30, 0x1D2F, 0x1D2E,
    0x212E, 0x214E, 0x1D2E, 0x1D2E, 0x1D2E, 0x1D4D, 0x212D, 0x250E,
    0x5692, 0x66F4, 0x6AF4, 0x49CA, 0x562E, 0x6F15, 0x5E90, 0x562D,
    0x66B2, 0x5E91, 0x5EB3, 0x5EB3, 0x5671, 0x5671, 0x5691, 0x5692,
    0x5ED4, 0x5271, 0x62F5, 0x5AB3, 0x5ED4, 0x5ED4, 0x62D4, 0x66F4,
    0x4E2E, 0x564F, 0x66D4, 0x564F, 0x5E8F, 0x5A6F, 0x5A90, 0x5691,
    0x5AB2, 0x62D4, 0x62F4, 0x5A92, 0x5AB3, 0x5ED4, 0x5ED4, 0x6316,
    0x5EF5, 0x6316, 0x6716, 0x5A50, 0x516A, 0x4D46, 0x666F, 0x4569,
    0x5E91, 0x72D2, 0x61CB, 0x69CB, 0x65AB, 0x72B3, 0x51AC, 0x3062,
    0x51AC, 0x660F, 0x5DAB, 0x4D25, 0x48E4, 0x61AB, 0x55AB, 0x4DCC,
    0x62B3, 0x5EB3, 0x5A91, 0x564E, 0x5EB1, 0x62D2, 0x62D3, 0x62D3,
    0x5A92, 0x5672, 0x62D4, 0x5ED4, 0x5ED3, 0x62D4, 0x62D4, 0x5EB3,
    0x62F5, 0x56B2, 0x5EF4, 0x62F5, 0x5AB3, 0x66F5, 0x62B3, 0x5A50,
    0x522E, 0x522E, 0x564E, 0x5A6F, 0x6AF3, 0x6B15, 0x5691, 0x5AB4,
    0x5AB3, 0x5ED4, 0x5EB3, 0x5EB3, 0x5EB4, 0x6717, 0x62F6, 0x5ED5,
    0x5A93, 0x6B17, 0x62F5, 0x5A93, 0x5EB3, 0x564F, 0x522D, 0x66B1,
    0x520C, 0x6291, 0x5650, 0x5E94, 0x6F39, 0x5AB4, 0x56B3, 0x5EF6,
    0x62F5, 0x6B14, 0x564A, 0x6688, 0x6680, 0x76E5, 0x6245, 0x6EC8,
    0x49C0, 0x5E21, 0x5E26, 0x666B, 0x66AB, 0x5E4B, 0x6ACD, 0x5E48,
    0x4DA0, 0x5600, 0x66A0, 0x7B40, 0x7FA0, 0x7B87, 0x6B4E, 0x3986,
    0x3123, 0x3569, 0x39CD, 0x5AB5, 0x5AB5, 0x5A73, 0x5E72, 0x520E,
    0x5E70, 0x66D3, 0x6AD3, 0x562E, 0x5E70, 0x5A50, 0x5E91, 0x5A92,
    0x5692, 0x5272, 0x5A93, 0x5AB3, 0x5AB3, 0x5ED5, 0x5693, 0x5693,
    0x5692, 0x62F5, 0x5EB3, 0x62D3, 0x5E91, 0x5A6F, 0x66B2, 0x6AF4,
    0x6AF4, 0x5A6E, 0x66D2, 0x5672, 0x314D, 0x18AA, 0x18AB, 0x18AB,
    0x18AB, 0x1CAB, 0x1CCB, 0x1CCB, 0x1CCA, 0x1CCA, 0x1CEB, 0x14CB,
    0x1CC9, 0x28E6, 0x5A4F, 0x6292, 0x3529, 0x24A6, 0x45CC, 0x6F36,
    0x398A, 0x1CA7, 0x18A9, 0x18A8, 0x14A8, 0x35B0, 0x3DD0, 0x5AD6,
    0x6B39, 0x739B, 0x7FFE, 0x7FFE, 0x7FFE, 0x7FFE, 0x7FDE, 0x5EB4,
    0x5EB4, 0x5AB4, 0x7B9B, 0x6291, 0x6AB0, 0x4188, 0x28E4, 0x28E2,
    0x3D82, 0x4E01, 0x5640, 0x6AE0, 0x6AC5, 0x772A, 0x3D02, 0x4947,
    0x3908, 0x1CAA, 0x18CA, 0x24A8, 0x520E, 0x66B4, 0x3D8D, 0x28CB,
    0x352B, 0x6AD4, 0x5A51, 0x290D, 0x212E, 0x1D2F, 0x1D2F, 0x1D2E,
    0x214F, 0x212E, 0x212E, 0x212E, 0x212F, 0x214F, 0x214F, 0x252E,
    0x6F36, 0x562F, 0x3D66, 0x562E, 0x6EF5, 0x62B3, 0x62B2, 0x5E90,
    0x560C, 0x5E6F, 0x5A70, 0x62D4, 0x5ED4, 0x5692, 0x5671, 0x5AB2,
    0x5AB3, 0x5AB2, 0x5ED4, 0x5ED5, 0x6B16, 0x564F, 0x62B2, 0x45CB,
    0x49AB, 0x62B3, 0x5ED3, 0x5EB1, 0x564C, 0x5E8F, 0x6AD3, 0x66D3,
    0x66F5, 0x5AD3, 0x62F5, 0x5AB3, 0x56B2, 0x6715, 0x6B36, 0x5ED5,
    0x62F6, 0x5ED3, 0x5AB2, 0x6292, 0x55CB, 0x59EB, 0x3904, 0x2820,
    0x4D25, 0x6A4D, 0x726F, 0x6E4D, 0x5968, 0x7250, 0x6E0E, 0x558B,
    0x30C5, 0x6651, 0x5DAC, 0x48E5, 0x4D06, 0x5D8B, 0x558B, 0x51CC,
    0x62B2, 0x5E70, 0x49CB, 0x4E0D, 0x5AB2, 0x6715, 0x5670, 0x66D3,
    0x5A70, 0x62D4, 0x62F5, 0x62F4, 0x62F5, 0x62F5, 0x5250, 0x5AB3,
    0x5ED4, 0x62F5, 0x5EF5, 0x62F5, 0x5EB3, 0x62B3, 0x5E91, 0x4188,
    0x49CB, 0x5EB1, 0x66D2, 0x564E, 0x62D2, 0x6AF3, 0x62B2, 0x62D4,
    0x6716, 0x5EB4, 0x5693, 0x5EB4, 0x62F6, 0x62F6, 0x5AB4, 0x5A94,
    0x5EB4, 0x5A92, 0x66D4, 0x5A71, 0x45AB, 0x49CC, 0x5A70, 0x62B2,
    0x5E90, 0x49EB, 0x5E71, 0x6AB4, 0x62B4, 0x62F5, 0x62F5, 0x6316,
    0x5ED4, 0x6B14, 0x62AF, 0x5E6A, 0x5E60, 0x6AA1, 0x6AA7, 0x5A04,
    0x59E3, 0x55A1, 0x59C4, 0x6ECC, 0x6AAC, 0x66AB, 0x5604, 0x626A,
    0x5E08, 0x51E0, 0x6AC0, 0x7700, 0x7740, 0x7B85, 0x7FF0, 0x776F,
    0x3963, 0x3148, 0x5694, 0x5AB5, 0x62D5, 0x6AF6, 0x560E, 0x5A4F,
    0x5650, 0x62B4, 0x62B4, 0x66B3, 0x5A4F, 0x5A6F, 0x66D3, 0x62B2,
    0x5A71, 0x5672, 0x5272, 0x5672, 0x5AB3, 0x4E30, 0x66F7, 0x5ED5,
    0x66F5, 0x5672, 0x5A71, 0x562E, 0x562E, 0x5E91, 0x62B2, 0x62D3,
    0x62D4, 0x5E8F, 0x5A4E, 0x66B3, 0x41AE, 0x20C9, 0x18AA, 0x14CB,
    0x18AB, 0x1CAB, 0x1CCA, 0x1CCA, 0x1CCA, 0x1CCB, 0x18CB, 0x18CA,
    0x2D08, 0x5E70, 0x5E50, 0x2CC7, 0x20C9, 0x1CA9, 0x20A6, 0x45EC,
    0x7356, 0x398A, 0x1CA7, 0x18A8, 0x14A9, 0x3590, 0x3DD0, 0x5AD6,
    0x6B38, 0x739B, 0x7FFE, 0x7FFE, 0x7FFE, 0x7FDC, 0x66D5, 0x6B16,
    0x7FFE, 0x5273, 0x7B9B, 0x6ACE, 0x668B, 0x7311, 0x4E2C, 0x45E9,
    0x1C80, 0x3561, 0x5641, 0x66E0, 0x6AE3, 0x774B, 0x4145, 0x3CC3,
    0x3D07, 0x1CA7, 0x24C7, 0x5A0F, 0x6EB3, 0x392A, 0x20AB, 0x18CE,
    0x1CED, 0x3528, 0x72D3, 0x5610, 0x250C, 0x212E, 0x212E, 0x212F,
    0x212F, 0x212F, 0x212E, 0x212E, 0x212F, 0x2130, 0x212E, 0x292B,
    0x522F, 0x3D47, 0x520C, 0x5E91, 0x5EB3, 0x5671, 0x5AB2, 0x6B14,
    0x5A4E, 0x562D, 0x6AD2, 0x66D3, 0x66F5, 0x5A92, 0x5691, 0x5291,
    0x5AD4, 0x5692, 0x62F5, 0x62D4, 0x564F, 0x5EB1, 0x4189, 0x4DEC,
    0x6F15, 0x5651, 0x5EB3, 0x5691, 0x66F3, 0x4E0C, 0x5E4F, 0x5E71,
    0x66F4, 0x6716, 0x6B58, 0x5EF4, 0x56B2, 0x5AD3, 0x5EF4, 0x6716,
    0x5A93, 0x62B4, 0x62F3, 0x522D, 0x4D89, 0x34C4, 0x2020, 0x4081,
    0x6526, 0x6167, 0x660B, 0x76D0, 0x55AA, 0x6E0D, 0x762F, 0x59CC,
    0x59EE, 0x3D49, 0x59CD, 0x48C5, 0x5128, 0x59AB, 0x55AB, 0x5A0E,
    0x6291, 0x49AA, 0x564F, 0x66F4, 0x6716, 0x6716, 0x66F3, 0x522E,
    0x66D3, 0x62D3, 0x66F5, 0x5ED4, 0x5671, 0x5692, 0x62F5, 0x62F4,
    0x5ED4, 0x5AB3, 0x5692, 0x62D5, 0x66D4, 0x66D3, 0x3D47, 0x562E,
    0x7336, 0x66F5, 0x62D3, 0x62D3, 0x522E, 0x62B2, 0x6AD3, 0x5EB2,
    0x5692, 0x5AB3, 0x5AB3, 0x5A93, 0x4E50, 0x5AB4, 0x5693, 0x62F7,
    0x5A93, 0x5A71, 0x62B2, 0x4DEC, 0x4DEC, 0x66D4, 0x5A92, 0x5EB2,
    0x5690, 0x5EB2, 0x4DEC, 0x5E70, 0x6AD4, 0x66D4, 0x5ED4, 0x5293,
    0x6317, 0x62D5, 0x5650, 0x562B, 0x5622, 0x66A3, 0x72CA, 0x4D84,
    0x59C3, 0x4DA0, 0x6663, 0x6246, 0x7711, 0x66A9, 0x5622, 0x4582,
    0x6E8D, 0x6645, 0x6EC0, 0x6680, 0x7700, 0x7763, 0x7FEE, 0x7BB1,
    0x524B, 0x5251, 0x5AB5, 0x5272, 0x5A50, 0x560E, 0x562D, 0x66F4,
    0x5672, 0x5AB4, 0x5AB3, 0x5651, 0x66F5, 0x520D, 0x66B2, 0x66B2,
    0x62B2, 0x5EB3, 0x5A93, 0x5ED5, 0x5271, 0x5272, 0x5A93, 0x5651,
    0x5EB3, 0x5A92, 0x562F, 0x51EC, 0x66D3, 0x62B3, 0x66F5, 0x5A93,
    0x5A93, 0x66F4, 0x5E91, 0x5E71, 0x5E71, 0x354A, 0x18A9, 0x18AC,
    0x18AC, 0x18CB, 0x18CB, 0x18CA, 0x1CCA, 0x1CCA, 0x1CA9, 0x3529,
    0x5E72, 0x522F, 0x24C6, 0x20A8, 0x1CC9, 0x18CA, 0x1CC9, 0x20A6,
    0x4A0D, 0x6F15, 0x3148, 0x1CA7, 0x188A, 0x3591, 0x39D1, 0x5AB6,
    0x6B59, 0x779C, 0x7FDE, 0x7FFE, 0x7BBC, 0x5EB3, 0x66F5, 0x7FFD,
    0x7FFE, 0x6F7B, 0x6736, 0x6B0C, 0x6EE7, 0x6AAB, 0x6EEF, 0x5649,
    0x3522, 0x1C61, 0x3D63, 0x66C4, 0x66E2, 0x774B, 0x4587, 0x3883,
    0x3D07, 0x24E5, 0x5250, 0x55EF, 0x30C9, 0x20AA, 0x1CCD, 0x18CC,
    0x18EB, 0x20CA, 0x3529, 0x6AD4, 0x4E11, 0x250B, 0x210C, 0x210D,
    0x1D0E, 0x1D0E, 0x210E, 0x1D0D, 0x1D0E, 0x250D, 0x2D0B, 0x4DEE,
    0x3948, 0x5A70, 0x66F4, 0x6F37, 0x62F6, 0x6316, 0x5692, 0x62D4,
    0x6F15, 0x562D, 0x562C, 0x6290, 0x5E91, 0x5A92, 0x62D4, 0x5692,
    0x5ED4, 0x5AB3, 0x62F5, 0x66D4, 0x5E91, 0x3D67, 0x4E0D, 0x5A71,
    0x5EB3, 0x5A92, 0x6B37, 0x6716, 0x6B16, 0x62B2, 0x51EC, 0x5A2F,
    0x6AF5, 0x6716, 0x6737, 0x5ED3, 0x5291, 0x6716, 0x5AB3, 0x62F5,
    0x6B17, 0x66D5, 0x4E0D, 0x45C9, 0x3926, 0x1C22, 0x34A4, 0x4CC3,
    0x6968, 0x6588, 0x6187, 0x6A0C, 0x662E, 0x6A2D, 0x6E4E, 0x518A,
    0x6A30, 0x414A, 0x34C6, 0x3CC5, 0x4D28, 0x59AC, 0x59AB, 0x5A0D,
    0x4189, 0x520E, 0x62B3, 0x5ED4, 0x62F5, 0x6716, 0x6B15, 0x5EB1,
    0x4E0D, 0x5E91, 0x66D4, 0x62D3, 0x6716, 0x62F5, 0x6716, 0x6715,
    0x6716, 0x7379, 0x66F4, 0x6F37, 0x5E71, 0x3947, 0x5A70, 0x66D3,
    0x6F15, 0x5AB3, 0x66F6, 0x6B16, 0x5EB3, 0x522F, 0x66D4, 0x6B15,
    0x6715, 0x5A92, 0x6716, 0x6716, 0x62F5, 0x5ED4, 0x5272, 0x5AB3,
    0x66F5, 0x66D4, 0x3D47, 0x520D, 0x62B2, 0x62D4, 0x6716, 0x6316,
    0x5EF4, 0x5AB3, 0x66F4, 0x49CB, 0x6291, 0x6F15, 0x62D5, 0x5ED5,
    0x6718, 0x5273, 0x41CF, 0x20A2, 0x5225, 0x6264, 0x6EAB, 0x4D84,
    0x4DA1, 0x4DC0, 0x6AA1, 0x6246, 0x72EE, 0x6EEA, 0x4DE0, 0x4DC1,
    0x51A3, 0x6247, 0x6E85, 0x5E20, 0x7B40, 0x7B82, 0x7FCF, 0x7FD3,
    0x5EAE, 0x5E93, 0x66D6, 0x5A71, 0x49CA, 0x562D, 0x5E91, 0x66F5,
    0x5ED4, 0x5EF5, 0x5272, 0x5AB3, 0x5251, 0x5EB2, 0x520D, 0x6AD3,
    0x5E70, 0x5A71, 0x5672, 0x5251, 0x5692, 0x66F6, 0x5E93, 0x66D5,
    0x62D4, 0x4DED, 0x520D, 0x62B2, 0x62B3, 0x5A92, 0x5692, 0x5ED5,
    0x5ED5, 0x62D5, 0x66D4, 0x5E70, 0x6290, 0x5650, 0x1C87, 0x1CAB,
    0x18AB, 0x18CC, 0x18CC, 0x18CB, 0x1CCA, 0x20C9, 0x394B, 0x6271,
    0x49CE, 0x20C7, 0x1CC9, 0x18E9, 0x18C9, 0x18C9, 0x18CA, 0x1CA9,
    0x20A6, 0x4A0D, 0x6F37, 0x314A, 0x1887, 0x39B1, 0x3DD0, 0x5AB7,
    0x6739, 0x779C, 0x7FDD, 0x779B, 0x5A92, 0x6716, 0x7FFC, 0x7FFE,
    0x7FFF, 0x7BDE, 0x5AB3, 0x6F2F, 0x6284, 0x6688, 0x5A4B, 0x6ECE,
    0x4DC4, 0x3941, 0x2463, 0x3DA4, 0x5EC5, 0x734C, 0x520A, 0x3483,
    0x3CE6, 0x5A4F, 0x49EE, 0x24C9, 0x1CAB, 0x18CD, 0x1CCC, 0x1CCB,
    0x1CEB, 0x18EC, 0x1CEB, 0x2D4A, 0x6AD5, 0x5230, 0x24E9, 0x20EB,
    0x1CED, 0x1CED, 0x1D0D, 0x210C, 0x210C, 0x2D0A, 0x5A31, 0x6AB3,
    0x6292, 0x6AF5, 0x5EB3, 0x5A93, 0x5AB4, 0x62F5, 0x5692, 0x62F4,
    0x62F4, 0x62D2, 0x562D, 0x5A2D, 0x6290, 0x66D3, 0x62F4, 0x5AB3,
    0x62F6, 0x5AB3, 0x66F5, 0x5E71, 0x4167, 0x562E, 0x62B2, 0x6F57,
    0x6316, 0x5EF5, 0x5692, 0x5672, 0x5AB3, 0x62D4, 0x5E91, 0x4DEB,
    0x5A4F, 0x6AF4, 0x62D3, 0x5AB3, 0x5AD4, 0x5AD5, 0x5ED6, 0x66F5,
    0x62D3, 0x49CC, 0x4E2E, 0x6B14, 0x28A4, 0x2CC7, 0x3CE6, 0x5082,
    0x6988, 0x6588, 0x61A9, 0x6A2E, 0x6E4F, 0x7290, 0x6A2D, 0x620C,
    0x55AC, 0x6672, 0x2483, 0x2462, 0x4548, 0x516A, 0x59A9, 0x4146,
    0x564F, 0x5250, 0x5692, 0x5ED4, 0x62F5, 0x5A92, 0x5271, 0x5AB2,
    0x66F4, 0x522E, 0x6AF3, 0x5E91, 0x5691, 0x5671, 0x5692, 0x5AB2,
    0x62F4, 0x5671, 0x62B3, 0x5A71, 0x3927, 0x520E, 0x62D3, 0x5EB2,
    0x5EB3, 0x5A93, 0x66F6, 0x62F5, 0x62F4, 0x5A91, 0x522E, 0x6B15,
    0x62D3, 0x62F4, 0x5A92, 0x5692, 0x5692, 0x5692, 0x6B37, 0x5EB2,
    0x564F, 0x3D67, 0x562E, 0x62D3, 0x5ED3, 0x56B3, 0x5693, 0x5ED5,
    0x5672, 0x62F5, 0x66F5, 0x5670, 0x4DCB, 0x5E71, 0x6293, 0x5A73,
    0x5EB4, 0x5ED5, 0x56B4, 0x1461, 0x28E1, 0x55E6, 0x4D82, 0x51A2,
    0x55E0, 0x5E40, 0x5200, 0x6AA1, 0x66A9, 0x66A8, 0x45C0, 0x4DC0,
    0x55E1, 0x55C1, 0x6247, 0x6EA6, 0x7B40, 0x7B60, 0x7B8C, 0x7790,
    0x568C, 0x5E93, 0x6273, 0x4DCC, 0x5E70, 0x66B3, 0x66F5, 0x5251,
    0x4E50, 0x4E50, 0x5693, 0x5251, 0x5693, 0x5672, 0x66D4, 0x520D,
    0x6AD3, 0x5A71, 0x5672, 0x4E50, 0x460E, 0x4E50, 0x5651, 0x5671,
    0x45AA, 0x520D, 0x5A50, 0x66D5, 0x5A92, 0x5AB3, 0x5692, 0x5ED5,
    0x6717, 0x5AB4, 0x62D4, 0x7357, 0x564F, 0x6292, 0x5230, 0x1C85,
    0x18AA, 0x18AB, 0x18AC, 0x1CAA, 0x20A8, 0x418C, 0x5E71, 0x418B,
    0x24A8, 0x1CCA, 0x18C9, 0x18E9, 0x18CB, 0x18CB, 0x18CB, 0x1CCB,
    0x1CA9, 0x1CA7, 0x4A0F, 0x6F57, 0x3569, 0x3DAE, 0x3DCF, 0x5AB6,
    0x6739, 0x779B, 0x7359, 0x522F, 0x6715, 0x7FDC, 0x7FFD, 0x7FFE,
    0x7FFF, 0x7FFE, 0x6716, 0x6F0D, 0x6EE5, 0x6AEA, 0x3966, 0x6AAF,
    0x6EEC, 0x55E4, 0x49C5, 0x24C0, 0x2902, 0x6F30, 0x45C9, 0x3D07,
    0x5E2F, 0x458B, 0x24A9, 0x18A9, 0x18CC, 0x18CD, 0x18CC, 0x1CCC,
    0x1CED, 0x18CC, 0x18EC, 0x1CEA, 0x2D28, 0x66D3, 0x5630, 0x2D2C,
    0x24ED, 0x1CED, 0x210D, 0x250C, 0x310A, 0x5A31, 0x6AD5, 0x3D4B,
    0x6B15, 0x62D3, 0x5EB3, 0x6B37, 0x5AB4, 0x62D5, 0x62D4, 0x5271,
    0x5ED4, 0x5A71, 0x62B1, 0x6290, 0x66B1, 0x6EF4, 0x564F, 0x5A92,
    0x66F6, 0x6B17, 0x66D5, 0x3946, 0x5E70, 0x66D3, 0x5AB2, 0x5ED4,
    0x5AD4, 0x5AB4, 0x5692, 0x6B37, 0x5ED4, 0x5ED4, 0x5ED3, 0x5A70,
    0x522D, 0x62B0, 0x62B1, 0x5ED3, 0x5ED5, 0x6317, 0x66F6, 0x5A70,
    0x45EB, 0x4A0D, 0x66F4, 0x66D4, 0x5A71, 0x3527, 0x3CC5, 0x54C6,
    0x6DCA, 0x5D67, 0x61CA, 0x6A4E, 0x5E0D, 0x6A2E, 0x76B2, 0x622D,
    0x5A2F, 0x6230, 0x3D49, 0x1861, 0x30E5, 0x5168, 0x4D47, 0x5A2F,
    0x5AB2, 0x56B3, 0x5693, 0x5AB3, 0x5ED4, 0x5672, 0x5271, 0x4A2F,
    0x66F5, 0x4E0D, 0x5A4F, 0x5A6F, 0x5670, 0x5250, 0x4A2F, 0x5AD3,
    0x5AB2, 0x62B3, 0x4E0D, 0x3947, 0x5A4F, 0x564F, 0x5650, 0x4E2F,
    0x5693, 0x5671, 0x4A0E, 0x5250, 0x5AB2, 0x5270, 0x566F, 0x5670,
    0x6B15, 0x6B15, 0x5AB2, 0x5AB2, 0x5EB3, 0x5A71, 0x564F, 0x5A91,
    0x3946, 0x564F, 0x62D3, 0x66F5, 0x6715, 0x62F6, 0x5AB4, 0x5A94,
    0x6B17, 0x5AB3, 0x5692, 0x6B37, 0x6AF5, 0x522F, 0x5A51, 0x66D4,
    0x62B3, 0x4E50, 0x6F59, 0x4A0E, 0x2CC4, 0x4967, 0x626B, 0x772D,
    0x5E62, 0x4DE0, 0x5A60, 0x7323, 0x7B4C, 0x6ECA, 0x4DE1, 0x5200,
    0x51E0, 0x5E43, 0x4561, 0x6EA7, 0x72E2, 0x7722, 0x7B69, 0x7BD0,
    0x5E8C, 0x5E70, 0x4DAC, 0x5E71, 0x6292, 0x5E93, 0x6B17, 0x5A93,
    0x62F5, 0x5692, 0x5A93, 0x5EB4, 0x5AB4, 0x5AB4, 0x62D5, 0x564F,
    0x522F, 0x6B15, 0x5EB2, 0x4A2F, 0x4A2F, 0x5671, 0x5671, 0x41AA,
    0x564F, 0x66F4, 0x5A92, 0x5A93, 0x66F6, 0x5693, 0x5693, 0x5AB3,
    0x5692, 0x5ED3, 0x5ED4, 0x5EB3, 0x5A71, 0x45AB, 0x66D3, 0x5E91,
    0x1C87, 0x1CA9, 0x1CAA, 0x20A8, 0x4DCE, 0x5E71, 0x3969, 0x1CC8,
    0x1CCA, 0x1CCB, 0x1CCA, 0x1CCA, 0x1CCD, 0x1CCD, 0x18CC, 0x18CB,
    0x18AA, 0x1CA9, 0x1C86, 0x4A2D, 0x6F57, 0x460E, 0x3DAD, 0x5AB5,
    0x6F39, 0x6717, 0x524F, 0x6B36, 0x7FDC, 0x7FFD, 0x7FFD, 0x7FFE,
    0x7FFE, 0x7FFE, 0x6F37, 0x6AEB, 0x6EE3, 0x6B09, 0x4E2A, 0x6AF0,
    0x5A27, 0x770D, 0x5E68, 0x41C3, 0x20A4, 0x3126, 0x4587, 0x5A0D,
    0x4549, 0x34C8, 0x20AB, 0x14CB, 0x14CC, 0x1CCD, 0x18CD, 0x18CE,
    0x1CEE, 0x18CD, 0x1CED, 0x1CEB, 0x210B, 0x3128, 0x62B4, 0x6294,
    0x2D2B, 0x250D, 0x250C, 0x314C, 0x6272, 0x6273, 0x352A, 0x290C,
    0x66F5, 0x66F5, 0x62F5, 0x62F5, 0x62D4, 0x5692, 0x62F5, 0x5AB3,
    0x5EB4, 0x62D5, 0x5A92, 0x62D3, 0x522D, 0x6AF2, 0x6F36, 0x6B16,
    0x6F17, 0x560F, 0x4568, 0x62B1, 0x66F4, 0x6717, 0x5693, 0x62D4,
    0x6B16, 0x5EB3, 0x62D4, 0x5EB3, 0x56B3, 0x5EF5, 0x5ED5, 0x5672,
    0x66F4, 0x564E, 0x6AF3, 0x6F36, 0x5ED4, 0x5ED3, 0x66F3, 0x45A9,
    0x5671, 0x62F5, 0x5EB3, 0x6F36, 0x62B3, 0x3D28, 0x3883, 0x48E7,
    0x65EB, 0x5DA9, 0x660C, 0x726F, 0x59CB, 0x662E, 0x6A90, 0x7313,
    0x624F, 0x5A0E, 0x4949, 0x30A3, 0x3D06, 0x4948, 0x4128, 0x5A71,
    0x62F5, 0x56D3, 0x6736, 0x5A92, 0x5692, 0x5AB4, 0x5AB4, 0x5271,
    0x6B37, 0x5EB2, 0x62B3, 0x5E8F, 0x6F14, 0x62D3, 0x62D4, 0x66F4,
    0x62B2, 0x49CC, 0x3D89, 0x66F4, 0x6B15, 0x5A92, 0x5ED4, 0x6716,
    0x5271, 0x62F5, 0x6737, 0x5692, 0x5271, 0x5270, 0x5691, 0x5691,
    0x4E2E, 0x6B35, 0x6314, 0x5ED4, 0x5651, 0x62D3, 0x520D, 0x3D25,
    0x5A4F, 0x5671, 0x5AB3, 0x5271, 0x5ED4, 0x4E51, 0x5272, 0x6716,
    0x62F5, 0x5ED4, 0x5ED4, 0x62F5, 0x62F6, 0x62D4, 0x4E0D, 0x6271,
    0x6293, 0x6F18, 0x5E93, 0x562F, 0x4167, 0x3523, 0x62AD, 0x7770,
    0x66A5, 0x5E61, 0x5E40, 0x6AC4, 0x7B4C, 0x6ACA, 0x5A44, 0x5A20,
    0x51E0, 0x5601, 0x51E0, 0x6EA3, 0x6685, 0x7308, 0x776C, 0x7F8F,
    0x5E4A, 0x4DAA, 0x5E51, 0x6AF5, 0x5672, 0x5272, 0x5AB4, 0x56B3,
    0x5ED4, 0x5ED4, 0x5272, 0x5AB4, 0x5272, 0x4A30, 0x5251, 0x4A0E,
    0x5EB3, 0x4E4E, 0x7377, 0x5EB3, 0x5652, 0x5650, 0x4188, 0x564F,
    0x5671, 0x5692, 0x5ED4, 0x5A93, 0x62D5, 0x5ED5, 0x62F5, 0x62F5,
    0x62F5, 0x6715, 0x62F5, 0x5692, 0x5A93, 0x4E30, 0x3548, 0x6AF5,
    0x66F5, 0x20A6, 0x24C7, 0x5630, 0x6271, 0x3108, 0x1CC8, 0x18CA,
    0x1CCB, 0x1CCC, 0x1CCC, 0x1CCC, 0x1CCC, 0x18CC, 0x18AB, 0x18CB,
    0x1CCA, 0x1CA9, 0x1CA8, 0x1CA7, 0x41EB, 0x7357, 0x5650, 0x5E94,
    0x5EB4, 0x5250, 0x6F37, 0x7FFD, 0x7FFD, 0x7FFD, 0x7FFD, 0x7FFE,
    0x7FFE, 0x7FFE, 0x779A, 0x66A9, 0x6AE3, 0x66C5, 0x5A6C, 0x66CD,
    0x5202, 0x5A07, 0x7732, 0x564A, 0x24A3, 0x416A, 0x51EB, 0x4127,
    0x3CC5, 0x38C7, 0x20AA, 0x14CE, 0x18CD, 0x1CCC, 0x18CD, 0x18CE,
    0x1CEE, 0x18ED, 0x1CED, 0x1CED, 0x210E, 0x212C, 0x312C, 0x6293,
    0x66D4, 0x2D29, 0x356B, 0x5A92, 0x5630, 0x2D09, 0x250C, 0x210D,
    0x5EB3, 0x5AB2, 0x5AB3, 0x5AB3, 0x4E2F, 0x62D4, 0x6716, 0x5ED5,
    0x5EF5, 0x5ED4, 0x5AB3, 0x62F5, 0x62D3, 0x5A90, 0x6AF4, 0x6AF4,
    0x45CA, 0x45A8, 0x628F, 0x6B15, 0x6717, 0x5AB4, 0x6717, 0x6716,
    0x5A92, 0x62D4, 0x5EB3, 0x5ED3, 0x62F5, 0x62F5, 0x62F5, 0x5ED4,
    0x5EB3, 0x62D3, 0x5EB1, 0x6B14, 0x62D3, 0x62D3, 0x4188, 0x5E90,
    0x62D3, 0x62F5, 0x5EF5, 0x5671, 0x66F5, 0x416A, 0x38A5, 0x48E5,
    0x61EC, 0x5DEB, 0x7290, 0x726F, 0x6E92, 0x5DED, 0x662E, 0x6690,
    0x7735, 0x5E4F, 0x4D68, 0x5148, 0x4127, 0x30C5, 0x3507, 0x5E72,
    0x62F5, 0x5EF4, 0x5ED4, 0x5AB3, 0x5AB4, 0x6316, 0x6716, 0x62F5,
    0x5ED4, 0x6F58, 0x6716, 0x5E92, 0x522D, 0x6F13, 0x66D3, 0x6AD5,
    0x45AB, 0x4189, 0x62D3, 0x5250, 0x5270, 0x4E50, 0x62D4, 0x4E50,
    0x5AB4, 0x5692, 0x5AB3, 0x5272, 0x5ED5, 0x62F5, 0x5692, 0x5ED4,
    0x62F4, 0x5A91, 0x6B36, 0x6B36, 0x62D3, 0x49EC, 0x3D68, 0x6292,
    0x66D3, 0x6715, 0x5ED4, 0x62F5, 0x5692, 0x5ED4, 0x5272, 0x5ED4,
    0x6717, 0x5ED4, 0x62F5, 0x5ED4, 0x5A93, 0x62D4, 0x5EB3, 0x522F,
    0x62B2, 0x7737, 0x4DEE, 0x3946, 0x2062, 0x1421, 0x3144, 0x6B12,
    0x6F0D, 0x7325, 0x6280, 0x6AC3, 0x772C, 0x6ACA, 0x6287, 0x5A20,
    0x5621, 0x49C0, 0x6680, 0x6EA0, 0x6260, 0x6287, 0x772C, 0x628A,
    0x4DA7, 0x66B3, 0x66B5, 0x66F6, 0x5ED5, 0x5693, 0x5AB4, 0x5ED5,
    0x6717, 0x62F5, 0x5693, 0x62F6, 0x6316, 0x5272, 0x5251, 0x4A0F,
    0x4E50, 0x5671, 0x522E, 0x7358, 0x560F, 0x45AA, 0x564F, 0x5A71,
    0x5250, 0x5E93, 0x5251, 0x5692, 0x5251, 0x5672, 0x5ED5, 0x5AB3,
    0x5ED3, 0x62F5, 0x5EF4, 0x5AD4, 0x5692, 0x5272, 0x3DAC, 0x2D28,
    0x66D3, 0x62B2, 0x562F, 0x520F, 0x28C7, 0x20C8, 0x1CC9, 0x1CCA,
    0x1CCA, 0x1CCB, 0x1CCB, 0x1CCB, 0x20EC, 0x210C, 0x1CCA, 0x1CCA,
    0x18CA, 0x1CAA, 0x1CAA, 0x1889, 0x1CA6, 0x3DAC, 0x6B16, 0x5A50,
    0x520E, 0x6B16, 0x7FDD, 0x7FFD, 0x7FFE, 0x7FFE, 0x7FFE, 0x7FFE,
    0x7FFE, 0x7FFE, 0x77BB, 0x5E88, 0x6AC3, 0x62A3, 0x5A8A, 0x5A8D,
    0x5224, 0x45E3, 0x4187, 0x7712, 0x51A9, 0x498B, 0x2CC6, 0x28A4,
    0x30A4, 0x55CD, 0x2CE9, 0x1CAB, 0x1CCB, 0x1CCB, 0x1CED, 0x1CED,
    0x18ED, 0x18ED, 0x1CED, 0x18EC, 0x1CEC, 0x1CEE, 0x20EC, 0x2CE9,
    0x5E92, 0x6AD2, 0x6290, 0x49ED, 0x24E9, 0x24EB, 0x20EC, 0x210C,
    0x66D5, 0x6B16, 0x5AB3, 0x62F5, 0x5A92, 0x5AB3, 0x5692, 0x6715,
    0x5AB3, 0x6717, 0x62F6, 0x5AD4, 0x6715, 0x5AB1, 0x5E90, 0x562E,
    0x4187, 0x6AF3, 0x6AF3, 0x6B16, 0x5272, 0x5693, 0x62F6, 0x5A93,
    0x5A92, 0x62D4, 0x5671, 0x62F4, 0x6716, 0x66F6, 0x5A93, 0x6717,
    0x5EB4, 0x62D4, 0x66F4, 0x66D2, 0x5EB2, 0x3D67, 0x62D2, 0x66F3,
    0x62D4, 0x56B4, 0x5693, 0x62D5, 0x66F7, 0x3D4A, 0x38E7, 0x44E6,
    0x5E0D, 0x5DEC, 0x662D, 0x7270, 0x76B2, 0x55AA, 0x6E71, 0x6250,
    0x6290, 0x7356, 0x4526, 0x3CE5, 0x1C41, 0x1C63, 0x6273, 0x6293,
    0x5EB3, 0x5ED4, 0x6736, 0x56B3, 0x62F6, 0x5AB4, 0x4E71, 0x5AD4,
    0x5AB3, 0x5ED4, 0x66F5, 0x66F6, 0x5EB3, 0x564D, 0x6EF3, 0x418A,
    0x49CC, 0x62B2, 0x5692, 0x62F4, 0x5ED4, 0x5ED5, 0x5693, 0x5672,
    0x5692, 0x5692, 0x6716, 0x6717, 0x5693, 0x5AB4, 0x5692, 0x5AB3,
    0x5ED3, 0x62F5, 0x5A91, 0x6B15, 0x49EC, 0x49CA, 0x62B2, 0x62D4,
    0x5ED4, 0x6B38, 0x5693, 0x5AB3, 0x5AB3, 0x5AB3, 0x5ED5, 0x5692,
    0x5ED4, 0x5AB3, 0x62F5, 0x62F5, 0x62F5, 0x5A93, 0x5ED4, 0x5A92,
    0x5A71, 0x4589, 0x4DCB, 0x5630, 0x1C62, 0x28E7, 0x1CA4, 0x20E5,
    0x4E0B, 0x6AE5, 0x6AC0, 0x66A3, 0x730C, 0x66AB, 0x6EE9, 0x5E42,
    0x5E61, 0x45A0, 0x6AC0, 0x6AA0, 0x6AC0, 0x5E41, 0x4DA4, 0x564B,
    0x520C, 0x5652, 0x4E32, 0x4A30, 0x4A30, 0x4E51, 0x4E31, 0x5693,
    0x4A30, 0x460F, 0x5271, 0x4E30, 0x4E50, 0x4A30, 0x5251, 0x5252,
    0x5672, 0x5271, 0x5A92, 0x458A, 0x4146, 0x5A4E, 0x564F, 0x5272,
    0x4A30, 0x5693, 0x62F5, 0x5672, 0x62D5, 0x5ED5, 0x5A93, 0x5AB3,
    0x5692, 0x5AB3, 0x62F5, 0x5692, 0x5AD4, 0x5293, 0x4630, 0x358D,
    0x28E4, 0x4DA9, 0x51CA, 0x2084, 0x1CC9, 0x1CCA, 0x1CA9, 0x1CCA,
    0x1CCA, 0x18CA, 0x1CCB, 0x1CCB, 0x1CCA, 0x1CCA, 0x1CCA, 0x1CCA,
    0x18CA, 0x18CA, 0x18AA, 0x18AA, 0x18C9, 0x398D, 0x3969, 0x562D,
    0x6AF3, 0x7B9A, 0x7FDD, 0x7FFE, 0x7FFE, 0x7FFE, 0x7FFE, 0x7FFE,
    0x7FFE, 0x7FFE, 0x7BBC, 0x5228, 0x6AC2, 0x62A1, 0x62A9, 0x4A09,
    0x5648, 0x45E0, 0x3942, 0x4124, 0x5A09, 0x4DE8, 0x3546, 0x20A4,
    0x2CA5, 0x4127, 0x416C, 0x2D0B, 0x20C9, 0x18CB, 0x18CC, 0x18CC,
    0x1CED, 0x1CED, 0x1CEC, 0x18EC, 0x1CEC, 0x1CEC, 0x1D0B, 0x20E9,
    0x3528, 0x5E4D, 0x5E6F, 0x28E8, 0x210B, 0x20EC, 0x20EB, 0x20EA,
    0x5AB3, 0x5EB3, 0x5EB3, 0x5AB2, 0x62D4, 0x62F5, 0x6716, 0x5A92,
    0x6B16, 0x5ED4, 0x6B17, 0x66F6, 0x6B17, 0x66F4, 0x564E, 0x3D88,
    0x5E91, 0x6F16, 0x5AB4, 0x5AD4, 0x5EF6, 0x5ED4, 0x4E50, 0x6716,
    0x5ED4, 0x6B37, 0x62F5, 0x5692, 0x5A92, 0x5672, 0x5ED5, 0x62D5,
    0x5693, 0x5272, 0x66F5, 0x5EB2, 0x3104, 0x564F, 0x5EB2, 0x5AB3,
    0x5693, 0x52B3, 0x5EF6, 0x6717, 0x45EF, 0x394B, 0x3908, 0x4107,
    0x5E2F, 0x5DED, 0x6A0D, 0x766F, 0x7AD2, 0x5DCB, 0x7271, 0x6A51,
    0x59EC, 0x4568, 0x4167, 0x24E4, 0x1482, 0x1442, 0x28A5, 0x6293,
    0x62B3, 0x6715, 0x5AB2, 0x5ED4, 0x5AB4, 0x5271, 0x5EF5, 0x5EF5,
    0x6315, 0x6B37, 0x5692, 0x6737, 0x6B57, 0x62D3, 0x3925, 0x3D87,
    0x5A90, 0x5AB3, 0x5ED5, 0x5692, 0x5AB3, 0x4A30, 0x5272, 0x5672,
    0x5693, 0x5692, 0x62F5, 0x5AB4, 0x6717, 0x6717, 0x5EB4, 0x62F5,
    0x66F6, 0x5A92, 0x66D4, 0x3D67, 0x3945, 0x66B1, 0x5A70, 0x5EB4,
    0x5672, 0x5EB4, 0x5EB4, 0x5AB4, 0x62D4, 0x5AB3, 0x5ED5, 0x5ED4,
    0x62F6, 0x5ED5, 0x62F5, 0x6316, 0x66F6, 0x6716, 0x62F6, 0x6B38,
    0x5250, 0x49A9, 0x6EF3, 0x49ED, 0x4A07, 0x3143, 0x3565, 0x3565,
    0x1C80, 0x3521, 0x6287, 0x6AAA, 0x6EEC, 0x66CB, 0x6AC8, 0x6264,
    0x6283, 0x5A20, 0x6AA0, 0x6680, 0x6280, 0x5600, 0x4DC7, 0x7332,
    0x45EC, 0x5693, 0x5274, 0x5273, 0x5A94, 0x5A94, 0x4E51, 0x4E51,
    0x5EB4, 0x4E51, 0x5AB4, 0x5672, 0x5AB4, 0x5693, 0x5EB5, 0x5252,
    0x4E31, 0x460F, 0x5A92, 0x3107, 0x626E, 0x66D1, 0x4E2E, 0x4630,
    0x5AB5, 0x5693, 0x5AB3, 0x5693, 0x5AB3, 0x5672, 0x5A92, 0x5692,
    0x5692, 0x62D5, 0x6B17, 0x5EB3, 0x62F5, 0x56B3, 0x5274, 0x39AE,
    0x28E6, 0x624E, 0x7B77, 0x24E6, 0x14C9, 0x14CA, 0x1CC9, 0x1CC9,
    0x1CC9, 0x1CCA, 0x1CCA, 0x1CCA, 0x1CCA, 0x1CCA, 0x1CCA, 0x1CCA,
    0x18AA, 0x18A9, 0x18C9, 0x14A9, 0x18CA, 0x358D, 0x524E, 0x7B96,
    0x7756, 0x779A, 0x7FFE, 0x7FFE, 0x7FFE, 0x7FFE, 0x7FFE, 0x7FFD,
    0x7FFE, 0x7FFE, 0x7BBB, 0x4E08, 0x62A2, 0x62A0, 0x66C8, 0x3DA6,
    0x5E8B, 0x5200, 0x4984, 0x4145, 0x7311, 0x732F, 0x5A8C, 0x20A4,
    0x28A5, 0x4107, 0x30A7, 0x4190, 0x290C, 0x1CCC, 0x18CC, 0x18EC,
    0x1CCC, 0x1CED, 0x1CEC, 0x18EC, 0x1CEB, 0x1CEB, 0x1D0B, 0x1D0A,
    0x3129, 0x6F13, 0x7377, 0x250A, 0x20EB, 0x1CCB, 0x20EA, 0x20E9,
    0x5271, 0x5671, 0x5A92, 0x5ED4, 0x62F5, 0x6716, 0x6F59, 0x62D4,
    0x62D5, 0x66F5, 0x5A94, 0x5A93, 0x62B4, 0x5EB2, 0x45EB, 0x66F2,
    0x6AF4, 0x5A73, 0x5EF7, 0x5293, 0x5ED3, 0x62F5, 0x5AB3, 0x5671,
    0x62F5, 0x5271, 0x5692, 0x5AB3, 0x62F5, 0x62D5, 0x5692, 0x5251,
    0x5AB4, 0x6316, 0x4E71, 0x39A9, 0x62B1, 0x6F35, 0x6715, 0x5EF5,
    0x5EF6, 0x5AD5, 0x5EF5, 0x62F5, 0x460E, 0x1442, 0x2485, 0x3D29,
    0x5A0F, 0x61ED, 0x5D89, 0x722D, 0x766E, 0x6A0D, 0x7650, 0x6A0E,
    0x5DEC, 0x562E, 0x6F35, 0x3167, 0x1483, 0x3128, 0x3D49, 0x5650,
    0x62D5, 0x62F5, 0x6737, 0x6B37, 0x6716, 0x5EF5, 0x5ED4, 0x5EF5,
    0x6B37, 0x5ED5, 0x5A93, 0x5EF5, 0x6737, 0x524F, 0x3D88, 0x7354,
    0x564E, 0x5693, 0x5ED5, 0x5AB4, 0x62F6, 0x5A93, 0x5672, 0x5ED4,
    0x5692, 0x5270, 0x5692, 0x5ED5, 0x5ED4, 0x5692, 0x5271, 0x5692,
    0x5AB3, 0x5672, 0x5650, 0x3125, 0x7354, 0x6AF3, 0x6B36, 0x5AD5,
    0x5271, 0x5272, 0x62F6, 0x62F6, 0x5EB3, 0x5672, 0x5EB4, 0x62D5,
    0x4E50, 0x62F6, 0x62F5, 0x6716, 0x5AB4, 0x5ED5, 0x5ED5, 0x62F5,
    0x4E0E, 0x6AD2, 0x72F3, 0x66B2, 0x5A48, 0x5221, 0x5243, 0x66C4,
    0x62A3, 0x4180, 0x1C60, 0x3504, 0x5A4D, 0x6F10, 0x6288, 0x6AC6,
    0x5E60, 0x6260, 0x6260, 0x5E40, 0x5E40, 0x5200, 0x5209, 0x7772,
    0x7797, 0x5694, 0x5ED7, 0x5ED6, 0x5AB4, 0x5A73, 0x5ED5, 0x5252,
    0x5693, 0x4E51, 0x5AB4, 0x5672, 0x5ED5, 0x5271, 0x5A93, 0x5273,
    0x5693, 0x4E51, 0x5650, 0x45AA, 0x6EF2, 0x66D1, 0x526F, 0x4A30,
    0x4630, 0x462F, 0x4E30, 0x5693, 0x4A0E, 0x5692, 0x5ED4, 0x62F5,
    0x5A93, 0x5672, 0x5672, 0x5A92, 0x66F5, 0x62F5, 0x5673, 0x3DCE,
    0x2906, 0x562D, 0x7776, 0x24E5, 0x14C8, 0x18C9, 0x1CC8, 0x1CC9,
    0x1CCA, 0x1CCA, 0x1CCA, 0x1CCA, 0x1CCA, 0x1CCA, 0x1CCB, 0x1CCA,
    0x1CCA, 0x18C9, 0x18C8, 0x14A8, 0x1CA8, 0x398C, 0x4E4D, 0x7776,
    0x7357, 0x77BB, 0x7BDD, 0x7FFE, 0x7FFE, 0x7FFE, 0x7FFE, 0x7FFE,
    0x7FFE, 0x7FFE, 0x7BBB, 0x522A, 0x5220, 0x62A0, 0x5E84, 0x45C6,
    0x62AD, 0x4DA3, 0x2CC0, 0x4DCA, 0x7B74, 0x66CC, 0x5A8C, 0x3548,
    0x34E6, 0x4107, 0x2CC8, 0x20AB, 0x24CC, 0x1CCC, 0x18CC, 0x18CC,
    0x18CC, 0x1CED, 0x1CEC, 0x1CEC, 0x1CEB, 0x20EC, 0x1CEC, 0x210B,
    0x2D07, 0x6F34, 0x6F56, 0x2928, 0x24EA, 0x20EB, 0x210B, 0x210A,
    0x5271, 0x5EB3, 0x5A92, 0x5692, 0x5271, 0x5EB4, 0x5AB4, 0x62F5,
    0x5EB3, 0x5272, 0x5672, 0x5672, 0x4E2F, 0x62D3, 0x524E, 0x62B0,
    0x7314, 0x66D3, 0x5EB4, 0x5271, 0x6715, 0x5AB3, 0x5AB3, 0x5AB3,
    0x5AB3, 0x5ED4, 0x5692, 0x56B2, 0x5692, 0x5692, 0x5EB3, 0x5EB3,
    0x6717, 0x5ED5, 0x5AD3, 0x5EB1, 0x6AF2, 0x7314, 0x66F4, 0x5AB4,
    0x5AB4, 0x62F6, 0x5ED4, 0x5ED3, 0x5A92, 0x1CC4, 0x1442, 0x2CE8,
    0x4DAC, 0x65CC, 0x54E5, 0x71EB, 0x764D, 0x6E0C, 0x69CB, 0x6E0D,
    0x6A6E, 0x6F33, 0x6F33, 0x28E4, 0x3107, 0x51CD, 0x5A0D, 0x6292,
    0x5ED5, 0x5AF5, 0x5EF6, 0x5692, 0x5EB3, 0x5ED4, 0x5ED4, 0x5EF5,
    0x62F5, 0x5AB3, 0x5692, 0x5271, 0x62F4, 0x62D2, 0x522D, 0x7336,
    0x62B2, 0x5671, 0x5A93, 0x5EB4, 0x5A93, 0x5271, 0x5AB3, 0x6B37,
    0x5692, 0x62F5, 0x6716, 0x62F5, 0x5692, 0x5692, 0x4E6F, 0x56B2,
    0x5672, 0x62B5, 0x62B3, 0x5E90, 0x7354, 0x5EB1, 0x66F5, 0x5ED4,
    0x4E30, 0x5A93, 0x5AB4, 0x4E30, 0x5271, 0x5692, 0x62F6, 0x5672,
    0x62F6, 0x6716, 0x5692, 0x5ED4, 0x5ED4, 0x5A93, 0x5672, 0x5E93,
    0x5E71, 0x6F15, 0x6AD3, 0x6AD3, 0x5E69, 0x5A40, 0x7305, 0x7B42,
    0x7320, 0x7301, 0x5A60, 0x2D00, 0x1860, 0x522E, 0x6ACE, 0x72E7,
    0x6AC0, 0x6EC0, 0x5E60, 0x6240, 0x59E2, 0x3922, 0x6EEF, 0x6EEE,
    0x7754, 0x4E30, 0x5274, 0x56B5, 0x5272, 0x5A94, 0x5673, 0x5694,
    0x4E51, 0x4E51, 0x5AB4, 0x5673, 0x5A93, 0x5271, 0x5A93, 0x5AB4,
    0x5ED5, 0x5692, 0x5E91, 0x66B1, 0x6AB1, 0x66B0, 0x5E90, 0x62B3,
    0x5251, 0x5693, 0x5271, 0x4E50, 0x5692, 0x5EB3, 0x5AB2, 0x5271,
    0x5271, 0x4E50, 0x5692, 0x5692, 0x5AB3, 0x5EB4, 0x5692, 0x41ED,
    0x49EB, 0x7B76, 0x6AF2, 0x62D3, 0x24C6, 0x1CA8, 0x1CA9, 0x1CC9,
    0x1CC9, 0x1CCA, 0x1CCA, 0x1CCA, 0x1CCA, 0x1CCA, 0x1CC9, 0x1CC9,
    0x1CC9, 0x1CA9, 0x18A8, 0x18A8, 0x20A7, 0x45CD, 0x7355, 0x6B13,
    0x7B9A, 0x779B, 0x7FFD, 0x7FFE, 0x7FFE, 0x7FFE, 0x7FFE, 0x7FFE,
    0x7FFF, 0x7FFF, 0x7BBC, 0x564E, 0x4E03, 0x6280, 0x6285, 0x49E6,
    0x460B, 0x2903, 0x45A5, 0x72CF, 0x72CC, 0x772D, 0x5E8D, 0x3506,
    0x3D05, 0x4128, 0x2CEA, 0x1CCC, 0x1CCC, 0x1CCC, 0x1CCC, 0x1CCC,
    0x1CCD, 0x1CED, 0x1CED, 0x1D0C, 0x18EB, 0x1CEB, 0x1CEC, 0x20E8,
    0x566F, 0x7735, 0x6B14, 0x66D4, 0x290A, 0x20EB, 0x1CEB, 0x190A,
    0x62D3, 0x5692, 0x5AB3, 0x5AB4, 0x62D4, 0x6B16, 0x5AB4, 0x6316,
    0x4A2F, 0x62F6, 0x5272, 0x5EB4, 0x62D3, 0x522E, 0x4E0D, 0x564E,
    0x5E6E, 0x66D1, 0x62B2, 0x5EB3, 0x5E92, 0x5692, 0x56B4, 0x5EF5,
    0x5ED3, 0x62D3, 0x5A93, 0x5ED5, 0x5251, 0x5AB4, 0x5AB4, 0x5ED5,
    0x5ED4, 0x66F5, 0x5E91, 0x5A4F, 0x5A4E, 0x5E90, 0x66F3, 0x5A91,
    0x5E71, 0x5671, 0x5AB3, 0x62D4, 0x5670, 0x3106, 0x2484, 0x1423,
    0x34E6, 0x65EE, 0x5CE7, 0x6D88, 0x720B, 0x6DCA, 0x6147, 0x726F,
    0x6EB0, 0x62B0, 0x6290, 0x6670, 0x51EC, 0x55CC, 0x51AA, 0x6EF5,
    0x5ED5, 0x56D4, 0x5AB4, 0x6B17, 0x6B37, 0x5ED4, 0x62F4, 0x6715,
    0x5AD3, 0x7379, 0x5292, 0x5A93, 0x6B15, 0x66D2, 0x66D2, 0x5E71,
    0x6AD4, 0x5A90, 0x5671, 0x66F7, 0x62D5, 0x5ED5, 0x6B58, 0x5ED4,
    0x5692, 0x5692, 0x5ED4, 0x62F5, 0x62F5, 0x5ED3, 0x5ED4, 0x56B2,
    0x4E50, 0x62B4, 0x66D4, 0x62B0, 0x5A6E, 0x62D2, 0x66F4, 0x62D3,
    0x62D5, 0x4A30, 0x5272, 0x5A93, 0x5271, 0x5AB3, 0x5692, 0x62F5,
    0x5A93, 0x5A93, 0x5ED4, 0x62F5, 0x5ED5, 0x62F6, 0x6B16, 0x62B3,
    0x5A70, 0x62B2, 0x522D, 0x6AD1, 0x666A, 0x5A00, 0x6EA0, 0x7F63,
    0x7720, 0x7720, 0x7320, 0x66A0, 0x5A65, 0x3985, 0x28C3, 0x5626,
    0x7725, 0x6EC0, 0x5E40, 0x55E1, 0x2CC1, 0x668D, 0x730C, 0x772C,
    0x6ACD, 0x66D2, 0x5A92, 0x4A4F, 0x4E51, 0x5293, 0x4A31, 0x4E51,
    0x4A30, 0x4E51, 0x4A30, 0x5272, 0x4A30, 0x5692, 0x5AB4, 0x5272,
    0x5A92, 0x5A70, 0x5A4E, 0x626F, 0x5E4E, 0x51EB, 0x6270, 0x6291,
    0x5A71, 0x5E93, 0x5671, 0x5ED5, 0x5293, 0x4A50, 0x5692, 0x5AB3,
    0x5693, 0x5271, 0x56B3, 0x5293, 0x5ED5, 0x5A93, 0x5A92, 0x5A50,
    0x7335, 0x566F, 0x24C4, 0x5E92, 0x66B3, 0x28C7, 0x20A9, 0x1CCA,
    0x18C8, 0x1CC9, 0x1CCB, 0x1CCA, 0x1CC9, 0x18C9, 0x18C8, 0x1CC8,
    0x1CA8, 0x1CA8, 0x1CA8, 0x18A7, 0x2CE6, 0x66D3, 0x62B2, 0x5A92,
    0x5EB4, 0x779A, 0x7FDC, 0x7FFD, 0x7FFD, 0x7FFE, 0x7FFE, 0x7FFE,
    0x7FFF, 0x7FFF, 0x7B9C, 0x5670, 0x4A07, 0x5622, 0x62A8, 0x4E29,
    0x1CA2, 0x4E0B, 0x5E8A, 0x6A89, 0x6EA3, 0x5E45, 0x6ECF, 0x4167,
    0x38A3, 0x34A5, 0x24C9, 0x14CC, 0x1CCD, 0x1CCC, 0x18CC, 0x18EC,
    0x1CED, 0x1CEC, 0x1CEC, 0x1CEC, 0x18EC, 0x1CEA, 0x20E8, 0x4E2E,
    0x7335, 0x41AC, 0x3108, 0x66B4, 0x66D4, 0x2909, 0x1CEA, 0x1D0B,
    0x5A91, 0x5671, 0x5293, 0x5EB4, 0x5670, 0x5650, 0x5ED5, 0x4E51,
    0x5272, 0x5672, 0x5250, 0x5A70, 0x49EB, 0x49EB, 0x5A71, 0x62D3,
    0x5E90, 0x564E, 0x6AF3, 0x66D2, 0x62B3, 0x5692, 0x5AD5, 0x5693,
    0x5EB2, 0x7336, 0x5EB3, 0x5693, 0x6716, 0x5ED4, 0x5AD5, 0x62F5,
    0x62D3, 0x6F14, 0x51EC, 0x6271, 0x5A70, 0x62D2, 0x4E2D, 0x66D3,
    0x6AD3, 0x6AF4, 0x6716, 0x5AB4, 0x66F5, 0x51EC, 0x3D05, 0x34A4,
    0x2040, 0x3842, 0x58C8, 0x58C6, 0x65AA, 0x69EC, 0x6A0C, 0x620D,
    0x5A0D, 0x2CC4, 0x34E5, 0x620E, 0x6A70, 0x55AA, 0x622D, 0x66D3,
    0x6B37, 0x5292, 0x6B37, 0x6F38, 0x62F5, 0x5AB3, 0x5692, 0x6B36,
    0x6315, 0x62F5, 0x5EF5, 0x66F5, 0x62B1, 0x49CA, 0x562E, 0x6293,
    0x522E, 0x66F3, 0x66D4, 0x5250, 0x4E30, 0x5AB4, 0x5692, 0x5692,
    0x5692, 0x5AB3, 0x5ED4, 0x5ED4, 0x5ED4, 0x6B38, 0x6717, 0x5ED5,
    0x5EB3, 0x5A91, 0x520D, 0x5E70, 0x5A6F, 0x5E91, 0x5E90, 0x6F36,
    0x6B16, 0x5EB4, 0x5251, 0x62F5, 0x5692, 0x5693, 0x5ED4, 0x5A93,
    0x5672, 0x4E50, 0x5EB4, 0x5693, 0x62F6, 0x5EB4, 0x62B3, 0x520D,
    0x5E91, 0x6F16, 0x5A92, 0x45CC, 0x626C, 0x5E05, 0x6AA0, 0x7F61,
    0x7B40, 0x7300, 0x7B20, 0x6AE0, 0x6AC6, 0x7751, 0x4189, 0x2480,
    0x66A4, 0x6EA2, 0x51E0, 0x28A1, 0x55E9, 0x6688, 0x6AC3, 0x7B6A,
    0x774E, 0x5E6E, 0x62B2, 0x4E2D, 0x5272, 0x4E51, 0x4610, 0x5694,
    0x5272, 0x4E51, 0x5693, 0x5272, 0x5673, 0x5A94, 0x5EB4, 0x62B3,
    0x5A70, 0x5E6F, 0x5E6F, 0x520D, 0x5A70, 0x5A70, 0x522D, 0x522D,
    0x5A90, 0x66D4, 0x62B4, 0x5AB4, 0x5AD6, 0x4E51, 0x5650, 0x5A92,
    0x5AB4, 0x5272, 0x5693, 0x5ED5, 0x5693, 0x5E93, 0x5E91, 0x66B1,
    0x5A50, 0x2908, 0x18A6, 0x20A5, 0x5E72, 0x62B4, 0x28E8, 0x1CA9,
    0x1CC8, 0x1CC9, 0x18CA, 0x1CCA, 0x1CC9, 0x1CC8, 0x1CC8, 0x1CC8,
    0x1CC9, 0x1CC8, 0x1CA6, 0x24E6, 0x5A4F, 0x6292, 0x45CF, 0x5253,
    0x5674, 0x4A0F, 0x7379, 0x7FDD, 0x7FFD, 0x7FFD, 0x7FFE, 0x7FFE,
    0x7FFF, 0x7FFF, 0x779D, 0x3DAB, 0x4E2B, 0x49E5, 0x5249, 0x2903,
    0x3945, 0x668D, 0x6269, 0x5601, 0x6AA0, 0x6261, 0x5E69, 0x72F2,
    0x4548, 0x3485, 0x20A8, 0x18CC, 0x18CD, 0x1CCD, 0x18ED, 0x18CD,
    0x1CED, 0x1CED, 0x18EC, 0x1CEC, 0x1CEC, 0x20E9, 0x4E0E, 0x6EF4,
    0x41AC, 0x20EA, 0x24EA, 0x2908, 0x62B2, 0x66F5, 0x2D29, 0x20E9,
    0x5E90, 0x5E92, 0x66F6, 0x5A93, 0x45ED, 0x5EB3, 0x4E51, 0x5AD5,
    0x5692, 0x66F4, 0x66D3, 0x520D, 0x45AA, 0x5A91, 0x5EB3, 0x6715,
    0x5A91, 0x5EB2, 0x566F, 0x66D2, 0x5E90, 0x5A90, 0x5ED4, 0x5692,
    0x62D4, 0x5250, 0x5ED4, 0x5693, 0x5AD4, 0x5AB3, 0x5ED2, 0x62D2,
    0x5A6F, 0x45A9, 0x520D, 0x5A71, 0x62D4, 0x5ED4, 0x5A92, 0x522E,
    0x6290, 0x66B3, 0x62D5, 0x56B4, 0x62F4, 0x49AB, 0x5125, 0x5D27,
    0x5904, 0x4060, 0x3801, 0x3843, 0x3883, 0x6A2E, 0x61EB, 0x51CC,
    0x2462, 0x49AC, 0x55EC, 0x40C3, 0x660D, 0x662D, 0x620D, 0x6292,
    0x5AB3, 0x6737, 0x6717, 0x5ED5, 0x6F38, 0x6B37, 0x6737, 0x5ED5,
    0x6737, 0x66F5, 0x5A91, 0x6292, 0x49CB, 0x5A6F, 0x66F4, 0x5ED4,
    0x5A71, 0x49EB, 0x5E70, 0x5E91, 0x5650, 0x5A92, 0x5672, 0x5271,
    0x5692, 0x62D5, 0x5AB3, 0x5ED4, 0x5692, 0x5ED4, 0x62D4, 0x66D4,
    0x5A70, 0x41A9, 0x522E, 0x564F, 0x5ED3, 0x5A92, 0x5670, 0x5650,
    0x66D3, 0x5A71, 0x5A72, 0x62F5, 0x6B38, 0x5AB3, 0x5271, 0x5ED4,
    0x5AB3, 0x6F58, 0x62F5, 0x5ED4, 0x62F4, 0x5E92, 0x4E0D, 0x5E91,
    0x66F4, 0x5692, 0x5694, 0x5EB5, 0x520C, 0x5A26, 0x6682, 0x7B40,
    0x7F60, 0x72E0, 0x7B20, 0x7700, 0x72C3, 0x730A, 0x5E88, 0x3D62,
    0x5228, 0x5A48, 0x2080, 0x51A8, 0x5E28, 0x5620, 0x66A1, 0x7B68,
    0x7B8F, 0x522C, 0x5230, 0x5EB2, 0x5650, 0x522F, 0x45EF, 0x4A0F,
    0x4E51, 0x4E51, 0x5252, 0x5251, 0x5673, 0x4A0F, 0x5671, 0x564F,
    0x562D, 0x5E6F, 0x5A4F, 0x5250, 0x5693, 0x5AB3, 0x5670, 0x4A0D,
    0x524F, 0x5EB1, 0x5A71, 0x5A73, 0x5673, 0x5EB4, 0x5EB3, 0x5EB3,
    0x5AB3, 0x56B5, 0x5ED5, 0x5672, 0x5E91, 0x5E6F, 0x5E8E, 0x5A6D,
    0x522D, 0x2D4A, 0x18A9, 0x18A8, 0x20A4, 0x564F, 0x66F3, 0x2D05,
    0x20A8, 0x1CC9, 0x18C8, 0x18CA, 0x1CCA, 0x1CC8, 0x1CC8, 0x1CC8,
    0x18C8, 0x1CC7, 0x24C6, 0x5A2F, 0x5A30, 0x3D8D, 0x356E, 0x316E,
    0x316D, 0x398C, 0x41CD, 0x7379, 0x7FFD, 0x7FFE, 0x7FFD, 0x7FFE,
    0x7FFF, 0x7FFF, 0x779E, 0x314A, 0x62B0, 0x3144, 0x2D26, 0x5A4D,
    0x666D, 0x626A, 0x4DE3, 0x5620, 0x62A0, 0x5A41, 0x66CB, 0x45A8,
    0x72D3, 0x51AC, 0x2CC9, 0x1CAB, 0x1CCC, 0x1CCC, 0x1CCC, 0x1CCC,
    0x1CED, 0x18EE, 0x18ED, 0x1CEC, 0x20CA, 0x49EC, 0x6AB3, 0x418C,
    0x24CB, 0x1CED, 0x1D0C, 0x20EA, 0x28E8, 0x5E72, 0x6F16, 0x3549,
    0x6290, 0x5E91, 0x66D3, 0x62D4, 0x5A92, 0x5693, 0x5271, 0x4A50,
    0x524F, 0x5E70, 0x560D, 0x4168, 0x5A70, 0x5250, 0x5692, 0x5691,
    0x5692, 0x5AB3, 0x5EB2, 0x49EB, 0x524D, 0x5E8F, 0x66D3, 0x5A92,
    0x62D5, 0x5672, 0x5292, 0x5292, 0x5AD5, 0x62F5, 0x7356, 0x66B1,
    0x4588, 0x5A4E, 0x66F4, 0x5AB3, 0x5ED4, 0x5272, 0x5EB4, 0x62D3,
    0x562D, 0x5E91, 0x5EB3, 0x5EB4, 0x66F4, 0x4548, 0x5946, 0x6105,
    0x6965, 0x6945, 0x54C2, 0x3460, 0x24A3, 0x55CB, 0x59AA, 0x4148,
    0x5A0E, 0x5E2F, 0x55AB, 0x4D26, 0x61CC, 0x55AA, 0x6A90, 0x6AD4,
    0x62D4, 0x5ED3, 0x5AB3, 0x62F6, 0x62F5, 0x62F5, 0x6316, 0x5AB4,
    0x62F5, 0x62D3, 0x562E, 0x49CA, 0x5A70, 0x6B15, 0x5AB2, 0x5ED3,
    0x5A92, 0x66F4, 0x520D, 0x5A4F, 0x5E70, 0x62D3, 0x5671, 0x5ED4,
    0x5272, 0x5A92, 0x5672, 0x5AB3, 0x62F5, 0x5671, 0x5650, 0x5A50,
    0x4588, 0x564E, 0x62D3, 0x5AD3, 0x5ED4, 0x5ED4, 0x62D4, 0x5E91,
    0x522E, 0x62B2, 0x6AD4, 0x62D4, 0x62F6, 0x5ED4, 0x62F5, 0x62F6,
    0x5ED4, 0x6716, 0x5671, 0x5EB3, 0x62B2, 0x522D, 0x5650, 0x5E92,
    0x4E50, 0x62D6, 0x56B4, 0x4E51, 0x5EB2, 0x4DC9, 0x5E25, 0x7704,
    0x7F61, 0x7720, 0x6EC0, 0x7B20, 0x76E0, 0x72E4, 0x5E63, 0x5E67,
    0x45A8, 0x2081, 0x51E9, 0x51C5, 0x55E0, 0x51E0, 0x6AA0, 0x7B67,
    0x7B8E, 0x522B, 0x5A75, 0x4E2F, 0x5E92, 0x562E, 0x4E0F, 0x5251,
    0x5272, 0x4610, 0x4E52, 0x4A10, 0x4A0F, 0x522F, 0x6292, 0x5E4F,
    0x5E6F, 0x5A4F, 0x5671, 0x4E51, 0x5293, 0x6717, 0x62F5, 0x62D4,
    0x5A91, 0x564F, 0x6291, 0x6291, 0x5E92, 0x5EB3, 0x6716, 0x5692,
    0x5292, 0x4A51, 0x5271, 0x62B2, 0x5A4E, 0x5E6E, 0x62B0, 0x6F34,
    0x62B3, 0x4A52, 0x252D, 0x14A9, 0x1CA7, 0x20A4, 0x5A6F, 0x6AD2,
    0x2D06, 0x1CA6, 0x1CC8, 0x18CA, 0x18C9, 0x1CC9, 0x1CC8, 0x1CC7,
    0x1CA5, 0x2906, 0x5A71, 0x560E, 0x2485, 0x398F, 0x356F, 0x4613,
    0x5295, 0x4E52, 0x39AC, 0x3DCC, 0x6F58, 0x7FFD, 0x7FFE, 0x7FFE,
    0x7FFE, 0x7FFF, 0x77BE, 0x292A, 0x3147, 0x24E4, 0x49EA, 0x5E4C,
    0x626B, 0x5205, 0x49C0, 0x5640, 0x5A60, 0x5640, 0x66EB, 0x3965,
    0x4149, 0x72B3, 0x49AC, 0x20A7, 0x1CAA, 0x18CC, 0x18CC, 0x1CCC,
    0x18ED, 0x18ED, 0x1CCB, 0x24C9, 0x4DEF, 0x6292, 0x3D6B, 0x28CB,
    0x20EC, 0x1D0D, 0x1D0D, 0x210D, 0x20EB, 0x28E8, 0x5E91, 0x6F15,
    0x520D, 0x6291, 0x5E70, 0x5650, 0x5EB4, 0x5ED4, 0x5ED4, 0x5EB3,
    0x66F4, 0x4DEC, 0x49A9, 0x6291, 0x62D3, 0x5A93, 0x5AB3, 0x5271,
    0x5AB4, 0x5A93, 0x5A92, 0x62D2, 0x524E, 0x6290, 0x62B1, 0x6AF4,
    0x4E0F, 0x5AB4, 0x5692, 0x4E71, 0x62F6, 0x6B16, 0x66B3, 0x49AA,
    0x5E91, 0x6AF5, 0x6715, 0x5AD3, 0x5AD4, 0x5EF6, 0x5693, 0x5ED3,
    0x62D3, 0x524E, 0x5E90, 0x6AD3, 0x6672, 0x4928, 0x5126, 0x5925,
    0x6522, 0x7163, 0x7143, 0x5903, 0x59EB, 0x4DAA, 0x5A2F, 0x6E71,
    0x5DED, 0x5DEE, 0x518A, 0x4907, 0x59CD, 0x496A, 0x55EC, 0x66B3,
    0x6F37, 0x6F37, 0x6B16, 0x5ED5, 0x62F6, 0x5ED5, 0x6717, 0x5693,
    0x62D4, 0x5E91, 0x4187, 0x6291, 0x66D3, 0x5EB3, 0x5AB3, 0x4E71,
    0x5692, 0x5A92, 0x66D3, 0x522D, 0x564F, 0x5E91, 0x62D3, 0x5A92,
    0x5A93, 0x5A92, 0x5692, 0x5AB3, 0x5AB3, 0x62D4, 0x5E71, 0x3D48,
    0x5A6F, 0x66F4, 0x5A91, 0x56B2, 0x5692, 0x62F5, 0x66F5, 0x62B3,
    0x6292, 0x4DEC, 0x5A4F, 0x62B3, 0x62D4, 0x5EB3, 0x6716, 0x5ED5,
    0x5ED5, 0x5EB4, 0x66D4, 0x5E91, 0x520C, 0x564E, 0x6AF5, 0x5A93,
    0x5AB4, 0x62F6, 0x62F7, 0x5ED6, 0x5EB3, 0x5A6C, 0x4DA1, 0x6644,
    0x7B24, 0x7720, 0x6AC0, 0x6EC0, 0x7B20, 0x7705, 0x6AC8, 0x4185,
    0x2481, 0x498A, 0x51A8, 0x4962, 0x5A01, 0x4DC0, 0x6EC0, 0x7B44,
    0x7B6A, 0x45E8, 0x5697, 0x5272, 0x562F, 0x6AD3, 0x5670, 0x460E,
    0x5272, 0x4A51, 0x5272, 0x4E51, 0x45ED, 0x5A50, 0x560D, 0x560C,
    0x562E, 0x5A71, 0x5271, 0x5293, 0x5273, 0x5673, 0x5272, 0x5651,
    0x66F4, 0x62B2, 0x5E6F, 0x72F3, 0x66B1, 0x62B2, 0x66F6, 0x5673,
    0x62D6, 0x5671, 0x5EB2, 0x562E, 0x560D, 0x5E70, 0x5650, 0x62D5,
    0x5271, 0x4A32, 0x35AF, 0x14C9, 0x18A9, 0x1C89, 0x2087, 0x564F,
    0x6B13, 0x3147, 0x1CA8, 0x1CC9, 0x1CC8, 0x1CC9, 0x1CC9, 0x20A5,
    0x3506, 0x5E4F, 0x4E0E, 0x24C6, 0x1CA7, 0x398F, 0x3DD2, 0x5AD8,
    0x6B5A, 0x77BC, 0x739B, 0x4E51, 0x39AC, 0x6F59, 0x7FFE, 0x7FFE,
    0x7FFE, 0x7FFE, 0x7BBE, 0x2D4B, 0x20C6, 0x564E, 0x5A09, 0x626A,
    0x66AB, 0x5627, 0x45E1, 0x5220, 0x5640, 0x5220, 0x5ECA, 0x41C9,
    0x2885, 0x4969, 0x7314, 0x41CC, 0x1CA8, 0x18CB, 0x18CC, 0x18EC,
    0x18CB, 0x1CCA, 0x24E9, 0x4DEF, 0x5E51, 0x352A, 0x28EB, 0x20EC,
    0x210C, 0x18EB, 0x1CEC, 0x1CCD, 0x1D0B, 0x210A, 0x2907, 0x5E70,
    0x5E92, 0x4DEB, 0x5A2E, 0x520E, 0x5251, 0x5A93, 0x5671, 0x6AD3,
    0x4DEB, 0x3D67, 0x522E, 0x524F, 0x5ED4, 0x5251, 0x5271, 0x5A92,
    0x5271, 0x5EB4, 0x5A92, 0x5AB2, 0x66F4, 0x5A6F, 0x5E6F, 0x66D2,
    0x5A91, 0x5271, 0x5AB3, 0x5671, 0x62D4, 0x5A70, 0x45AA, 0x5A70,
    0x66D4, 0x6F38, 0x5AB4, 0x6716, 0x5EF5, 0x5271, 0x5692, 0x6F58,
    0x5EB3, 0x5691, 0x522D, 0x6690, 0x5E2E, 0x4968, 0x4D47, 0x5525,
    0x6D22, 0x6D42, 0x6541, 0x65A7, 0x5168, 0x34E6, 0x6670, 0x660E,
    0x620E, 0x5DEE, 0x4D49, 0x4928, 0x518C, 0x3D28, 0x6271, 0x4DED,
    0x5A71, 0x6F15, 0x62D3, 0x62F5, 0x5AD4, 0x4E51, 0x5A93, 0x5EB3,
    0x520E, 0x3526, 0x5A6F, 0x5A70, 0x5EB3, 0x5252, 0x6717, 0x4E50,
    0x4A2F, 0x4E30, 0x5691, 0x522E, 0x4E0C, 0x5A6F, 0x5E90, 0x5650,
    0x62D4, 0x6716, 0x5A92, 0x5EB3, 0x6292, 0x5A70, 0x3D68, 0x4DEC,
    0x62B3, 0x5ED4, 0x62F5, 0x5271, 0x62F5, 0x5AB4, 0x5ED4, 0x5671,
    0x5E92, 0x62B2, 0x4DEC, 0x6291, 0x62B1, 0x66F5, 0x5EB3, 0x6F58,
    0x5ED5, 0x5672, 0x62B3, 0x49CB, 0x520D, 0x62B2, 0x62F5, 0x5ED5,
    0x5AB5, 0x5694, 0x5253, 0x5AB6, 0x5AB3, 0x62CF, 0x55E1, 0x6643,
    0x5E22, 0x7704, 0x72E0, 0x6AA0, 0x7700, 0x7B67, 0x7307, 0x51E5,
    0x55E9, 0x4DA9, 0x2883, 0x3502, 0x49A2, 0x51E0, 0x6AA0, 0x7F43,
    0x7B67, 0x45E7, 0x4A55, 0x5294, 0x5A92, 0x5630, 0x66D4, 0x5671,
    0x5692, 0x4E51, 0x5271, 0x5230, 0x522F, 0x560D, 0x520D, 0x5E71,
    0x5670, 0x5251, 0x5693, 0x5693, 0x5672, 0x5672, 0x5672, 0x5A93,
    0x5250, 0x5250, 0x522E, 0x5E6E, 0x6AF2, 0x5A70, 0x5A93, 0x5252,
    0x62B4, 0x564F, 0x5A6F, 0x564E, 0x5A70, 0x5E93, 0x5A73, 0x5EB5,
    0x5ED5, 0x4E51, 0x318D, 0x18A8, 0x18AA, 0x18AA, 0x1C8A, 0x20A7,
    0x566F, 0x6F35, 0x3149, 0x20C7, 0x1CC8, 0x1CC8, 0x20A6, 0x3D6A,
    0x5E50, 0x458A, 0x20A5, 0x18A7, 0x18A8, 0x35B0, 0x39D1, 0x5AD6,
    0x6B59, 0x77BB, 0x7FFD, 0x7BDD, 0x56B4, 0x3DCD, 0x6F59, 0x7FFE,
    0x7FFE, 0x7FFE, 0x7B9C, 0x2D4A, 0x28E6, 0x560C, 0x55E8, 0x5628,
    0x66EE, 0x5A6B, 0x45E3, 0x4E00, 0x5220, 0x4E00, 0x62CB, 0x4A2C,
    0x2485, 0x3D07, 0x4168, 0x6F16, 0x45EF, 0x1CA8, 0x18CB, 0x18CB,
    0x1CA8, 0x3109, 0x5631, 0x5610, 0x3509, 0x24EC, 0x20ED, 0x210D,
    0x1CEC, 0x210C, 0x20EC, 0x20EC, 0x1D0B, 0x1D0B, 0x1D0A, 0x2908,
    0x5A71, 0x5E91, 0x49CB, 0x5A71, 0x5A93, 0x5AB3, 0x5E91, 0x4988,
    0x4DAA, 0x5E91, 0x62D3, 0x4E50, 0x4E71, 0x460F, 0x4E2F, 0x62D4,
    0x4E2F, 0x5250, 0x5271, 0x66F6, 0x5ED4, 0x66F3, 0x4DEB, 0x5E6E,
    0x62D3, 0x5671, 0x5A73, 0x5A50, 0x6290, 0x45A9, 0x564F, 0x5E92,
    0x5A92, 0x6717, 0x5AB4, 0x6716, 0x5AB3, 0x5AD3, 0x5AB3, 0x62F6,
    0x62F5, 0x5693, 0x5A91, 0x564D, 0x6AF2, 0x51EB, 0x4D46, 0x5D45,
    0x6501, 0x6942, 0x6986, 0x4904, 0x2000, 0x5A31, 0x4128, 0x5DCE,
    0x5E0F, 0x59EE, 0x5169, 0x4927, 0x4D6A, 0x4149, 0x6EF5, 0x66D4,
    0x4E0E, 0x6291, 0x66D3, 0x5691, 0x62F6, 0x5AB5, 0x62D4, 0x520E,
    0x3D47, 0x564E, 0x5E91, 0x5AB2, 0x6B37, 0x5273, 0x5251, 0x5AB2,
    0x5692, 0x5292, 0x5693, 0x5271, 0x5E91, 0x5A4F, 0x5E90, 0x6F15,
    0x5AB2, 0x5AB3, 0x62D4, 0x6AF5, 0x51ED, 0x4147, 0x564E, 0x5A91,
    0x5671, 0x5272, 0x66F7, 0x5EB4, 0x6717, 0x5AB3, 0x5692, 0x6B37,
    0x4E2F, 0x5AB2, 0x66D3, 0x4DEB, 0x626E, 0x6292, 0x62D4, 0x5E93,
    0x6B17, 0x5E93, 0x418A, 0x562E, 0x6B15, 0x5A92, 0x62F6, 0x5EF6,
    0x62F7, 0x5AB5, 0x5EB5, 0x5AD5, 0x5693, 0x5A8F, 0x49C3, 0x6261,
    0x6AA4, 0x6664, 0x7B24, 0x7320, 0x66C0, 0x7B6C, 0x6AC7, 0x55E6,
    0x4145, 0x51C9, 0x45A9, 0x1460, 0x1860, 0x4182, 0x6282, 0x7B23,
    0x7B66, 0x4A27, 0x4233, 0x56D6, 0x5AD4, 0x5A52, 0x562F, 0x6F37,
    0x5A92, 0x5EB3, 0x5A71, 0x5A2F, 0x560D, 0x560C, 0x562E, 0x5A92,
    0x4E30, 0x5272, 0x4A30, 0x4E30, 0x4E2F, 0x5251, 0x4E51, 0x4E51,
    0x4E30, 0x5AB3, 0x524F, 0x5A70, 0x6290, 0x6AF4, 0x5691, 0x5EB2,
    0x5A4F, 0x560C, 0x560C, 0x62B2, 0x62D4, 0x5A92, 0x5672, 0x5ED5,
    0x5692, 0x5272, 0x398D, 0x1CC9, 0x14A9, 0x18A8, 0x18A8, 0x18A9,
    0x20A7, 0x566F, 0x7334, 0x3569, 0x20A8, 0x24C6, 0x49CB, 0x5E71,
    0x394A, 0x20A6, 0x1CA7, 0x18A7, 0x14A8, 0x35B1, 0x39D1, 0x5AD6,
    0x6B59, 0x779B, 0x7FDE, 0x7FFF, 0x7FDE, 0x5272, 0x358B, 0x6B38,
    0x7FFE, 0x7FFE, 0x7BBC, 0x49CC, 0x5A0D, 0x498A, 0x5E6F, 0x4E09,
    0x66EF, 0x66F0, 0x45E5, 0x45E0, 0x49E0, 0x4E00, 0x62EB, 0x460A,
    0x24C5, 0x34C6, 0x28A5, 0x356A, 0x6F17, 0x4A0D, 0x18C8, 0x20C9,
    0x3D4B, 0x5E30, 0x51EF, 0x28C9, 0x20CB, 0x1CEC, 0x1CEC, 0x18EC,
    0x1CEE, 0x20ED, 0x20EC, 0x1D0A, 0x210B, 0x1CEA, 0x1CEB, 0x1D0B,
    0x5ED4, 0x4A2E, 0x4E2E, 0x49CB, 0x628F, 0x520B, 0x3926, 0x41AB,
    0x5A70, 0x62B3, 0x5EB3, 0x5691, 0x4A2F, 0x4E50, 0x4E50, 0x5671,
    0x5AB2, 0x5AB2, 0x5AB3, 0x62F6, 0x4E50, 0x5AB3, 0x66D3, 0x66D3,
    0x5A4E, 0x66D2, 0x66B3, 0x562F, 0x3D67, 0x5E70, 0x7336, 0x5EB2,
    0x5AB3, 0x6316, 0x5AD4, 0x5AB3, 0x5692, 0x5AB3, 0x5AB3, 0x5272,
    0x62F6, 0x6F59, 0x5AB3, 0x5ED3, 0x524E, 0x6EF4, 0x55CA, 0x5144,
    0x5D62, 0x7185, 0x6103, 0x3C82, 0x2C02, 0x6AB5, 0x5A2F, 0x3908,
    0x5E50, 0x59ED, 0x4D07, 0x4907, 0x55AB, 0x6230, 0x562F, 0x5ED2,
    0x6716, 0x560F, 0x5E70, 0x6F36, 0x6B17, 0x6AF5, 0x51EC, 0x3D47,
    0x5EB2, 0x6716, 0x5671, 0x5692, 0x56B3, 0x5EB4, 0x5ED4, 0x5250,
    0x5270, 0x5AD4, 0x5AD4, 0x5693, 0x5250, 0x5650, 0x522E, 0x5E91,
    0x62D2, 0x62D4, 0x6292, 0x4DCC, 0x4167, 0x6290, 0x62B1, 0x5ED3,
    0x5272, 0x5271, 0x6717, 0x5A93, 0x5251, 0x4E50, 0x5EB3, 0x5692,
    0x5AB4, 0x5ED4, 0x5ED2, 0x5A8F, 0x5A6D, 0x6EF4, 0x66B3, 0x66B4,
    0x560F, 0x49AA, 0x4E0D, 0x5E92, 0x62F5, 0x5AB3, 0x5ED5, 0x5AD5,
    0x5ED6, 0x5673, 0x5673, 0x4E51, 0x5AD4, 0x5691, 0x5227, 0x5E60,
    0x6EE4, 0x6EE7, 0x6AA4, 0x7B47, 0x6EC6, 0x666A, 0x51A7, 0x3903,
    0x668A, 0x6ECC, 0x4DE6, 0x49E4, 0x3121, 0x1440, 0x2D00, 0x6286,
    0x732C, 0x4609, 0x2109, 0x6319, 0x62F7, 0x5E93, 0x5A71, 0x4E0D,
    0x6B15, 0x6291, 0x666F, 0x51CA, 0x51CD, 0x5650, 0x5691, 0x5ED4,
    0x5272, 0x420E, 0x45EE, 0x4A2F, 0x4E51, 0x4A30, 0x5693, 0x4E51,
    0x5692, 0x5271, 0x5271, 0x5A91, 0x5E71, 0x66D3, 0x6B14, 0x5A4F,
    0x51EC, 0x520E, 0x5E71, 0x5670, 0x62F4, 0x5692, 0x5672, 0x5692,
    0x5270, 0x4E50, 0x4611, 0x2D2C, 0x18A9, 0x18C8, 0x18A7, 0x1CA9,
    0x1CA8, 0x1CA5, 0x526E, 0x7356, 0x3D89, 0x520D, 0x562E, 0x2D08,
    0x1CA8, 0x1CA7, 0x18C7, 0x18A8, 0x14A8, 0x35B1, 0x3DD1, 0x5AD7,
    0x6B39, 0x77BC, 0x7FFD, 0x7FFE, 0x7FFE, 0x7BDD, 0x3DCD, 0x6315,
    0x6B59, 0x7FFE, 0x7317, 0x5E0C, 0x4146, 0x1C23, 0x5ED2, 0x4E4A,
    0x5A6D, 0x66F1, 0x522A, 0x41C3, 0x41C1, 0x41C0, 0x62CD, 0x4E2B,
    0x20C4, 0x3508, 0x3909, 0x1CA7, 0x356B, 0x7356, 0x4DEC, 0x49AC,
    0x6692, 0x49CE, 0x28CA, 0x20CC, 0x20EC, 0x1CEC, 0x1CEC, 0x1CEB,
    0x210D, 0x1CED, 0x1CEB, 0x1D0A, 0x1CEA, 0x210B, 0x1CEB, 0x190C,
    0x5692, 0x4E71, 0x4E50, 0x5A4E, 0x51C8, 0x3D02, 0x520D, 0x4E2F,
    0x4E30, 0x4E2F, 0x5AB3, 0x5AB3, 0x62F5, 0x5291, 0x62F5, 0x5692,
    0x62F5, 0x6716, 0x5692, 0x5AB3, 0x6716, 0x62F5, 0x5692, 0x6B15,
    0x6291, 0x62B0, 0x49AA, 0x4167, 0x62B1, 0x5E91, 0x6B16, 0x5ED4,
    0x62F5, 0x5AB3, 0x5271, 0x5AB3, 0x5AB3, 0x5A93, 0x5AD4, 0x6316,
    0x5ED5, 0x5272, 0x5292, 0x5AB3, 0x5250, 0x562E, 0x72F3, 0x55A7,
    0x5D84, 0x5D23, 0x4CA2, 0x3C20, 0x54C5, 0x6230, 0x72F4, 0x38E6,
    0x49CC, 0x59EE, 0x4907, 0x4D49, 0x55AB, 0x6A71, 0x5A50, 0x5691,
    0x66F5, 0x6F38, 0x564F, 0x66F3, 0x5E92, 0x45AA, 0x520D, 0x5EB1,
    0x6716, 0x5692, 0x5EB4, 0x6737, 0x62F5, 0x5692, 0x5250, 0x5A93,
    0x5AB2, 0x5692, 0x5672, 0x5692, 0x66F6, 0x62D5, 0x62D3, 0x566F,
    0x66F3, 0x7335, 0x49CA, 0x49CA, 0x5E91, 0x564F, 0x6716, 0x5270,
    0x5692, 0x66F6, 0x66F6, 0x5AB3, 0x4A2F, 0x5EB4, 0x4E50, 0x5693,
    0x5272, 0x4A2F, 0x5ED4, 0x5A91, 0x5A90, 0x5A6F, 0x6F14, 0x51ED,
    0x4DCB, 0x6291, 0x5EB2, 0x5EB3, 0x6B59, 0x5AB4, 0x5AD4, 0x5693,
    0x62F6, 0x5ED5, 0x49EF, 0x5AB5, 0x4E72, 0x5ED4, 0x564B, 0x5620,
    0x66A0, 0x7B65, 0x7305, 0x6AA9, 0x5A06, 0x4964, 0x2882, 0x51E3,
    0x72E7, 0x7709, 0x6AC9, 0x4DE0, 0x49A0, 0x4DC4, 0x28C0, 0x1C80,
    0x3D88, 0x3148, 0x0C65, 0x6B5C, 0x5EF7, 0x6B17, 0x5A92, 0x524F,
    0x564F, 0x6270, 0x5A2B, 0x6290, 0x5EB3, 0x4A0F, 0x4E50, 0x4E51,
    0x4A30, 0x460E, 0x45EF, 0x4A0F, 0x62F6, 0x4A0F, 0x5693, 0x5ED5,
    0x5ED4, 0x5AD4, 0x4E71, 0x5AB4, 0x5EB3, 0x520D, 0x5E70, 0x51EA,
    0x5A4F, 0x5671, 0x6717, 0x5271, 0x5AB3, 0x6716, 0x5271, 0x62D4,
    0x5ED4, 0x62F6, 0x5694, 0x358E, 0x20EA, 0x18A9, 0x18C8, 0x14C8,
    0x18C9, 0x1CA8, 0x24A4, 0x5A4E, 0x5E4D, 0x4DCC, 0x24C5, 0x1CA6,
    0x1CC8, 0x1CA8, 0x18A8, 0x14A7, 0x14A8, 0x35B0, 0x39D1, 0x5AD7,
    0x6B3A, 0x779B, 0x7FFD, 0x7FFE, 0x7FFE, 0x7FFE, 0x6F5A, 0x5272,
    0x6F59, 0x5E93, 0x51A9, 0x51C7, 0x5A4A, 0x1C83, 0x2D48, 0x5ED1,
    0x4608, 0x62AF, 0x566D, 0x45C6, 0x3DA1, 0x39A0, 0x5ECF, 0x62D2,
    0x2906, 0x30E7, 0x416B, 0x1CC9, 0x18C9, 0x3D8A, 0x6EB1, 0x5E2E,
    0x3949, 0x20C9, 0x1CEC, 0x1CED, 0x1CED, 0x1CCC, 0x1CEC, 0x1CEC,
    0x210D, 0x20ED, 0x210C, 0x1CEA, 0x1CEB, 0x1CEA, 0x1CEA, 0x1CEB,
    0x5692, 0x62F5, 0x5A92, 0x6F15, 0x3503, 0x41A9, 0x66F3, 0x6B16,
    0x6716, 0x62F5, 0x62F5, 0x6B37, 0x5ED4, 0x5EB3, 0x62D4, 0x5ED3,
    0x5692, 0x5ED4, 0x4E50, 0x6316, 0x62F5, 0x5EB3, 0x6716, 0x62F5,
    0x62B2, 0x3D67, 0x3D67, 0x6F14, 0x7358, 0x5EB3, 0x5692, 0x5EB4,
    0x5692, 0x62D5, 0x62D4, 0x5AB3, 0x62F5, 0x5AB4, 0x4A2F, 0x5AB3,
    0x5693, 0x5AB3, 0x5AD4, 0x5692, 0x5270, 0x49EC, 0x51EB, 0x4966,
    0x4D24, 0x4904, 0x3820, 0x68E4, 0x64E4, 0x59EC, 0x6E71, 0x55AB,
    0x2482, 0x456B, 0x3CE8, 0x496A, 0x518A, 0x6A50, 0x5E71, 0x5EB4,
    0x6716, 0x62F5, 0x5ED3, 0x5E90, 0x4146, 0x564E, 0x5EB3, 0x6316,
    0x6716, 0x5671, 0x5AB3, 0x5AB4, 0x5A92, 0x5A93, 0x5672, 0x5AB3,
    0x5271, 0x5ED4, 0x5AB3, 0x66F6, 0x5A93, 0x6717, 0x5AB3, 0x5EB3,
    0x5A70, 0x4187, 0x520C, 0x6AF4, 0x6B15, 0x62D4, 0x6F38, 0x5EB4,
    0x5ED4, 0x5A92, 0x5A93, 0x6717, 0x5A93, 0x5A93, 0x5EB4, 0x5693,
    0x5AB4, 0x5EF6, 0x5AD4, 0x5271, 0x6B38, 0x66D3, 0x45A8, 0x4E0B,
    0x6F15, 0x5E92, 0x62D5, 0x4A2E, 0x5AD4, 0x62F6, 0x5AB4, 0x5AB4,
    0x5693, 0x5693, 0x5AB4, 0x5273, 0x5294, 0x62F8, 0x5EB1, 0x5200,
    0x6280, 0x7B43, 0x7B47, 0x45C4, 0x49A7, 0x3546, 0x5A69, 0x6AC4,
    0x6AA0, 0x7B47, 0x7729, 0x4DC0, 0x51C0, 0x51C0, 0x6264, 0x5A46,
    0x3122, 0x1062, 0x0C66, 0x5AD8, 0x5EF8, 0x5AB4, 0x5A93, 0x5EB4,
    0x49ED, 0x4DEA, 0x5E90, 0x5670, 0x56B3, 0x4A30, 0x5693, 0x5AB4,
    0x5292, 0x5693, 0x5251, 0x5672, 0x4E30, 0x4E51, 0x5251, 0x4E50,
    0x5AB3, 0x5ED5, 0x5A92, 0x56B3, 0x5ED6, 0x4E0E, 0x4586, 0x628E,
    0x5E90, 0x4E51, 0x5693, 0x5272, 0x5692, 0x5EB4, 0x5693, 0x5ED5,
    0x5AB4, 0x5ED4, 0x5AD4, 0x3DEF, 0x292C, 0x18A9, 0x18C9, 0x14C8,
    0x18A9, 0x1C89, 0x2485, 0x3525, 0x5EAF, 0x45EB, 0x20A7, 0x1CC6,
    0x18C7, 0x18A8, 0x18A9, 0x18A8, 0x14A8, 0x35B0, 0x39D1, 0x5AD7,
    0x6B3A, 0x779C, 0x7FFD, 0x7FFE, 0x7FFD, 0x7FFE, 0x7FDF, 0x5253,
    0x62D6, 0x49A9, 0x6AF2, 0x49C8, 0x5246, 0x4607, 0x2506, 0x526E,
    0x4E29, 0x5A8C, 0x4E08, 0x45E4, 0x5266, 0x4604, 0x4E4B, 0x5EB2,
    0x20C5, 0x28C4, 0x456C, 0x1CAA, 0x18AB, 0x2CE6, 0x5A2C, 0x5E90,
    0x24C8, 0x1CCB, 0x18ED, 0x18ED, 0x1CEE, 0x18CC, 0x1CEC, 0x1CEC,
    0x1CEC, 0x1CEC, 0x1CEB, 0x1CEB, 0x1D0A, 0x1CEA, 0x20E9, 0x1CEA,
    0x5271, 0x6717, 0x5EB3, 0x6F36, 0x49EB, 0x7755, 0x7356, 0x6715,
    0x6736, 0x5271, 0x5271, 0x5AB4, 0x5A93, 0x5251, 0x4E30, 0x5AB2,
    0x5271, 0x62D4, 0x5ED4, 0x5EB3, 0x4E2F, 0x62F5, 0x5EB4, 0x5272,
    0x5270, 0x45EB, 0x6F14, 0x6AD2, 0x5692, 0x5693, 0x5693, 0x5272,
    0x4E50, 0x5E93, 0x5A92, 0x62D5, 0x5AB3, 0x5AB4, 0x62F5, 0x5AB4,
    0x5ED4, 0x4E71, 0x6316, 0x5692, 0x5AB2, 0x4E2E, 0x3545, 0x62D2,
    0x4167, 0x3040, 0x60E2, 0x70E2, 0x70E2, 0x5527, 0x6E70, 0x518A,
    0x562F, 0x2062, 0x2CA5, 0x4DEE, 0x4D8B, 0x59CC, 0x6AD4, 0x5A94,
    0x5ED4, 0x6F99, 0x6736, 0x3525, 0x5A4D, 0x6AF2, 0x6758, 0x56D5,
    0x5693, 0x5EB3, 0x5AB4, 0x62F6, 0x6B37, 0x5AB3, 0x5ED4, 0x5AB3,
    0x5ED4, 0x5692, 0x5EB3, 0x5AB4, 0x5A93, 0x5AB4, 0x5ED5, 0x5ED3,
    0x45ED, 0x564E, 0x6AF3, 0x66F5, 0x62F5, 0x56B3, 0x5ED4, 0x5AB3,
    0x5AB2, 0x5692, 0x62F5, 0x62F5, 0x5693, 0x62D6, 0x6717, 0x5AB4,
    0x62F5, 0x6316, 0x5AD4, 0x5693, 0x5A94, 0x5672, 0x4E2C, 0x7333,
    0x5A6F, 0x5652, 0x5673, 0x56B3, 0x5272, 0x62F6, 0x5AB3, 0x56B3,
    0x5693, 0x5EB5, 0x6717, 0x56B3, 0x4E53, 0x4E53, 0x5A91, 0x49C2,
    0x5A40, 0x7302, 0x7748, 0x45C8, 0x7753, 0x5A6B, 0x774D, 0x6EE0,
    0x66C0, 0x72E4, 0x730A, 0x51E3, 0x55C0, 0x49A0, 0x5E40, 0x6F26,
    0x6F08, 0x3164, 0x18C5, 0x5AD6, 0x4E95, 0x5294, 0x4E52, 0x5232,
    0x3969, 0x6F12, 0x6F15, 0x5672, 0x5271, 0x4E52, 0x4E51, 0x5AB5,
    0x4E51, 0x5693, 0x5A93, 0x5A72, 0x4A0F, 0x5672, 0x5672, 0x5672,
    0x5672, 0x5EB4, 0x4E50, 0x5273, 0x4E73, 0x5250, 0x51EA, 0x7732,
    0x522D, 0x5EF5, 0x5AD4, 0x6716, 0x737A, 0x62D5, 0x66F6, 0x5AD4,
    0x5ED4, 0x5ED4, 0x5271, 0x4A30, 0x294C, 0x18AA, 0x18A9, 0x1CA8,
    0x1CA9, 0x1CA9, 0x1CA6, 0x2D25, 0x7775, 0x4E2D, 0x1CA7, 0x18C8,
    0x14C7, 0x18A7, 0x18A8, 0x18A8, 0x14A8, 0x35AF, 0x3DD1, 0x5AB6,
    0x6B3A, 0x779C, 0x7FFD, 0x7FFE, 0x7FFD, 0x7FFE, 0x7FFF, 0x4E54,
    0x352A, 0x628F, 0x7356, 0x3149, 0x3564, 0x526C, 0x20E2, 0x5AAF,
    0x5A8C, 0x4E04, 0x4E04, 0x4E02, 0x5241, 0x5243, 0x4E48, 0x62D1,
    0x3569, 0x24A3, 0x458C, 0x20A9, 0x1CAA, 0x24C5, 0x66AE, 0x6F14,
    0x24A8, 0x1CCB, 0x14EB, 0x18EC, 0x1CED, 0x1CEC, 0x1CEC, 0x1CEC,
    0x1CEC, 0x1CEC, 0x1CEC, 0x18EB, 0x1CEB, 0x20EA, 0x20EA, 0x210B,
    0x5270, 0x62D4, 0x62B2, 0x62B2, 0x5EB1, 0x6B14, 0x66F3, 0x5EB2,
    0x62F4, 0x5271, 0x5693, 0x4A30, 0x737A, 0x4E30, 0x62D4, 0x5ED4,
    0x5693, 0x5271, 0x5251, 0x5271, 0x62F5, 0x6B58, 0x5AB4, 0x5692,
    0x524F, 0x5A90, 0x7335, 0x6F14, 0x62F5, 0x5EB4, 0x5EB4, 0x5ED5,
    0x62F5, 0x62D4, 0x62F5, 0x5AB4, 0x6717, 0x739A, 0x5692, 0x56B3,
    0x5272, 0x4A50, 0x6317, 0x5AB4, 0x6717, 0x5A71, 0x49EB, 0x7776,
    0x3127, 0x5D03, 0x7101, 0x6CE0, 0x70E3, 0x54A3, 0x72B1, 0x55AA,
    0x5A4F, 0x49CD, 0x1C22, 0x3D8B, 0x49AC, 0x51AC, 0x6EF6, 0x62F7,
    0x6717, 0x6B58, 0x5ED4, 0x4E0D, 0x7733, 0x6F13, 0x5ED4, 0x5AD5,
    0x6717, 0x5AB3, 0x5ED5, 0x5692, 0x62F5, 0x5ED4, 0x5AB3, 0x5AB3,
    0x5ED4, 0x6716, 0x62F5, 0x5A93, 0x5ED5, 0x6717, 0x66F6, 0x5EB3,
    0x5671, 0x6EF4, 0x6AD3, 0x5A92, 0x5693, 0x56B3, 0x5270, 0x5691,
    0x5A92, 0x5ED3, 0x5AB3, 0x5672, 0x5ED5, 0x4A0F, 0x5ED4, 0x5692,
    0x4E50, 0x5291, 0x5291, 0x5AB3, 0x5672, 0x66D4, 0x5A6F, 0x7354,
    0x5A90, 0x5A94, 0x62D7, 0x5693, 0x5ED5, 0x5ED5, 0x5ED5, 0x5AB4,
    0x5693, 0x62F6, 0x5693, 0x5EF4, 0x5293, 0x5253, 0x6F59, 0x41A5,
    0x5200, 0x6AC3, 0x7729, 0x562C, 0x7B54, 0x730E, 0x772A, 0x7300,
    0x6F00, 0x6AA3, 0x774D, 0x51E2, 0x51C0, 0x49A0, 0x5E40, 0x7302,
    0x7727, 0x41C5, 0x1CE6, 0x4632, 0x5EF8, 0x5ED7, 0x4E72, 0x66F7,
    0x5A70, 0x6EF3, 0x6F15, 0x520F, 0x5250, 0x5673, 0x460F, 0x4A30,
    0x45EE, 0x5A93, 0x4E51, 0x4E30, 0x5A93, 0x5A93, 0x5A93, 0x4E30,
    0x5672, 0x5272, 0x5ED4, 0x5A93, 0x62D5, 0x6AF4, 0x6AD1, 0x7312,
    0x5E8F, 0x5271, 0x5ED4, 0x5672, 0x5A93, 0x5AB3, 0x5692, 0x5AB3,
    0x5A93, 0x5AB3, 0x6716, 0x5693, 0x41F0, 0x1CCA, 0x1889, 0x1CA8,
    0x18A8, 0x14C7, 0x18C5, 0x524F, 0x7F97, 0x66B1, 0x20A6, 0x1CC8,
    0x18C8, 0x18C6, 0x18C6, 0x18A9, 0x14A8, 0x358F, 0x3DD0, 0x5AB7,
    0x673A, 0x739B, 0x7FFE, 0x7FFE, 0x7BDC, 0x7FFE, 0x5294, 0x316D,
    0x6F58, 0x6F33, 0x7778, 0x5A91, 0x20A2, 0x20A5, 0x1CA4, 0x2503,
    0x4A09, 0x5225, 0x4E01, 0x4E00, 0x5640, 0x5A80, 0x5A66, 0x62AD,
    0x3989, 0x2082, 0x458B, 0x24A6, 0x20A7, 0x3969, 0x7774, 0x7756,
    0x396B, 0x20A8, 0x1CC9, 0x1CEA, 0x1CEC, 0x1CEC, 0x1CEB, 0x1CEB,
    0x1CEC, 0x1CEC, 0x20EC, 0x1CEB, 0x20EC, 0x20EB, 0x1CEA, 0x190B,
    0x4A0D, 0x5E90, 0x5E70, 0x4DEB, 0x5A90, 0x5A90, 0x5EB1, 0x6AF4,
    0x5E92, 0x4A0E, 0x5693, 0x4E51, 0x5693, 0x5672, 0x5A93, 0x5ED5,
    0x5272, 0x5692, 0x5671, 0x5AB3, 0x62D4, 0x5A93, 0x5271, 0x5A92,
    0x524E, 0x62B0, 0x5A6E, 0x62B2, 0x564F, 0x5EB2, 0x5670, 0x5692,
    0x5AB3, 0x5AB3, 0x5251, 0x62F6, 0x5AB4, 0x5ED4, 0x6717, 0x62F5,
    0x6716, 0x5292, 0x4E72, 0x5AB5, 0x66F6, 0x522F, 0x6291, 0x66D2,
    0x6EF2, 0x6144, 0x7100, 0x7100, 0x6CC1, 0x60E4, 0x6E70, 0x624F,
    0x5E4F, 0x5E51, 0x418B, 0x1041, 0x5231, 0x51CE, 0x62B4, 0x5EF5,
    0x5AD5, 0x7358, 0x62F4, 0x66D2, 0x6AD1, 0x6F34, 0x566F, 0x5EB3,
    0x6B38, 0x5693, 0x5ED4, 0x5692, 0x6716, 0x5ED4, 0x5ED4, 0x5A93,
    0x62D4, 0x62D5, 0x5672, 0x5ED5, 0x5A93, 0x5A93, 0x5672, 0x5A92,
    0x564F, 0x66D2, 0x6AF4, 0x5A71, 0x62D4, 0x5270, 0x5271, 0x5ED4,
    0x5270, 0x6715, 0x4E2F, 0x5672, 0x6B37, 0x66F6, 0x5ED4, 0x5692,
    0x5AD4, 0x5AB5, 0x4A30, 0x5A92, 0x6B16, 0x62B2, 0x66B1, 0x66D1,
    0x66D2, 0x5E92, 0x5EB4, 0x5AB4, 0x5272, 0x5ED5, 0x5693, 0x5273,
    0x6717, 0x5693, 0x5673, 0x5EF5, 0x66F7, 0x5272, 0x5AB3, 0x3987,
    0x45C1, 0x5A43, 0x51E6, 0x72ED, 0x668A, 0x72CC, 0x6667, 0x7301,
    0x7720, 0x7727, 0x7B6D, 0x4DE3, 0x49A0, 0x4580, 0x5A40, 0x6EE2,
    0x7307, 0x45E7, 0x1044, 0x2D6D, 0x6B5B, 0x56B6, 0x5673, 0x5A50,
    0x5A4E, 0x66D3, 0x5670, 0x66F4, 0x5E91, 0x5250, 0x4E30, 0x4A2F,
    0x5272, 0x5AB4, 0x62F6, 0x5251, 0x5A93, 0x5251, 0x5EB4, 0x4E30,
    0x460E, 0x5AB3, 0x5693, 0x5EB3, 0x5A2E, 0x5E6F, 0x66D1, 0x4E0B,
    0x66B1, 0x5E70, 0x5A71, 0x5250, 0x4E50, 0x5271, 0x5AB3, 0x5ED4,
    0x62D5, 0x62F5, 0x5271, 0x5293, 0x41F1, 0x292B, 0x14A8, 0x14C9,
    0x18C6, 0x18A4, 0x45EC, 0x7737, 0x4DCC, 0x6AD4, 0x5A71, 0x1CA6,
    0x1CC7, 0x18A6, 0x18C6, 0x18A8, 0x18A8, 0x35AF, 0x39D0, 0x5AD7,
    0x6739, 0x739B, 0x7FFE, 0x7FFE, 0x7FFE, 0x7FFE, 0x6F59, 0x41ED,
    0x5EF3, 0x6F77, 0x5EB2, 0x66D1, 0x4DE7, 0x24A2, 0x20A4, 0x4A0D,
    0x1CA1, 0x41A6, 0x4E26, 0x5220, 0x5640, 0x5E80, 0x5644, 0x628C,
    0x3DCA, 0x20A4, 0x3D08, 0x2CC4, 0x3128, 0x6AD4, 0x62B2, 0x4E0D,
    0x7358, 0x396A, 0x20A8, 0x1CCA, 0x1CCB, 0x1CCC, 0x1CEB, 0x1CEA,
    0x1CEA, 0x1CEC, 0x1CEC, 0x20EB, 0x20CB, 0x20EB, 0x1CEB, 0x1D0B,
    0x5670, 0x5E6F, 0x4DCA, 0x520D, 0x5670, 0x5A91, 0x62B1, 0x5A4F,
    0x6AD3, 0x5E92, 0x5672, 0x5ED5, 0x5AB4, 0x5EB4, 0x62F6, 0x5251,
    0x6717, 0x5ED4, 0x5AB3, 0x6716, 0x5671, 0x62F6, 0x5AB3, 0x522F,
    0x4E0C, 0x564D, 0x5A70, 0x522E, 0x5A4E, 0x5A6F, 0x66F5, 0x62F4,
    0x5AB3, 0x62F6, 0x6316, 0x62F6, 0x6716, 0x5672, 0x5AB4, 0x6737,
    0x4E50, 0x5293, 0x5293, 0x5672, 0x5A51, 0x51ED, 0x51ED, 0x3D24,
    0x59E9, 0x728D, 0x6964, 0x7921, 0x70C0, 0x6503, 0x7691, 0x6250,
    0x5E4F, 0x5A0F, 0x51EE, 0x20C5, 0x24C7, 0x414C, 0x5A72, 0x52D2,
    0x4E71, 0x6AF6, 0x5A70, 0x564F, 0x5A71, 0x5A8F, 0x6AD1, 0x66D2,
    0x6717, 0x5293, 0x5ED4, 0x4A2F, 0x62F5, 0x4A2F, 0x4E50, 0x6B16,
    0x5A93, 0x5651, 0x5692, 0x5693, 0x5AB3, 0x66F5, 0x5E92, 0x4DED,
    0x5A6F, 0x5E90, 0x522D, 0x6F15, 0x5650, 0x5EB4, 0x5272, 0x5672,
    0x4E50, 0x5ED4, 0x5250, 0x62D4, 0x5ED4, 0x5AB3, 0x5692, 0x62F6,
    0x4E52, 0x6718, 0x5673, 0x5A93, 0x5A91, 0x45A9, 0x5E6F, 0x5E6F,
    0x5A6E, 0x5EAF, 0x5EB1, 0x5230, 0x5EB4, 0x5252, 0x4A31, 0x5273,
    0x6738, 0x62F6, 0x5AB4, 0x5A94, 0x6B18, 0x62F6, 0x5AD5, 0x3DCD,
    0x3964, 0x3922, 0x5A06, 0x72E9, 0x72E6, 0x6242, 0x6E86, 0x6A81,
    0x7721, 0x7B46, 0x7B4A, 0x4DE1, 0x4180, 0x4180, 0x5A20, 0x6EE1,
    0x6F06, 0x4E2A, 0x0844, 0x1D0A, 0x5F1A, 0x5AB7, 0x66B5, 0x5A2D,
    0x6270, 0x5A92, 0x526F, 0x524E, 0x62B2, 0x522F, 0x5672, 0x5AB3,
    0x4E50, 0x4A30, 0x460F, 0x4A30, 0x5272, 0x5693, 0x5EB4, 0x5692,
    0x4E51, 0x5272, 0x5AB4, 0x5A50, 0x5E0C, 0x5E4E, 0x524E, 0x524F,
    0x51EC, 0x6A91, 0x5E4F, 0x4E2E, 0x5291, 0x5292, 0x5692, 0x5671,
    0x5EB4, 0x5EB4, 0x5ED5, 0x5694, 0x4A33, 0x35AE, 0x20EA, 0x14A8,
    0x1CA5, 0x520D, 0x6EF3, 0x49EC, 0x20A4, 0x2CE5, 0x66D3, 0x5650,
    0x1CA5, 0x18A7, 0x18A7, 0x14A6, 0x14A7, 0x35AF, 0x39D0, 0x5AB6,
    0x6739, 0x739B, 0x7FFE, 0x7FFF, 0x7BDD, 0x7FDD, 0x7358, 0x5EB1,
    0x5270, 0x739A, 0x7779, 0x66B0, 0x66AE, 0x4584, 0x45E7, 0x568E,
    0x460B, 0x18A2, 0x41C7, 0x5225, 0x5640, 0x5A81, 0x5223, 0x5E8B,
    0x45EC, 0x2086, 0x4149, 0x520C, 0x6291, 0x562F, 0x24C7, 0x20A5,
    0x5650, 0x6AF6, 0x2D09, 0x1CCA, 0x1CCB, 0x1CCB, 0x1CCA, 0x1CEA,
    0x1CEA, 0x1CCB, 0x1CCB, 0x1CCA, 0x20EA, 0x1CEA, 0x1CEA, 0x1CEA,
    0x5EB1, 0x520C, 0x4DEC, 0x6AF4, 0x5A92, 0x5692, 0x4E70, 0x66F3,
    0x5E4E, 0x6691, 0x5E71, 0x5271, 0x5272, 0x5252, 0x5A92, 0x5AB3,
    0x5ED4, 0x56B3, 0x5ED5, 0x4E30, 0x62D5, 0x62B3, 0x564F, 0x45AA,
    0x5A6F, 0x62D3, 0x6715, 0x6715, 0x564E, 0x5E6F, 0x6AD3, 0x66D4,
    0x62D4, 0x6736, 0x6316, 0x6F59, 0x5EB3, 0x5A92, 0x66F5, 0x6716,
    0x62F6, 0x5272, 0x5A92, 0x6F36, 0x520C, 0x49AA, 0x4548, 0x4524,
    0x5103, 0x61E9, 0x726C, 0x6963, 0x6D00, 0x6523, 0x726F, 0x7716,
    0x51ED, 0x4DAB, 0x4D8B, 0x3D06, 0x30C5, 0x1C21, 0x5252, 0x6716,
    0x62D3, 0x5E90, 0x520C, 0x5EB3, 0x62D3, 0x5A90, 0x520C, 0x6290,
    0x62B3, 0x62D4, 0x4E50, 0x5271, 0x5AB4, 0x5692, 0x5691, 0x4E4F,
    0x5671, 0x4E50, 0x5AD5, 0x5693, 0x5EB2, 0x6AD3, 0x4DEC, 0x4189,
    0x5EB2, 0x5670, 0x5670, 0x5250, 0x6F16, 0x62B4, 0x5A92, 0x45EE,
    0x5273, 0x62F6, 0x5672, 0x5EB4, 0x5693, 0x4A30, 0x4E51, 0x4E51,
    0x5693, 0x5672, 0x62B4, 0x62B3, 0x4188, 0x5EB0, 0x566F, 0x66D4,
    0x5EB2, 0x564E, 0x66D2, 0x66B3, 0x66F6, 0x5A93, 0x5693, 0x5273,
    0x5693, 0x5A93, 0x5AB4, 0x4E52, 0x5693, 0x5AB5, 0x62D8, 0x4E11,
    0x30E3, 0x51E7, 0x6AA8, 0x7B25, 0x7700, 0x6EC3, 0x5E25, 0x6644,
    0x6EC2, 0x7746, 0x7B8B, 0x4E02, 0x4180, 0x4180, 0x5A20, 0x6EA0,
    0x7306, 0x4E6C, 0x0865, 0x0C45, 0x4E31, 0x5E72, 0x51ED, 0x562F,
    0x5650, 0x62F5, 0x5AB2, 0x5670, 0x5E90, 0x66D1, 0x5A6F, 0x5671,
    0x460F, 0x5693, 0x4E51, 0x5AB3, 0x5ED5, 0x5672, 0x5693, 0x5272,
    0x5692, 0x5ED4, 0x5E91, 0x51EC, 0x5A4F, 0x5A71, 0x5271, 0x4E50,
    0x5250, 0x4DCB, 0x626E, 0x560B, 0x522E, 0x5693, 0x4E72, 0x5693,
    0x62F6, 0x62D5, 0x5EB4, 0x5EB4, 0x4E51, 0x39AE, 0x1CC9, 0x2085,
    0x51EC, 0x6ED1, 0x3D88, 0x1CA5, 0x1CC7, 0x1CA8, 0x28E7, 0x6AD3,
    0x520D, 0x20A5, 0x18A7, 0x14A6, 0x14A7, 0x318F, 0x39D0, 0x56B5,
    0x6738, 0x6F9B, 0x7BDE, 0x7FFF, 0x7FDD, 0x7379, 0x5EB2, 0x7BBB,
    0x77BC, 0x5294, 0x7B9D, 0x4DEE, 0x6AAF, 0x66AD, 0x66CD, 0x4E29,
    0x6710, 0x3DC7, 0x20E2, 0x45E6, 0x5222, 0x5A60, 0x5223, 0x566B,
    0x3969, 0x2464, 0x4DA9, 0x666C, 0x49AA, 0x20A6, 0x1CCA, 0x1CA9,
    0x20C6, 0x4E30, 0x6AF5, 0x2D08, 0x20C8, 0x1CEA, 0x1CCA, 0x20CB,
    0x1CCB, 0x1CEB, 0x1CEA, 0x20C9, 0x18E8, 0x18EA, 0x1CEA, 0x3528,
    0x41A9, 0x45CA, 0x6AF4, 0x5A91, 0x62F4, 0x6717, 0x6717, 0x5A91,
    0x5A6F, 0x5E4F, 0x5E4F, 0x562F, 0x5250, 0x5EB4, 0x6B17, 0x56B3,
    0x4E50, 0x5272, 0x5A93, 0x5250, 0x62D3, 0x5A91, 0x3946, 0x62B2,
    0x5A91, 0x5A92, 0x5ED5, 0x5ED4, 0x6B35, 0x564F, 0x5A2E, 0x66B2,
    0x5A70, 0x62F4, 0x56B3, 0x62F5, 0x5271, 0x5A93, 0x5A93, 0x4E50,
    0x5AB3, 0x62D4, 0x62D3, 0x41AA, 0x564F, 0x66D3, 0x4989, 0x4504,
    0x4D03, 0x5904, 0x65A7, 0x6E29, 0x6964, 0x6566, 0x76D3, 0x7B36,
    0x76F4, 0x55AA, 0x48E4, 0x4D06, 0x660E, 0x4D8A, 0x5210, 0x5E92,
    0x4E0D, 0x45A9, 0x5E91, 0x66F4, 0x66F5, 0x5A92, 0x62D3, 0x4E0D,
    0x62B2, 0x5E91, 0x62D3, 0x6B16, 0x66F6, 0x5ED4, 0x56B2, 0x6716,
    0x6B37, 0x62F4, 0x4E51, 0x5EB4, 0x5E71, 0x520D, 0x4188, 0x564F,
    0x4E2E, 0x5270, 0x5EB3, 0x5A92, 0x5650, 0x6F17, 0x5E92, 0x4E2F,
    0x4E30, 0x5EB4, 0x5651, 0x5A93, 0x5A93, 0x5272, 0x5ED5, 0x4A0F,
    0x66F5, 0x66D4, 0x4E0E, 0x3D68, 0x5E91, 0x6B35, 0x5AB3, 0x5A93,
    0x5671, 0x5EB2, 0x4DEC, 0x5E70, 0x62D4, 0x62D5, 0x5A93, 0x5272,
    0x5272, 0x5AB4, 0x5AB5, 0x6317, 0x5AB4, 0x5AB3, 0x62B5, 0x51EF,
    0x4987, 0x4DC2, 0x6283, 0x7B24, 0x72E1, 0x6EC5, 0x772C, 0x5E67,
    0x6A84, 0x772A, 0x7F8F, 0x5225, 0x4180, 0x4160, 0x5620, 0x6680,
    0x6AE7, 0x4A2B, 0x14A4, 0x1442, 0x3D48, 0x560D, 0x62B3, 0x66F5,
    0x62F5, 0x5271, 0x5ED4, 0x5EB3, 0x5A70, 0x5A6E, 0x66D3, 0x5A71,
    0x5671, 0x5ED4, 0x4E51, 0x5EF5, 0x5272, 0x5292, 0x4E51, 0x5671,
    0x522F, 0x562F, 0x49CB, 0x4DEC, 0x66D3, 0x522F, 0x4E50, 0x5272,
    0x4E51, 0x4E2E, 0x520B, 0x66B0, 0x5E90, 0x62D4, 0x5271, 0x5692,
    0x5271, 0x5693, 0x5693, 0x5ED4, 0x5671, 0x45EF, 0x3129, 0x560D,
    0x6671, 0x3507, 0x1CA5, 0x18C7, 0x18C8, 0x1CC9, 0x1CA8, 0x3108,
    0x6AF4, 0x4E0D, 0x1CA3, 0x18A6, 0x18A8, 0x318F, 0x39D1, 0x56B7,
    0x6739, 0x737B, 0x7BBD, 0x7FFE, 0x6F38, 0x5A92, 0x7FBB, 0x7FFD,
    0x7FFF, 0x56B5, 0x6F7B, 0x5250, 0x4DEA, 0x6ACF, 0x6EF1, 0x564C,
    0x7332, 0x524B, 0x41EA, 0x20A1, 0x45C4, 0x5645, 0x4E07, 0x3566,
    0x2D05, 0x49CC, 0x624D, 0x6EAE, 0x3946, 0x20A8, 0x1CAA, 0x1CCA,
    0x1CC7, 0x1CA5, 0x5230, 0x62D5, 0x2D08, 0x20C8, 0x1CCB, 0x18EC,
    0x1CEB, 0x1CEA, 0x1CEB, 0x1CEC, 0x18EA, 0x20E8, 0x3D69, 0x6692,
    0x564F, 0x62D3, 0x62D4, 0x62D4, 0x62D4, 0x5ED5, 0x5AB3, 0x5691,
    0x5EB2, 0x5A90, 0x5A2D, 0x5E2E, 0x6692, 0x5671, 0x6717, 0x5AB4,
    0x5ED4, 0x5ED4, 0x5EB3, 0x66D3, 0x4E0D, 0x4186, 0x6F15, 0x524F,
    0x66F6, 0x5ED5, 0x5ED5, 0x62F6, 0x5EB3, 0x62D3, 0x4DEB, 0x5E6F,
    0x66D2, 0x66F4, 0x5ED3, 0x62F5, 0x5693, 0x4E72, 0x5ED6, 0x5251,
    0x62D3, 0x522E, 0x41A9, 0x5670, 0x6716, 0x6716, 0x520E, 0x4126,
    0x48E2, 0x60E3, 0x6987, 0x5DC7, 0x722B, 0x69CB, 0x76B3, 0x7B36,
    0x76D2, 0x6E0C, 0x6104, 0x6546, 0x69CA, 0x65CB, 0x558B, 0x498A,
    0x45CC, 0x5E91, 0x62D3, 0x6B16, 0x5AB3, 0x6716, 0x62F4, 0x5E91,
    0x562D, 0x62B1, 0x6F14, 0x62D3, 0x6F58, 0x66F5, 0x6737, 0x5ED4,
    0x5ED4, 0x5271, 0x5A71, 0x62B3, 0x4189, 0x4E0D, 0x62B2, 0x5671,
    0x5ED3, 0x4E50, 0x5271, 0x5251, 0x522F, 0x522F, 0x6B16, 0x4E2E,
    0x4E2E, 0x62D3, 0x5231, 0x4A0F, 0x4A0F, 0x4E50, 0x62F5, 0x5672,
    0x62B3, 0x5A91, 0x3D47, 0x5670, 0x62D4, 0x62F5, 0x5ED4, 0x66F7,
    0x5672, 0x5671, 0x62B3, 0x49CC, 0x6EF5, 0x5A51, 0x5EB3, 0x5A93,
    0x5693, 0x56B4, 0x56B5, 0x56B5, 0x5ED4, 0x5670, 0x45AB, 0x49CB,
    0x2CE3, 0x45A2, 0x5621, 0x7725, 0x72E5, 0x730A, 0x7B6E, 0x7306,
    0x6241, 0x6A89, 0x7F91, 0x5647, 0x4180, 0x4580, 0x5A40, 0x5E60,
    0x66E8, 0x41E8, 0x1C82, 0x3D48, 0x51EC, 0x6291, 0x5A92, 0x5693,
    0x62F6, 0x4A51, 0x66F6, 0x5A93, 0x5EB3, 0x5670, 0x5E91, 0x6291,
    0x5650, 0x5671, 0x5271, 0x5AD4, 0x5AD4, 0x4E51, 0x5A72, 0x5A51,
    0x560E, 0x51CB, 0x564F, 0x5A71, 0x5250, 0x5271, 0x5ED4, 0x5672,
    0x5693, 0x5692, 0x5E91, 0x4DEB, 0x66B1, 0x5EB1, 0x5A91, 0x5ED3,
    0x5692, 0x5AB4, 0x5AB4, 0x5AB3, 0x5EB2, 0x522E, 0x560D, 0x5A2D,
    0x2CC6, 0x2087, 0x18A8, 0x14C8, 0x14C8, 0x18C8, 0x18A8, 0x1CA8,
    0x3128, 0x6AF3, 0x520C, 0x2084, 0x18A7, 0x318F, 0x35D1, 0x56B7,
    0x6719, 0x737B, 0x7B9C, 0x66F5, 0x5A92, 0x77BB, 0x7FFE, 0x7FFE,
    0x7FFE, 0x737B, 0x5ED7, 0x45EE, 0x522D, 0x41A8, 0x66D1, 0x6AD1,
    0x6EF0, 0x5E6A, 0x522B, 0x2D26, 0x20E1, 0x4607, 0x3DCA, 0x3D89,
    0x5A6E, 0x5A2F, 0x4166, 0x7731, 0x3D67, 0x1CA7, 0x1CCA, 0x1CCA,
    0x18C9, 0x1CC8, 0x20C7, 0x49EF, 0x5E93, 0x3108, 0x20C9, 0x18EC,
    0x18EB, 0x1CEA, 0x18EA, 0x18CC, 0x20C9, 0x418A, 0x6690, 0x4DAD,
    0x66D3, 0x6F37, 0x5AB3, 0x6716, 0x62D5, 0x62F5, 0x4E30, 0x5A93,
    0x5291, 0x5ED2, 0x520C, 0x624E, 0x5E4E, 0x564F, 0x5272, 0x5693,
    0x5AB3, 0x5E92, 0x5E92, 0x49CB, 0x45A9, 0x5E70, 0x6AF5, 0x5672,
    0x5272, 0x4E51, 0x4E51, 0x5693, 0x4E51, 0x66F5, 0x62B1, 0x562D,
    0x6290, 0x66B2, 0x62B3, 0x62D5, 0x5293, 0x5EF6, 0x5693, 0x6B16,
    0x562F, 0x3D88, 0x62B2, 0x5EB3, 0x4A50, 0x56B3, 0x5250, 0x4569,
    0x4903, 0x58C2, 0x6D87, 0x6A0A, 0x660B, 0x6E4F, 0x7271, 0x7B14,
    0x6E6F, 0x720B, 0x64E1, 0x6D45, 0x71CA, 0x61A9, 0x44E4, 0x49AB,
    0x5EB3, 0x5ED3, 0x5AB2, 0x5ED4, 0x5ED5, 0x6317, 0x6716, 0x62B3,
    0x66D3, 0x562D, 0x6AF2, 0x7336, 0x5A92, 0x5EB3, 0x5ED4, 0x5AB2,
    0x5271, 0x62D4, 0x5E71, 0x4169, 0x4DCC, 0x564F, 0x62B3, 0x62F5,
    0x6716, 0x5ED5, 0x5ED4, 0x5692, 0x5250, 0x62B3, 0x4E2E, 0x66F4,
    0x566E, 0x5670, 0x5671, 0x5A93, 0x5A93, 0x62D4, 0x5A92, 0x66F5,
    0x45CB, 0x49CA, 0x5A4F, 0x62B3, 0x5ED5, 0x5272, 0x5AB4, 0x5672,
    0x4E50, 0x6B37, 0x66F5, 0x4E0D, 0x4DCB, 0x5E71, 0x6AF5, 0x5250,
    0x62F6, 0x62F6, 0x5694, 0x5252, 0x66D4, 0x45AB, 0x4DED, 0x66D4,
    0x1882, 0x1880, 0x41A4, 0x6F0A, 0x7309, 0x6F0A, 0x7309, 0x6EE0,
    0x7303, 0x5E43, 0x6F0D, 0x5648, 0x4580, 0x49A0, 0x5620, 0x5A40,
    0x6AE8, 0x5229, 0x458B, 0x51EE, 0x24A3, 0x5ED4, 0x5293, 0x5293,
    0x5EF6, 0x5694, 0x5EF6, 0x5251, 0x5AB3, 0x5692, 0x4A0D, 0x5A70,
    0x62B1, 0x564F, 0x5271, 0x62F5, 0x5251, 0x5671, 0x62B4, 0x520E,
    0x49AA, 0x66B2, 0x6B15, 0x5692, 0x5271, 0x5693, 0x5AB4, 0x5693,
    0x5272, 0x5693, 0x5692, 0x5A71, 0x51EC, 0x6AD2, 0x6AF3, 0x66D3,
    0x5AB3, 0x5AB4, 0x5AB5, 0x62F5, 0x5A91, 0x562D, 0x560D, 0x2CE7,
    0x1C87, 0x18A9, 0x14C7, 0x18C6, 0x1CA8, 0x1CA8, 0x18C7, 0x14C9,
    0x1CA7, 0x30E6, 0x6EF3, 0x564E, 0x1CC4, 0x358D, 0x35AF, 0x56B6,
    0x6718, 0x7359, 0x62B3, 0x5E91, 0x7BBB, 0x7FDD, 0x7FFE, 0x7FFE,
    0x7FFE, 0x7FFE, 0x5675, 0x3DCC, 0x4E4F, 0x3DAA, 0x2D04, 0x6AD0,
    0x7310, 0x668B, 0x5248, 0x460B, 0x1CC5, 0x2949, 0x5ED5, 0x6F57,
    0x62B2, 0x3928, 0x3504, 0x7330, 0x49E7, 0x1CC6, 0x1CA8, 0x18C9,
    0x18C9, 0x18C9, 0x1CA8, 0x20A7, 0x45CE, 0x5E92, 0x3108, 0x20C9,
    0x1CEB, 0x1CEB, 0x20E9, 0x20C7, 0x49CD, 0x6693, 0x458B, 0x24C8,
    0x5671, 0x5271, 0x5251, 0x5EB4, 0x4A2F, 0x4E2F, 0x5ED4, 0x5ED5,
    0x5ED4, 0x5AB2, 0x66F3, 0x5E6F, 0x5A4E, 0x6AF3, 0x66F5, 0x62F4,
    0x62D3, 0x62B2, 0x45AA, 0x45CA, 0x5E90, 0x5A71, 0x5EB4, 0x5ED5,
    0x6316, 0x5271, 0x5271, 0x5692, 0x62F7, 0x5692, 0x5A92, 0x6B14,
    0x520C, 0x66D2, 0x62B2, 0x5EB3, 0x5271, 0x5271, 0x66F6, 0x49ED,
    0x3947, 0x564E, 0x6F36, 0x62F5, 0x56B3, 0x56D4, 0x460E, 0x28C5,
    0x40C4, 0x5505, 0x71C9, 0x69A8, 0x6E2D, 0x59CB, 0x76B2, 0x76D2,
    0x6E2C, 0x71E9, 0x6922, 0x6924, 0x6966, 0x4CE2, 0x51CB, 0x520E,
    0x5AB3, 0x56B3, 0x5EF4, 0x5EF5, 0x56B3, 0x5ED5, 0x5ED5, 0x6B17,
    0x5EB2, 0x5E91, 0x522D, 0x66D2, 0x6B15, 0x5A91, 0x5EB3, 0x62D4,
    0x66F5, 0x5670, 0x3D47, 0x51ED, 0x66D4, 0x62D4, 0x66F5, 0x6716,
    0x6716, 0x62F6, 0x5ED4, 0x5251, 0x5271, 0x5250, 0x5A92, 0x5670,
    0x6B14, 0x62D3, 0x5670, 0x5251, 0x5EB3, 0x66F4, 0x5E92, 0x41AB,
    0x49CB, 0x62B2, 0x6AF4, 0x5A92, 0x5ED4, 0x5AB4, 0x5ED4, 0x62F5,
    0x5AB3, 0x5AB3, 0x62D4, 0x5EB2, 0x5E92, 0x49EC, 0x5E91, 0x5A71,
    0x5A92, 0x5672, 0x62B4, 0x5E72, 0x458A, 0x520F, 0x6B16, 0x62F6,
    0x1CE8, 0x0C65, 0x0C41, 0x41C7, 0x66ED, 0x6F0C, 0x6AC4, 0x7720,
    0x7300, 0x7724, 0x6287, 0x6F0D, 0x5A28, 0x4580, 0x49E0, 0x5600,
    0x6AA7, 0x520A, 0x458B, 0x2063, 0x1884, 0x6B7B, 0x5AD6, 0x5EF6,
    0x5AD5, 0x62F6, 0x5AB4, 0x5272, 0x62D5, 0x5ED5, 0x62D3, 0x564F,
    0x5E91, 0x6B14, 0x5EB2, 0x66F5, 0x5630, 0x5630, 0x45AB, 0x49CC,
    0x5E91, 0x5A91, 0x4E2F, 0x5AB3, 0x5ED4, 0x5292, 0x5693, 0x5ED5,
    0x5693, 0x5272, 0x4E51, 0x5AB3, 0x5E91, 0x562D, 0x6AF4, 0x62D3,
    0x5EB3, 0x5251, 0x5651, 0x5230, 0x520D, 0x5E70, 0x4DEE, 0x2D2C,
    0x14A8, 0x14C8, 0x18C6, 0x1CC6, 0x1CA7, 0x1CA7, 0x18C7, 0x14C7,
    0x18A8, 0x2087, 0x2CE6, 0x66F2, 0x5AB1, 0x358A, 0x3DAD, 0x5A94,
    0x62F5, 0x5A91, 0x5EB1, 0x7BBB, 0x7FFD, 0x7FFE, 0x7FFE, 0x7FFE,
    0x7FFE, 0x7FFE, 0x62F9, 0x2908, 0x4E4F, 0x41CB, 0x2D04, 0x7332,
    0x628B, 0x7731, 0x5E6A, 0x3566, 0x2D6C, 0x6319, 0x6739, 0x5AB4,
    0x6AF6, 0x3D8C, 0x2CE3, 0x7750, 0x5A8A, 0x20C4, 0x1CC8, 0x18C9,
    0x18CA, 0x18CA, 0x1CC9, 0x20C8, 0x20C6, 0x45CC, 0x66B3, 0x3949,
    0x20A8, 0x20CA, 0x24C6, 0x520C, 0x6270, 0x3D4A, 0x20C9, 0x1CEA,
    0x5ED4, 0x5AB3, 0x5672, 0x5692, 0x5692, 0x6316, 0x5ED4, 0x6716,
    0x5271, 0x4E2F, 0x5271, 0x5ED3, 0x4E2D, 0x5E6F, 0x66D3, 0x62B2,
    0x6F14, 0x45A9, 0x49CA, 0x62D2, 0x66F4, 0x5AB3, 0x5272, 0x5AB3,
    0x62F5, 0x5A92, 0x5A92, 0x5271, 0x5AB3, 0x5ED5, 0x5672, 0x5A92,
    0x5670, 0x564F, 0x6F36, 0x66F4, 0x5A91, 0x5A70, 0x49ED, 0x3968,
    0x5EB3, 0x62D3, 0x4E50, 0x5672, 0x56B3, 0x5292, 0x5291, 0x20E6,
    0x2462, 0x4506, 0x69EB, 0x69AA, 0x5927, 0x5DEC, 0x664E, 0x76B2,
    0x726E, 0x69C8, 0x5D00, 0x6545, 0x5946, 0x4D47, 0x5A71, 0x5E93,
    0x5272, 0x5672, 0x5672, 0x5271, 0x5693, 0x5692, 0x5272, 0x5ED5,
    0x6F58, 0x5AB3, 0x66F4, 0x5A70, 0x6AF4, 0x5E92, 0x6F36, 0x5E91,
    0x564F, 0x3D67, 0x520D, 0x66D4, 0x66D4, 0x5A92, 0x5251, 0x6717,
    0x62D5, 0x5A93, 0x62D4, 0x5ED4, 0x5692, 0x5692, 0x5EB3, 0x5EB2,
    0x566F, 0x6F56, 0x66F4, 0x5670, 0x4E0E, 0x66D4, 0x45AA, 0x3D89,
    0x5A90, 0x5AB2, 0x6B16, 0x5ED4, 0x5251, 0x62D5, 0x5ED3, 0x6314,
    0x5692, 0x5AB4, 0x5ED4, 0x6B36, 0x62D4, 0x5A92, 0x4E0D, 0x5A4F,
    0x66B3, 0x62B3, 0x5650, 0x49AB, 0x4DEE, 0x5EB4, 0x5692, 0x5693,
    0x39CE, 0x2D6A, 0x2947, 0x1480, 0x2904, 0x4E29, 0x66C8, 0x7742,
    0x7B20, 0x7B44, 0x7B4B, 0x66EB, 0x730E, 0x5A28, 0x4580, 0x4980,
    0x4DC6, 0x3945, 0x3527, 0x28C4, 0x1063, 0x56D8, 0x5ED6, 0x56B4,
    0x5ED5, 0x5AB3, 0x5AB3, 0x5271, 0x5672, 0x5AB4, 0x5EB4, 0x5EB3,
    0x524F, 0x5E91, 0x66F3, 0x5E91, 0x520E, 0x4DEC, 0x4E0D, 0x522F,
    0x5671, 0x5AB3, 0x4E50, 0x5692, 0x56B3, 0x4E71, 0x5292, 0x5251,
    0x5A93, 0x5EB3, 0x5693, 0x5273, 0x5A93, 0x5A70, 0x5A6F, 0x6F15,
    0x62B2, 0x62B3, 0x560E, 0x51EC, 0x562E, 0x5EB2, 0x4A10, 0x3DB0,
    0x212A, 0x14A7, 0x18A7, 0x1CA8, 0x1CA7, 0x18C7, 0x1CC7, 0x1CC7,
    0x18C7, 0x18A8, 0x18A6, 0x24E5, 0x5ED2, 0x6715, 0x418B, 0x5A72,
    0x5650, 0x5A92, 0x7BDB, 0x7FFE, 0x7FFE, 0x7FFE, 0x7FFE, 0x7FFE,
    0x7FFE, 0x7FFF, 0x6F5C, 0x1484, 0x5290, 0x4E2F, 0x1881, 0x66F1,
    0x62AD, 0x628C, 0x6F11, 0x2CE3, 0x3569, 0x316A, 0x41CF, 0x5EB5,
    0x5250, 0x2D08, 0x2CC3, 0x732F, 0x6B0D, 0x24E4, 0x1CC8, 0x18C9,
    0x18CA, 0x1CCA, 0x1CAA, 0x1CC9, 0x1CE8, 0x20C7, 0x41AB, 0x6AD4,
    0x3D8A, 0x2CE7, 0x5A50, 0x5E50, 0x3108, 0x20E9, 0x18EB, 0x1CEA,
    0x5272, 0x5EB4, 0x5ED5, 0x5ED4, 0x5271, 0x62F5, 0x5691, 0x62F5,
    0x5672, 0x5251, 0x5AD5, 0x6336, 0x5691, 0x562E, 0x66B1, 0x6AF3,
    0x45A9, 0x4E0C, 0x62D2, 0x5EB1, 0x4A0D, 0x4E71, 0x5EF5, 0x5EB3,
    0x5250, 0x5EB3, 0x737A, 0x5693, 0x5ED4, 0x460E, 0x4E51, 0x5A93,
    0x5A92, 0x5EB2, 0x524F, 0x6F36, 0x5E6F, 0x49CA, 0x520D, 0x62B2,
    0x66F4, 0x5AB3, 0x62F6, 0x5ED5, 0x5AB3, 0x56B2, 0x4E71, 0x5272,
    0x1884, 0x2842, 0x518A, 0x660E, 0x5507, 0x61EC, 0x6ED1, 0x6A0C,
    0x76AF, 0x65E9, 0x5922, 0x5D66, 0x5969, 0x4528, 0x5230, 0x66F7,
    0x5AB4, 0x5EB4, 0x62D4, 0x5AB4, 0x5AB3, 0x5691, 0x6316, 0x5ED5,
    0x5AB4, 0x5693, 0x5271, 0x5670, 0x5A70, 0x66D3, 0x6292, 0x520D,
    0x3D67, 0x5A4E, 0x66D4, 0x4E0F, 0x5251, 0x5672, 0x5A93, 0x5ED5,
    0x62D5, 0x5A92, 0x5671, 0x4E50, 0x5271, 0x5271, 0x4E51, 0x4E50,
    0x62D4, 0x5270, 0x6B35, 0x66F4, 0x5A71, 0x418A, 0x564F, 0x66D3,
    0x5691, 0x5692, 0x5271, 0x62D5, 0x5EB4, 0x6717, 0x5ED4, 0x5691,
    0x62D5, 0x5EB5, 0x5251, 0x5672, 0x5AB3, 0x5692, 0x62D4, 0x4DEC,
    0x6691, 0x5E4F, 0x49AB, 0x522F, 0x66F5, 0x5ED4, 0x5EF5, 0x5AB4,
    0x4E51, 0x2D47, 0x3185, 0x4E4A, 0x3588, 0x1442, 0x3585, 0x6B07,
    0x7725, 0x7726, 0x7F6D, 0x6F0A, 0x4DE4, 0x7731, 0x5609, 0x4968,
    0x3927, 0x3545, 0x45E8, 0x3986, 0x1041, 0x4E96, 0x5695, 0x62F7,
    0x5693, 0x5693, 0x5692, 0x62F5, 0x5AB3, 0x66F6, 0x62F5, 0x5EB4,
    0x5ED4, 0x4E2F, 0x62B1, 0x6291, 0x41A9, 0x49EB, 0x564F, 0x4E2F,
    0x4E30, 0x460F, 0x4A0F, 0x460E, 0x45EE, 0x4A2F, 0x5271, 0x4A2F,
    0x5671, 0x5651, 0x5693, 0x5294, 0x4E72, 0x5EB3, 0x5E91, 0x4E0D,
    0x7355, 0x520C, 0x51CA, 0x66B0, 0x6B14, 0x5271, 0x5272, 0x45F1,
    0x2D6C, 0x14A7, 0x18A9, 0x18A9, 0x18C7, 0x14C6, 0x1CA8, 0x1CA7,
    0x18C6, 0x14C6, 0x14C7, 0x1CA8, 0x1CA4, 0x5E92, 0x6293, 0x520F,
    0x5A71, 0x779A, 0x7BDD, 0x7FFF, 0x7FFE, 0x7FFE, 0x7FFD, 0x7FFE,
    0x7FFE, 0x7FFF, 0x737D, 0x1CC6, 0x4A2E, 0x5A92, 0x2928, 0x568F,
    0x6B31, 0x628B, 0x5629, 0x4DEA, 0x5EAF, 0x4A29, 0x24E2, 0x460E,
    0x5EF4, 0x2908, 0x24A3, 0x66AC, 0x7B70, 0x3546, 0x1CA8, 0x18C9,
    0x18C9, 0x1CAA, 0x1CCA, 0x18C9, 0x18C9, 0x1CCA, 0x1CC7, 0x41CB,
    0x6F12, 0x5E0C, 0x560E, 0x28C7, 0x20CA, 0x18EA, 0x18EA, 0x1CE9,
    0x5271, 0x5AB4, 0x5ED5, 0x5251, 0x62F5, 0x62D4, 0x5692, 0x6737,
    0x5692, 0x62D5, 0x5ED4, 0x5AB3, 0x4E4F, 0x4E2E, 0x520C, 0x3D46,
    0x4DEB, 0x62D2, 0x5AB2, 0x5ED3, 0x5AB3, 0x5AD3, 0x5EF4, 0x5EF5,
    0x5ED5, 0x5EB4, 0x5E93, 0x5A92, 0x62D5, 0x5671, 0x5ED4, 0x5AB3,
    0x5AB3, 0x66F5, 0x62F5, 0x5EB1, 0x4DEA, 0x4587, 0x6AF4, 0x62F5,
    0x6F38, 0x5ED4, 0x6B57, 0x5ED4, 0x6737, 0x6737, 0x62F4, 0x62F4,
    0x3969, 0x1861, 0x1440, 0x458C, 0x4D4B, 0x5DED, 0x76B0, 0x6E0A,
    0x6E4C, 0x662C, 0x5123, 0x5D88, 0x4106, 0x30C6, 0x5651, 0x6716,
    0x5EF5, 0x6316, 0x5ED4, 0x5A93, 0x5692, 0x6B37, 0x5ED4, 0x5251,
    0x5A93, 0x62F6, 0x5693, 0x5EB4, 0x5A71, 0x5E6F, 0x520C, 0x3D45,
    0x520D, 0x5EB3, 0x5272, 0x5ED5, 0x5AB3, 0x4E2F, 0x4E2F, 0x5ED4,
    0x5AB3, 0x62F5, 0x5271, 0x5692, 0x5693, 0x5AB3, 0x5692, 0x5672,
    0x5AB4, 0x5272, 0x5670, 0x5E70, 0x3D45, 0x4A0D, 0x62F5, 0x4A2F,
    0x5692, 0x5EB4, 0x4E50, 0x62F5, 0x66F6, 0x62F6, 0x5EB4, 0x5672,
    0x5271, 0x5AB3, 0x5272, 0x5271, 0x56B3, 0x5292, 0x4E51, 0x5A92,
    0x55EC, 0x4126, 0x520C, 0x6B37, 0x6716, 0x5ED4, 0x5AB3, 0x62F6,
    0x5AB4, 0x2D28, 0x3547, 0x41E8, 0x5AD1, 0x4A2D, 0x24E2, 0x1C40,
    0x41A5, 0x66CA, 0x774F, 0x6F0B, 0x51C0, 0x4985, 0x4567, 0x30E4,
    0x3986, 0x62CC, 0x5245, 0x3983, 0x1043, 0x4E94, 0x5AD7, 0x62F7,
    0x5EB4, 0x6717, 0x6717, 0x5ED4, 0x5ED5, 0x5273, 0x5A92, 0x5671,
    0x4E51, 0x4E31, 0x49CC, 0x3D25, 0x4DEB, 0x524E, 0x4E50, 0x5293,
    0x4E51, 0x4A0F, 0x5693, 0x4E51, 0x4A30, 0x5672, 0x5271, 0x4E50,
    0x460F, 0x460E, 0x5271, 0x462F, 0x5272, 0x62D6, 0x5673, 0x5A92,
    0x3D68, 0x49A9, 0x5E4D, 0x5A6F, 0x5ED4, 0x56B4, 0x4E51, 0x4211,
    0x2D6D, 0x18C9, 0x18A8, 0x18A8, 0x18C6, 0x18C6, 0x18A7, 0x1CA9,
    0x1CA8, 0x18A7, 0x18A7, 0x14A8, 0x18A7, 0x3528, 0x49AA, 0x5A90,
    0x6736, 0x739A, 0x7FDD, 0x7FFE, 0x7FFE, 0x7FFE, 0x7FFE, 0x7FFE,
    0x7FFE, 0x7FFE, 0x779D, 0x2109, 0x358B, 0x5692, 0x3DAC, 0x3588,
    0x7372, 0x62AB, 0x5A6D, 0x5A2B, 0x6AED, 0x4E03, 0x5226, 0x4609,
    0x4A2F, 0x6737, 0x2906, 0x564A, 0x776F, 0x41C6, 0x1CC6, 0x18A8,
    0x18C9, 0x18C9, 0x1CC9, 0x1CC9, 0x1CC9, 0x1CCB, 0x18E9, 0x20C5,
    0x49A7, 0x6EB0, 0x3507, 0x20CA, 0x1CEB, 0x18EA, 0x1CEA, 0x1CC9,
    0x5692, 0x460E, 0x4A0E, 0x5AB3, 0x5AB3, 0x5ED4, 0x5693, 0x4A2F,
    0x4A0E, 0x5692, 0x62F6, 0x62F5, 0x5A92, 0x6716, 0x3D68, 0x62B2,
    0x6B14, 0x5EB2, 0x5AB3, 0x5AB3, 0x5AB4, 0x5AD3, 0x5AB3, 0x62F6,
    0x5A93, 0x5A93, 0x4E50, 0x6B17, 0x62F5, 0x5672, 0x6B37, 0x6716,
    0x5EB4, 0x6716, 0x5691, 0x3DA9, 0x45CA, 0x6AF3, 0x4E2F, 0x5ED4,
    0x5ED5, 0x5ED5, 0x5AB3, 0x5ED4, 0x5693, 0x5271, 0x6B58, 0x5AB3,
    0x45ED, 0x3927, 0x2C83, 0x1C20, 0x2020, 0x4149, 0x76B2, 0x720B,
    0x5988, 0x4D65, 0x55A9, 0x38A2, 0x3883, 0x6651, 0x5630, 0x5692,
    0x56B3, 0x5AD4, 0x5692, 0x6716, 0x6B57, 0x5AB3, 0x62F5, 0x5A93,
    0x66F6, 0x5A93, 0x5AB4, 0x5AD4, 0x5691, 0x4E0C, 0x3524, 0x5A4D,
    0x5EB3, 0x5AB4, 0x5AB4, 0x5272, 0x5692, 0x5ED4, 0x4E50, 0x6716,
    0x5AB4, 0x5692, 0x5250, 0x5692, 0x5AB3, 0x5271, 0x5692, 0x5272,
    0x5A93, 0x5AB3, 0x5A71, 0x3925, 0x5E6F, 0x6B14, 0x62F4, 0x62F6,
    0x6316, 0x5ED4, 0x5AB3, 0x5271, 0x5692, 0x5EB4, 0x5692, 0x5251,
    0x4E50, 0x5A93, 0x5ED5, 0x5ED4, 0x5271, 0x6B38, 0x6B38, 0x5E92,
    0x3526, 0x66D1, 0x62D1, 0x62F4, 0x5693, 0x62F6, 0x5272, 0x6717,
    0x5EB4, 0x316A, 0x3DAA, 0x3567, 0x4E0A, 0x62C9, 0x6F07, 0x5224,
    0x20A0, 0x1C81, 0x49CA, 0x6ACF, 0x4DC0, 0x3521, 0x66AF, 0x6AD0,
    0x62AC, 0x62AA, 0x5EA6, 0x41C3, 0x1043, 0x39CF, 0x5AF7, 0x5253,
    0x5E94, 0x5EB4, 0x5AB4, 0x5AB4, 0x5692, 0x56B4, 0x5A93, 0x45EE,
    0x5273, 0x62F6, 0x49CC, 0x51EA, 0x6EF1, 0x564E, 0x5692, 0x5293,
    0x4E52, 0x4E51, 0x4E51, 0x5693, 0x5693, 0x5AB4, 0x4E30, 0x4A30,
    0x5272, 0x4E30, 0x4A2F, 0x5271, 0x5AB4, 0x5272, 0x5252, 0x5AB3,
    0x3966, 0x7732, 0x62B0, 0x5692, 0x5292, 0x6316, 0x5693, 0x4A72,
    0x3DEF, 0x18A9, 0x14A9, 0x18A8, 0x18A7, 0x18A7, 0x18A8, 0x1CA9,
    0x1CA8, 0x18A7, 0x14A6, 0x14A7, 0x18A7, 0x28E6, 0x66D0, 0x7355,
    0x6737, 0x739C, 0x7FFD, 0x7FFE, 0x7FFE, 0x7FFE, 0x7FFE, 0x7FFE,
    0x7FFE, 0x7FFE, 0x77BD, 0x250A, 0x2508, 0x5AB3, 0x460E, 0x1CA3,
    0x6F56, 0x6711, 0x3545, 0x564C, 0x7B72, 0x49E1, 0x5663, 0x62EC,
    0x5ECF, 0x462E, 0x62F4, 0x5A6C, 0x7B90, 0x566A, 0x1CC5, 0x1CA8,
    0x18CA, 0x18CA, 0x1CCA, 0x1CCA, 0x1CCA, 0x1CCA, 0x1CCA, 0x20E7,
    0x45C8, 0x7F95, 0x41AB, 0x20CC, 0x1CCB, 0x1CEB, 0x1CEA, 0x1CEA,
    0x5AB3, 0x5671, 0x4E50, 0x62F5, 0x5271, 0x5ED5, 0x5ED5, 0x5271,
    0x5ED4, 0x4E50, 0x62F6, 0x62D5, 0x5A92, 0x5EB3, 0x4E0D, 0x7357,
    0x5EB2, 0x6715, 0x62D5, 0x5AB4, 0x5693, 0x5671, 0x5AB3, 0x5693,
    0x5693, 0x5693, 0x5672, 0x5692, 0x5AB3, 0x5AB3, 0x62F6, 0x5272,
    0x5271, 0x5AB4, 0x5270, 0x45EB, 0x7356, 0x66D2, 0x6B37, 0x5ED5,
    0x56B4, 0x5AB4, 0x5271, 0x62D5, 0x5AB4, 0x5292, 0x62F6, 0x6737,
    0x4A2E, 0x34E5, 0x4949, 0x4149, 0x3527, 0x2400, 0x660F, 0x69CB,
    0x4D47, 0x7313, 0x5E8F, 0x4505, 0x5D8A, 0x660F, 0x5E30, 0x5E93,
    0x62F6, 0x5AD4, 0x6716, 0x5ED4, 0x5ED4, 0x5692, 0x5ED4, 0x5AB3,
    0x5ED5, 0x5692, 0x5AB4, 0x5AB4, 0x5AB2, 0x4E0C, 0x6AD1, 0x7334,
    0x5670, 0x56B3, 0x56B3, 0x5AB3, 0x5672, 0x5692, 0x5ED4, 0x5693,
    0x5AB4, 0x5A93, 0x5251, 0x5A92, 0x5692, 0x5ED4, 0x5ED5, 0x5ED4,
    0x66F6, 0x5A92, 0x5650, 0x4E0C, 0x7756, 0x62B0, 0x5ED3, 0x5AB4,
    0x5693, 0x5693, 0x5AB3, 0x5ED4, 0x5692, 0x6716, 0x5271, 0x5672,
    0x5271, 0x66F6, 0x5693, 0x5AB4, 0x4E51, 0x4E51, 0x5693, 0x524F,
    0x522E, 0x7354, 0x5E8F, 0x5ED3, 0x5EB4, 0x5ED6, 0x5AB5, 0x5694,
    0x5ED4, 0x420D, 0x3588, 0x41A5, 0x5A65, 0x6EE2, 0x7B41, 0x7743,
    0x7325, 0x5668, 0x2082, 0x24C3, 0x3D43, 0x28C2, 0x7312, 0x7731,
    0x628B, 0x62AA, 0x5EA7, 0x49E3, 0x1041, 0x20E9, 0x5EF9, 0x5695,
    0x4E31, 0x5252, 0x5ED6, 0x5272, 0x5271, 0x5AD4, 0x5271, 0x5AB4,
    0x5273, 0x5693, 0x564E, 0x5E6D, 0x7312, 0x520C, 0x4E0E, 0x4A0F,
    0x4A50, 0x4A2F, 0x4A30, 0x4E51, 0x5673, 0x4E51, 0x5272, 0x5693,
    0x5251, 0x5252, 0x460F, 0x4E51, 0x4A30, 0x4E52, 0x5272, 0x5691,
    0x5E6D, 0x7753, 0x5E90, 0x5693, 0x5293, 0x4E50, 0x5271, 0x5292,
    0x39CE, 0x252B, 0x1489, 0x18A9, 0x18A7, 0x18A7, 0x18A8, 0x18A8,
    0x18A8, 0x18A7, 0x14A6, 0x14A6, 0x14A6, 0x39AA, 0x6F33, 0x7334,
    0x6B16, 0x739B, 0x7FFE, 0x7FFE, 0x7FFE, 0x7FFD, 0x7FFD, 0x7FFD,
    0x7FFE, 0x7FFE, 0x77BD, 0x250B, 0x1467, 0x5692, 0x4A2F, 0x1463,
    0x4A2F, 0x3589, 0x4E2C, 0x6B12, 0x7331, 0x49E2, 0x5A62, 0x5EA6,
    0x62EE, 0x41EA, 0x5290, 0x5A8E, 0x776F, 0x670D, 0x1CC4, 0x1CA8,
    0x18AA, 0x18CA, 0x18CA, 0x18CA, 0x1CAB, 0x1CCA, 0x1CC9, 0x1CA6,
    0x566E, 0x7B95, 0x41ED, 0x1CCA, 0x1CCA, 0x1CCA, 0x1CCA, 0x1CEA,
    0x5ED4, 0x5AB3, 0x5250, 0x5672, 0x5251, 0x5A93, 0x62D5, 0x5672,
    0x5AB3, 0x5ED4, 0x66F5, 0x5A93, 0x62D4, 0x5EB3, 0x5A91, 0x5EB1,
    0x6AF4, 0x6B14, 0x5E91, 0x5671, 0x5A92, 0x5671, 0x66F6, 0x5EB4,
    0x5251, 0x5A93, 0x6B38, 0x62F6, 0x5271, 0x5AB3, 0x4E51, 0x5AB4,
    0x5251, 0x5A92, 0x566F, 0x66B1, 0x6AF2, 0x7777, 0x5EB1, 0x5EB3,
    0x62D5, 0x6B17, 0x5EB4, 0x5251, 0x5EB5, 0x56B3, 0x5272, 0x5EF5,
    0x6315, 0x41CB, 0x4147, 0x4106, 0x4127, 0x3884, 0x518C, 0x660D,
    0x5A0D, 0x7354, 0x6AD1, 0x620B, 0x5D89, 0x7292, 0x6230, 0x66B3,
    0x5ED4, 0x6316, 0x5ED4, 0x5ED4, 0x5ED4, 0x5692, 0x62F5, 0x66F6,
    0x5ED5, 0x62D5, 0x5692, 0x5EB4, 0x5A92, 0x5E90, 0x6EF3, 0x7334,
    0x6F35, 0x5AB2, 0x5A92, 0x5A92, 0x5ED4, 0x5272, 0x6717, 0x5692,
    0x5AB3, 0x62D4, 0x5671, 0x5692, 0x5EB4, 0x5692, 0x5692, 0x5ED5,
    0x5271, 0x5A71, 0x5A4F, 0x62B1, 0x6F35, 0x62B1, 0x62D3, 0x6716,
    0x62F6, 0x6B38, 0x5ED5, 0x6717, 0x5AB3, 0x5ED4, 0x62F4, 0x5A92,
    0x5AB3, 0x5AB4, 0x6717, 0x5AB4, 0x56B4, 0x5EF6, 0x5251, 0x66D4,
    0x62B1, 0x66D1, 0x6EF3, 0x5EB2, 0x5EB3, 0x6B18, 0x5A95, 0x5693,
    0x6315, 0x56B3, 0x20C4, 0x41A5, 0x5621, 0x6EC1, 0x7F42, 0x7B40,
    0x7B60, 0x7769, 0x62CE, 0x1842, 0x2043, 0x560C, 0x7712, 0x6ACF,
    0x6ACE, 0x6AED, 0x5626, 0x5224, 0x1CA0, 0x1485, 0x56D7, 0x5295,
    0x4A31, 0x5673, 0x5AB5, 0x5AB5, 0x5692, 0x56B2, 0x4A0F, 0x66F7,
    0x5252, 0x5250, 0x566F, 0x7313, 0x5A4C, 0x66D2, 0x5A50, 0x5230,
    0x4A0F, 0x4A30, 0x4E51, 0x4E30, 0x4A30, 0x5272, 0x5693, 0x4A30,
    0x5252, 0x4E51, 0x4A0F, 0x4E51, 0x4A0F, 0x5252, 0x5ED4, 0x524E,
    0x6AF1, 0x66B1, 0x6690, 0x5E6F, 0x5E92, 0x5252, 0x5293, 0x4E51,
    0x4611, 0x318E, 0x18A9, 0x14A8, 0x18A6, 0x18A5, 0x18A6, 0x18A6,
    0x18A7, 0x18A7, 0x18A7, 0x14A6, 0x20E5, 0x62D3, 0x66B2, 0x5E90,
    0x7757, 0x779A, 0x7FDD, 0x7FFE, 0x7FFE, 0x7FFD, 0x7FFD, 0x7FFD,
    0x7FFE, 0x7FFE, 0x77BC, 0x20EB, 0x1068, 0x420E, 0x5AD2, 0x1CA5,
    0x1CA4, 0x564D, 0x5A8D, 0x6F11, 0x6711, 0x6B0F, 0x5621, 0x5A64,
    0x62ED, 0x462B, 0x3169, 0x66F2, 0x734E, 0x6B2D, 0x20E4, 0x1CA7,
    0x1CAA, 0x1CCB, 0x18AA, 0x1CCA, 0x18AB, 0x18C9, 0x18C6, 0x4A0D,
    0x7B97, 0x562D, 0x7377, 0x41EC, 0x20C9, 0x20C9, 0x1CCA, 0x1CCA,
    0x6715, 0x5AB3, 0x5AB3, 0x5251, 0x5ED5, 0x62F6, 0x5A93, 0x6717,
    0x5ED5, 0x5ED4, 0x5AB2, 0x5A91, 0x62B3, 0x4E0E, 0x5E92, 0x5A70,
    0x562E, 0x6AD3, 0x66B2, 0x62B2, 0x5671, 0x5AB4, 0x6B17, 0x5693,
    0x4E30, 0x5272, 0x4E50, 0x4E2F, 0x4E50, 0x5692, 0x4A30, 0x4E50,
    0x5A92, 0x5E92, 0x562E, 0x62B0, 0x5A6F, 0x522D, 0x66D2, 0x5A70,
    0x62D4, 0x5250, 0x5ED4, 0x5ED5, 0x5AB4, 0x5AB4, 0x5693, 0x5AD4,
    0x6716, 0x5291, 0x3146, 0x4D88, 0x40A3, 0x3842, 0x51EF, 0x51AB,
    0x6EF3, 0x5A2C, 0x622C, 0x728F, 0x5DA9, 0x6E70, 0x662E, 0x6EF5,
    0x62D4, 0x5292, 0x5AD4, 0x5692, 0x62F5, 0x5ED4, 0x6717, 0x62F6,
    0x5693, 0x5ED4, 0x5251, 0x5651, 0x5630, 0x5E91, 0x66B1, 0x564E,
    0x6F35, 0x6AF3, 0x62B3, 0x62D4, 0x66F5, 0x5271, 0x5272, 0x4E51,
    0x5272, 0x460E, 0x5A92, 0x62D5, 0x5692, 0x5692, 0x5271, 0x5272,
    0x5250, 0x5A50, 0x562E, 0x62B2, 0x62B2, 0x66D2, 0x62B1, 0x62B3,
    0x5A93, 0x5693, 0x5AB4, 0x5AB3, 0x5271, 0x62F5, 0x62F4, 0x5AB2,
    0x62F5, 0x6717, 0x5ED4, 0x62F5, 0x5EF5, 0x6717, 0x6B17, 0x564F,
    0x66F3, 0x520C, 0x5E50, 0x62B2, 0x66F4, 0x5672, 0x5ED5, 0x62F6,
    0x62F5, 0x6737, 0x2506, 0x45C7, 0x49E0, 0x66A1, 0x7721, 0x7F60,
    0x7721, 0x774A, 0x3DA6, 0x1860, 0x51EC, 0x668D, 0x6287, 0x66AB,
    0x6AAF, 0x6F10, 0x3D86, 0x5646, 0x3120, 0x1462, 0x52B6, 0x4E74,
    0x5252, 0x5694, 0x4E52, 0x4E51, 0x5AB4, 0x4E71, 0x4A2F, 0x5672,
    0x4E2F, 0x522F, 0x62D2, 0x566F, 0x4E2C, 0x4E0C, 0x62B2, 0x562F,
    0x5A92, 0x5672, 0x4E51, 0x4A30, 0x4A30, 0x4A30, 0x4E51, 0x45EF,
    0x4A0F, 0x460F, 0x460E, 0x4A2F, 0x5672, 0x4E30, 0x5E91, 0x62B0,
    0x5A90, 0x62B2, 0x560C, 0x6A8F, 0x6AB1, 0x5EB4, 0x5AB4, 0x5AB4,
    0x4E53, 0x318E, 0x1CE9, 0x14A7, 0x18A5, 0x18A5, 0x18A6, 0x18A6,
    0x18A7, 0x18A7, 0x1887, 0x20C7, 0x62D4, 0x5EB3, 0x3D8D, 0x5A72,
    0x5670, 0x7779, 0x7FDD, 0x7FFE, 0x7FFD, 0x7FFE, 0x7FFE, 0x7FFE,
    0x7FFE, 0x7FFE, 0x77BC, 0x1CCB, 0x1069, 0x318C, 0x4A2F, 0x18A3,
    0x1C81, 0x66F1, 0x6AF0, 0x564B, 0x49C6, 0x66CE, 0x6EED, 0x5626,
    0x62AC, 0x4A2B, 0x2527, 0x6B14, 0x6B0D, 0x7771, 0x24E4, 0x1CA7,
    0x1CA9, 0x18AA, 0x18CA, 0x1CCA, 0x18CA, 0x18C7, 0x3DCB, 0x7756,
    0x520D, 0x2884, 0x45EB, 0x7397, 0x41ED, 0x20C7, 0x1CC9, 0x1CC9,
    0x5250, 0x5672, 0x5A93, 0x62F6, 0x5251, 0x5EB4, 0x5A93, 0x5ED5,
    0x6F38, 0x5A92, 0x5A91, 0x5E91, 0x4E0D, 0x5670, 0x5230, 0x5EB3,
    0x5E91, 0x49CB, 0x62B2, 0x6B16, 0x5671, 0x4E50, 0x5292, 0x5ED6,
    0x5ED5, 0x66F7, 0x5672, 0x5250, 0x5ED4, 0x5ED5, 0x5ED5, 0x5692,
    0x564F, 0x520D, 0x520C, 0x5A6F, 0x5250, 0x6715, 0x564E, 0x6F14,
    0x5A91, 0x5270, 0x4E50, 0x4E50, 0x5AB4, 0x5AB3, 0x5ED5, 0x5ED4,
    0x5EB4, 0x62F5, 0x5A70, 0x76D1, 0x5DCB, 0x3020, 0x3D69, 0x6AB3,
    0x5A0D, 0x5DEB, 0x50E2, 0x6A0B, 0x6E8F, 0x662D, 0x6E70, 0x6692,
    0x6F58, 0x56B3, 0x5AB4, 0x62F5, 0x5AB2, 0x5AB3, 0x5692, 0x4A30,
    0x4E50, 0x5A93, 0x5A92, 0x562D, 0x562D, 0x564F, 0x6B36, 0x5A91,
    0x5A91, 0x62B2, 0x62B2, 0x66D4, 0x62F5, 0x5AB4, 0x5ED5, 0x5AB4,
    0x6738, 0x62F6, 0x5271, 0x5AB3, 0x5692, 0x5271, 0x5ED4, 0x5672,
    0x4E0F, 0x51EC, 0x562E, 0x522F, 0x6B36, 0x5E91, 0x5E6F, 0x6291,
    0x5A70, 0x5671, 0x5EF5, 0x5693, 0x5271, 0x5692, 0x6715, 0x5691,
    0x5671, 0x4E50, 0x5693, 0x5692, 0x6715, 0x5E93, 0x562F, 0x564F,
    0x566F, 0x5EB2, 0x6AF5, 0x45CA, 0x62B2, 0x62B3, 0x5EB3, 0x5EB4,
    0x5ED4, 0x6B36, 0x4A2E, 0x3987, 0x45C4, 0x6280, 0x7301, 0x7F60,
    0x7B41, 0x41A1, 0x2060, 0x49EB, 0x668E, 0x5604, 0x6282, 0x6AEA,
    0x5E6B, 0x5A4A, 0x5608, 0x5E89, 0x45C0, 0x1862, 0x4E94, 0x56B5,
    0x460F, 0x4E51, 0x4610, 0x4A30, 0x4E30, 0x5272, 0x5693, 0x5250,
    0x5A70, 0x62B2, 0x5A91, 0x4E2F, 0x41ED, 0x4E0D, 0x4DEB, 0x6290,
    0x562F, 0x4E0F, 0x5672, 0x5272, 0x62F5, 0x5692, 0x5692, 0x5271,
    0x4E51, 0x4A30, 0x5271, 0x5692, 0x4E2F, 0x4E0E, 0x5E90, 0x5A6E,
    0x566F, 0x5270, 0x5EB2, 0x5A4F, 0x66B0, 0x6290, 0x5A91, 0x5251,
    0x4A30, 0x3DEF, 0x252A, 0x14A7, 0x18A7, 0x1888, 0x18A8, 0x18A7,
    0x18A7, 0x18A7, 0x24E7, 0x5EB2, 0x62D4, 0x396D, 0x358F, 0x4E54,
    0x5674, 0x4E30, 0x7379, 0x7FFE, 0x7FFE, 0x7FFD, 0x7FFE, 0x7FFE,
    0x7FFE, 0x7FFF, 0x739C, 0x18AB, 0x106B, 0x1087, 0x1CC7, 0x41EF,
    0x3D89, 0x6AD2, 0x522D, 0x522C, 0x4E09, 0x49E7, 0x62AD, 0x6AEE,
    0x628C, 0x4A2B, 0x1CE3, 0x5ED1, 0x66EC, 0x776F, 0x3987, 0x1CA6,
    0x1CA8, 0x18AA, 0x18C9, 0x18C8, 0x18C8, 0x41AA, 0x7335, 0x4E0E,
    0x20A7, 0x1CC9, 0x20C8, 0x398A, 0x6F36, 0x4A0F, 0x20C7, 0x1CC9,
    0x66B3, 0x5230, 0x5271, 0x4E71, 0x5271, 0x6716, 0x5AB3, 0x5AD4,
    0x4E50, 0x5250, 0x5A6F, 0x45CB, 0x4E0D, 0x5A92, 0x5EB4, 0x62F6,
    0x6717, 0x5671, 0x524F, 0x62D3, 0x5690, 0x4A0E, 0x5251, 0x4A10,
    0x6717, 0x5692, 0x5251, 0x5692, 0x6737, 0x4E51, 0x5AB3, 0x6B15,
    0x520D, 0x562D, 0x5A6F, 0x5692, 0x5272, 0x62F5, 0x524E, 0x566F,
    0x66D3, 0x5A90, 0x6736, 0x5271, 0x5272, 0x5AB4, 0x5ED4, 0x5EB3,
    0x5672, 0x62F5, 0x7336, 0x7B12, 0x622C, 0x4126, 0x5E70, 0x49CC,
    0x5E2F, 0x5DAB, 0x5CE4, 0x6DA8, 0x61C9, 0x6EB0, 0x6A2E, 0x6A92,
    0x62B3, 0x5AB4, 0x5AD4, 0x62F5, 0x66F5, 0x4E50, 0x56B3, 0x5292,
    0x4E50, 0x5EB3, 0x5E92, 0x522C, 0x564D, 0x5EB2, 0x6316, 0x5693,
    0x5EB3, 0x4E0D, 0x5A4F, 0x66F3, 0x4E2F, 0x5692, 0x5ED5, 0x5ED5,
    0x5692, 0x5251, 0x6B38, 0x5ED4, 0x5272, 0x4E2F, 0x5A72, 0x5E92,
    0x4DED, 0x560D, 0x5E71, 0x5650, 0x66F6, 0x62D4, 0x5A70, 0x560C,
    0x5A6F, 0x66D3, 0x5692, 0x6716, 0x5AD4, 0x6B36, 0x5EB3, 0x5271,
    0x5ED3, 0x5AB3, 0x5A93, 0x5A93, 0x62B3, 0x5E71, 0x560E, 0x5A91,
    0x5ED3, 0x6717, 0x62D5, 0x5E92, 0x564F, 0x564E, 0x6291, 0x66D4,
    0x5ED5, 0x6716, 0x5EF5, 0x2D27, 0x41C8, 0x5221, 0x6EC2, 0x7F43,
    0x7F63, 0x772B, 0x4DC9, 0x6691, 0x3925, 0x4DC2, 0x5E65, 0x6AEA,
    0x62AC, 0x6AEF, 0x626B, 0x6AAB, 0x5A66, 0x1C82, 0x39CF, 0x6318,
    0x5694, 0x5272, 0x4E51, 0x4E51, 0x5272, 0x4E51, 0x5EB3, 0x5A70,
    0x66D2, 0x5A70, 0x5A93, 0x460F, 0x41EE, 0x4A0E, 0x49EC, 0x49AA,
    0x66B1, 0x520D, 0x522F, 0x5271, 0x4E50, 0x5271, 0x5692, 0x5ED4,
    0x5EB4, 0x5693, 0x5692, 0x5650, 0x520E, 0x564E, 0x5E70, 0x566E,
    0x4A4E, 0x462E, 0x5292, 0x62F5, 0x49EB, 0x62AE, 0x66F2, 0x62D4,
    0x5A93, 0x4E51, 0x2D8C, 0x18C7, 0x1488, 0x148A, 0x18AA, 0x18A8,
    0x18A6, 0x20C6, 0x5E93, 0x5EB2, 0x24E7, 0x316E, 0x252E, 0x252F,
    0x292D, 0x292A, 0x460E, 0x7399, 0x7FFE, 0x7FFF, 0x7FFE, 0x7FFE,
    0x7FFF, 0x7FFF, 0x73BD, 0x14AB, 0x106B, 0x1489, 0x1CA7, 0x5250,
    0x62B1, 0x45AB, 0x3547, 0x28E3, 0x1CA0, 0x24E2, 0x3566, 0x628E,
    0x6F11, 0x524C, 0x1CC1, 0x566F, 0x62CC, 0x736F, 0x4A09, 0x20A5,
    0x1CC8, 0x18CA, 0x18C9, 0x18A6, 0x41CC, 0x6EF4, 0x4E0D, 0x20C7,
    0x18CA, 0x18CB, 0x1CCA, 0x20C9, 0x3569, 0x6F58, 0x5292, 0x1CC6,
    0x6270, 0x4DEC, 0x5270, 0x4A50, 0x4E51, 0x5EB4, 0x4E50, 0x5AD4,
    0x5AB3, 0x5A91, 0x49CA, 0x49EB, 0x5EB3, 0x5693, 0x5EB4, 0x5672,
    0x5693, 0x6716, 0x62F4, 0x524E, 0x5A6F, 0x5E90, 0x6F38, 0x5252,
    0x5692, 0x6F58, 0x5271, 0x5AB4, 0x4E51, 0x5692, 0x562E, 0x4DEB,
    0x4DEA, 0x5A90, 0x5671, 0x462F, 0x4E72, 0x5693, 0x5692, 0x5E91,
    0x520D, 0x5E6E, 0x5EB0, 0x62F3, 0x6717, 0x5AD5, 0x6717, 0x5691,
    0x5271, 0x5AB3, 0x5A70, 0x7B13, 0x5DEB, 0x620C, 0x45AA, 0x41AC,
    0x2483, 0x518B, 0x5927, 0x69A9, 0x5DA8, 0x5E0B, 0x6E8F, 0x6670,
    0x62B3, 0x5AB3, 0x5EF5, 0x66F5, 0x5AB3, 0x56B3, 0x5272, 0x5ED4,
    0x5691, 0x62D3, 0x4DCA, 0x522C, 0x5A90, 0x5EB2, 0x5EB4, 0x5672,
    0x4E30, 0x5691, 0x564E, 0x5A4F, 0x5A70, 0x5AB2, 0x5ED4, 0x6B58,
    0x5ED5, 0x5EB4, 0x5672, 0x5693, 0x4E50, 0x5AB3, 0x5E92, 0x520D,
    0x520C, 0x62B2, 0x6AF5, 0x5A93, 0x5251, 0x5251, 0x6F58, 0x522E,
    0x4DEB, 0x6AD3, 0x6B16, 0x6B37, 0x779B, 0x77BB, 0x737A, 0x6716,
    0x5AB4, 0x62F4, 0x5651, 0x62B4, 0x5E50, 0x4DEC, 0x5E92, 0x66F5,
    0x5272, 0x4A30, 0x4A51, 0x5694, 0x5A91, 0x520C, 0x5E4E, 0x6291,
    0x6F17, 0x62F4, 0x6F56, 0x1061, 0x3DA7, 0x49C0, 0x6681, 0x7B47,
    0x7B46, 0x6AA6, 0x5A07, 0x5A2B, 0x2D03, 0x1860, 0x3985, 0x62AF,
    0x5A8E, 0x7772, 0x628E, 0x668C, 0x6F0D, 0x24A3, 0x2D6C, 0x56B6,
    0x5294, 0x5693, 0x56B3, 0x5ED5, 0x4E51, 0x5671, 0x522E, 0x5E90,
    0x5A4F, 0x5250, 0x4E52, 0x4A51, 0x4E51, 0x4A51, 0x460F, 0x522F,
    0x522D, 0x66B0, 0x564E, 0x5650, 0x4A2F, 0x5292, 0x5293, 0x5692,
    0x5251, 0x5252, 0x5E93, 0x6270, 0x5A2D, 0x562D, 0x5EB2, 0x5AB3,
    0x5AD3, 0x5AD3, 0x5AD4, 0x5ED5, 0x4E4F, 0x5A6F, 0x62D0, 0x66D2,
    0x5691, 0x5AB4, 0x420F, 0x254B, 0x14A9, 0x148A, 0x14A9, 0x1886,
    0x20E6, 0x5A92, 0x5650, 0x24C5, 0x1886, 0x2D6E, 0x252E, 0x35B1,
    0x3E12, 0x35AE, 0x2529, 0x41EC, 0x7779, 0x7FFE, 0x7FFE, 0x7FFE,
    0x7FFE, 0x7FFF, 0x739D, 0x14AA, 0x1469, 0x1465, 0x41CA, 0x5E90,
    0x3D89, 0x2505, 0x6B13, 0x5EB0, 0x4A0C, 0x2D25, 0x18A1, 0x20A2,
    0x5A70, 0x6F15, 0x2D26, 0x4E2D, 0x5EAE, 0x6F4D, 0x4E29, 0x20A4,
    0x18A8, 0x14CA, 0x14C8, 0x41EC, 0x7776, 0x4A0E, 0x1CC7, 0x1CC9,
    0x1CCA, 0x1CCA, 0x18CA, 0x1CCA, 0x1CEA, 0x2D4A, 0x6F78, 0x5692,
    0x49CA, 0x5A4E, 0x6F14, 0x5A92, 0x62F5, 0x5AB4, 0x62D6, 0x5A71,
    0x522F, 0x4189, 0x4A0D, 0x524F, 0x5ED4, 0x5251, 0x5692, 0x5692,
    0x5272, 0x5ED5, 0x4A2F, 0x5ED3, 0x4E0C, 0x5E4E, 0x6AB2, 0x4E0E,
    0x460E, 0x56B3, 0x56B4, 0x5294, 0x5251, 0x4E0D, 0x4DEA, 0x45C8,
    0x564F, 0x5A93, 0x4E10, 0x4E30, 0x4A30, 0x460F, 0x5693, 0x4A0E,
    0x5A91, 0x520D, 0x62B1, 0x522E, 0x5AB2, 0x5AB4, 0x5AD5, 0x5AF4,
    0x5272, 0x5672, 0x5A70, 0x6AB1, 0x59AA, 0x38E5, 0x55EF, 0x6A52,
    0x3908, 0x2462, 0x4527, 0x69ED, 0x65AC, 0x5DAA, 0x55EB, 0x66B1,
    0x66F4, 0x62F4, 0x6316, 0x5AD4, 0x5AB4, 0x5ED5, 0x62F4, 0x5A91,
    0x566F, 0x49EC, 0x520D, 0x6B15, 0x62D3, 0x62F4, 0x62F5, 0x5ED5,
    0x5AB3, 0x4E50, 0x6F36, 0x524F, 0x564F, 0x5A90, 0x522F, 0x5671,
    0x5693, 0x5ED5, 0x6717, 0x5251, 0x4E2F, 0x5A70, 0x45CB, 0x49CB,
    0x5E91, 0x5670, 0x5250, 0x6716, 0x5251, 0x5271, 0x62D4, 0x66F4,
    0x5EB2, 0x5A70, 0x66D3, 0x62D4, 0x5692, 0x5ED5, 0x5693, 0x62D6,
    0x5251, 0x62B4, 0x5A71, 0x4DEE, 0x458A, 0x562F, 0x66F4, 0x6716,
    0x5AB4, 0x5AB4, 0x5272, 0x5AB4, 0x5671, 0x6F36, 0x4E0D, 0x562E,
    0x6EF5, 0x5E90, 0x7375, 0x3188, 0x2D44, 0x45C1, 0x6262, 0x72E6,
    0x6264, 0x51E2, 0x6EEB, 0x5E8A, 0x45C2, 0x3D83, 0x24A1, 0x28E6,
    0x4E2E, 0x7374, 0x5ECE, 0x3D65, 0x66AD, 0x5A6E, 0x1CA5, 0x5AB4,
    0x56B5, 0x56B4, 0x4E50, 0x5251, 0x5230, 0x5A91, 0x5E91, 0x524F,
    0x5250, 0x5AB3, 0x460F, 0x5272, 0x4A51, 0x5693, 0x4A30, 0x4E50,
    0x5A91, 0x4E2D, 0x66B1, 0x6AD4, 0x5671, 0x41EE, 0x4E72, 0x4A51,
    0x4E51, 0x4E0E, 0x562E, 0x562E, 0x562E, 0x5A6F, 0x4E50, 0x4E50,
    0x5AD4, 0x5AB4, 0x4630, 0x56B3, 0x5AB3, 0x5AB2, 0x4E2E, 0x62D1,
    0x5ED1, 0x5270, 0x4210, 0x35AF, 0x18CA, 0x1488, 0x1885, 0x2928,
    0x5EB3, 0x5671, 0x1CA4, 0x1C85, 0x1486, 0x296E, 0x31B0, 0x52B7,
    0x673A, 0x739C, 0x6317, 0x316A, 0x41EC, 0x7377, 0x7FFC, 0x7FFE,
    0x7FFE, 0x7FFE, 0x739D, 0x1888, 0x1865, 0x4E2D, 0x5EAF, 0x566E,
    0x4E2F, 0x1484, 0x62F1, 0x5AAD, 0x5A8D, 0x4E47, 0x41E5, 0x20C1,
    0x1CA2, 0x5271, 0x62D5, 0x41A9, 0x62AD, 0x6AED, 0x526C, 0x18C6,
    0x18A9, 0x18A7, 0x460D, 0x6B36, 0x45ED, 0x1CC6, 0x1CC8, 0x1CA9,
    0x1CC9, 0x1CC9, 0x1CCA, 0x18CA, 0x1CCA, 0x1CCA, 0x2D2A, 0x6B37,
    0x41CB, 0x4E0C, 0x5E4E, 0x5E70, 0x4A2E, 0x5692, 0x5E93, 0x6292,
    0x4168, 0x564F, 0x5671, 0x4E50, 0x5ED5, 0x4E30, 0x4A2F, 0x5271,
    0x56B3, 0x4A30, 0x4E51, 0x5692, 0x5670, 0x5E4D, 0x5E6F, 0x6AF4,
    0x5EB3, 0x5AB4, 0x460F, 0x4E30, 0x45CB, 0x41A8, 0x45A8, 0x49EA,
    0x5ED3, 0x5673, 0x5252, 0x5671, 0x5ED4, 0x5AB4, 0x56B4, 0x5272,
    0x5693, 0x522E, 0x562E, 0x6291, 0x66D3, 0x5671, 0x5AD4, 0x6737,
    0x5EB3, 0x6B16, 0x5670, 0x4DCA, 0x4126, 0x3D09, 0x6653, 0x6E31,
    0x6230, 0x3D4A, 0x2421, 0x55AC, 0x65AD, 0x5DAC, 0x6AB3, 0x562E,
    0x62D2, 0x5EB1, 0x62F4, 0x5692, 0x6738, 0x6716, 0x564F, 0x62B2,
    0x4DEB, 0x564E, 0x5E92, 0x5251, 0x5ED4, 0x5ED4, 0x6B37, 0x5AB3,
    0x5ED4, 0x5AB4, 0x62F5, 0x5A91, 0x4E0D, 0x6290, 0x62B1, 0x4E2E,
    0x62F5, 0x5EF5, 0x4E50, 0x522F, 0x4DED, 0x49CB, 0x49CA, 0x5A70,
    0x5A92, 0x62D4, 0x5ED4, 0x62F5, 0x5271, 0x6B37, 0x6717, 0x5692,
    0x5A91, 0x5EB2, 0x564F, 0x5E91, 0x5E91, 0x5ED5, 0x5253, 0x4E31,
    0x5671, 0x66D3, 0x49EB, 0x4189, 0x62D3, 0x5250, 0x62F4, 0x5692,
    0x62F5, 0x5ED5, 0x5272, 0x5272, 0x5272, 0x66F6, 0x62D4, 0x4DED,
    0x520D, 0x6691, 0x7757, 0x4E2E, 0x24E3, 0x41A6, 0x5A26, 0x5A03,
    0x51A2, 0x6EEA, 0x7B4D, 0x730D, 0x45E3, 0x4E22, 0x5627, 0x4A09,
    0x1883, 0x4E50, 0x526F, 0x2D04, 0x5648, 0x6AEF, 0x5A6F, 0x5672,
    0x5694, 0x5293, 0x5EB4, 0x5650, 0x5A70, 0x5A70, 0x5670, 0x5692,
    0x5272, 0x4A30, 0x4A30, 0x5672, 0x5AD5, 0x5AB4, 0x4E51, 0x5AD4,
    0x5A92, 0x5A92, 0x49CA, 0x66D2, 0x524F, 0x5EB4, 0x5692, 0x5672,
    0x5691, 0x4DEB, 0x562D, 0x4E0D, 0x524F, 0x4E2F, 0x5AB3, 0x5293,
    0x5693, 0x4E72, 0x4E71, 0x4A50, 0x5272, 0x5272, 0x5ED4, 0x4E2D,
    0x5AD0, 0x62F3, 0x420F, 0x39AF, 0x250B, 0x1884, 0x3148, 0x62D4,
    0x460D, 0x18A4, 0x1885, 0x18A6, 0x10A7, 0x296D, 0x2D8E, 0x4E94,
    0x6338, 0x6F9A, 0x7BDE, 0x739C, 0x39AC, 0x3DEB, 0x7399, 0x7FFE,
    0x7FFE, 0x7FFE, 0x77BD, 0x24C7, 0x5A71, 0x5E91, 0x2905, 0x4E2E,
    0x4E71, 0x14A6, 0x4A4D, 0x5ECF, 0x5EAC, 0x4A23, 0x4A03, 0x41E5,
    0x2504, 0x1CA4, 0x5251, 0x66F3, 0x5E8D, 0x5209, 0x2904, 0x1CA4,
    0x24C6, 0x522F, 0x66F3, 0x3569, 0x1CA7, 0x1CA8, 0x1CC9, 0x1CA9,
    0x1CC8, 0x18C8, 0x1CC9, 0x18CA, 0x18CA, 0x1CCA, 0x1CA9, 0x2928,
    0x4A0E, 0x66D4, 0x49AB, 0x5E4F, 0x4E2C, 0x5A90, 0x5E91, 0x4146,
    0x5E4F, 0x564F, 0x5692, 0x5AB4, 0x5693, 0x5672, 0x4A2F, 0x4E50,
    0x5EF5, 0x5272, 0x4A2F, 0x5AB3, 0x5EB4, 0x62D3, 0x5670, 0x62D2,
    0x62D3, 0x5650, 0x5A71, 0x564F, 0x49C8, 0x49EA, 0x5A70, 0x5230,
    0x5A93, 0x4E51, 0x5ED4, 0x4E2F, 0x6F38, 0x5692, 0x5AB4, 0x4E72,
    0x4A51, 0x460E, 0x524F, 0x522E, 0x6AF4, 0x6AD4, 0x5A71, 0x62D3,
    0x66F4, 0x5A70, 0x3DA9, 0x62B2, 0x5A2E, 0x498C, 0x6653, 0x620E,
    0x55AB, 0x516A, 0x38A4, 0x2C42, 0x518B, 0x59CD, 0x5E30, 0x6291,
    0x564E, 0x66B2, 0x5E91, 0x66F5, 0x62F5, 0x66D4, 0x522D, 0x45A9,
    0x62B2, 0x5A91, 0x5ED3, 0x5693, 0x5AB4, 0x62F5, 0x56B2, 0x56B2,
    0x4A30, 0x5272, 0x62F6, 0x5692, 0x62B3, 0x562E, 0x5A6F, 0x66D3,
    0x66F4, 0x5271, 0x66F4, 0x6292, 0x3D47, 0x45A9, 0x4E0C, 0x5670,
    0x5A93, 0x5ED4, 0x5271, 0x5291, 0x5271, 0x62F5, 0x5AB3, 0x4E51,
    0x5AB3, 0x66F4, 0x5E91, 0x5A70, 0x62B1, 0x5250, 0x6F38, 0x5250,
    0x5A91, 0x49CA, 0x49EA, 0x5E70, 0x5A92, 0x5271, 0x5AB3, 0x4E50,
    0x5AB3, 0x5672, 0x5693, 0x5251, 0x460F, 0x5ED5, 0x5693, 0x5A71,
    0x49EC, 0x55EC, 0x7715, 0x5E6F, 0x1C81, 0x3D46, 0x4DA7, 0x4962,
    0x6687, 0x7F6B, 0x7B6D, 0x732E, 0x5E88, 0x5240, 0x5645, 0x6F50,
    0x4E4E, 0x1883, 0x1461, 0x1CA3, 0x5A8A, 0x6AC9, 0x66B0, 0x66F3,
    0x62D5, 0x5693, 0x5250, 0x5E91, 0x6AD3, 0x5A70, 0x5A92, 0x5272,
    0x5293, 0x5272, 0x5693, 0x4E51, 0x5672, 0x5AB4, 0x4E51, 0x5AD4,
    0x6737, 0x62F5, 0x5690, 0x524D, 0x66F3, 0x5EB2, 0x5A91, 0x5E91,
    0x564F, 0x520B, 0x4DEA, 0x4A0D, 0x460E, 0x4A51, 0x4630, 0x4A30,
    0x4A30, 0x4A51, 0x56B3, 0x4A4F, 0x5292, 0x56B4, 0x4E52, 0x5251,
    0x526F, 0x5ED2, 0x5AD4, 0x398C, 0x2928, 0x398A, 0x5A71, 0x3DAB,
    0x18A4, 0x18A5, 0x14A6, 0x14A6, 0x10A7, 0x296D, 0x2DAF, 0x4E94,
    0x6337, 0x6F7A, 0x7FDE, 0x7FFF, 0x739C, 0x318B, 0x41ED, 0x7399,
    0x7FFD, 0x7FFF, 0x779C, 0x5670, 0x4E0E, 0x2086, 0x1847, 0x420E,
    0x4A6F, 0x1D06, 0x2928, 0x6313, 0x4E49, 0x4A06, 0x45C2, 0x4A02,
    0x4E2A, 0x3DAA, 0x18A3, 0x526F, 0x62F1, 0x3566, 0x5EB1, 0x3967,
    0x5A4E, 0x5E70, 0x3107, 0x1CA6, 0x18C8, 0x18A9, 0x1CA9, 0x18C9,
    0x18C8, 0x18C7, 0x18C8, 0x18CA, 0x18CA, 0x18C8, 0x18C8, 0x1CA7,
    0x5272, 0x5251, 0x66D4, 0x520C, 0x62B0, 0x49C9, 0x4189, 0x5E91,
    0x6F15, 0x62D4, 0x5A93, 0x62F6, 0x5693, 0x460E, 0x62F5, 0x5271,
    0x5ED4, 0x5AB4, 0x4E30, 0x5672, 0x4E51, 0x5693, 0x5671, 0x566F,
    0x62D2, 0x66B3, 0x4DEC, 0x3D46, 0x5A6E, 0x5EB1, 0x5230, 0x5693,
    0x5AB4, 0x5271, 0x5671, 0x4E50, 0x4E30, 0x4E51, 0x5ED4, 0x5272,
    0x5AB4, 0x4A50, 0x5692, 0x62D3, 0x5A70, 0x6AD4, 0x6291, 0x5A4E,
    0x4DEB, 0x41A9, 0x5EB2, 0x62D3, 0x562E, 0x51CC, 0x6A72, 0x5E2E,
    0x59AB, 0x596A, 0x5527, 0x558A, 0x2420, 0x38E6, 0x6251, 0x5A50,
    0x5AB1, 0x562F, 0x6AD4, 0x66D4, 0x5A71, 0x5E70, 0x45CA, 0x62B2,
    0x62F4, 0x6B16, 0x5692, 0x62F6, 0x5AB3, 0x6716, 0x4E50, 0x5AB3,
    0x5672, 0x5672, 0x5271, 0x5251, 0x62D5, 0x5EB2, 0x4E0D, 0x5E90,
    0x6EF4, 0x62B2, 0x5E71, 0x4589, 0x5A50, 0x62B2, 0x5EB2, 0x5671,
    0x5EB4, 0x5AB3, 0x4A2F, 0x5291, 0x62F5, 0x5A93, 0x5EB4, 0x5272,
    0x5ED4, 0x62D4, 0x66F4, 0x5A70, 0x564F, 0x66F3, 0x62B1, 0x6291,
    0x49CB, 0x49CA, 0x5A6F, 0x66F4, 0x62D5, 0x5EB4, 0x62F5, 0x5271,
    0x5692, 0x5ED4, 0x6716, 0x66F6, 0x5AB4, 0x5ED5, 0x5AB3, 0x5672,
    0x5650, 0x520D, 0x666E, 0x6AAE, 0x4145, 0x4DAB, 0x3D47, 0x51E4,
    0x6AC5, 0x7325, 0x7F8C, 0x774E, 0x5E87, 0x5200, 0x55E3, 0x62CD,
    0x62D0, 0x5A8C, 0x4E4C, 0x1881, 0x49E9, 0x732D, 0x3944, 0x6EF2,
    0x6F14, 0x5EB3, 0x5EB3, 0x5E92, 0x62B3, 0x5AB3, 0x4E50, 0x5AB4,
    0x5ED5, 0x5693, 0x5ED5, 0x5AB3, 0x5ED5, 0x62F6, 0x5AD4, 0x5292,
    0x5292, 0x5ED5, 0x5AB2, 0x5670, 0x4A0C, 0x66F2, 0x5E6F, 0x562D,
    0x520B, 0x562E, 0x4A0D, 0x5250, 0x4E51, 0x5694, 0x5AB4, 0x4E51,
    0x5693, 0x4E71, 0x5292, 0x4A71, 0x4A50, 0x462F, 0x4A31, 0x5273,
    0x56B3, 0x5270, 0x62F4, 0x5AB2, 0x45EC, 0x5250, 0x3129, 0x1885,
    0x1886, 0x1486, 0x1086, 0x10A6, 0x0C87, 0x254D, 0x2D8F, 0x4A94,
    0x6317, 0x6F7A, 0x7BDD, 0x7FFE, 0x7FFF, 0x6B3A, 0x3DCD, 0x6316,
    0x7379, 0x737A, 0x5652, 0x3D8A, 0x1464, 0x1868, 0x1469, 0x35AC,
    0x4E8F, 0x2D88, 0x1484, 0x4E6E, 0x3DC6, 0x4A08, 0x41C2, 0x4A01,
    0x5248, 0x5A8F, 0x20E5, 0x35AC, 0x56B1, 0x6F34, 0x5E8E, 0x5E6E,
    0x4DEB, 0x24A4, 0x1CA6, 0x18A7, 0x14C8, 0x18C8, 0x18A9, 0x18A9,
    0x18C8, 0x18C7, 0x18C8, 0x18C9, 0x18C8, 0x18C7, 0x18C8, 0x18C9,
    0x5693, 0x56B3, 0x5ED3, 0x62F2, 0x4DCA, 0x49CA, 0x6AF3, 0x6715,
    0x5ED4, 0x5AB3, 0x5EB3, 0x5EB3, 0x6B37, 0x5AB2, 0x62F4, 0x5EB3,
    0x5EB3, 0x5AB3, 0x5AB3, 0x5251, 0x5672, 0x5AB5, 0x4E2E, 0x6F55,
    0x5A90, 0x5A71, 0x24A2, 0x5EB2, 0x62D4, 0x62F4, 0x5ED4, 0x5AB2,
    0x4E50, 0x62D5, 0x6B17, 0x5693, 0x4A0F, 0x5AB3, 0x5250, 0x5ED4,
    0x5250, 0x5AB3, 0x5EB4, 0x5EB3, 0x66F4, 0x62B3, 0x6F15, 0x49C8,
    0x45A8, 0x564F, 0x62B4, 0x5A93, 0x522F, 0x5A0E, 0x6E72, 0x6650,
    0x59AB, 0x5949, 0x5547, 0x662E, 0x55AC, 0x38C6, 0x5E51, 0x5270,
    0x462E, 0x524F, 0x562F, 0x6F15, 0x520D, 0x4DCA, 0x5A70, 0x5AB2,
    0x5ED4, 0x5ED4, 0x6315, 0x6B37, 0x5AB3, 0x5AB3, 0x5672, 0x4E51,
    0x5251, 0x5251, 0x4E2F, 0x5251, 0x5AB4, 0x62D5, 0x5EB3, 0x5E70,
    0x6ED2, 0x5E4F, 0x4568, 0x5E90, 0x62B2, 0x62D4, 0x5693, 0x5672,
    0x4A2F, 0x5692, 0x4E4F, 0x5291, 0x5271, 0x6717, 0x5A93, 0x5EB4,
    0x5AB3, 0x5AB3, 0x5692, 0x5670, 0x564E, 0x66B1, 0x5E4E, 0x4989,
    0x51ED, 0x66D3, 0x5EB2, 0x5EB4, 0x5ED5, 0x4E51, 0x5251, 0x62F6,
    0x5AB3, 0x5AB3, 0x5A92, 0x5250, 0x6B37, 0x62F6, 0x5AB3, 0x5A93,
    0x5673, 0x5E93, 0x562D, 0x5A09, 0x4966, 0x2CA3, 0x3524, 0x4E03,
    0x5E61, 0x6F04, 0x7B6D, 0x7B91, 0x5E68, 0x4DE0, 0x51C2, 0x5E8C,
    0x628D, 0x6AEB, 0x7353, 0x2902, 0x3569, 0x7331, 0x49E6, 0x4DE8,
    0x66B1, 0x5E70, 0x5A70, 0x5671, 0x5251, 0x5293, 0x5693, 0x5693,
    0x4E51, 0x5692, 0x62F6, 0x4E30, 0x5271, 0x5292, 0x5692, 0x5292,
    0x4E51, 0x5272, 0x5694, 0x5A93, 0x5A71, 0x5A4E, 0x520B, 0x520B,
    0x5A4F, 0x4E2F, 0x4E50, 0x5AB4, 0x4E51, 0x4E51, 0x5693, 0x5292,
    0x462F, 0x420F, 0x4E72, 0x5293, 0x4E52, 0x460F, 0x5672, 0x5ED5,
    0x4A51, 0x4E51, 0x462D, 0x4A2D, 0x45EC, 0x2D08, 0x1867, 0x1888,
    0x1488, 0x1087, 0x10A6, 0x1084, 0x0C86, 0x214D, 0x298F, 0x4A75,
    0x6318, 0x6F7A, 0x7BDD, 0x7FFF, 0x7FFE, 0x7FFE, 0x5294, 0x6F5A,
    0x5692, 0x3DAA, 0x5672, 0x20C7, 0x1067, 0x1087, 0x1085, 0x2528,
    0x4E91, 0x420D, 0x1482, 0x3165, 0x4626, 0x4605, 0x45E3, 0x5688,
    0x4A48, 0x464B, 0x18E6, 0x4653, 0x2D4A, 0x4E4B, 0x5249, 0x4A0B,
    0x1C86, 0x18A9, 0x18A8, 0x18C7, 0x18C7, 0x18C7, 0x18C8, 0x18A9,
    0x18C9, 0x18C8, 0x18C7, 0x18C8, 0x18C7, 0x18C8, 0x18C9, 0x18C9,
    0x5271, 0x4E71, 0x6F78, 0x5ED2, 0x45CA, 0x66D2, 0x6AF4, 0x6716,
    0x5EF5, 0x4A2F, 0x66F5, 0x5A92, 0x5EB3, 0x5692, 0x5AB3, 0x5671,
    0x5671, 0x6716, 0x4E30, 0x5AB3, 0x62D5, 0x62F6, 0x5ED4, 0x5691,
    0x524F, 0x3568, 0x2905, 0x5691, 0x5672, 0x5ED5, 0x5692, 0x5692,
    0x62F5, 0x5E94, 0x5A93, 0x5672, 0x5251, 0x5EB3, 0x5EB3, 0x6716,
    0x5671, 0x5ED4, 0x62F5, 0x62D5, 0x5691, 0x5ED2, 0x3DA7, 0x49EA,
    0x66F3, 0x62D3, 0x5ED5, 0x6B16, 0x562F, 0x5E0E, 0x6E71, 0x620E,
    0x4D48, 0x5568, 0x5947, 0x65EC, 0x5DED, 0x5A0E, 0x5A50, 0x4A4F,
    0x4A70, 0x56B2, 0x564E, 0x49EB, 0x45A9, 0x66F3, 0x5EB2, 0x6316,
    0x5272, 0x5AB3, 0x5671, 0x5EB3, 0x5692, 0x5272, 0x5EB4, 0x5272,
    0x5672, 0x5251, 0x62D5, 0x5ED4, 0x5ED4, 0x5272, 0x5EB4, 0x5EB3,
    0x45A9, 0x3D45, 0x6AD3, 0x66D3, 0x6B16, 0x5A92, 0x5692, 0x5672,
    0x5672, 0x4E50, 0x5692, 0x4E4F, 0x5692, 0x5271, 0x5EB4, 0x5271,
    0x5251, 0x4E50, 0x5A92, 0x5ED4, 0x6B37, 0x5A4F, 0x4124, 0x6690,
    0x564F, 0x5EB4, 0x5272, 0x5251, 0x4E30, 0x5272, 0x62F5, 0x5EB4,
    0x62F6, 0x5692, 0x62F5, 0x5692, 0x5271, 0x62D4, 0x66F6, 0x62B5,
    0x5673, 0x5AB4, 0x4A0C, 0x4545, 0x4547, 0x2061, 0x2D04, 0x45C5,
    0x5202, 0x6EE7, 0x732B, 0x7B6F, 0x5A47, 0x45C0, 0x49C0, 0x62AB,
    0x5A6A, 0x6AEA, 0x7B75, 0x41C8, 0x24E5, 0x5EB0, 0x5225, 0x5627,
    0x49EA, 0x5A8F, 0x5ED3, 0x5AB2, 0x5273, 0x4E72, 0x4E72, 0x4E50,
    0x5272, 0x5AB4, 0x4E51, 0x5ED5, 0x5693, 0x56B4, 0x56B4, 0x4A50,
    0x52B3, 0x5271, 0x4610, 0x5674, 0x5251, 0x3125, 0x4E2A, 0x6B33,
    0x4E2F, 0x41EE, 0x4630, 0x460F, 0x4630, 0x4A51, 0x4630, 0x4E71,
    0x4E72, 0x5293, 0x4651, 0x4651, 0x4A72, 0x56B4, 0x4630, 0x4A50,
    0x3E10, 0x4630, 0x35AA, 0x4E6F, 0x5AB3, 0x1CA7, 0x1067, 0x1487,
    0x1087, 0x1086, 0x1085, 0x1085, 0x0C86, 0x254E, 0x296F, 0x4A75,
    0x5F18, 0x6B7B, 0x7BDD, 0x7FFF, 0x7FFF, 0x7FFF, 0x779D, 0x356C,
    0x3DCA, 0x6B54, 0x77BC, 0x20E9, 0x1067, 0x1086, 0x1085, 0x14A6,
    0x3E0F, 0x464F, 0x2527, 0x39C8, 0x4A47, 0x4A45, 0x4603, 0x5ECD,
    0x5EEF, 0x52AF, 0x2549, 0x52B6, 0x2107, 0x41C7, 0x6710, 0x3167,
    0x1888, 0x148A, 0x14A8, 0x18A7, 0x18A9, 0x18A8, 0x18A9, 0x18A9,
    0x18A9, 0x18A9, 0x18A9, 0x18A8, 0x18A8, 0x18A9, 0x18AA, 0x18AA,
    0x4E71, 0x4A2F, 0x62F5, 0x66D3, 0x5EB0, 0x7355, 0x5A6F, 0x5EB3,
    0x62F6, 0x5692, 0x5EB4, 0x5271, 0x5671, 0x5A93, 0x5271, 0x6716,
    0x62F5, 0x5AB3, 0x5EB4, 0x5A92, 0x4E51, 0x5AB4, 0x5EF5, 0x5270,
    0x45EC, 0x5AB2, 0x45EC, 0x5A92, 0x5693, 0x5693, 0x5272, 0x4E30,
    0x5EB4, 0x5EB3, 0x4E30, 0x5672, 0x5A92, 0x5672, 0x5692, 0x5691,
    0x5692, 0x5ED4, 0x5ED5, 0x5AB4, 0x5EB3, 0x524E, 0x4E2C, 0x6F34,
    0x524E, 0x62F4, 0x4A2F, 0x66F5, 0x6292, 0x622F, 0x6A2F, 0x6A2F,
    0x558A, 0x5567, 0x5547, 0x69ED, 0x59CB, 0x5A0E, 0x6292, 0x5EF5,
    0x5AF5, 0x5AB3, 0x522E, 0x45C9, 0x6F13, 0x66F3, 0x5ED3, 0x5AD4,
    0x56B4, 0x5271, 0x5672, 0x4E50, 0x5AB4, 0x5672, 0x5ED5, 0x5692,
    0x62F5, 0x6716, 0x5AB4, 0x5692, 0x5EB3, 0x5A93, 0x5A94, 0x5251,
    0x3987, 0x6F34, 0x5E90, 0x5A72, 0x5672, 0x5692, 0x5ED4, 0x5271,
    0x5271, 0x4E50, 0x5271, 0x5271, 0x5672, 0x5AB3, 0x5AB4, 0x5250,
    0x6716, 0x5ED4, 0x5672, 0x5251, 0x5A93, 0x3948, 0x6AD1, 0x6AD0,
    0x62D3, 0x5293, 0x56B4, 0x62F4, 0x5ED4, 0x5AB3, 0x5271, 0x6B38,
    0x6716, 0x5AB4, 0x5EF5, 0x5AB4, 0x5EB5, 0x5A94, 0x5EB5, 0x5EB4,
    0x66F6, 0x5672, 0x4E0E, 0x666D, 0x6E8E, 0x45A6, 0x1CA0, 0x3966,
    0x45C5, 0x62A8, 0x6B0A, 0x732D, 0x5227, 0x41A3, 0x3D80, 0x5AAB,
    0x5A88, 0x66C7, 0x7B74, 0x4E2A, 0x2D46, 0x39A8, 0x5A69, 0x5648,
    0x4E2C, 0x7375, 0x4E50, 0x4E50, 0x5A94, 0x5AB4, 0x5272, 0x460F,
    0x4E31, 0x5693, 0x4A31, 0x4E52, 0x4610, 0x5252, 0x5693, 0x5251,
    0x5AB2, 0x66F4, 0x5EB4, 0x62B5, 0x62B4, 0x3D68, 0x6F12, 0x5A6E,
    0x5651, 0x5A73, 0x5A72, 0x4E2F, 0x5250, 0x5251, 0x5A92, 0x5250,
    0x4E2F, 0x4A0E, 0x5271, 0x4E30, 0x4E50, 0x5672, 0x4E2F, 0x4A0F,
    0x4A10, 0x5251, 0x45EB, 0x568F, 0x62B2, 0x28E7, 0x1465, 0x1464,
    0x1463, 0x1463, 0x1463, 0x1464, 0x1444, 0x2D0A, 0x356C, 0x4E52,
    0x66F8, 0x737B, 0x7BDD, 0x7FFE, 0x7FFE, 0x7BDE, 0x62D7, 0x394A,
    0x4DEC, 0x7354, 0x779B, 0x20E7, 0x1444, 0x1444, 0x1464, 0x1464,
    0x20E6, 0x3DCB, 0x3147, 0x45EA, 0x5229, 0x5647, 0x49C4, 0x4E07,
    0x4E09, 0x5AB0, 0x39CC, 0x5294, 0x1C83, 0x41C8, 0x7353, 0x39A9,
    0x1886, 0x1487, 0x18A6, 0x18A6, 0x1887, 0x1887, 0x18A7, 0x18A7,
    0x18A7, 0x18A7, 0x18A7, 0x18A7, 0x18A7, 0x14A7, 0x14A8, 0x14A8,
    0x5AB3, 0x5EB3, 0x5250, 0x564F, 0x6B13, 0x5E8F, 0x6EF4, 0x62B2,
    0x5A91, 0x5692, 0x5AB3, 0x5AB4, 0x6B37, 0x5AB3, 0x4E2F, 0x4A2F,
    0x5671, 0x5AB3, 0x5ED4, 0x5AB3, 0x4A0F, 0x5AB4, 0x5ED4, 0x4E2F,
    0x4E2E, 0x66F3, 0x5E91, 0x62B2, 0x5250, 0x4A0E, 0x5672, 0x4E31,
    0x5693, 0x5EB4, 0x5272, 0x5250, 0x5AB3, 0x5692, 0x4A2F, 0x4E50,
    0x5692, 0x4A50, 0x5EF6, 0x5A93, 0x5671, 0x6AF4, 0x66D1, 0x7755,
    0x66D2, 0x5A91, 0x5271, 0x5230, 0x5A50, 0x622E, 0x660D, 0x660F,
    0x5569, 0x5148, 0x5548, 0x65ED, 0x59CB, 0x5E2F, 0x6251, 0x4E30,
    0x56B3, 0x6B37, 0x6AF4, 0x5E8F, 0x7756, 0x62D1, 0x5AB2, 0x5693,
    0x62F6, 0x5272, 0x6316, 0x5AB3, 0x5272, 0x5271, 0x6717, 0x5693,
    0x5692, 0x5AB3, 0x62D4, 0x5692, 0x5EB4, 0x5273, 0x5A93, 0x524F,
    0x520B, 0x7713, 0x6AF3, 0x5ED3, 0x5271, 0x5271, 0x5230, 0x5651,
    0x5250, 0x5271, 0x5692, 0x5672, 0x5692, 0x5AB4, 0x5EB4, 0x6716,
    0x5271, 0x4E50, 0x5ED4, 0x5671, 0x66D5, 0x522E, 0x6F12, 0x6AD0,
    0x564E, 0x5AB3, 0x4E72, 0x6316, 0x5ED4, 0x4E50, 0x5693, 0x6B17,
    0x62F5, 0x5271, 0x5ED5, 0x62F6, 0x5A93, 0x62F6, 0x62F6, 0x5EB5,
    0x5A93, 0x6B17, 0x5E70, 0x6ACF, 0x6AAC, 0x5A28, 0x3523, 0x41A8,
    0x3122, 0x5248, 0x5ECB, 0x6B11, 0x4E2C, 0x3D87, 0x3541, 0x4E48,
    0x66C8, 0x6AE5, 0x7B71, 0x3DA5, 0x20E4, 0x39CB, 0x3967, 0x3125,
    0x6AF2, 0x7354, 0x62B2, 0x5670, 0x5AB4, 0x4E52, 0x4A31, 0x5273,
    0x4E51, 0x4610, 0x5272, 0x4E52, 0x4E31, 0x4DEF, 0x55EF, 0x5DEE,
    0x5DED, 0x5DEC, 0x5E0D, 0x620E, 0x6610, 0x620D, 0x6A6E, 0x620C,
    0x5DEE, 0x620E, 0x620E, 0x5DEE, 0x5DEE, 0x5DEE, 0x5DED, 0x620E,
    0x622F, 0x6250, 0x5E0E, 0x620F, 0x6650, 0x6230, 0x5E0E, 0x59ED,
    0x59EE, 0x5DEE, 0x620D, 0x662D, 0x6A70, 0x59CD, 0x55AC, 0x59CC,
    0x5DED, 0x5DED, 0x5E0D, 0x5DED, 0x5DEC, 0x5E0D, 0x59EC, 0x5E2E,
    0x5E30, 0x6672, 0x6EB4, 0x6EB4, 0x6693, 0x6673, 0x59AD, 0x5DCD,
    0x662E, 0x622D, 0x6230, 0x6210, 0x5DEF, 0x620F, 0x5DEF, 0x59CE,
    0x55AC, 0x51AA, 0x55CB, 0x55CA, 0x5E09, 0x5E07, 0x5DE7, 0x55C7,
    0x51C8, 0x5E6E, 0x45AA, 0x416A, 0x4169, 0x624D, 0x72F0, 0x6ED2,
    0x51EE, 0x3D69, 0x3D69, 0x4169, 0x416B, 0x458B, 0x458B, 0x458B,
    0x458B, 0x418A, 0x3D69, 0x3D49, 0x3948, 0x3127, 0x3128, 0x3128,
    0x4E2E, 0x5A70, 0x5650, 0x564F, 0x62B1, 0x62B0, 0x5E70, 0x6AF3,
    0x564E, 0x62F4, 0x41CD, 0x5292, 0x5ED4, 0x5692, 0x5250, 0x5A93,
    0x62D5, 0x5692, 0x62F5, 0x5271, 0x5692, 0x5672, 0x5671, 0x62B3,
    0x66D3, 0x62D2, 0x4E0C, 0x62B1, 0x5EB1, 0x4E0E, 0x5A93, 0x5EB4,
    0x5EB4, 0x5271, 0x5ED4, 0x6B37, 0x4E50, 0x5271, 0x5ED4, 0x5692,
    0x4E51, 0x4E51, 0x5693, 0x6716, 0x62D4, 0x62B2, 0x66D2, 0x6290,
    0x6AF3, 0x6B15, 0x66D5, 0x6F17, 0x6292, 0x5E2E, 0x620C, 0x5DAB,
    0x4D27, 0x4D06, 0x5569, 0x6A0E, 0x59CB, 0x5DED, 0x6630, 0x5E72,
    0x6737, 0x66D5, 0x5650, 0x66F3, 0x5E90, 0x6F15, 0x5EB2, 0x5671,
    0x4E50, 0x5AB3, 0x4E50, 0x5292, 0x5693, 0x5692, 0x62F5, 0x5AB3,
    0x5251, 0x5A92, 0x5AB3, 0x4A0F, 0x5AB4, 0x5693, 0x5251, 0x564E,
    0x5A4D, 0x5E6E, 0x66B2, 0x522F, 0x5A92, 0x5250, 0x5252, 0x4E30,
    0x5250, 0x5AB3, 0x5250, 0x4E51, 0x5AB3, 0x5271, 0x5271, 0x5EB4,
    0x62D5, 0x5AD4, 0x5671, 0x5A92, 0x6293, 0x564F, 0x6AF2, 0x628F,
    0x5E8F, 0x66F4, 0x5692, 0x5AB4, 0x5271, 0x5AB3, 0x5672, 0x5271,
    0x5ED4, 0x62F6, 0x5693, 0x5A73, 0x5252, 0x5694, 0x4E72, 0x5693,
    0x62D5, 0x66B3, 0x5A4E, 0x6F12, 0x5A4A, 0x72CE, 0x4987, 0x49C8,
    0x3121, 0x41C7, 0x5EAE, 0x62B0, 0x4E0B, 0x49C9, 0x3D63, 0x45C2,
    0x6F29, 0x6AE3, 0x7B4F, 0x49E9, 0x1061, 0x1CE6, 0x2082, 0x5E6F,
    0x6ACF, 0x4DE7, 0x6AD1, 0x5E8F, 0x5A71, 0x5272, 0x4E51, 0x4E52,
    0x5273, 0x5293, 0x4E51, 0x4E51, 0x5251, 0x3929, 0x554A, 0x65AC,
    0x6DEC, 0x6E0C, 0x6E0D, 0x6E0D, 0x6DEE, 0x720E, 0x720D, 0x6E0C,
    0x6E0E, 0x6DEE, 0x6DED, 0x6DED, 0x720E, 0x720E, 0x722E, 0x720E,
    0x722E, 0x722F, 0x722F, 0x722E, 0x6E0E, 0x722F, 0x6E0E, 0x6E0E,
    0x722F, 0x720E, 0x722D, 0x720C, 0x720D, 0x6E0D, 0x720E, 0x6E0D,
    0x6E0C, 0x6DEC, 0x6E0C, 0x6DEC, 0x6DEB, 0x6E0C, 0x69EC, 0x65CB,
    0x61AA, 0x65CC, 0x69ED, 0x69ED, 0x6A0E, 0x6A0E, 0x69ED, 0x6DCC,
    0x658A, 0x618A, 0x6DED, 0x6DED, 0x6DEE, 0x6DED, 0x720D, 0x722E,
    0x6E0D, 0x724E, 0x6E2E, 0x722E, 0x722C, 0x724C, 0x724D, 0x724E,
    0x6E4E, 0x6E4E, 0x7291, 0x6A50, 0x7271, 0x6E2E, 0x722E, 0x722E,
    0x7250, 0x7670, 0x7670, 0x7691, 0x7672, 0x7691, 0x7691, 0x7691,
    0x7691, 0x7691, 0x7691, 0x7A92, 0x7691, 0x7692, 0x7692, 0x7692,
    0x62D2, 0x5A6F, 0x4DED, 0x5A70, 0x62D3, 0x62D2, 0x5EB1, 0x562D,
    0x6290, 0x564F, 0x45ED, 0x4A2F, 0x460E, 0x5271, 0x460F, 0x41CD,
    0x5271, 0x460E, 0x6716, 0x4E4F, 0x66F5, 0x5EB2, 0x522E, 0x4E2E,
    0x522E, 0x564F, 0x522E, 0x524E, 0x62D2, 0x5E91, 0x5651, 0x5E94,
    0x5EB4, 0x4A2F, 0x5ED4, 0x6716, 0x5693, 0x5251, 0x5ED4, 0x5AD4,
    0x5272, 0x62F5, 0x5AB3, 0x5EB2, 0x564F, 0x522E, 0x5E91, 0x5E91,
    0x524E, 0x62B2, 0x5E72, 0x62B3, 0x5E91, 0x624E, 0x6A4E, 0x5DCC,
    0x5549, 0x4CC5, 0x5549, 0x660E, 0x59A9, 0x6A2E, 0x5DAB, 0x6A93,
    0x62F5, 0x5E71, 0x5650, 0x6714, 0x5E91, 0x5670, 0x66F4, 0x524F,
    0x62D4, 0x5271, 0x5AB4, 0x5271, 0x5AB3, 0x62F5, 0x62F5, 0x62D4,
    0x5271, 0x5672, 0x5271, 0x5271, 0x5EB4, 0x5EB3, 0x66F4, 0x45CA,
    0x6290, 0x5ED1, 0x564F, 0x5A4F, 0x6692, 0x5E71, 0x5271, 0x5ED5,
    0x5AB3, 0x4E50, 0x5271, 0x5251, 0x4E50, 0x5271, 0x5672, 0x5EB4,
    0x5AB3, 0x6B37, 0x5A92, 0x5650, 0x49CC, 0x5A50, 0x5E70, 0x5A4D,
    0x5E4E, 0x6691, 0x5A71, 0x62D5, 0x5AD4, 0x5A93, 0x5A93, 0x5ED5,
    0x5EB4, 0x5AB3, 0x6717, 0x5251, 0x5272, 0x5ED5, 0x4A30, 0x5EB4,
    0x5650, 0x51EC, 0x562F, 0x6B15, 0x66EE, 0x59E6, 0x6A8E, 0x45A6,
    0x4DE5, 0x4585, 0x562C, 0x4DE9, 0x5628, 0x5A47, 0x4DC4, 0x4DE2,
    0x6EE6, 0x6EE4, 0x772E, 0x5A6E, 0x2906, 0x24C6, 0x5A4F, 0x5A2D,
    0x49C4, 0x3947, 0x6290, 0x66B1, 0x5E72, 0x62D4, 0x4E51, 0x5694,
    0x4610, 0x4E51, 0x460F, 0x4A51, 0x5272, 0x3949, 0x5D8B, 0x6DCC,
    0x75EC, 0x71EC, 0x71EB, 0x71EB, 0x71EC, 0x71EC, 0x71EC, 0x71EC,
    0x71EB, 0x71CB, 0x71CB, 0x71EC, 0x71CB, 0x71EC, 0x71EC, 0x71EC,
    0x71EC, 0x71EC, 0x71EC, 0x71EC, 0x6DEC, 0x6DEC, 0x71ED, 0x71EC,
    0x71EC, 0x71EC, 0x71EB, 0x71EB, 0x71EC, 0x71EC, 0x760D, 0x75EC,
    0x75EC, 0x75EC, 0x75EC, 0x75EC, 0x71CB, 0x71EC, 0x71EC, 0x69AA,
    0x71EC, 0x69CA, 0x6DEB, 0x69CB, 0x65AA, 0x6DEB, 0x69AA, 0x6989,
    0x69AB, 0x6DCC, 0x6DAA, 0x6DCB, 0x6DCB, 0x71EB, 0x71EA, 0x71EB,
    0x71EC, 0x71EC, 0x6DCC, 0x6DEC, 0x71ED, 0x6DEC, 0x6DED, 0x71ED,
    0x6DEC, 0x6DEC, 0x6E0D, 0x6E0D, 0x6DED, 0x71ED, 0x71ED, 0x760E,
    0x71ED, 0x760D, 0x720D, 0x762E, 0x762E, 0x762E, 0x762E, 0x762E,
    0x762E, 0x7A4F, 0x7A4F, 0x7A4F, 0x7A2F, 0x7A2F, 0x762F, 0x762F,
    0x5A6E, 0x4188, 0x522F, 0x6F37, 0x66F5, 0x5ED3, 0x4E2E, 0x564F,
    0x5A4E, 0x5E6F, 0x5A6F, 0x5EB2, 0x5250, 0x5271, 0x460F, 0x5ED4,
    0x5693, 0x4E50, 0x5271, 0x5A92, 0x66F5, 0x5A70, 0x49EC, 0x4DED,
    0x62D3, 0x66F5, 0x5AB2, 0x5A91, 0x5E91, 0x5E91, 0x62B3, 0x5A71,
    0x4E30, 0x5693, 0x4E51, 0x5ED4, 0x4E50, 0x5271, 0x5AB4, 0x5693,
    0x4A2F, 0x5A92, 0x6714, 0x564E, 0x4DEC, 0x5A72, 0x5A72, 0x5691,
    0x5A90, 0x520D, 0x5E70, 0x66D3, 0x6B15, 0x626F, 0x6A4F, 0x59AA,
    0x5569, 0x48A4, 0x5549, 0x61EC, 0x5988, 0x6E2D, 0x65CC, 0x6A70,
    0x5ED3, 0x51ED, 0x5A92, 0x5AB2, 0x5670, 0x5671, 0x524F, 0x6F37,
    0x5A71, 0x6715, 0x4E50, 0x5692, 0x5692, 0x6716, 0x5271, 0x5ED4,
    0x5ED4, 0x5271, 0x5271, 0x4E30, 0x6F17, 0x6292, 0x4588, 0x5E91,
    0x5670, 0x5692, 0x524F, 0x49AB, 0x5A2E, 0x5A4F, 0x524F, 0x5A93,
    0x5A93, 0x5AB3, 0x5AB3, 0x5671, 0x5250, 0x5271, 0x4E50, 0x5272,
    0x62D5, 0x6B37, 0x62D4, 0x49CB, 0x520D, 0x66B3, 0x5670, 0x5E91,
    0x5A70, 0x562E, 0x5E50, 0x66B3, 0x4E50, 0x4E51, 0x5AB4, 0x5A93,
    0x5251, 0x5ED5, 0x5693, 0x6717, 0x5673, 0x4A10, 0x5672, 0x5230,
    0x45AB, 0x4DEE, 0x5E94, 0x5671, 0x6B10, 0x5604, 0x55E6, 0x6EAB,
    0x5A25, 0x5A06, 0x5A29, 0x45A4, 0x5204, 0x5624, 0x51E2, 0x51C0,
    0x6AA2, 0x6EE3, 0x772C, 0x6AD0, 0x3D68, 0x51EB, 0x4DEB, 0x2082,
    0x564A, 0x1C83, 0x5E93, 0x49ED, 0x5E72, 0x5A70, 0x5EB2, 0x5672,
    0x4A30, 0x4A51, 0x4A30, 0x4A51, 0x5252, 0x418C, 0x5DAC, 0x71ED,
    0x75ED, 0x760C, 0x71EC, 0x71EC, 0x720C, 0x71EC, 0x71EC, 0x71EC,
    0x71EB, 0x71EB, 0x71CB, 0x71EB, 0x71EC, 0x71EC, 0x71EC, 0x71EC,
    0x720C, 0x71EC, 0x71EC, 0x71EC, 0x71EC, 0x71EC, 0x71EC, 0x720C,
    0x720C, 0x720B, 0x71EC, 0x720C, 0x71EC, 0x760C, 0x75EC, 0x71EC,
    0x71EC, 0x760D, 0x71EC, 0x71CB, 0x6DAB, 0x6DAB, 0x69AA, 0x6DCB,
    0x6DEB, 0x6DCB, 0x6DCA, 0x6DCB, 0x65A9, 0x69A9, 0x71EB, 0x71CC,
    0x71ED, 0x6DCC, 0x71EC, 0x71EC, 0x71EC, 0x71EB, 0x71EB, 0x71EC,
    0x75ED, 0x720D, 0x71EC, 0x71ED, 0x71ED, 0x720E, 0x720E, 0x71ED,
    0x720D, 0x720D, 0x720D, 0x760D, 0x720D, 0x720D, 0x720D, 0x6E0D,
    0x6E0D, 0x720D, 0x722E, 0x6E0D, 0x722D, 0x722E, 0x6E2D, 0x6E0D,
    0x6E0D, 0x6E0C, 0x6E0D, 0x720D, 0x720E, 0x720D, 0x6E0D, 0x6E0D,
    0x49C9, 0x5A6F, 0x62D4, 0x5251, 0x5ED4, 0x5AB3, 0x5271, 0x66F5,
    0x5E90, 0x5A4E, 0x66B1, 0x4E0C, 0x4E2F, 0x5AB4, 0x5292, 0x5AB4,
    0x5EF5, 0x5ED4, 0x5692, 0x5E92, 0x524F, 0x520B, 0x4E0C, 0x5A71,
    0x5651, 0x5271, 0x62F5, 0x62F6, 0x6B15, 0x564F, 0x5A6F, 0x5A70,
    0x5650, 0x5A93, 0x5A93, 0x5A93, 0x62F5, 0x5ED5, 0x5271, 0x4E51,
    0x5A93, 0x66D4, 0x4E0C, 0x520B, 0x66B1, 0x5650, 0x5692, 0x56B3,
    0x5ED3, 0x6292, 0x562E, 0x5E90, 0x5EB0, 0x5E2E, 0x6A4F, 0x5DEC,
    0x5569, 0x48A4, 0x5569, 0x61EC, 0x5DC9, 0x722D, 0x71EB, 0x59EB,
    0x45EA, 0x5A2E, 0x5A71, 0x5291, 0x62F5, 0x5692, 0x5691, 0x5670,
    0x7336, 0x7799, 0x5ED3, 0x5EB4, 0x5251, 0x6716, 0x5ED4, 0x56B2,
    0x5EF4, 0x5AD4, 0x6316, 0x5EB3, 0x5A51, 0x4568, 0x628F, 0x5E91,
    0x4E50, 0x6317, 0x5692, 0x524F, 0x41A8, 0x5A4E, 0x6692, 0x66D4,
    0x62F6, 0x5ED5, 0x5AB4, 0x5ED4, 0x62D4, 0x6B16, 0x5271, 0x4A50,
    0x5250, 0x5E93, 0x458A, 0x4DEC, 0x5E91, 0x5A70, 0x5AB3, 0x4E71,
    0x5691, 0x5E91, 0x4DCB, 0x66B3, 0x5A92, 0x62F6, 0x4E30, 0x5251,
    0x5693, 0x5693, 0x5AB4, 0x5EF5, 0x5693, 0x62B4, 0x520F, 0x45AB,
    0x520E, 0x5A72, 0x6F59, 0x6716, 0x3968, 0x4DE7, 0x6686, 0x6267,
    0x72EA, 0x5A23, 0x5A25, 0x51E4, 0x51E5, 0x4DE3, 0x5603, 0x55C0,
    0x6660, 0x7303, 0x6F09, 0x66CC, 0x5A27, 0x6226, 0x628D, 0x3987,
    0x4207, 0x1082, 0x5AD4, 0x4E4F, 0x4E0D, 0x6290, 0x5EB2, 0x5EB3,
    0x56B3, 0x5293, 0x5AB4, 0x5293, 0x3DAE, 0x2042, 0x61CD, 0x6DED,
    0x71ED, 0x71EC, 0x71EC, 0x71EC, 0x720C, 0x71EB, 0x71EC, 0x75ED,
    0x75EC, 0x71EB, 0x71EB, 0x71EB, 0x71EC, 0x71EC, 0x6DEC, 0x720D,
    0x71EC, 0x720C, 0x71EC, 0x720D, 0x720D, 0x720D, 0x71ED, 0x71EC,
    0x720C, 0x71EB, 0x71EC, 0x71EC, 0x71EC, 0x720C, 0x71EC, 0x71EC,
    0x71EC, 0x71EC, 0x6DCB, 0x71CB, 0x6DAA, 0x6DAA, 0x69A9, 0x6DEB,
    0x6DCB, 0x6DCC, 0x71EC, 0x6DCB, 0x6DEB, 0x6DEB, 0x6DCB, 0x71CC,
    0x6DEC, 0x6DEC, 0x71ED, 0x71ED, 0x720D, 0x720C, 0x71EC, 0x71EC,
    0x71ED, 0x760D, 0x71EC, 0x760C, 0x760D, 0x760E, 0x760D, 0x760D,
    0x722E, 0x720E, 0x760E, 0x720D, 0x720D, 0x720D, 0x760D, 0x720C,
    0x720D, 0x720D, 0x760E, 0x762E, 0x762E, 0x762E, 0x722E, 0x762E,
    0x762E, 0x762E, 0x760E, 0x760E, 0x720E, 0x720E, 0x720D, 0x720D,
    0x66D4, 0x62D4, 0x5671, 0x5A93, 0x6716, 0x62F5, 0x5692, 0x5AB3,
    0x5A91, 0x4E0C, 0x5A2C, 0x66B0, 0x6AF4, 0x5651, 0x4A31, 0x56B3,
    0x5271, 0x6716, 0x62B3, 0x62D3, 0x49CA, 0x564F, 0x5E91, 0x5671,
    0x5672, 0x5ED5, 0x5693, 0x5693, 0x5AB4, 0x62D3, 0x49EC, 0x6291,
    0x6F15, 0x6F16, 0x62B3, 0x66F5, 0x5694, 0x62F7, 0x4E50, 0x5670,
    0x66B3, 0x522E, 0x49CA, 0x5A90, 0x6B36, 0x5691, 0x6B37, 0x56B2,
    0x5691, 0x5670, 0x6714, 0x45EB, 0x66D1, 0x6A70, 0x660C, 0x5DEB,
    0x5527, 0x4C64, 0x5169, 0x5E0C, 0x59C9, 0x722D, 0x720C, 0x59E9,
    0x62D2, 0x5EB2, 0x5AB3, 0x5291, 0x6315, 0x4A2F, 0x5A93, 0x6715,
    0x524D, 0x7334, 0x62D2, 0x5670, 0x5671, 0x6736, 0x5AB3, 0x5271,
    0x5ED4, 0x5692, 0x5A91, 0x5A50, 0x4DAB, 0x5E50, 0x62B2, 0x5251,
    0x5693, 0x5ED5, 0x5693, 0x5251, 0x5691, 0x49EB, 0x560C, 0x6290,
    0x5230, 0x5AB5, 0x5273, 0x4E70, 0x6715, 0x5A92, 0x7359, 0x5671,
    0x522F, 0x4168, 0x62B2, 0x522F, 0x6B17, 0x5272, 0x5EF5, 0x4E71,
    0x4E50, 0x62D4, 0x522E, 0x520D, 0x66B2, 0x62B4, 0x62B5, 0x5AD5,
    0x5AF5, 0x5292, 0x5EB4, 0x5272, 0x5671, 0x560E, 0x4DCA, 0x4DED,
    0x5250, 0x4A11, 0x5AB5, 0x5EB3, 0x5671, 0x20A0, 0x5226, 0x6ACA,
    0x5628, 0x72EE, 0x5A25, 0x5205, 0x560A, 0x49C5, 0x4DE4, 0x4DE1,
    0x5A20, 0x72E4, 0x6688, 0x51E5, 0x5A43, 0x7307, 0x62A7, 0x41C6,
    0x4A26, 0x1CE0, 0x56B3, 0x4A30, 0x5273, 0x5671, 0x6291, 0x66D2,
    0x5A91, 0x56B2, 0x5AF5, 0x5AD6, 0x39AE, 0x1C00, 0x5DCB, 0x71EC,
    0x71CC, 0x71EC, 0x71EC, 0x71EC, 0x71CB, 0x71EB, 0x71EC, 0x71CB,
    0x71CB, 0x71CB, 0x6DCB, 0x6DCB, 0x71EC, 0x6DEC, 0x6DEC, 0x71EC,
    0x6DEC, 0x71EC, 0x71EC, 0x71EC, 0x71EC, 0x71EC, 0x71EC, 0x71EC,
    0x71EC, 0x720C, 0x71EC, 0x71EC, 0x6DCB, 0x6DEC, 0x6DEC, 0x71EC,
    0x71EC, 0x71EC, 0x6DCB, 0x6DCB, 0x69AA, 0x69A9, 0x69AA, 0x69AA,
    0x6DCB, 0x71EC, 0x6DEC, 0x6DCB, 0x71EC, 0x6DEC, 0x6DCC, 0x6DCC,
    0x6DCC, 0x6DCB, 0x6DCB, 0x6DCC, 0x6DCC, 0x6DCB, 0x6DCB, 0x6DCC,
    0x6DEC, 0x6DEC, 0x71EC, 0x71EC, 0x6DEC, 0x71EC, 0x6DEC, 0x6DEC,
    0x6DEC, 0x6DEC, 0x6DED, 0x71EC, 0x71EC, 0x720D, 0x720D, 0x720D,
    0x720D, 0x720D, 0x720D, 0x720D, 0x720D, 0x720E, 0x762E, 0x760E,
    0x720E, 0x762E, 0x762E, 0x762E, 0x760E, 0x760E, 0x762E, 0x762E,
    0x66D4, 0x5271, 0x5672, 0x62D5, 0x6B37, 0x5692, 0x5672, 0x4E51,
    0x6716, 0x5A91, 0x62B0, 0x562B, 0x62B0, 0x522E, 0x4E2F, 0x5251,
    0x4E2F, 0x5670, 0x522E, 0x45CA, 0x4E0C, 0x5A71, 0x5671, 0x5250,
    0x5251, 0x5AB3, 0x5AD3, 0x5271, 0x5EF5, 0x5672, 0x5650, 0x520E,
    0x66B2, 0x6AD3, 0x4E2E, 0x5271, 0x4E51, 0x5272, 0x5A91, 0x62D2,
    0x4589, 0x4E0D, 0x5E92, 0x5A91, 0x5692, 0x5ED4, 0x6716, 0x4E50,
    0x5AB3, 0x5AB3, 0x6715, 0x5AB1, 0x562D, 0x6AB0, 0x622C, 0x61EB,
    0x54E5, 0x5084, 0x5148, 0x622D, 0x59CA, 0x69EB, 0x6588, 0x3CE4,
    0x7315, 0x5671, 0x5693, 0x739B, 0x5AD4, 0x4E51, 0x4E30, 0x5A92,
    0x6F35, 0x5E90, 0x6AF3, 0x66D4, 0x62D3, 0x5692, 0x6B37, 0x5ED4,
    0x5250, 0x5E92, 0x4589, 0x4DEC, 0x564F, 0x5EB3, 0x5251, 0x460E,
    0x5ED5, 0x5AB3, 0x5AB4, 0x5ED5, 0x5671, 0x564F, 0x4E0C, 0x6AB1,
    0x66B1, 0x62B4, 0x5ED5, 0x4A50, 0x5ED3, 0x5A93, 0x5230, 0x5A71,
    0x3D47, 0x562E, 0x62B3, 0x5ED4, 0x6716, 0x5293, 0x6316, 0x56B4,
    0x5EF6, 0x5A93, 0x7357, 0x62B2, 0x49CA, 0x6AB2, 0x5630, 0x4A30,
    0x56B4, 0x6317, 0x5231, 0x5E72, 0x5A50, 0x49AA, 0x5E70, 0x5E92,
    0x4E71, 0x4A52, 0x5AD5, 0x5270, 0x6F55, 0x3567, 0x1880, 0x562D,
    0x5A50, 0x562D, 0x7331, 0x5607, 0x51E7, 0x5A47, 0x41A2, 0x5E66,
    0x5A02, 0x6A65, 0x51C4, 0x3D64, 0x6AE6, 0x7F86, 0x6F07, 0x6B0E,
    0x5A8A, 0x2D44, 0x4E51, 0x4E71, 0x5695, 0x5692, 0x5650, 0x66B1,
    0x62D2, 0x62F4, 0x56D4, 0x56B4, 0x41F0, 0x1801, 0x5DEB, 0x760C,
    0x75ED, 0x760C, 0x71EC, 0x71EC, 0x71EC, 0x71EC, 0x71EC, 0x71EC,
    0x71EC, 0x71CB, 0x6DCB, 0x6DCB, 0x71EB, 0x71EC, 0x6DCB, 0x71EC,
    0x71EC, 0x71EC, 0x71EC, 0x6DEC, 0x6DCB, 0x6DCB, 0x71EC, 0x6DCB,
    0x6DEB, 0x71EC, 0x71EC, 0x71EC, 0x6DCB, 0x6DEC, 0x6DEB, 0x6DEC,
    0x6DCB, 0x71EC, 0x6DCB, 0x6DCA, 0x6989, 0x6DCB, 0x6DEC, 0x6DCB,
    0x6DEC, 0x6DEC, 0x6DCB, 0x6DEC, 0x71EC, 0x6DEC, 0x71EC, 0x6DEC,
    0x71EC, 0x71EC, 0x71ED, 0x71EC, 0x71EC, 0x71EC, 0x71EC, 0x71EC,
    0x71ED, 0x6DEC, 0x71ED, 0x71ED, 0x71ED, 0x71ED, 0x71EC, 0x6DEC,
    0x6E0D, 0x6DED, 0x71EC, 0x71EC, 0x6DEC, 0x6DEC, 0x6DEC, 0x6DED,
    0x6DED, 0x6DEC, 0x6DEC, 0x6E0D, 0x6DEC, 0x6E0D, 0x6E0D, 0x6DEC,
    0x6E0D, 0x6DED, 0x6DEC, 0x6E0D, 0x6DED, 0x6DEC, 0x6DEC, 0x6DEC,
    0x66F6, 0x6716, 0x5692, 0x5A92, 0x5ED5, 0x5ED4, 0x5692, 0x5693,
    0x5EF6, 0x5EB4, 0x5E92, 0x564D, 0x5A6D, 0x6F13, 0x522E, 0x6715,
    0x5EB2, 0x4E0D, 0x45CB, 0x4A0C, 0x5650, 0x5693, 0x4E51, 0x4E30,
    0x4E50, 0x5271, 0x5690, 0x4E4F, 0x5692, 0x5A93, 0x5A93, 0x522F,
    0x4E0D, 0x6AF3, 0x5670, 0x62F4, 0x66F5, 0x5E92, 0x5EB2, 0x45CA,
    0x564F, 0x5A71, 0x5AB3, 0x4E50, 0x5693, 0x5AB3, 0x5EB4, 0x5673,
    0x4E30, 0x5693, 0x5AB3, 0x5ED3, 0x66F4, 0x5E6E, 0x6AB0, 0x624D,
    0x48C3, 0x4882, 0x4D48, 0x662E, 0x61EC, 0x5D69, 0x48A3, 0x61CB,
    0x6A92, 0x5A51, 0x5252, 0x62F6, 0x5EF5, 0x5692, 0x5AB4, 0x5271,
    0x5691, 0x66F3, 0x5A91, 0x6B15, 0x62B3, 0x524F, 0x5271, 0x5671,
    0x5650, 0x458A, 0x498A, 0x5E71, 0x5691, 0x5AD3, 0x4A2F, 0x5A93,
    0x5A93, 0x5251, 0x5692, 0x5ED5, 0x5693, 0x4A0E, 0x66F5, 0x562E,
    0x668F, 0x6291, 0x5A71, 0x5252, 0x66F7, 0x62D5, 0x62B3, 0x4168,
    0x562F, 0x5EB3, 0x6717, 0x4E51, 0x56D4, 0x5ED4, 0x5693, 0x62F6,
    0x5ED5, 0x5272, 0x62F5, 0x5650, 0x562D, 0x560C, 0x5A4E, 0x62D4,
    0x5272, 0x5693, 0x5A92, 0x51ED, 0x49AB, 0x5A70, 0x4A0E, 0x5AD4,
    0x5293, 0x56B4, 0x56B4, 0x5271, 0x6713, 0x5249, 0x3D85, 0x1C61,
    0x394B, 0x1C02, 0x564E, 0x6F32, 0x4E07, 0x6288, 0x5604, 0x4DC5,
    0x59A3, 0x5182, 0x49A4, 0x6ACC, 0x62C2, 0x7761, 0x7324, 0x7770,
    0x6B0D, 0x2501, 0x462F, 0x4E4F, 0x5AB4, 0x5ED5, 0x5671, 0x5A70,
    0x6B15, 0x62F4, 0x5270, 0x5693, 0x3DCF, 0x1C01, 0x61EC, 0x720C,
    0x75ED, 0x71EC, 0x720C, 0x720D, 0x71EC, 0x71EC, 0x71EC, 0x71EC,
    0x71EC, 0x71EC, 0x6DCB, 0x6DCB, 0x71EC, 0x71EC, 0x6DEC, 0x71EC,
    0x71EC, 0x71EC, 0x71EC, 0x6DEC, 0x71EC, 0x71EC, 0x6DCB, 0x71EC,
    0x71EC, 0x71EC, 0x71ED, 0x71EC, 0x6DEB, 0x6DEC, 0x6DCB, 0x6DCB,
    0x6DEC, 0x6DCB, 0x69AA, 0x69AA, 0x6589, 0x69CA, 0x6DCB, 0x6DCB,
    0x6DCB, 0x71EC, 0x71EC, 0x71EC, 0x71ED, 0x71EC, 0x71EC, 0x71EC,
    0x71EC, 0x71EC, 0x720D, 0x71EC, 0x71EC, 0x71EC, 0x71EC, 0x71ED,
    0x71EC, 0x71EC, 0x71ED, 0x71EC, 0x71ED, 0x71ED, 0x71ED, 0x6DED,
    0x6DED, 0x720D, 0x720D, 0x720D, 0x71EC, 0x71EC, 0x6DEC, 0x6DED,
    0x720D, 0x720D, 0x720D, 0x720D, 0x720D, 0x720D, 0x720D, 0x720D,
    0x720D, 0x720D, 0x720E, 0x720D, 0x720D, 0x71ED, 0x720D, 0x720D,
    0x62F5, 0x4A2F, 0x5251, 0x5A93, 0x5671, 0x5271, 0x5693, 0x5ED4,
    0x4E72, 0x5693, 0x4E51, 0x564F, 0x4E0B, 0x564D, 0x6F14, 0x522D,
    0x520D, 0x41AA, 0x4E2E, 0x5A92, 0x4E2F, 0x4E51, 0x5292, 0x6316,
    0x5AB3, 0x4A2F, 0x5270, 0x5271, 0x5AD3, 0x5693, 0x45EE, 0x5672,
    0x524F, 0x564F, 0x6714, 0x62F3, 0x5650, 0x520D, 0x49CA, 0x5E91,
    0x5AB0, 0x5ED3, 0x5692, 0x5AB3, 0x5AB3, 0x5672, 0x5271, 0x5A93,
    0x6B38, 0x4E71, 0x6316, 0x4A4F, 0x5692, 0x5EB2, 0x49EC, 0x7334,
    0x4DAA, 0x38A0, 0x4548, 0x5E0D, 0x4947, 0x3CA2, 0x6DEA, 0x724E,
    0x5E0D, 0x6AF5, 0x4A2F, 0x5292, 0x5EF4, 0x4E71, 0x56B3, 0x5AB3,
    0x5271, 0x4E50, 0x4E2E, 0x522F, 0x6F36, 0x5EB2, 0x5671, 0x522F,
    0x4169, 0x4DCC, 0x5A71, 0x4E2F, 0x5ED4, 0x4E50, 0x5692, 0x5692,
    0x4E71, 0x4E50, 0x5693, 0x5AB4, 0x62F6, 0x62F6, 0x5A92, 0x66F4,
    0x562D, 0x66D1, 0x5E91, 0x5E73, 0x6AD6, 0x45CC, 0x49CA, 0x66F3,
    0x62F5, 0x5271, 0x56B4, 0x5ED5, 0x5ED5, 0x5692, 0x5AB3, 0x5ED5,
    0x5AB4, 0x5672, 0x5672, 0x5251, 0x524F, 0x4E0C, 0x562D, 0x6AD4,
    0x6AD5, 0x5A50, 0x45CB, 0x4DEC, 0x564F, 0x62D5, 0x5693, 0x5694,
    0x4610, 0x4A10, 0x5ED5, 0x5EB5, 0x62F1, 0x5688, 0x5244, 0x5204,
    0x3541, 0x1821, 0x24A4, 0x4E0C, 0x6EF1, 0x6ECD, 0x5A06, 0x4D83,
    0x4942, 0x55C2, 0x6EC6, 0x66C7, 0x6F27, 0x7760, 0x7745, 0x772B,
    0x66CD, 0x4E2B, 0x460F, 0x5271, 0x462F, 0x56B4, 0x4E51, 0x5250,
    0x4A2E, 0x6F36, 0x62D3, 0x522F, 0x398C, 0x1C01, 0x59AB, 0x71EC,
    0x75EC, 0x71EC, 0x71EC, 0x71EC, 0x71EC, 0x71EC, 0x71EC, 0x6DEC,
    0x71EC, 0x71EC, 0x6DCB, 0x6DCB, 0x71EC, 0x6DEC, 0x71EC, 0x71EC,
    0x71EC, 0x71EC, 0x720C, 0x71EC, 0x6DEC, 0x71EC, 0x71EC, 0x71EC,
    0x71EC, 0x71EC, 0x71EC, 0x71EC, 0x6DEC, 0x71EC, 0x6DEB, 0x6DEC,
    0x6DCB, 0x6DEB, 0x71EC, 0x71EC, 0x69AA, 0x69AA, 0x69CA, 0x6DCB,
    0x6DCB, 0x6DCB, 0x6DCB, 0x6DCB, 0x6DCB, 0x6DCB, 0x6DCB, 0x6DCB,
    0x6DCB, 0x6DCB, 0x6DEC, 0x6DCC, 0x6DCB, 0x6DCB, 0x6DEC, 0x6DEC,
    0x6DCB, 0x6DCC, 0x6DEC, 0x6DEC, 0x6DEC, 0x6DEC, 0x6DEC, 0x6DEC,
    0x6DEC, 0x6DEC, 0x6DEC, 0x6DEC, 0x720D, 0x71ED, 0x71ED, 0x6DED,
    0x71ED, 0x720D, 0x720D, 0x71ED, 0x71ED, 0x720D, 0x720D, 0x720D,
    0x720D, 0x720D, 0x720D, 0x720D, 0x720D, 0x720D, 0x720D, 0x720D,
    0x5692, 0x5271, 0x5ED4, 0x62F6, 0x5AB3, 0x5A93, 0x5ED4, 0x5EF5,
    0x5AD4, 0x4A31, 0x5272, 0x6717, 0x5EB3, 0x49EE, 0x62B1, 0x522D,
    0x49EB, 0x5A70, 0x4E2E, 0x5A92, 0x62D4, 0x5692, 0x5AB3, 0x5692,
    0x62F5, 0x5A93, 0x5AB4, 0x5693, 0x5271, 0x5692, 0x5692, 0x5251,
    0x4A0E, 0x524E, 0x524F, 0x7377, 0x524E, 0x49EA, 0x5A4F, 0x5EB2,
    0x6F57, 0x5ED3, 0x62F4, 0x5AD4, 0x5ED4, 0x5AB3, 0x5A92, 0x5EB3,
    0x5ED3, 0x62F5, 0x5AD3, 0x5692, 0x62F6, 0x5A93, 0x4A30, 0x49EB,
    0x7776, 0x4DEB, 0x5A2E, 0x4168, 0x3D27, 0x724E, 0x720A, 0x766D,
    0x662D, 0x6F35, 0x4A4F, 0x56B3, 0x5EF4, 0x5692, 0x5292, 0x4E51,
    0x5ED5, 0x6717, 0x5270, 0x5EB2, 0x5EB2, 0x6F36, 0x5E91, 0x3D68,
    0x45AA, 0x562F, 0x5ED4, 0x460E, 0x5251, 0x49EE, 0x5671, 0x5292,
    0x4A50, 0x5272, 0x5AB4, 0x45EE, 0x4A30, 0x5692, 0x5672, 0x5271,
    0x5670, 0x66F4, 0x6AF4, 0x6AD3, 0x4DCC, 0x49A9, 0x5E90, 0x5AB1,
    0x5EF4, 0x4A50, 0x5272, 0x5EB4, 0x5E93, 0x5EB3, 0x5271, 0x5A93,
    0x5672, 0x5272, 0x4A30, 0x5251, 0x4E71, 0x5ED4, 0x5670, 0x560D,
    0x622E, 0x4546, 0x562D, 0x66F4, 0x4A2E, 0x5ED5, 0x5AB5, 0x5273,
    0x5A94, 0x5652, 0x45EE, 0x5653, 0x6AF6, 0x5E8B, 0x5621, 0x5E62,
    0x732A, 0x41E8, 0x5A70, 0x3149, 0x45AA, 0x6EF1, 0x5185, 0x4143,
    0x4560, 0x6E82, 0x6EE1, 0x66E5, 0x734B, 0x7B63, 0x7721, 0x6AA7,
    0x5E8C, 0x5EAF, 0x2927, 0x5292, 0x4E72, 0x5294, 0x4A31, 0x4A0F,
    0x4E50, 0x4E2E, 0x6AF4, 0x45A9, 0x3548, 0x2001, 0x558A, 0x71EC,
    0x75EC, 0x71EC, 0x720C, 0x71EC, 0x71EC, 0x71EC, 0x71EC, 0x6DCB,
    0x6DCB, 0x6DCB, 0x6DCB, 0x6DCB, 0x6DCB, 0x6DCB, 0x6DEC, 0x6DCB,
    0x6DEC, 0x6DCB, 0x6DCB, 0x6DCB, 0x6DCB, 0x6DCB, 0x6DEC, 0x71EC,
    0x71EC, 0x71EC, 0x71EC, 0x71ED, 0x71EC, 0x71EC, 0x6DEB, 0x6DCB,
    0x6DCB, 0x6DCB, 0x6DCB, 0x6DCB, 0x6DCB, 0x6DCB, 0x6DCB, 0x71EC,
    0x6DCB, 0x6DEB, 0x6DCB, 0x6DCB, 0x6DEB, 0x6DCB, 0x6DEC, 0x6DCB,
    0x6DEC, 0x6DEC, 0x6DEC, 0x6DEC, 0x6DEC, 0x6DEC, 0x69CB, 0x6DEC,
    0x6DEC, 0x6DEC, 0x6DEC, 0x6DEC, 0x6DEC, 0x6DEC, 0x6DEC, 0x6DCC,
    0x69EB, 0x6DEC, 0x6DEC, 0x6DEC, 0x6DEC, 0x71EC, 0x6DEC, 0x6DEC,
    0x6DCC, 0x6DCC, 0x6DCC, 0x6DCC, 0x6DEC, 0x6DEC, 0x6DEC, 0x6DEC,
    0x71EC, 0x6DEC, 0x6DEC, 0x6DEC, 0x6DEC, 0x6DEC, 0x6DEC, 0x6DEC,
    0x5250, 0x4A0E, 0x5671, 0x5A92, 0x5EB3, 0x6316, 0x5ED4, 0x5ED4,
    0x62F6, 0x5272, 0x5693, 0x56B3, 0x4A0F, 0x5E93, 0x49CB, 0x4DEB,
    0x62B2, 0x45EB, 0x5670, 0x5672, 0x5693, 0x62F5, 0x5271, 0x5AB2,
    0x5692, 0x5AB3, 0x4A10, 0x4A0F, 0x5672, 0x5671, 0x4E50, 0x5692,
    0x5AB3, 0x5671, 0x5650, 0x4E0C, 0x41C8, 0x5A8F, 0x6F36, 0x5693,
    0x5271, 0x5672, 0x62F4, 0x62F5, 0x5270, 0x5ED4, 0x5250, 0x62D5,
    0x5271, 0x5691, 0x5ED4, 0x460E, 0x5271, 0x5271, 0x5692, 0x1420,
    0x4E2D, 0x4E0B, 0x3968, 0x34E5, 0x620C, 0x768E, 0x722B, 0x764C,
    0x7690, 0x5E70, 0x4A4F, 0x5ED4, 0x5AB3, 0x5ED4, 0x4E50, 0x5272,
    0x4E31, 0x5672, 0x4E4F, 0x5ED4, 0x5250, 0x522E, 0x3D67, 0x4DEB,
    0x5670, 0x4A0F, 0x462F, 0x4E51, 0x4E30, 0x5EB4, 0x5672, 0x4A0E,
    0x6316, 0x5672, 0x5A93, 0x5692, 0x5ED4, 0x5251, 0x5A93, 0x5AB4,
    0x4E50, 0x66F6, 0x564E, 0x49CA, 0x520B, 0x6AF4, 0x62D4, 0x5271,
    0x5692, 0x4E50, 0x62D5, 0x5A93, 0x5671, 0x5AB3, 0x5692, 0x5671,
    0x5A92, 0x5251, 0x5672, 0x5AB3, 0x6316, 0x5AB4, 0x5EB4, 0x5E91,
    0x4123, 0x51EA, 0x6AF4, 0x5A92, 0x4E51, 0x4E71, 0x5AD4, 0x6B38,
    0x62F6, 0x5672, 0x5EB4, 0x5EB5, 0x5A93, 0x5E8E, 0x5623, 0x5E40,
    0x7327, 0x670A, 0x45EB, 0x66F3, 0x2062, 0x4145, 0x4DC9, 0x4982,
    0x55E0, 0x6260, 0x6EE0, 0x62C4, 0x6F4C, 0x7766, 0x7740, 0x6EE4,
    0x5228, 0x66F0, 0x2526, 0x5272, 0x5273, 0x5273, 0x5273, 0x4E72,
    0x56B3, 0x5A92, 0x3926, 0x562C, 0x45EB, 0x2000, 0x59AB, 0x71EC,
    0x75EC, 0x71EC, 0x71EC, 0x71EC, 0x71EC, 0x71EC, 0x71EC, 0x71EC,
    0x6DCB, 0x6DCB, 0x6DCB, 0x6DCB, 0x6DCB, 0x6DCB, 0x6DCB, 0x6DCB,
    0x6DCB, 0x6DCB, 0x6DCB, 0x6DEB, 0x6DCB, 0x6DCB, 0x6DCB, 0x6DCB,
    0x6DCB, 0x6DCB, 0x6DEC, 0x71EC, 0x71EC, 0x6DCB, 0x69CB, 0x6DCB,
    0x6DCB, 0x6DCB, 0x6DCB, 0x6DCB, 0x6DCB, 0x6DCB, 0x6DCB, 0x6DEC,
    0x6DCB, 0x6DEB, 0x6DCB, 0x6DCB, 0x71EC, 0x6DCC, 0x6DEC, 0x6DCC,
    0x6DEC, 0x6DCC, 0x6DEC, 0x6DEC, 0x6DEC, 0x6DEC, 0x6DEC, 0x6DEC,
    0x6DEC, 0x6DEC, 0x71ED, 0x6DEC, 0x6DEC, 0x6DEC, 0x6DEC, 0x6DEC,
    0x6DEC, 0x6E0C, 0x720D, 0x720D, 0x6DEC, 0x71ED, 0x71EC, 0x71ED,
    0x71ED, 0x71ED, 0x71EC, 0x6DEC, 0x71ED, 0x71EC, 0x71EC, 0x71EC,
    0x720D, 0x71ED, 0x71EC, 0x71EC, 0x71ED, 0x71ED, 0x71EC, 0x71EC,
    0x5672, 0x41ED, 0x5AB3, 0x5AB3, 0x62F5, 0x5692, 0x5250, 0x5671,
    0x66F6, 0x5251, 0x5AD3, 0x5691, 0x4E4F, 0x5EB4, 0x4A0C, 0x7777,
    0x6AF4, 0x5EB2, 0x5A93, 0x5692, 0x4A30, 0x45CE, 0x5673, 0x5A93,
    0x5AB3, 0x5ED4, 0x6F59, 0x5EB4, 0x5251, 0x5692, 0x5AB2, 0x4E70,
    0x5AB4, 0x5272, 0x5EB4, 0x3D67, 0x7375, 0x5ED0, 0x5A92, 0x5ED5,
    0x5ED5, 0x5EB4, 0x4A0F, 0x5EB4, 0x5692, 0x5271, 0x6717, 0x5693,
    0x5ED5, 0x5ED5, 0x6738, 0x6716, 0x5A92, 0x5ED3, 0x5671, 0x398C,
    0x3D89, 0x66F3, 0x4DEC, 0x55CC, 0x61CB, 0x766E, 0x764C, 0x722B,
    0x7290, 0x5E70, 0x6716, 0x5672, 0x5251, 0x5692, 0x5271, 0x5672,
    0x5ED6, 0x5693, 0x5290, 0x56B4, 0x62F6, 0x3946, 0x628F, 0x628F,
    0x5670, 0x4A30, 0x5A94, 0x4A30, 0x4A51, 0x5AD5, 0x5272, 0x5651,
    0x5651, 0x4A2F, 0x45EE, 0x5250, 0x4E50, 0x4E2F, 0x5672, 0x5AB4,
    0x5ED5, 0x5E93, 0x49CC, 0x564B, 0x62AE, 0x62F5, 0x5272, 0x5272,
    0x5251, 0x5AB3, 0x5AB2, 0x5692, 0x4E50, 0x5AB3, 0x5AB3, 0x4E2F,
    0x62D4, 0x66F5, 0x5250, 0x5ED4, 0x62D3, 0x62F7, 0x62D6, 0x4A0C,
    0x5A6D, 0x6EF2, 0x5671, 0x5EB4, 0x5673, 0x5272, 0x5272, 0x5292,
    0x5AB4, 0x5AB4, 0x6B38, 0x56B2, 0x5ED2, 0x62CF, 0x5643, 0x5A40,
    0x6EE4, 0x7B8E, 0x3DA6, 0x66CF, 0x28A2, 0x562C, 0x7733, 0x55E3,
    0x4DC0, 0x5E40, 0x6AC1, 0x62A5, 0x5EA9, 0x7FA9, 0x7F60, 0x6EE3,
    0x5A66, 0x6B2F, 0x3187, 0x56B3, 0x5EF6, 0x5293, 0x5294, 0x5694,
    0x56B4, 0x5691, 0x3505, 0x6EF2, 0x5A6F, 0x2000, 0x59AB, 0x720C,
    0x75EC, 0x75ED, 0x71EC, 0x71EC, 0x71EC, 0x71EC, 0x71EC, 0x71EC,
    0x6DCB, 0x6DCB, 0x6DAA, 0x6DCB, 0x6DCB, 0x6DCB, 0x6DCB, 0x6DEC,
    0x6DEC, 0x6DCB, 0x6DEC, 0x6DEC, 0x6DEC, 0x6DCB, 0x6DCC, 0x6DCB,
    0x6DCB, 0x6DCB, 0x6DCB, 0x69CB, 0x69AB, 0x6DCB, 0x6DCB, 0x6DCB,
    0x6DCB, 0x6DCB, 0x6DEC, 0x6DCB, 0x6DCB, 0x6DCB, 0x6DCB, 0x6DCB,
    0x6DCB, 0x6DCB, 0x6DCB, 0x6DCB, 0x6DEC, 0x6DCC, 0x6DEC, 0x6DCC,
    0x6DEC, 0x6DCC, 0x6DEC, 0x6DEC, 0x6DEC, 0x6DEC, 0x6DEC, 0x6DCB,
    0x6DEC, 0x6DEC, 0x6DCC, 0x6DCB, 0x6DCB, 0x6DCB, 0x6DCB, 0x6DEC,
    0x6DEB, 0x6DEC, 0x6DEC, 0x6DEC, 0x6DEC, 0x6DEC, 0x71EC, 0x6DEC,
    0x6DEC, 0x6DEC, 0x6DEC, 0x71EC, 0x6DEC, 0x6DCC, 0x6DEC, 0x6DCC,
    0x6DEC, 0x6DEC, 0x6DEC, 0x6DEC, 0x6DEC, 0x71ED, 0x6DEC, 0x6DEC
};

