#include <stdint.h>

const uint8_t parrots_rgb444[114688] = {
    0xBD, 0xFE, 0xBD, 0xFD, 0xCC, 0xFC, 0x55, 0xF4,
    0xAA, 0xF9, 0xEE, 0xFD, 0xEE, 0xFC, 0xEF, 0xFD,
    0xCD, 0xFC, 0xBC, 0xFC, 0xCC, 0xFD, 0xCD, 0xFD,
    0xDD, 0xFD, 0xBB, 0xFB, 0xBB, 0xFA, 0xBC, 0xFB,
    0xBC, 0xFD, 0xAB, 0xFC, 0xAC, 0xFC, 0xAB, 0xFB,
    0xAB, 0xFA, 0xDD, 0xFC, 0xCC, 0xFC, 0x99, 0xF9,
    0xEF, 0xFF, 0xDE, 0xFE, 0xBC, 0xFD, 0xBC, 0xFD,
    0xBC, 0xFD, 0xBC, 0xFD, 0xBD, 0xFE, 0xAB, 0xFC,
    0x8A, 0xFB, 0x9A, 0xFB, 0xAB, 0xFC, 0xCD, 0xFE,
    0xCD, 0xFD, 0xCD, 0xFE, 0xBD, 0xFD, 0xBC, 0xFD,
    0xBC, 0xFD, 0xBD, 0xFD, 0xBC, 0xFD, 0xBC, 0xFD,
    0xBC, 0xFD, 0xBC, 0xFD, 0xBD, 0xFD, 0xBD, 0xFD,
    0xBD, 0xFE, 0xBC, 0xFE, 0xBC, 0xFD, 0x9A, 0xFA,
    0x89, 0xF8, 0x88, 0xF8, 0x99, 0xF9, 0x99, 0xF9,
    0x99, 0xF9, 0x77, 0xF6, 0x77, 0xF6, 0xAA, 0xF9,
    0xAA, 0xF9, 0xAA, 0xFA, 0xAA, 0xFA, 0xAB, 0xFA,
    0xAB, 0xFA, 0xAB, 0xFA, 0xAB, 0xFA, 0xAB, 0xFB,
    0xCE, 0xFD, 0xBC, 0xFB, 0x99, 0xF8, 0xBA, 0xFA,
    0xA9, 0xF8, 0x97, 0xF7, 0x87, 0xF6, 0x55, 0xF4,
    0x9A, 0xF9, 0xAB, 0xFA, 0xAA, 0xF9, 0x99, 0xF8,
    0x98, 0xF7, 0x76, 0xF6, 0x87, 0xF7, 0x77, 0xF6,
    0x87, 0xF7, 0x88, 0xF7, 0xCC, 0xFB, 0xAA, 0xFA,
    0x99, 0xF9, 0xAA, 0xF9, 0xAA, 0xF9, 0xCD, 0xFC,
    0xCD, 0xFC, 0xCD, 0xFD, 0xBD, 0xFC, 0xCD, 0xFC,
    0xCD, 0xFC, 0xBC, 0xFC, 0xBC, 0xFC, 0xAB, 0xFB,
    0x12, 0xF4, 0x89, 0xF9, 0xCD, 0xFD, 0xCD, 0xFC,
    0xEE, 0xFD, 0xEF, 0xFE, 0xEF, 0xFE, 0xDC, 0xFC,
    0xCB, 0xFA, 0xCA, 0xF9, 0xBA, 0xFA, 0xAA, 0xFA,
    0xCC, 0xFC, 0xBC, 0xFD, 0xAC, 0xFD, 0xAC, 0xFD,
    0xBC, 0xFD, 0xBC, 0xFD, 0xBC, 0xFD, 0xBC, 0xFD,
    0xBC, 0xFD, 0xBC, 0xFD, 0xBC, 0xFD, 0xBC, 0xFD,
    0xBC, 0xFD, 0xBC, 0xFD, 0xBC, 0xFD, 0xBC, 0xFD,
    0xBC, 0xFD, 0xBC, 0xFD, 0xBC, 0xFD, 0xBC, 0xFD,
    0xBC, 0xFD, 0xBC, 0xFD, 0xBC, 0xFD, 0xBC, 0xFD,
    0xBC, 0xFD, 0xBC, 0xFD, 0xBC, 0xFD, 0xBC, 0xFD,
    0xBC, 0xFD, 0xBC, 0xFD, 0xBC, 0xFD, 0xBC, 0xFD,
    0xBC, 0xFD, 0xBC, 0xFD, 0xBC, 0xFD, 0xBC, 0xFD,
    0xBC, 0xFD, 0xBC, 0xFD, 0xBC, 0xFD, 0xBC, 0xFD,
    0xBC, 0xFD, 0xBC, 0xFD, 0xBC, 0xFD, 0xBC, 0xFD,
    0xBC, 0xFD, 0xBC, 0xFD, 0xBC, 0xFD, 0xBC, 0xFD,
    0xBC, 0xFD, 0xBC, 0xFD, 0xBC, 0xFD, 0xBC, 0xFD,
    0xBC, 0xFC, 0xBC, 0xFC, 0xBC, 0xFC, 0xAC, 0xFC,
    0xBC, 0xFD, 0xAC, 0xFD, 0xAC, 0xFD, 0xBC, 0xFD,
    0xBC, 0xFD, 0xBC, 0xFD, 0xAC, 0xFD, 0xBC, 0xFD,
    0xBC, 0xFD, 0xBC, 0xFD, 0xBC, 0xFD, 0xBC, 0xFD,
    0xBC, 0xFD, 0xAC, 0xFD, 0xAC, 0xFD, 0xAC, 0xFD,
    0xAC, 0xFD, 0xAC, 0xFD, 0xAC, 0xFD, 0xAC, 0xFD,
    0xAC, 0xFD, 0xAC, 0xFD, 0xAC, 0xFD, 0xAC, 0xFD,
    0xAC, 0xFD, 0xBC, 0xFD, 0xBC, 0xFD, 0xBC, 0xFD,
    0xBC, 0xFD, 0xBC, 0xFD, 0xAC, 0xFD, 0xBD, 0xFD,
    0xBC, 0xFD, 0x9A, 0xFA, 0xAB, 0xFC, 0xBD, 0xFD,
    0xBC, 0xFD, 0xCD, 0xFD, 0xBD, 0xFD, 0xBC, 0xFC,
    0xBC, 0xFC, 0xBC, 0xFC, 0xBC, 0xFC, 0xBD, 0xFC,
    0xAB, 0xFC, 0x56, 0xF8, 0x56, 0xF9, 0x67, 0xFA,
    0x68, 0xFA, 0x68, 0xFA, 0x58, 0xFA, 0x58, 0xFA,
    0x46, 0xF9, 0x46, 0xF8, 0x46, 0xF8, 0x8A, 0xFB,
    0xDE, 0xFE, 0xEF, 0xFF, 0xEF, 0xFF, 0xCD, 0xFE,
    0x35, 0xF7, 0x57, 0xF9, 0x46, 0xF8, 0x56, 0xF8,
    0x57, 0xF9, 0x56, 0xF8, 0x56, 0xF8, 0x67, 0xF9,
    0x46, 0xF8, 0x45, 0xF8, 0x68, 0xF9, 0x68, 0xF9,
    0x67, 0xF8, 0x12, 0xF4, 0x56, 0xF8, 0x67, 0xF8,
    0x68, 0xF9, 0x67, 0xF8, 0x68, 0xF9, 0x78, 0xF9,
    0x67, 0xF8, 0x46, 0xF7, 0x58, 0xF9, 0x58, 0xF9,
    0x68, 0xF9, 0x78, 0xF9, 0x68, 0xF8, 0x68, 0xF9,
    0xAC, 0xFC, 0xBC, 0xFB, 0xBB, 0xFA, 0x33, 0xF2,
    0xA9, 0xF9, 0xDD, 0xFC, 0xDD, 0xFB, 0xEF, 0xFD,
    0xBC, 0xFB, 0xAC, 0xFB, 0xBC, 0xFC, 0xBB, 0xFB,
    0xBC, 0xFB, 0xAB, 0xFA, 0xBB, 0xFA, 0xCC, 0xFC,
    0x9A, 0xF9, 0x9A, 0xFA, 0xBC, 0xFC, 0xAB, 0xFA,
    0xAB, 0xFA, 0x78, 0xF7, 0x67, 0xF6, 0xBB, 0xFB,
    0xBC, 0xFC, 0xBC, 0xFC, 0xBD, 0xFD, 0xBD, 0xFD,
    0xBD, 0xFD, 0xBC, 0xFD, 0xBD, 0xFD, 0xBC, 0xFD,
    0xCD, 0xFE, 0xBC, 0xFD, 0xBC, 0xFD, 0x9A, 0xFB,
    0x9B, 0xFB, 0xAB, 0xFC, 0xBC, 0xFD, 0xBD, 0xFE,
    0xBD, 0xFE, 0xBD, 0xFE, 0xBC, 0xFD, 0xBC, 0xFD,
    0xBD, 0xFD, 0xBC, 0xFD, 0xBD, 0xFD, 0xBD, 0xFD,
    0xBD, 0xFE, 0xCD, 0xFE, 0xCD, 0xFE, 0x9A, 0xFA,
    0x89, 0xF7, 0x88, 0xF7, 0x89, 0xF8, 0x88, 0xF7,
    0x98, 0xF7, 0x77, 0xF6, 0x77, 0xF6, 0x88, 0xF7,
    0x88, 0xF7, 0x88, 0xF7, 0x88, 0xF7, 0x88, 0xF7,
    0x88, 0xF7, 0x88, 0xF7, 0x88, 0xF7, 0xAB, 0xF9,
    0xCD, 0xFB, 0x67, 0xF5, 0xAB, 0xFA, 0x9A, 0xF8,
    0xBB, 0xFA, 0x88, 0xF7, 0x77, 0xF6, 0x54, 0xF4,
    0x88, 0xF7, 0x88, 0xF7, 0x88, 0xF7, 0x88, 0xF8,
    0xAA, 0xF9, 0x66, 0xF6, 0x98, 0xF8, 0x98, 0xF8,
    0x88, 0xF7, 0x88, 0xF7, 0xBB, 0xFA, 0xAA, 0xF9,
    0x77, 0xF7, 0x77, 0xF6, 0xAA, 0xF9, 0xEE, 0xFD,
    0xCD, 0xFC, 0xBC, 0xFC, 0xBD, 0xFC, 0xDE, 0xFD,
    0xEF, 0xFF, 0xDE, 0xFD, 0xBD, 0xFD, 0xAB, 0xFB,
    0x34, 0xF5, 0xBC, 0xFC, 0xEF, 0xFF, 0xEF, 0xFE,
    0xEF, 0xFE, 0xEF, 0xFF, 0xEF, 0xFF, 0xEF, 0xFE,
    0xEF, 0xFE, 0xEF, 0xFE, 0xEF, 0xFE, 0xEE, 0xFE,
    0xBC, 0xFC, 0xBC, 0xFD, 0xBC, 0xFD, 0xBC, 0xFD,
    0xBC, 0xFD, 0xBC, 0xFD, 0xBC, 0xFD, 0xBC, 0xFD,
    0xBC, 0xFD, 0xBC, 0xFD, 0xBC, 0xFD, 0xBC, 0xFD,
    0xBC, 0xFD, 0xBC, 0xFD, 0xBC, 0xFD, 0xBC, 0xFD,
    0xBC, 0xFD, 0xBC, 0xFD, 0xBC, 0xFD, 0xBC, 0xFD,
    0xBC, 0xFD, 0xBC, 0xFD, 0xBC, 0xFD, 0xBC, 0xFD,
    0xBC, 0xFD, 0xBC, 0xFD, 0xBC, 0xFD, 0xBC, 0xFD,
    0xBC, 0xFD, 0xBC, 0xFD, 0xBC, 0xFD, 0xBC, 0xFD,
    0xBC, 0xFD, 0xBC, 0xFD, 0xBC, 0xFD, 0xBC, 0xFD,
    0xBC, 0xFD, 0xBC, 0xFD, 0xBC, 0xFD, 0xBC, 0xFD,
    0xBC, 0xFD, 0xBC, 0xFD, 0xBC, 0xFD, 0xBC, 0xFD,
    0xBC, 0xFD, 0xBC, 0xFD, 0xBC, 0xFD, 0xBC, 0xFD,
    0xBC, 0xFD, 0xBC, 0xFD, 0xBC, 0xFD, 0xBC, 0xFD,
    0xBC, 0xFD, 0xBC, 0xFD, 0xBC, 0xFD, 0xBC, 0xFD,
    0xBC, 0xFD, 0xBC, 0xFD, 0xBC, 0xFD, 0xBC, 0xFD,
    0xBC, 0xFD, 0xBC, 0xFD, 0xBC, 0xFD, 0xBC, 0xFD,
    0xAC, 0xFD, 0xBC, 0xFD, 0xBC, 0xFD, 0xBC, 0xFD,
    0xAB, 0xFC, 0xAB, 0xFC, 0xBC, 0xFD, 0xAC, 0xFD,
    0xAC, 0xFD, 0xAC, 0xFD, 0xAC, 0xFD, 0xAC, 0xFD,
    0xAC, 0xFD, 0xAC, 0xFD, 0xAC, 0xFD, 0xAC, 0xFD,
    0xAC, 0xFD, 0xAC, 0xFD, 0xBC, 0xFD, 0xBC, 0xFD,
    0xAC, 0xFD, 0xBC, 0xFD, 0xBC, 0xFD, 0xBC, 0xFD,
    0xBC, 0xFD, 0x9A, 0xFB, 0xAB, 0xFC, 0xCD, 0xFD,
    0xCD, 0xFD, 0xAA, 0xFB, 0xAB, 0xFB, 0xDE, 0xFD,
    0xEF, 0xFE, 0xEF, 0xFF, 0xEF, 0xFF, 0xEF, 0xFF,
    0x9A, 0xFB, 0x67, 0xF9, 0x67, 0xFA, 0x57, 0xFA,
    0x57, 0xFA, 0x58, 0xFA, 0x58, 0xFA, 0x57, 0xFA,
    0x58, 0xFA, 0x68, 0xFA, 0x68, 0xFA, 0x57, 0xF9,
    0x57, 0xF9, 0x68, 0xF9, 0x8A, 0xFA, 0x78, 0xF9,
    0x24, 0xF6, 0x45, 0xF8, 0x46, 0xF8, 0x46, 0xF8,
    0x57, 0xF9, 0x56, 0xF8, 0x56, 0xF8, 0x67, 0xF9,
    0x35, 0xF7, 0x46, 0xF8, 0x67, 0xF9, 0x67, 0xF9,
    0x67, 0xF8, 0x34, 0xF5, 0x57, 0xF8, 0x67, 0xF8,
    0x68, 0xF9, 0x67, 0xF8, 0x68, 0xF9, 0x67, 0xF8,
    0x34, 0xF6, 0x35, 0xF6, 0x68, 0xF9, 0x68, 0xF9,
    0x67, 0xF9, 0x68, 0xF9, 0x68, 0xF8, 0x78, 0xF9,
    0x45, 0xF5, 0x55, 0xF5, 0xAA, 0xF9, 0x21, 0xF1,
    0xAA, 0xF9, 0xDD, 0xFC, 0xDD, 0xFB, 0xEF, 0xFD,
    0x78, 0xF7, 0x56, 0xF5, 0x56, 0xF6, 0x56, 0xF5,
    0x56, 0xF5, 0x45, 0xF5, 0x45, 0xF4, 0x56, 0xF5,
    0x34, 0xF3, 0x23, 0xF3, 0x45, 0xF5, 0x45, 0xF4,
    0x34, 0xF4, 0x33, 0xF3, 0x99, 0xF9, 0xAB, 0xFA,
    0x9A, 0xF9, 0x77, 0xF7, 0x78, 0xF8, 0x9A, 0xFA,
    0xAB, 0xFB, 0xAB, 0xFC, 0xAB, 0xFC, 0xCD, 0xFD,
    0xBC, 0xFD, 0xBC, 0xFD, 0xBC, 0xFD, 0xBC, 0xFD,
    0xBC, 0xFD, 0xBC, 0xFD, 0x9B, 0xFC, 0x89, 0xFA,
    0x89, 0xFB, 0xAB, 0xFC, 0xBC, 0xFD, 0xBC, 0xFD,
    0xBC, 0xFD, 0xBC, 0xFD, 0xBD, 0xFD, 0xBC, 0xFD,
    0xBC, 0xFD, 0xBD, 0xFD, 0xCD, 0xFD, 0x99, 0xF8,
    0x88, 0xF7, 0x88, 0xF6, 0x88, 0xF7, 0x98, 0xF7,
    0x76, 0xF5, 0x87, 0xF6, 0x76, 0xF5, 0x87, 0xF6,
    0x88, 0xF7, 0x88, 0xF6, 0x88, 0xF6, 0x98, 0xF7,
    0x88, 0xF7, 0x98, 0xF7, 0x99, 0xF7, 0xCC, 0xFA,
    0xDE, 0xFB, 0xCD, 0xFA, 0x68, 0xF5, 0xBC, 0xFA,
    0xBC, 0xFB, 0x88, 0xF7, 0x88, 0xF7, 0x65, 0xF5,
    0x98, 0xF8, 0x98, 0xF7, 0x88, 0xF7, 0x99, 0xF8,
    0xCD, 0xFC, 0x99, 0xF8, 0xAA, 0xF9, 0xDE, 0xFD,
    0x89, 0xF8, 0x88, 0xF7, 0xBB, 0xFA, 0xAA, 0xF9,
    0x76, 0xF6, 0x66, 0xF5, 0x66, 0xF5, 0xCC, 0xFC,
    0x67, 0xF6, 0x67, 0xF7, 0x56, 0xF6, 0xAB, 0xFB,
    0xEF, 0xFF, 0xCD, 0xFD, 0xAC, 0xFC, 0xAC, 0xFC,
    0x78, 0xF8, 0xAB, 0xFB, 0xEF, 0xFF, 0xEF, 0xFE,
    0xEF, 0xFE, 0xEF, 0xFE, 0xEF, 0xFE, 0xEF, 0xFF,
    0xEF, 0xFF, 0xEF, 0xFE, 0xEF, 0xFE, 0xDE, 0xFE,
    0xBC, 0xFD, 0xBC, 0xFD, 0xBC, 0xFD, 0xBC, 0xFD,
    0xBC, 0xFD, 0xBC, 0xFD, 0xBC, 0xFD, 0xBC, 0xFD,
    0xBC, 0xFD, 0xBC, 0xFD, 0xBC, 0xFD, 0xBC, 0xFD,
    0xBC, 0xFD, 0xBC, 0xFD, 0xBC, 0xFD, 0xBC, 0xFD,
    0xBC, 0xFD, 0xBC, 0xFD, 0xBC, 0xFD, 0xBC, 0xFD,
    0xBC, 0xFD, 0xBC, 0xFD, 0xBC, 0xFD, 0xBC, 0xFD,
    0xBC, 0xFD, 0xBC, 0xFD, 0xBC, 0xFD, 0xBC, 0xFD,
    0xBC, 0xFD, 0xBC, 0xFD, 0xBC, 0xFD, 0xBC, 0xFD,
    0xBC, 0xFD, 0xBC, 0xFD, 0xBC, 0xFD, 0xBC, 0xFD,
    0xBC, 0xFD, 0xBC, 0xFD, 0xBC, 0xFD, 0xBC, 0xFD,
    0xBC, 0xFD, 0xBC, 0xFD, 0xBC, 0xFD, 0xBC, 0xFD,
    0xBC, 0xFD, 0xBC, 0xFD, 0xBC, 0xFD, 0xBC, 0xFD,
    0xBC, 0xFD, 0xBC, 0xFD, 0xBC, 0xFD, 0xBC, 0xFD,
    0xBC, 0xFD, 0xBC, 0xFD, 0xBC, 0xFD, 0xBC, 0xFD,
    0xBC, 0xFD, 0xBC, 0xFD, 0xBC, 0xFD, 0xBC, 0xFD,
    0xBC, 0xFD, 0xBC, 0xFD, 0xBC, 0xFD, 0xBC, 0xFD,
    0xAB, 0xFC, 0xAB, 0xFC, 0xAC, 0xFC, 0xAC, 0xFC,
    0xBC, 0xFC, 0xAC, 0xFC, 0xAC, 0xFC, 0xAC, 0xFC,
    0xBC, 0xFD, 0xBC, 0xFD, 0xBC, 0xFD, 0xBC, 0xFD,
    0xAB, 0xFD, 0xAC, 0xFD, 0xAC, 0xFD, 0xAC, 0xFD,
    0xAC, 0xFD, 0xBC, 0xFD, 0xBC, 0xFD, 0xBC, 0xFD,
    0xBC, 0xFD, 0xBC, 0xFD, 0xBC, 0xFD, 0xBC, 0xFD,
    0xBC, 0xFD, 0xAB, 0xFC, 0xBC, 0xFD, 0xBC, 0xFD,
    0xCC, 0xFD, 0xAB, 0xFB, 0xBC, 0xFC, 0xDE, 0xFD,
    0xEF, 0xFE, 0xDD, 0xFD, 0xDE, 0xFD, 0x9A, 0xFA,
    0x33, 0xF5, 0x67, 0xF9, 0x57, 0xFA, 0x57, 0xFA,
    0x57, 0xFA, 0x67, 0xFA, 0x58, 0xFA, 0x58, 0xFA,
    0x57, 0xFA, 0x67, 0xFA, 0x57, 0xFA, 0x68, 0xFA,
    0x68, 0xFA, 0x68, 0xF9, 0x68, 0xF9, 0x67, 0xFA,
    0x56, 0xF9, 0x46, 0xF9, 0x45, 0xF8, 0x45, 0xF7,
    0x57, 0xF9, 0x35, 0xF6, 0x67, 0xF9, 0x67, 0xF9,
    0x24, 0xF6, 0x46, 0xF8, 0x67, 0xF9, 0x68, 0xF9,
    0x67, 0xF8, 0x56, 0xF8, 0x67, 0xF8, 0x67, 0xF9,
    0x68, 0xF9, 0x67, 0xF8, 0x68, 0xF9, 0x67, 0xF8,
    0x23, 0xF5, 0x45, 0xF6, 0x68, 0xF9, 0x79, 0xFB,
    0x67, 0xF9, 0x68, 0xF9, 0x68, 0xF8, 0x78, 0xF9,
    0x67, 0xF6, 0x77, 0xF7, 0xAB, 0xFA, 0x22, 0xF1,
    0xAA, 0xF9, 0xDD, 0xFC, 0xEE, 0xFD, 0xEF, 0xFD,
    0x56, 0xF5, 0x01, 0xF1, 0x11, 0xF1, 0x10, 0xF1,
    0x55, 0xF5, 0x56, 0xF6, 0x56, 0xF6, 0x56, 0xF6,
    0x56, 0xF6, 0x67, 0xF7, 0x67, 0xF7, 0x34, 0xF4,
    0x22, 0xF3, 0x54, 0xF5, 0x77, 0xF7, 0x89, 0xF8,
    0xEF, 0xFE, 0xEF, 0xFE, 0xDE, 0xFE, 0xCD, 0xFD,
    0xBC, 0xFC, 0x9A, 0xFA, 0x89, 0xF9, 0x89, 0xF9,
    0x9A, 0xFB, 0xAB, 0xFC, 0xBC, 0xFD, 0xBC, 0xFD,
    0xBC, 0xFD, 0xBC, 0xFD, 0xBC, 0xFD, 0xBD, 0xFD,
    0xBD, 0xFE, 0xAC, 0xFC, 0x9A, 0xFB, 0x8A, 0xFB,
    0x9A, 0xFB, 0x9B, 0xFC, 0xAB, 0xFC, 0xBC, 0xFD,
    0xBD, 0xFE, 0xBC, 0xFD, 0xCD, 0xFD, 0x88, 0xF8,
    0x88, 0xF6, 0x88, 0xF6, 0x88, 0xF7, 0x88, 0xF7,
    0x87, 0xF6, 0x76, 0xF5, 0x76, 0xF6, 0x87, 0xF6,
    0x88, 0xF7, 0x88, 0xF7, 0x88, 0xF6, 0x77, 0xF6,
    0x87, 0xF6, 0x88, 0xF7, 0xCC, 0xFA, 0xDD, 0xFB,
    0xEF, 0xFB, 0xEF, 0xFB, 0xAB, 0xF7, 0x89, 0xF7,
    0xDE, 0xFC, 0xBC, 0xFB, 0xBB, 0xFB, 0x77, 0xF6,
    0x98, 0xF7, 0x98, 0xF7, 0xAA, 0xF9, 0x9A, 0xF9,
    0x78, 0xF7, 0x88, 0xF7, 0x77, 0xF6, 0x9A, 0xF9,
    0x9A, 0xFA, 0x78, 0xF7, 0xBC, 0xFB, 0xBB, 0xFA,
    0x78, 0xF7, 0x88, 0xF7, 0x77, 0xF6, 0xCD, 0xFC,
    0xAB, 0xFA, 0x9A, 0xFA, 0x89, 0xF9, 0x9B, 0xFA,
    0xCD, 0xFD, 0x89, 0xF9, 0x78, 0xF8, 0x9A, 0xF9,
    0x89, 0xF9, 0xAB, 0xFA, 0xDE, 0xFE, 0xDE, 0xFE,
    0xDE, 0xFD, 0xEF, 0xFE, 0xEF, 0xFF, 0xEF, 0xFF,
    0xEF, 0xFF, 0xEF, 0xFE, 0xEF, 0xFE, 0xDE, 0xFE,
    0xAC, 0xFC, 0xBC, 0xFD, 0xBC, 0xFD, 0xBC, 0xFD,
    0xBC, 0xFD, 0xBC, 0xFD, 0xBC, 0xFD, 0xBC, 0xFD,
    0xBC, 0xFD, 0xBC, 0xFD, 0xBC, 0xFD, 0xBC, 0xFD,
    0xBC, 0xFD, 0xBC, 0xFD, 0xBC, 0xFD, 0xBC, 0xFD,
    0xBC, 0xFD, 0xBC, 0xFD, 0xBC, 0xFD, 0xBC, 0xFD,
    0xBC, 0xFD, 0xBC, 0xFD, 0xBC, 0xFD, 0xBC, 0xFD,
    0xBC, 0xFD, 0xBC, 0xFD, 0xBC, 0xFD, 0xBC, 0xFD,
    0xBC, 0xFD, 0xBC, 0xFD, 0xBC, 0xFD, 0xBC, 0xFD,
    0xBC, 0xFD, 0xBC, 0xFD, 0xBC, 0xFD, 0xBC, 0xFD,
    0xBC, 0xFD, 0xBC, 0xFD, 0xBC, 0xFD, 0xBC, 0xFD,
    0xBC, 0xFD, 0xBC, 0xFD, 0xBC, 0xFD, 0xBC, 0xFD,
    0xBC, 0xFD, 0xBC, 0xFD, 0xBC, 0xFD, 0xBC, 0xFD,
    0xBC, 0xFD, 0xBC, 0xFD, 0xBC, 0xFD, 0xBC, 0xFD,
    0xBC, 0xFD, 0xBC, 0xFD, 0xBC, 0xFD, 0xBC, 0xFD,
    0xBC, 0xFD, 0xBC, 0xFC, 0xBC, 0xFC, 0xBC, 0xFC,
    0xBC, 0xFC, 0xBC, 0xFC, 0xBC, 0xFC, 0xBC, 0xFC,
    0xBC, 0xFC, 0xAB, 0xFC, 0x9A, 0xFA, 0x9A, 0xFA,
    0xAB, 0xFB, 0xBB, 0xFC, 0xBC, 0xFC, 0xBC, 0xFC,
    0xBC, 0xFC, 0xBC, 0xFC, 0xBC, 0xFC, 0xBC, 0xFC,
    0xBC, 0xFC, 0xBC, 0xFC, 0xBC, 0xFC, 0xBC, 0xFC,
    0xBC, 0xFC, 0xBC, 0xFC, 0xBC, 0xFC, 0xBC, 0xFC,
    0xBC, 0xFD, 0xCD, 0xFD, 0xBC, 0xFD, 0xBC, 0xFD,
    0xCC, 0xFD, 0xAB, 0xFB, 0xAB, 0xFB, 0xCD, 0xFD,
    0xCD, 0xFD, 0xCD, 0xFD, 0xAA, 0xFA, 0xDE, 0xFD,
    0xEE, 0xFE, 0xBB, 0xFB, 0xCC, 0xFC, 0x55, 0xF6,
    0x44, 0xF6, 0x77, 0xF9, 0x56, 0xF8, 0x67, 0xFA,
    0x66, 0xF9, 0x66, 0xF9, 0x66, 0xF9, 0x56, 0xF8,
    0x67, 0xF9, 0x44, 0xF7, 0x77, 0xFA, 0x44, 0xF7,
    0x55, 0xF8, 0x55, 0xF8, 0x34, 0xF7, 0x67, 0xFA,
    0x45, 0xF8, 0x56, 0xF9, 0x35, 0xF7, 0x35, 0xF7,
    0x57, 0xF8, 0x45, 0xF7, 0x57, 0xF8, 0x67, 0xF9,
    0x46, 0xF8, 0x56, 0xF8, 0x57, 0xF8, 0x68, 0xF9,
    0x68, 0xF9, 0x78, 0xF9, 0x67, 0xF8, 0x67, 0xF8,
    0x57, 0xF8, 0x67, 0xF8, 0x78, 0xF9, 0x67, 0xF8,
    0x23, 0xF5, 0x34, 0xF6, 0x46, 0xF7, 0x67, 0xF9,
    0x67, 0xF8, 0x68, 0xF9, 0x78, 0xF8, 0x78, 0xF9,
    0x66, 0xF6, 0x89, 0xF8, 0x9B, 0xFA, 0x22, 0xF1,
    0x98, 0xF7, 0xDD, 0xFB, 0xEE, 0xFD, 0xEF, 0xFE,
    0x56, 0xF5, 0x11, 0xF2, 0x11, 0xF2, 0x21, 0xF2,
    0x44, 0xF5, 0x56, 0xF7, 0x56, 0xF7, 0x45, 0xF6,
    0x12, 0xF3, 0x12, 0xF3, 0x11, 0xF3, 0x11, 0xF3,
    0x65, 0xF7, 0x22, 0xF3, 0x77, 0xF7, 0x9A, 0xF9,
    0xDE, 0xFE, 0xEF, 0xFF, 0xEF, 0xFF, 0xEF, 0xFF,
    0xEF, 0xFF, 0xEF, 0xFF, 0xEF, 0xFE, 0xDE, 0xFE,
    0xDE, 0xFD, 0xAB, 0xFB, 0x9A, 0xFA, 0x78, 0xF9,
    0x89, 0xF9, 0x9A, 0xFB, 0xBC, 0xFC, 0xBC, 0xFD,
    0xBC, 0xFD, 0xBC, 0xFD, 0xBC, 0xFD, 0xBC, 0xFD,
    0xBC, 0xFD, 0xBC, 0xFD, 0xAB, 0xFC, 0x9A, 0xFB,
    0x8A, 0xFB, 0x9A, 0xFB, 0xAA, 0xFB, 0x77, 0xF7,
    0x77, 0xF6, 0x87, 0xF6, 0x88, 0xF7, 0x88, 0xF7,
    0x87, 0xF6, 0x43, 0xF2, 0x55, 0xF4, 0x88, 0xF7,
    0x78, 0xF7, 0x88, 0xF7, 0x88, 0xF7, 0x88, 0xF7,
    0x88, 0xF7, 0xCC, 0xFB, 0xCD, 0xFB, 0xEF, 0xFD,
    0xDE, 0xFB, 0xDD, 0xFA, 0xCD, 0xFA, 0x89, 0xF7,
    0x9A, 0xF8, 0xAA, 0xF8, 0x77, 0xF6, 0x66, 0xF4,
    0x99, 0xF7, 0x99, 0xF7, 0x99, 0xF8, 0x88, 0xF7,
    0x55, 0xF4, 0x87, 0xF6, 0x77, 0xF6, 0x67, 0xF6,
    0x8A, 0xF9, 0x35, 0xF4, 0xBC, 0xFC, 0x9A, 0xF9,
    0x56, 0xF5, 0x33, 0xF3, 0xBC, 0xFB, 0xDE, 0xFE,
    0xEF, 0xFE, 0xEF, 0xFF, 0xEF, 0xFF, 0xEF, 0xFF,
    0xEF, 0xFF, 0xDE, 0xFE, 0xCD, 0xFD, 0x9A, 0xFA,
    0x66, 0xF6, 0xAB, 0xFB, 0xDE, 0xFE, 0xDE, 0xFE,
    0xEE, 0xFE, 0xEF, 0xFE, 0xEF, 0xFE, 0xEF, 0xFE,
    0xEF, 0xFE, 0xEF, 0xFE, 0xEF, 0xFE, 0xDE, 0xFE,
    0xAC, 0xFC, 0xBC, 0xFD, 0xBC, 0xFD, 0xBC, 0xFD,
    0xBC, 0xFD, 0xBC, 0xFD, 0xAC, 0xFD, 0xBC, 0xFD,
    0xBC, 0xFD, 0xBC, 0xFD, 0xBC, 0xFD, 0xBC, 0xFD,
    0xBC, 0xFD, 0xBC, 0xFD, 0xBC, 0xFD, 0xBC, 0xFD,
    0xBC, 0xFD, 0xBC, 0xFD, 0xBC, 0xFD, 0xBC, 0xFD,
    0xBC, 0xFD, 0xBC, 0xFD, 0xBC, 0xFD, 0xBC, 0xFD,
    0xBC, 0xFD, 0xBC, 0xFD, 0xBC, 0xFD, 0xBC, 0xFD,
    0xBC, 0xFD, 0xBC, 0xFD, 0xBC, 0xFD, 0xBC, 0xFD,
    0xBC, 0xFD, 0xBC, 0xFD, 0xBC, 0xFD, 0xBC, 0xFD,
    0xBC, 0xFD, 0xBC, 0xFD, 0xBC, 0xFD, 0xBC, 0xFD,
    0xBC, 0xFD, 0xBC, 0xFD, 0xBC, 0xFD, 0xBC, 0xFD,
    0xBC, 0xFD, 0xBC, 0xFD, 0xBC, 0xFD, 0xBC, 0xFD,
    0xBC, 0xFD, 0xBC, 0xFD, 0xBC, 0xFD, 0xBC, 0xFD,
    0xBC, 0xFD, 0xBC, 0xFD, 0xBC, 0xFD, 0xBC, 0xFD,
    0xAB, 0xFC, 0xBC, 0xFC, 0xBC, 0xFC, 0xBC, 0xFC,
    0xBC, 0xFC, 0xBC, 0xFC, 0xBC, 0xFC, 0xBC, 0xFC,
    0xBC, 0xFC, 0xAB, 0xFB, 0xAA, 0xFA, 0xAB, 0xFB,
    0xCC, 0xFC, 0xCD, 0xFC, 0xCC, 0xFC, 0xCC, 0xFC,
    0xCD, 0xFC, 0xCC, 0xFC, 0xBC, 0xFC, 0xCC, 0xFC,
    0xCD, 0xFC, 0xCD, 0xFC, 0xCD, 0xFC, 0xCD, 0xFC,
    0xCD, 0xFC, 0xBC, 0xFC, 0xBC, 0xFC, 0xCD, 0xFC,
    0xCC, 0xFC, 0xDE, 0xFD, 0xCD, 0xFC, 0xCD, 0xFC,
    0xCD, 0xFC, 0xBC, 0xFB, 0xBB, 0xFB, 0xDD, 0xFD,
    0xDD, 0xFD, 0xDE, 0xFD, 0x89, 0xF8, 0xEF, 0xFF,
    0xCC, 0xFC, 0xDD, 0xFD, 0x88, 0xF9, 0x76, 0xF8,
    0x56, 0xF7, 0x55, 0xF7, 0x44, 0xF6, 0x66, 0xF8,
    0x33, 0xF5, 0x76, 0xF9, 0x33, 0xF5, 0x66, 0xF8,
    0x44, 0xF6, 0x54, 0xF7, 0x54, 0xF7, 0x55, 0xF7,
    0x54, 0xF6, 0x33, 0xF6, 0x44, 0xF7, 0x66, 0xF9,
    0x33, 0xF6, 0x56, 0xF8, 0x35, 0xF7, 0x35, 0xF7,
    0x57, 0xF8, 0x56, 0xF8, 0x57, 0xF8, 0x67, 0xF9,
    0x56, 0xF8, 0x57, 0xF8, 0x67, 0xF8, 0x68, 0xF9,
    0x78, 0xF9, 0x57, 0xF8, 0x57, 0xF8, 0x56, 0xF8,
    0x46, 0xF7, 0x67, 0xF8, 0x68, 0xF9, 0x68, 0xF9,
    0x46, 0xF7, 0x46, 0xF7, 0x67, 0xF9, 0x67, 0xF9,
    0x56, 0xF8, 0x78, 0xF9, 0x78, 0xF8, 0x78, 0xF9,
    0xDE, 0xFE, 0x9A, 0xF9, 0xBC, 0xFC, 0x56, 0xF5,
    0x98, 0xF6, 0xCB, 0xF9, 0xEE, 0xFC, 0xDF, 0xFD,
    0x56, 0xF5, 0x24, 0xF4, 0x34, 0xF5, 0x22, 0xF3,
    0x55, 0xF6, 0x67, 0xF8, 0x67, 0xF8, 0x57, 0xF8,
    0x01, 0xF4, 0x01, 0xF4, 0x01, 0xF4, 0x12, 0xF3,
    0x88, 0xF9, 0x66, 0xF6, 0x89, 0xF8, 0xAB, 0xFB,
    0xDE, 0xFE, 0xEF, 0xFF, 0xEF, 0xFF, 0xEF, 0xFF,
    0xEF, 0xFE, 0xEF, 0xFF, 0xEF, 0xFE, 0xEF, 0xFF,
    0xEF, 0xFE, 0xEF, 0xFE, 0xEF, 0xFE, 0xEE, 0xFE,
    0xDE, 0xFE, 0xBC, 0xFC, 0xAB, 0xFB, 0x89, 0xF9,
    0x89, 0xF9, 0xAB, 0xFB, 0xBD, 0xFD, 0xBC, 0xFD,
    0xBC, 0xFD, 0xBC, 0xFD, 0xBC, 0xFD, 0xBD, 0xFE,
    0xBC, 0xFD, 0xBC, 0xFD, 0xBC, 0xFD, 0x88, 0xF8,
    0x88, 0xF7, 0x88, 0xF6, 0x87, 0xF6, 0x66, 0xF5,
    0xAA, 0xF9, 0x54, 0xF4, 0x65, 0xF4, 0xBB, 0xFA,
    0xDE, 0xFD, 0xBB, 0xFA, 0x88, 0xF7, 0x88, 0xF7,
    0xCC, 0xFB, 0xBB, 0xFA, 0xDE, 0xFD, 0xCD, 0xFC,
    0xCD, 0xFC, 0xAB, 0xFA, 0xCD, 0xFB, 0xDE, 0xFD,
    0x77, 0xF6, 0xCC, 0xFB, 0x88, 0xF8, 0x55, 0xF4,
    0x98, 0xF8, 0x98, 0xF8, 0x88, 0xF7, 0x12, 0xF1,
    0x23, 0xF2, 0x76, 0xF6, 0x66, 0xF5, 0x77, 0xF7,
    0xDE, 0xFD, 0xBD, 0xFD, 0xCD, 0xFD, 0xBC, 0xFC,
    0x67, 0xF6, 0x9A, 0xFA, 0xDE, 0xFD, 0xEF, 0xFF,
    0xDE, 0xFE, 0xCE, 0xFD, 0xCD, 0xFD, 0xDE, 0xFE,
    0xEF, 0xFF, 0xBC, 0xFC, 0xBC, 0xFC, 0xAB, 0xFB,
    0xAB, 0xFB, 0xBC, 0xFC, 0xDE, 0xFD, 0xEF, 0xFE,
    0xEF, 0xFE, 0xCD, 0xFD, 0xEF, 0xFE, 0xEF, 0xFE,
    0xEF, 0xFF, 0xEF, 0xFE, 0xEF, 0xFF, 0xDE, 0xFE,
    0x9B, 0xFB, 0x9B, 0xFC, 0x9B, 0xFC, 0x9A, 0xFB,
    0x9A, 0xFB, 0x9A, 0xFB, 0xAB, 0xFC, 0xAC, 0xFD,
    0xAC, 0xFC, 0xBC, 0xFD, 0xBC, 0xFD, 0xBC, 0xFD,
    0xBC, 0xFD, 0xBC, 0xFD, 0xBC, 0xFD, 0xBC, 0xFD,
    0xBC, 0xFD, 0xBC, 0xFD, 0xBC, 0xFD, 0xAC, 0xFC,
    0xBC, 0xFD, 0xBC, 0xFD, 0xAC, 0xFD, 0xBC, 0xFD,
    0xBC, 0xFD, 0xBC, 0xFD, 0xBC, 0xFD, 0xBC, 0xFD,
    0xBC, 0xFD, 0xBC, 0xFD, 0xBC, 0xFD, 0xBC, 0xFD,
    0xBC, 0xFD, 0xBC, 0xFD, 0xBC, 0xFD, 0xBC, 0xFD,
    0xBC, 0xFD, 0xBC, 0xFD, 0xBC, 0xFD, 0xBC, 0xFD,
    0xBC, 0xFD, 0xBC, 0xFD, 0xBC, 0xFD, 0xBC, 0xFD,
    0xBC, 0xFD, 0xAC, 0xFD, 0xBC, 0xFD, 0xBC, 0xFD,
    0xBC, 0xFD, 0xAC, 0xFC, 0xAC, 0xFC, 0xAC, 0xFC,
    0xAC, 0xFD, 0xBC, 0xFD, 0xBC, 0xFD, 0xBC, 0xFC,
    0x9A, 0xFB, 0xCD, 0xFC, 0xBC, 0xFC, 0xCD, 0xFC,
    0xCC, 0xFB, 0xBC, 0xFB, 0xCC, 0xFC, 0xCD, 0xFC,
    0xCC, 0xFC, 0xCC, 0xFC, 0xCC, 0xFB, 0xCC, 0xFC,
    0xCD, 0xFC, 0xCC, 0xFB, 0xCD, 0xFC, 0xCC, 0xFB,
    0xBC, 0xFB, 0xBC, 0xFB, 0xCC, 0xFB, 0xCD, 0xFC,
    0xCD, 0xFC, 0xCC, 0xFB, 0xCC, 0xFC, 0xCC, 0xFB,
    0xCC, 0xFB, 0xCC, 0xFB, 0xCC, 0xFC, 0xCC, 0xFB,
    0xCC, 0xFC, 0xCC, 0xFC, 0xCD, 0xFC, 0xCD, 0xFC,
    0xCD, 0xFC, 0xCC, 0xFB, 0xAB, 0xFA, 0xDD, 0xFD,
    0xDD, 0xFD, 0xDE, 0xFD, 0x9A, 0xF9, 0xEF, 0xFF,
    0xBC, 0xFC, 0xCC, 0xFD, 0x44, 0xF6, 0x66, 0xF9,
    0x66, 0xF8, 0x44, 0xF6, 0x33, 0xF5, 0x33, 0xF6,
    0x56, 0xF7, 0x33, 0xF5, 0x55, 0xF7, 0x33, 0xF6,
    0x43, 0xF6, 0x33, 0xF6, 0x44, 0xF6, 0x33, 0xF5,
    0x55, 0xF7, 0x34, 0xF6, 0x55, 0xF8, 0x67, 0xFA,
    0x12, 0xF5, 0x56, 0xF8, 0x35, 0xF7, 0x45, 0xF7,
    0x57, 0xF8, 0x56, 0xF8, 0x57, 0xF8, 0x45, 0xF7,
    0x56, 0xF8, 0x57, 0xF8, 0x67, 0xF8, 0x68, 0xF9,
    0x68, 0xF9, 0x67, 0xF9, 0x67, 0xF8, 0x57, 0xF8,
    0x46, 0xF7, 0x67, 0xF8, 0x68, 0xF8, 0x68, 0xF9,
    0x67, 0xF9, 0x56, 0xF8, 0x67, 0xF9, 0x56, 0xF8,
    0x67, 0xF9, 0x78, 0xF9, 0x78, 0xF8, 0x78, 0xF9,
    0x8A, 0xF9, 0x89, 0xF8, 0x79, 0xF9, 0x67, 0xF6,
    0x87, 0xF5, 0xCA, 0xF9, 0xED, 0xFC, 0xDF, 0xFD,
    0x48, 0xF5, 0x36, 0xF5, 0x8A, 0xFA, 0x78, 0xF8,
    0x88, 0xF9, 0x68, 0xF8, 0x68, 0xF8, 0x68, 0xF8,
    0x13, 0xF5, 0x12, 0xF4, 0x12, 0xF4, 0x55, 0xF6,
    0xBC, 0xFC, 0x89, 0xF9, 0x77, 0xF7, 0x9A, 0xF9,
    0xEF, 0xFE, 0xEF, 0xFF, 0xEF, 0xFF, 0xEF, 0xFF,
    0xEF, 0xFE, 0xEF, 0xFE, 0xEF, 0xFE, 0xEF, 0xFE,
    0xEF, 0xFF, 0xEF, 0xFE, 0xEF, 0xFE, 0xEF, 0xFE,
    0xEF, 0xFF, 0xEF, 0xFF, 0xEF, 0xFF, 0xEF, 0xFF,
    0xDE, 0xFE, 0xCD, 0xFE, 0xBD, 0xFD, 0xBC, 0xFD,
    0xBD, 0xFD, 0xBC, 0xFD, 0xBD, 0xFE, 0xBD, 0xFE,
    0xBD, 0xFE, 0xBC, 0xFD, 0xBC, 0xFD, 0x88, 0xF8,
    0x88, 0xF6, 0x88, 0xF6, 0x88, 0xF6, 0x87, 0xF6,
    0xA9, 0xF8, 0x65, 0xF4, 0x76, 0xF5, 0x98, 0xF7,
    0x9A, 0xF9, 0x99, 0xF9, 0x88, 0xF6, 0xAA, 0xF8,
    0xBC, 0xFA, 0xCD, 0xFB, 0xCD, 0xFC, 0xCD, 0xFC,
    0xCD, 0xFD, 0xAB, 0xFB, 0xBC, 0xFC, 0xDE, 0xFD,
    0xBC, 0xFB, 0x45, 0xF5, 0xDE, 0xFD, 0x44, 0xF3,
    0xA9, 0xF9, 0x98, 0xF8, 0x33, 0xF3, 0x01, 0xF1,
    0x23, 0xF2, 0x87, 0xF7, 0xCB, 0xFA, 0xBB, 0xFA,
    0xAB, 0xFA, 0x55, 0xF6, 0xBC, 0xFC, 0xCD, 0xFC,
    0x67, 0xF6, 0xBC, 0xFB, 0xDE, 0xFD, 0xEF, 0xFE,
    0x89, 0xF9, 0x9B, 0xFA, 0x89, 0xF8, 0xAC, 0xFB,
    0xEF, 0xFF, 0xBC, 0xFB, 0xEF, 0xFE, 0x89, 0xF9,
    0xBD, 0xFC, 0xAB, 0xFB, 0xDE, 0xFE, 0xCD, 0xFC,
    0xDE, 0xFD, 0x9A, 0xF9, 0xEF, 0xFE, 0xDD, 0xFD,
    0xDE, 0xFD, 0xEF, 0xFE, 0xEF, 0xFE, 0xCD, 0xFD,
    0xBC, 0xFD, 0xBC, 0xFD, 0xBC, 0xFD, 0xBC, 0xFD,
    0xBC, 0xFD, 0xBC, 0xFD, 0xBC, 0xFD, 0xBC, 0xFD,
    0xAC, 0xFD, 0xAB, 0xFC, 0xAB, 0xFC, 0x9B, 0xFB,
    0x9A, 0xFB, 0x9B, 0xFB, 0xAB, 0xFC, 0xAB, 0xFC,
    0xAB, 0xFC, 0xAB, 0xFC, 0xAB, 0xFC, 0xBC, 0xFD,
    0xBC, 0xFD, 0xBC, 0xFD, 0xBC, 0xFD, 0xBC, 0xFD,
    0xBC, 0xFD, 0xBC, 0xFD, 0xBC, 0xFD, 0xBC, 0xFD,
    0xBC, 0xFD, 0xBC, 0xFD, 0xBC, 0xFD, 0xBC, 0xFD,
    0xBC, 0xFD, 0xAB, 0xFC, 0xAB, 0xFC, 0xBC, 0xFD,
    0xBC, 0xFD, 0xBC, 0xFD, 0xBC, 0xFD, 0xBC, 0xFD,
    0xBC, 0xFD, 0xBC, 0xFD, 0xAC, 0xFD, 0xBC, 0xFD,
    0xBC, 0xFD, 0xBC, 0xFD, 0xBC, 0xFD, 0xBC, 0xFD,
    0xBC, 0xFD, 0xAC, 0xFC, 0xAC, 0xFD, 0xAC, 0xFD,
    0xAC, 0xFC, 0xAC, 0xFC, 0xBC, 0xFD, 0xBC, 0xFD,
    0x56, 0xF6, 0xCD, 0xFD, 0xCD, 0xFC, 0xCC, 0xFB,
    0xCC, 0xFB, 0xCC, 0xFB, 0xCC, 0xFB, 0xCC, 0xFB,
    0xCC, 0xFB, 0xCC, 0xFC, 0xCC, 0xFC, 0xCD, 0xFC,
    0xCC, 0xFB, 0xCC, 0xFB, 0xBC, 0xFB, 0xBB, 0xFA,
    0xBC, 0xFB, 0xCD, 0xFC, 0xCC, 0xFB, 0xCC, 0xFC,
    0xCD, 0xFC, 0xDD, 0xFC, 0xCD, 0xFC, 0xCD, 0xFC,
    0xCD, 0xFC, 0xCC, 0xFC, 0xCC, 0xFC, 0xCD, 0xFC,
    0xCC, 0xFC, 0xCC, 0xFC, 0xDD, 0xFD, 0xCD, 0xFC,
    0xDD, 0xFC, 0xAA, 0xFA, 0x9A, 0xFA, 0xBB, 0xFB,
    0xCD, 0xFC, 0xEF, 0xFF, 0xBC, 0xFB, 0xDE, 0xFD,
    0xCD, 0xFD, 0x66, 0xF8, 0x56, 0xF9, 0x57, 0xFA,
    0x45, 0xF8, 0x56, 0xF8, 0x56, 0xF9, 0x67, 0xFA,
    0x56, 0xF9, 0x78, 0xFA, 0x57, 0xF9, 0x67, 0xFB,
    0x67, 0xFA, 0x67, 0xFA, 0x67, 0xF9, 0x34, 0xF6,
    0x68, 0xFA, 0x57, 0xF9, 0x68, 0xFB, 0x56, 0xF9,
    0x12, 0xF5, 0x56, 0xF8, 0x45, 0xF7, 0x45, 0xF7,
    0x56, 0xF8, 0x46, 0xF7, 0x67, 0xF9, 0x67, 0xF9,
    0x56, 0xF8, 0x67, 0xF9, 0x57, 0xF8, 0x68, 0xF9,
    0x68, 0xF9, 0x67, 0xF9, 0x67, 0xF9, 0x57, 0xF8,
    0x57, 0xF8, 0x67, 0xF8, 0x68, 0xF9, 0x68, 0xF9,
    0x57, 0xF8, 0x67, 0xF9, 0x67, 0xF9, 0x57, 0xF8,
    0x68, 0xF9, 0x78, 0xF9, 0x78, 0xF9, 0x78, 0xF9,
    0xBD, 0xFC, 0xBC, 0xFB, 0xCE, 0xFE, 0x8A, 0xFA,
    0x77, 0xF5, 0xCB, 0xF9, 0xED, 0xFC, 0xDF, 0xFE,
    0x38, 0xF5, 0x38, 0xF6, 0xCE, 0xFD, 0x9A, 0xFA,
    0xDE, 0xFE, 0xAC, 0xFC, 0x79, 0xF9, 0x9B, 0xFB,
    0x67, 0xF7, 0x67, 0xF7, 0x56, 0xF7, 0x88, 0xF9,
    0xBC, 0xFC, 0xBC, 0xFB, 0x66, 0xF6, 0x55, 0xF5,
    0xEF, 0xFE, 0xEF, 0xFF, 0xEF, 0xFF, 0xEF, 0xFF,
    0xEF, 0xFE, 0xEF, 0xFE, 0xEF, 0xFE, 0xEF, 0xFE,
    0xEF, 0xFE, 0xEF, 0xFE, 0xEF, 0xFE, 0xEF, 0xFE,
    0xEF, 0xFE, 0xEF, 0xFE, 0xEF, 0xFE, 0xEF, 0xFF,
    0xEF, 0xFF, 0xDE, 0xFE, 0xBD, 0xFD, 0xBD, 0xFD,
    0xBD, 0xFE, 0xBD, 0xFE, 0xBD, 0xFE, 0xBD, 0xFE,
    0xAB, 0xFD, 0xBC, 0xFD, 0x9A, 0xFA, 0x88, 0xF7,
    0x89, 0xF7, 0x88, 0xF6, 0x98, 0xF7, 0x88, 0xF6,
    0x88, 0xF7, 0x65, 0xF4, 0x87, 0xF6, 0x89, 0xF8,
    0x78, 0xF7, 0x9A, 0xF9, 0x9A, 0xF9, 0xBC, 0xFA,
    0xDE, 0xFC, 0xCD, 0xFC, 0xBC, 0xFB, 0xBC, 0xFC,
    0xBC, 0xFC, 0x88, 0xF8, 0xAA, 0xFA, 0xBC, 0xFB,
    0xAB, 0xFA, 0x89, 0xF9, 0xDD, 0xFD, 0x33, 0xF2,
    0x88, 0xF7, 0x67, 0xF6, 0x11, 0xF1, 0x01, 0xF1,
    0x44, 0xF4, 0x99, 0xF8, 0xDC, 0xFA, 0xBB, 0xF9,
    0xBB, 0xFA, 0x89, 0xF9, 0xBC, 0xFB, 0xBC, 0xFB,
    0x67, 0xF5, 0xCC, 0xFB, 0xDE, 0xFD, 0xEF, 0xFF,
    0xDE, 0xFE, 0xDE, 0xFD, 0xDE, 0xFE, 0xEF, 0xFE,
    0xEF, 0xFF, 0xCD, 0xFD, 0xDE, 0xFE, 0xAB, 0xFB,
    0xAB, 0xFB, 0x9A, 0xFA, 0xCD, 0xFD, 0xEF, 0xFE,
    0xEF, 0xFF, 0xAB, 0xFA, 0xDE, 0xFD, 0xEF, 0xFE,
    0xEF, 0xFE, 0xDE, 0xFD, 0xEF, 0xFE, 0xCD, 0xFD,
    0xAB, 0xFB, 0x9B, 0xFB, 0xAB, 0xFC, 0xBC, 0xFD,
    0xBD, 0xFD, 0xBC, 0xFD, 0xAC, 0xFD, 0xAC, 0xFD,
    0xAC, 0xFD, 0xBC, 0xFD, 0xBC, 0xFD, 0xBC, 0xFD,
    0xBC, 0xFD, 0xBC, 0xFD, 0xBC, 0xFD, 0xBC, 0xFD,
    0xBC, 0xFD, 0xBC, 0xFD, 0xAB, 0xFC, 0xAB, 0xFC,
    0xAB, 0xFC, 0xAB, 0xFC, 0xAB, 0xFC, 0x9A, 0xFB,
    0xAB, 0xFC, 0xAB, 0xFC, 0xAB, 0xFC, 0xAB, 0xFC,
    0xAC, 0xFC, 0xBC, 0xFD, 0xAC, 0xFD, 0xBC, 0xFD,
    0xBC, 0xFD, 0xBB, 0xFC, 0xBC, 0xFC, 0xCD, 0xFD,
    0xBC, 0xFD, 0xBC, 0xFD, 0xBC, 0xFD, 0xBC, 0xFD,
    0xBC, 0xFD, 0xAC, 0xFD, 0xAC, 0xFD, 0xBC, 0xFD,
    0xBC, 0xFD, 0xBB, 0xFD, 0xBC, 0xFD, 0xBC, 0xFD,
    0xBC, 0xFD, 0xBD, 0xFE, 0xBD, 0xFE, 0xAB, 0xFD,
    0xAB, 0xFC, 0x9B, 0xFC, 0x8A, 0xFA, 0x78, 0xF9,
    0x56, 0xF7, 0xCD, 0xFC, 0xCC, 0xFB, 0xCD, 0xFC,
    0xCC, 0xFB, 0xCC, 0xFB, 0xCC, 0xFB, 0xCC, 0xFC,
    0xDD, 0xFC, 0xCC, 0xFB, 0xCC, 0xFB, 0xCC, 0xFC,
    0xBC, 0xFB, 0xBB, 0xFB, 0xBC, 0xFB, 0xBC, 0xFB,
    0xCC, 0xFC, 0xCC, 0xFC, 0xCC, 0xFC, 0xCC, 0xFC,
    0xCC, 0xFC, 0xCC, 0xFB, 0xDD, 0xFC, 0xDD, 0xFC,
    0xCD, 0xFC, 0xDD, 0xFC, 0xCD, 0xFC, 0xCC, 0xFC,
    0xDD, 0xFC, 0xCC, 0xFB, 0xDD, 0xFD, 0xBC, 0xFC,
    0xAB, 0xFA, 0x89, 0xF9, 0x78, 0xF8, 0xAB, 0xFB,
    0xEF, 0xFF, 0xEF, 0xFE, 0xCD, 0xFD, 0xCD, 0xFD,
    0x8A, 0xFA, 0x57, 0xF9, 0x57, 0xFA, 0x68, 0xFA,
    0x67, 0xFA, 0x68, 0xFA, 0x67, 0xFA, 0x57, 0xFA,
    0x68, 0xFA, 0x58, 0xFA, 0x58, 0xFA, 0x68, 0xFA,
    0x68, 0xFB, 0x67, 0xFA, 0x56, 0xF8, 0x57, 0xF9,
    0x67, 0xFA, 0x68, 0xFA, 0x68, 0xFA, 0x45, 0xF8,
    0x34, 0xF6, 0x77, 0xF9, 0x45, 0xF7, 0x45, 0xF7,
    0x56, 0xF8, 0x67, 0xF8, 0x67, 0xF9, 0x67, 0xF9,
    0x56, 0xF8, 0x67, 0xF9, 0x67, 0xF8, 0x67, 0xF8,
    0x68, 0xF9, 0x67, 0xF8, 0x67, 0xF8, 0x35, 0xF6,
    0x57, 0xF8, 0x57, 0xF8, 0x67, 0xF8, 0x68, 0xF9,
    0x68, 0xF9, 0x67, 0xF9, 0x67, 0xF9, 0x67, 0xF8,
    0x68, 0xF8, 0x78, 0xF9, 0x78, 0xF9, 0x78, 0xF9,
    0xDF, 0xFE, 0xBD, 0xFC, 0xDF, 0xFF, 0x79, 0xF8,
    0x88, 0xF5, 0xDB, 0xFA, 0xDD, 0xFC, 0xDF, 0xFE,
    0x38, 0xF5, 0x38, 0xF6, 0xCE, 0xFD, 0xAB, 0xFA,
    0xBB, 0xFB, 0xDE, 0xFE, 0x9A, 0xFA, 0xBC, 0xFC,
    0x78, 0xF8, 0x77, 0xF8, 0x67, 0xF7, 0x77, 0xF7,
    0xDE, 0xFE, 0xEF, 0xFE, 0x88, 0xF8, 0xAB, 0xFA,
    0xEF, 0xFE, 0xEF, 0xFF, 0xEF, 0xFF, 0xEF, 0xFF,
    0xEF, 0xFF, 0xEF, 0xFF, 0xEF, 0xFF, 0xEF, 0xFF,
    0xEF, 0xFF, 0xEF, 0xFF, 0xEF, 0xFF, 0xEF, 0xFE,
    0xEF, 0xFE, 0xEF, 0xFE, 0xEF, 0xFE, 0xEF, 0xFE,
    0xEF, 0xFF, 0xBC, 0xFC, 0xBC, 0xFD, 0xBD, 0xFD,
    0xBD, 0xFD, 0xBD, 0xFD, 0xBD, 0xFD, 0xCD, 0xFD,
    0xAB, 0xFC, 0x89, 0xFA, 0x9A, 0xFA, 0x88, 0xF8,
    0x77, 0xF6, 0x88, 0xF7, 0x88, 0xF7, 0x88, 0xF7,
    0x98, 0xF7, 0x55, 0xF4, 0x99, 0xF9, 0xAB, 0xFA,
    0x67, 0xF6, 0x34, 0xF3, 0xCD, 0xFC, 0xBC, 0xFA,
    0xEF, 0xFD, 0xCC, 0xFA, 0xBC, 0xFA, 0xBC, 0xFA,
    0xCD, 0xFB, 0xDD, 0xFB, 0xBC, 0xFA, 0xCD, 0xFB,
    0xBB, 0xFA, 0xCD, 0xFB, 0xCD, 0xFC, 0x34, 0xF2,
    0x99, 0xF8, 0x88, 0xF7, 0x78, 0xF7, 0x23, 0xF2,
    0x78, 0xF7, 0x88, 0xF7, 0xCC, 0xF9, 0xDD, 0xFB,
    0xDE, 0xFB, 0xCD, 0xFB, 0xCC, 0xFB, 0xDD, 0xFC,
    0xDE, 0xFC, 0xCD, 0xFB, 0xDE, 0xFC, 0xEF, 0xFF,
    0xDE, 0xFD, 0xBC, 0xFC, 0xBC, 0xFC, 0xCD, 0xFD,
    0xEF, 0xFF, 0xBC, 0xFC, 0xDE, 0xFE, 0xAB, 0xFB,
    0xAB, 0xFB, 0xAB, 0xFB, 0xEF, 0xFE, 0xEF, 0xFF,
    0xEF, 0xFE, 0xCD, 0xFC, 0xEF, 0xFE, 0xEF, 0xFE,
    0xDE, 0xFD, 0xBC, 0xFB, 0xDE, 0xFD, 0xBC, 0xFC,
    0x9A, 0xFA, 0xAB, 0xFB, 0x9A, 0xFB, 0x9A, 0xFB,
    0x8A, 0xFA, 0x9B, 0xFB, 0xAB, 0xFC, 0xAB, 0xFC,
    0xAC, 0xFD, 0xAC, 0xFD, 0xBC, 0xFD, 0xBC, 0xFD,
    0xBC, 0xFD, 0xBC, 0xFD, 0xBC, 0xFD, 0xBC, 0xFD,
    0xBC, 0xFD, 0xBC, 0xFD, 0xBC, 0xFD, 0xBC, 0xFD,
    0xBC, 0xFD, 0xBC, 0xFD, 0xBC, 0xFD, 0xBC, 0xFD,
    0xBC, 0xFD, 0xBC, 0xFD, 0xBC, 0xFD, 0xAC, 0xFC,
    0xAB, 0xFC, 0xAB, 0xFC, 0xAB, 0xFC, 0x9B, 0xFC,
    0xAB, 0xFC, 0x89, 0xFA, 0x9A, 0xFA, 0x78, 0xF8,
    0x9A, 0xFA, 0xAC, 0xFC, 0xBC, 0xFD, 0xCD, 0xFE,
    0xBC, 0xFD, 0xBC, 0xFD, 0xBC, 0xFD, 0xBC, 0xFD,
    0xAC, 0xFC, 0xBD, 0xFD, 0xAC, 0xFC, 0x89, 0xFA,
    0x67, 0xF8, 0x66, 0xF8, 0x56, 0xF7, 0x46, 0xF6,
    0x45, 0xF6, 0x45, 0xF5, 0x45, 0xF5, 0x56, 0xF7,
    0x78, 0xF8, 0xDD, 0xFD, 0xCD, 0xFC, 0xCC, 0xFC,
    0xCC, 0xFC, 0xCD, 0xFC, 0xCC, 0xFC, 0xCC, 0xFB,
    0xCC, 0xFB, 0xCC, 0xFB, 0xBB, 0xFB, 0xBC, 0xFB,
    0xBB, 0xFB, 0xBC, 0xFB, 0xBC, 0xFB, 0xCD, 0xFD,
    0xCD, 0xFD, 0xCD, 0xFC, 0xCD, 0xFC, 0xCC, 0xFC,
    0xCC, 0xFC, 0xDD, 0xFD, 0xBC, 0xFB, 0xDD, 0xFC,
    0xDE, 0xFD, 0xDE, 0xFD, 0xDD, 0xFC, 0xCC, 0xFC,
    0xAB, 0xFA, 0x99, 0xF9, 0x88, 0xF8, 0x78, 0xF8,
    0x67, 0xF7, 0x67, 0xF7, 0x45, 0xF5, 0x56, 0xF7,
    0x67, 0xF7, 0x78, 0xF8, 0x78, 0xF8, 0x55, 0xF6,
    0x23, 0xF4, 0x23, 0xF5, 0x23, 0xF5, 0x23, 0xF5,
    0x23, 0xF5, 0x23, 0xF5, 0x24, 0xF6, 0x34, 0xF7,
    0x34, 0xF7, 0x34, 0xF7, 0x34, 0xF7, 0x34, 0xF7,
    0x35, 0xF8, 0x35, 0xF7, 0x45, 0xF7, 0x45, 0xF7,
    0x46, 0xF8, 0x46, 0xF8, 0x45, 0xF7, 0x34, 0xF6,
    0x23, 0xF5, 0x33, 0xF5, 0x23, 0xF4, 0x34, 0xF6,
    0x34, 0xF5, 0x57, 0xF8, 0x56, 0xF7, 0x57, 0xF8,
    0x56, 0xF8, 0x67, 0xF9, 0x67, 0xF8, 0x67, 0xF9,
    0x68, 0xF9, 0x57, 0xF8, 0x67, 0xF8, 0x45, 0xF7,
    0x57, 0xF8, 0x67, 0xF8, 0x68, 0xF9, 0x68, 0xF9,
    0x68, 0xF9, 0x67, 0xF9, 0x67, 0xF8, 0x67, 0xF8,
    0x68, 0xF9, 0x68, 0xF9, 0x68, 0xF9, 0x78, 0xF9,
    0xEF, 0xFE, 0xDE, 0xFE, 0xEF, 0xFE, 0x89, 0xF8,
    0x87, 0xF4, 0xDC, 0xFA, 0xED, 0xFC, 0xDF, 0xFE,
    0x38, 0xF5, 0x48, 0xF7, 0xDF, 0xFE, 0xAA, 0xFA,
    0xAB, 0xFA, 0xEF, 0xFE, 0x9A, 0xFA, 0x9A, 0xFA,
    0x45, 0xF5, 0x56, 0xF6, 0x67, 0xF7, 0x56, 0xF6,
    0xEF, 0xFE, 0xEF, 0xFF, 0x89, 0xF8, 0xAB, 0xFA,
    0xEE, 0xFE, 0xEF, 0xFF, 0xEF, 0xFF, 0xEF, 0xFF,
    0xEF, 0xFF, 0xEF, 0xFF, 0xEF, 0xFF, 0xEF, 0xFF,
    0xEF, 0xFF, 0xEF, 0xFF, 0xEF, 0xFF, 0xEF, 0xFE,
    0xEF, 0xFE, 0xEF, 0xFE, 0xEF, 0xFE, 0xEF, 0xFE,
    0xCD, 0xFD, 0x99, 0xF9, 0xBB, 0xFC, 0xAB, 0xFB,
    0xBC, 0xFD, 0xCD, 0xFD, 0xCD, 0xFD, 0xCD, 0xFD,
    0xAB, 0xFB, 0xAB, 0xFB, 0x89, 0xF9, 0x89, 0xF8,
    0x55, 0xF5, 0x77, 0xF7, 0x88, 0xF7, 0x88, 0xF7,
    0x99, 0xF9, 0x66, 0xF5, 0x9A, 0xF9, 0xCD, 0xFD,
    0xBC, 0xFC, 0x89, 0xF8, 0x89, 0xF8, 0xBC, 0xFA,
    0xEE, 0xFC, 0xEF, 0xFC, 0xEF, 0xFC, 0xEF, 0xFC,
    0xEF, 0xFC, 0xEF, 0xFC, 0xEF, 0xFC, 0xEF, 0xFC,
    0xDE, 0xFB, 0xCC, 0xFB, 0xDE, 0xFD, 0x54, 0xF3,
    0x76, 0xF5, 0x77, 0xF6, 0x88, 0xF7, 0x88, 0xF7,
    0x77, 0xF6, 0x98, 0xF7, 0xCC, 0xF9, 0xEE, 0xFC,
    0xEF, 0xFC, 0xEF, 0xFC, 0xCD, 0xFA, 0xEF, 0xFC,
    0xEF, 0xFD, 0xEF, 0xFC, 0xDE, 0xFC, 0xCD, 0xFC,
    0xCC, 0xFC, 0xDE, 0xFD, 0xCD, 0xFC, 0xBC, 0xFC,
    0xEF, 0xFF, 0xBC, 0xFC, 0xAB, 0xFB, 0x9A, 0xFA,
    0xAB, 0xFB, 0xBC, 0xFC, 0xEF, 0xFF, 0xDE, 0xFD,
    0xEF, 0xFE, 0xDE, 0xFD, 0xEF, 0xFE, 0xEF, 0xFE,
    0xEF, 0xFE, 0xCD, 0xFC, 0xEF, 0xFE, 0xCD, 0xFD,
    0xAB, 0xFB, 0xBC, 0xFC, 0xBC, 0xFC, 0xBC, 0xFD,
    0xBC, 0xFD, 0xBD, 0xFD, 0xBC, 0xFD, 0xAC, 0xFD,
    0xAB, 0xFC, 0x9A, 0xFB, 0x9B, 0xFC, 0xAB, 0xFC,
    0xAB, 0xFC, 0xAB, 0xFC, 0xAB, 0xFC, 0xAB, 0xFC,
    0xAB, 0xFC, 0xAB, 0xFC, 0xAB, 0xFC, 0xAB, 0xFC,
    0xAB, 0xFC, 0xAB, 0xFC, 0xAB, 0xFC, 0xBC, 0xFD,
    0xAC, 0xFC, 0xAB, 0xFC, 0xAB, 0xFC, 0xAB, 0xFC,
    0xAC, 0xFD, 0xBC, 0xFD, 0xBC, 0xFD, 0xBC, 0xFD,
    0xBC, 0xFD, 0x9A, 0xFB, 0xAB, 0xFB, 0xBC, 0xFD,
    0xBC, 0xFD, 0xBC, 0xFD, 0xAC, 0xFD, 0x67, 0xF9,
    0x77, 0xF8, 0xAB, 0xFC, 0xAB, 0xFB, 0xCD, 0xFD,
    0xCC, 0xFC, 0x9A, 0xF9, 0x9A, 0xFA, 0xBC, 0xFC,
    0xCD, 0xFD, 0xCD, 0xFD, 0xCD, 0xFD, 0xDE, 0xFE,
    0xDE, 0xFE, 0xDE, 0xFE, 0xDE, 0xFE, 0xAB, 0xFC,
    0x9A, 0xFA, 0x9A, 0xFA, 0xBC, 0xFB, 0xDE, 0xFD,
    0xCD, 0xFC, 0xCD, 0xFC, 0xCD, 0xFC, 0xCD, 0xFC,
    0xCD, 0xFC, 0xCD, 0xFD, 0xCD, 0xFC, 0x9A, 0xFA,
    0x67, 0xF7, 0x45, 0xF5, 0x45, 0xF5, 0x9A, 0xFA,
    0x89, 0xF8, 0x89, 0xF8, 0x89, 0xF8, 0x89, 0xF9,
    0x89, 0xF8, 0x88, 0xF8, 0x78, 0xF7, 0x99, 0xF8,
    0x9A, 0xF9, 0xBB, 0xFB, 0xDD, 0xFD, 0xCC, 0xFC,
    0xCC, 0xFC, 0x78, 0xF8, 0x77, 0xF8, 0x67, 0xF7,
    0x67, 0xF8, 0x66, 0xF7, 0x45, 0xF6, 0x45, 0xF6,
    0x45, 0xF6, 0x55, 0xF6, 0x56, 0xF6, 0x45, 0xF5,
    0x45, 0xF5, 0x55, 0xF6, 0x11, 0xF2, 0x12, 0xF2,
    0x12, 0xF3, 0x56, 0xF8, 0x56, 0xF8, 0x56, 0xF9,
    0x56, 0xFA, 0x56, 0xF9, 0x56, 0xF9, 0x56, 0xF9,
    0x56, 0xF9, 0x45, 0xF7, 0x79, 0xFA, 0x89, 0xFA,
    0x89, 0xFA, 0x79, 0xFA, 0x89, 0xFA, 0x67, 0xF9,
    0x46, 0xF7, 0x45, 0xF7, 0x45, 0xF6, 0x56, 0xF7,
    0x56, 0xF8, 0x67, 0xF8, 0x56, 0xF8, 0x67, 0xF8,
    0x57, 0xF8, 0x67, 0xF9, 0x67, 0xF8, 0x67, 0xF9,
    0x68, 0xF9, 0x57, 0xF8, 0x67, 0xF9, 0x67, 0xF9,
    0x67, 0xF9, 0x67, 0xF8, 0x68, 0xF9, 0x78, 0xF9,
    0x68, 0xF9, 0x68, 0xF9, 0x67, 0xF8, 0x67, 0xF8,
    0x68, 0xF9, 0x68, 0xF9, 0x68, 0xF9, 0x68, 0xF9,
    0xEE, 0xFD, 0xEE, 0xFD, 0xEE, 0xFD, 0xBA, 0xF9,
    0xB9, 0xF7, 0xDC, 0xFA, 0xDD, 0xFC, 0xDE, 0xFD,
    0x37, 0xF5, 0x68, 0xF8, 0xDE, 0xFE, 0xAC, 0xFB,
    0xEF, 0xFE, 0xEF, 0xFF, 0x8A, 0xFA, 0x68, 0xF8,
    0x12, 0xF3, 0x45, 0xF6, 0x78, 0xF9, 0x45, 0xF5,
    0xEF, 0xFF, 0xEF, 0xFF, 0x88, 0xF8, 0x99, 0xF9,
    0xEF, 0xFE, 0xEF, 0xFF, 0xEF, 0xFF, 0xEF, 0xFF,
    0xEF, 0xFE, 0xEF, 0xFF, 0xEF, 0xFE, 0xEF, 0xFE,
    0xEF, 0xFE, 0xEE, 0xFD, 0xEE, 0xFD, 0xDE, 0xFD,
    0xEF, 0xFE, 0xDE, 0xFD, 0xEF, 0xFE, 0xDE, 0xFD,
    0x34, 0xF3, 0x67, 0xF7, 0x67, 0xF7, 0x77, 0xF7,
    0xCD, 0xFD, 0xCD, 0xFD, 0xEE, 0xFE, 0xAB, 0xFB,
    0x78, 0xF8, 0xAB, 0xFB, 0xDE, 0xFE, 0x9A, 0xFA,
    0xCD, 0xFD, 0xBB, 0xFB, 0xBC, 0xFB, 0xDE, 0xFD,
    0xAA, 0xFA, 0x66, 0xF5, 0x9A, 0xFA, 0xCD, 0xFD,
    0xBC, 0xFC, 0x9A, 0xF9, 0x45, 0xF4, 0xCD, 0xFB,
    0xDE, 0xFB, 0xDE, 0xFA, 0xEF, 0xFC, 0xEF, 0xFC,
    0xEF, 0xFB, 0xEF, 0xFB, 0xEF, 0xFC, 0xEF, 0xFC,
    0xDE, 0xFB, 0x78, 0xF6, 0xDE, 0xFC, 0x44, 0xF3,
    0x87, 0xF7, 0x98, 0xF8, 0x99, 0xF8, 0x88, 0xF7,
    0x77, 0xF6, 0x77, 0xF5, 0xBA, 0xF8, 0xDD, 0xFB,
    0xEF, 0xFB, 0xDE, 0xFB, 0xBB, 0xF9, 0xEF, 0xFC,
    0xEF, 0xFC, 0xEF, 0xFC, 0xCC, 0xFA, 0xDE, 0xFD,
    0xDD, 0xFD, 0xDE, 0xFD, 0xDE, 0xFD, 0xCC, 0xFC,
    0xCD, 0xFD, 0x9A, 0xFA, 0x67, 0xF7, 0x77, 0xF7,
    0xAB, 0xFB, 0x9A, 0xFA, 0xDE, 0xFD, 0xDD, 0xFD,
    0xEF, 0xFE, 0xDD, 0xFC, 0xEE, 0xFD, 0xEE, 0xFD,
    0xEE, 0xFE, 0xCC, 0xFB, 0xEE, 0xFD, 0xAA, 0xFA,
    0x9A, 0xFA, 0xAB, 0xFB, 0xAB, 0xFB, 0xBC, 0xFC,
    0xBC, 0xFD, 0xBC, 0xFD, 0xBC, 0xFD, 0xBC, 0xFD,
    0xBC, 0xFD, 0xBC, 0xFD, 0xBC, 0xFD, 0xBC, 0xFD,
    0xAB, 0xFC, 0xAB, 0xFC, 0xAB, 0xFC, 0xAB, 0xFC,
    0xAB, 0xFC, 0x9A, 0xFB, 0x9A, 0xFB, 0xAB, 0xFC,
    0xBC, 0xFD, 0xBD, 0xFD, 0xCD, 0xFE, 0xBD, 0xFD,
    0xBC, 0xFD, 0xBC, 0xFD, 0xBC, 0xFD, 0xBC, 0xFD,
    0xAB, 0xFC, 0x9B, 0xFB, 0x9A, 0xFB, 0xAB, 0xFC,
    0x9A, 0xFB, 0xAB, 0xFB, 0x78, 0xF9, 0xAB, 0xFC,
    0xAC, 0xFC, 0xAC, 0xFC, 0xBC, 0xFD, 0x67, 0xF8,
    0x35, 0xF5, 0x78, 0xF8, 0x88, 0xF8, 0x84, 0xF5,
    0x94, 0xF4, 0x93, 0xF3, 0x73, 0xF3, 0x55, 0xF5,
    0x89, 0xFA, 0xAB, 0xFB, 0xAA, 0xFA, 0xBC, 0xFB,
    0xAB, 0xFB, 0xAB, 0xFB, 0xBC, 0xFC, 0x89, 0xF9,
    0x45, 0xF5, 0x78, 0xF8, 0xAB, 0xFA, 0xAB, 0xFA,
    0xAB, 0xFA, 0x9A, 0xFA, 0xAB, 0xFA, 0x9A, 0xFA,
    0x9A, 0xFA, 0x9A, 0xFA, 0xAA, 0xFA, 0x9A, 0xFA,
    0x9A, 0xFA, 0x56, 0xF6, 0x67, 0xF7, 0xDE, 0xFE,
    0xDE, 0xFE, 0xDE, 0xFE, 0xDE, 0xFE, 0xDE, 0xFE,
    0xDE, 0xFE, 0xCD, 0xFC, 0x9A, 0xF9, 0xDE, 0xFD,
    0xBC, 0xFB, 0xAB, 0xFA, 0xAB, 0xFA, 0xBC, 0xFB,
    0xBC, 0xFC, 0x77, 0xF8, 0x45, 0xF5, 0x45, 0xF5,
    0x34, 0xF4, 0x23, 0xF4, 0x45, 0xF6, 0x56, 0xF6,
    0x45, 0xF6, 0x55, 0xF6, 0x56, 0xF6, 0x66, 0xF7,
    0x77, 0xF7, 0x77, 0xF7, 0x21, 0xF1, 0x22, 0xF1,
    0x12, 0xF3, 0x45, 0xF7, 0x56, 0xFA, 0x45, 0xFA,
    0x57, 0xFB, 0x67, 0xFB, 0x45, 0xF9, 0x45, 0xF9,
    0x46, 0xF9, 0x46, 0xF9, 0x79, 0xFA, 0x79, 0xFA,
    0x79, 0xFA, 0x79, 0xF9, 0x89, 0xFA, 0x67, 0xF9,
    0x56, 0xF8, 0x56, 0xF8, 0x45, 0xF7, 0x56, 0xF8,
    0x56, 0xF8, 0x67, 0xF9, 0x57, 0xF8, 0x67, 0xF9,
    0x57, 0xF8, 0x67, 0xF9, 0x67, 0xF8, 0x68, 0xF9,
    0x68, 0xF9, 0x57, 0xF8, 0x67, 0xF8, 0x67, 0xF9,
    0x68, 0xF9, 0x67, 0xF8, 0x68, 0xF8, 0x68, 0xF8,
    0x68, 0xF9, 0x68, 0xF9, 0x67, 0xF8, 0x67, 0xF8,
    0x68, 0xF9, 0x68, 0xF9, 0x68, 0xF9, 0x68, 0xF9,
    0xCB, 0xFB, 0xDC, 0xFC, 0xCC, 0xFB, 0xBA, 0xF8,
    0xBA, 0xF9, 0xED, 0xFC, 0xED, 0xFC, 0xDE, 0xFD,
    0x36, 0xF4, 0x36, 0xF5, 0x79, 0xF8, 0x68, 0xF7,
    0xBC, 0xFB, 0xDE, 0xFE, 0xAB, 0xFB, 0x46, 0xF6,
    0x13, 0xF4, 0x23, 0xF5, 0x67, 0xF8, 0x67, 0xF7,
    0xDF, 0xFE, 0xEF, 0xFF, 0x99, 0xF9, 0x88, 0xF7,
    0xEF, 0xFE, 0xEF, 0xFF, 0xEF, 0xFF, 0xEF, 0xFF,
    0xEF, 0xFE, 0xDE, 0xFC, 0xDE, 0xFC, 0xBB, 0xF9,
    0xBC, 0xFA, 0xDD, 0xFC, 0xCD, 0xFB, 0xCC, 0xFB,
    0xDD, 0xFC, 0xCC, 0xFB, 0xCD, 0xFC, 0xEF, 0xFE,
    0x89, 0xF8, 0x88, 0xF8, 0x55, 0xF4, 0x55, 0xF5,
    0xBB, 0xFB, 0x9A, 0xFA, 0xCD, 0xFD, 0xAB, 0xFA,
    0x77, 0xF7, 0xAB, 0xFA, 0xBC, 0xFB, 0x89, 0xF8,
    0xBC, 0xFB, 0xAB, 0xFA, 0xBC, 0xFB, 0xCD, 0xFC,
    0x88, 0xF8, 0x55, 0xF4, 0xAA, 0xFA, 0xBC, 0xFB,
    0xAA, 0xFA, 0x23, 0xF3, 0x12, 0xF1, 0xCC, 0xFA,
    0xEF, 0xFC, 0xDD, 0xFA, 0xBC, 0xF9, 0xDD, 0xFA,
    0xDE, 0xFB, 0xEE, 0xFC, 0xDE, 0xFB, 0xDD, 0xFA,
    0xDE, 0xFB, 0xDE, 0xFC, 0xCD, 0xFC, 0x77, 0xF7,
    0x88, 0xF8, 0x88, 0xF7, 0x98, 0xF8, 0x78, 0xF7,
    0x88, 0xF7, 0x98, 0xF7, 0xCB, 0xF9, 0xDE, 0xFB,
    0xDE, 0xFB, 0xCD, 0xFA, 0xCC, 0xFA, 0xDE, 0xFC,
    0xDE, 0xFC, 0xEF, 0xFC, 0x78, 0xF6, 0x78, 0xF7,
    0x99, 0xF9, 0x99, 0xF9, 0x88, 0xF8, 0x78, 0xF8,
    0x77, 0xF8, 0x99, 0xF9, 0xAA, 0xFA, 0xAB, 0xFB,
    0xBB, 0xFB, 0xBC, 0xFB, 0xBC, 0xFB, 0xBB, 0xFA,
    0xA9, 0xF8, 0x97, 0xF6, 0xA8, 0xF7, 0x98, 0xF7,
    0xDE, 0xFD, 0xDD, 0xFC, 0xBB, 0xFA, 0x67, 0xF7,
    0x88, 0xF8, 0xAB, 0xFC, 0xAB, 0xFC, 0xAB, 0xFB,
    0xBC, 0xFC, 0xAB, 0xFC, 0xBC, 0xFD, 0xBC, 0xFD,
    0xBC, 0xFD, 0xBC, 0xFD, 0xBC, 0xFD, 0xBC, 0xFD,
    0xBC, 0xFD, 0xBC, 0xFD, 0xBC, 0xFD, 0xBC, 0xFD,
    0xBC, 0xFD, 0xBC, 0xFD, 0xBC, 0xFD, 0xBC, 0xFD,
    0xAB, 0xFC, 0xAB, 0xFC, 0xAB, 0xFC, 0xAB, 0xFC,
    0x9A, 0xFB, 0xAB, 0xFC, 0xAB, 0xFC, 0xAB, 0xFC,
    0xAC, 0xFC, 0xAB, 0xFC, 0x89, 0xFA, 0xAB, 0xFB,
    0xBC, 0xFC, 0xBB, 0xFC, 0xAB, 0xFC, 0xBD, 0xFD,
    0xCD, 0xFD, 0xCD, 0xFD, 0xCC, 0xFD, 0x89, 0xFA,
    0x24, 0xF4, 0x78, 0xF7, 0x99, 0xF8, 0xA5, 0xF5,
    0xC5, 0xF5, 0xC4, 0xF4, 0x94, 0xF4, 0xAA, 0xFA,
    0xDF, 0xFF, 0xEF, 0xFF, 0xCD, 0xFD, 0x78, 0xF7,
    0x67, 0xF6, 0x67, 0xF6, 0xDE, 0xFD, 0xCD, 0xFD,
    0x56, 0xF7, 0x67, 0xF7, 0x56, 0xF6, 0xBD, 0xFC,
    0xAB, 0xFB, 0x23, 0xF3, 0xAB, 0xFA, 0xCD, 0xFC,
    0xCC, 0xFC, 0xCD, 0xFC, 0xBC, 0xFB, 0xAB, 0xFB,
    0x67, 0xF7, 0x56, 0xF6, 0x56, 0xF6, 0xDE, 0xFE,
    0xDE, 0xFE, 0xAB, 0xFB, 0xAB, 0xFB, 0xBC, 0xFC,
    0xAB, 0xFB, 0xDE, 0xFE, 0xCD, 0xFC, 0xBC, 0xFC,
    0xDE, 0xFD, 0xBC, 0xFB, 0xAB, 0xFA, 0xAB, 0xFA,
    0x34, 0xF3, 0x9A, 0xFA, 0x9A, 0xFA, 0x9A, 0xFA,
    0x9A, 0xFB, 0x89, 0xF9, 0x66, 0xF7, 0xBB, 0xFC,
    0x77, 0xF8, 0x67, 0xF7, 0x67, 0xF7, 0x67, 0xF7,
    0x77, 0xF7, 0x77, 0xF7, 0x21, 0xF1, 0x12, 0xF1,
    0x12, 0xF3, 0x57, 0xFA, 0x34, 0xF9, 0x24, 0xF9,
    0x23, 0xF9, 0x35, 0xF9, 0x35, 0xF9, 0x24, 0xF9,
    0x68, 0xFB, 0x46, 0xF8, 0x79, 0xFA, 0x89, 0xFA,
    0x89, 0xFA, 0x89, 0xFA, 0x89, 0xFA, 0x68, 0xF9,
    0x56, 0xF8, 0x46, 0xF8, 0x45, 0xF7, 0x56, 0xF8,
    0x67, 0xF9, 0x67, 0xF9, 0x57, 0xF8, 0x67, 0xF9,
    0x67, 0xF8, 0x67, 0xF9, 0x67, 0xF8, 0x67, 0xF9,
    0x68, 0xF9, 0x57, 0xF8, 0x67, 0xF9, 0x67, 0xF9,
    0x68, 0xF9, 0x67, 0xF8, 0x67, 0xF8, 0x67, 0xF8,
    0x68, 0xF9, 0x67, 0xF8, 0x67, 0xF8, 0x67, 0xF8,
    0x67, 0xF9, 0x68, 0xF9, 0x68, 0xF9, 0x68, 0xF9,
    0xDE, 0xFD, 0xDE, 0xFD, 0xDD, 0xFC, 0xCC, 0xFB,
    0xCC, 0xFB, 0xEE, 0xFD, 0xED, 0xFC, 0xDE, 0xFD,
    0x46, 0xF5, 0x47, 0xF6, 0x14, 0xF4, 0x04, 0xF3,
    0x04, 0xF2, 0xBC, 0xFC, 0xCD, 0xFD, 0x68, 0xF8,
    0x67, 0xF8, 0x78, 0xF8, 0xBC, 0xFC, 0xCD, 0xFD,
    0xCD, 0xFD, 0xEF, 0xFD, 0x99, 0xF8, 0x88, 0xF7,
    0xEF, 0xFE, 0xEF, 0xFE, 0xEF, 0xFE, 0xDE, 0xFD,
    0xDE, 0xFD, 0xCC, 0xFA, 0xCD, 0xFA, 0xCC, 0xFA,
    0xCC, 0xFA, 0xBB, 0xF9, 0xCC, 0xFB, 0xCC, 0xFA,
    0xCD, 0xFB, 0xCD, 0xFB, 0xDD, 0xFB, 0xDD, 0xFC,
    0xEF, 0xFE, 0xDE, 0xFD, 0xBC, 0xFB, 0xAB, 0xFA,
    0xDE, 0xFE, 0xDE, 0xFE, 0xEF, 0xFF, 0xDE, 0xFE,
    0xCD, 0xFD, 0xDE, 0xFD, 0xCD, 0xFD, 0xCD, 0xFC,
    0xDE, 0xFE, 0xDD, 0xFD, 0xDD, 0xFD, 0xCD, 0xFC,
    0x99, 0xF9, 0x55, 0xF4, 0xAA, 0xFA, 0xCC, 0xFC,
    0x89, 0xF8, 0x23, 0xF1, 0x23, 0xF2, 0xDD, 0xFC,
    0xEF, 0xFC, 0xDE, 0xFB, 0xCD, 0xFB, 0xCD, 0xFB,
    0x9A, 0xF9, 0xBC, 0xFB, 0xBC, 0xFA, 0xDE, 0xFC,
    0xEF, 0xFD, 0xDD, 0xFC, 0xDD, 0xFC, 0x44, 0xF4,
    0x55, 0xF4, 0x55, 0xF4, 0x66, 0xF5, 0x67, 0xF6,
    0x55, 0xF4, 0x98, 0xF6, 0xBA, 0xF8, 0xCD, 0xFA,
    0xBB, 0xFA, 0xAA, 0xF9, 0xBB, 0xFB, 0xDD, 0xFC,
    0x99, 0xF7, 0xCC, 0xFA, 0x77, 0xF6, 0x23, 0xF2,
    0x11, 0xF1, 0x23, 0xF3, 0x77, 0xF7, 0x89, 0xF9,
    0x89, 0xFA, 0x78, 0xF8, 0x89, 0xF9, 0xBC, 0xFC,
    0xBC, 0xFC, 0xCD, 0xFD, 0xCD, 0xFC, 0xCD, 0xFC,
    0xA9, 0xF8, 0x86, 0xF5, 0x97, 0xF6, 0x97, 0xF6,
    0xDE, 0xFD, 0xA9, 0xF9, 0xBA, 0xFA, 0xBB, 0xFB,
    0xBC, 0xFC, 0xCD, 0xFD, 0xAB, 0xFB, 0x88, 0xF9,
    0xAA, 0xFB, 0xAA, 0xFB, 0x9A, 0xFB, 0xAB, 0xFC,
    0xAB, 0xFC, 0xAB, 0xFC, 0xAB, 0xFC, 0xAB, 0xFC,
    0xAB, 0xFC, 0xAB, 0xFC, 0xAB, 0xFC, 0xAB, 0xFC,
    0xAB, 0xFC, 0xAB, 0xFC, 0xAB, 0xFC, 0xAB, 0xFC,
    0xAB, 0xFC, 0xAB, 0xFC, 0xAB, 0xFC, 0xAB, 0xFC,
    0xAB, 0xFC, 0xAB, 0xFC, 0xAB, 0xFC, 0x9B, 0xFC,
    0xAB, 0xFB, 0xAB, 0xFB, 0x9A, 0xFA, 0xAB, 0xFC,
    0xAB, 0xFC, 0x9A, 0xFB, 0x89, 0xFA, 0x9A, 0xFA,
    0x89, 0xFA, 0x9A, 0xFB, 0xAA, 0xFB, 0x77, 0xF7,
    0x22, 0xF1, 0x87, 0xF6, 0xB9, 0xF8, 0xA6, 0xF4,
    0xB5, 0xF4, 0x94, 0xF3, 0x85, 0xF4, 0xAA, 0xF9,
    0xEF, 0xFE, 0xEF, 0xFF, 0xEF, 0xFF, 0xBC, 0xFB,
    0x45, 0xF4, 0x67, 0xF6, 0xEF, 0xFE, 0x89, 0xF9,
    0x35, 0xF6, 0x35, 0xF6, 0x67, 0xF7, 0xDF, 0xFF,
    0xCD, 0xFD, 0x67, 0xF6, 0xCC, 0xFC, 0xEF, 0xFE,
    0xDE, 0xFD, 0xDE, 0xFD, 0xDE, 0xFE, 0xEF, 0xFE,
    0xDD, 0xFD, 0xAB, 0xFB, 0x56, 0xF5, 0xDE, 0xFE,
    0xDE, 0xFE, 0x67, 0xF7, 0x89, 0xF9, 0xAB, 0xFB,
    0x89, 0xF8, 0xCD, 0xFD, 0xCD, 0xFC, 0x9A, 0xF9,
    0xCD, 0xFC, 0xEF, 0xFE, 0xDE, 0xFD, 0xDE, 0xFE,
    0x34, 0xF3, 0xCD, 0xFD, 0xEF, 0xFF, 0xEF, 0xFE,
    0xEE, 0xFE, 0xCD, 0xFD, 0x66, 0xF6, 0xCD, 0xFD,
    0x88, 0xF8, 0x77, 0xF7, 0x78, 0xF8, 0x78, 0xF9,
    0x78, 0xF9, 0x67, 0xF7, 0x21, 0xF2, 0x22, 0xF1,
    0x12, 0xF3, 0x56, 0xF9, 0x46, 0xFA, 0x68, 0xFD,
    0x57, 0xFB, 0x47, 0xFA, 0x47, 0xFB, 0x46, 0xFA,
    0x57, 0xFB, 0x46, 0xF9, 0x89, 0xFA, 0x9A, 0xFA,
    0x9A, 0xFA, 0x9A, 0xFA, 0x8A, 0xFA, 0x78, 0xF9,
    0x56, 0xF8, 0x56, 0xF8, 0x46, 0xF7, 0x57, 0xF8,
    0x67, 0xF9, 0x67, 0xF9, 0x57, 0xF8, 0x57, 0xF8,
    0x57, 0xF8, 0x67, 0xF9, 0x67, 0xF8, 0x67, 0xF8,
    0x67, 0xF9, 0x67, 0xF8, 0x67, 0xF9, 0x67, 0xF9,
    0x67, 0xF9, 0x67, 0xF8, 0x67, 0xF9, 0x67, 0xF9,
    0x68, 0xF9, 0x68, 0xF9, 0x67, 0xF8, 0x67, 0xF8,
    0x67, 0xF8, 0x68, 0xF9, 0x68, 0xF9, 0x68, 0xF9,
    0xAC, 0xFB, 0xAC, 0xFB, 0xAC, 0xFB, 0xAB, 0xFA,
    0xBC, 0xFB, 0xEE, 0xFE, 0xED, 0xFC, 0xDE, 0xFD,
    0x46, 0xF5, 0x36, 0xF5, 0x04, 0xF3, 0x05, 0xF3,
    0x05, 0xF3, 0x57, 0xF7, 0x67, 0xF6, 0x67, 0xF7,
    0x66, 0xF6, 0x66, 0xF7, 0x77, 0xF7, 0x66, 0xF6,
    0x88, 0xF8, 0xBC, 0xFA, 0x88, 0xF6, 0x77, 0xF5,
    0xDE, 0xFC, 0xBC, 0xFA, 0xBC, 0xFA, 0xCC, 0xFA,
    0xAA, 0xF8, 0xBB, 0xF9, 0xCD, 0xFA, 0xAA, 0xF8,
    0xAA, 0xF7, 0xAA, 0xF8, 0xBB, 0xF9, 0xCC, 0xFA,
    0xBB, 0xF9, 0xCC, 0xFA, 0xCC, 0xFA, 0xDD, 0xFB,
    0xDD, 0xFB, 0xDE, 0xFC, 0xEE, 0xFD, 0xAA, 0xFA,
    0xEF, 0xFF, 0xEF, 0xFF, 0xEF, 0xFF, 0xEF, 0xFF,
    0xEF, 0xFF, 0xEF, 0xFF, 0xEF, 0xFF, 0xEF, 0xFF,
    0xEF, 0xFF, 0xEF, 0xFF, 0xEF, 0xFF, 0xEF, 0xFF,
    0xEF, 0xFE, 0x66, 0xF5, 0xAB, 0xFA, 0xCD, 0xFC,
    0x89, 0xF7, 0x45, 0xF3, 0x55, 0xF4, 0xDD, 0xFB,
    0xEE, 0xFC, 0xDE, 0xFC, 0xAB, 0xF9, 0xCD, 0xFC,
    0xCC, 0xFC, 0xAB, 0xFB, 0xAA, 0xF9, 0xBB, 0xFA,
    0xCC, 0xFA, 0xAA, 0xF9, 0xCC, 0xFC, 0x54, 0xF3,
    0xCC, 0xFA, 0x99, 0xF7, 0xBB, 0xFA, 0xCC, 0xFB,
    0xCD, 0xFB, 0x99, 0xF7, 0xCC, 0xFA, 0xBB, 0xF9,
    0x99, 0xF8, 0x66, 0xF6, 0xBB, 0xFB, 0xCC, 0xFC,
    0x66, 0xF4, 0xDD, 0xFC, 0xDD, 0xFC, 0x44, 0xF4,
    0x44, 0xF4, 0x67, 0xF6, 0xAA, 0xFB, 0x99, 0xFA,
    0x89, 0xFA, 0x89, 0xF9, 0xAB, 0xFB, 0xDE, 0xFE,
    0xBB, 0xFB, 0xEF, 0xFF, 0xBC, 0xFC, 0xEF, 0xFE,
    0xBB, 0xFA, 0x76, 0xF4, 0x86, 0xF6, 0xB9, 0xF8,
    0xCB, 0xFA, 0x98, 0xF8, 0x98, 0xF8, 0xDD, 0xFD,
    0xCD, 0xFD, 0xCD, 0xFD, 0xBC, 0xFC, 0x9A, 0xFA,
    0xBC, 0xFB, 0x9A, 0xFA, 0x89, 0xFA, 0xAB, 0xFB,
    0xAC, 0xFC, 0xBC, 0xFD, 0xBC, 0xFD, 0xBC, 0xFD,
    0xBC, 0xFD, 0xBC, 0xFD, 0xBC, 0xFD, 0xBC, 0xFD,
    0xBC, 0xFD, 0xBC, 0xFD, 0xBC, 0xFD, 0xBC, 0xFD,
    0xBC, 0xFD, 0xBC, 0xFD, 0xBC, 0xFD, 0xBC, 0xFD,
    0xBC, 0xFD, 0xBC, 0xFD, 0xBC, 0xFD, 0xBC, 0xFD,
    0xBC, 0xFD, 0xBC, 0xFC, 0x68, 0xF8, 0xCD, 0xFD,
    0xBC, 0xFC, 0xBB, 0xFC, 0xAB, 0xFC, 0xBC, 0xFD,
    0xAC, 0xFC, 0xDE, 0xFE, 0xCD, 0xFC, 0xBA, 0xF8,
    0xA8, 0xF6, 0xB8, 0xF6, 0xB8, 0xF5, 0xB9, 0xF5,
    0xC9, 0xF5, 0xB9, 0xF7, 0xA9, 0xF7, 0xAA, 0xFA,
    0xEF, 0xFE, 0xEF, 0xFF, 0xEF, 0xFE, 0xCD, 0xFC,
    0x77, 0xF7, 0x9A, 0xF9, 0xEF, 0xFE, 0xBC, 0xFC,
    0x34, 0xF5, 0x35, 0xF6, 0x57, 0xF7, 0xEF, 0xFF,
    0xBC, 0xFC, 0x56, 0xF5, 0xCD, 0xFC, 0xEF, 0xFE,
    0xEF, 0xFE, 0xEF, 0xFE, 0xEF, 0xFE, 0xEF, 0xFE,
    0xEF, 0xFF, 0xBC, 0xFC, 0x56, 0xF6, 0xEF, 0xFF,
    0xEF, 0xFE, 0x67, 0xF6, 0xAB, 0xFB, 0xBC, 0xFB,
    0x9A, 0xF9, 0xEF, 0xFE, 0xDE, 0xFD, 0xAB, 0xFB,
    0xDE, 0xFD, 0xEF, 0xFF, 0xEF, 0xFF, 0xEF, 0xFE,
    0x89, 0xF8, 0xCD, 0xFC, 0xEF, 0xFE, 0xEF, 0xFE,
    0xEF, 0xFF, 0xCD, 0xFD, 0x77, 0xF7, 0xEF, 0xFE,
    0xEE, 0xFE, 0x89, 0xF9, 0x67, 0xF8, 0x67, 0xF8,
    0x67, 0xF8, 0x77, 0xF8, 0x11, 0xF2, 0x22, 0xF2,
    0x22, 0xF3, 0x45, 0xF9, 0x24, 0xF9, 0x24, 0xFA,
    0x57, 0xFB, 0x68, 0xFC, 0x57, 0xFB, 0x46, 0xFB,
    0x68, 0xFB, 0x56, 0xF9, 0x44, 0xF6, 0x45, 0xF5,
    0x45, 0xF5, 0x45, 0xF5, 0x45, 0xF5, 0x56, 0xF7,
    0x56, 0xF8, 0x56, 0xF7, 0x46, 0xF7, 0x56, 0xF8,
    0x67, 0xF9, 0x67, 0xF9, 0x57, 0xF8, 0x57, 0xF8,
    0x57, 0xF8, 0x67, 0xF9, 0x67, 0xF8, 0x67, 0xF8,
    0x67, 0xF9, 0x67, 0xF9, 0x67, 0xF9, 0x68, 0xF9,
    0x67, 0xF8, 0x67, 0xF8, 0x68, 0xF9, 0x68, 0xF9,
    0x68, 0xF9, 0x67, 0xF9, 0x67, 0xF8, 0x67, 0xF8,
    0x67, 0xF9, 0x68, 0xF9, 0x68, 0xF9, 0x68, 0xF9,
    0xEF, 0xFE, 0xEF, 0xFF, 0xEF, 0xFF, 0xEF, 0xFE,
    0xCC, 0xFB, 0xEE, 0xFD, 0xED, 0xFC, 0xDE, 0xFD,
    0x56, 0xF5, 0x25, 0xF4, 0x04, 0xF2, 0x05, 0xF3,
    0x26, 0xF5, 0x68, 0xF8, 0x78, 0xF7, 0x77, 0xF7,
    0x77, 0xF7, 0x77, 0xF7, 0x77, 0xF7, 0x77, 0xF7,
    0xAB, 0xFB, 0xDE, 0xFD, 0xCC, 0xFA, 0xCC, 0xF9,
    0xCB, 0xF9, 0xCC, 0xF9, 0xBC, 0xF9, 0xCD, 0xFA,
    0xBB, 0xF8, 0xCC, 0xF9, 0xBB, 0xF9, 0xBB, 0xF8,
    0xBB, 0xF8, 0xAA, 0xF8, 0xCB, 0xF9, 0xBB, 0xF8,
    0xBB, 0xF8, 0xBB, 0xF9, 0xCC, 0xFA, 0xBA, 0xF8,
    0xAA, 0xF7, 0xCC, 0xF9, 0xBB, 0xF9, 0xAB, 0xFA,
    0xEF, 0xFF, 0xEF, 0xFF, 0xEF, 0xFE, 0xEF, 0xFF,
    0xEF, 0xFF, 0xEF, 0xFF, 0xEF, 0xFF, 0xEF, 0xFE,
    0xEF, 0xFE, 0xEF, 0xFF, 0xEF, 0xFE, 0xEF, 0xFF,
    0xEF, 0xFE, 0x66, 0xF5, 0xAA, 0xFA, 0xCC, 0xFC,
    0x89, 0xF8, 0x78, 0xF6, 0x78, 0xF6, 0xDD, 0xFB,
    0xDE, 0xFC, 0xBC, 0xFA, 0x89, 0xF8, 0xBB, 0xFB,
    0xCC, 0xFC, 0xAB, 0xFB, 0xAA, 0xF9, 0xCC, 0xFB,
    0x78, 0xF6, 0x78, 0xF7, 0xCD, 0xFC, 0x66, 0xF4,
    0xBB, 0xF8, 0xCC, 0xF9, 0xBB, 0xF8, 0xDD, 0xFA,
    0xDD, 0xFA, 0x77, 0xF4, 0x99, 0xF6, 0x99, 0xF7,
    0x78, 0xF7, 0xBC, 0xFC, 0xCC, 0xFC, 0xBC, 0xFB,
    0x78, 0xF7, 0xBB, 0xFA, 0xBB, 0xFA, 0x66, 0xF5,
    0x88, 0xF7, 0x77, 0xF7, 0xDE, 0xFE, 0xDE, 0xFE,
    0xDE, 0xFE, 0xDE, 0xFE, 0xAB, 0xFB, 0xEF, 0xFE,
    0xCD, 0xFC, 0xEF, 0xFF, 0xCD, 0xFC, 0xEF, 0xFF,
    0xBC, 0xFB, 0x66, 0xF5, 0x97, 0xF7, 0xA7, 0xF7,
    0x75, 0xF3, 0x85, 0xF5, 0x87, 0xF7, 0xBB, 0xFB,
    0xBC, 0xFC, 0xBC, 0xFC, 0xBB, 0xFB, 0xBC, 0xFC,
    0xCC, 0xFC, 0x9A, 0xFA, 0x89, 0xF9, 0xAB, 0xFB,
    0xBC, 0xFD, 0xBC, 0xFD, 0xBC, 0xFD, 0xBC, 0xFD,
    0xBC, 0xFD, 0xBC, 0xFD, 0xBC, 0xFD, 0xBC, 0xFD,
    0xBD, 0xFD, 0xBC, 0xFD, 0xBC, 0xFD, 0xBC, 0xFD,
    0xCD, 0xFD, 0xBC, 0xFD, 0xBC, 0xFD, 0xBC, 0xFD,
    0xBD, 0xFD, 0xBC, 0xFD, 0xBC, 0xFD, 0xBC, 0xFD,
    0xBC, 0xFD, 0xAB, 0xFC, 0x34, 0xF5, 0xDE, 0xFE,
    0xBC, 0xFC, 0xBB, 0xFC, 0xBB, 0xFC, 0xBD, 0xFD,
    0xCD, 0xFD, 0xDE, 0xFE, 0xBB, 0xF8, 0xCA, 0xF7,
    0xDA, 0xF6, 0xCA, 0xF6, 0xCA, 0xF6, 0xCA, 0xF6,
    0xCA, 0xF5, 0xCA, 0xF6, 0xA9, 0xF7, 0xAB, 0xFA,
    0xEF, 0xFF, 0xEF, 0xFF, 0xEF, 0xFF, 0xDE, 0xFD,
    0xBC, 0xFC, 0xCD, 0xFC, 0xEF, 0xFF, 0xDE, 0xFE,
    0xBC, 0xFC, 0xBC, 0xFC, 0xBC, 0xFC, 0xEF, 0xFF,
    0xCD, 0xFD, 0x56, 0xF5, 0xCD, 0xFC, 0xEF, 0xFE,
    0xEF, 0xFE, 0xEF, 0xFE, 0xEF, 0xFE, 0xEF, 0xFE,
    0xEF, 0xFF, 0xAC, 0xFB, 0x46, 0xF5, 0xDF, 0xFE,
    0xEF, 0xFE, 0x77, 0xF7, 0xAB, 0xFB, 0xAB, 0xFA,
    0x79, 0xF8, 0xEF, 0xFE, 0xDE, 0xFD, 0xAB, 0xFA,
    0xDE, 0xFD, 0xEF, 0xFF, 0xEF, 0xFF, 0xEF, 0xFF,
    0xEF, 0xFF, 0xEF, 0xFF, 0xEF, 0xFE, 0xEF, 0xFF,
    0xEF, 0xFF, 0xEF, 0xFE, 0xAA, 0xFA, 0xEF, 0xFF,
    0xEF, 0xFF, 0x9A, 0xFA, 0x78, 0xF9, 0x89, 0xFA,
    0x89, 0xFA, 0x88, 0xF9, 0x11, 0xF1, 0x22, 0xF2,
    0x22, 0xF4, 0x56, 0xF9, 0x23, 0xFA, 0x46, 0xFB,
    0x34, 0xF9, 0x45, 0xFA, 0x24, 0xF9, 0x35, 0xFA,
    0x35, 0xF9, 0x46, 0xF9, 0x12, 0xF3, 0x22, 0xF2,
    0x22, 0xF2, 0x22, 0xF2, 0x12, 0xF3, 0x45, 0xF6,
    0x67, 0xF8, 0x56, 0xF8, 0x56, 0xF7, 0x56, 0xF8,
    0x57, 0xF8, 0x67, 0xF8, 0x57, 0xF8, 0x67, 0xF8,
    0x67, 0xF8, 0x67, 0xF9, 0x67, 0xF8, 0x67, 0xF9,
    0x78, 0xF9, 0x67, 0xF9, 0x67, 0xF9, 0x68, 0xF9,
    0x68, 0xF8, 0x67, 0xF8, 0x78, 0xF9, 0x78, 0xF9,
    0x68, 0xF9, 0x67, 0xF9, 0x67, 0xF8, 0x67, 0xF8,
    0x67, 0xF9, 0x68, 0xF9, 0x68, 0xF9, 0x68, 0xF9,
    0xEF, 0xFE, 0xEF, 0xFF, 0xEF, 0xFF, 0xEF, 0xFE,
    0xCC, 0xFB, 0xEE, 0xFD, 0xED, 0xFC, 0xDE, 0xFD,
    0x46, 0xF5, 0x25, 0xF4, 0x27, 0xF6, 0x17, 0xF6,
    0x69, 0xF9, 0xAA, 0xFB, 0xAA, 0xFB, 0x9A, 0xFB,
    0xAB, 0xFB, 0x9A, 0xFA, 0xAB, 0xFB, 0xAB, 0xFB,
    0xCC, 0xFC, 0xCC, 0xFB, 0xBB, 0xF9, 0xCC, 0xFA,
    0xBA, 0xF8, 0x98, 0xF6, 0xAA, 0xF8, 0xBB, 0xF9,
    0xAA, 0xF8, 0xBC, 0xF9, 0xCC, 0xF9, 0xCC, 0xFA,
    0xBB, 0xF8, 0xBB, 0xF8, 0xBB, 0xF8, 0xBB, 0xF8,
    0xBB, 0xF8, 0x89, 0xF6, 0x9A, 0xF7, 0x99, 0xF6,
    0xAA, 0xF7, 0x99, 0xF6, 0xAA, 0xF8, 0xAB, 0xFA,
    0xEF, 0xFF, 0xEF, 0xFF, 0xEF, 0xFF, 0xEF, 0xFF,
    0xEF, 0xFF, 0xEF, 0xFF, 0xEF, 0xFF, 0xCD, 0xFD,
    0xDE, 0xFD, 0xEF, 0xFF, 0xEF, 0xFF, 0xEF, 0xFF,
    0xEF, 0xFE, 0x65, 0xF5, 0xAA, 0xFA, 0xCC, 0xFC,
    0x77, 0xF7, 0x68, 0xF7, 0x56, 0xF5, 0x99, 0xF7,
    0xEE, 0xFD, 0xDE, 0xFC, 0xAB, 0xFA, 0xCC, 0xFC,
    0xCC, 0xFB, 0x99, 0xF9, 0xAB, 0xF9, 0xEE, 0xFD,
    0xEF, 0xFD, 0xEF, 0xFE, 0xDE, 0xFD, 0x55, 0xF3,
    0xDE, 0xFB, 0xEF, 0xFC, 0xEF, 0xFC, 0xEF, 0xFC,
    0xEE, 0xFB, 0xAA, 0xF7, 0xCC, 0xF9, 0xEE, 0xFC,
    0x9A, 0xF9, 0x45, 0xF4, 0xBB, 0xFB, 0xDD, 0xFD,
    0xCD, 0xFD, 0xCC, 0xFB, 0x99, 0xF8, 0x66, 0xF5,
    0x56, 0xF5, 0x55, 0xF4, 0x9A, 0xFA, 0xAB, 0xFB,
    0xBC, 0xFC, 0xBC, 0xFC, 0xBC, 0xFC, 0xDE, 0xFD,
    0xCD, 0xFC, 0xEF, 0xFE, 0xEF, 0xFF, 0xDE, 0xFD,
    0xBC, 0xFB, 0x66, 0xF5, 0x76, 0xF6, 0x97, 0xF7,
    0x85, 0xF4, 0x97, 0xF6, 0x98, 0xF7, 0x66, 0xF5,
    0x78, 0xF8, 0x89, 0xF8, 0xAB, 0xFA, 0xAB, 0xFA,
    0xAB, 0xFB, 0xAA, 0xFA, 0x89, 0xF8, 0x9A, 0xFB,
    0x9A, 0xFA, 0x9A, 0xFB, 0xAB, 0xFC, 0xAB, 0xFC,
    0xAB, 0xFC, 0xAB, 0xFC, 0xAB, 0xFC, 0xAB, 0xFC,
    0xAB, 0xFC, 0xAB, 0xFC, 0xAB, 0xFC, 0xAB, 0xFC,
    0xAB, 0xFC, 0xAB, 0xFC, 0xAB, 0xFC, 0xAB, 0xFC,
    0xAB, 0xFC, 0xAB, 0xFC, 0xAB, 0xFC, 0xBB, 0xFC,
    0xBC, 0xFC, 0x9A, 0xFB, 0x56, 0xF6, 0xBC, 0xFD,
    0xBC, 0xFC, 0xAA, 0xFB, 0xAA, 0xFB, 0xBC, 0xFC,
    0xBC, 0xFC, 0xAB, 0xFA, 0x88, 0xF5, 0xB9, 0xF6,
    0xC9, 0xF5, 0xB9, 0xF5, 0xB9, 0xF6, 0xB9, 0xF6,
    0xB9, 0xF6, 0xAA, 0xF6, 0x99, 0xF6, 0xAB, 0xFA,
    0xEF, 0xFF, 0xBC, 0xFC, 0xCD, 0xFD, 0xEF, 0xFF,
    0xDD, 0xFD, 0xDE, 0xFD, 0xEF, 0xFE, 0xDE, 0xFD,
    0xCD, 0xFC, 0xDE, 0xFE, 0xBC, 0xFC, 0xEF, 0xFE,
    0xEF, 0xFE, 0xCD, 0xFC, 0xDE, 0xFE, 0xEF, 0xFE,
    0xEF, 0xFE, 0xEF, 0xFE, 0xEF, 0xFE, 0xEF, 0xFE,
    0xEF, 0xFF, 0xCD, 0xFD, 0x9A, 0xFA, 0xEF, 0xFE,
    0xDF, 0xFE, 0x9A, 0xF9, 0xDD, 0xFD, 0xBC, 0xFB,
    0xAB, 0xFA, 0xDF, 0xFE, 0xDE, 0xFD, 0xBC, 0xFC,
    0xDE, 0xFD, 0xEF, 0xFF, 0xEF, 0xFF, 0xEF, 0xFE,
    0xEF, 0xFE, 0xEF, 0xFE, 0xEF, 0xFE, 0xEF, 0xFE,
    0xEF, 0xFF, 0xEF, 0xFE, 0x99, 0xF8, 0xEF, 0xFF,
    0xEF, 0xFF, 0x89, 0xFA, 0x78, 0xF9, 0x88, 0xFA,
    0x89, 0xFA, 0x88, 0xF9, 0x11, 0xF1, 0x12, 0xF2,
    0x13, 0xF3, 0x46, 0xF8, 0x35, 0xFA, 0x46, 0xFB,
    0x46, 0xF9, 0x56, 0xFA, 0x45, 0xFA, 0x46, 0xFA,
    0x46, 0xF9, 0x46, 0xF8, 0x12, 0xF3, 0x22, 0xF2,
    0x22, 0xF2, 0x22, 0xF2, 0x12, 0xF2, 0x56, 0xF6,
    0x67, 0xF8, 0x56, 0xF7, 0x56, 0xF7, 0x56, 0xF8,
    0x57, 0xF8, 0x67, 0xF8, 0x57, 0xF8, 0x67, 0xF9,
    0x67, 0xF8, 0x67, 0xF9, 0x67, 0xF9, 0x67, 0xF9,
    0x67, 0xF9, 0x67, 0xF9, 0x67, 0xF9, 0x68, 0xF9,
    0x68, 0xF8, 0x67, 0xF8, 0x78, 0xF9, 0x78, 0xF9,
    0x68, 0xF9, 0x78, 0xF9, 0x67, 0xF8, 0x67, 0xF8,
    0x67, 0xF8, 0x68, 0xF9, 0x67, 0xF8, 0x68, 0xF8,
    0xEF, 0xFE, 0xEF, 0xFF, 0xEF, 0xFF, 0xEF, 0xFE,
    0xBC, 0xFA, 0xDD, 0xFC, 0xDD, 0xFC, 0xDE, 0xFD,
    0x57, 0xF6, 0x26, 0xF5, 0x28, 0xF7, 0x28, 0xF7,
    0x37, 0xF7, 0x67, 0xF8, 0x67, 0xF8, 0x67, 0xF8,
    0x67, 0xF8, 0x67, 0xF8, 0xBC, 0xFC, 0x88, 0xF8,
    0xEF, 0xFE, 0xCC, 0xFB, 0x88, 0xF6, 0xA9, 0xF7,
    0xA9, 0xF7, 0x99, 0xF7, 0x88, 0xF6, 0x77, 0xF6,
    0x89, 0xF7, 0x77, 0xF5, 0x88, 0xF6, 0x99, 0xF7,
    0x99, 0xF7, 0x99, 0xF7, 0x99, 0xF6, 0x89, 0xF6,
    0x9A, 0xF7, 0x89, 0xF6, 0x99, 0xF7, 0x99, 0xF6,
    0x99, 0xF7, 0x99, 0xF7, 0xBB, 0xF9, 0x9A, 0xF9,
    0xDE, 0xFD, 0xDE, 0xFD, 0xCE, 0xFD, 0xCD, 0xFD,
    0xDE, 0xFD, 0xDE, 0xFD, 0xDE, 0xFD, 0xDD, 0xFD,
    0xDE, 0xFD, 0xDE, 0xFE, 0xDE, 0xFE, 0xDE, 0xFD,
    0xDD, 0xFC, 0x66, 0xF5, 0xAA, 0xF9, 0xEE, 0xFE,
    0xDE, 0xFD, 0xBC, 0xFB, 0x88, 0xF8, 0x67, 0xF5,
    0xDD, 0xFC, 0xDE, 0xFD, 0xAB, 0xFB, 0xCD, 0xFC,
    0xDD, 0xFD, 0x99, 0xF8, 0xBC, 0xFA, 0xDE, 0xFC,
    0xBC, 0xFB, 0xCD, 0xFB, 0xDE, 0xFD, 0x55, 0xF3,
    0xCD, 0xFB, 0xCE, 0xFB, 0xCD, 0xFB, 0xCD, 0xFB,
    0xEF, 0xFC, 0xAA, 0xF7, 0xCC, 0xFA, 0xDE, 0xFD,
    0xBC, 0xFB, 0x9A, 0xF9, 0xBC, 0xFB, 0xEF, 0xFE,
    0xEF, 0xFE, 0xDE, 0xFD, 0x77, 0xF6, 0x66, 0xF5,
    0x33, 0xF2, 0x66, 0xF5, 0x9A, 0xF9, 0xDE, 0xFE,
    0xBC, 0xFC, 0xDE, 0xFD, 0xDE, 0xFE, 0xDE, 0xFE,
    0xDE, 0xFE, 0xEF, 0xFF, 0xEF, 0xFF, 0xDE, 0xFE,
    0xBC, 0xFB, 0x66, 0xF5, 0x87, 0xF7, 0x98, 0xF8,
    0x86, 0xF6, 0x86, 0xF6, 0x98, 0xF8, 0x66, 0xF5,
    0x77, 0xF6, 0x88, 0xF8, 0x77, 0xF7, 0x77, 0xF6,
    0x88, 0xF7, 0xAA, 0xF9, 0xAB, 0xFA, 0xCD, 0xFC,
    0x9A, 0xFB, 0xAB, 0xFB, 0xAB, 0xFC, 0xAB, 0xFC,
    0xAB, 0xFC, 0xAB, 0xFC, 0xAB, 0xFC, 0xAB, 0xFC,
    0xAB, 0xFC, 0xAC, 0xFD, 0xBC, 0xFD, 0xBC, 0xFD,
    0xCD, 0xFD, 0xCD, 0xFD, 0xBD, 0xFE, 0xBD, 0xFE,
    0xBD, 0xFE, 0xBC, 0xFD, 0xCD, 0xFD, 0xBC, 0xFC,
    0xCC, 0xFC, 0xBC, 0xFB, 0xAA, 0xFA, 0xAC, 0xFC,
    0xBC, 0xFD, 0xBB, 0xFC, 0xAB, 0xFB, 0xBC, 0xFC,
    0x88, 0xF8, 0x78, 0xF8, 0x77, 0xF5, 0xCA, 0xF7,
    0xB9, 0xF5, 0xA9, 0xF6, 0x99, 0xF7, 0x43, 0xF2,
    0x32, 0xF1, 0x22, 0xF1, 0x33, 0xF2, 0xBC, 0xFB,
    0xEF, 0xFF, 0xBC, 0xFB, 0xEF, 0xFE, 0xEF, 0xFE,
    0xDD, 0xFD, 0xDE, 0xFE, 0xEF, 0xFF, 0xDE, 0xFE,
    0xDE, 0xFE, 0xEF, 0xFE, 0xBC, 0xFC, 0xEF, 0xFE,
    0xEF, 0xFE, 0xEF, 0xFE, 0xEF, 0xFE, 0xEF, 0xFF,
    0xEF, 0xFE, 0xEF, 0xFE, 0xEF, 0xFE, 0xEF, 0xFE,
    0xEF, 0xFE, 0xAB, 0xFB, 0x9A, 0xF9, 0xDE, 0xFE,
    0xEF, 0xFE, 0xDE, 0xFD, 0xDE, 0xFD, 0xEF, 0xFE,
    0xEF, 0xFE, 0xEF, 0xFE, 0xDE, 0xFD, 0xEF, 0xFE,
    0xEF, 0xFF, 0xDE, 0xFD, 0xDE, 0xFD, 0xDE, 0xFD,
    0xCD, 0xFC, 0xCC, 0xFB, 0xBC, 0xFB, 0xCC, 0xFB,
    0xCD, 0xFC, 0xCD, 0xFC, 0x77, 0xF7, 0xDE, 0xFD,
    0xEE, 0xFE, 0x89, 0xFA, 0x88, 0xFA, 0x88, 0xFA,
    0x89, 0xFA, 0x88, 0xF9, 0x11, 0xF2, 0x12, 0xF2,
    0x13, 0xF3, 0x58, 0xF9, 0x58, 0xFB, 0x58, 0xFB,
    0x68, 0xFA, 0x67, 0xFA, 0x68, 0xFB, 0x57, 0xFB,
    0x57, 0xFB, 0x46, 0xF8, 0x12, 0xF3, 0x22, 0xF2,
    0x22, 0xF2, 0x22, 0xF2, 0x12, 0xF2, 0x56, 0xF6,
    0x67, 0xF8, 0x56, 0xF7, 0x56, 0xF7, 0x56, 0xF8,
    0x67, 0xF8, 0x67, 0xF8, 0x67, 0xF8, 0x67, 0xF9,
    0x67, 0xF8, 0x67, 0xF9, 0x67, 0xF9, 0x67, 0xF9,
    0x67, 0xF9, 0x67, 0xF8, 0x67, 0xF8, 0x68, 0xF9,
    0x68, 0xF8, 0x67, 0xF8, 0x68, 0xF9, 0x68, 0xF9,
    0x68, 0xF9, 0x67, 0xF8, 0x67, 0xF8, 0x67, 0xF8,
    0x67, 0xF8, 0x68, 0xF8, 0x68, 0xF8, 0x68, 0xF8,
    0xEF, 0xFE, 0xEF, 0xFE, 0xEF, 0xFE, 0xEF, 0xFE,
    0xCC, 0xFB, 0xEE, 0xFC, 0xEE, 0xFC, 0xEE, 0xFD,
    0x57, 0xF6, 0x47, 0xF7, 0x27, 0xF6, 0x28, 0xF7,
    0x38, 0xF7, 0x58, 0xF8, 0x78, 0xF9, 0x67, 0xF8,
    0x89, 0xF9, 0xAB, 0xFB, 0xEF, 0xFE, 0x99, 0xF8,
    0xCD, 0xFC, 0xCC, 0xFA, 0xBB, 0xF9, 0x76, 0xF4,
    0x98, 0xF7, 0x99, 0xF7, 0x77, 0xF6, 0x77, 0xF6,
    0xAA, 0xF9, 0x77, 0xF6, 0x77, 0xF6, 0x56, 0xF4,
    0x67, 0xF5, 0x55, 0xF3, 0x77, 0xF5, 0x55, 0xF3,
    0x78, 0xF5, 0x77, 0xF5, 0x55, 0xF3, 0x77, 0xF5,
    0x87, 0xF6, 0x87, 0xF6, 0xAA, 0xF9, 0x88, 0xF7,
    0x78, 0xF7, 0x89, 0xF9, 0x89, 0xF9, 0x89, 0xF9,
    0x9A, 0xFA, 0x9A, 0xF9, 0x9A, 0xF9, 0xAB, 0xFB,
    0x9A, 0xFA, 0x9A, 0xFA, 0xBC, 0xFB, 0xAB, 0xFA,
    0xAB, 0xF9, 0x76, 0xF5, 0x98, 0xF8, 0xAA, 0xFA,
    0xAA, 0xFA, 0xAB, 0xFA, 0x45, 0xF5, 0xAB, 0xFA,
    0xCC, 0xFB, 0xBC, 0xFB, 0xAA, 0xFA, 0x99, 0xF9,
    0xAA, 0xFA, 0xAB, 0xFB, 0xCD, 0xFD, 0xCD, 0xFC,
    0x8A, 0xF9, 0xDE, 0xFD, 0xDE, 0xFE, 0x55, 0xF4,
    0xDE, 0xFD, 0xCE, 0xFD, 0x46, 0xF5, 0x9B, 0xF9,
    0xEE, 0xFD, 0xAA, 0xF8, 0xDD, 0xFB, 0xDE, 0xFD,
    0xDE, 0xFE, 0xEE, 0xFE, 0xCD, 0xFC, 0xEE, 0xFE,
    0xEF, 0xFE, 0xDE, 0xFD, 0xBB, 0xFB, 0xAA, 0xF9,
    0x56, 0xF5, 0x67, 0xF6, 0x67, 0xF6, 0xEF, 0xFE,
    0xDE, 0xFD, 0xDD, 0xFD, 0xEF, 0xFE, 0xDE, 0xFE,
    0xDE, 0xFD, 0xEF, 0xFF, 0xDE, 0xFE, 0xEF, 0xFE,
    0x89, 0xF8, 0x67, 0xF6, 0xAA, 0xFB, 0xCC, 0xFC,
    0x87, 0xF7, 0x98, 0xF8, 0xBB, 0xFA, 0x88, 0xF7,
    0xAA, 0xF9, 0xBB, 0xF9, 0xCC, 0xFB, 0xCD, 0xFB,
    0xAA, 0xF8, 0xAB, 0xF9, 0xAB, 0xF9, 0xBB, 0xFB,
    0xAB, 0xFB, 0xCD, 0xFD, 0xBC, 0xFC, 0xAB, 0xFC,
    0xAB, 0xFC, 0xAB, 0xFC, 0xAB, 0xFC, 0x9B, 0xFC,
    0x9B, 0xFC, 0x9A, 0xFB, 0xAB, 0xFB, 0x9A, 0xFB,
    0x89, 0xF9, 0x89, 0xF9, 0x89, 0xFA, 0x89, 0xFA,
    0x89, 0xFA, 0x89, 0xFA, 0x89, 0xF8, 0x89, 0xF8,
    0x99, 0xF9, 0x88, 0xF8, 0x88, 0xF7, 0x9A, 0xFA,
    0xAA, 0xFB, 0x9A, 0xFA, 0x9A, 0xFA, 0x99, 0xF9,
    0x77, 0xF7, 0x66, 0xF6, 0x65, 0xF4, 0xBA, 0xF8,
    0x97, 0xF5, 0xBA, 0xF7, 0xAA, 0xF8, 0x55, 0xF3,
    0x21, 0xF2, 0x11, 0xF3, 0x22, 0xF3, 0x9A, 0xFA,
    0xEF, 0xFE, 0x9A, 0xFA, 0xAB, 0xFB, 0xCD, 0xFC,
    0xAB, 0xFB, 0xBC, 0xFC, 0xDD, 0xFD, 0xCD, 0xFC,
    0xCD, 0xFC, 0xDD, 0xFC, 0xAA, 0xF9, 0xCD, 0xFC,
    0xCD, 0xFC, 0xCD, 0xFC, 0xCD, 0xFC, 0xCD, 0xFC,
    0xCD, 0xFC, 0xCD, 0xFC, 0xCD, 0xFB, 0xCD, 0xFC,
    0xCD, 0xFC, 0x78, 0xF8, 0x67, 0xF7, 0xBC, 0xFC,
    0xBC, 0xFB, 0xBC, 0xFA, 0xCD, 0xFC, 0xDE, 0xFC,
    0xDE, 0xFD, 0xCD, 0xFC, 0xEE, 0xFD, 0xCD, 0xFB,
    0xCC, 0xFB, 0xAA, 0xF9, 0xBB, 0xF9, 0xBB, 0xF9,
    0xAA, 0xF8, 0xAA, 0xF8, 0xAA, 0xF8, 0xBB, 0xF9,
    0xBC, 0xFB, 0xEE, 0xFE, 0x77, 0xF7, 0xEE, 0xFD,
    0xEF, 0xFE, 0x89, 0xF9, 0x78, 0xFA, 0x89, 0xFB,
    0x89, 0xFA, 0x78, 0xF9, 0x11, 0xF2, 0x22, 0xF2,
    0x12, 0xF2, 0x57, 0xF8, 0x68, 0xFA, 0x56, 0xF9,
    0x45, 0xF7, 0x34, 0xF7, 0x46, 0xF9, 0x68, 0xFB,
    0x68, 0xFB, 0x56, 0xF8, 0x12, 0xF3, 0x22, 0xF2,
    0x22, 0xF2, 0x22, 0xF2, 0x12, 0xF2, 0x56, 0xF6,
    0x67, 0xF8, 0x56, 0xF7, 0x56, 0xF7, 0x56, 0xF8,
    0x67, 0xF9, 0x67, 0xF8, 0x67, 0xF8, 0x67, 0xF9,
    0x67, 0xF9, 0x68, 0xF9, 0x67, 0xF9, 0x67, 0xF9,
    0x67, 0xF9, 0x67, 0xF9, 0x67, 0xF9, 0x68, 0xF9,
    0x68, 0xF8, 0x68, 0xF9, 0x68, 0xF9, 0x67, 0xF9,
    0x68, 0xF9, 0x67, 0xF8, 0x67, 0xF9, 0x67, 0xF8,
    0x67, 0xF8, 0x68, 0xF9, 0x68, 0xF8, 0x68, 0xF8,
    0xEF, 0xFE, 0xEF, 0xFE, 0xEF, 0xFE, 0xEF, 0xFE,
    0xCC, 0xFB, 0xEE, 0xFD, 0xDD, 0xFB, 0xEE, 0xFD,
    0x56, 0xF5, 0x35, 0xF6, 0x26, 0xF5, 0x38, 0xF6,
    0x37, 0xF6, 0xAC, 0xFC, 0xCD, 0xFD, 0x78, 0xF9,
    0xDF, 0xFF, 0xEF, 0xFF, 0xEF, 0xFF, 0xAB, 0xF9,
    0xAA, 0xF9, 0x99, 0xF7, 0x88, 0xF6, 0x88, 0xF6,
    0x77, 0xF6, 0x99, 0xF8, 0xAA, 0xF9, 0x77, 0xF6,
    0xBB, 0xFB, 0x78, 0xF7, 0x99, 0xF8, 0xAA, 0xF9,
    0x44, 0xF2, 0x54, 0xF3, 0x44, 0xF2, 0x66, 0xF4,
    0x44, 0xF2, 0x44, 0xF2, 0x65, 0xF4, 0x76, 0xF5,
    0x65, 0xF4, 0x87, 0xF6, 0x99, 0xF7, 0x88, 0xF6,
    0x66, 0xF5, 0x11, 0xF1, 0x55, 0xF6, 0x33, 0xF4,
    0x21, 0xF2, 0x32, 0xF2, 0x32, 0xF2, 0x54, 0xF4,
    0x33, 0xF3, 0x22, 0xF2, 0x78, 0xF8, 0x78, 0xF7,
    0x77, 0xF6, 0x66, 0xF4, 0x77, 0xF6, 0x76, 0xF6,
    0x88, 0xF7, 0x77, 0xF6, 0x78, 0xF7, 0x67, 0xF6,
    0x55, 0xF5, 0x55, 0xF5, 0x66, 0xF7, 0x56, 0xF6,
    0x55, 0xF6, 0x67, 0xF8, 0x8A, 0xFA, 0x8A, 0xF9,
    0x8A, 0xF9, 0xEF, 0xFE, 0xDE, 0xFD, 0x44, 0xF4,
    0xDE, 0xFD, 0xDF, 0xFE, 0x47, 0xF6, 0x9C, 0xFB,
    0xAB, 0xFA, 0x99, 0xF9, 0xBB, 0xFA, 0xAB, 0xFA,
    0xAB, 0xFA, 0xBB, 0xFB, 0xBB, 0xFB, 0xCD, 0xFC,
    0xBC, 0xFB, 0xAB, 0xFB, 0xBC, 0xFB, 0x89, 0xF8,
    0x66, 0xF6, 0x66, 0xF5, 0x78, 0xF6, 0x88, 0xF7,
    0x88, 0xF7, 0x88, 0xF7, 0xCD, 0xFC, 0xCD, 0xFD,
    0xCD, 0xFD, 0xEF, 0xFF, 0x9A, 0xFA, 0xEF, 0xFE,
    0x88, 0xF8, 0x67, 0xF7, 0xBC, 0xFB, 0x78, 0xF8,
    0x66, 0xF6, 0x99, 0xF8, 0xAA, 0xF8, 0x89, 0xF7,
    0xAA, 0xF9, 0xAA, 0xF8, 0xAA, 0xF8, 0xAA, 0xF8,
    0xAB, 0xF8, 0xAB, 0xF8, 0xAA, 0xF8, 0xAB, 0xF9,
    0xBC, 0xFB, 0xCD, 0xFD, 0xAB, 0xFB, 0xAB, 0xFB,
    0xBC, 0xFC, 0xBD, 0xFD, 0xBC, 0xFD, 0xBC, 0xFD,
    0xBD, 0xFD, 0xBD, 0xFD, 0xBC, 0xFC, 0xAB, 0xFB,
    0x9A, 0xF9, 0xAA, 0xF9, 0xAB, 0xFA, 0xCD, 0xFC,
    0xCD, 0xFC, 0xBC, 0xFB, 0x9A, 0xF9, 0xBB, 0xFA,
    0xAB, 0xF9, 0xCC, 0xFA, 0x99, 0xF8, 0xBB, 0xFB,
    0xBC, 0xFC, 0xAB, 0xFB, 0xBC, 0xFB, 0xBA, 0xFA,
    0x9A, 0xFA, 0xEE, 0xFE, 0x77, 0xF7, 0x88, 0xF7,
    0x87, 0xF6, 0xDD, 0xFA, 0xEF, 0xFC, 0xBB, 0xFA,
    0xBB, 0xFA, 0x89, 0xF8, 0x45, 0xF4, 0x89, 0xF9,
    0xCD, 0xFE, 0x67, 0xF8, 0x99, 0xFA, 0xBC, 0xFD,
    0x99, 0xF9, 0xAB, 0xFA, 0xEF, 0xFF, 0xEF, 0xFE,
    0xEF, 0xFF, 0xEF, 0xFF, 0xCD, 0xFC, 0xDE, 0xFE,
    0xDE, 0xFD, 0xEF, 0xFE, 0xEF, 0xFE, 0xEF, 0xFE,
    0xEF, 0xFE, 0xEF, 0xFE, 0xEF, 0xFE, 0xEF, 0xFE,
    0xEF, 0xFF, 0xAA, 0xFA, 0x89, 0xF9, 0xDE, 0xFE,
    0xEF, 0xFE, 0xDD, 0xFC, 0xDE, 0xFC, 0xEF, 0xFD,
    0xCD, 0xFC, 0xCC, 0xFB, 0xDE, 0xFC, 0xBC, 0xFA,
    0xBB, 0xF9, 0xBB, 0xF9, 0xAA, 0xF8, 0xBB, 0xF9,
    0xAA, 0xF8, 0xBB, 0xF8, 0x99, 0xF7, 0x99, 0xF7,
    0xCC, 0xFA, 0xEE, 0xFD, 0x77, 0xF6, 0xEF, 0xFE,
    0xEF, 0xFF, 0x89, 0xFA, 0x88, 0xFA, 0x88, 0xFA,
    0x89, 0xFB, 0x78, 0xF9, 0x11, 0xF2, 0x22, 0xF2,
    0x23, 0xF2, 0x67, 0xF9, 0x57, 0xFB, 0x57, 0xFA,
    0x34, 0xF6, 0x55, 0xF7, 0x45, 0xF8, 0x68, 0xFA,
    0x68, 0xFA, 0x46, 0xF8, 0x12, 0xF3, 0x22, 0xF2,
    0x22, 0xF2, 0x22, 0xF2, 0x12, 0xF2, 0x56, 0xF6,
    0x67, 0xF8, 0x56, 0xF8, 0x56, 0xF7, 0x57, 0xF8,
    0x67, 0xF9, 0x67, 0xF9, 0x67, 0xF8, 0x68, 0xF9,
    0x67, 0xF9, 0x68, 0xF9, 0x67, 0xF8, 0x68, 0xF9,
    0x78, 0xF9, 0x67, 0xF9, 0x67, 0xF9, 0x68, 0xF9,
    0x68, 0xF8, 0x68, 0xF8, 0x68, 0xF9, 0x67, 0xF9,
    0x68, 0xF9, 0x67, 0xF9, 0x67, 0xF9, 0x67, 0xF9,
    0x67, 0xF9, 0x68, 0xF9, 0x68, 0xF8, 0x68, 0xF9,
    0xEF, 0xFE, 0xEF, 0xFE, 0xEF, 0xFF, 0xEE, 0xFD,
    0xBB, 0xFA, 0xEE, 0xFD, 0xDD, 0xFC, 0xDE, 0xFD,
    0x34, 0xF3, 0x67, 0xF7, 0xCD, 0xFD, 0x9B, 0xFA,
    0xBD, 0xFC, 0xEF, 0xFF, 0xDE, 0xFE, 0x89, 0xF9,
    0xDE, 0xFE, 0xEF, 0xFF, 0xEF, 0xFE, 0xAB, 0xF9,
    0xDE, 0xFC, 0xCC, 0xFA, 0xAB, 0xF9, 0x56, 0xF4,
    0x67, 0xF5, 0x78, 0xF7, 0xAA, 0xF9, 0x67, 0xF6,
    0x88, 0xF7, 0x99, 0xF8, 0x99, 0xF8, 0x99, 0xF8,
    0x55, 0xF4, 0x66, 0xF4, 0x66, 0xF4, 0x66, 0xF5,
    0x65, 0xF4, 0x65, 0xF4, 0x55, 0xF3, 0x54, 0xF3,
    0x77, 0xF5, 0x88, 0xF6, 0xAA, 0xF8, 0x89, 0xF6,
    0xAA, 0xF9, 0x45, 0xF4, 0x44, 0xF5, 0x33, 0xF4,
    0x30, 0xF1, 0x31, 0xF1, 0x30, 0xF0, 0x30, 0xF0,
    0x20, 0xF0, 0x21, 0xF2, 0x66, 0xF7, 0x77, 0xF7,
    0x77, 0xF6, 0x65, 0xF5, 0x77, 0xF6, 0x88, 0xF8,
    0x88, 0xF7, 0x67, 0xF6, 0x89, 0xF8, 0x78, 0xF7,
    0x45, 0xF4, 0x33, 0xF4, 0x22, 0xF3, 0x12, 0xF2,
    0x35, 0xF5, 0x68, 0xF8, 0x36, 0xF5, 0x36, 0xF5,
    0x79, 0xF8, 0xDE, 0xFE, 0xDE, 0xFD, 0x44, 0xF4,
    0xCD, 0xFC, 0xCE, 0xFD, 0x36, 0xF5, 0x6A, 0xF9,
    0x36, 0xF4, 0x67, 0xF6, 0xAA, 0xF9, 0x88, 0xF8,
    0x88, 0xF8, 0x88, 0xF8, 0xAA, 0xFA, 0xBB, 0xFB,
    0x78, 0xF7, 0x78, 0xF8, 0x78, 0xF7, 0x89, 0xF8,
    0x88, 0xF8, 0x66, 0xF5, 0x77, 0xF6, 0x77, 0xF5,
    0x88, 0xF7, 0x77, 0xF6, 0xBC, 0xFC, 0xDE, 0xFD,
    0xCD, 0xFC, 0xEF, 0xFF, 0xAB, 0xFA, 0xEF, 0xFE,
    0xAA, 0xF9, 0xAA, 0xFA, 0x9A, 0xFA, 0x78, 0xF8,
    0x76, 0xF6, 0x98, 0xF7, 0x88, 0xF7, 0x77, 0xF6,
    0x89, 0xF7, 0xAA, 0xF8, 0xAA, 0xF8, 0x99, 0xF6,
    0x9A, 0xF7, 0xAA, 0xF7, 0xAA, 0xF8, 0xBC, 0xFA,
    0xAB, 0xFA, 0x9A, 0xF9, 0xCD, 0xFD, 0x9A, 0xFA,
    0xAB, 0xFC, 0xAC, 0xFD, 0xAB, 0xFD, 0xAC, 0xFC,
    0xBC, 0xFD, 0xAB, 0xFB, 0x99, 0xF9, 0x88, 0xF8,
    0x78, 0xF6, 0xAB, 0xF9, 0xBB, 0xF9, 0xBB, 0xFA,
    0xAA, 0xF9, 0xAA, 0xF9, 0xBB, 0xF9, 0xBB, 0xF9,
    0xAA, 0xF8, 0xAA, 0xF8, 0xBB, 0xFA, 0xCC, 0xFB,
    0xAA, 0xFA, 0xAB, 0xFA, 0xCC, 0xFB, 0xBA, 0xFA,
    0x66, 0xF6, 0xCD, 0xFD, 0x78, 0xF8, 0x33, 0xF3,
    0x76, 0xF5, 0xDD, 0xFA, 0xBC, 0xF8, 0xCD, 0xFA,
    0xAB, 0xF9, 0x78, 0xF7, 0x66, 0xF6, 0x89, 0xF9,
    0xDE, 0xFE, 0xBC, 0xFC, 0x56, 0xF6, 0x9A, 0xFA,
    0xDE, 0xFE, 0x88, 0xF8, 0xBC, 0xFC, 0xAB, 0xFB,
    0x67, 0xF7, 0x78, 0xF8, 0x89, 0xF8, 0xEF, 0xFE,
    0xEF, 0xFE, 0xEF, 0xFE, 0xEF, 0xFE, 0xEF, 0xFE,
    0xEF, 0xFE, 0xEF, 0xFE, 0xEF, 0xFE, 0xEF, 0xFE,
    0xEF, 0xFF, 0x9A, 0xFA, 0x9A, 0xF9, 0xDE, 0xFE,
    0xEF, 0xFF, 0xBB, 0xFB, 0xDD, 0xFC, 0xCD, 0xFB,
    0xAB, 0xF9, 0xBB, 0xFA, 0xEE, 0xFC, 0xAA, 0xF8,
    0x99, 0xF7, 0xAA, 0xF8, 0xAA, 0xF8, 0xA9, 0xF7,
    0xAA, 0xF7, 0xAA, 0xF7, 0xAA, 0xF7, 0xAA, 0xF8,
    0xBB, 0xF9, 0xCC, 0xFB, 0x66, 0xF5, 0xDE, 0xFD,
    0xEF, 0xFF, 0x89, 0xFA, 0x78, 0xFA, 0x78, 0xFB,
    0x89, 0xFB, 0x78, 0xF9, 0x11, 0xF2, 0x12, 0xF2,
    0x13, 0xF3, 0x57, 0xFA, 0x57, 0xFC, 0x68, 0xFB,
    0x56, 0xF9, 0x66, 0xF9, 0x67, 0xF9, 0x68, 0xFA,
    0x68, 0xFA, 0x56, 0xF8, 0x22, 0xF3, 0x22, 0xF2,
    0x22, 0xF2, 0x22, 0xF2, 0x22, 0xF2, 0x56, 0xF6,
    0x67, 0xF8, 0x56, 0xF8, 0x46, 0xF7, 0x57, 0xF8,
    0x67, 0xF8, 0x67, 0xF9, 0x57, 0xF8, 0x67, 0xF9,
    0x67, 0xF9, 0x68, 0xF9, 0x68, 0xF9, 0x78, 0xF9,
    0x67, 0xF9, 0x67, 0xF8, 0x67, 0xF9, 0x67, 0xF8,
    0x67, 0xF8, 0x67, 0xF8, 0x68, 0xF9, 0x68, 0xF9,
    0x68, 0xF9, 0x68, 0xF9, 0x67, 0xF9, 0x57, 0xF8,
    0x67, 0xF9, 0x67, 0xF9, 0x68, 0xF9, 0x68, 0xF9,
    0xEF, 0xFF, 0xEF, 0xFF, 0xEF, 0xFE, 0xEE, 0xFD,
    0xCC, 0xFB, 0xEE, 0xFC, 0xEE, 0xFD, 0xDE, 0xFC,
    0x34, 0xF3, 0x89, 0xFA, 0xEF, 0xFF, 0xAB, 0xFB,
    0xEF, 0xFE, 0xEF, 0xFF, 0xDE, 0xFE, 0x9A, 0xFA,
    0xEF, 0xFF, 0xEF, 0xFF, 0xEF, 0xFE, 0xBC, 0xFA,
    0xEE, 0xFC, 0xBC, 0xFA, 0x88, 0xF7, 0x67, 0xF5,
    0x99, 0xF8, 0xCC, 0xFB, 0x99, 0xF9, 0x67, 0xF6,
    0x67, 0xF6, 0xDE, 0xFD, 0xBC, 0xF9, 0xBB, 0xF9,
    0x88, 0xF5, 0x76, 0xF4, 0x98, 0xF6, 0x76, 0xF5,
    0x87, 0xF5, 0x87, 0xF5, 0x87, 0xF5, 0x87, 0xF5,
    0x98, 0xF6, 0xBB, 0xF8, 0xAA, 0xF8, 0x99, 0xF7,
    0x44, 0xF2, 0x21, 0xF1, 0x54, 0xF3, 0x96, 0xF5,
    0xA6, 0xF5, 0xA6, 0xF5, 0xA5, 0xF4, 0xA6, 0xF5,
    0xA6, 0xF5, 0x97, 0xF7, 0x77, 0xF7, 0x67, 0xF8,
    0x65, 0xF6, 0x76, 0xF6, 0x66, 0xF5, 0x87, 0xF8,
    0x78, 0xF8, 0x89, 0xF8, 0x78, 0xF7, 0x78, 0xF7,
    0x45, 0xF5, 0x01, 0xF2, 0x11, 0xF2, 0x11, 0xF2,
    0x45, 0xF5, 0x57, 0xF7, 0x26, 0xF5, 0x26, 0xF5,
    0x8A, 0xF9, 0xEF, 0xFF, 0xEF, 0xFE, 0x55, 0xF4,
    0xEE, 0xFE, 0xDF, 0xFE, 0x37, 0xF6, 0x8C, 0xFB,
    0x25, 0xF4, 0x78, 0xF8, 0xAB, 0xFB, 0x99, 0xF9,
    0x89, 0xFA, 0x99, 0xFA, 0xAA, 0xFB, 0xCC, 0xFC,
    0x89, 0xF9, 0x9A, 0xFA, 0xDE, 0xFE, 0xAB, 0xFB,
    0x99, 0xF8, 0x88, 0xF7, 0x88, 0xF6, 0x77, 0xF6,
    0x77, 0xF6, 0x77, 0xF6, 0xBC, 0xFB, 0xDE, 0xFD,
    0xDE, 0xFD, 0xEF, 0xFF, 0xEF, 0xFE, 0xEF, 0xFF,
    0x99, 0xF8, 0xCC, 0xFB, 0x99, 0xF9, 0x77, 0xF7,
    0x99, 0xF8, 0x99, 0xF8, 0x78, 0xF7, 0x89, 0xF7,
    0x78, 0xF6, 0xAA, 0xF9, 0xAA, 0xF8, 0x89, 0xF6,
    0x99, 0xF7, 0x99, 0xF6, 0xAA, 0xF7, 0xBB, 0xF8,
    0xBC, 0xFA, 0x89, 0xF8, 0x9A, 0xFA, 0x8A, 0xFA,
    0x9A, 0xFB, 0xAB, 0xFC, 0xAB, 0xFC, 0xAB, 0xFB,
    0xAB, 0xFB, 0x78, 0xF8, 0x78, 0xF8, 0x77, 0xF6,
    0x66, 0xF5, 0x89, 0xF6, 0xBB, 0xF9, 0xBB, 0xFA,
    0x99, 0xF7, 0x99, 0xF7, 0x99, 0xF7, 0x9A, 0xF7,
    0xAA, 0xF8, 0x99, 0xF8, 0xAA, 0xF9, 0xCC, 0xFB,
    0xAA, 0xF8, 0x22, 0xF1, 0xCC, 0xFB, 0x88, 0xF8,
    0x66, 0xF6, 0xDE, 0xFE, 0x46, 0xF6, 0x11, 0xF1,
    0x76, 0xF5, 0xDD, 0xFB, 0xCD, 0xFA, 0x78, 0xF6,
    0x11, 0xF0, 0x01, 0xF0, 0x67, 0xF7, 0x9A, 0xFA,
    0xEF, 0xFF, 0xDF, 0xFE, 0x79, 0xF8, 0xCC, 0xFC,
    0xEF, 0xFF, 0xDE, 0xFD, 0xEF, 0xFE, 0xCD, 0xFD,
    0x44, 0xF4, 0xBB, 0xFB, 0x78, 0xF7, 0xEF, 0xFF,
    0xEF, 0xFE, 0xEF, 0xFE, 0xEF, 0xFE, 0xEF, 0xFE,
    0xEF, 0xFE, 0xEF, 0xFE, 0xEF, 0xFE, 0xEF, 0xFE,
    0xEF, 0xFF, 0xAB, 0xFB, 0xAB, 0xFB, 0xEF, 0xFE,
    0xEF, 0xFE, 0xBC, 0xFB, 0xCC, 0xFB, 0xBB, 0xF9,
    0x99, 0xF7, 0x9A, 0xF8, 0xDE, 0xFC, 0xAA, 0xF8,
    0xAA, 0xF8, 0xA9, 0xF8, 0x88, 0xF7, 0x66, 0xF5,
    0x99, 0xF7, 0xAA, 0xF8, 0x99, 0xF6, 0xBB, 0xF9,
    0xAA, 0xF8, 0xBB, 0xF9, 0x67, 0xF5, 0xCD, 0xFC,
    0xEF, 0xFF, 0x89, 0xFA, 0x89, 0xFA, 0x89, 0xFB,
    0x89, 0xFB, 0x78, 0xF9, 0x11, 0xF2, 0x12, 0xF1,
    0x12, 0xF3, 0x45, 0xF8, 0x35, 0xF9, 0x23, 0xF8,
    0x67, 0xFB, 0x67, 0xFA, 0x68, 0xFB, 0x57, 0xFB,
    0x68, 0xFB, 0x46, 0xF8, 0x12, 0xF3, 0x22, 0xF3,
    0x22, 0xF2, 0x22, 0xF2, 0x22, 0xF2, 0x56, 0xF7,
    0x67, 0xF8, 0x57, 0xF8, 0x56, 0xF7, 0x57, 0xF8,
    0x67, 0xF9, 0x67, 0xF9, 0x67, 0xF9, 0x67, 0xF9,
    0x67, 0xF8, 0x68, 0xF9, 0x67, 0xF9, 0x68, 0xF9,
    0x67, 0xF9, 0x67, 0xF8, 0x68, 0xF9, 0x67, 0xF8,
    0x67, 0xF8, 0x67, 0xF8, 0x68, 0xF9, 0x67, 0xF8,
    0x67, 0xF9, 0x67, 0xF9, 0x67, 0xF9, 0x57, 0xF8,
    0x67, 0xF9, 0x67, 0xF9, 0x67, 0xF8, 0x68, 0xF9,
    0xEF, 0xFF, 0xEF, 0xFF, 0xEF, 0xFE, 0xEE, 0xFD,
    0xCC, 0xFB, 0xEE, 0xFD, 0xEF, 0xFD, 0xDE, 0xFD,
    0x34, 0xF3, 0x9A, 0xFB, 0xEF, 0xFF, 0xBB, 0xFA,
    0xEF, 0xFE, 0xEF, 0xFF, 0xEF, 0xFE, 0x89, 0xF9,
    0xEF, 0xFE, 0xEF, 0xFF, 0xCD, 0xFB, 0xBB, 0xF9,
    0xCC, 0xFA, 0xBB, 0xF9, 0xBC, 0xFA, 0x77, 0xF6,
    0xBB, 0xFA, 0x99, 0xF8, 0xCD, 0xFC, 0x78, 0xF7,
    0x66, 0xF6, 0xBB, 0xFA, 0x9A, 0xF8, 0x9A, 0xF7,
    0xBB, 0xF8, 0x99, 0xF6, 0xAA, 0xF8, 0x87, 0xF5,
    0x86, 0xF5, 0x98, 0xF6, 0x98, 0xF6, 0xBA, 0xF7,
    0xBA, 0xF7, 0xA9, 0xF6, 0xAA, 0xF8, 0x89, 0xF7,
    0x44, 0xF3, 0x21, 0xF0, 0x64, 0xF3, 0xB7, 0xF5,
    0xC6, 0xF4, 0xB6, 0xF5, 0xB6, 0xF5, 0xB7, 0xF5,
    0xB6, 0xF5, 0xA8, 0xF7, 0x87, 0xF8, 0x67, 0xF8,
    0x66, 0xF6, 0x77, 0xF6, 0x76, 0xF6, 0x88, 0xF8,
    0x89, 0xF8, 0x78, 0xF7, 0x88, 0xF8, 0x67, 0xF7,
    0x45, 0xF6, 0x23, 0xF4, 0x01, 0xF2, 0x11, 0xF1,
    0x67, 0xF6, 0x67, 0xF7, 0x27, 0xF5, 0x37, 0xF6,
    0x8A, 0xFA, 0xEF, 0xFF, 0xEF, 0xFE, 0x55, 0xF4,
    0xEF, 0xFE, 0xDF, 0xFE, 0x37, 0xF6, 0x8D, 0xFB,
    0x26, 0xF5, 0x79, 0xF8, 0xAA, 0xFA, 0x89, 0xF9,
    0x89, 0xFA, 0x89, 0xF9, 0xAA, 0xFA, 0xCC, 0xFC,
    0x99, 0xF9, 0xDE, 0xFE, 0xEF, 0xFF, 0xBC, 0xFC,
    0xBC, 0xFA, 0x99, 0xF7, 0x66, 0xF4, 0xAA, 0xF9,
    0x99, 0xF9, 0x88, 0xF8, 0x99, 0xF9, 0xCD, 0xFC,
    0xCD, 0xFC, 0xCC, 0xFC, 0xDE, 0xFE, 0xCC, 0xFC,
    0xAA, 0xF9, 0x88, 0xF7, 0x88, 0xF7, 0x88, 0xF7,
    0x88, 0xF7, 0x88, 0xF7, 0x99, 0xF8, 0x89, 0xF8,
    0x56, 0xF5, 0x89, 0xF7, 0xBB, 0xFA, 0x88, 0xF6,
    0x9A, 0xF8, 0x88, 0xF7, 0x99, 0xF7, 0xAB, 0xF8,
    0xBC, 0xF9, 0x67, 0xF5, 0x78, 0xF7, 0x89, 0xF9,
    0xAC, 0xFC, 0x67, 0xF7, 0x89, 0xF9, 0x79, 0xF9,
    0x78, 0xF7, 0x57, 0xF6, 0x56, 0xF5, 0x45, 0xF4,
    0x45, 0xF3, 0x9A, 0xF8, 0x99, 0xF7, 0xAA, 0xF8,
    0xAB, 0xF9, 0x78, 0xF6, 0x89, 0xF6, 0x78, 0xF5,
    0x77, 0xF6, 0x88, 0xF6, 0x9A, 0xF9, 0xDE, 0xFC,
    0xDD, 0xFA, 0xCC, 0xF9, 0xCC, 0xFA, 0xCD, 0xFB,
    0x9A, 0xFA, 0xEF, 0xFF, 0x57, 0xF7, 0x11, 0xF2,
    0x76, 0xF5, 0xDD, 0xFB, 0xDE, 0xFB, 0x89, 0xF7,
    0x10, 0xF0, 0x00, 0xF0, 0x66, 0xF6, 0xAB, 0xFA,
    0xEF, 0xFE, 0xDE, 0xFD, 0xAB, 0xFA, 0xCC, 0xFC,
    0xEF, 0xFE, 0xCD, 0xFC, 0xEF, 0xFE, 0xBC, 0xFC,
    0x56, 0xF6, 0x9A, 0xFA, 0x88, 0xF8, 0xEF, 0xFF,
    0xDE, 0xFE, 0xBC, 0xFC, 0xDE, 0xFE, 0xEF, 0xFE,
    0xEF, 0xFE, 0xEF, 0xFE, 0xEF, 0xFE, 0xEF, 0xFE,
    0xEF, 0xFF, 0xBC, 0xFC, 0xAB, 0xFB, 0xEF, 0xFF,
    0xEF, 0xFE, 0x88, 0xF7, 0xCC, 0xFA, 0xAA, 0xF8,
    0xAA, 0xF8, 0x99, 0xF7, 0xDE, 0xFC, 0x88, 0xF7,
    0x88, 0xF7, 0x66, 0xF5, 0x56, 0xF5, 0xBB, 0xFA,
    0x89, 0xF8, 0x77, 0xF6, 0x9A, 0xF8, 0x88, 0xF7,
    0x99, 0xF8, 0xAA, 0xF9, 0x77, 0xF6, 0xCD, 0xFC,
    0xEF, 0xFF, 0x89, 0xF9, 0x78, 0xF9, 0x88, 0xFA,
    0x88, 0xFA, 0x78, 0xF9, 0x11, 0xF2, 0x12, 0xF1,
    0x23, 0xF3, 0x56, 0xFA, 0x56, 0xFB, 0x45, 0xFA,
    0x45, 0xFA, 0x57, 0xFB, 0x45, 0xFA, 0x56, 0xFB,
    0x35, 0xF9, 0x56, 0xF8, 0x12, 0xF3, 0x12, 0xF3,
    0x12, 0xF2, 0x12, 0xF2, 0x12, 0xF2, 0x56, 0xF6,
    0x57, 0xF8, 0x46, 0xF7, 0x56, 0xF8, 0x56, 0xF8,
    0x67, 0xF9, 0x67, 0xF9, 0x67, 0xF8, 0x67, 0xF9,
    0x67, 0xF9, 0x67, 0xF9, 0x67, 0xF9, 0x68, 0xF9,
    0x67, 0xF8, 0x67, 0xF8, 0x67, 0xF8, 0x67, 0xF8,
    0x67, 0xF8, 0x68, 0xF9, 0x68, 0xF9, 0x68, 0xF9,
    0x67, 0xF9, 0x68, 0xF9, 0x67, 0xF9, 0x67, 0xF8,
    0x67, 0xF8, 0x67, 0xF9, 0x67, 0xF9, 0x67, 0xF8,
    0xEF, 0xFF, 0xEF, 0xFF, 0xEF, 0xFE, 0xDE, 0xFD,
    0xCC, 0xFB, 0xEE, 0xFD, 0xEF, 0xFE, 0xDE, 0xFD,
    0x34, 0xF3, 0xAA, 0xFB, 0xEF, 0xFF, 0xBB, 0xFA,
    0xEF, 0xFE, 0xEF, 0xFF, 0xEF, 0xFE, 0x89, 0xF9,
    0xDE, 0xFD, 0xDE, 0xFD, 0xCD, 0xFB, 0x89, 0xF7,
    0x77, 0xF5, 0x9A, 0xF8, 0x88, 0xF7, 0x88, 0xF7,
    0x99, 0xF8, 0xAA, 0xF9, 0xBB, 0xFA, 0x99, 0xF8,
    0x67, 0xF5, 0xBC, 0xFB, 0xAB, 0xF9, 0xCD, 0xFB,
    0x77, 0xF5, 0x88, 0xF5, 0xAA, 0xF8, 0x87, 0xF5,
    0xA8, 0xF6, 0x98, 0xF5, 0xA9, 0xF6, 0x98, 0xF5,
    0x98, 0xF5, 0x97, 0xF5, 0x99, 0xF7, 0x99, 0xF8,
    0xAA, 0xF9, 0x54, 0xF4, 0x53, 0xF3, 0xA5, 0xF4,
    0xB5, 0xF3, 0xA6, 0xF3, 0xA6, 0xF4, 0xA6, 0xF4,
    0xB7, 0xF5, 0xA9, 0xF8, 0xAA, 0xFA, 0x89, 0xF9,
    0xAB, 0xFB, 0x76, 0xF6, 0x77, 0xF6, 0x9A, 0xF9,
    0xBB, 0xFB, 0xAB, 0xFB, 0x78, 0xF8, 0x9A, 0xF9,
    0x78, 0xF8, 0x56, 0xF6, 0x55, 0xF5, 0x45, 0xF5,
    0x78, 0xF8, 0xBD, 0xFC, 0x57, 0xF6, 0x7A, 0xF9,
    0x89, 0xF9, 0xEF, 0xFF, 0xEE, 0xFE, 0x44, 0xF4,
    0xEF, 0xFE, 0xDF, 0xFE, 0x37, 0xF6, 0x9D, 0xFC,
    0x8A, 0xF9, 0x78, 0xF7, 0xEE, 0xFE, 0xEF, 0xFF,
    0xEF, 0xFF, 0xEF, 0xFF, 0xCD, 0xFD, 0xEF, 0xFE,
    0xEF, 0xFF, 0xEF, 0xFF, 0xEF, 0xFF, 0xDE, 0xFD,
    0xDE, 0xFC, 0xCC, 0xFA, 0x99, 0xF7, 0xDE, 0xFD,
    0xBC, 0xFB, 0x9A, 0xFA, 0xBB, 0xFB, 0xDE, 0xFE,
    0xCD, 0xFC, 0xAB, 0xFA, 0xEF, 0xFE, 0xDE, 0xFD,
    0x99, 0xF8, 0x87, 0xF6, 0x99, 0xF8, 0x9A, 0xF8,
    0x88, 0xF7, 0x99, 0xF8, 0x88, 0xF6, 0x99, 0xF7,
    0x89, 0xF7, 0xCC, 0xFA, 0xAA, 0xF8, 0xBB, 0xF9,
    0x99, 0xF7, 0xAA, 0xF9, 0xAA, 0xF8, 0xBC, 0xF9,
    0xBC, 0xFA, 0x56, 0xF4, 0x34, 0xF3, 0x67, 0xF6,
    0x56, 0xF5, 0x24, 0xF2, 0x56, 0xF5, 0x67, 0xF6,
    0x34, 0xF2, 0x45, 0xF3, 0x34, 0xF2, 0x45, 0xF3,
    0x34, 0xF2, 0x45, 0xF3, 0x67, 0xF5, 0x89, 0xF7,
    0x9A, 0xF8, 0x68, 0xF6, 0x78, 0xF6, 0x67, 0xF4,
    0x78, 0xF6, 0xAA, 0xF9, 0xAB, 0xF9, 0xCD, 0xFA,
    0xCC, 0xF9, 0xCD, 0xF9, 0xCC, 0xF8, 0xCC, 0xFA,
    0x77, 0xF7, 0x67, 0xF7, 0x24, 0xF4, 0x11, 0xF2,
    0x76, 0xF5, 0xDD, 0xFA, 0xAB, 0xF8, 0xAB, 0xF8,
    0x77, 0xF6, 0x66, 0xF6, 0x66, 0xF5, 0xBB, 0xFB,
    0xEF, 0xFF, 0xEF, 0xFF, 0xBB, 0xFB, 0xBB, 0xFB,
    0xEF, 0xFF, 0xCD, 0xFC, 0xEF, 0xFF, 0x89, 0xF9,
    0x34, 0xF5, 0x89, 0xF9, 0x78, 0xF8, 0xBC, 0xFD,
    0xAB, 0xFB, 0x46, 0xF6, 0xDE, 0xFD, 0xEF, 0xFE,
    0xEF, 0xFE, 0xEF, 0xFE, 0xEF, 0xFE, 0xEF, 0xFE,
    0xEF, 0xFE, 0x9A, 0xFB, 0x57, 0xF7, 0xDF, 0xFE,
    0xBC, 0xFB, 0x55, 0xF4, 0xBC, 0xFA, 0x55, 0xF3,
    0x67, 0xF5, 0xBC, 0xFA, 0xDE, 0xFC, 0x77, 0xF6,
    0xAA, 0xF9, 0xAB, 0xFA, 0x9A, 0xF9, 0xAA, 0xFA,
    0x9A, 0xF9, 0xDE, 0xFE, 0xDE, 0xFD, 0xDE, 0xFD,
    0xDE, 0xFD, 0xEF, 0xFE, 0xDD, 0xFC, 0xEF, 0xFE,
    0xEF, 0xFF, 0xDE, 0xFD, 0xDE, 0xFE, 0xDE, 0xFE,
    0xDE, 0xFE, 0xAB, 0xFB, 0x11, 0xF1, 0x12, 0xF2,
    0x23, 0xF4, 0x67, 0xFB, 0x34, 0xF9, 0x56, 0xFB,
    0x23, 0xF9, 0x35, 0xF9, 0x34, 0xF9, 0x24, 0xF9,
    0x57, 0xFB, 0x68, 0xF9, 0xBC, 0xFC, 0xBC, 0xFC,
    0xCC, 0xFC, 0xBC, 0xFC, 0xBC, 0xFC, 0x88, 0xF9,
    0x56, 0xF8, 0x56, 0xF8, 0x56, 0xF8, 0x57, 0xF8,
    0x67, 0xF9, 0x67, 0xF9, 0x67, 0xF9, 0x67, 0xF9,
    0x67, 0xF9, 0x68, 0xF9, 0x68, 0xF9, 0x68, 0xF9,
    0x68, 0xF9, 0x68, 0xF9, 0x67, 0xF9, 0x68, 0xF9,
    0x67, 0xF8, 0x68, 0xF9, 0x68, 0xF9, 0x68, 0xF9,
    0x67, 0xF9, 0x68, 0xF9, 0x68, 0xF9, 0x67, 0xF8,
    0x67, 0xF8, 0x67, 0xF8, 0x67, 0xF8, 0x67, 0xF9,
    0xEF, 0xFF, 0xEF, 0xFF, 0xEF, 0xFE, 0xDE, 0xFD,
    0xCC, 0xFB, 0xEE, 0xFD, 0xEF, 0xFE, 0xDE, 0xFD,
    0x34, 0xF4, 0xAB, 0xFB, 0xEF, 0xFF, 0xBC, 0xFB,
    0xCD, 0xFC, 0xCD, 0xFD, 0xDE, 0xFD, 0xCD, 0xFC,
    0xCD, 0xFD, 0xBC, 0xFB, 0x9A, 0xF8, 0x89, 0xF7,
    0x9A, 0xF9, 0x99, 0xF9, 0x99, 0xF9, 0x77, 0xF6,
    0xDD, 0xFC, 0xBB, 0xFA, 0x89, 0xF7, 0xBB, 0xFA,
    0x99, 0xF8, 0xBC, 0xFA, 0xAB, 0xF9, 0xCD, 0xFB,
    0x55, 0xF3, 0x77, 0xF5, 0x99, 0xF6, 0x76, 0xF4,
    0x98, 0xF5, 0x98, 0xF5, 0x99, 0xF5, 0xA9, 0xF6,
    0x99, 0xF6, 0x98, 0xF5, 0x87, 0xF5, 0x99, 0xF8,
    0x44, 0xF3, 0x33, 0xF3, 0x54, 0xF4, 0xA7, 0xF6,
    0xB7, 0xF4, 0xB7, 0xF5, 0xC9, 0xF8, 0xB7, 0xF5,
    0xB7, 0xF6, 0xBA, 0xFA, 0xDE, 0xFE, 0xEF, 0xFF,
    0xDE, 0xFD, 0x76, 0xF6, 0xAA, 0xF9, 0xEF, 0xFF,
    0xEF, 0xFF, 0xEF, 0xFF, 0x9A, 0xF9, 0xEF, 0xFF,
    0xEF, 0xFF, 0xEF, 0xFF, 0xEF, 0xFF, 0xEF, 0xFF,
    0xEF, 0xFF, 0xEF, 0xFF, 0xCE, 0xFD, 0xDF, 0xFE,
    0x89, 0xF9, 0xEF, 0xFF, 0xEE, 0xFE, 0x34, 0xF3,
    0xEF, 0xFE, 0xDF, 0xFE, 0x46, 0xF6, 0xBE, 0xFD,
    0xEF, 0xFF, 0xBB, 0xFB, 0xDE, 0xFD, 0xEF, 0xFF,
    0xEF, 0xFF, 0xEF, 0xFE, 0xCD, 0xFC, 0xEF, 0xFE,
    0xEF, 0xFF, 0xEF, 0xFF, 0xEF, 0xFE, 0xAB, 0xFA,
    0xEE, 0xFD, 0xCD, 0xFB, 0xAA, 0xF9, 0xDD, 0xFC,
    0xBC, 0xFB, 0xBC, 0xFC, 0xAB, 0xFA, 0xBC, 0xFB,
    0xCD, 0xFC, 0xCD, 0xFC, 0xBC, 0xFB, 0xBB, 0xFA,
    0x88, 0xF6, 0x99, 0xF7, 0xAA, 0xF9, 0x88, 0xF7,
    0xBB, 0xFA, 0xBB, 0xFA, 0xAA, 0xF9, 0xAA, 0xF8,
    0xBB, 0xFA, 0xBC, 0xFA, 0xBB, 0xF9, 0xBB, 0xF9,
    0x9A, 0xF7, 0x99, 0xF8, 0x99, 0xF7, 0xBC, 0xFA,
    0xCD, 0xFA, 0x56, 0xF4, 0x34, 0xF1, 0x56, 0xF3,
    0x45, 0xF2, 0x34, 0xF1, 0x45, 0xF2, 0x45, 0xF2,
    0x45, 0xF2, 0x45, 0xF2, 0x45, 0xF2, 0x34, 0xF2,
    0x44, 0xF2, 0x45, 0xF2, 0x66, 0xF4, 0x78, 0xF6,
    0x88, 0xF7, 0x77, 0xF6, 0x44, 0xF2, 0x78, 0xF6,
    0x88, 0xF6, 0xCC, 0xFA, 0xCD, 0xFB, 0xAA, 0xF8,
    0xCC, 0xF9, 0xBB, 0xF8, 0xCC, 0xF9, 0xAA, 0xF8,
    0x77, 0xF6, 0x67, 0xF7, 0x34, 0xF5, 0x10, 0xF1,
    0x76, 0xF5, 0xDD, 0xFA, 0xEE, 0xFB, 0xDE, 0xFC,
    0xDE, 0xFC, 0xDD, 0xFD, 0x77, 0xF6, 0xCC, 0xFB,
    0xEF, 0xFF, 0xEF, 0xFF, 0xBB, 0xFB, 0xBC, 0xFB,
    0xEF, 0xFF, 0xCD, 0xFD, 0xDE, 0xFF, 0xBC, 0xFC,
    0x89, 0xFA, 0x9A, 0xFB, 0x78, 0xF9, 0x89, 0xFA,
    0x9A, 0xFB, 0x9A, 0xFB, 0xDE, 0xFE, 0xEF, 0xFF,
    0xEF, 0xFE, 0xEF, 0xFE, 0xEF, 0xFE, 0xEF, 0xFE,
    0xEF, 0xFE, 0x9A, 0xFA, 0x68, 0xF8, 0xEF, 0xFF,
    0xAB, 0xFA, 0x66, 0xF5, 0xBC, 0xFB, 0x44, 0xF2,
    0x56, 0xF4, 0xAB, 0xFA, 0xEF, 0xFE, 0xAA, 0xF9,
    0xBC, 0xFC, 0xBC, 0xFB, 0xBC, 0xFB, 0xDE, 0xFD,
    0xDE, 0xFD, 0xEF, 0xFE, 0xBC, 0xFC, 0xCD, 0xFD,
    0xEF, 0xFE, 0xEF, 0xFE, 0xEF, 0xFE, 0xDE, 0xFD,
    0xEF, 0xFF, 0xDE, 0xFD, 0xCD, 0xFD, 0xCC, 0xFD,
    0xCD, 0xFD, 0xAA, 0xFA, 0x11, 0xF1, 0x12, 0xF2,
    0x23, 0xF4, 0x56, 0xF9, 0x57, 0xFB, 0x57, 0xFB,
    0x67, 0xFC, 0x67, 0xFB, 0x67, 0xFB, 0x57, 0xFB,
    0x57, 0xFA, 0x8A, 0xFA, 0xEF, 0xFF, 0xEF, 0xFF,
    0xEF, 0xFF, 0xEF, 0xFF, 0xEF, 0xFF, 0x9A, 0xFA,
    0x57, 0xF8, 0x57, 0xF8, 0x56, 0xF8, 0x57, 0xF8,
    0x67, 0xF9, 0x67, 0xF9, 0x67, 0xF9, 0x67, 0xF9,
    0x67, 0xF9, 0x68, 0xF9, 0x68, 0xF9, 0x68, 0xF9,
    0x68, 0xF9, 0x68, 0xF9, 0x67, 0xF9, 0x68, 0xF9,
    0x67, 0xF8, 0x68, 0xF9, 0x67, 0xF9, 0x68, 0xF9,
    0x68, 0xF9, 0x68, 0xF9, 0x67, 0xF9, 0x67, 0xF9,
    0x67, 0xF8, 0x67, 0xF8, 0x68, 0xF9, 0x67, 0xF8,
    0xEF, 0xFF, 0xEF, 0xFF, 0xEF, 0xFE, 0xDD, 0xFD,
    0xBB, 0xFA, 0xEE, 0xFD, 0xEE, 0xFD, 0xCE, 0xFD,
    0x36, 0xF5, 0x9B, 0xFB, 0xEF, 0xFF, 0xAB, 0xFB,
    0x68, 0xF7, 0x79, 0xF8, 0x88, 0xF8, 0x88, 0xF9,
    0x89, 0xF9, 0x9A, 0xF9, 0x99, 0xF8, 0x9A, 0xF9,
    0xEF, 0xFF, 0xEF, 0xFF, 0xCD, 0xFD, 0x77, 0xF6,
    0xEF, 0xFF, 0xCD, 0xFC, 0xCD, 0xFB, 0xCC, 0xFA,
    0xBC, 0xFA, 0xBC, 0xFA, 0xBC, 0xF9, 0xAA, 0xF8,
    0x77, 0xF4, 0x88, 0xF6, 0x99, 0xF6, 0xAA, 0xF7,
    0xCB, 0xF8, 0xBB, 0xF7, 0x9A, 0xF6, 0xBB, 0xF8,
    0xBB, 0xF8, 0xBA, 0xF7, 0x88, 0xF6, 0x89, 0xF8,
    0x22, 0xF1, 0x44, 0xF4, 0x54, 0xF4, 0xA7, 0xF6,
    0xA6, 0xF4, 0xA6, 0xF4, 0xA7, 0xF6, 0x84, 0xF3,
    0x85, 0xF4, 0x9A, 0xFA, 0xCD, 0xFD, 0xBC, 0xFC,
    0xBB, 0xFB, 0x76, 0xF5, 0x9A, 0xF9, 0xEF, 0xFF,
    0xEF, 0xFF, 0xEF, 0xFF, 0x9A, 0xF9, 0xEF, 0xFF,
    0xEF, 0xFF, 0xEF, 0xFF, 0xEF, 0xFF, 0xEF, 0xFF,
    0xEF, 0xFE, 0xEF, 0xFF, 0xEF, 0xFF, 0xEF, 0xFE,
    0x89, 0xF8, 0xEF, 0xFF, 0xEE, 0xFE, 0x34, 0xF4,
    0xEF, 0xFE, 0xDF, 0xFE, 0x35, 0xF5, 0xBD, 0xFC,
    0xEF, 0xFF, 0xAB, 0xFA, 0xDD, 0xFD, 0xEF, 0xFF,
    0xEF, 0xFE, 0xEF, 0xFF, 0xDD, 0xFC, 0xEE, 0xFD,
    0xEE, 0xFE, 0xEF, 0xFE, 0xEF, 0xFF, 0xCD, 0xFC,
    0xEF, 0xFD, 0xEE, 0xFC, 0xAA, 0xF9, 0xBC, 0xFA,
    0xAB, 0xFA, 0xBB, 0xFA, 0xAA, 0xFA, 0x9A, 0xF8,
    0xDD, 0xFC, 0xDD, 0xFC, 0xBB, 0xFA, 0xAB, 0xFA,
    0x76, 0xF5, 0x88, 0xF6, 0x99, 0xF8, 0x99, 0xF8,
    0xBC, 0xFA, 0xAA, 0xF8, 0x99, 0xF8, 0xAB, 0xF9,
    0xBB, 0xF9, 0xBC, 0xFA, 0xCC, 0xFA, 0xAB, 0xF8,
    0xCD, 0xFA, 0xAA, 0xF8, 0xAB, 0xF9, 0xAA, 0xF8,
    0xCD, 0xFA, 0x9A, 0xF7, 0x24, 0xF0, 0x34, 0xF0,
    0x46, 0xF1, 0x56, 0xF2, 0x56, 0xF2, 0x44, 0xF1,
    0x45, 0xF2, 0x56, 0xF2, 0x23, 0xF1, 0x34, 0xF2,
    0x45, 0xF3, 0x67, 0xF5, 0x77, 0xF6, 0x78, 0xF7,
    0x66, 0xF5, 0x66, 0xF5, 0x67, 0xF5, 0xAB, 0xF9,
    0xAA, 0xF8, 0xBC, 0xFA, 0xDE, 0xFC, 0xBB, 0xFA,
    0xAA, 0xF8, 0xAA, 0xF7, 0xBB, 0xF9, 0xCC, 0xFA,
    0xAA, 0xF8, 0x99, 0xF8, 0x78, 0xF8, 0x44, 0xF5,
    0x65, 0xF5, 0xCC, 0xFA, 0xAA, 0xF7, 0xAB, 0xF9,
    0x22, 0xF1, 0x22, 0xF1, 0x77, 0xF5, 0xBC, 0xFB,
    0xEF, 0xFE, 0xCD, 0xFD, 0x9A, 0xFA, 0xCD, 0xFD,
    0xEF, 0xFF, 0x89, 0xFA, 0x78, 0xFA, 0x67, 0xF9,
    0x78, 0xFA, 0x9A, 0xFC, 0xCD, 0xFE, 0xDF, 0xFF,
    0xCD, 0xFD, 0xAB, 0xFB, 0xDE, 0xFE, 0xEF, 0xFE,
    0xEF, 0xFE, 0xEF, 0xFE, 0xEF, 0xFE, 0xEF, 0xFE,
    0xEF, 0xFF, 0x9A, 0xFA, 0x68, 0xF8, 0xBC, 0xFC,
    0xCD, 0xFC, 0xBB, 0xFA, 0xBB, 0xFA, 0xDD, 0xFD,
    0xCD, 0xFC, 0xCD, 0xFB, 0xEF, 0xFE, 0xEF, 0xFE,
    0xEF, 0xFF, 0xEF, 0xFE, 0xDE, 0xFE, 0xCD, 0xFD,
    0xCD, 0xFC, 0xEF, 0xFE, 0xEF, 0xFF, 0xEF, 0xFF,
    0xEF, 0xFF, 0xEF, 0xFF, 0xEF, 0xFE, 0xEF, 0xFE,
    0xEF, 0xFF, 0xCD, 0xFD, 0xCD, 0xFD, 0xDE, 0xFE,
    0xDE, 0xFE, 0xAB, 0xFB, 0x11, 0xF1, 0x12, 0xF1,
    0x23, 0xF4, 0x67, 0xFA, 0x57, 0xFB, 0x67, 0xFA,
    0x56, 0xFA, 0x46, 0xF8, 0x67, 0xFA, 0x57, 0xFA,
    0x57, 0xFA, 0x89, 0xFA, 0xDE, 0xFD, 0xEF, 0xFD,
    0xDE, 0xFD, 0xEF, 0xFE, 0xDE, 0xFE, 0x9A, 0xFA,
    0x57, 0xF8, 0x57, 0xF8, 0x56, 0xF7, 0x57, 0xF8,
    0x67, 0xF9, 0x67, 0xF9, 0x67, 0xF9, 0x68, 0xF9,
    0x68, 0xF9, 0x68, 0xF9, 0x68, 0xF9, 0x68, 0xF9,
    0x68, 0xF9, 0x68, 0xF9, 0x67, 0xF9, 0x67, 0xF9,
    0x67, 0xF8, 0x67, 0xF9, 0x67, 0xF8, 0x67, 0xF8,
    0x67, 0xF9, 0x68, 0xF9, 0x67, 0xF9, 0x67, 0xF9,
    0x67, 0xF9, 0x67, 0xF9, 0x68, 0xF9, 0x67, 0xF9,
    0xBC, 0xFB, 0xAC, 0xFB, 0xAC, 0xFB, 0x9A, 0xF9,
    0xCD, 0xFB, 0xEE, 0xFD, 0xEE, 0xFC, 0xDE, 0xFD,
    0x36, 0xF5, 0x79, 0xF9, 0xBC, 0xFC, 0x8A, 0xF9,
    0x78, 0xF8, 0x89, 0xF9, 0x99, 0xF9, 0x99, 0xFA,
    0x9A, 0xFA, 0xCC, 0xFC, 0xAB, 0xF9, 0xCC, 0xFB,
    0xDE, 0xFD, 0xEF, 0xFE, 0xCD, 0xFC, 0x87, 0xF6,
    0xDE, 0xFE, 0x9A, 0xFA, 0x56, 0xF5, 0xAA, 0xF9,
    0x9A, 0xF8, 0xAA, 0xF8, 0xBB, 0xF9, 0xAA, 0xF7,
    0x87, 0xF4, 0x98, 0xF6, 0xBB, 0xF8, 0xBB, 0xF8,
    0xBA, 0xF7, 0xBB, 0xF7, 0xBA, 0xF6, 0xAA, 0xF6,
    0xBA, 0xF6, 0xBA, 0xF6, 0xAA, 0xF8, 0x99, 0xF8,
    0x55, 0xF4, 0x33, 0xF3, 0x31, 0xF2, 0x85, 0xF3,
    0xB6, 0xF5, 0xB7, 0xF5, 0xC9, 0xF8, 0xA7, 0xF6,
    0xA7, 0xF6, 0x9A, 0xFA, 0xDE, 0xFE, 0xCD, 0xFD,
    0xCC, 0xFC, 0x77, 0xF6, 0x99, 0xF9, 0xEF, 0xFF,
    0xDE, 0xFE, 0xEF, 0xFF, 0x9A, 0xF9, 0xEF, 0xFF,
    0xEF, 0xFF, 0xEF, 0xFF, 0xEF, 0xFF, 0xEF, 0xFF,
    0xEF, 0xFF, 0xEF, 0xFF, 0xEF, 0xFF, 0xEF, 0xFF,
    0xCD, 0xFD, 0xDE, 0xFD, 0xDE, 0xFE, 0x45, 0xF4,
    0xDE, 0xFD, 0xDE, 0xFE, 0xCD, 0xFD, 0xDF, 0xFE,
    0xEF, 0xFE, 0xBB, 0xFA, 0xDD, 0xFD, 0xEF, 0xFF,
    0xEF, 0xFE, 0xEF, 0xFE, 0xDE, 0xFD, 0xDE, 0xFD,
    0xDD, 0xFD, 0xEE, 0xFE, 0xEF, 0xFF, 0xCD, 0xFC,
    0xEF, 0xFD, 0xCC, 0xFA, 0x56, 0xF4, 0xDD, 0xFC,
    0xEF, 0xFE, 0xBB, 0xFB, 0xEF, 0xFE, 0xEF, 0xFE,
    0xDE, 0xFC, 0xEE, 0xFD, 0xAB, 0xFA, 0xCC, 0xFB,
    0x77, 0xF5, 0x88, 0xF7, 0x88, 0xF6, 0x88, 0xF7,
    0xBB, 0xF9, 0xBB, 0xF9, 0xAA, 0xF8, 0xBC, 0xFA,
    0xAB, 0xF9, 0x9A, 0xF8, 0x9A, 0xF8, 0x9A, 0xF8,
    0x9A, 0xF8, 0xBB, 0xFA, 0xBB, 0xF9, 0xAA, 0xF8,
    0xBB, 0xF8, 0xAA, 0xF8, 0x34, 0xF1, 0x34, 0xF1,
    0x45, 0xF1, 0x45, 0xF1, 0x44, 0xF1, 0x34, 0xF1,
    0x56, 0xF3, 0x56, 0xF3, 0x23, 0xF1, 0x22, 0xF1,
    0x33, 0xF2, 0x45, 0xF3, 0x45, 0xF3, 0x55, 0xF4,
    0x56, 0xF5, 0x56, 0xF5, 0x77, 0xF6, 0xAB, 0xF9,
    0xAB, 0xF9, 0xBB, 0xFA, 0xCD, 0xFA, 0xBC, 0xFA,
    0xBC, 0xFA, 0xAA, 0xF9, 0xCC, 0xFA, 0xBB, 0xFA,
    0xCC, 0xFB, 0xBC, 0xFA, 0xBB, 0xFB, 0x66, 0xF6,
    0x54, 0xF3, 0xCC, 0xFA, 0xEE, 0xFB, 0xAB, 0xF9,
    0x11, 0xF1, 0x01, 0xF1, 0x66, 0xF5, 0xBC, 0xFC,
    0xDE, 0xFE, 0x57, 0xF8, 0x8A, 0xF9, 0xEF, 0xFF,
    0xEF, 0xFF, 0x89, 0xFA, 0x23, 0xF5, 0x56, 0xF8,
    0x89, 0xFA, 0x9A, 0xFB, 0xCD, 0xFD, 0xEF, 0xFF,
    0xDE, 0xFE, 0xAB, 0xFB, 0xDE, 0xFE, 0xEF, 0xFE,
    0xEF, 0xFE, 0xEF, 0xFE, 0xEF, 0xFE, 0xEF, 0xFE,
    0xEF, 0xFF, 0xAB, 0xFB, 0x67, 0xF8, 0xBD, 0xFC,
    0xAA, 0xFA, 0xCC, 0xFC, 0xBC, 0xFB, 0xCC, 0xFC,
    0xAB, 0xFA, 0x9A, 0xF9, 0xEF, 0xFE, 0xEF, 0xFE,
    0xEF, 0xFF, 0xEF, 0xFF, 0xEF, 0xFF, 0xEF, 0xFF,
    0xEF, 0xFE, 0xEF, 0xFF, 0xEF, 0xFE, 0xEF, 0xFF,
    0xEF, 0xFE, 0xEF, 0xFF, 0xEF, 0xFF, 0xEF, 0xFE,
    0xEF, 0xFF, 0xBC, 0xFC, 0xBC, 0xFC, 0xCD, 0xFD,
    0xCD, 0xFD, 0xAB, 0xFB, 0x11, 0xF2, 0x12, 0xF1,
    0x23, 0xF3, 0x57, 0xF9, 0x57, 0xFA, 0x45, 0xF8,
    0x34, 0xF7, 0x44, 0xF7, 0x34, 0xF7, 0x57, 0xFA,
    0x57, 0xFA, 0x8A, 0xFA, 0xBC, 0xFB, 0xCD, 0xFC,
    0xDD, 0xFC, 0xDE, 0xFC, 0xCD, 0xFC, 0x9A, 0xFA,
    0x56, 0xF7, 0x56, 0xF8, 0x56, 0xF7, 0x57, 0xF8,
    0x67, 0xF9, 0x67, 0xF9, 0x57, 0xF9, 0x67, 0xF9,
    0x67, 0xF9, 0x67, 0xF9, 0x68, 0xF9, 0x68, 0xF9,
    0x68, 0xF9, 0x68, 0xF9, 0x68, 0xF9, 0x68, 0xF9,
    0x67, 0xF9, 0x67, 0xF9, 0x68, 0xF9, 0x68, 0xF9,
    0x67, 0xF9, 0x67, 0xF8, 0x67, 0xF9, 0x67, 0xF9,
    0x67, 0xF9, 0x68, 0xF9, 0x68, 0xF9, 0x68, 0xF9,
    0x57, 0xF6, 0x35, 0xF5, 0x24, 0xF3, 0x78, 0xF6,
    0xCC, 0xFA, 0xEE, 0xFC, 0xEE, 0xFC, 0xDE, 0xFD,
    0x68, 0xF7, 0x68, 0xF8, 0x68, 0xF7, 0x57, 0xF7,
    0x23, 0xF3, 0x23, 0xF3, 0x33, 0xF3, 0x33, 0xF3,
    0x67, 0xF7, 0xBC, 0xFB, 0x77, 0xF5, 0x67, 0xF5,
    0x66, 0xF5, 0x67, 0xF6, 0x66, 0xF4, 0x98, 0xF6,
    0xBC, 0xFC, 0x78, 0xF8, 0x23, 0xF3, 0x78, 0xF6,
    0xAA, 0xF9, 0x99, 0xF7, 0xBC, 0xF9, 0x88, 0xF5,
    0x98, 0xF5, 0x98, 0xF5, 0xCB, 0xF8, 0xA9, 0xF6,
    0xB9, 0xF6, 0xB9, 0xF6, 0xA9, 0xF5, 0xA9, 0xF5,
    0x97, 0xF4, 0x96, 0xF3, 0x98, 0xF6, 0x99, 0xF8,
    0x20, 0xF0, 0x55, 0xF5, 0x53, 0xF3, 0xA6, 0xF4,
    0xA6, 0xF3, 0xA6, 0xF4, 0xC9, 0xF8, 0xA7, 0xF6,
    0x97, 0xF6, 0xAB, 0xFA, 0xDE, 0xFE, 0xDE, 0xFE,
    0xCD, 0xFC, 0x76, 0xF6, 0x9A, 0xF9, 0xEF, 0xFF,
    0xEF, 0xFE, 0xEF, 0xFF, 0x9A, 0xFA, 0xEF, 0xFF,
    0xEF, 0xFF, 0xEF, 0xFF, 0xEF, 0xFE, 0xEF, 0xFF,
    0xEF, 0xFF, 0xEF, 0xFF, 0xEF, 0xFF, 0xEF, 0xFF,
    0xEF, 0xFF, 0xEF, 0xFF, 0xEF, 0xFE, 0x44, 0xF3,
    0xDE, 0xFE, 0xEF, 0xFF, 0xEF, 0xFF, 0xEF, 0xFF,
    0xEF, 0xFE, 0xCC, 0xFB, 0xCD, 0xFC, 0xEF, 0xFE,
    0xEF, 0xFE, 0xEF, 0xFE, 0xDE, 0xFD, 0xEE, 0xFD,
    0xDE, 0xFD, 0xEF, 0xFF, 0xEF, 0xFF, 0xCC, 0xFC,
    0xCD, 0xFC, 0xAA, 0xF9, 0x34, 0xF2, 0xCD, 0xFC,
    0xCD, 0xFD, 0x67, 0xF7, 0xDE, 0xFE, 0xDE, 0xFE,
    0xCD, 0xFC, 0xCD, 0xFC, 0xBC, 0xFC, 0xCD, 0xFC,
    0x88, 0xF7, 0x98, 0xF7, 0x99, 0xF8, 0x99, 0xF8,
    0xAA, 0xF8, 0xAB, 0xF9, 0x99, 0xF7, 0xDD, 0xFB,
    0xAA, 0xF9, 0x89, 0xF7, 0x77, 0xF5, 0x78, 0xF6,
    0xBB, 0xF9, 0x99, 0xF7, 0xBB, 0xF9, 0xAA, 0xF7,
    0x9A, 0xF7, 0x66, 0xF3, 0x33, 0xF1, 0x12, 0xF0,
    0x34, 0xF1, 0x34, 0xF2, 0x34, 0xF2, 0x22, 0xF2,
    0x33, 0xF2, 0x34, 0xF2, 0x22, 0xF1, 0x22, 0xF2,
    0x33, 0xF3, 0x67, 0xF7, 0x56, 0xF5, 0x34, 0xF3,
    0x89, 0xF7, 0x57, 0xF5, 0x67, 0xF5, 0x89, 0xF7,
    0xAB, 0xF9, 0xDE, 0xFC, 0xCD, 0xFB, 0x9A, 0xF8,
    0xAB, 0xF8, 0xAA, 0xF8, 0xCC, 0xFB, 0xBB, 0xFA,
    0xBB, 0xFA, 0xBC, 0xFA, 0xBC, 0xFA, 0x9A, 0xF9,
    0xBB, 0xFB, 0xAA, 0xF9, 0xA9, 0xF7, 0x99, 0xF9,
    0x66, 0xF7, 0x55, 0xF5, 0x66, 0xF5, 0xBC, 0xFB,
    0xDE, 0xFE, 0x67, 0xF8, 0x9A, 0xFA, 0xEF, 0xFF,
    0xEF, 0xFF, 0xBC, 0xFD, 0x9A, 0xFB, 0xAB, 0xFC,
    0xBC, 0xFC, 0x9A, 0xFA, 0xAB, 0xFA, 0xEF, 0xFF,
    0xEF, 0xFE, 0xEF, 0xFF, 0xEF, 0xFF, 0xEF, 0xFE,
    0xEF, 0xFE, 0xEF, 0xFE, 0xEF, 0xFE, 0xEF, 0xFE,
    0xEF, 0xFF, 0xBC, 0xFC, 0xBC, 0xFC, 0xDE, 0xFD,
    0xCD, 0xFC, 0xDE, 0xFD, 0xEE, 0xFE, 0xCC, 0xFC,
    0xCD, 0xFC, 0xBC, 0xFB, 0xEF, 0xFE, 0xEF, 0xFE,
    0xEF, 0xFE, 0xEF, 0xFE, 0xEF, 0xFE, 0xEF, 0xFE,
    0xEF, 0xFE, 0xEF, 0xFE, 0xEF, 0xFE, 0xEF, 0xFE,
    0xEF, 0xFE, 0xEF, 0xFE, 0xEF, 0xFE, 0xEF, 0xFF,
    0xEF, 0xFF, 0xBC, 0xFD, 0xBC, 0xFC, 0xCD, 0xFD,
    0xCD, 0xFD, 0xAB, 0xFB, 0x11, 0xF2, 0x12, 0xF2,
    0x23, 0xF3, 0x57, 0xF9, 0x57, 0xFA, 0x57, 0xFA,
    0x23, 0xF7, 0x34, 0xF7, 0x56, 0xF8, 0x57, 0xFA,
    0x57, 0xFA, 0x8A, 0xFA, 0xBC, 0xFB, 0xCD, 0xFC,
    0xDD, 0xFC, 0xDE, 0xFD, 0xCD, 0xFD, 0x99, 0xFA,
    0x56, 0xF8, 0x56, 0xF8, 0x56, 0xF8, 0x57, 0xF8,
    0x67, 0xF9, 0x67, 0xF9, 0x67, 0xF9, 0x67, 0xF9,
    0x67, 0xF9, 0x68, 0xF9, 0x68, 0xF9, 0x78, 0xF9,
    0x68, 0xF9, 0x67, 0xF9, 0x68, 0xF9, 0x67, 0xF9,
    0x67, 0xF8, 0x67, 0xF9, 0x68, 0xF9, 0x67, 0xF8,
    0x67, 0xF8, 0x67, 0xF9, 0x67, 0xF9, 0x67, 0xF9,
    0x67, 0xF9, 0x68, 0xF9, 0x68, 0xF9, 0x68, 0xF9,
    0x11, 0xF2, 0x23, 0xF4, 0x23, 0xF4, 0x77, 0xF7,
    0xDC, 0xFB, 0xED, 0xFB, 0xED, 0xFC, 0xDE, 0xFD,
    0x35, 0xF4, 0x12, 0xF2, 0x33, 0xF4, 0x34, 0xF4,
    0x22, 0xF2, 0x12, 0xF2, 0x12, 0xF2, 0x12, 0xF2,
    0x67, 0xF6, 0xBC, 0xFB, 0x22, 0xF1, 0x22, 0xF2,
    0x11, 0xF1, 0x21, 0xF0, 0x53, 0xF2, 0xA7, 0xF6,
    0x98, 0xF7, 0x56, 0xF5, 0x12, 0xF2, 0x23, 0xF3,
    0x12, 0xF2, 0x45, 0xF3, 0x78, 0xF6, 0xAA, 0xF7,
    0xBA, 0xF7, 0x97, 0xF4, 0xA7, 0xF5, 0xA8, 0xF4,
    0xB9, 0xF5, 0xC9, 0xF6, 0xA7, 0xF4, 0xA7, 0xF4,
    0xB8, 0xF5, 0xB7, 0xF4, 0xB8, 0xF6, 0xA9, 0xF8,
    0x21, 0xF1, 0x42, 0xF2, 0x64, 0xF3, 0xB7, 0xF5,
    0xB7, 0xF5, 0xB7, 0xF6, 0xC8, 0xF7, 0xB8, 0xF6,
    0x97, 0xF6, 0xAA, 0xFA, 0xAB, 0xFB, 0xAB, 0xFB,
    0xAA, 0xFA, 0x76, 0xF5, 0x88, 0xF7, 0xBC, 0xFB,
    0xAB, 0xFA, 0xBC, 0xFB, 0x9A, 0xF9, 0xCD, 0xFC,
    0xCC, 0xFC, 0xCD, 0xFC, 0xCC, 0xFC, 0xBC, 0xFC,
    0xBC, 0xFC, 0xCD, 0xFC, 0xCD, 0xFD, 0xCD, 0xFC,
    0xCD, 0xFC, 0xCD, 0xFC, 0xDE, 0xFE, 0x56, 0xF5,
    0x9A, 0xFA, 0xDE, 0xFD, 0xCD, 0xFD, 0xCD, 0xFC,
    0xCD, 0xFC, 0xAA, 0xF9, 0xCC, 0xFC, 0xBC, 0xFC,
    0xBC, 0xFB, 0xDE, 0xFD, 0xDC, 0xFC, 0xCD, 0xFD,
    0x9A, 0xFA, 0xBC, 0xFC, 0xEF, 0xFF, 0xBB, 0xFB,
    0x77, 0xF6, 0x76, 0xF5, 0x66, 0xF5, 0x78, 0xF8,
    0x89, 0xF9, 0x79, 0xF8, 0x9A, 0xFA, 0xBC, 0xFC,
    0xCD, 0xFD, 0xCD, 0xFC, 0xBB, 0xFB, 0x88, 0xF8,
    0x66, 0xF5, 0x99, 0xF7, 0x88, 0xF7, 0x88, 0xF7,
    0xAA, 0xF8, 0xBB, 0xFA, 0xAA, 0xF9, 0xBB, 0xFA,
    0xBC, 0xFB, 0x78, 0xF7, 0x56, 0xF5, 0x9A, 0xF9,
    0xCC, 0xFB, 0xAA, 0xF9, 0xAA, 0xF8, 0xBB, 0xF9,
    0xCC, 0xFA, 0xBB, 0xFA, 0x89, 0xF8, 0x77, 0xF6,
    0x45, 0xF4, 0x56, 0xF5, 0x34, 0xF5, 0x45, 0xF5,
    0x34, 0xF4, 0x45, 0xF3, 0x66, 0xF6, 0x67, 0xF7,
    0x88, 0xF9, 0x99, 0xF9, 0x77, 0xF7, 0x99, 0xF9,
    0x88, 0xF8, 0x99, 0xF8, 0x88, 0xF7, 0x66, 0xF5,
    0x98, 0xF7, 0xAA, 0xF9, 0xCD, 0xFB, 0x89, 0xF6,
    0x99, 0xF7, 0x88, 0xF6, 0xBB, 0xFA, 0xBB, 0xFA,
    0x99, 0xF8, 0xAA, 0xF8, 0xAA, 0xF8, 0x99, 0xF8,
    0x77, 0xF7, 0xA9, 0xF9, 0xAA, 0xFA, 0xAA, 0xFA,
    0xAA, 0xFB, 0x89, 0xF9, 0x87, 0xF7, 0x99, 0xF9,
    0xDE, 0xFE, 0x67, 0xF8, 0x9A, 0xFA, 0xEF, 0xFF,
    0xEF, 0xFE, 0xEF, 0xFE, 0xEF, 0xFF, 0xDE, 0xFE,
    0xDE, 0xFE, 0x9A, 0xF9, 0xAB, 0xFA, 0xEF, 0xFF,
    0xEF, 0xFF, 0xEF, 0xFF, 0xEF, 0xFE, 0xEF, 0xFF,
    0xEF, 0xFE, 0xEF, 0xFE, 0xEF, 0xFE, 0xEF, 0xFF,
    0xEF, 0xFF, 0xAA, 0xFA, 0x9A, 0xF9, 0xDE, 0xFE,
    0xDD, 0xFD, 0xEF, 0xFE, 0xEF, 0xFE, 0xBB, 0xFB,
    0xEF, 0xFE, 0xBC, 0xFB, 0xEF, 0xFE, 0xEF, 0xFE,
    0xEF, 0xFE, 0xEF, 0xFE, 0xEF, 0xFE, 0xEF, 0xFE,
    0xEF, 0xFE, 0xEF, 0xFE, 0xEF, 0xFE, 0xEF, 0xFF,
    0xEF, 0xFE, 0xEF, 0xFE, 0xEF, 0xFE, 0xEF, 0xFE,
    0xEF, 0xFF, 0xCD, 0xFD, 0xCC, 0xFD, 0xCD, 0xFD,
    0xDD, 0xFD, 0xAB, 0xFB, 0x11, 0xF2, 0x12, 0xF2,
    0x23, 0xF4, 0x57, 0xFA, 0x47, 0xFA, 0x57, 0xFB,
    0x57, 0xFA, 0x57, 0xFA, 0x57, 0xFA, 0x57, 0xFB,
    0x57, 0xFB, 0x8A, 0xFB, 0x9A, 0xF9, 0xBC, 0xFB,
    0xBC, 0xFC, 0xCD, 0xFD, 0xBC, 0xFC, 0x89, 0xF9,
    0x56, 0xF8, 0x56, 0xF8, 0x56, 0xF8, 0x56, 0xF8,
    0x67, 0xF9, 0x67, 0xF9, 0x67, 0xF8, 0x67, 0xF8,
    0x68, 0xF9, 0x67, 0xF9, 0x67, 0xF9, 0x68, 0xF9,
    0x68, 0xF9, 0x67, 0xF9, 0x68, 0xF9, 0x68, 0xF9,
    0x67, 0xF9, 0x68, 0xF9, 0x67, 0xF9, 0x67, 0xF9,
    0x67, 0xF9, 0x67, 0xF9, 0x67, 0xF9, 0x67, 0xF9,
    0x68, 0xF9, 0x68, 0xF9, 0x68, 0xF9, 0x68, 0xF9,
    0x11, 0xF3, 0x23, 0xF5, 0x23, 0xF5, 0x88, 0xF8,
    0xCC, 0xFA, 0xED, 0xFB, 0xED, 0xFC, 0xDE, 0xFD,
    0x46, 0xF5, 0x12, 0xF2, 0x44, 0xF5, 0x34, 0xF5,
    0x22, 0xF3, 0x12, 0xF2, 0x12, 0xF2, 0x12, 0xF2,
    0x67, 0xF6, 0xBC, 0xFB, 0x12, 0xF1, 0x22, 0xF2,
    0x21, 0xF2, 0x55, 0xF3, 0xCB, 0xF6, 0xCB, 0xF5,
    0xA9, 0xF6, 0x45, 0xF4, 0x12, 0xF3, 0x22, 0xF3,
    0x22, 0xF4, 0x34, 0xF5, 0x33, 0xF3, 0x76, 0xF4,
    0xA7, 0xF4, 0xB8, 0xF5, 0xC8, 0xF5, 0xC8, 0xF5,
    0xC8, 0xF4, 0xC7, 0xF4, 0xC7, 0xF5, 0xB7, 0xF5,
    0xC7, 0xF6, 0xC8, 0xF6, 0xA8, 0xF6, 0x98, 0xF7,
    0x20, 0xF0, 0x96, 0xF6, 0xB7, 0xF6, 0xB8, 0xF6,
    0xC8, 0xF5, 0xC8, 0xF5, 0xD9, 0xF6, 0xC8, 0xF6,
    0x96, 0xF5, 0x99, 0xF9, 0xDE, 0xFE, 0xBC, 0xFC,
    0xAA, 0xFA, 0x87, 0xF6, 0x98, 0xF8, 0xDD, 0xFD,
    0xCD, 0xFC, 0xCD, 0xFC, 0x9A, 0xF9, 0xDE, 0xFD,
    0xDD, 0xFD, 0xDE, 0xFD, 0xDE, 0xFD, 0xCD, 0xFD,
    0xCD, 0xFD, 0xCD, 0xFD, 0xCC, 0xFC, 0xCD, 0xFC,
    0xCD, 0xFC, 0xBC, 0xFC, 0xDD, 0xFC, 0x77, 0xF6,
    0x66, 0xF5, 0xBC, 0xFB, 0xBC, 0xFB, 0xCD, 0xFC,
    0xDD, 0xFD, 0xAA, 0xF9, 0xBB, 0xFA, 0xAB, 0xFB,
    0xBC, 0xFC, 0xBB, 0xFB, 0xAA, 0xF9, 0xDD, 0xFC,
    0x9A, 0xF9, 0xBC, 0xFB, 0xEF, 0xFE, 0xBB, 0xFA,
    0xAA, 0xF9, 0xBB, 0xF9, 0xCC, 0xFB, 0xBC, 0xFB,
    0x9A, 0xF9, 0x9A, 0xF9, 0xAB, 0xFA, 0xBD, 0xFC,
    0xDE, 0xFD, 0xEF, 0xFE, 0xBB, 0xFA, 0xCC, 0xFB,
    0x77, 0xF5, 0xA9, 0xF8, 0x99, 0xF8, 0xAA, 0xF9,
    0xBC, 0xFA, 0xBC, 0xFA, 0xBC, 0xFA, 0x9A, 0xF9,
    0xDE, 0xFD, 0xBC, 0xFB, 0x78, 0xF7, 0xAB, 0xF9,
    0xDE, 0xFD, 0xAB, 0xFA, 0x78, 0xF6, 0xDD, 0xFC,
    0xBC, 0xFB, 0xDE, 0xFD, 0x9A, 0xF9, 0xBC, 0xFB,
    0x56, 0xF5, 0x67, 0xF7, 0x34, 0xF5, 0x67, 0xF7,
    0x56, 0xF5, 0xAC, 0xFA, 0xBD, 0xFC, 0xDD, 0xFE,
    0x9A, 0xFA, 0xAA, 0xFB, 0x88, 0xF8, 0x77, 0xF8,
    0x67, 0xF6, 0x56, 0xF5, 0x66, 0xF5, 0x88, 0xF7,
    0x88, 0xF7, 0x9A, 0xF8, 0xAB, 0xF9, 0xAB, 0xF9,
    0xAA, 0xF8, 0x88, 0xF6, 0xBB, 0xFA, 0x99, 0xF8,
    0x89, 0xF7, 0x99, 0xF8, 0xBA, 0xF8, 0xDC, 0xFA,
    0xA8, 0xF7, 0x64, 0xF4, 0x42, 0xF3, 0x11, 0xF1,
    0x11, 0xF1, 0x11, 0xF1, 0x55, 0xF4, 0xBB, 0xFA,
    0xDE, 0xFE, 0x78, 0xF8, 0x9A, 0xFA, 0xEF, 0xFF,
    0xEF, 0xFE, 0xEF, 0xFE, 0xEF, 0xFE, 0xEF, 0xFF,
    0xEF, 0xFF, 0xBC, 0xFC, 0xCD, 0xFD, 0xEF, 0xFF,
    0xEF, 0xFE, 0xEF, 0xFE, 0xEF, 0xFF, 0xEF, 0xFE,
    0xEF, 0xFF, 0xEF, 0xFE, 0xEF, 0xFE, 0xEF, 0xFF,
    0xEF, 0xFF, 0xCD, 0xFD, 0xCD, 0xFD, 0xEF, 0xFF,
    0xDE, 0xFD, 0xEF, 0xFE, 0xEF, 0xFE, 0xAB, 0xFA,
    0xEF, 0xFF, 0xDE, 0xFD, 0xDE, 0xFD, 0xEF, 0xFE,
    0xEF, 0xFE, 0xDE, 0xFD, 0xDE, 0xFE, 0xEF, 0xFE,
    0xEF, 0xFE, 0xEF, 0xFE, 0xEF, 0xFE, 0xEF, 0xFE,
    0xEF, 0xFE, 0xEF, 0xFE, 0xEF, 0xFE, 0xEF, 0xFE,
    0xDE, 0xFE, 0xCD, 0xFD, 0xCD, 0xFD, 0xCD, 0xFD,
    0xDE, 0xFE, 0xAA, 0xFA, 0x11, 0xF2, 0x12, 0xF2,
    0x23, 0xF5, 0x35, 0xF9, 0x13, 0xF8, 0x24, 0xF9,
    0x57, 0xFB, 0x57, 0xFB, 0x57, 0xFB, 0x46, 0xFB,
    0x35, 0xF9, 0x78, 0xFA, 0x78, 0xF8, 0x45, 0xF5,
    0x56, 0xF6, 0x67, 0xF7, 0x56, 0xF7, 0x45, 0xF6,
    0x23, 0xF5, 0x23, 0xF6, 0x23, 0xF5, 0x45, 0xF7,
    0x67, 0xF9, 0x67, 0xF9, 0x67, 0xF9, 0x67, 0xF9,
    0x68, 0xF9, 0x67, 0xF9, 0x68, 0xF9, 0x68, 0xF9,
    0x68, 0xF9, 0x67, 0xF8, 0x67, 0xF8, 0x67, 0xF9,
    0x68, 0xF8, 0x68, 0xF9, 0x68, 0xF9, 0x68, 0xF9,
    0x67, 0xF9, 0x67, 0xF9, 0x67, 0xF9, 0x67, 0xF9,
    0x67, 0xF9, 0x67, 0xF9, 0x67, 0xF9, 0x67, 0xF9,
    0x12, 0xF3, 0x23, 0xF6, 0x34, 0xF6, 0x78, 0xF8,
    0xCC, 0xFB, 0xEE, 0xFC, 0xED, 0xFC, 0xDE, 0xFD,
    0x56, 0xF5, 0x12, 0xF3, 0x44, 0xF6, 0x34, 0xF5,
    0x12, 0xF3, 0x12, 0xF2, 0x12, 0xF2, 0x12, 0xF2,
    0x67, 0xF6, 0xBC, 0xFB, 0x12, 0xF1, 0x22, 0xF2,
    0x22, 0xF2, 0x55, 0xF4, 0xCC, 0xF7, 0xCB, 0xF4,
    0xCC, 0xF7, 0x44, 0xF3, 0x11, 0xF4, 0x11, 0xF4,
    0x12, 0xF5, 0x24, 0xF5, 0x23, 0xF3, 0x77, 0xF5,
    0xA7, 0xF4, 0xC7, 0xF4, 0xC8, 0xF5, 0xC7, 0xF5,
    0xC7, 0xF5, 0xB7, 0xF5, 0xB8, 0xF7, 0xB9, 0xF8,
    0xC9, 0xF8, 0xB9, 0xF7, 0x98, 0xF7, 0x98, 0xF8,
    0x30, 0xF0, 0xB7, 0xF7, 0xC8, 0xF6, 0xC8, 0xF5,
    0xC7, 0xF4, 0xC8, 0xF4, 0xD9, 0xF6, 0xB7, 0xF5,
    0x51, 0xF0, 0x20, 0xF1, 0xCD, 0xFD, 0x67, 0xF7,
    0x21, 0xF0, 0x86, 0xF5, 0x87, 0xF7, 0x88, 0xF8,
    0x78, 0xF8, 0x78, 0xF7, 0x8A, 0xF9, 0x78, 0xF7,
    0x78, 0xF8, 0x56, 0xF6, 0x56, 0xF6, 0x56, 0xF6,
    0x34, 0xF4, 0x45, 0xF5, 0x89, 0xF9, 0x45, 0xF5,
    0xAB, 0xFA, 0xDE, 0xFC, 0xDD, 0xFB, 0xBB, 0xF9,
    0xDE, 0xFC, 0xCD, 0xFB, 0xCD, 0xFB, 0xBC, 0xFB,
    0x99, 0xF9, 0x55, 0xF4, 0x98, 0xF7, 0x12, 0xF4,
    0x45, 0xF8, 0x67, 0xF8, 0xAA, 0xF9, 0xCD, 0xFB,
    0x9A, 0xF9, 0xCD, 0xFD, 0xBC, 0xFC, 0xBB, 0xFA,
    0xBB, 0xF9, 0xDC, 0xFB, 0xBB, 0xFA, 0xCC, 0xFC,
    0xCC, 0xFC, 0xCD, 0xFC, 0xBC, 0xFA, 0xCD, 0xFC,
    0xCD, 0xFB, 0xEF, 0xFD, 0xDE, 0xFC, 0xEF, 0xFD,
    0x89, 0xF6, 0x77, 0xF5, 0x88, 0xF6, 0x88, 0xF7,
    0x99, 0xF8, 0xAB, 0xFA, 0xCD, 0xFC, 0x9A, 0xF9,
    0xDE, 0xFE, 0xAB, 0xFA, 0x89, 0xF8, 0x9A, 0xF9,
    0x9A, 0xF9, 0x67, 0xF6, 0x78, 0xF8, 0x56, 0xF6,
    0x45, 0xF5, 0x66, 0xF6, 0x9A, 0xFA, 0xBC, 0xFC,
    0x55, 0xF5, 0x44, 0xF4, 0x22, 0xF3, 0x22, 0xF3,
    0x45, 0xF5, 0x89, 0xF8, 0x78, 0xF8, 0x78, 0xF8,
    0x77, 0xF8, 0x78, 0xF9, 0x45, 0xF6, 0x78, 0xF9,
    0x8A, 0xFA, 0xAC, 0xFC, 0x67, 0xF6, 0xAB, 0xFA,
    0xBB, 0xFA, 0x67, 0xF5, 0x89, 0xF8, 0xAA, 0xF9,
    0x99, 0xF8, 0x77, 0xF5, 0xBB, 0xFA, 0xBB, 0xFA,
    0x9A, 0xF9, 0x77, 0xF6, 0xBA, 0xF9, 0xCA, 0xF8,
    0xCA, 0xF8, 0xDA, 0xFA, 0x53, 0xF3, 0x11, 0xF1,
    0x11, 0xF1, 0x11, 0xF1, 0x55, 0xF4, 0xCD, 0xFC,
    0xEF, 0xFF, 0xDE, 0xFE, 0x9A, 0xF9, 0xCD, 0xFD,
    0xEF, 0xFE, 0xEF, 0xFE, 0xDE, 0xFD, 0xAB, 0xFB,
    0xAB, 0xFA, 0x9A, 0xF9, 0x99, 0xF9, 0xEE, 0xFE,
    0xEF, 0xFE, 0xEF, 0xFE, 0xEF, 0xFE, 0xEF, 0xFF,
    0xEF, 0xFE, 0xEF, 0xFE, 0xEF, 0xFF, 0xEF, 0xFF,
    0xEF, 0xFE, 0x9A, 0xFA, 0x9A, 0xFA, 0xCD, 0xFC,
    0xCD, 0xFC, 0xDE, 0xFD, 0xEF, 0xFE, 0xAB, 0xFA,
    0xEF, 0xFE, 0xEF, 0xFE, 0xEF, 0xFD, 0xEF, 0xFE,
    0xEF, 0xFE, 0xCC, 0xFB, 0xCD, 0xFC, 0xEF, 0xFE,
    0xEE, 0xFD, 0xEF, 0xFE, 0xEF, 0xFE, 0xEF, 0xFE,
    0xEF, 0xFE, 0xEF, 0xFE, 0xEF, 0xFE, 0xEF, 0xFE,
    0xCD, 0xFC, 0xCD, 0xFD, 0xCD, 0xFD, 0xCD, 0xFD,
    0xDE, 0xFE, 0x99, 0xFA, 0x11, 0xF2, 0x12, 0xF2,
    0x23, 0xF5, 0x35, 0xF9, 0x23, 0xFA, 0x35, 0xFB,
    0x24, 0xFA, 0x35, 0xFA, 0x34, 0xFA, 0x24, 0xF9,
    0x35, 0xF9, 0x57, 0xF9, 0x9A, 0xFA, 0xBC, 0xFC,
    0xBC, 0xFC, 0xCD, 0xFD, 0xBC, 0xFC, 0x67, 0xF8,
    0x45, 0xF7, 0x35, 0xF7, 0x35, 0xF6, 0x35, 0xF6,
    0x67, 0xF8, 0x67, 0xF9, 0x67, 0xF9, 0x67, 0xF9,
    0x68, 0xFA, 0x67, 0xF9, 0x68, 0xF9, 0x68, 0xF9,
    0x68, 0xF9, 0x67, 0xF9, 0x67, 0xF8, 0x67, 0xF8,
    0x68, 0xF8, 0x67, 0xF9, 0x67, 0xF9, 0x68, 0xF9,
    0x67, 0xF9, 0x67, 0xF9, 0x67, 0xF9, 0x67, 0xF9,
    0x68, 0xF9, 0x67, 0xF9, 0x68, 0xF9, 0x68, 0xF9,
    0x12, 0xF3, 0x34, 0xF7, 0x34, 0xF7, 0x77, 0xF8,
    0xCC, 0xFB, 0xED, 0xFB, 0xED, 0xFC, 0xDE, 0xFD,
    0x56, 0xF5, 0x12, 0xF3, 0x44, 0xF6, 0x44, 0xF6,
    0x22, 0xF4, 0x12, 0xF2, 0x12, 0xF2, 0x12, 0xF2,
    0x67, 0xF6, 0xBC, 0xFB, 0x12, 0xF1, 0x22, 0xF2,
    0x12, 0xF2, 0x78, 0xF7, 0xEF, 0xFE, 0xEE, 0xFB,
    0xCC, 0xF9, 0x45, 0xF3, 0x11, 0xF2, 0x11, 0xF3,
    0x12, 0xF4, 0x24, 0xF5, 0x35, 0xF4, 0x66, 0xF4,
    0xA7, 0xF5, 0xC7, 0xF5, 0xC7, 0xF5, 0xC8, 0xF5,
    0xC7, 0xF5, 0xA7, 0xF5, 0xDD, 0xFB, 0xBB, 0xFA,
    0xAA, 0xF9, 0xAA, 0xF9, 0xAA, 0xF9, 0x98, 0xF8,
    0x54, 0xF3, 0xB7, 0xF6, 0xC7, 0xF6, 0xC7, 0xF5,
    0xC8, 0xF5, 0xC8, 0xF5, 0xD9, 0xF7, 0xC8, 0xF6,
    0xB8, 0xF7, 0xA7, 0xF6, 0xDC, 0xFC, 0xA9, 0xF8,
    0xA8, 0xF7, 0x75, 0xF4, 0x76, 0xF6, 0x22, 0xF3,
    0x78, 0xF8, 0x34, 0xF4, 0x89, 0xF8, 0x45, 0xF4,
    0x66, 0xF6, 0x34, 0xF4, 0x34, 0xF4, 0x34, 0xF4,
    0x45, 0xF5, 0x45, 0xF5, 0xBC, 0xFC, 0x67, 0xF7,
    0xCD, 0xFC, 0xEE, 0xFC, 0xCB, 0xF8, 0xAA, 0xF6,
    0xEE, 0xFC, 0xEF, 0xFC, 0xDE, 0xFC, 0x44, 0xF3,
    0x32, 0xF2, 0x54, 0xF3, 0xA9, 0xF9, 0x33, 0xF6,
    0x78, 0xFC, 0x35, 0xF8, 0x89, 0xF9, 0xCD, 0xFC,
    0x34, 0xF4, 0x9B, 0xFB, 0xBC, 0xFB, 0xCD, 0xFB,
    0xCC, 0xFA, 0xDD, 0xFB, 0xBB, 0xFA, 0xCC, 0xFC,
    0xDD, 0xFC, 0xEF, 0xFD, 0xEF, 0xFD, 0xEF, 0xFD,
    0xCD, 0xFA, 0xCD, 0xFB, 0xCD, 0xFA, 0xEF, 0xFC,
    0x9A, 0xF7, 0x78, 0xF4, 0xAA, 0xF8, 0x67, 0xF5,
    0xCD, 0xFC, 0x9A, 0xF9, 0xCD, 0xFC, 0x99, 0xF8,
    0xDE, 0xFD, 0xAB, 0xFA, 0xAB, 0xFA, 0x56, 0xF5,
    0x67, 0xF7, 0x45, 0xF5, 0x56, 0xF7, 0x8A, 0xFA,
    0x89, 0xF9, 0x88, 0xF8, 0x89, 0xF8, 0xAB, 0xFA,
    0x99, 0xF9, 0x89, 0xF9, 0x99, 0xFA, 0x9A, 0xFA,
    0xBB, 0xFB, 0xAB, 0xFA, 0x99, 0xF9, 0x89, 0xF9,
    0x88, 0xF8, 0x89, 0xF9, 0x78, 0xF8, 0x56, 0xF7,
    0x35, 0xF6, 0x67, 0xF9, 0x68, 0xF8, 0x67, 0xF7,
    0x67, 0xF7, 0x77, 0xF7, 0x66, 0xF6, 0x9A, 0xF9,
    0xAA, 0xF9, 0x77, 0xF5, 0xAB, 0xFA, 0xCC, 0xFC,
    0x67, 0xF6, 0x12, 0xF2, 0xCB, 0xFA, 0xEC, 0xFB,
    0xED, 0xFB, 0xDB, 0xFA, 0x65, 0xF4, 0x11, 0xF1,
    0x01, 0xF2, 0x01, 0xF1, 0x44, 0xF3, 0xCD, 0xFC,
    0xEF, 0xFF, 0xEF, 0xFF, 0xCD, 0xFC, 0xCD, 0xFC,
    0xEF, 0xFE, 0xEF, 0xFE, 0xBC, 0xFB, 0x00, 0xF0,
    0x12, 0xF2, 0x88, 0xF8, 0x89, 0xF8, 0xEE, 0xFE,
    0xEF, 0xFE, 0xAB, 0xFB, 0xAB, 0xFB, 0xDE, 0xFE,
    0xEF, 0xFE, 0xEF, 0xFE, 0xEF, 0xFE, 0xEF, 0xFE,
    0xEF, 0xFF, 0x89, 0xF9, 0x56, 0xF6, 0x67, 0xF7,
    0x88, 0xF8, 0x9A, 0xF9, 0xAB, 0xFB, 0x9A, 0xF9,
    0xDE, 0xFD, 0xCD, 0xFC, 0xDE, 0xFD, 0xEF, 0xFE,
    0xCD, 0xFC, 0xCD, 0xFD, 0xDE, 0xFE, 0xEF, 0xFE,
    0xEF, 0xFE, 0xEF, 0xFE, 0xEF, 0xFE, 0xEF, 0xFE,
    0xEF, 0xFE, 0xEF, 0xFE, 0xEF, 0xFE, 0xEF, 0xFE,
    0xEF, 0xFE, 0xCD, 0xFD, 0xCD, 0xFC, 0xCD, 0xFD,
    0xDE, 0xFE, 0x89, 0xF9, 0x11, 0xF2, 0x12, 0xF2,
    0x23, 0xF4, 0x45, 0xF9, 0x35, 0xFA, 0x46, 0xFB,
    0x35, 0xFA, 0x35, 0xFA, 0x35, 0xFA, 0x34, 0xF9,
    0x45, 0xF9, 0x34, 0xF6, 0x78, 0xF8, 0xDE, 0xFD,
    0xDE, 0xFD, 0xEE, 0xFE, 0xDE, 0xFE, 0x89, 0xFA,
    0x56, 0xF8, 0x46, 0xF8, 0x46, 0xF8, 0x46, 0xF8,
    0x57, 0xF8, 0x57, 0xF9, 0x57, 0xFA, 0x57, 0xFA,
    0x67, 0xFA, 0x68, 0xF9, 0x68, 0xF9, 0x68, 0xF9,
    0x67, 0xF9, 0x67, 0xF9, 0x67, 0xF9, 0x68, 0xF9,
    0x68, 0xF8, 0x68, 0xF9, 0x68, 0xF9, 0x68, 0xF9,
    0x67, 0xF9, 0x68, 0xF9, 0x68, 0xF9, 0x67, 0xF9,
    0x68, 0xF9, 0x68, 0xF9, 0x68, 0xF9, 0x67, 0xF9,
    0x12, 0xF3, 0x34, 0xF7, 0x34, 0xF6, 0x77, 0xF8,
    0xDD, 0xFB, 0xEE, 0xFC, 0xEE, 0xFD, 0xDE, 0xFD,
    0x45, 0xF4, 0x12, 0xF2, 0x23, 0xF4, 0x23, 0xF4,
    0x12, 0xF3, 0x12, 0xF2, 0x22, 0xF2, 0x12, 0xF2,
    0x67, 0xF6, 0xCD, 0xFC, 0x12, 0xF1, 0x12, 0xF2,
    0x12, 0xF2, 0x12, 0xF2, 0x55, 0xF4, 0xA9, 0xF8,
    0xCC, 0xFA, 0x9A, 0xF9, 0x89, 0xF9, 0x79, 0xF9,
    0x8A, 0xFA, 0x89, 0xFA, 0x89, 0xF9, 0x88, 0xF8,
    0xB9, 0xF8, 0xC8, 0xF7, 0xC7, 0xF6, 0xC7, 0xF5,
    0xC7, 0xF5, 0xA7, 0xF6, 0xEE, 0xFD, 0xEF, 0xFE,
    0xEF, 0xFE, 0xEF, 0xFE, 0xCE, 0xFD, 0x88, 0xF8,
    0x54, 0xF3, 0xB7, 0xF5, 0xC7, 0xF5, 0xC7, 0xF5,
    0xC8, 0xF5, 0xC8, 0xF6, 0xC8, 0xF6, 0xB7, 0xF5,
    0xB7, 0xF5, 0xA8, 0xF6, 0xCA, 0xF9, 0xC9, 0xF8,
    0xC9, 0xF8, 0x74, 0xF3, 0x65, 0xF5, 0x23, 0xF3,
    0xCE, 0xFE, 0x56, 0xF6, 0x8A, 0xF9, 0x9A, 0xFA,
    0xDE, 0xFE, 0x45, 0xF5, 0x78, 0xF8, 0x78, 0xF8,
    0x67, 0xF7, 0x78, 0xF8, 0xBC, 0xFC, 0x56, 0xF6,
    0xAB, 0xFA, 0xDE, 0xFB, 0xCC, 0xF8, 0xBA, 0xF6,
    0xDD, 0xFB, 0xDE, 0xFC, 0xDE, 0xFC, 0x67, 0xF6,
    0x33, 0xF3, 0x86, 0xF5, 0xDB, 0xF9, 0x64, 0xF5,
    0x77, 0xF9, 0x34, 0xF6, 0x89, 0xF8, 0xCC, 0xFC,
    0x99, 0xF9, 0xBD, 0xFD, 0xCD, 0xFD, 0x78, 0xF7,
    0x66, 0xF4, 0x66, 0xF4, 0xCC, 0xFB, 0xCD, 0xFC,
    0xDE, 0xFD, 0xEE, 0xFC, 0xEF, 0xFC, 0xDD, 0xFA,
    0xDE, 0xFB, 0xCD, 0xFB, 0xBD, 0xFA, 0xEF, 0xFB,
    0xDE, 0xFB, 0x99, 0xF6, 0x77, 0xF5, 0x77, 0xF6,
    0xCD, 0xFB, 0xAA, 0xF9, 0xAA, 0xF9, 0x77, 0xF6,
    0xCC, 0xFB, 0x9A, 0xF9, 0x9A, 0xF9, 0x56, 0xF5,
    0x89, 0xFA, 0x89, 0xFA, 0xCD, 0xFD, 0xDE, 0xFF,
    0xAB, 0xFB, 0x89, 0xF8, 0x99, 0xF8, 0x99, 0xF9,
    0x88, 0xF8, 0x99, 0xF9, 0x88, 0xF8, 0xAA, 0xF9,
    0x89, 0xF8, 0x89, 0xF9, 0x88, 0xF8, 0x99, 0xF9,
    0xBB, 0xFA, 0xAB, 0xFA, 0x67, 0xF7, 0x9A, 0xFB,
    0x89, 0xFA, 0x89, 0xFA, 0x45, 0xF6, 0x34, 0xF4,
    0x34, 0xF4, 0x55, 0xF5, 0x44, 0xF4, 0x56, 0xF5,
    0x78, 0xF7, 0x99, 0xF8, 0xBB, 0xFB, 0xBB, 0xFB,
    0x23, 0xF4, 0x01, 0xF2, 0x98, 0xF8, 0xB9, 0xF9,
    0xA7, 0xF7, 0xA7, 0xF7, 0x53, 0xF3, 0x55, 0xF6,
    0x45, 0xF5, 0x44, 0xF5, 0x56, 0xF5, 0xCD, 0xFC,
    0xEF, 0xFF, 0xEF, 0xFF, 0xCD, 0xFC, 0xDE, 0xFD,
    0xEF, 0xFF, 0xEF, 0xFE, 0xBC, 0xFC, 0x45, 0xF5,
    0x45, 0xF5, 0x78, 0xF7, 0x99, 0xF8, 0xDE, 0xFE,
    0xEF, 0xFE, 0x67, 0xF6, 0x66, 0xF6, 0xDD, 0xFD,
    0xEF, 0xFE, 0xEF, 0xFE, 0xEF, 0xFE, 0xEF, 0xFF,
    0xEF, 0xFF, 0xCD, 0xFD, 0x56, 0xF6, 0x67, 0xF7,
    0x88, 0xF8, 0x89, 0xF9, 0x78, 0xF8, 0xAB, 0xFB,
    0xEF, 0xFF, 0xEF, 0xFF, 0xEF, 0xFF, 0xEF, 0xFF,
    0xEF, 0xFF, 0xEF, 0xFF, 0xEF, 0xFF, 0xEF, 0xFE,
    0xEF, 0xFE, 0xEF, 0xFE, 0xEF, 0xFF, 0xEF, 0xFE,
    0xEF, 0xFF, 0xEF, 0xFF, 0xEF, 0xFF, 0xEF, 0xFF,
    0xEF, 0xFF, 0xDE, 0xFE, 0xDE, 0xFE, 0xDE, 0xFE,
    0xEF, 0xFF, 0x9A, 0xFA, 0x11, 0xF2, 0x12, 0xF1,
    0x22, 0xF3, 0x45, 0xF7, 0x45, 0xF8, 0x45, 0xF8,
    0x45, 0xF8, 0x45, 0xF8, 0x45, 0xF8, 0x45, 0xF8,
    0x45, 0xF8, 0x23, 0xF4, 0x23, 0xF2, 0xAB, 0xFA,
    0xDE, 0xFD, 0xDE, 0xFC, 0xCD, 0xFD, 0x89, 0xFA,
    0x56, 0xF8, 0x56, 0xF9, 0x35, 0xF9, 0x24, 0xF8,
    0x24, 0xF9, 0x25, 0xF9, 0x35, 0xFA, 0x35, 0xF9,
    0x35, 0xF9, 0x24, 0xF7, 0x35, 0xF7, 0x68, 0xF9,
    0x68, 0xF9, 0x68, 0xF9, 0x68, 0xF9, 0x68, 0xF9,
    0x68, 0xF9, 0x68, 0xF9, 0x68, 0xF9, 0x68, 0xF9,
    0x67, 0xF9, 0x68, 0xF9, 0x67, 0xF9, 0x68, 0xF9,
    0x68, 0xF9, 0x68, 0xF9, 0x68, 0xF9, 0x67, 0xF9,
    0x12, 0xF3, 0x89, 0xFB, 0x9A, 0xFB, 0x77, 0xF7,
    0xDD, 0xFC, 0xEE, 0xFC, 0xEE, 0xFC, 0xDE, 0xFD,
    0x23, 0xF2, 0x12, 0xF2, 0x12, 0xF3, 0x12, 0xF3,
    0x12, 0xF3, 0x22, 0xF2, 0x22, 0xF2, 0x12, 0xF3,
    0x66, 0xF6, 0xCD, 0xFC, 0x12, 0xF1, 0x12, 0xF2,
    0x12, 0xF2, 0x12, 0xF2, 0x56, 0xF4, 0x99, 0xF6,
    0xCC, 0xFA, 0x67, 0xF6, 0x67, 0xF7, 0x56, 0xF6,
    0x67, 0xF8, 0x68, 0xF8, 0x67, 0xF7, 0x77, 0xF7,
    0xA8, 0xF8, 0xA8, 0xF7, 0xC9, 0xF8, 0xC8, 0xF7,
    0xB8, 0xF7, 0x97, 0xF6, 0xEE, 0xFD, 0xEF, 0xFF,
    0xEF, 0xFE, 0xEF, 0xFE, 0xBC, 0xFC, 0x88, 0xF7,
    0x97, 0xF6, 0xC7, 0xF6, 0xB7, 0xF4, 0xB7, 0xF5,
    0xC8, 0xF6, 0xB7, 0xF5, 0xC8, 0xF6, 0xB8, 0xF5,
    0xC8, 0xF6, 0xB8, 0xF6, 0xDB, 0xF9, 0xB9, 0xF7,
    0xB9, 0xF7, 0x76, 0xF4, 0x66, 0xF5, 0x24, 0xF4,
    0xCE, 0xFE, 0x57, 0xF6, 0x9B, 0xF9, 0xBD, 0xFC,
    0xDE, 0xFE, 0x56, 0xF6, 0x78, 0xF8, 0x89, 0xF9,
    0xCD, 0xFC, 0x88, 0xF8, 0xAB, 0xFB, 0xAB, 0xFC,
    0x45, 0xF5, 0x11, 0xF0, 0xAA, 0xF7, 0xBA, 0xF7,
    0xAA, 0xF9, 0x9A, 0xF9, 0xAC, 0xFB, 0xBC, 0xFC,
    0x67, 0xF7, 0x98, 0xF6, 0xCB, 0xF8, 0x97, 0xF5,
    0x98, 0xF8, 0x32, 0xF3, 0x89, 0xF9, 0xDD, 0xFC,
    0xDD, 0xFD, 0xBD, 0xFD, 0xCE, 0xFE, 0x24, 0xF4,
    0x22, 0xF2, 0x32, 0xF2, 0xBB, 0xFB, 0xEE, 0xFE,
    0xDE, 0xFC, 0xDD, 0xFB, 0xDD, 0xFA, 0xDD, 0xF9,
    0xEF, 0xFC, 0xDE, 0xFB, 0xBD, 0xFA, 0xBD, 0xF9,
    0xEE, 0xFB, 0x9A, 0xF7, 0x76, 0xF4, 0x99, 0xF7,
    0xBB, 0xFA, 0xAA, 0xF9, 0xAB, 0xFA, 0xAA, 0xF9,
    0xBC, 0xFA, 0x99, 0xF8, 0x88, 0xF7, 0x44, 0xF4,
    0x56, 0xF6, 0x56, 0xF7, 0x45, 0xF6, 0x67, 0xF7,
    0x78, 0xF8, 0x89, 0xF9, 0x89, 0xF8, 0x89, 0xF9,
    0x78, 0xF8, 0x88, 0xF8, 0x99, 0xF9, 0x99, 0xF9,
    0x78, 0xF8, 0x78, 0xF8, 0x78, 0xF8, 0x99, 0xF9,
    0xBB, 0xFB, 0xAB, 0xFA, 0x9A, 0xF9, 0x45, 0xF6,
    0x67, 0xF7, 0x66, 0xF7, 0x99, 0xFA, 0x55, 0xF6,
    0x34, 0xF4, 0x67, 0xF7, 0x67, 0xF6, 0x45, 0xF4,
    0x55, 0xF5, 0xCC, 0xFC, 0xAA, 0xF9, 0xBC, 0xFC,
    0x12, 0xF3, 0x01, 0xF3, 0x67, 0xF8, 0x9A, 0xFA,
    0x99, 0xF9, 0x55, 0xF5, 0x78, 0xF7, 0x89, 0xF9,
    0x57, 0xF7, 0x66, 0xF7, 0x77, 0xF6, 0xCD, 0xFC,
    0xEF, 0xFE, 0xEF, 0xFF, 0xBC, 0xFC, 0xCD, 0xFC,
    0xEF, 0xFF, 0xEF, 0xFF, 0xBC, 0xFC, 0x45, 0xF5,
    0x56, 0xF6, 0x88, 0xF7, 0x9A, 0xF8, 0xEE, 0xFD,
    0xEF, 0xFE, 0xBC, 0xFB, 0xBC, 0xFB, 0xEE, 0xFE,
    0xEF, 0xFE, 0xEF, 0xFE, 0xEF, 0xFE, 0xEF, 0xFF,
    0xEF, 0xFE, 0xEF, 0xFE, 0xBC, 0xFB, 0xAB, 0xFB,
    0xDE, 0xFD, 0xDE, 0xFE, 0xBD, 0xFD, 0xCD, 0xFD,
    0xAB, 0xFB, 0x89, 0xF9, 0x89, 0xF9, 0x8A, 0xF9,
    0x89, 0xF9, 0xAB, 0xFB, 0xAB, 0xFB, 0xBC, 0xFC,
    0xCD, 0xFD, 0xDE, 0xFE, 0xCD, 0xFD, 0xCD, 0xFD,
    0xCD, 0xFD, 0xCD, 0xFD, 0xCD, 0xFD, 0xCD, 0xFD,
    0xCD, 0xFD, 0xCD, 0xFD, 0xCD, 0xFD, 0xBC, 0xFC,
    0xCD, 0xFD, 0x89, 0xF9, 0x11, 0xF2, 0x12, 0xF2,
    0x12, 0xF2, 0x12, 0xF3, 0x12, 0xF3, 0x12, 0xF3,
    0x12, 0xF3, 0x12, 0xF3, 0x12, 0xF3, 0x12, 0xF3,
    0x12, 0xF3, 0x22, 0xF2, 0x22, 0xF1, 0x56, 0xF5,
    0xDE, 0xFD, 0xDE, 0xFD, 0xDE, 0xFE, 0x79, 0xFA,
    0x79, 0xFB, 0x69, 0xFB, 0x46, 0xFB, 0x25, 0xFB,
    0x25, 0xFB, 0x35, 0xFA, 0x35, 0xFA, 0x24, 0xF8,
    0x22, 0xF6, 0x12, 0xF5, 0x34, 0xF6, 0x68, 0xF9,
    0x68, 0xF9, 0x67, 0xF9, 0x67, 0xF9, 0x68, 0xF9,
    0x67, 0xF9, 0x68, 0xF9, 0x68, 0xF9, 0x68, 0xF9,
    0x68, 0xF9, 0x68, 0xF9, 0x68, 0xF9, 0x68, 0xF9,
    0x68, 0xF9, 0x68, 0xF9, 0x68, 0xF9, 0x68, 0xF9,
    0x12, 0xF3, 0xAB, 0xFD, 0xDE, 0xFE, 0x77, 0xF8,
    0xDD, 0xFB, 0xEE, 0xFC, 0xEE, 0xFC, 0xDE, 0xFC,
    0x23, 0xF2, 0x12, 0xF2, 0x12, 0xF3, 0x12, 0xF3,
    0x12, 0xF2, 0x22, 0xF2, 0x12, 0xF2, 0x12, 0xF3,
    0x56, 0xF6, 0xCD, 0xFC, 0x12, 0xF1, 0x12, 0xF2,
    0x12, 0xF3, 0x11, 0xF2, 0x66, 0xF5, 0x87, 0xF5,
    0xCB, 0xFA, 0x33, 0xF3, 0x12, 0xF3, 0x11, 0xF3,
    0x12, 0xF4, 0x12, 0xF5, 0x11, 0xF4, 0x43, 0xF4,
    0x87, 0xF7, 0xDD, 0xFC, 0xDD, 0xFC, 0xCC, 0xFB,
    0xDE, 0xFD, 0xCC, 0xFC, 0xEF, 0xFE, 0xEF, 0xFF,
    0xEF, 0xFE, 0xEF, 0xFF, 0xDE, 0xFE, 0xA9, 0xF9,
    0xCA, 0xF9, 0xB7, 0xF5, 0xC7, 0xF5, 0xB7, 0xF5,
    0xB7, 0xF5, 0xB8, 0xF5, 0xB7, 0xF5, 0xB8, 0xF5,
    0xB7, 0xF5, 0xB8, 0xF6, 0xDB, 0xF9, 0xA9, 0xF7,
    0xBA, 0xF8, 0x76, 0xF4, 0x89, 0xF8, 0xBC, 0xFC,
    0xEF, 0xFF, 0x57, 0xF6, 0x8A, 0xF8, 0xBC, 0xFB,
    0xDF, 0xFE, 0x56, 0xF5, 0x67, 0xF7, 0x89, 0xF9,
    0xDE, 0xFD, 0x88, 0xF8, 0x9A, 0xFB, 0x79, 0xF9,
    0x23, 0xF4, 0x89, 0xF8, 0xBB, 0xF9, 0xBB, 0xF8,
    0x66, 0xF5, 0x34, 0xF5, 0x78, 0xF9, 0x23, 0xF4,
    0x11, 0xF2, 0xBB, 0xF9, 0xEE, 0xFB, 0x87, 0xF5,
    0x44, 0xF3, 0x78, 0xF8, 0xAB, 0xFC, 0xDE, 0xFE,
    0xBC, 0xFC, 0xBD, 0xFC, 0xBD, 0xFD, 0x23, 0xF3,
    0x22, 0xF2, 0x21, 0xF1, 0x67, 0xF6, 0xDE, 0xFD,
    0xDD, 0xFC, 0x99, 0xF6, 0xBA, 0xF7, 0xCB, 0xF8,
    0xEF, 0xFC, 0xAB, 0xF8, 0x89, 0xF7, 0x67, 0xF3,
    0xDD, 0xFA, 0xAA, 0xF7, 0x88, 0xF6, 0xAA, 0xF8,
    0xCC, 0xFA, 0xAA, 0xF8, 0xBB, 0xFA, 0xAA, 0xF9,
    0xBB, 0xFA, 0xCD, 0xFC, 0xCD, 0xFC, 0xCC, 0xFC,
    0xCC, 0xFC, 0xBC, 0xFC, 0xAB, 0xFA, 0x88, 0xF8,
    0x88, 0xF8, 0x88, 0xF8, 0x78, 0xF9, 0x88, 0xF9,
    0x88, 0xF9, 0x88, 0xF9, 0xAA, 0xFA, 0x99, 0xF8,
    0x89, 0xF9, 0x89, 0xF9, 0x89, 0xF9, 0x89, 0xF9,
    0x9A, 0xF9, 0xAA, 0xF9, 0x9A, 0xF9, 0x89, 0xF9,
    0x89, 0xF9, 0x78, 0xF8, 0x34, 0xF5, 0x45, 0xF6,
    0x56, 0xF7, 0x67, 0xF7, 0x78, 0xF8, 0x67, 0xF6,
    0x88, 0xF8, 0x89, 0xF8, 0xAA, 0xF9, 0x9A, 0xFA,
    0x01, 0xF3, 0x01, 0xF4, 0x67, 0xF8, 0x89, 0xFA,
    0x77, 0xF8, 0x44, 0xF5, 0x56, 0xF6, 0x78, 0xF8,
    0x66, 0xF6, 0x55, 0xF6, 0x66, 0xF5, 0xDD, 0xFC,
    0xEF, 0xFF, 0xEF, 0xFF, 0x9A, 0xFA, 0xCD, 0xFC,
    0xEF, 0xFF, 0xEF, 0xFF, 0xBC, 0xFC, 0x23, 0xF4,
    0x45, 0xF5, 0x77, 0xF7, 0x88, 0xF7, 0xDD, 0xFC,
    0xEF, 0xFE, 0xEF, 0xFF, 0xEF, 0xFF, 0xEF, 0xFE,
    0xEF, 0xFE, 0xEF, 0xFE, 0xEF, 0xFE, 0xEF, 0xFE,
    0xEF, 0xFE, 0xDE, 0xFE, 0xEE, 0xFE, 0xEF, 0xFE,
    0xEF, 0xFF, 0xBC, 0xFC, 0x57, 0xF7, 0x67, 0xF8,
    0x89, 0xFA, 0xBC, 0xFC, 0xCD, 0xFD, 0xCD, 0xFD,
    0xCE, 0xFE, 0xCD, 0xFD, 0xCD, 0xFD, 0xCD, 0xFD,
    0xCD, 0xFD, 0xDE, 0xFE, 0xCD, 0xFD, 0xCD, 0xFD,
    0xCD, 0xFD, 0xCD, 0xFD, 0xCD, 0xFD, 0xCE, 0xFE,
    0xCE, 0xFE, 0xDE, 0xFE, 0xDE, 0xFE, 0xDE, 0xFE,
    0xDE, 0xFE, 0x9A, 0xFA, 0x11, 0xF1, 0x11, 0xF2,
    0x12, 0xF2, 0x12, 0xF2, 0x12, 0xF2, 0x12, 0xF1,
    0x12, 0xF2, 0x22, 0xF2, 0x22, 0xF2, 0x22, 0xF2,
    0x12, 0xF2, 0x22, 0xF2, 0x22, 0xF2, 0x23, 0xF3,
    0xBC, 0xFC, 0xDE, 0xFE, 0x8A, 0xFB, 0x7A, 0xFC,
    0x7A, 0xFD, 0x7A, 0xFD, 0x58, 0xFC, 0x57, 0xFC,
    0x46, 0xFB, 0x24, 0xF8, 0x12, 0xF6, 0x22, 0xF5,
    0x22, 0xF4, 0x22, 0xF4, 0x34, 0xF6, 0x67, 0xF8,
    0x78, 0xF9, 0x77, 0xF9, 0x67, 0xF9, 0x67, 0xF9,
    0x77, 0xF9, 0x68, 0xF9, 0x68, 0xF9, 0x68, 0xF9,
    0x67, 0xF9, 0x67, 0xF9, 0x67, 0xF9, 0x68, 0xF9,
    0x68, 0xF9, 0x68, 0xF9, 0x68, 0xF9, 0x68, 0xF9,
    0x11, 0xF4, 0xBB, 0xFC, 0xDE, 0xFE, 0x78, 0xF7,
    0xDD, 0xFB, 0xDD, 0xFB, 0xEE, 0xFB, 0xDE, 0xFD,
    0x33, 0xF2, 0x12, 0xF2, 0x12, 0xF2, 0x12, 0xF2,
    0x12, 0xF2, 0x12, 0xF2, 0x12, 0xF2, 0x12, 0xF2,
    0x55, 0xF5, 0xCD, 0xFD, 0x12, 0xF1, 0x22, 0xF2,
    0x12, 0xF3, 0x12, 0xF2, 0x76, 0xF5, 0x87, 0xF5,
    0xDD, 0xFB, 0x23, 0xF2, 0x12, 0xF2, 0x11, 0xF3,
    0x11, 0xF4, 0x12, 0xF4, 0x11, 0xF3, 0x66, 0xF6,
    0xDD, 0xFD, 0xDD, 0xFD, 0xDD, 0xFD, 0xBC, 0xFC,
    0xDE, 0xFE, 0xDE, 0xFE, 0xDE, 0xFD, 0xBB, 0xFA,
    0xBB, 0xF9, 0xBB, 0xFA, 0xBB, 0xFA, 0xA9, 0xF8,
    0xA8, 0xF7, 0xB7, 0xF6, 0xB7, 0xF5, 0xB7, 0xF5,
    0xB8, 0xF6, 0xC8, 0xF6, 0xC8, 0xF6, 0xC9, 0xF7,
    0xC9, 0xF7, 0xA8, 0xF7, 0xCB, 0xFA, 0xA9, 0xF7,
    0xCB, 0xFA, 0x76, 0xF5, 0x88, 0xF7, 0x9A, 0xFA,
    0xDE, 0xFE, 0x58, 0xF7, 0x68, 0xF7, 0x8A, 0xFA,
    0xEF, 0xFF, 0x78, 0xF8, 0x78, 0xF8, 0x9A, 0xFA,
    0xCD, 0xFD, 0x9A, 0xFB, 0x67, 0xF9, 0x67, 0xF9,
    0x56, 0xF8, 0x45, 0xF5, 0xAA, 0xF9, 0xBB, 0xF9,
    0x44, 0xF4, 0x13, 0xF5, 0x68, 0xFA, 0x46, 0xF6,
    0x33, 0xF3, 0xBB, 0xF9, 0xEF, 0xFC, 0x98, 0xF6,
    0x99, 0xF8, 0x9A, 0xFA, 0x9A, 0xF9, 0xEF, 0xFF,
    0xDE, 0xFD, 0xDE, 0xFD, 0xBC, 0xFA, 0x45, 0xF3,
    0x45, 0xF4, 0x11, 0xF1, 0x77, 0xF7, 0x9A, 0xF8,
    0x99, 0xF7, 0x77, 0xF6, 0x99, 0xF7, 0xBB, 0xF8,
    0xEF, 0xFC, 0xAB, 0xF8, 0x67, 0xF5, 0x9A, 0xF8,
    0xDE, 0xFC, 0xCC, 0xFA, 0xAA, 0xF7, 0xBB, 0xF9,
    0xCD, 0xFB, 0xAA, 0xF9, 0xBB, 0xF9, 0xCC, 0xFA,
    0xBB, 0xFA, 0xAA, 0xF9, 0x99, 0xF8, 0x88, 0xF8,
    0x88, 0xF8, 0x88, 0xF8, 0x88, 0xF8, 0x88, 0xF8,
    0x78, 0xF8, 0x78, 0xF8, 0x78, 0xF8, 0x78, 0xF8,
    0x78, 0xF8, 0x9A, 0xF9, 0x99, 0xF8, 0x88, 0xF7,
    0x78, 0xF8, 0x88, 0xF8, 0x9A, 0xFA, 0x9A, 0xFA,
    0xAB, 0xFA, 0xBB, 0xFB, 0xAA, 0xFA, 0xAA, 0xFA,
    0x9A, 0xFA, 0x99, 0xFA, 0x99, 0xFB, 0x46, 0xF8,
    0x45, 0xF8, 0x45, 0xF7, 0x78, 0xFA, 0x78, 0xF8,
    0x99, 0xF8, 0x77, 0xF6, 0xA9, 0xF9, 0x66, 0xF6,
    0x11, 0xF3, 0x02, 0xF4, 0xBD, 0xFD, 0xDD, 0xFE,
    0x88, 0xF8, 0x66, 0xF6, 0x33, 0xF3, 0x88, 0xF7,
    0x77, 0xF7, 0x32, 0xF2, 0x54, 0xF3, 0x99, 0xF8,
    0xCD, 0xFC, 0xDE, 0xFD, 0x89, 0xF8, 0xCD, 0xFC,
    0xEF, 0xFF, 0xEF, 0xFF, 0xDE, 0xFE, 0xBC, 0xFC,
    0x56, 0xF7, 0x78, 0xF8, 0xAA, 0xF9, 0xEE, 0xFD,
    0xEF, 0xFF, 0xEF, 0xFF, 0xEF, 0xFE, 0xEF, 0xFE,
    0xEF, 0xFF, 0xEF, 0xFF, 0xEF, 0xFE, 0xEF, 0xFF,
    0xDE, 0xFE, 0xAA, 0xFA, 0xBB, 0xFB, 0xBA, 0xFA,
    0xCC, 0xFB, 0xAB, 0xFB, 0x8A, 0xFA, 0x78, 0xF9,
    0xBB, 0xFB, 0xEF, 0xFF, 0xEF, 0xFF, 0xEF, 0xFF,
    0xEF, 0xFF, 0xEF, 0xFF, 0xEF, 0xFF, 0xEF, 0xFF,
    0xEF, 0xFF, 0xEF, 0xFF, 0xEF, 0xFF, 0xEF, 0xFF,
    0xEF, 0xFF, 0xEF, 0xFF, 0xEF, 0xFF, 0xEF, 0xFF,
    0xEF, 0xFE, 0xEF, 0xFF, 0xEF, 0xFF, 0xEF, 0xFF,
    0xEF, 0xFF, 0xEF, 0xFE, 0xBC, 0xFC, 0xAB, 0xFB,
    0x34, 0xF4, 0x34, 0xF4, 0xAB, 0xFB, 0x9A, 0xFA,
    0x99, 0xF9, 0x99, 0xF9, 0x89, 0xF8, 0x89, 0xF9,
    0x89, 0xF9, 0x56, 0xF6, 0x12, 0xF2, 0x45, 0xF6,
    0xBC, 0xFD, 0x8B, 0xFC, 0x79, 0xFC, 0x69, 0xFC,
    0x7A, 0xFD, 0x89, 0xFD, 0x79, 0xFC, 0x46, 0xFA,
    0x23, 0xF6, 0x12, 0xF5, 0x22, 0xF4, 0x22, 0xF4,
    0x22, 0xF4, 0x22, 0xF4, 0x34, 0xF6, 0x67, 0xF9,
    0x67, 0xF9, 0x68, 0xF9, 0x67, 0xF8, 0x78, 0xF9,
    0x67, 0xF9, 0x68, 0xF9, 0x68, 0xF9, 0x68, 0xF9,
    0x67, 0xF9, 0x67, 0xF9, 0x67, 0xF9, 0x68, 0xF9,
    0x68, 0xF9, 0x68, 0xF9, 0x68, 0xF9, 0x68, 0xF9,
    0x11, 0xF3, 0xBC, 0xFD, 0xDE, 0xFE, 0x88, 0xF8,
    0xDD, 0xFB, 0xCC, 0xFA, 0xEE, 0xFC, 0xDE, 0xFD,
    0x23, 0xF2, 0x12, 0xF1, 0x12, 0xF2, 0x12, 0xF2,
    0x12, 0xF2, 0x12, 0xF1, 0x12, 0xF2, 0x12, 0xF2,
    0x45, 0xF4, 0xCD, 0xFD, 0x12, 0xF1, 0x12, 0xF1,
    0x11, 0xF2, 0x12, 0xF1, 0x66, 0xF5, 0x86, 0xF5,
    0xBB, 0xF9, 0x22, 0xF2, 0x12, 0xF2, 0x11, 0xF3,
    0x01, 0xF4, 0x02, 0xF4, 0x12, 0xF3, 0xBC, 0xFC,
    0xDE, 0xFD, 0xDD, 0xFD, 0xCD, 0xFD, 0xCD, 0xFD,
    0xEE, 0xFE, 0xEE, 0xFE, 0xEF, 0xFE, 0xBB, 0xFA,
    0xA9, 0xF8, 0xA9, 0xF8, 0x98, 0xF8, 0x87, 0xF7,
    0xA9, 0xF8, 0xA9, 0xF7, 0xB9, 0xF7, 0xB9, 0xF8,
    0xA8, 0xF8, 0xB9, 0xF8, 0xB8, 0xF7, 0xB8, 0xF7,
    0xA8, 0xF6, 0xA8, 0xF7, 0xCB, 0xFA, 0x99, 0xF8,
    0xAA, 0xF9, 0x76, 0xF5, 0x99, 0xF8, 0xBC, 0xFC,
    0xEF, 0xFF, 0x9B, 0xFA, 0x68, 0xF7, 0xBC, 0xFB,
    0xEF, 0xFF, 0x99, 0xF9, 0x78, 0xF8, 0x46, 0xF7,
    0x34, 0xF5, 0x34, 0xF5, 0x45, 0xF7, 0x24, 0xF6,
    0x23, 0xF6, 0x45, 0xF6, 0xBB, 0xF9, 0xBB, 0xF9,
    0x55, 0xF5, 0x35, 0xF6, 0x78, 0xF9, 0x78, 0xF9,
    0x45, 0xF5, 0xBC, 0xF9, 0xEF, 0xFD, 0x98, 0xF6,
    0xEF, 0xFE, 0xEF, 0xFE, 0xCD, 0xFC, 0xEE, 0xFE,
    0xEE, 0xFD, 0xCD, 0xFB, 0xDE, 0xFB, 0xBB, 0xF9,
    0xAB, 0xF9, 0xAB, 0xF9, 0x89, 0xF7, 0xBB, 0xF9,
    0xAB, 0xF9, 0x99, 0xF7, 0x98, 0xF7, 0xBB, 0xF9,
    0xEF, 0xFC, 0xBB, 0xF9, 0x9A, 0xF8, 0xBC, 0xFA,
    0xDE, 0xFC, 0xCC, 0xFB, 0x99, 0xF7, 0x99, 0xF8,
    0xBB, 0xFA, 0xCC, 0xFA, 0xBB, 0xF9, 0xAA, 0xF9,
    0xAA, 0xF9, 0xAA, 0xF9, 0xAA, 0xF9, 0xAA, 0xF9,
    0xAA, 0xF9, 0xA9, 0xF9, 0xA9, 0xF9, 0x99, 0xF9,
    0x88, 0xF8, 0x88, 0xF8, 0x78, 0xF8, 0x88, 0xF8,
    0xAA, 0xF9, 0xBB, 0xFA, 0x89, 0xF8, 0x88, 0xF8,
    0x88, 0xF8, 0x99, 0xF9, 0xAA, 0xFA, 0x9A, 0xF9,
    0xAA, 0xFA, 0xAB, 0xFA, 0xAA, 0xFA, 0xAA, 0xF9,
    0x99, 0xF9, 0x56, 0xF6, 0x66, 0xF8, 0x22, 0xF5,
    0x01, 0xF4, 0x12, 0xF4, 0x11, 0xF3, 0x45, 0xF4,
    0xBB, 0xFA, 0xAB, 0xF9, 0x99, 0xF8, 0x66, 0xF5,
    0x45, 0xF5, 0x23, 0xF4, 0xAB, 0xFB, 0xBC, 0xFB,
    0x67, 0xF6, 0x44, 0xF3, 0x32, 0xF1, 0x77, 0xF6,
    0x99, 0xF8, 0x44, 0xF3, 0x55, 0xF3, 0x77, 0xF5,
    0x77, 0xF5, 0x67, 0xF5, 0x88, 0xF7, 0xCD, 0xFB,
    0xEF, 0xFF, 0xEF, 0xFF, 0xEF, 0xFF, 0xEF, 0xFF,
    0x77, 0xF7, 0x88, 0xF8, 0xAA, 0xFA, 0xDE, 0xFE,
    0xEF, 0xFF, 0xEF, 0xFF, 0xBC, 0xFB, 0xBC, 0xFB,
    0xEF, 0xFF, 0xEF, 0xFF, 0xEF, 0xFF, 0xEF, 0xFF,
    0x9A, 0xFA, 0x55, 0xF5, 0x9A, 0xFA, 0xCB, 0xFB,
    0xAA, 0xFA, 0xBC, 0xFC, 0x67, 0xF8, 0x89, 0xF9,
    0x89, 0xF8, 0xAB, 0xFA, 0xCD, 0xFD, 0xCD, 0xFD,
    0xCD, 0xFD, 0xCD, 0xFD, 0xCD, 0xFD, 0xCD, 0xFC,
    0xCC, 0xFC, 0xCC, 0xFC, 0xCD, 0xFC, 0xBC, 0xFB,
    0xBC, 0xFB, 0xBC, 0xFB, 0xBC, 0xFB, 0xBC, 0xFB,
    0xBC, 0xFC, 0xCC, 0xFC, 0xCD, 0xFC, 0xCD, 0xFC,
    0xCD, 0xFC, 0xCD, 0xFC, 0xCD, 0xFD, 0xCD, 0xFD,
    0x88, 0xF8, 0x77, 0xF7, 0x99, 0xF9, 0xCD, 0xFC,
    0xCC, 0xFC, 0xCD, 0xFD, 0xCD, 0xFD, 0xCD, 0xFE,
    0xDE, 0xFE, 0x9A, 0xFA, 0x22, 0xF3, 0x22, 0xF5,
    0x12, 0xF6, 0x68, 0xFB, 0x8A, 0xFD, 0x79, 0xFC,
    0x89, 0xFC, 0x67, 0xFA, 0x34, 0xF6, 0x12, 0xF5,
    0x22, 0xF4, 0x22, 0xF3, 0x22, 0xF3, 0x22, 0xF3,
    0x22, 0xF3, 0x22, 0xF3, 0x34, 0xF6, 0x57, 0xF8,
    0x68, 0xF9, 0x68, 0xF9, 0x67, 0xF9, 0x68, 0xF9,
    0x67, 0xF9, 0x68, 0xF9, 0x68, 0xF9, 0x68, 0xF9,
    0x67, 0xF9, 0x67, 0xF9, 0x67, 0xF9, 0x68, 0xF9,
    0x68, 0xF9, 0x68, 0xF9, 0x68, 0xF9, 0x68, 0xF9,
    0x11, 0xF3, 0xBC, 0xFD, 0xDE, 0xFE, 0x88, 0xF8,
    0xDC, 0xFB, 0xDC, 0xFA, 0xEE, 0xFC, 0xDE, 0xFD,
    0x23, 0xF2, 0x12, 0xF1, 0x12, 0xF2, 0x22, 0xF2,
    0x22, 0xF2, 0x12, 0xF2, 0x12, 0xF2, 0x12, 0xF2,
    0x33, 0xF3, 0xCD, 0xFC, 0x22, 0xF1, 0x22, 0xF2,
    0x9A, 0xFA, 0x99, 0xF8, 0x76, 0xF5, 0x76, 0xF4,
    0xBB, 0xF9, 0x44, 0xF4, 0x11, 0xF2, 0x11, 0xF3,
    0x01, 0xF4, 0x01, 0xF3, 0x23, 0xF4, 0xBC, 0xFC,
    0xDD, 0xFD, 0xDE, 0xFD, 0xCD, 0xFD, 0xDD, 0xFD,
    0xEE, 0xFE, 0xDD, 0xFD, 0xDE, 0xFD, 0xBB, 0xFA,
    0x98, 0xF7, 0xA9, 0xF8, 0x98, 0xF8, 0x98, 0xF7,
    0xA9, 0xF8, 0xA9, 0xF7, 0xA8, 0xF7, 0xA9, 0xF8,
    0x87, 0xF7, 0xA9, 0xF9, 0xA9, 0xF8, 0xA8, 0xF7,
    0xA8, 0xF7, 0xAA, 0xF8, 0xCC, 0xFB, 0x9A, 0xF9,
    0xBB, 0xFA, 0x77, 0xF6, 0x98, 0xF7, 0xBB, 0xFB,
    0xCC, 0xFC, 0xDE, 0xFD, 0x67, 0xF7, 0xBB, 0xFA,
    0xCB, 0xFA, 0x87, 0xF6, 0x67, 0xF7, 0x34, 0xF5,
    0x02, 0xF3, 0x34, 0xF6, 0x23, 0xF5, 0x01, 0xF4,
    0x01, 0xF4, 0x33, 0xF4, 0x87, 0xF6, 0x98, 0xF6,
    0x44, 0xF3, 0x67, 0xF7, 0x89, 0xF9, 0x9A, 0xFA,
    0x67, 0xF6, 0xBC, 0xFA, 0xEF, 0xFD, 0x99, 0xF7,
    0xDE, 0xFD, 0xEF, 0xFF, 0xCD, 0xFC, 0xDE, 0xFE,
    0xEF, 0xFE, 0xBC, 0xF9, 0xEE, 0xFC, 0xDD, 0xFB,
    0xDE, 0xFC, 0xDD, 0xFC, 0xCC, 0xFB, 0xDE, 0xFD,
    0xEE, 0xFC, 0xDD, 0xFC, 0xDD, 0xFB, 0xDD, 0xFA,
    0xEF, 0xFC, 0xDE, 0xFB, 0xDE, 0xFC, 0xCC, 0xFB,
    0xCC, 0xFA, 0xDD, 0xFB, 0xDC, 0xFB, 0xCC, 0xFB,
    0xBB, 0xFA, 0xAA, 0xF9, 0xA9, 0xF8, 0xAA, 0xF9,
    0xAA, 0xF9, 0x9A, 0xF9, 0x9A, 0xF9, 0xAA, 0xF9,
    0xAA, 0xF9, 0x99, 0xF9, 0x98, 0xF9, 0x88, 0xF8,
    0x88, 0xF8, 0x88, 0xF7, 0x88, 0xF7, 0x99, 0xF8,
    0xBC, 0xFA, 0x99, 0xF9, 0x88, 0xF8, 0x88, 0xF8,
    0x99, 0xF9, 0x99, 0xF9, 0xAA, 0xFA, 0x9A, 0xF9,
    0xAA, 0xF9, 0xBB, 0xFA, 0xCC, 0xFC, 0xCC, 0xFB,
    0xDD, 0xFC, 0xCC, 0xFC, 0x77, 0xF8, 0x77, 0xF8,
    0x89, 0xFA, 0xCD, 0xFD, 0x67, 0xF7, 0x88, 0xF7,
    0xBC, 0xFA, 0xCC, 0xFA, 0xAA, 0xF8, 0xBB, 0xFA,
    0xAA, 0xFA, 0x89, 0xF9, 0x56, 0xF6, 0x78, 0xF7,
    0x78, 0xF6, 0x55, 0xF3, 0x43, 0xF2, 0x77, 0xF6,
    0x55, 0xF3, 0x43, 0xF3, 0x54, 0xF3, 0x88, 0xF7,
    0x77, 0xF6, 0x55, 0xF4, 0x77, 0xF6, 0x99, 0xF8,
    0xBC, 0xFC, 0x45, 0xF5, 0x56, 0xF5, 0x56, 0xF5,
    0x55, 0xF5, 0x88, 0xF8, 0x9A, 0xFA, 0x9A, 0xFB,
    0xAB, 0xFB, 0x79, 0xF8, 0x57, 0xF6, 0x67, 0xF7,
    0x78, 0xF8, 0x8A, 0xFA, 0x8A, 0xFB, 0xAC, 0xFC,
    0x9B, 0xFB, 0x9B, 0xFB, 0xDE, 0xFE, 0xDD, 0xFD,
    0xBB, 0xFB, 0x99, 0xFA, 0x88, 0xF8, 0x55, 0xF5,
    0x54, 0xF4, 0x99, 0xF9, 0xCD, 0xFD, 0xBD, 0xFD,
    0xBD, 0xFD, 0xCE, 0xFE, 0xDE, 0xFD, 0xCD, 0xFC,
    0xBC, 0xFB, 0xBC, 0xFB, 0xCC, 0xFC, 0xBC, 0xFB,
    0xBC, 0xFC, 0xCC, 0xFC, 0xCC, 0xFC, 0xCD, 0xFC,
    0xCD, 0xFC, 0xCD, 0xFD, 0xCD, 0xFD, 0xCD, 0xFD,
    0xCD, 0xFD, 0xCD, 0xFD, 0xCD, 0xFC, 0xCD, 0xFD,
    0xCC, 0xFC, 0xAA, 0xFA, 0xBB, 0xFB, 0xCC, 0xFC,
    0xCC, 0xFC, 0xCD, 0xFD, 0xCD, 0xFD, 0xCD, 0xFD,
    0xAB, 0xFC, 0x44, 0xF5, 0x22, 0xF4, 0x44, 0xF7,
    0x34, 0xF8, 0x45, 0xF8, 0x45, 0xF8, 0x56, 0xF8,
    0x45, 0xF7, 0x23, 0xF6, 0x33, 0xF6, 0x22, 0xF5,
    0x22, 0xF4, 0x22, 0xF4, 0x22, 0xF4, 0x22, 0xF4,
    0x22, 0xF4, 0x22, 0xF4, 0x34, 0xF6, 0x57, 0xF8,
    0x67, 0xF9, 0x68, 0xF9, 0x68, 0xF9, 0x68, 0xF9,
    0x68, 0xF9, 0x68, 0xF9, 0x68, 0xF9, 0x68, 0xF9,
    0x67, 0xF9, 0x67, 0xF9, 0x67, 0xF9, 0x68, 0xF9,
    0x67, 0xF9, 0x67, 0xF9, 0x67, 0xF8, 0x67, 0xF9,
    0x11, 0xF2, 0xBC, 0xFC, 0xDE, 0xFE, 0x88, 0xF7,
    0xDD, 0xFB, 0xDC, 0xFB, 0xEE, 0xFC, 0xDE, 0xFC,
    0x23, 0xF2, 0x11, 0xF1, 0x21, 0xF1, 0x21, 0xF1,
    0x21, 0xF1, 0x21, 0xF1, 0x21, 0xF1, 0x22, 0xF1,
    0x33, 0xF1, 0xCD, 0xFB, 0x44, 0xF2, 0x44, 0xF3,
    0xAA, 0xF9, 0xBC, 0xFA, 0xCC, 0xFA, 0x77, 0xF5,
    0xDD, 0xFB, 0x55, 0xF5, 0x11, 0xF2, 0x11, 0xF3,
    0x11, 0xF3, 0x11, 0xF3, 0x33, 0xF5, 0xCC, 0xFC,
    0xDD, 0xFD, 0xCD, 0xFD, 0xCD, 0xFD, 0xCD, 0xFD,
    0xDD, 0xFD, 0xDE, 0xFD, 0xEE, 0xFD, 0xBA, 0xF9,
    0x86, 0xF4, 0x95, 0xF3, 0x86, 0xF4, 0x86, 0xF4,
    0x86, 0xF4, 0x86, 0xF4, 0x96, 0xF4, 0x86, 0xF4,
    0x97, 0xF6, 0x86, 0xF5, 0x96, 0xF4, 0x96, 0xF5,
    0x97, 0xF5, 0x76, 0xF5, 0xCC, 0xFA, 0x99, 0xF7,
    0xAA, 0xF8, 0x87, 0xF5, 0x86, 0xF5, 0x87, 0xF5,
    0x97, 0xF6, 0x99, 0xF8, 0x87, 0xF6, 0x86, 0xF5,
    0xB9, 0xF7, 0xA8, 0xF6, 0x89, 0xF8, 0x77, 0xF7,
    0x34, 0xF5, 0x01, 0xF2, 0x01, 0xF2, 0x34, 0xF5,
    0x22, 0xF4, 0x54, 0xF4, 0xA9, 0xF7, 0xBA, 0xF7,
    0x65, 0xF4, 0xAB, 0xFB, 0xAB, 0xFA, 0xBB, 0xFB,
    0xDD, 0xFD, 0xEE, 0xFE, 0xEF, 0xFE, 0xEE, 0xFE,
    0xDE, 0xFE, 0xCD, 0xFD, 0xCD, 0xFD, 0xDE, 0xFD,
    0xDE, 0xFD, 0xDE, 0xFD, 0xCD, 0xFB, 0xAB, 0xFA,
    0x9A, 0xFA, 0x9A, 0xFA, 0x9A, 0xFA, 0xAB, 0xFA,
    0xBC, 0xFB, 0xDD, 0xFC, 0xDD, 0xFB, 0xDC, 0xFA,
    0xEE, 0xFB, 0xCD, 0xFA, 0xDD, 0xFB, 0xCC, 0xFB,
    0xBB, 0xF9, 0xBA, 0xF9, 0xAA, 0xF8, 0x99, 0xF8,
    0x88, 0xF7, 0x99, 0xF8, 0x99, 0xF8, 0x89, 0xF8,
    0x88, 0xF7, 0x78, 0xF7, 0x77, 0xF7, 0x77, 0xF7,
    0x77, 0xF7, 0x99, 0xF9, 0xAA, 0xFA, 0xAA, 0xFA,
    0xAA, 0xF9, 0xAA, 0xFA, 0xBB, 0xFA, 0xCC, 0xFA,
    0xCC, 0xFA, 0xAA, 0xF9, 0xAA, 0xFA, 0xAA, 0xFA,
    0xAA, 0xFA, 0xAA, 0xFA, 0x9A, 0xF9, 0x99, 0xF9,
    0xAA, 0xF9, 0xAA, 0xFA, 0xBB, 0xFA, 0xBB, 0xFA,
    0xCC, 0xFB, 0xCC, 0xFC, 0x44, 0xF4, 0x11, 0xF2,
    0x11, 0xF2, 0x12, 0xF3, 0x23, 0xF3, 0x55, 0xF5,
    0xCC, 0xFB, 0xCC, 0xFA, 0xAA, 0xF8, 0xCC, 0xFA,
    0xBC, 0xFB, 0xBC, 0xFB, 0xAB, 0xFA, 0x99, 0xF8,
    0x78, 0xF6, 0x55, 0xF4, 0x33, 0xF2, 0x99, 0xF8,
    0x98, 0xF7, 0x54, 0xF3, 0x64, 0xF3, 0x77, 0xF6,
    0x67, 0xF5, 0x56, 0xF4, 0x89, 0xF7, 0x99, 0xF8,
    0x9A, 0xFA, 0x67, 0xF7, 0x67, 0xF7, 0x67, 0xF7,
    0x66, 0xF6, 0x66, 0xF6, 0x56, 0xF7, 0x8A, 0xFA,
    0xDE, 0xFE, 0xDF, 0xFE, 0xEF, 0xFF, 0xEF, 0xFF,
    0xCD, 0xFD, 0x8A, 0xFB, 0x8A, 0xFC, 0x8A, 0xFB,
    0x79, 0xFB, 0x79, 0xFB, 0x89, 0xFA, 0xBB, 0xFC,
    0x32, 0xF2, 0x31, 0xF1, 0x41, 0xF1, 0x41, 0xF0,
    0x41, 0xF1, 0x32, 0xF3, 0x44, 0xF5, 0x12, 0xF4,
    0x35, 0xF7, 0x78, 0xFA, 0x56, 0xF6, 0x66, 0xF6,
    0x67, 0xF6, 0x89, 0xF7, 0x99, 0xF8, 0x99, 0xF8,
    0x99, 0xF8, 0x99, 0xF9, 0x99, 0xF9, 0x99, 0xF9,
    0x99, 0xF9, 0x9A, 0xF9, 0x9A, 0xF9, 0x9A, 0xF9,
    0xAA, 0xF9, 0x9A, 0xF9, 0xAA, 0xF9, 0xAA, 0xF9,
    0xAA, 0xF9, 0xAA, 0xFA, 0xAB, 0xFA, 0xAB, 0xFA,
    0xAB, 0xFA, 0xAB, 0xFA, 0x89, 0xF9, 0x78, 0xF9,
    0x56, 0xF7, 0x22, 0xF3, 0x22, 0xF3, 0x12, 0xF5,
    0x23, 0xF6, 0x22, 0xF5, 0x12, 0xF5, 0x23, 0xF5,
    0x33, 0xF5, 0x44, 0xF6, 0x44, 0xF7, 0x33, 0xF6,
    0x44, 0xF6, 0x44, 0xF6, 0x45, 0xF6, 0x44, 0xF6,
    0x23, 0xF5, 0x33, 0xF4, 0x34, 0xF5, 0x45, 0xF6,
    0x56, 0xF7, 0x56, 0xF7, 0x56, 0xF7, 0x57, 0xF8,
    0x57, 0xF8, 0x67, 0xF9, 0x68, 0xF9, 0x68, 0xF9,
    0x67, 0xF9, 0x67, 0xF9, 0x67, 0xF9, 0x67, 0xF9,
    0x67, 0xF9, 0x68, 0xF9, 0x67, 0xF9, 0x67, 0xF9,
    0x44, 0xF4, 0xBC, 0xFC, 0xDE, 0xFE, 0x78, 0xF7,
    0xDD, 0xFC, 0xDC, 0xFB, 0xEE, 0xFC, 0xDE, 0xFC,
    0x45, 0xF2, 0x44, 0xF2, 0x44, 0xF2, 0x44, 0xF2,
    0x55, 0xF2, 0x65, 0xF3, 0x66, 0xF3, 0x55, 0xF2,
    0x44, 0xF1, 0xCD, 0xFA, 0x89, 0xF6, 0xDE, 0xFB,
    0xCC, 0xF9, 0xAB, 0xF8, 0xAA, 0xF8, 0xBA, 0xF8,
    0xDC, 0xFA, 0x55, 0xF4, 0x22, 0xF2, 0x11, 0xF2,
    0x11, 0xF3, 0x11, 0xF3, 0x33, 0xF4, 0xBB, 0xFC,
    0xDD, 0xFD, 0xCD, 0xFD, 0xCD, 0xFD, 0xCD, 0xFD,
    0xDE, 0xFD, 0xDE, 0xFD, 0xEE, 0xFD, 0xBA, 0xF8,
    0xA7, 0xF5, 0xA6, 0xF4, 0xA7, 0xF5, 0xA7, 0xF5,
    0xA7, 0xF5, 0xA7, 0xF5, 0xA7, 0xF4, 0xA7, 0xF5,
    0xBA, 0xF8, 0xA7, 0xF5, 0xB7, 0xF5, 0xA7, 0xF5,
    0xA8, 0xF6, 0xA8, 0xF7, 0xBB, 0xF9, 0xAA, 0xF9,
    0xBB, 0xF9, 0xA9, 0xF7, 0x98, 0xF6, 0x98, 0xF6,
    0x98, 0xF6, 0xAA, 0xF9, 0xAA, 0xF9, 0x97, 0xF6,
    0xA7, 0xF5, 0xBA, 0xF7, 0x66, 0xF5, 0x77, 0xF6,
    0x78, 0xF8, 0x33, 0xF3, 0x11, 0xF1, 0x12, 0xF2,
    0x23, 0xF3, 0x77, 0xF6, 0xBA, 0xF8, 0xCA, 0xF7,
    0xBA, 0xF9, 0xCC, 0xFC, 0x88, 0xF8, 0x99, 0xFA,
    0xBB, 0xFC, 0xAA, 0xFA, 0x99, 0xFA, 0x89, 0xFB,
    0x99, 0xFB, 0x66, 0xF9, 0x8A, 0xFB, 0x9B, 0xFB,
    0x68, 0xF8, 0xAB, 0xFB, 0x89, 0xF9, 0x56, 0xF7,
    0x45, 0xF7, 0x45, 0xF8, 0x57, 0xF9, 0x57, 0xF8,
    0x67, 0xF7, 0xDD, 0xFD, 0xCC, 0xFB, 0xCC, 0xFA,
    0xCC, 0xF9, 0x9A, 0xF7, 0xAB, 0xF9, 0xBB, 0xF9,
    0xAA, 0xF8, 0x89, 0xF7, 0x88, 0xF7, 0x88, 0xF7,
    0x99, 0xF7, 0x88, 0xF8, 0x77, 0xF7, 0x77, 0xF7,
    0x77, 0xF7, 0x77, 0xF7, 0x77, 0xF7, 0x77, 0xF7,
    0x99, 0xF9, 0xAA, 0xFA, 0xAA, 0xFA, 0xAA, 0xFA,
    0xAA, 0xFA, 0xAA, 0xF9, 0xBB, 0xFA, 0xBB, 0xFA,
    0xBB, 0xFA, 0xAA, 0xFA, 0xAA, 0xFA, 0xAA, 0xFA,
    0xAB, 0xFA, 0x9A, 0xFA, 0x89, 0xF9, 0x89, 0xF9,
    0x89, 0xF9, 0x99, 0xF9, 0x99, 0xF9, 0xAA, 0xF9,
    0x99, 0xF8, 0x99, 0xF8, 0x33, 0xF3, 0x44, 0xF4,
    0x23, 0xF3, 0x33, 0xF3, 0x45, 0xF4, 0x22, 0xF2,
    0xAA, 0xF9, 0xBB, 0xF9, 0x88, 0xF6, 0xCC, 0xFB,
    0xCC, 0xFB, 0xDD, 0xFB, 0xCC, 0xFA, 0xBC, 0xFA,
    0x99, 0xF7, 0x55, 0xF4, 0x55, 0xF5, 0x88, 0xF7,
    0x77, 0xF6, 0x54, 0xF4, 0x87, 0xF7, 0x76, 0xF7,
    0x66, 0xF7, 0x99, 0xFA, 0x88, 0xF8, 0x78, 0xF7,
    0x89, 0xF8, 0x78, 0xF7, 0x78, 0xF8, 0x78, 0xF7,
    0x44, 0xF4, 0x66, 0xF7, 0x44, 0xF5, 0xDE, 0xFE,
    0xEF, 0xFF, 0x56, 0xF7, 0x56, 0xF7, 0x55, 0xF6,
    0x45, 0xF6, 0x11, 0xF3, 0x11, 0xF3, 0x11, 0xF3,
    0x11, 0xF3, 0x34, 0xF5, 0xBB, 0xFC, 0x54, 0xF5,
    0x41, 0xF1, 0x51, 0xF1, 0x60, 0xF1, 0x51, 0xF1,
    0x41, 0xF1, 0x41, 0xF2, 0x42, 0xF4, 0x43, 0xF6,
    0x54, 0xF8, 0x88, 0xFB, 0x43, 0xF5, 0x65, 0xF5,
    0x55, 0xF5, 0x77, 0xF6, 0x88, 0xF7, 0x99, 0xF8,
    0x88, 0xF7, 0x88, 0xF8, 0x88, 0xF8, 0x89, 0xF8,
    0x89, 0xF8, 0x89, 0xF8, 0x89, 0xF8, 0x89, 0xF8,
    0x99, 0xF8, 0x89, 0xF8, 0x9A, 0xF8, 0x99, 0xF9,
    0x99, 0xF9, 0x9A, 0xF9, 0x9A, 0xF9, 0x9A, 0xF9,
    0x9A, 0xFA, 0x89, 0xF9, 0x78, 0xF8, 0x56, 0xF6,
    0x34, 0xF5, 0x67, 0xF8, 0x23, 0xF3, 0x45, 0xF7,
    0x33, 0xF7, 0x33, 0xF8, 0x34, 0xF8, 0x34, 0xF7,
    0x34, 0xF6, 0x34, 0xF6, 0x34, 0xF6, 0x34, 0xF5,
    0x33, 0xF5, 0x23, 0xF5, 0x23, 0xF5, 0x23, 0xF5,
    0x23, 0xF4, 0x23, 0xF3, 0x34, 0xF4, 0x45, 0xF6,
    0x45, 0xF5, 0x34, 0xF5, 0x34, 0xF5, 0x34, 0xF5,
    0x34, 0xF5, 0x34, 0xF6, 0x35, 0xF6, 0x34, 0xF6,
    0x34, 0xF5, 0x23, 0xF4, 0x45, 0xF6, 0x56, 0xF7,
    0x57, 0xF8, 0x57, 0xF8, 0x67, 0xF9, 0x67, 0xF9,
    0x88, 0xF8, 0xAA, 0xFB, 0xDE, 0xFE, 0x88, 0xF7,
    0xDD, 0xFB, 0xDC, 0xFB, 0xEE, 0xFC, 0xEE, 0xFD,
    0xCC, 0xFB, 0xDE, 0xFC, 0x9A, 0xF8, 0x77, 0xF5,
    0x88, 0xF6, 0x77, 0xF5, 0x56, 0xF4, 0x55, 0xF4,
    0x55, 0xF3, 0xCD, 0xFB, 0x55, 0xF3, 0x55, 0xF3,
    0xAA, 0xF8, 0xAA, 0xF9, 0x89, 0xF7, 0xAA, 0xF8,
    0xCC, 0xFA, 0xAA, 0xF8, 0x9A, 0xF9, 0x89, 0xF8,
    0x78, 0xF8, 0x67, 0xF7, 0x67, 0xF7, 0x9A, 0xF9,
    0xBC, 0xFB, 0xCD, 0xFC, 0xCD, 0xFC, 0xCD, 0xFD,
    0xDE, 0xFD, 0xDE, 0xFD, 0xBC, 0xFB, 0x98, 0xF7,
    0xA8, 0xF7, 0xA8, 0xF6, 0x97, 0xF6, 0x97, 0xF6,
    0x98, 0xF6, 0xA8, 0xF6, 0xA8, 0xF6, 0x98, 0xF7,
    0xBA, 0xF9, 0xA8, 0xF7, 0xA8, 0xF7, 0xA9, 0xF7,
    0x98, 0xF6, 0xAA, 0xF8, 0xCC, 0xFA, 0xBC, 0xF9,
    0xAA, 0xF8, 0x98, 0xF7, 0xAA, 0xF8, 0xCB, 0xFA,
    0x87, 0xF6, 0xDE, 0xFD, 0x9A, 0xF9, 0x98, 0xF6,
    0xA8, 0xF6, 0xEE, 0xFC, 0xDE, 0xFC, 0xAA, 0xF8,
    0xBB, 0xFA, 0xCC, 0xFC, 0xBC, 0xFB, 0xAB, 0xFA,
    0x9A, 0xF9, 0xBB, 0xFA, 0xCB, 0xF8, 0xBB, 0xF7,
    0xBA, 0xF9, 0x66, 0xF6, 0x44, 0xF5, 0x33, 0xF6,
    0x33, 0xF6, 0x44, 0xF6, 0x32, 0xF5, 0x23, 0xF7,
    0x32, 0xF6, 0x44, 0xF7, 0x79, 0xFB, 0x9A, 0xFB,
    0x34, 0xF4, 0x89, 0xF9, 0xCD, 0xFD, 0x56, 0xF8,
    0x01, 0xF5, 0x01, 0xF6, 0x02, 0xF6, 0x02, 0xF5,
    0x57, 0xF8, 0x67, 0xF8, 0xAA, 0xFA, 0xBB, 0xFA,
    0xBB, 0xF9, 0xAB, 0xF9, 0x99, 0xF8, 0x88, 0xF7,
    0x88, 0xF7, 0x88, 0xF7, 0x78, 0xF7, 0x88, 0xF7,
    0x77, 0xF6, 0x77, 0xF6, 0x77, 0xF7, 0x77, 0xF7,
    0x67, 0xF7, 0x66, 0xF7, 0x77, 0xF7, 0x77, 0xF7,
    0x77, 0xF7, 0x77, 0xF7, 0x78, 0xF8, 0x99, 0xF9,
    0x99, 0xF9, 0x99, 0xF9, 0x99, 0xF9, 0x99, 0xF8,
    0x99, 0xF8, 0x88, 0xF8, 0x88, 0xF8, 0x88, 0xF8,
    0x89, 0xF9, 0x89, 0xF9, 0x89, 0xF9, 0x89, 0xF9,
    0x89, 0xF9, 0x89, 0xF9, 0x99, 0xF9, 0xAA, 0xFA,
    0xAA, 0xFA, 0xBB, 0xFB, 0xBB, 0xFB, 0xAA, 0xFA,
    0xAA, 0xFA, 0x9A, 0xF9, 0x99, 0xF9, 0x99, 0xF8,
    0x88, 0xF7, 0x99, 0xF7, 0x88, 0xF6, 0xBB, 0xF9,
    0xCC, 0xFA, 0xDD, 0xFB, 0xDD, 0xFB, 0xDD, 0xFB,
    0xCD, 0xFB, 0xBC, 0xFB, 0x9A, 0xF9, 0x78, 0xF7,
    0x77, 0xF6, 0x66, 0xF6, 0x88, 0xF9, 0x21, 0xF4,
    0x11, 0xF5, 0x34, 0xF6, 0xAA, 0xFB, 0x99, 0xF9,
    0x88, 0xF7, 0x76, 0xF5, 0x87, 0xF6, 0x76, 0xF5,
    0xBA, 0xFB, 0x87, 0xF8, 0x77, 0xF7, 0xEF, 0xFE,
    0xBC, 0xFD, 0x01, 0xF4, 0x11, 0xF5, 0x11, 0xF5,
    0x12, 0xF4, 0x11, 0xF2, 0x11, 0xF2, 0x11, 0xF2,
    0x11, 0xF2, 0xAB, 0xFB, 0x65, 0xF5, 0x53, 0xF3,
    0x42, 0xF2, 0x63, 0xF4, 0x51, 0xF2, 0x52, 0xF3,
    0x42, 0xF2, 0x42, 0xF3, 0x42, 0xF4, 0x43, 0xF6,
    0x45, 0xF8, 0x89, 0xFB, 0x88, 0xF9, 0x66, 0xF5,
    0x55, 0xF5, 0x77, 0xF7, 0x99, 0xF9, 0x9A, 0xF9,
    0x67, 0xF7, 0x77, 0xF7, 0x78, 0xF7, 0x78, 0xF7,
    0x78, 0xF7, 0x78, 0xF8, 0x67, 0xF7, 0x78, 0xF8,
    0x78, 0xF8, 0x67, 0xF7, 0x78, 0xF8, 0x78, 0xF8,
    0x78, 0xF8, 0x78, 0xF8, 0x78, 0xF8, 0x78, 0xF8,
    0x88, 0xF8, 0x78, 0xF8, 0x56, 0xF6, 0x45, 0xF6,
    0x89, 0xFA, 0x89, 0xF9, 0x33, 0xF4, 0x78, 0xF9,
    0x34, 0xF8, 0x34, 0xF9, 0x34, 0xFA, 0x34, 0xF9,
    0x56, 0xFA, 0x56, 0xFA, 0x57, 0xFA, 0x57, 0xFA,
    0x56, 0xFA, 0x57, 0xFA, 0x56, 0xFA, 0x56, 0xF9,
    0x44, 0xF6, 0x23, 0xF3, 0x56, 0xF6, 0x67, 0xF8,
    0x67, 0xF8, 0x67, 0xF8, 0x67, 0xF8, 0x67, 0xF8,
    0x67, 0xF8, 0x57, 0xF8, 0x56, 0xF7, 0x46, 0xF7,
    0x45, 0xF6, 0x23, 0xF4, 0x34, 0xF4, 0x34, 0xF5,
    0x34, 0xF5, 0x34, 0xF5, 0x34, 0xF5, 0x35, 0xF6,
    0xAA, 0xFA, 0xAB, 0xFB, 0xDE, 0xFE, 0x88, 0xF8,
    0xDD, 0xFB, 0xDD, 0xFB, 0xDD, 0xFB, 0xDE, 0xFD,
    0x89, 0xF8, 0x78, 0xF7, 0x78, 0xF7, 0x67, 0xF6,
    0x77, 0xF7, 0x77, 0xF7, 0x77, 0xF7, 0x78, 0xF7,
    0x67, 0xF6, 0xCD, 0xFC, 0x66, 0xF5, 0x55, 0xF4,
    0xAA, 0xF9, 0x99, 0xF8, 0x88, 0xF6, 0x9A, 0xF8,
    0xBB, 0xF9, 0xAA, 0xF8, 0x56, 0xF4, 0x56, 0xF5,
    0x56, 0xF5, 0x56, 0xF5, 0x56, 0xF5, 0x89, 0xF8,
    0x67, 0xF5, 0xAB, 0xFA, 0xBC, 0xFB, 0xCC, 0xFC,
    0xDD, 0xFD, 0xBB, 0xFB, 0x89, 0xF8, 0xAA, 0xF9,
    0xA9, 0xF8, 0xA9, 0xF8, 0x99, 0xF9, 0x77, 0xF7,
    0x99, 0xF9, 0x99, 0xF8, 0xA9, 0xF8, 0x99, 0xF8,
    0xAB, 0xFA, 0xAA, 0xF9, 0xAA, 0xF9, 0xBA, 0xF8,
    0x99, 0xF8, 0xAA, 0xF8, 0xCD, 0xFB, 0xAA, 0xF8,
    0xAA, 0xF8, 0x99, 0xF7, 0xAA, 0xF9, 0xBB, 0xFA,
    0x99, 0xF9, 0xCD, 0xFC, 0x9A, 0xF9, 0xAA, 0xF8,
    0xAA, 0xF9, 0xAB, 0xF9, 0xAB, 0xF9, 0xBC, 0xFA,
    0xCC, 0xFB, 0xBB, 0xF9, 0xAA, 0xF9, 0xBB, 0xFB,
    0xAB, 0xFA, 0x99, 0xF8, 0xBB, 0xF9, 0xBB, 0xF8,
    0x78, 0xF6, 0x88, 0xF9, 0x01, 0xF3, 0x11, 0xF4,
    0x67, 0xF8, 0xBC, 0xFD, 0x11, 0xF5, 0x01, 0xF6,
    0x11, 0xF5, 0x22, 0xF5, 0x9A, 0xFC, 0x89, 0xF9,
    0x89, 0xF9, 0xBC, 0xFC, 0xCD, 0xFD, 0xAB, 0xFC,
    0x22, 0xF5, 0x33, 0xF7, 0x88, 0xFB, 0x01, 0xF5,
    0x46, 0xF8, 0x67, 0xF9, 0xAA, 0xFB, 0x9A, 0xFA,
    0xAA, 0xFA, 0x99, 0xF9, 0xAA, 0xF9, 0x99, 0xF9,
    0x99, 0xF9, 0xAA, 0xFA, 0x99, 0xF9, 0x89, 0xF9,
    0x99, 0xF9, 0x89, 0xF9, 0x89, 0xF9, 0x89, 0xF9,
    0x89, 0xF9, 0x89, 0xF9, 0x99, 0xF9, 0x89, 0xF9,
    0x89, 0xF9, 0x89, 0xF9, 0x89, 0xF9, 0x99, 0xF9,
    0x99, 0xF8, 0x99, 0xF9, 0x99, 0xF9, 0x99, 0xF9,
    0x99, 0xF9, 0x89, 0xF9, 0x89, 0xF8, 0x88, 0xF8,
    0x88, 0xF8, 0x99, 0xF9, 0x89, 0xF9, 0x89, 0xF9,
    0x89, 0xF9, 0x89, 0xF9, 0x89, 0xF9, 0x99, 0xF9,
    0x9A, 0xF9, 0xBB, 0xFB, 0xBB, 0xFB, 0xBB, 0xFB,
    0xBB, 0xFB, 0xBB, 0xFB, 0xBB, 0xFB, 0xAB, 0xFA,
    0xBB, 0xFA, 0x89, 0xF7, 0xCC, 0xFA, 0xDD, 0xFB,
    0xCC, 0xFA, 0xCC, 0xFA, 0xDD, 0xFB, 0xDD, 0xFB,
    0xCC, 0xFB, 0xCD, 0xFC, 0xCC, 0xFC, 0xBB, 0xFA,
    0xAB, 0xF9, 0xAB, 0xF9, 0x9A, 0xFA, 0x01, 0xF4,
    0x01, 0xF6, 0x33, 0xF7, 0x77, 0xF9, 0x88, 0xF8,
    0x98, 0xF7, 0x98, 0xF6, 0x98, 0xF6, 0xA9, 0xF8,
    0x99, 0xF9, 0x55, 0xF5, 0x89, 0xF9, 0xEF, 0xFF,
    0xAB, 0xFB, 0x01, 0xF4, 0x01, 0xF5, 0x11, 0xF5,
    0x01, 0xF4, 0x11, 0xF4, 0x11, 0xF4, 0x12, 0xF4,
    0x11, 0xF3, 0x89, 0xF9, 0x76, 0xF7, 0x86, 0xF7,
    0x43, 0xF4, 0x97, 0xF8, 0x53, 0xF4, 0x76, 0xF7,
    0x76, 0xF7, 0x76, 0xF7, 0x65, 0xF7, 0x34, 0xF7,
    0x36, 0xFA, 0x69, 0xFC, 0x45, 0xF7, 0x56, 0xF7,
    0x56, 0xF6, 0x67, 0xF7, 0x99, 0xF9, 0x9A, 0xFA,
    0x77, 0xF8, 0x78, 0xF8, 0x78, 0xF8, 0x78, 0xF8,
    0x78, 0xF8, 0x89, 0xF9, 0x78, 0xF9, 0x78, 0xF9,
    0x78, 0xF9, 0x78, 0xF8, 0x89, 0xF9, 0x78, 0xF9,
    0x78, 0xF9, 0x89, 0xF9, 0x89, 0xF9, 0x89, 0xF9,
    0x89, 0xF9, 0x55, 0xF6, 0x44, 0xF5, 0x88, 0xF9,
    0x89, 0xFA, 0x88, 0xF9, 0x34, 0xF4, 0x78, 0xF9,
    0x45, 0xF9, 0x23, 0xF9, 0x34, 0xF9, 0x34, 0xFA,
    0x45, 0xFB, 0x35, 0xFA, 0x34, 0xF9, 0x35, 0xF9,
    0x45, 0xFA, 0x34, 0xF9, 0x34, 0xF9, 0x34, 0xF9,
    0x23, 0xF6, 0x23, 0xF4, 0x56, 0xF7, 0x56, 0xF8,
    0x67, 0xF9, 0x67, 0xF9, 0x67, 0xF9, 0x67, 0xF9,
    0x67, 0xF9, 0x78, 0xF9, 0x68, 0xF9, 0x78, 0xF9,
    0x67, 0xF8, 0x12, 0xF2, 0x45, 0xF5, 0x67, 0xF7,
    0x67, 0xF8, 0x67, 0xF7, 0x56, 0xF7, 0x56, 0xF6,
    0xDE, 0xFE, 0xAB, 0xFB, 0xDE, 0xFE, 0xAA, 0xF9,
    0xDD, 0xFB, 0xDD, 0xFB, 0xED, 0xFB, 0xDD, 0xFC,
    0xEE, 0xFD, 0xEE, 0xFD, 0xEE, 0xFD, 0xDE, 0xFD,
    0xDE, 0xFD, 0xEE, 0xFD, 0xEE, 0xFD, 0xDE, 0xFC,
    0xDE, 0xFC, 0xEE, 0xFD, 0xDE, 0xFC, 0xDE, 0xFC,
    0xEE, 0xFD, 0xDE, 0xFC, 0xDE, 0xFC, 0xDE, 0xFC,
    0xBB, 0xFA, 0xDE, 0xFC, 0xDE, 0xFC, 0xDE, 0xFD,
    0xDE, 0xFD, 0xDE, 0xFD, 0xDE, 0xFD, 0xDE, 0xFC,
    0xDE, 0xFD, 0xDD, 0xFC, 0xCD, 0xFC, 0xDD, 0xFC,
    0xCD, 0xFC, 0xCD, 0xFB, 0xCD, 0xFB, 0xCD, 0xFB,
    0xCD, 0xFC, 0xCD, 0xFC, 0xCD, 0xFC, 0x88, 0xF7,
    0xDD, 0xFD, 0xCD, 0xFC, 0xDD, 0xFC, 0xCD, 0xFC,
    0xCD, 0xFC, 0xCD, 0xFC, 0xCD, 0xFC, 0xCD, 0xFC,
    0xBC, 0xFA, 0xBB, 0xFA, 0xBC, 0xFA, 0xBC, 0xFA,
    0x99, 0xF8, 0x98, 0xF6, 0xAA, 0xF8, 0xAB, 0xFA,
    0x99, 0xF9, 0xAB, 0xFA, 0x89, 0xF8, 0x9A, 0xF9,
    0x9A, 0xF9, 0xAB, 0xFA, 0x9A, 0xFA, 0xBC, 0xFB,
    0xCD, 0xFA, 0xAA, 0xF9, 0x78, 0xF7, 0xBB, 0xFB,
    0x9A, 0xF8, 0x88, 0xF7, 0x88, 0xF7, 0x99, 0xF9,
    0x88, 0xF9, 0x45, 0xF6, 0x12, 0xF4, 0x12, 0xF4,
    0x24, 0xF5, 0x8A, 0xFA, 0x13, 0xF4, 0x13, 0xF5,
    0x23, 0xF6, 0x77, 0xF8, 0x99, 0xFA, 0x9A, 0xFA,
    0x9A, 0xFA, 0xCD, 0xFD, 0xDE, 0xFE, 0xCC, 0xFD,
    0x32, 0xF4, 0x43, 0xF5, 0x55, 0xF7, 0x9A, 0xFB,
    0xCE, 0xFE, 0x46, 0xF6, 0x8A, 0xFA, 0x9A, 0xFA,
    0x89, 0xF9, 0x99, 0xF9, 0x9A, 0xFA, 0x9A, 0xF9,
    0x9A, 0xF9, 0x99, 0xF9, 0x99, 0xF9, 0x99, 0xFA,
    0x99, 0xFA, 0x89, 0xF9, 0x89, 0xF9, 0x89, 0xF9,
    0x99, 0xFA, 0x88, 0xF9, 0x78, 0xF8, 0x99, 0xF9,
    0x89, 0xF9, 0x99, 0xF9, 0x99, 0xF9, 0x99, 0xF8,
    0x99, 0xF8, 0x99, 0xF8, 0x99, 0xF9, 0x99, 0xFA,
    0x99, 0xFA, 0x99, 0xFA, 0x99, 0xF9, 0x99, 0xFA,
    0x99, 0xF9, 0x88, 0xF9, 0x89, 0xF9, 0x99, 0xFA,
    0x9A, 0xF9, 0x9A, 0xF9, 0x9A, 0xFA, 0x9A, 0xFA,
    0x99, 0xF9, 0xBC, 0xFB, 0xBC, 0xFC, 0xBC, 0xFB,
    0xBC, 0xFC, 0xAB, 0xFB, 0xAB, 0xFA, 0x9A, 0xF9,
    0x9A, 0xF9, 0x89, 0xF9, 0x9A, 0xF9, 0x99, 0xF9,
    0x89, 0xF8, 0x99, 0xF9, 0x99, 0xF8, 0xAA, 0xFA,
    0x99, 0xF9, 0x99, 0xF9, 0x99, 0xF9, 0x99, 0xF9,
    0x99, 0xF9, 0x99, 0xF9, 0x99, 0xF9, 0x01, 0xF4,
    0x01, 0xF7, 0x34, 0xF9, 0x45, 0xF7, 0x56, 0xF5,
    0x88, 0xF7, 0x88, 0xF6, 0xAA, 0xF8, 0xBB, 0xFA,
    0xCD, 0xFC, 0x99, 0xF9, 0x89, 0xF8, 0xEF, 0xFF,
    0xCD, 0xFD, 0xAB, 0xFB, 0xAB, 0xFC, 0x56, 0xF8,
    0x34, 0xF7, 0x34, 0xF7, 0x34, 0xF7, 0x24, 0xF7,
    0x23, 0xF6, 0x55, 0xF7, 0x43, 0xF4, 0x76, 0xF7,
    0x21, 0xF2, 0x76, 0xF7, 0x53, 0xF5, 0x54, 0xF5,
    0x66, 0xF7, 0x75, 0xF7, 0x64, 0xF6, 0x33, 0xF5,
    0x26, 0xF9, 0x69, 0xFD, 0x13, 0xF6, 0x67, 0xF9,
    0x56, 0xF7, 0x77, 0xF7, 0x99, 0xFA, 0x9A, 0xFA,
    0x78, 0xF8, 0x78, 0xF9, 0x89, 0xF9, 0x89, 0xF9,
    0x78, 0xF9, 0x89, 0xF9, 0x79, 0xF9, 0x89, 0xFA,
    0x89, 0xFA, 0x78, 0xF8, 0x89, 0xF9, 0x89, 0xFA,
    0x89, 0xFA, 0x89, 0xFA, 0x89, 0xFA, 0x89, 0xFA,
    0x45, 0xF6, 0x55, 0xF6, 0x78, 0xF9, 0x77, 0xF9,
    0x88, 0xFA, 0x77, 0xF8, 0x22, 0xF3, 0x67, 0xF9,
    0x46, 0xF8, 0x35, 0xF9, 0x34, 0xF9, 0x34, 0xF9,
    0x13, 0xF8, 0x23, 0xF8, 0x23, 0xF8, 0x23, 0xF8,
    0x23, 0xF8, 0x23, 0xF8, 0x23, 0xF8, 0x23, 0xF8,
    0x23, 0xF6, 0x23, 0xF4, 0x46, 0xF7, 0x56, 0xF8,
    0x67, 0xF9, 0x68, 0xF9, 0x68, 0xF9, 0x68, 0xF9,
    0x67, 0xF9, 0x68, 0xF9, 0x67, 0xF9, 0x67, 0xF9,
    0x67, 0xF8, 0x22, 0xF3, 0x56, 0xF6, 0x78, 0xF8,
    0x67, 0xF8, 0x68, 0xF9, 0x67, 0xF8, 0x68, 0xF9,
    0xEF, 0xFE, 0xAB, 0xFB, 0xDE, 0xFD, 0xBB, 0xFA,
    0xDD, 0xFC, 0xDD, 0xFB, 0xDD, 0xFB, 0xCC, 0xFA,
    0xEE, 0xFC, 0xEF, 0xFD, 0xEE, 0xFD, 0xEE, 0xFD,
    0xEE, 0xFD, 0xEE, 0xFD, 0xEE, 0xFD, 0xEE, 0xFD,
    0xEE, 0xFD, 0xEE, 0xFD, 0xEF, 0xFD, 0xEF, 0xFD,
    0xEE, 0xFD, 0xEE, 0xFD, 0xEE, 0xFD, 0xEE, 0xFD,
    0xBB, 0xFA, 0xEE, 0xFD, 0xEE, 0xFD, 0xEE, 0xFD,
    0xEE, 0xFD, 0xEE, 0xFD, 0xEE, 0xFD, 0xEE, 0xFD,
    0xDE, 0xFC, 0xDE, 0xFD, 0xCD, 0xFC, 0xDE, 0xFD,
    0xEE, 0xFD, 0xEF, 0xFD, 0xEE, 0xFD, 0xEE, 0xFD,
    0xEE, 0xFD, 0xEF, 0xFD, 0xEF, 0xFE, 0x89, 0xF8,
    0xEF, 0xFD, 0xEF, 0xFE, 0xEF, 0xFD, 0xEF, 0xFD,
    0xEE, 0xFD, 0xEE, 0xFD, 0xEE, 0xFD, 0xEF, 0xFD,
    0xEE, 0xFD, 0xEF, 0xFD, 0xEE, 0xFC, 0xDE, 0xFC,
    0xBC, 0xFA, 0x98, 0xF7, 0xAA, 0xF9, 0xEE, 0xFE,
    0xDD, 0xFD, 0xDE, 0xFD, 0xAA, 0xF9, 0xEF, 0xFE,
    0x9A, 0xF8, 0xAB, 0xFA, 0xAA, 0xF9, 0xCC, 0xFB,
    0xBB, 0xF9, 0xDD, 0xFC, 0x88, 0xF8, 0xEF, 0xFE,
    0xBC, 0xFB, 0xBC, 0xFB, 0x67, 0xF7, 0x89, 0xFA,
    0x9A, 0xFB, 0x89, 0xFC, 0x9A, 0xFD, 0x9A, 0xFD,
    0x8A, 0xFC, 0x9B, 0xFD, 0x8A, 0xFC, 0x68, 0xF9,
    0x99, 0xFB, 0x63, 0xF6, 0x74, 0xF6, 0x87, 0xF8,
    0x9A, 0xF9, 0xBC, 0xFB, 0xDE, 0xFE, 0xDD, 0xFD,
    0x98, 0xF9, 0xCC, 0xFD, 0xBC, 0xFC, 0x89, 0xFA,
    0x34, 0xF5, 0x44, 0xF5, 0x89, 0xF9, 0x88, 0xF8,
    0x99, 0xF8, 0x99, 0xF8, 0x89, 0xF9, 0x89, 0xF9,
    0x89, 0xF9, 0x89, 0xF9, 0x88, 0xF8, 0x89, 0xF9,
    0x88, 0xF9, 0x88, 0xF9, 0x88, 0xF9, 0x88, 0xF9,
    0x88, 0xF9, 0x77, 0xF8, 0x77, 0xF7, 0x88, 0xF9,
    0x78, 0xF9, 0x88, 0xF9, 0x88, 0xF8, 0xAB, 0xFA,
    0xAB, 0xFA, 0xAA, 0xFA, 0x88, 0xF8, 0x78, 0xF9,
    0x88, 0xF9, 0x88, 0xF9, 0x88, 0xF9, 0x88, 0xF9,
    0x88, 0xF9, 0x88, 0xF9, 0x88, 0xF9, 0x88, 0xF9,
    0x88, 0xF9, 0x89, 0xF9, 0x89, 0xF9, 0x99, 0xFA,
    0x99, 0xFA, 0xEF, 0xFE, 0xEF, 0xFF, 0xEF, 0xFF,
    0xDE, 0xFE, 0xEF, 0xFE, 0xEF, 0xFE, 0xEF, 0xFF,
    0xEF, 0xFF, 0xDE, 0xFE, 0x9A, 0xF9, 0x9A, 0xFA,
    0x9A, 0xF9, 0x9A, 0xF9, 0x99, 0xF8, 0xAA, 0xF9,
    0x99, 0xF8, 0x89, 0xF8, 0x99, 0xF8, 0x88, 0xF8,
    0x99, 0xF8, 0x99, 0xF9, 0x99, 0xFA, 0x66, 0xF8,
    0x56, 0xFA, 0x56, 0xFA, 0x45, 0xF7, 0x45, 0xF5,
    0x77, 0xF6, 0x99, 0xF8, 0xAA, 0xFA, 0x9A, 0xFA,
    0x67, 0xF7, 0x22, 0xF3, 0x9A, 0xFA, 0xEF, 0xFF,
    0xEF, 0xFF, 0xEF, 0xFF, 0xDE, 0xFE, 0x68, 0xFA,
    0x57, 0xFA, 0x47, 0xFB, 0x47, 0xFB, 0x47, 0xFA,
    0x56, 0xFA, 0x56, 0xF8, 0x64, 0xF5, 0x75, 0xF5,
    0x53, 0xF4, 0x86, 0xF7, 0x53, 0xF4, 0x75, 0xF6,
    0x76, 0xF7, 0x65, 0xF6, 0x31, 0xF2, 0x32, 0xF4,
    0x46, 0xFA, 0x68, 0xFC, 0x23, 0xF6, 0x67, 0xF9,
    0x56, 0xF7, 0x78, 0xF8, 0x9A, 0xFA, 0x9A, 0xFA,
    0x78, 0xF9, 0x89, 0xF9, 0x89, 0xFA, 0x89, 0xFA,
    0x89, 0xF9, 0x89, 0xFA, 0x89, 0xF9, 0x89, 0xFA,
    0x89, 0xFA, 0x78, 0xF9, 0x8A, 0xFA, 0x89, 0xFA,
    0x89, 0xFA, 0x89, 0xFA, 0x89, 0xF9, 0x55, 0xF6,
    0x66, 0xF7, 0x89, 0xFA, 0x88, 0xFA, 0x89, 0xFA,
    0x88, 0xFA, 0x88, 0xF9, 0x33, 0xF4, 0x67, 0xF9,
    0x46, 0xF9, 0x56, 0xFA, 0x56, 0xFA, 0x56, 0xFA,
    0x56, 0xFA, 0x56, 0xFA, 0x57, 0xFA, 0x56, 0xFA,
    0x57, 0xFA, 0x57, 0xFB, 0x24, 0xF8, 0x56, 0xFA,
    0x44, 0xF7, 0x23, 0xF3, 0x46, 0xF7, 0x57, 0xF8,
    0x67, 0xF9, 0x68, 0xF9, 0x68, 0xF9, 0x68, 0xF9,
    0x67, 0xF8, 0x67, 0xF9, 0x67, 0xF9, 0x67, 0xF9,
    0x67, 0xF8, 0x22, 0xF3, 0x56, 0xF6, 0x68, 0xF8,
    0x68, 0xF9, 0x68, 0xF9, 0x68, 0xF9, 0x68, 0xF9,
    0xEF, 0xFE, 0x9A, 0xFA, 0xCD, 0xFC, 0xAB, 0xFA,
    0xDC, 0xFB, 0xED, 0xFB, 0xDD, 0xFB, 0xCC, 0xFA,
    0xEF, 0xFD, 0xEE, 0xFD, 0xEE, 0xFD, 0xEE, 0xFD,
    0xEF, 0xFD, 0xEE, 0xFD, 0xEF, 0xFD, 0xEF, 0xFD,
    0xEF, 0xFD, 0xEE, 0xFD, 0xEE, 0xFD, 0xEE, 0xFD,
    0xEE, 0xFD, 0xEE, 0xFD, 0xEE, 0xFC, 0xEE, 0xFC,
    0xBB, 0xFA, 0xEE, 0xFD, 0xEE, 0xFD, 0xDE, 0xFC,
    0xEE, 0xFD, 0xEE, 0xFD, 0xEE, 0xFD, 0xEE, 0xFD,
    0xEE, 0xFD, 0xEE, 0xFD, 0xDD, 0xFC, 0xDE, 0xFC,
    0xEE, 0xFD, 0xEE, 0xFD, 0xEE, 0xFD, 0xEE, 0xFD,
    0xEE, 0xFD, 0xEE, 0xFD, 0xEF, 0xFE, 0x89, 0xF8,
    0xEF, 0xFD, 0xEF, 0xFD, 0xEF, 0xFD, 0xEE, 0xFD,
    0xEF, 0xFD, 0xEF, 0xFD, 0xEE, 0xFD, 0xEE, 0xFD,
    0xEE, 0xFD, 0xEE, 0xFD, 0xEE, 0xFD, 0xEE, 0xFD,
    0xBC, 0xFA, 0x98, 0xF7, 0xAA, 0xF9, 0xEE, 0xFD,
    0xAB, 0xFA, 0xCC, 0xFC, 0xBC, 0xFA, 0xEF, 0xFD,
    0xAB, 0xF9, 0xCD, 0xFB, 0x88, 0xF8, 0xBC, 0xFB,
    0xBC, 0xFC, 0xDE, 0xFE, 0xBC, 0xFC, 0xCD, 0xFD,
    0x9B, 0xFA, 0xBC, 0xFC, 0x67, 0xF8, 0x45, 0xF8,
    0x34, 0xF7, 0x13, 0xF6, 0x12, 0xF6, 0x23, 0xF8,
    0x12, 0xF7, 0x12, 0xF7, 0x44, 0xF7, 0xA9, 0xFB,
    0x62, 0xF5, 0x82, 0xF6, 0x94, 0xF7, 0xDB, 0xFC,
    0x88, 0xF8, 0xCD, 0xFC, 0xCD, 0xFD, 0xBC, 0xFC,
    0x88, 0xF8, 0xBB, 0xFB, 0xAA, 0xFB, 0x45, 0xF5,
    0x12, 0xF3, 0x44, 0xF4, 0x99, 0xF9, 0x99, 0xF9,
    0xAA, 0xFA, 0x99, 0xF9, 0x89, 0xF9, 0x89, 0xF8,
    0x89, 0xF8, 0x89, 0xF9, 0x89, 0xF9, 0x78, 0xF8,
    0x88, 0xF9, 0x88, 0xF9, 0x78, 0xF9, 0x77, 0xF8,
    0x78, 0xF8, 0x77, 0xF8, 0x77, 0xF8, 0x67, 0xF8,
    0x78, 0xF9, 0x88, 0xF9, 0x88, 0xF7, 0xAB, 0xF9,
    0xAB, 0xFA, 0x78, 0xF7, 0x78, 0xF8, 0x78, 0xF8,
    0x78, 0xF9, 0x89, 0xF9, 0x89, 0xF9, 0x99, 0xF9,
    0x89, 0xF9, 0x99, 0xF9, 0x99, 0xF9, 0x89, 0xF9,
    0x89, 0xF9, 0x89, 0xF9, 0x89, 0xF9, 0xAB, 0xFB,
    0x33, 0xF4, 0x23, 0xF3, 0x56, 0xF6, 0x67, 0xF7,
    0x78, 0xF8, 0xBC, 0xFC, 0x78, 0xF8, 0x89, 0xFA,
    0x8A, 0xFA, 0x89, 0xF9, 0xDE, 0xFE, 0xDE, 0xFD,
    0x89, 0xF8, 0xCD, 0xFC, 0xDD, 0xFC, 0xEE, 0xFD,
    0xDE, 0xFD, 0xDD, 0xFC, 0xDD, 0xFC, 0xDD, 0xFC,
    0xDD, 0xFC, 0xDE, 0xFC, 0xDE, 0xFC, 0xEE, 0xFE,
    0xDD, 0xFE, 0xBB, 0xFC, 0x89, 0xF9, 0x89, 0xF9,
    0x89, 0xFA, 0x78, 0xF9, 0x67, 0xF9, 0x67, 0xF9,
    0x56, 0xF7, 0x12, 0xF2, 0x34, 0xF4, 0xDE, 0xFE,
    0xEF, 0xFF, 0xEF, 0xFF, 0x79, 0xFA, 0x57, 0xFA,
    0x57, 0xFB, 0x47, 0xFB, 0x47, 0xFA, 0x46, 0xFA,
    0x78, 0xFB, 0x66, 0xF8, 0x42, 0xF3, 0x75, 0xF5,
    0x41, 0xF2, 0x64, 0xF4, 0x51, 0xF2, 0x64, 0xF5,
    0x53, 0xF3, 0x53, 0xF3, 0x31, 0xF2, 0x32, 0xF5,
    0x46, 0xFA, 0x79, 0xFD, 0x78, 0xFA, 0x67, 0xF9,
    0x56, 0xF8, 0x78, 0xF8, 0xBC, 0xFC, 0xCD, 0xFD,
    0x89, 0xF9, 0x89, 0xF9, 0x89, 0xFA, 0x89, 0xFA,
    0x89, 0xFA, 0x89, 0xFA, 0x89, 0xFA, 0x89, 0xF9,
    0x89, 0xFA, 0x78, 0xF8, 0x89, 0xFA, 0x89, 0xFA,
    0x89, 0xFA, 0x89, 0xFA, 0x34, 0xF4, 0x56, 0xF6,
    0x9A, 0xFA, 0x89, 0xF9, 0x77, 0xF8, 0x88, 0xFA,
    0x88, 0xF9, 0x99, 0xFA, 0x22, 0xF4, 0x67, 0xF8,
    0x46, 0xF8, 0x46, 0xF9, 0x56, 0xF9, 0x44, 0xF8,
    0x55, 0xF8, 0x44, 0xF7, 0x45, 0xF8, 0x34, 0xF7,
    0x46, 0xF9, 0x57, 0xFA, 0x56, 0xFA, 0x56, 0xF9,
    0x44, 0xF7, 0x23, 0xF4, 0x46, 0xF7, 0x57, 0xF8,
    0x67, 0xF9, 0x68, 0xF9, 0x68, 0xF9, 0x68, 0xF9,
    0x68, 0xF8, 0x68, 0xF9, 0x67, 0xF9, 0x67, 0xF9,
    0x67, 0xF8, 0x22, 0xF3, 0x45, 0xF6, 0x68, 0xF8,
    0x68, 0xF9, 0x68, 0xF9, 0x68, 0xF9, 0x68, 0xF9,
    0xEF, 0xFE, 0xAA, 0xFA, 0xEE, 0xFE, 0xAB, 0xFA,
    0xDD, 0xFC, 0xED, 0xFC, 0xDD, 0xFB, 0xCC, 0xFA,
    0xEE, 0xFC, 0xEE, 0xFD, 0xEE, 0xFD, 0xEE, 0xFD,
    0xEE, 0xFD, 0xEE, 0xFD, 0xEE, 0xFD, 0xEE, 0xFD,
    0xEE, 0xFD, 0xEE, 0xFD, 0xEE, 0xFD, 0xEE, 0xFD,
    0xEE, 0xFD, 0xEE, 0xFD, 0xEE, 0xFD, 0xEE, 0xFD,
    0xBC, 0xFA, 0xEE, 0xFD, 0xEF, 0xFD, 0xEF, 0xFD,
    0xEF, 0xFD, 0xEF, 0xFD, 0xEF, 0xFD, 0xEF, 0xFD,
    0xEF, 0xFE, 0xEF, 0xFE, 0xDD, 0xFC, 0xDE, 0xFD,
    0xEF, 0xFD, 0xEE, 0xFD, 0xEE, 0xFD, 0xEE, 0xFD,
    0xEE, 0xFD, 0xDE, 0xFD, 0xEE, 0xFD, 0x99, 0xF8,
    0xEE, 0xFE, 0xEE, 0xFE, 0xEE, 0xFD, 0xEE, 0xFD,
    0xEE, 0xFD, 0xEE, 0xFD, 0xDE, 0xFD, 0xEE, 0xFE,
    0xBB, 0xFB, 0xEE, 0xFD, 0xEE, 0xFD, 0xCD, 0xFC,
    0xAB, 0xF9, 0x98, 0xF6, 0xAA, 0xF9, 0xEF, 0xFE,
    0xAB, 0xFA, 0x78, 0xF7, 0xAB, 0xF9, 0xDE, 0xFD,
    0x9A, 0xF8, 0xBD, 0xFB, 0x57, 0xF7, 0x9A, 0xFB,
    0x68, 0xFA, 0x58, 0xF9, 0x58, 0xF9, 0x58, 0xF9,
    0x68, 0xF9, 0x68, 0xFB, 0x79, 0xFC, 0x89, 0xFD,
    0x8A, 0xFD, 0x13, 0xF6, 0x13, 0xF6, 0x12, 0xF7,
    0x12, 0xF7, 0x02, 0xF6, 0x45, 0xF8, 0x88, 0xFA,
    0xAA, 0xFB, 0xA9, 0xFA, 0x96, 0xF8, 0xB9, 0xFA,
    0x77, 0xF6, 0xBB, 0xFB, 0x99, 0xF9, 0x77, 0xF7,
    0x11, 0xF1, 0x22, 0xF2, 0x12, 0xF2, 0x34, 0xF4,
    0x34, 0xF4, 0x22, 0xF3, 0x99, 0xF9, 0x99, 0xF9,
    0x88, 0xF8, 0x99, 0xF9, 0x89, 0xF9, 0x89, 0xF8,
    0x89, 0xF9, 0x88, 0xF9, 0x88, 0xF9, 0x78, 0xF8,
    0x89, 0xF9, 0x78, 0xF9, 0x77, 0xF8, 0x67, 0xF8,
    0x77, 0xF8, 0x77, 0xF8, 0x77, 0xF8, 0x78, 0xF9,
    0x88, 0xF9, 0x88, 0xF8, 0xBB, 0xF9, 0xAA, 0xF8,
    0x89, 0xF8, 0x77, 0xF7, 0x78, 0xF8, 0x78, 0xF8,
    0x78, 0xF9, 0x89, 0xF9, 0x89, 0xF9, 0x89, 0xF9,
    0x89, 0xF9, 0x89, 0xF9, 0x89, 0xFA, 0x89, 0xF9,
    0x89, 0xF9, 0x89, 0xFA, 0x89, 0xFA, 0x9A, 0xFA,
    0x11, 0xF2, 0x01, 0xF2, 0x01, 0xF2, 0x11, 0xF3,
    0x11, 0xF4, 0x22, 0xF5, 0x01, 0xF5, 0x01, 0xF5,
    0x01, 0xF4, 0x01, 0xF3, 0xBC, 0xFC, 0xDE, 0xFD,
    0xCC, 0xFB, 0xBC, 0xFA, 0xDD, 0xFB, 0xEE, 0xFC,
    0xDE, 0xFC, 0xDE, 0xFC, 0xDD, 0xFC, 0xDD, 0xFC,
    0xDD, 0xFC, 0xDE, 0xFC, 0xEE, 0xFB, 0xED, 0xFC,
    0xED, 0xFC, 0xEE, 0xFD, 0xCC, 0xFB, 0x89, 0xF8,
    0x89, 0xF9, 0x89, 0xF9, 0x89, 0xFA, 0x89, 0xFA,
    0x9A, 0xFA, 0x89, 0xF9, 0x56, 0xF5, 0xDE, 0xFE,
    0xEF, 0xFF, 0xAC, 0xFC, 0x57, 0xF9, 0x57, 0xFA,
    0x46, 0xFA, 0x46, 0xF9, 0x36, 0xF8, 0x46, 0xF7,
    0xBD, 0xFD, 0xAA, 0xFB, 0x66, 0xF7, 0x65, 0xF6,
    0x76, 0xF6, 0x87, 0xF7, 0x42, 0xF2, 0x41, 0xF1,
    0x41, 0xF1, 0x41, 0xF1, 0x42, 0xF3, 0x33, 0xF6,
    0x36, 0xFA, 0x69, 0xFC, 0x78, 0xF9, 0x67, 0xF8,
    0x67, 0xF7, 0x89, 0xF9, 0xEF, 0xFF, 0xEF, 0xFF,
    0x9A, 0xFA, 0x9A, 0xFA, 0x9A, 0xFA, 0x9A, 0xFA,
    0xAB, 0xFB, 0x9A, 0xFA, 0x9A, 0xFA, 0x9A, 0xFA,
    0x9A, 0xFA, 0x89, 0xF9, 0xAB, 0xFB, 0x8A, 0xFA,
    0x9A, 0xFA, 0x45, 0xF6, 0x01, 0xF2, 0x88, 0xF9,
    0x9A, 0xFA, 0x89, 0xF9, 0x77, 0xF8, 0x78, 0xF8,
    0x77, 0xF8, 0x88, 0xF9, 0x22, 0xF3, 0x67, 0xF8,
    0x46, 0xF8, 0x47, 0xF9, 0x56, 0xF8, 0x33, 0xF6,
    0x54, 0xF8, 0x43, 0xF7, 0x44, 0xF7, 0x55, 0xF8,
    0x55, 0xF8, 0x55, 0xF8, 0x44, 0xF7, 0x44, 0xF8,
    0x44, 0xF6, 0x23, 0xF4, 0x46, 0xF7, 0x57, 0xF8,
    0x67, 0xF9, 0x68, 0xF9, 0x57, 0xF9, 0x68, 0xF9,
    0x67, 0xF9, 0x68, 0xF9, 0x68, 0xF9, 0x67, 0xF9,
    0x67, 0xF8, 0x23, 0xF3, 0x45, 0xF6, 0x68, 0xF8,
    0x68, 0xF9, 0x68, 0xF9, 0x68, 0xF9, 0x68, 0xF9,
    0xDD, 0xFC, 0x9A, 0xF9, 0xDD, 0xFD, 0x99, 0xF8,
    0xDD, 0xFC, 0xED, 0xFC, 0xDD, 0xFB, 0xDD, 0xFB,
    0xDD, 0xFC, 0xDD, 0xFC, 0xDD, 0xFC, 0xDD, 0xFC,
    0xDD, 0xFC, 0xDD, 0xFC, 0xDD, 0xFC, 0xDD, 0xFC,
    0xDD, 0xFB, 0xDD, 0xFB, 0xDD, 0xFB, 0xDD, 0xFC,
    0xDD, 0xFC, 0xEE, 0xFD, 0xEE, 0xFD, 0xEE, 0xFC,
    0xCC, 0xFA, 0xEE, 0xFD, 0xEF, 0xFD, 0xEF, 0xFD,
    0xEF, 0xFD, 0xEE, 0xFD, 0xEF, 0xFD, 0xEF, 0xFD,
    0xEF, 0xFD, 0xEF, 0xFE, 0xCD, 0xFC, 0xDE, 0xFD,
    0xEE, 0xFD, 0xEE, 0xFD, 0xEE, 0xFD, 0xEE, 0xFC,
    0xDE, 0xFD, 0xDD, 0xFC, 0xDD, 0xFD, 0x88, 0xF8,
    0xCC, 0xFB, 0xAA, 0xFA, 0xAA, 0xF9, 0xBB, 0xFA,
    0xBC, 0xFB, 0x99, 0xF8, 0xBB, 0xFB, 0xAB, 0xFB,
    0x56, 0xF5, 0xCC, 0xFC, 0xCD, 0xFC, 0xAB, 0xFA,
    0x89, 0xF7, 0x87, 0xF6, 0xAA, 0xF9, 0xDE, 0xFD,
    0xAB, 0xFA, 0x67, 0xF6, 0x9A, 0xFA, 0xDE, 0xFE,
    0x8A, 0xFA, 0xAC, 0xFC, 0x8A, 0xFB, 0x68, 0xFB,
    0x68, 0xFB, 0x69, 0xFC, 0x9B, 0xFC, 0x7A, 0xFB,
    0x79, 0xFC, 0x35, 0xF8, 0x02, 0xF6, 0x24, 0xF8,
    0x9B, 0xFD, 0x79, 0xFA, 0x35, 0xF6, 0x34, 0xF7,
    0x46, 0xF9, 0x46, 0xF9, 0x69, 0xFB, 0x79, 0xF9,
    0xCD, 0xFE, 0xDD, 0xFD, 0xA8, 0xF9, 0x84, 0xF6,
    0x85, 0xF6, 0x43, 0xF4, 0x66, 0xF7, 0x34, 0xF4,
    0x11, 0xF1, 0x22, 0xF2, 0x33, 0xF3, 0x34, 0xF4,
    0x88, 0xF8, 0x89, 0xF9, 0x89, 0xF9, 0x99, 0xF9,
    0x89, 0xF9, 0x89, 0xF9, 0x89, 0xF9, 0x99, 0xF9,
    0x89, 0xF9, 0x88, 0xF9, 0x78, 0xF8, 0x78, 0xF8,
    0x77, 0xF8, 0x78, 0xF8, 0x77, 0xF8, 0x66, 0xF7,
    0x77, 0xF8, 0x78, 0xF9, 0x88, 0xF9, 0x78, 0xF9,
    0x78, 0xF8, 0xAB, 0xF9, 0x99, 0xF7, 0xBB, 0xFA,
    0x66, 0xF6, 0x78, 0xF8, 0x88, 0xF9, 0x88, 0xF9,
    0x89, 0xF9, 0x89, 0xF9, 0x89, 0xF9, 0x89, 0xF9,
    0x89, 0xF9, 0x99, 0xFA, 0x89, 0xF9, 0x89, 0xF9,
    0x89, 0xF9, 0x67, 0xF7, 0x56, 0xF6, 0x78, 0xF8,
    0x78, 0xF8, 0xAB, 0xFB, 0x11, 0xF2, 0x00, 0xF2,
    0x00, 0xF3, 0x01, 0xF4, 0x01, 0xF5, 0x01, 0xF5,
    0x34, 0xF6, 0x45, 0xF6, 0xAB, 0xFB, 0xEE, 0xFE,
    0xDD, 0xFC, 0xCD, 0xFB, 0xBB, 0xF9, 0xCD, 0xFB,
    0xDD, 0xFB, 0xDD, 0xFC, 0xDD, 0xFC, 0xDD, 0xFB,
    0xDD, 0xFC, 0xDD, 0xFC, 0xED, 0xFC, 0xED, 0xFC,
    0xED, 0xFC, 0xED, 0xFC, 0xDE, 0xFC, 0xDD, 0xFC,
    0x99, 0xF9, 0x56, 0xF6, 0x56, 0xF6, 0x67, 0xF8,
    0x67, 0xF8, 0x56, 0xF7, 0x9A, 0xFA, 0xEF, 0xFF,
    0xCD, 0xFE, 0x57, 0xF8, 0x46, 0xF8, 0x13, 0xF5,
    0x02, 0xF4, 0x12, 0xF3, 0x24, 0xF4, 0x9A, 0xFA,
    0xAB, 0xFB, 0x9A, 0xFA, 0xAB, 0xFB, 0xBC, 0xFC,
    0xAB, 0xFA, 0xBB, 0xFA, 0x55, 0xF4, 0x41, 0xF1,
    0x41, 0xF1, 0x42, 0xF2, 0x76, 0xF7, 0x35, 0xF8,
    0x26, 0xFB, 0x69, 0xFC, 0x67, 0xF9, 0x67, 0xF8,
    0x67, 0xF7, 0x89, 0xF9, 0xEF, 0xFF, 0xEF, 0xFF,
    0xEF, 0xFF, 0xEF, 0xFF, 0xEF, 0xFF, 0xEF, 0xFF,
    0xEF, 0xFF, 0xEF, 0xFF, 0xEF, 0xFF, 0xEF, 0xFF,
    0xEF, 0xFF, 0xCD, 0xFD, 0xEF, 0xFF, 0xEF, 0xFF,
    0x9A, 0xFA, 0x89, 0xF9, 0x56, 0xF6, 0xDD, 0xFD,
    0xEF, 0xFF, 0xDE, 0xFD, 0xEF, 0xFE, 0xBC, 0xFC,
    0x88, 0xF9, 0xCD, 0xFD, 0x34, 0xF4, 0x89, 0xFA,
    0x89, 0xFA, 0x79, 0xFA, 0x78, 0xF9, 0x55, 0xF7,
    0x54, 0xF7, 0x54, 0xF7, 0x54, 0xF7, 0x55, 0xF8,
    0x55, 0xF8, 0x55, 0xF7, 0x55, 0xF7, 0x55, 0xF7,
    0x44, 0xF6, 0x23, 0xF4, 0x46, 0xF7, 0x56, 0xF8,
    0x67, 0xF9, 0x67, 0xF9, 0x67, 0xF9, 0x67, 0xF9,
    0x67, 0xF9, 0x68, 0xF9, 0x68, 0xF9, 0x67, 0xF9,
    0x67, 0xF8, 0x22, 0xF3, 0x45, 0xF6, 0x68, 0xF8,
    0x68, 0xF9, 0x68, 0xF9, 0x68, 0xF9, 0x68, 0xF9,
    0xCC, 0xFB, 0xAA, 0xFA, 0xDD, 0xFD, 0x99, 0xF8,
    0xDC, 0xFB, 0xEE, 0xFC, 0xED, 0xFB, 0xCC, 0xFA,
    0xCC, 0xFA, 0xCC, 0xFA, 0xCC, 0xFB, 0xCC, 0xFB,
    0xCC, 0xFA, 0xCC, 0xFA, 0xCC, 0xFA, 0xCC, 0xFB,
    0xCC, 0xFB, 0xCC, 0xFA, 0xCC, 0xFA, 0xCC, 0xFB,
    0xDC, 0xFB, 0xCC, 0xFB, 0xDD, 0xFB, 0xDC, 0xFB,
    0xBB, 0xF9, 0xDC, 0xFB, 0xDD, 0xFB, 0xDD, 0xFC,
    0xCC, 0xFB, 0xDD, 0xFC, 0xDD, 0xFB, 0xDD, 0xFC,
    0xDD, 0xFC, 0xDD, 0xFC, 0xCC, 0xFB, 0xDD, 0xFD,
    0xDD, 0xFC, 0xDD, 0xFC, 0xDD, 0xFC, 0xDD, 0xFC,
    0xDD, 0xFC, 0xDD, 0xFC, 0xDD, 0xFC, 0x9A, 0xF8,
    0xCD, 0xFC, 0x9A, 0xF9, 0xBC, 0xFB, 0xCD, 0xFC,
    0xCD, 0xFB, 0x89, 0xF7, 0xAB, 0xFA, 0x78, 0xF8,
    0x67, 0xF6, 0xBC, 0xFB, 0xBC, 0xFB, 0xBC, 0xFB,
    0x88, 0xF6, 0x77, 0xF5, 0x99, 0xF7, 0xBC, 0xFB,
    0xAB, 0xFA, 0x57, 0xF6, 0x67, 0xF8, 0x67, 0xF9,
    0x46, 0xF8, 0x45, 0xF7, 0x35, 0xF7, 0x35, 0xF9,
    0x35, 0xF9, 0x35, 0xF8, 0x46, 0xF8, 0x46, 0xF9,
    0x57, 0xFA, 0x68, 0xFB, 0x02, 0xF5, 0x01, 0xF5,
    0x79, 0xFB, 0xBC, 0xFD, 0xAB, 0xFC, 0x89, 0xFB,
    0x89, 0xFB, 0x89, 0xFB, 0x79, 0xFA, 0x8A, 0xFB,
    0xBB, 0xFB, 0xB9, 0xF9, 0x85, 0xF5, 0x74, 0xF5,
    0x74, 0xF6, 0x43, 0xF4, 0x44, 0xF5, 0x56, 0xF6,
    0x89, 0xF9, 0x99, 0xF8, 0xA9, 0xF9, 0xAA, 0xFA,
    0x99, 0xF9, 0x99, 0xF9, 0x89, 0xF9, 0x89, 0xF9,
    0x89, 0xF9, 0x89, 0xF9, 0x99, 0xF9, 0x89, 0xF9,
    0x89, 0xF9, 0x78, 0xF8, 0x77, 0xF8, 0x88, 0xF9,
    0x88, 0xF9, 0x78, 0xF8, 0x78, 0xF8, 0x77, 0xF8,
    0x78, 0xF9, 0x88, 0xF9, 0x88, 0xF9, 0x78, 0xF8,
    0xAA, 0xF8, 0xBB, 0xF9, 0xCC, 0xF9, 0x88, 0xF7,
    0x88, 0xF8, 0x88, 0xF9, 0x89, 0xF9, 0x89, 0xF9,
    0x89, 0xF9, 0x89, 0xF9, 0x89, 0xF9, 0x99, 0xF9,
    0x89, 0xF9, 0x89, 0xF9, 0x88, 0xF9, 0x89, 0xF9,
    0x99, 0xF9, 0x98, 0xF9, 0x77, 0xF7, 0xAA, 0xFA,
    0xEE, 0xFE, 0xEF, 0xFF, 0xDE, 0xFD, 0xCE, 0xFD,
    0xCD, 0xFD, 0x79, 0xF9, 0x56, 0xF7, 0x67, 0xF8,
    0xAB, 0xFB, 0xBC, 0xFC, 0xAB, 0xFA, 0xEF, 0xFE,
    0xAB, 0xFA, 0x66, 0xF6, 0x88, 0xF8, 0xAA, 0xF9,
    0xDD, 0xFC, 0xDD, 0xFC, 0xDD, 0xFC, 0xDD, 0xFC,
    0xDD, 0xFB, 0xDD, 0xFB, 0xDD, 0xFC, 0xDD, 0xFC,
    0xDD, 0xFC, 0xED, 0xFB, 0xED, 0xFC, 0xED, 0xFC,
    0xED, 0xFC, 0xCC, 0xFA, 0x77, 0xF6, 0x56, 0xF6,
    0x56, 0xF7, 0x67, 0xF8, 0x78, 0xF8, 0xDE, 0xFE,
    0x79, 0xFA, 0x46, 0xF8, 0x34, 0xF6, 0x12, 0xF3,
    0x12, 0xF2, 0x12, 0xF2, 0x45, 0xF5, 0xAB, 0xFA,
    0xAA, 0xFA, 0x9A, 0xFA, 0x9A, 0xFA, 0xAB, 0xFB,
    0xAA, 0xFB, 0xAA, 0xFA, 0x56, 0xF6, 0x43, 0xF4,
    0x53, 0xF4, 0x76, 0xF7, 0x78, 0xF9, 0x35, 0xF8,
    0x37, 0xFB, 0x69, 0xFC, 0x67, 0xF9, 0x67, 0xF8,
    0x67, 0xF8, 0x89, 0xFA, 0xEF, 0xFF, 0xEF, 0xFE,
    0xEF, 0xFE, 0xEF, 0xFE, 0xEF, 0xFF, 0xEF, 0xFF,
    0xEF, 0xFF, 0xEF, 0xFF, 0xEF, 0xFF, 0xEF, 0xFF,
    0xEF, 0xFF, 0xCD, 0xFD, 0xEF, 0xFF, 0xBC, 0xFC,
    0x78, 0xF8, 0xEF, 0xFF, 0x78, 0xF8, 0xEF, 0xFE,
    0xEF, 0xFF, 0xEF, 0xFF, 0xEF, 0xFF, 0xCD, 0xFD,
    0x9A, 0xFA, 0xEF, 0xFF, 0x67, 0xF7, 0xEF, 0xFF,
    0xEF, 0xFF, 0xEF, 0xFF, 0xEF, 0xFF, 0x77, 0xF9,
    0x56, 0xF8, 0x56, 0xF8, 0x55, 0xF8, 0x33, 0xF6,
    0x23, 0xF4, 0x23, 0xF3, 0x33, 0xF4, 0x44, 0xF5,
    0x33, 0xF4, 0x22, 0xF3, 0x45, 0xF6, 0x67, 0xF8,
    0x67, 0xF8, 0x67, 0xF9, 0x67, 0xF9, 0x67, 0xF9,
    0x67, 0xF9, 0x67, 0xF9, 0x67, 0xF9, 0x67, 0xF9,
    0x67, 0xF8, 0x22, 0xF3, 0x56, 0xF6, 0x68, 0xF8,
    0x68, 0xF9, 0x68, 0xF9, 0x68, 0xF9, 0x68, 0xF9,
    0xBB, 0xFB, 0xAA, 0xFA, 0xDE, 0xFD, 0x99, 0xF8,
    0xCC, 0xFA, 0xED, 0xFB, 0xED, 0xFB, 0xCC, 0xFA,
    0xCC, 0xFA, 0xCC, 0xFA, 0xCC, 0xFB, 0xCC, 0xFA,
    0xCC, 0xFA, 0xDC, 0xFB, 0xCC, 0xFA, 0xCC, 0xFA,
    0xCC, 0xFB, 0xDC, 0xFB, 0xDC, 0xFB, 0xCC, 0xFA,
    0xCC, 0xFA, 0xCC, 0xFB, 0xDC, 0xFB, 0xDD, 0xFB,
    0xBB, 0xF9, 0xCB, 0xFA, 0xDD, 0xFC, 0xDD, 0xFC,
    0xDD, 0xFB, 0xDD, 0xFB, 0xDC, 0xFB, 0xCC, 0xFA,
    0xAA, 0xF9, 0xBC, 0xFB, 0xBC, 0xFB, 0xDE, 0xFD,
    0xCC, 0xFC, 0xDD, 0xFC, 0xDD, 0xFB, 0xCC, 0xFB,
    0xDC, 0xFB, 0xCD, 0xFB, 0xAB, 0xFA, 0xAC, 0xFA,
    0xAB, 0xFA, 0x79, 0xF7, 0xBC, 0xFA, 0xCD, 0xFC,
    0xCD, 0xFB, 0x89, 0xF7, 0xAB, 0xFA, 0xAC, 0xFB,
    0x67, 0xF6, 0xCC, 0xFB, 0xCD, 0xFC, 0xAB, 0xFA,
    0x88, 0xF6, 0x76, 0xF4, 0xAA, 0xF8, 0xCC, 0xFB,
    0xCD, 0xFC, 0x57, 0xF7, 0x02, 0xF5, 0x35, 0xF8,
    0x68, 0xFA, 0x35, 0xF8, 0x02, 0xF7, 0x01, 0xF7,
    0x01, 0xF8, 0x01, 0xF7, 0x01, 0xF7, 0x02, 0xF7,
    0x02, 0xF7, 0x8B, 0xFD, 0x56, 0xF8, 0x78, 0xFB,
    0x57, 0xF9, 0xCE, 0xFE, 0xCD, 0xFE, 0xBC, 0xFC,
    0xBC, 0xFD, 0xCD, 0xFD, 0xDE, 0xFE, 0xCD, 0xFD,
    0x98, 0xF9, 0x75, 0xF5, 0x52, 0xF2, 0x54, 0xF4,
    0x55, 0xF6, 0x77, 0xF7, 0x11, 0xF2, 0x55, 0xF5,
    0x9A, 0xF9, 0xBB, 0xFA, 0xAA, 0xF9, 0x99, 0xF8,
    0x99, 0xF9, 0x99, 0xF9, 0x99, 0xF9, 0x89, 0xF9,
    0x89, 0xF9, 0x89, 0xF9, 0x88, 0xF8, 0x88, 0xF8,
    0x78, 0xF8, 0x88, 0xF8, 0x89, 0xF9, 0x99, 0xF9,
    0x89, 0xF9, 0x88, 0xF8, 0x78, 0xF8, 0x78, 0xF8,
    0x78, 0xF8, 0x88, 0xF9, 0x88, 0xF8, 0x99, 0xF8,
    0xCC, 0xF9, 0xBB, 0xF8, 0xBB, 0xF8, 0x77, 0xF7,
    0x88, 0xF9, 0x88, 0xF9, 0x89, 0xF9, 0x99, 0xF9,
    0x99, 0xF9, 0x99, 0xF9, 0x89, 0xF9, 0x89, 0xF9,
    0x88, 0xF9, 0x89, 0xF9, 0x89, 0xF9, 0x89, 0xF9,
    0x99, 0xFA, 0xA8, 0xF9, 0x97, 0xF8, 0xDB, 0xFB,
    0xEF, 0xFF, 0xEF, 0xFF, 0xDE, 0xFE, 0xAB, 0xFB,
    0xBC, 0xFB, 0xBC, 0xFB, 0xBC, 0xFB, 0xEE, 0xFE,
    0xEF, 0xFF, 0xEF, 0xFE, 0xED, 0xFC, 0xDD, 0xFC,
    0xAB, 0xFA, 0x89, 0xF8, 0xCC, 0xFB, 0xCC, 0xFB,
    0xBB, 0xF9, 0xDD, 0xFC, 0xDD, 0xFB, 0xDD, 0xFC,
    0xED, 0xFC, 0xDD, 0xFC, 0xDD, 0xFB, 0xDD, 0xFB,
    0xDD, 0xFC, 0xDD, 0xFB, 0xED, 0xFB, 0xED, 0xFB,
    0xED, 0xFC, 0xDD, 0xFC, 0xDD, 0xFC, 0x9A, 0xF9,
    0x66, 0xF6, 0x66, 0xF7, 0x78, 0xF9, 0x45, 0xF5,
    0x34, 0xF5, 0x24, 0xF5, 0x12, 0xF4, 0x12, 0xF3,
    0x23, 0xF4, 0x34, 0xF6, 0x45, 0xF6, 0xAB, 0xFB,
    0x9A, 0xFA, 0x9A, 0xFA, 0x9A, 0xFA, 0xAB, 0xFB,
    0xAA, 0xFA, 0xAA, 0xFB, 0x45, 0xF6, 0x55, 0xF6,
    0x66, 0xF8, 0x66, 0xF8, 0x67, 0xF8, 0x35, 0xF8,
    0x26, 0xFA, 0x58, 0xFB, 0x56, 0xF8, 0x67, 0xF9,
    0x57, 0xF8, 0x89, 0xFA, 0xEF, 0xFF, 0xDE, 0xFD,
    0xEF, 0xFD, 0xEF, 0xFD, 0xDD, 0xFC, 0xEF, 0xFE,
    0xDD, 0xFD, 0xDE, 0xFE, 0xEF, 0xFF, 0xEF, 0xFF,
    0xEF, 0xFF, 0xCE, 0xFD, 0xBD, 0xFC, 0x78, 0xF8,
    0xEF, 0xFF, 0xEF, 0xFF, 0x78, 0xF8, 0xDF, 0xFE,
    0xEF, 0xFF, 0xEF, 0xFF, 0xEF, 0xFF, 0xCD, 0xFC,
    0x9A, 0xF9, 0xEF, 0xFF, 0x56, 0xF6, 0xEF, 0xFF,
    0xEF, 0xFF, 0xEF, 0xFF, 0xEF, 0xFF, 0x78, 0xF8,
    0x56, 0xF8, 0x56, 0xF8, 0x46, 0xF7, 0x34, 0xF5,
    0x22, 0xF3, 0x23, 0xF2, 0x22, 0xF2, 0x22, 0xF3,
    0x33, 0xF3, 0x22, 0xF2, 0x46, 0xF6, 0x67, 0xF8,
    0x67, 0xF8, 0x67, 0xF9, 0x67, 0xF9, 0x68, 0xF9,
    0x68, 0xF9, 0x67, 0xF9, 0x68, 0xF9, 0x67, 0xF9,
    0x67, 0xF8, 0x22, 0xF3, 0x56, 0xF6, 0x68, 0xF9,
    0x68, 0xF9, 0x68, 0xF9, 0x68, 0xF9, 0x67, 0xF9,
    0xCC, 0xFB, 0xAA, 0xFA, 0xDE, 0xFD, 0x99, 0xF8,
    0xCC, 0xFA, 0xED, 0xFB, 0xDD, 0xFB, 0xDD, 0xFB,
    0xDC, 0xFB, 0xCC, 0xFB, 0xDC, 0xFB, 0xDC, 0xFA,
    0xDC, 0xFA, 0xDC, 0xFB, 0xDC, 0xFA, 0xCC, 0xFA,
    0xCC, 0xFA, 0xDC, 0xFA, 0xDC, 0xFB, 0xDC, 0xFB,
    0xDC, 0xFB, 0xDC, 0xFB, 0xDC, 0xFB, 0xDC, 0xFA,
    0xCB, 0xF9, 0xCC, 0xFB, 0xDE, 0xFD, 0xDE, 0xFD,
    0xCD, 0xFB, 0xCD, 0xFB, 0xCC, 0xFB, 0xCC, 0xFA,
    0x88, 0xF7, 0xAA, 0xF9, 0xBB, 0xFB, 0xDD, 0xFD,
    0xCC, 0xFB, 0xCC, 0xFB, 0xCC, 0xFB, 0xAA, 0xF9,
    0xCC, 0xFB, 0xBC, 0xFA, 0xAB, 0xF9, 0xBB, 0xFA,
    0xBC, 0xFB, 0x88, 0xF7, 0x99, 0xF8, 0xCC, 0xFB,
    0xBB, 0xFA, 0x89, 0xF8, 0xBC, 0xFB, 0xBC, 0xFB,
    0xDE, 0xFD, 0xCC, 0xFB, 0xBB, 0xFA, 0x89, 0xF8,
    0x99, 0xF8, 0x76, 0xF4, 0x99, 0xF7, 0xDE, 0xFD,
    0xBC, 0xFC, 0x12, 0xF4, 0x02, 0xF5, 0x68, 0xFA,
    0x57, 0xF8, 0x24, 0xF7, 0x02, 0xF7, 0x02, 0xF8,
    0x02, 0xF8, 0x02, 0xF8, 0x13, 0xF9, 0x03, 0xF8,
    0x46, 0xF9, 0x68, 0xFA, 0x8A, 0xFB, 0x68, 0xF9,
    0x89, 0xFA, 0x9B, 0xFB, 0xBC, 0xFC, 0xCD, 0xFC,
    0xEF, 0xFF, 0xEF, 0xFF, 0xEF, 0xFF, 0xCC, 0xFC,
    0x87, 0xF8, 0x64, 0xF5, 0x42, 0xF4, 0x65, 0xF6,
    0x67, 0xF7, 0x88, 0xF8, 0x34, 0xF4, 0x77, 0xF7,
    0x9A, 0xF9, 0x9A, 0xF9, 0x99, 0xF9, 0x99, 0xF9,
    0x99, 0xF9, 0x99, 0xF9, 0x99, 0xF9, 0x99, 0xF9,
    0x88, 0xF8, 0x89, 0xF8, 0x89, 0xF9, 0x88, 0xF8,
    0x88, 0xF8, 0x89, 0xF9, 0x89, 0xF9, 0x89, 0xF9,
    0x89, 0xF9, 0x88, 0xF9, 0x88, 0xF8, 0x78, 0xF8,
    0x89, 0xF9, 0x89, 0xF9, 0x88, 0xF7, 0xCC, 0xF9,
    0xBA, 0xF7, 0xDC, 0xF9, 0x98, 0xF7, 0x88, 0xF8,
    0x88, 0xF9, 0x89, 0xF9, 0x89, 0xF9, 0x89, 0xF9,
    0x89, 0xF9, 0x89, 0xF9, 0x89, 0xF9, 0x89, 0xF9,
    0x89, 0xF9, 0x89, 0xF9, 0x89, 0xF9, 0x89, 0xF9,
    0x89, 0xF9, 0xA8, 0xF9, 0x75, 0xF5, 0xA9, 0xF8,
    0xEF, 0xFE, 0xEF, 0xFF, 0xEF, 0xFF, 0xCD, 0xFD,
    0xBC, 0xFA, 0xAC, 0xFA, 0xCD, 0xFC, 0xEE, 0xFE,
    0xEF, 0xFF, 0xEF, 0xFE, 0xB9, 0xF8, 0xCA, 0xF9,
    0xCC, 0xFB, 0x9A, 0xF9, 0xBB, 0xFA, 0xDD, 0xFB,
    0xBB, 0xF9, 0xBC, 0xFA, 0xDE, 0xFC, 0xDD, 0xFC,
    0xED, 0xFC, 0xDD, 0xFB, 0xDD, 0xFC, 0xDD, 0xFB,
    0xDD, 0xFB, 0xDD, 0xFC, 0xDD, 0xFC, 0xDD, 0xFC,
    0xDD, 0xFC, 0xDD, 0xFC, 0xDD, 0xFC, 0xDE, 0xFC,
    0xBC, 0xFB, 0xAB, 0xFB, 0x78, 0xF8, 0x56, 0xF6,
    0x45, 0xF5, 0x34, 0xF5, 0x23, 0xF4, 0x12, 0xF3,
    0x34, 0xF7, 0x23, 0xF7, 0x45, 0xF7, 0xAB, 0xFB,
    0x9A, 0xFA, 0x99, 0xFA, 0x9A, 0xFA, 0xAB, 0xFB,
    0xAA, 0xF9, 0xAA, 0xFB, 0x45, 0xF6, 0x35, 0xF6,
    0x57, 0xF8, 0x67, 0xF8, 0x79, 0xFA, 0x46, 0xF9,
    0x37, 0xFA, 0x69, 0xFB, 0x89, 0xFA, 0x78, 0xF9,
    0x57, 0xF8, 0x9A, 0xFA, 0xEF, 0xFF, 0xCD, 0xFC,
    0xEF, 0xFF, 0xEF, 0xFE, 0xEF, 0xFE, 0xEF, 0xFF,
    0xAA, 0xFA, 0xDD, 0xFD, 0xEF, 0xFF, 0xEF, 0xFF,
    0xEF, 0xFF, 0xAB, 0xFB, 0x68, 0xF8, 0xDE, 0xFE,
    0xEF, 0xFF, 0xEF, 0xFF, 0x67, 0xF7, 0xDE, 0xFE,
    0xEF, 0xFF, 0xEF, 0xFF, 0xEF, 0xFF, 0xBD, 0xFC,
    0x9A, 0xFA, 0xDF, 0xFE, 0x46, 0xF5, 0xDE, 0xFE,
    0xEF, 0xFF, 0xEF, 0xFF, 0xEF, 0xFF, 0x78, 0xF8,
    0x56, 0xF8, 0x56, 0xF8, 0x56, 0xF8, 0x34, 0xF5,
    0x22, 0xF3, 0x22, 0xF2, 0x22, 0xF2, 0x22, 0xF2,
    0x23, 0xF2, 0x23, 0xF2, 0x56, 0xF6, 0x67, 0xF8,
    0x68, 0xF9, 0x67, 0xF9, 0x68, 0xF9, 0x68, 0xF9,
    0x68, 0xF9, 0x68, 0xF9, 0x68, 0xF9, 0x68, 0xF9,
    0x67, 0xF9, 0x22, 0xF3, 0x56, 0xF6, 0x68, 0xF9,
    0x68, 0xF9, 0x67, 0xF9, 0x68, 0xF9, 0x67, 0xF9,
    0xCC, 0xFB, 0xAA, 0xFA, 0xCC, 0xFC, 0x99, 0xF8,
    0xDC, 0xFB, 0xED, 0xFB, 0xDD, 0xFB, 0xDD, 0xFB,
    0xCC, 0xFA, 0xCC, 0xFB, 0xCC, 0xFB, 0xCC, 0xFB,
    0xDD, 0xFB, 0xDC, 0xFB, 0xDD, 0xFB, 0xDD, 0xFB,
    0xDD, 0xFB, 0xDD, 0xFB, 0xDD, 0xFB, 0xDD, 0xFB,
    0xDD, 0xFB, 0xCC, 0xFB, 0xDD, 0xFB, 0xDD, 0xFB,
    0xBC, 0xFA, 0xDD, 0xFC, 0xEF, 0xFE, 0xEF, 0xFE,
    0xDD, 0xFC, 0xCC, 0xFB, 0xCC, 0xFB, 0xBB, 0xFA,
    0x88, 0xF7, 0xBB, 0xFA, 0xAA, 0xF9, 0xDE, 0xFD,
    0xAB, 0xFA, 0xBB, 0xFA, 0xBC, 0xFA, 0x9A, 0xF9,
    0xBC, 0xFB, 0xAB, 0xF9, 0xCC, 0xFA, 0xCC, 0xFA,
    0xBC, 0xFA, 0x9A, 0xF8, 0xBB, 0xFA, 0xBC, 0xFA,
    0xAA, 0xF9, 0x78, 0xF7, 0xBC, 0xFB, 0xCC, 0xFB,
    0xCC, 0xFB, 0xBB, 0xFA, 0x99, 0xF8, 0x89, 0xF7,
    0x98, 0xF7, 0x76, 0xF4, 0x88, 0xF7, 0xBC, 0xFC,
    0x78, 0xF9, 0x01, 0xF5, 0x01, 0xF5, 0x01, 0xF4,
    0x01, 0xF4, 0x02, 0xF6, 0x02, 0xF7, 0x03, 0xF8,
    0x03, 0xF8, 0x03, 0xF8, 0x03, 0xF8, 0x04, 0xF8,
    0x58, 0xFA, 0x35, 0xF7, 0x9B, 0xFC, 0x89, 0xFA,
    0x89, 0xFB, 0xBC, 0xFD, 0xAB, 0xFB, 0xBC, 0xFC,
    0xDE, 0xFE, 0xDF, 0xFE, 0xDE, 0xFE, 0xAB, 0xFB,
    0x77, 0xF7, 0x44, 0xF4, 0x22, 0xF3, 0x33, 0xF3,
    0x11, 0xF1, 0x88, 0xF8, 0xAB, 0xFB, 0x9A, 0xFA,
    0x99, 0xF9, 0x99, 0xF9, 0x9A, 0xF9, 0x99, 0xF9,
    0x99, 0xF9, 0x99, 0xF9, 0x99, 0xF9, 0x99, 0xF9,
    0x99, 0xF9, 0x99, 0xF9, 0x89, 0xF9, 0x89, 0xF9,
    0x89, 0xF9, 0x89, 0xF9, 0x89, 0xF8, 0x89, 0xF9,
    0x89, 0xF9, 0x99, 0xFA, 0x99, 0xF9, 0x88, 0xF9,
    0x99, 0xF9, 0x99, 0xF8, 0xCB, 0xF9, 0xCB, 0xF8,
    0xDC, 0xF9, 0xA9, 0xF8, 0x98, 0xF9, 0x99, 0xFA,
    0x89, 0xF9, 0x99, 0xF9, 0x89, 0xF9, 0x89, 0xF9,
    0x89, 0xF9, 0x99, 0xF9, 0x99, 0xF9, 0x99, 0xF9,
    0x99, 0xF9, 0x99, 0xF9, 0x99, 0xFA, 0x99, 0xF9,
    0x89, 0xF8, 0x88, 0xF7, 0xBB, 0xFB, 0xDD, 0xFD,
    0xEF, 0xFF, 0xEF, 0xFF, 0xEF, 0xFF, 0xEF, 0xFF,
    0xEF, 0xFF, 0xEF, 0xFE, 0xEF, 0xFF, 0xEF, 0xFF,
    0xEF, 0xFF, 0xEF, 0xFE, 0x87, 0xF6, 0xCB, 0xFA,
    0xEF, 0xFF, 0xAA, 0xFA, 0x99, 0xF8, 0xCC, 0xFB,
    0xDD, 0xFC, 0xCC, 0xFB, 0xCC, 0xFB, 0xDD, 0xFC,
    0xDD, 0xFC, 0xDD, 0xFC, 0xDD, 0xFC, 0xDD, 0xFB,
    0xDD, 0xFB, 0xDD, 0xFC, 0xDD, 0xFC, 0xEE, 0xFC,
    0xEF, 0xFD, 0xEE, 0xFD, 0xEF, 0xFD, 0xEF, 0xFD,
    0xEF, 0xFE, 0xDE, 0xFE, 0xDE, 0xFE, 0xCD, 0xFD,
    0xAB, 0xFC, 0x9A, 0xFB, 0x89, 0xFA, 0x12, 0xF3,
    0x12, 0xF4, 0x12, 0xF4, 0x45, 0xF6, 0xAB, 0xFB,
    0xAA, 0xFA, 0x9A, 0xFA, 0x9A, 0xFB, 0xAB, 0xFB,
    0xAA, 0xFA, 0x9A, 0xFB, 0x45, 0xF7, 0x35, 0xF6,
    0x67, 0xF8, 0x78, 0xF9, 0x78, 0xF9, 0x46, 0xF9,
    0x37, 0xFA, 0x69, 0xFB, 0x78, 0xF9, 0x78, 0xF9,
    0x57, 0xF7, 0x9A, 0xF9, 0xEF, 0xFE, 0xDD, 0xFC,
    0xEE, 0xFE, 0xEE, 0xFF, 0xEF, 0xFF, 0xCD, 0xFD,
    0x66, 0xF7, 0xDE, 0xFE, 0xEF, 0xFF, 0xEF, 0xFF,
    0xDE, 0xFE, 0x68, 0xF7, 0xDE, 0xFE, 0xEF, 0xFF,
    0xEF, 0xFF, 0xEF, 0xFF, 0x68, 0xF8, 0xDE, 0xFE,
    0xEF, 0xFF, 0xEF, 0xFF, 0xEF, 0xFF, 0xBC, 0xFC,
    0x68, 0xF8, 0x9A, 0xFA, 0x34, 0xF4, 0x78, 0xF8,
    0x9A, 0xFA, 0xBC, 0xFC, 0xDE, 0xFE, 0x67, 0xF8,
    0x56, 0xF8, 0x56, 0xF8, 0x56, 0xF8, 0x34, 0xF5,
    0x22, 0xF3, 0x33, 0xF3, 0x22, 0xF2, 0x22, 0xF2,
    0x33, 0xF3, 0x23, 0xF2, 0x56, 0xF6, 0x67, 0xF8,
    0x68, 0xF9, 0x68, 0xF9, 0x68, 0xF9, 0x68, 0xF9,
    0x67, 0xF9, 0x68, 0xFA, 0x68, 0xF9, 0x68, 0xF9,
    0x67, 0xF9, 0x22, 0xF3, 0x56, 0xF6, 0x68, 0xF9,
    0x68, 0xF9, 0x68, 0xF9, 0x67, 0xF9, 0x67, 0xF9,
    0xCC, 0xFB, 0x9A, 0xF9, 0xCD, 0xFC, 0x99, 0xF8,
    0xDC, 0xFA, 0xDD, 0xFB, 0xDD, 0xFB, 0xDD, 0xFB,
    0xDD, 0xFB, 0xDD, 0xFB, 0xDD, 0xFB, 0xDD, 0xFB,
    0xDD, 0xFB, 0xDD, 0xFB, 0xDD, 0xFB, 0xDD, 0xFB,
    0xDD, 0xFB, 0xDD, 0xFB, 0xDD, 0xFB, 0xCC, 0xFB,
    0xCC, 0xFB, 0xBB, 0xFA, 0xBB, 0xFA, 0xBB, 0xFA,
    0xBC, 0xFA, 0x99, 0xF8, 0xCD, 0xFC, 0xDE, 0xFD,
    0xBC, 0xFB, 0xBB, 0xFA, 0xBB, 0xFA, 0xAA, 0xF9,
    0x99, 0xF8, 0xBB, 0xFA, 0x9A, 0xF9, 0xCD, 0xFC,
    0xAB, 0xFA, 0xAB, 0xFA, 0xAA, 0xFA, 0x9A, 0xFA,
    0x99, 0xF9, 0x9A, 0xF8, 0xBC, 0xFA, 0xDD, 0xFB,
    0xCC, 0xFB, 0x9A, 0xF8, 0xAB, 0xF9, 0xBC, 0xFB,
    0x9B, 0xF9, 0x79, 0xF7, 0xBC, 0xFB, 0xBC, 0xFB,
    0xCD, 0xFB, 0xBC, 0xFA, 0xCC, 0xFA, 0xBC, 0xFB,
    0xBA, 0xF9, 0x76, 0xF4, 0x88, 0xF8, 0x8A, 0xFA,
    0x46, 0xF9, 0x24, 0xF9, 0x24, 0xF9, 0x14, 0xF9,
    0x14, 0xF9, 0x15, 0xFA, 0x15, 0xFA, 0x15, 0xFA,
    0x25, 0xFA, 0x25, 0xFA, 0x25, 0xFA, 0x25, 0xFA,
    0x47, 0xFA, 0x58, 0xFA, 0xAB, 0xFC, 0x89, 0xFA,
    0x9A, 0xFA, 0x78, 0xF9, 0x89, 0xF9, 0x78, 0xF8,
    0xBC, 0xFB, 0xDE, 0xFD, 0xDE, 0xFE, 0x9A, 0xFA,
    0x34, 0xF4, 0x34, 0xF4, 0x45, 0xF5, 0x89, 0xF8,
    0xAA, 0xFA, 0x9A, 0xF9, 0x99, 0xF9, 0x99, 0xF9,
    0x99, 0xF9, 0x99, 0xF9, 0x99, 0xF9, 0x99, 0xF9,
    0x99, 0xF9, 0x99, 0xF9, 0x99, 0xF9, 0x99, 0xF9,
    0x99, 0xF9, 0x99, 0xF9, 0x89, 0xF9, 0x99, 0xF9,
    0x89, 0xF9, 0x89, 0xF9, 0x89, 0xF8, 0x99, 0xF9,
    0x99, 0xF9, 0x99, 0xFA, 0x99, 0xFA, 0x99, 0xF9,
    0x99, 0xF8, 0xAA, 0xF8, 0xCC, 0xF9, 0xCB, 0xF7,
    0xCC, 0xF9, 0x99, 0xF8, 0x89, 0xFA, 0x89, 0xF9,
    0x89, 0xF9, 0x89, 0xF9, 0x89, 0xFA, 0x89, 0xF9,
    0x89, 0xF9, 0x89, 0xF9, 0x89, 0xF9, 0x89, 0xF9,
    0x89, 0xF9, 0x99, 0xF9, 0x99, 0xF9, 0x89, 0xF9,
    0x89, 0xFA, 0x89, 0xF9, 0xCD, 0xFD, 0xEF, 0xFF,
    0xBC, 0xFC, 0xBC, 0xFB, 0xAB, 0xFA, 0xAB, 0xFB,
    0xBC, 0xFB, 0xBC, 0xFB, 0xBC, 0xFC, 0xCD, 0xFD,
    0xCD, 0xFC, 0xCD, 0xFC, 0xEF, 0xFE, 0xEF, 0xFE,
    0xEF, 0xFF, 0x9A, 0xF9, 0x89, 0xF8, 0xAA, 0xF9,
    0xDD, 0xFC, 0xEF, 0xFE, 0xBC, 0xFA, 0xCD, 0xFC,
    0xDD, 0xFC, 0xDC, 0xFB, 0xDC, 0xFB, 0xDD, 0xFB,
    0xDD, 0xFB, 0xCC, 0xFB, 0xAB, 0xFA, 0xAA, 0xF9,
    0x89, 0xF8, 0x89, 0xF9, 0x78, 0xF8, 0x67, 0xF7,
    0x67, 0xF7, 0x45, 0xF6, 0x35, 0xF6, 0x35, 0xF7,
    0x24, 0xF7, 0x23, 0xF5, 0x23, 0xF4, 0x12, 0xF3,
    0x12, 0xF3, 0x12, 0xF3, 0x45, 0xF5, 0xAB, 0xFA,
    0xAA, 0xFA, 0x99, 0xFA, 0xAB, 0xFB, 0xAB, 0xFB,
    0xAA, 0xFA, 0x9A, 0xFB, 0x45, 0xF6, 0x24, 0xF5,
    0x67, 0xF8, 0x78, 0xF8, 0x56, 0xF7, 0x57, 0xF9,
    0x37, 0xFA, 0x79, 0xFB, 0x56, 0xF7, 0x78, 0xF9,
    0x9A, 0xFA, 0xAB, 0xFA, 0xEF, 0xFE, 0xDD, 0xFC,
    0xED, 0xFD, 0xEE, 0xFD, 0xDD, 0xFE, 0x66, 0xF8,
    0x56, 0xF6, 0xEF, 0xFE, 0xEF, 0xFF, 0xEF, 0xFE,
    0x67, 0xF6, 0xDE, 0xFD, 0xEF, 0xFE, 0xEF, 0xFE,
    0xEF, 0xFF, 0xEF, 0xFF, 0x78, 0xF8, 0xEF, 0xFE,
    0xEF, 0xFE, 0xEF, 0xFF, 0xEF, 0xFF, 0xCD, 0xFD,
    0x67, 0xF7, 0xBC, 0xFC, 0x46, 0xF5, 0xDE, 0xFE,
    0xDE, 0xFD, 0xCD, 0xFC, 0xAB, 0xFB, 0x45, 0xF6,
    0x44, 0xF7, 0x45, 0xF7, 0x55, 0xF7, 0x33, 0xF5,
    0x33, 0xF4, 0x33, 0xF4, 0x32, 0xF3, 0x22, 0xF3,
    0x33, 0xF3, 0x23, 0xF3, 0x66, 0xF7, 0x67, 0xF8,
    0x67, 0xF9, 0x68, 0xFA, 0x68, 0xF9, 0x68, 0xF9,
    0x67, 0xF9, 0x68, 0xFA, 0x68, 0xF9, 0x67, 0xF9,
    0x67, 0xF9, 0x22, 0xF3, 0x56, 0xF6, 0x67, 0xF9,
    0x68, 0xF9, 0x67, 0xF9, 0x68, 0xF9, 0x67, 0xF9,
    0xCC, 0xFB, 0x99, 0xF9, 0xDD, 0xFD, 0x99, 0xF8,
    0xCC, 0xFA, 0xDC, 0xFA, 0xED, 0xFB, 0xDC, 0xFA,
    0xDD, 0xFB, 0xCC, 0xFB, 0xCC, 0xFB, 0xCC, 0xFA,
    0xCC, 0xFA, 0xCC, 0xFB, 0xCC, 0xFB, 0xCC, 0xFB,
    0xCC, 0xFA, 0xBB, 0xF9, 0xBB, 0xFA, 0xAB, 0xF9,
    0xAB, 0xFA, 0xBB, 0xFB, 0xAA, 0xFA, 0xAA, 0xF9,
    0xBB, 0xFA, 0x77, 0xF6, 0x9A, 0xF9, 0xCC, 0xFB,
    0xAB, 0xFA, 0xAA, 0xF9, 0xAA, 0xF9, 0x9A, 0xF9,
    0xAA, 0xF9, 0xBB, 0xFA, 0x9A, 0xF9, 0xCD, 0xFC,
    0xAB, 0xFB, 0x9A, 0xFA, 0x9A, 0xFA, 0x78, 0xF8,
    0x9A, 0xFA, 0xAB, 0xFA, 0xAB, 0xF9, 0xCD, 0xFB,
    0xBC, 0xFA, 0x9A, 0xF8, 0xAB, 0xF9, 0x78, 0xF6,
    0x35, 0xF3, 0x79, 0xF7, 0x9B, 0xF9, 0x9A, 0xF9,
    0xCD, 0xFC, 0xCD, 0xFB, 0xEE, 0xFC, 0xEF, 0xFD,
    0xCB, 0xFA, 0x76, 0xF3, 0x88, 0xF7, 0x57, 0xF8,
    0x46, 0xF9, 0x35, 0xF9, 0x25, 0xFA, 0x25, 0xFA,
    0x26, 0xFA, 0x15, 0xFA, 0x15, 0xF9, 0x15, 0xF9,
    0x25, 0xFA, 0x35, 0xF9, 0x46, 0xF9, 0x68, 0xFA,
    0x46, 0xF8, 0x78, 0xFA, 0x9B, 0xFB, 0x78, 0xF8,
    0x89, 0xFA, 0x67, 0xF7, 0x89, 0xF9, 0xAB, 0xFB,
    0x12, 0xF1, 0x01, 0xF0, 0x00, 0xF0, 0x00, 0xF0,
    0x22, 0xF2, 0x78, 0xF8, 0xAB, 0xFA, 0xAA, 0xF9,
    0x9A, 0xF9, 0x9A, 0xF9, 0x9A, 0xF9, 0x9A, 0xF9,
    0x99, 0xF9, 0x99, 0xF9, 0x9A, 0xFA, 0x99, 0xF9,
    0x99, 0xF9, 0x99, 0xF9, 0x99, 0xF9, 0x99, 0xF9,
    0x99, 0xF9, 0x99, 0xF9, 0x99, 0xF9, 0x99, 0xF9,
    0x99, 0xF9, 0x99, 0xF9, 0x99, 0xF9, 0x99, 0xF9,
    0x99, 0xF9, 0x99, 0xF9, 0x99, 0xF9, 0x99, 0xF8,
    0xA9, 0xF8, 0xDC, 0xF9, 0xBB, 0xF7, 0xDC, 0xF8,
    0x9A, 0xF7, 0x99, 0xF9, 0x99, 0xFA, 0x99, 0xF9,
    0x99, 0xF9, 0x99, 0xF9, 0x99, 0xFA, 0x89, 0xFA,
    0x89, 0xFA, 0x79, 0xF9, 0x89, 0xF9, 0x8A, 0xF9,
    0x79, 0xF9, 0x79, 0xF8, 0x89, 0xF8, 0x89, 0xF9,
    0x89, 0xFA, 0x89, 0xF9, 0x9A, 0xFA, 0xDE, 0xFE,
    0xEF, 0xFF, 0xEF, 0xFF, 0xEF, 0xFF, 0xEF, 0xFF,
    0xEF, 0xFF, 0xEF, 0xFF, 0xEF, 0xFF, 0xEF, 0xFF,
    0xEF, 0xFF, 0xEF, 0xFF, 0xEF, 0xFF, 0xEF, 0xFF,
    0xDE, 0xFE, 0x88, 0xF8, 0x88, 0xF8, 0xAA, 0xFA,
    0xCC, 0xFB, 0xDE, 0xFD, 0xDE, 0xFD, 0xAB, 0xF9,
    0xDD, 0xFC, 0xDD, 0xFC, 0xDD, 0xFB, 0xDC, 0xFB,
    0xDD, 0xFC, 0xDD, 0xFB, 0xCD, 0xFB, 0xDD, 0xFC,
    0xCC, 0xFC, 0xBB, 0xFB, 0xCD, 0xFC, 0xCC, 0xFC,
    0xBC, 0xFC, 0x9A, 0xFA, 0x24, 0xF5, 0x13, 0xF6,
    0x12, 0xF6, 0x01, 0xF4, 0x11, 0xF3, 0x12, 0xF2,
    0x12, 0xF2, 0x12, 0xF2, 0x45, 0xF5, 0xAB, 0xFB,
    0x9A, 0xFA, 0x9A, 0xFA, 0xAB, 0xFB, 0xAB, 0xFB,
    0x9A, 0xFB, 0x88, 0xF9, 0x23, 0xF5, 0x35, 0xF6,
    0x89, 0xF9, 0x88, 0xF8, 0x77, 0xF8, 0x8A, 0xFC,
    0x47, 0xFA, 0x79, 0xFB, 0x78, 0xF9, 0x78, 0xF9,
    0x9A, 0xFB, 0xAB, 0xFB, 0xEF, 0xFF, 0xEE, 0xFE,
    0xDD, 0xFD, 0xDD, 0xFD, 0x9A, 0xFB, 0x45, 0xF6,
    0x78, 0xF7, 0xEF, 0xFE, 0xEF, 0xFE, 0x89, 0xF9,
    0x68, 0xF7, 0xEF, 0xFF, 0xEF, 0xFF, 0xEF, 0xFF,
    0xEF, 0xFF, 0xEF, 0xFF, 0x78, 0xF8, 0xEF, 0xFF,
    0xEF, 0xFF, 0xEF, 0xFF, 0xCD, 0xFD, 0x8A, 0xF9,
    0xDE, 0xFE, 0xDE, 0xFE, 0x78, 0xF8, 0xEF, 0xFF,
    0xEF, 0xFF, 0xEF, 0xFF, 0xEF, 0xFF, 0x67, 0xF8,
    0x56, 0xF8, 0x55, 0xF8, 0x44, 0xF7, 0x33, 0xF5,
    0x44, 0xF5, 0x43, 0xF5, 0x33, 0xF4, 0x23, 0xF3,
    0x22, 0xF3, 0x23, 0xF3, 0x56, 0xF7, 0x67, 0xF8,
    0x67, 0xF9, 0x68, 0xF9, 0x68, 0xF9, 0x78, 0xF9,
    0x67, 0xF9, 0x68, 0xFA, 0x68, 0xF9, 0x68, 0xF9,
    0x67, 0xF9, 0x22, 0xF3, 0x56, 0xF7, 0x68, 0xF9,
    0x68, 0xF9, 0x67, 0xF9, 0x68, 0xF9, 0x68, 0xF9,
    0xDC, 0xFC, 0xAB, 0xFA, 0xDD, 0xFD, 0x99, 0xF8,
    0xCC, 0xFA, 0xDC, 0xFA, 0xDC, 0xFA, 0xDD, 0xFA,
    0xDC, 0xFB, 0xDD, 0xFB, 0xDD, 0xFB, 0xCC, 0xFB,
    0xCC, 0xFB, 0xDD, 0xFB, 0xDD, 0xFC, 0xCC, 0xFB,
    0xCC, 0xFB, 0xBB, 0xFA, 0x99, 0xF8, 0xAA, 0xF9,
    0xAB, 0xFA, 0xAA, 0xF9, 0x99, 0xF9, 0xAA, 0xF9,
    0xBC, 0xFA, 0x88, 0xF6, 0xAA, 0xF9, 0xBC, 0xFB,
    0x9A, 0xF9, 0x99, 0xF9, 0x9A, 0xF9, 0x9A, 0xF9,
    0xAA, 0xF9, 0xCD, 0xFB, 0xBC, 0xFA, 0xCC, 0xFC,
    0x88, 0xF8, 0x89, 0xF9, 0x89, 0xF9, 0x67, 0xF6,
    0xBC, 0xFA, 0xBA, 0xF8, 0xB9, 0xF7, 0xCA, 0xF7,
    0xCA, 0xF8, 0xC9, 0xF7, 0xCA, 0xF7, 0xC9, 0xF7,
    0xCA, 0xF7, 0xCC, 0xF9, 0xCD, 0xFB, 0xDE, 0xFC,
    0xDE, 0xFD, 0xEF, 0xFE, 0xEF, 0xFE, 0xEF, 0xFD,
    0xBB, 0xF9, 0x65, 0xF3, 0x66, 0xF5, 0x68, 0xF9,
    0x8A, 0xFB, 0x8A, 0xFC, 0x36, 0xF8, 0x36, 0xF8,
    0x46, 0xF9, 0x9A, 0xFB, 0xBC, 0xFC, 0xAB, 0xFC,
    0xAB, 0xFC, 0xBC, 0xFC, 0xDE, 0xFE, 0xDE, 0xFE,
    0xCD, 0xFD, 0x68, 0xF8, 0x45, 0xF5, 0x78, 0xF8,
    0x78, 0xF8, 0x89, 0xF9, 0xAB, 0xFB, 0x9A, 0xFA,
    0x78, 0xF8, 0x88, 0xF8, 0x99, 0xF9, 0x9A, 0xFA,
    0xBB, 0xFB, 0xAB, 0xFA, 0x99, 0xF9, 0x99, 0xF9,
    0x9A, 0xF9, 0x99, 0xF9, 0x99, 0xF9, 0x99, 0xF9,
    0x9A, 0xF9, 0x9A, 0xFA, 0x9A, 0xFA, 0x99, 0xF9,
    0x99, 0xF9, 0x99, 0xF9, 0x99, 0xF9, 0x99, 0xF9,
    0x99, 0xF9, 0x99, 0xF9, 0x99, 0xF9, 0x99, 0xF9,
    0x99, 0xF9, 0x99, 0xF9, 0x99, 0xF9, 0x99, 0xF9,
    0x99, 0xF9, 0x89, 0xF9, 0x99, 0xF9, 0x99, 0xF8,
    0xCC, 0xF9, 0xBB, 0xF7, 0xDD, 0xFA, 0xBA, 0xF8,
    0x99, 0xF8, 0x99, 0xF9, 0x99, 0xFA, 0x99, 0xFA,
    0x99, 0xFA, 0x89, 0xF9, 0x8A, 0xFB, 0x8C, 0xFC,
    0x8C, 0xFB, 0x9D, 0xFB, 0x9D, 0xFA, 0xAD, 0xF9,
    0x9C, 0xF7, 0x8C, 0xF6, 0x8C, 0xF6, 0x8A, 0xF6,
    0x9A, 0xF7, 0x89, 0xF7, 0x12, 0xF1, 0x23, 0xF3,
    0x45, 0xF5, 0x56, 0xF6, 0x67, 0xF7, 0x67, 0xF7,
    0x78, 0xF8, 0x89, 0xF9, 0x89, 0xF9, 0x9A, 0xFA,
    0xAB, 0xFA, 0xAB, 0xFB, 0xAC, 0xFB, 0xDE, 0xFE,
    0x89, 0xF9, 0x89, 0xF8, 0x88, 0xF8, 0x89, 0xF8,
    0xAB, 0xFA, 0xBC, 0xFA, 0xCD, 0xFC, 0xCD, 0xFC,
    0xAA, 0xF9, 0xDD, 0xFC, 0xDD, 0xFB, 0xDD, 0xFB,
    0xDD, 0xFB, 0xDD, 0xFC, 0xDD, 0xFC, 0xDD, 0xFB,
    0xDD, 0xFB, 0xDD, 0xFC, 0xDD, 0xFB, 0xDD, 0xFB,
    0xDD, 0xFB, 0xCD, 0xFB, 0xBC, 0xFB, 0xAB, 0xFA,
    0xAB, 0xFB, 0xAA, 0xFA, 0x99, 0xF9, 0x55, 0xF5,
    0x44, 0xF4, 0x45, 0xF5, 0x66, 0xF6, 0xAB, 0xFA,
    0x9A, 0xFA, 0x9A, 0xFA, 0xAB, 0xFB, 0xAB, 0xFB,
    0x9A, 0xFA, 0x34, 0xF6, 0x23, 0xF6, 0x35, 0xF6,
    0xAB, 0xFB, 0x9A, 0xFA, 0x88, 0xF8, 0x78, 0xF9,
    0x46, 0xF9, 0x78, 0xFA, 0x78, 0xF9, 0x79, 0xF9,
    0xAB, 0xFB, 0xBC, 0xFB, 0xEF, 0xFF, 0xDE, 0xFE,
    0xBB, 0xFB, 0x79, 0xF7, 0x57, 0xF4, 0x79, 0xF4,
    0x9C, 0xF6, 0xCE, 0xF9, 0xAD, 0xF8, 0xAD, 0xF6,
    0xAD, 0xF8, 0xCF, 0xFA, 0xDF, 0xFB, 0xEF, 0xFD,
    0xEF, 0xFE, 0xEF, 0xFF, 0x67, 0xF7, 0xEF, 0xFF,
    0xEF, 0xFF, 0xAB, 0xFB, 0xAB, 0xFA, 0xEF, 0xFF,
    0xEF, 0xFF, 0xDE, 0xFE, 0x78, 0xF7, 0xEF, 0xFF,
    0xEF, 0xFF, 0xEF, 0xFF, 0xEF, 0xFF, 0x67, 0xF8,
    0x56, 0xF8, 0x56, 0xF8, 0x66, 0xF8, 0x44, 0xF6,
    0x33, 0xF5, 0x44, 0xF5, 0x44, 0xF5, 0x44, 0xF5,
    0x33, 0xF3, 0x33, 0xF3, 0x45, 0xF5, 0x67, 0xF8,
    0x67, 0xF9, 0x67, 0xF9, 0x68, 0xF9, 0x68, 0xF9,
    0x67, 0xF9, 0x68, 0xFA, 0x68, 0xF9, 0x68, 0xF9,
    0x67, 0xF9, 0x22, 0xF3, 0x56, 0xF7, 0x67, 0xF9,
    0x68, 0xF9, 0x68, 0xF9, 0x68, 0xF9, 0x67, 0xF9,
    0xDD, 0xFC, 0xAB, 0xFA, 0xDD, 0xFD, 0x99, 0xF8,
    0xCB, 0xF9, 0xDC, 0xF9, 0xDB, 0xF9, 0xDC, 0xFA,
    0xDD, 0xFB, 0xDD, 0xFB, 0xDD, 0xFB, 0xDD, 0xFB,
    0xCC, 0xFB, 0xCC, 0xFB, 0xBB, 0xFA, 0xBB, 0xFA,
    0xBB, 0xF9, 0xBB, 0xFA, 0xBB, 0xFA, 0xAA, 0xF9,
    0xCC, 0xFA, 0xCC, 0xFB, 0xBB, 0xFA, 0xBB, 0xFA,
    0xBB, 0xFA, 0x99, 0xF7, 0xBC, 0xFA, 0xCD, 0xFB,
    0xAA, 0xF9, 0x99, 0xF9, 0x89, 0xF8, 0x88, 0xF8,
    0xAB, 0xFA, 0xAC, 0xFA, 0xBC, 0xFA, 0xCD, 0xFC,
    0xBB, 0xFB, 0xBB, 0xFB, 0xCA, 0xFA, 0xC9, 0xF8,
    0xC9, 0xF8, 0xC7, 0xF5, 0xC4, 0xF1, 0xC4, 0xF1,
    0xD4, 0xF1, 0xD4, 0xF0, 0xD4, 0xF0, 0xC4, 0xF0,
    0xC5, 0xF2, 0xC7, 0xF5, 0xDB, 0xF9, 0xDD, 0xFC,
    0xEE, 0xFD, 0xDE, 0xFD, 0xDE, 0xFD, 0xDF, 0xFD,
    0xAA, 0xF9, 0x55, 0xF3, 0x56, 0xF6, 0x89, 0xFA,
    0xAB, 0xFC, 0xBC, 0xFC, 0x67, 0xF9, 0x45, 0xF7,
    0x46, 0xF7, 0x68, 0xF7, 0xAC, 0xFB, 0xBC, 0xFB,
    0xCD, 0xFD, 0xCD, 0xFD, 0xDE, 0xFE, 0xDE, 0xFD,
    0x9A, 0xFA, 0x79, 0xF9, 0x34, 0xF4, 0x78, 0xF8,
    0x78, 0xF8, 0xAA, 0xFB, 0x67, 0xF7, 0x88, 0xF9,
    0x99, 0xF9, 0x99, 0xF9, 0x99, 0xF9, 0x99, 0xF9,
    0x9A, 0xF9, 0x9A, 0xF9, 0xAA, 0xFA, 0xAA, 0xFA,
    0x9A, 0xF9, 0x99, 0xF9, 0x99, 0xF9, 0x99, 0xF9,
    0x99, 0xF9, 0x99, 0xF9, 0x99, 0xF9, 0x99, 0xF9,
    0x99, 0xF9, 0x99, 0xF9, 0x99, 0xF9, 0x99, 0xF9,
    0x99, 0xF9, 0x99, 0xF9, 0x99, 0xF9, 0x99, 0xF9,
    0x99, 0xF9, 0x99, 0xF9, 0x99, 0xF9, 0x99, 0xF9,
    0x99, 0xF9, 0x99, 0xF9, 0x99, 0xF9, 0xBB, 0xF9,
    0xCC, 0xF9, 0xAA, 0xF6, 0xCC, 0xFA, 0x99, 0xF8,
    0x99, 0xF9, 0x89, 0xF9, 0x89, 0xF9, 0x79, 0xFA,
    0x8C, 0xFC, 0x8D, 0xFD, 0x8E, 0xFD, 0x6D, 0xFB,
    0x6D, 0xFA, 0x7D, 0xF8, 0x6C, 0xF5, 0x6C, 0xF2,
    0x6B, 0xF0, 0x7B, 0xF0, 0x7B, 0xF0, 0x8A, 0xF0,
    0x8A, 0xF2, 0x8B, 0xF3, 0x57, 0xF2, 0x12, 0xF1,
    0x12, 0xF3, 0x45, 0xF5, 0x34, 0xF4, 0x33, 0xF3,
    0x12, 0xF3, 0x11, 0xF2, 0x33, 0xF3, 0x23, 0xF2,
    0x22, 0xF2, 0x11, 0xF1, 0x01, 0xF1, 0x55, 0xF6,
    0x78, 0xF8, 0x89, 0xF9, 0x89, 0xF9, 0x88, 0xF8,
    0xAA, 0xF9, 0xAB, 0xFA, 0xCD, 0xFC, 0xDE, 0xFD,
    0xCC, 0xFB, 0xBB, 0xFA, 0xDD, 0xFC, 0xDE, 0xFC,
    0xED, 0xFC, 0xED, 0xFC, 0xEE, 0xFC, 0xEE, 0xFC,
    0xCD, 0xFB, 0xEE, 0xFC, 0xED, 0xFC, 0xEE, 0xFC,
    0xEE, 0xFC, 0xEE, 0xFC, 0xEE, 0xFD, 0xEE, 0xFD,
    0xEE, 0xFD, 0xEE, 0xFD, 0xEE, 0xFD, 0xDD, 0xFC,
    0x99, 0xF8, 0x77, 0xF7, 0x78, 0xF8, 0xAA, 0xFA,
    0x9A, 0xFA, 0x9A, 0xFA, 0xAB, 0xFB, 0xAB, 0xFB,
    0x66, 0xF7, 0x11, 0xF4, 0x34, 0xF6, 0x23, 0xF5,
    0x56, 0xF7, 0x56, 0xF7, 0x66, 0xF6, 0x56, 0xF7,
    0x56, 0xF9, 0x56, 0xF8, 0x67, 0xF8, 0x79, 0xF9,
    0x9A, 0xFB, 0xBC, 0xFB, 0xDE, 0xFD, 0xAC, 0xF8,
    0x9B, 0xF5, 0x9D, 0xF5, 0x9D, 0xF4, 0x9D, 0xF2,
    0x9D, 0xF1, 0x7C, 0xF0, 0x9D, 0xF1, 0x9E, 0xF3,
    0x9E, 0xF3, 0x9E, 0xF4, 0x9E, 0xF4, 0x9D, 0xF6,
    0xBE, 0xF9, 0xCE, 0xFB, 0x8A, 0xF7, 0xDF, 0xFE,
    0x9B, 0xFA, 0xBC, 0xFB, 0xEF, 0xFE, 0xEF, 0xFF,
    0xEF, 0xFF, 0xDE, 0xFE, 0x77, 0xF7, 0xEF, 0xFF,
    0xEF, 0xFF, 0xEF, 0xFF, 0xEF, 0xFF, 0x66, 0xF8,
    0x56, 0xF8, 0x56, 0xF8, 0x56, 0xF8, 0x44, 0xF6,
    0x33, 0xF4, 0x33, 0xF4, 0x33, 0xF4, 0x33, 0xF3,
    0x22, 0xF2, 0x34, 0xF4, 0x45, 0xF5, 0x34, 0xF5,
    0x35, 0xF6, 0x45, 0xF7, 0x56, 0xF7, 0x67, 0xF8,
    0x68, 0xF9, 0x68, 0xF9, 0x68, 0xF9, 0x68, 0xF9,
    0x67, 0xF9, 0x22, 0xF3, 0x56, 0xF7, 0x68, 0xF9,
    0x68, 0xF9, 0x67, 0xF9, 0x68, 0xF9, 0x68, 0xF9,
    0xDD, 0xFC, 0xAB, 0xFA, 0xCD, 0xFD, 0x99, 0xF8,
    0xCB, 0xF8, 0xCB, 0xF8, 0xDC, 0xF9, 0xDC, 0xFA,
    0xAA, 0xF8, 0xDD, 0xFB, 0xDD, 0xFC, 0xBB, 0xFA,
    0xBB, 0xFA, 0xBB, 0xFA, 0xBB, 0xFA, 0xBB, 0xFA,
    0xCB, 0xFB, 0xCC, 0xFB, 0xBB, 0xFA, 0xAA, 0xF9,
    0xBB, 0xFA, 0xDC, 0xFB, 0xAB, 0xF9, 0xBB, 0xFA,
    0x78, 0xF6, 0x9A, 0xF8, 0xCC, 0xFB, 0xCC, 0xFB,
    0xAA, 0xF9, 0xBB, 0xFA, 0xDE, 0xFD, 0x9A, 0xF8,
    0x9A, 0xF8, 0xAB, 0xF9, 0xBD, 0xFB, 0xCE, 0xFC,
    0xCC, 0xFA, 0xB7, 0xF6, 0xC5, 0xF4, 0xD3, 0xF2,
    0xD3, 0xF1, 0xD4, 0xF1, 0xD3, 0xF0, 0xD4, 0xF0,
    0xD4, 0xF0, 0xD4, 0xF0, 0xE4, 0xF0, 0xE3, 0xF0,
    0xD3, 0xF0, 0xD3, 0xF0, 0xC4, 0xF0, 0xC5, 0xF3,
    0xC9, 0xF7, 0xDD, 0xFB, 0xEF, 0xFD, 0xEE, 0xFD,
    0xAB, 0xF9, 0x33, 0xF2, 0x44, 0xF5, 0x46, 0xF7,
    0x34, 0xF5, 0x57, 0xF7, 0x67, 0xF9, 0x78, 0xF9,
    0xBC, 0xFC, 0xCD, 0xFB, 0xCD, 0xFC, 0xAB, 0xFB,
    0xBC, 0xFC, 0xBC, 0xFC, 0x78, 0xF7, 0x78, 0xF8,
    0x78, 0xF9, 0x78, 0xF8, 0x68, 0xF8, 0x89, 0xF9,
    0x45, 0xF5, 0x78, 0xF8, 0x23, 0xF3, 0x56, 0xF6,
    0xAA, 0xFA, 0xBB, 0xFB, 0x99, 0xF9, 0x99, 0xF9,
    0x9A, 0xF9, 0x9A, 0xF9, 0x9A, 0xF9, 0x99, 0xF9,
    0x9A, 0xF9, 0x9A, 0xF9, 0x9A, 0xF9, 0x9A, 0xF9,
    0x99, 0xF9, 0x99, 0xF9, 0x99, 0xF9, 0x99, 0xF9,
    0x99, 0xF9, 0x99, 0xF9, 0x99, 0xF9, 0x99, 0xF9,
    0x99, 0xF9, 0x99, 0xF9, 0x99, 0xF9, 0x99, 0xF9,
    0x99, 0xF9, 0x99, 0xF9, 0x89, 0xF9, 0x99, 0xF9,
    0x99, 0xF9, 0x99, 0xF9, 0xAA, 0xF8, 0xDD, 0xFA,
    0xA9, 0xF5, 0xCC, 0xFA, 0x99, 0xF8, 0x99, 0xF9,
    0x89, 0xFA, 0x79, 0xFA, 0x7B, 0xFC, 0x8C, 0xFD,
    0x6C, 0xFC, 0x5D, 0xFB, 0x5D, 0xFB, 0x5C, 0xF9,
    0x6C, 0xF7, 0x6C, 0xF4, 0x6A, 0xF0, 0x6A, 0xF0,
    0x6A, 0xF0, 0x7A, 0xF0, 0x7A, 0xF0, 0x8A, 0xF1,
    0x8A, 0xF0, 0x8B, 0xF0, 0x8A, 0xF2, 0x78, 0xF4,
    0x23, 0xF3, 0x89, 0xF9, 0x89, 0xF9, 0x89, 0xF9,
    0x78, 0xF8, 0x66, 0xF7, 0x99, 0xF9, 0x89, 0xF9,
    0x99, 0xF9, 0x55, 0xF5, 0x11, 0xF2, 0x11, 0xF2,
    0x44, 0xF5, 0x99, 0xF9, 0x88, 0xF8, 0x88, 0xF8,
    0x88, 0xF8, 0xBB, 0xFA, 0xBB, 0xFA, 0xDD, 0xFC,
    0xDE, 0xFC, 0xBB, 0xFA, 0xCD, 0xFB, 0xDD, 0xFC,
    0xEE, 0xFC, 0xEE, 0xFC, 0xEE, 0xFC, 0xEE, 0xFC,
    0xEE, 0xFC, 0xDD, 0xFC, 0xEE, 0xFC, 0xEE, 0xFC,
    0xEE, 0xFC, 0xEE, 0xFC, 0xEE, 0xFD, 0xEE, 0xFD,
    0xEE, 0xFD, 0xEE, 0xFD, 0xEE, 0xFC, 0xEE, 0xFC,
    0xEE, 0xFC, 0xAB, 0xF9, 0x99, 0xF8, 0xAA, 0xFA,
    0x9A, 0xFA, 0x9A, 0xFA, 0xBB, 0xFC, 0x89, 0xF9,
    0x67, 0xF7, 0x78, 0xF9, 0x55, 0xF7, 0x35, 0xF6,
    0x78, 0xF9, 0x68, 0xF8, 0x67, 0xF8, 0x68, 0xF8,
    0x67, 0xF8, 0x77, 0xF9, 0x67, 0xF9, 0x68, 0xF9,
    0x9A, 0xFA, 0xAB, 0xF9, 0xAC, 0xF8, 0x8B, 0xF4,
    0x8B, 0xF2, 0x7B, 0xF0, 0x7B, 0xF0, 0x7B, 0xF0,
    0x7B, 0xF0, 0x7C, 0xF0, 0x7B, 0xF0, 0x7C, 0xF0,
    0x6B, 0xF0, 0x7C, 0xF1, 0x8D, 0xF2, 0x8D, 0xF2,
    0x8E, 0xF3, 0x9E, 0xF6, 0x9E, 0xF7, 0xAE, 0xF8,
    0xBE, 0xFB, 0xEF, 0xFE, 0xEF, 0xFF, 0xEF, 0xFF,
    0xEF, 0xFF, 0xDE, 0xFE, 0x77, 0xF7, 0xEF, 0xFF,
    0xEF, 0xFF, 0xEF, 0xFF, 0xEE, 0xFF, 0x56, 0xF8,
    0x56, 0xF8, 0x56, 0xF8, 0x46, 0xF8, 0x34, 0xF6,
    0x33, 0xF5, 0x33, 0xF4, 0x33, 0xF4, 0x32, 0xF3,
    0x33, 0xF3, 0x23, 0xF3, 0x67, 0xF7, 0x67, 0xF8,
    0x56, 0xF8, 0x46, 0xF8, 0x45, 0xF7, 0x35, 0xF6,
    0x34, 0xF6, 0x45, 0xF7, 0x56, 0xF7, 0x67, 0xF8,
    0x66, 0xF7, 0x22, 0xF3, 0x56, 0xF7, 0x68, 0xF9,
    0x68, 0xF9, 0x67, 0xF9, 0x67, 0xF9, 0x68, 0xF9,
    0xCC, 0xFB, 0xAB, 0xFA, 0xDD, 0xFD, 0x98, 0xF6,
    0xCB, 0xF7, 0xCA, 0xF7, 0xDB, 0xF8, 0xCC, 0xF9,
    0x99, 0xF7, 0xCC, 0xFA, 0xCC, 0xFB, 0xCC, 0xFB,
    0xCB, 0xFA, 0xBB, 0xFA, 0xBB, 0xFA, 0xBB, 0xFA,
    0xBB, 0xFA, 0xAA, 0xF9, 0x9A, 0xF8, 0xBC, 0xFA,
    0xCD, 0xFB, 0xDD, 0xFB, 0xAB, 0xF9, 0xAB, 0xFA,
    0x23, 0xF2, 0xAB, 0xFA, 0xBB, 0xFA, 0xCC, 0xFA,
    0xBB, 0xFA, 0xAA, 0xFA, 0xAB, 0xFA, 0x89, 0xF8,
    0xAB, 0xF9, 0xBC, 0xFA, 0xAB, 0xFA, 0xDC, 0xFB,
    0xD5, 0xF4, 0xD2, 0xF0, 0xE2, 0xF0, 0xE1, 0xF0,
    0xC2, 0xF0, 0xE2, 0xF0, 0xE2, 0xF0, 0xE3, 0xF0,
    0xD4, 0xF0, 0xD4, 0xF0, 0xD4, 0xF0, 0xD4, 0xF0,
    0xD4, 0xF0, 0xD4, 0xF0, 0xD4, 0xF0, 0xD4, 0xF0,
    0xD4, 0xF0, 0xC5, 0xF2, 0xC8, 0xF6, 0xDB, 0xF8,
    0xA8, 0xF7, 0x21, 0xF1, 0x66, 0xF7, 0x44, 0xF5,
    0x23, 0xF4, 0x24, 0xF5, 0x23, 0xF5, 0x23, 0xF3,
    0x9A, 0xF9, 0xAB, 0xFA, 0xAB, 0xFA, 0x89, 0xF9,
    0x9A, 0xFA, 0xAB, 0xFB, 0xBC, 0xFC, 0xAB, 0xFB,
    0x23, 0xF4, 0x34, 0xF4, 0x67, 0xF8, 0x67, 0xF7,
    0x56, 0xF6, 0x66, 0xF6, 0x99, 0xF9, 0x99, 0xF9,
    0x9A, 0xF9, 0x9A, 0xF9, 0x99, 0xF9, 0x99, 0xF9,
    0x99, 0xF9, 0x99, 0xF9, 0x99, 0xF9, 0x9A, 0xF9,
    0x9A, 0xF9, 0x9A, 0xF9, 0x99, 0xF9, 0x99, 0xF9,
    0x99, 0xF9, 0x99, 0xF9, 0x99, 0xF9, 0x99, 0xF9,
    0x99, 0xFA, 0x99, 0xF9, 0x9A, 0xF9, 0x99, 0xF9,
    0x99, 0xF9, 0x99, 0xFA, 0x99, 0xFA, 0x99, 0xF9,
    0x99, 0xF9, 0x99, 0xF9, 0x99, 0xF9, 0x99, 0xF9,
    0x99, 0xF9, 0xAA, 0xF8, 0xDD, 0xFA, 0xBB, 0xF7,
    0xCC, 0xF9, 0xBA, 0xF9, 0x99, 0xF9, 0x99, 0xF9,
    0x89, 0xFB, 0x8C, 0xFD, 0x5A, 0xFC, 0x3A, 0xFB,
    0x4B, 0xFB, 0x5B, 0xF9, 0x5B, 0xF7, 0x4B, 0xF4,
    0x5B, 0xF2, 0x6B, 0xF1, 0x69, 0xF0, 0x69, 0xF0,
    0x69, 0xF0, 0x69, 0xF0, 0x7A, 0xF0, 0x8A, 0xF1,
    0x8A, 0xF1, 0x79, 0xF0, 0x8A, 0xF1, 0x8A, 0xF3,
    0x57, 0xF3, 0x12, 0xF1, 0x11, 0xF1, 0x11, 0xF2,
    0x11, 0xF2, 0x11, 0xF2, 0x11, 0xF1, 0x12, 0xF2,
    0x22, 0xF2, 0x22, 0xF3, 0x11, 0xF1, 0x22, 0xF2,
    0x78, 0xF8, 0x99, 0xF9, 0x99, 0xF8, 0x88, 0xF8,
    0x88, 0xF8, 0xAB, 0xFA, 0xAB, 0xFA, 0xCC, 0xFB,
    0xCC, 0xFB, 0xDD, 0xFC, 0xAB, 0xF9, 0xDD, 0xFC,
    0xEE, 0xFD, 0xEE, 0xFC, 0xEE, 0xFC, 0xDE, 0xFD,
    0xDE, 0xFD, 0xEE, 0xFD, 0xDE, 0xFD, 0xEE, 0xFD,
    0xEE, 0xFD, 0xDE, 0xFD, 0xDE, 0xFD, 0xDE, 0xFC,
    0xDE, 0xFC, 0xDE, 0xFC, 0xDE, 0xFC, 0xDE, 0xFC,
    0xDE, 0xFC, 0xCD, 0xFC, 0xBB, 0xFB, 0x89, 0xF9,
    0x99, 0xFA, 0x9A, 0xFB, 0xAA, 0xFB, 0x9A, 0xFB,
    0x88, 0xFA, 0x67, 0xF8, 0x45, 0xF6, 0x34, 0xF6,
    0x68, 0xF9, 0x67, 0xF9, 0x67, 0xF9, 0x67, 0xF9,
    0x66, 0xF8, 0x77, 0xF9, 0x76, 0xF9, 0x87, 0xF9,
    0x65, 0xF5, 0x56, 0xF3, 0x47, 0xF1, 0x47, 0xF1,
    0x69, 0xF0, 0x6A, 0xF0, 0x6A, 0xF0, 0x6A, 0xF0,
    0x6A, 0xF0, 0x6A, 0xF0, 0x7B, 0xF0, 0x6A, 0xF0,
    0x6A, 0xF0, 0x6B, 0xF0, 0x6A, 0xF0, 0x6C, 0xF1,
    0x6C, 0xF1, 0x7D, 0xF3, 0x7D, 0xF3, 0x8D, 0xF5,
    0x9D, 0xF7, 0xCE, 0xFB, 0xEF, 0xFD, 0xEF, 0xFE,
    0xEF, 0xFF, 0xDE, 0xFE, 0x78, 0xF7, 0xEF, 0xFF,
    0xEF, 0xFF, 0xEF, 0xFF, 0xEE, 0xFE, 0x56, 0xF8,
    0x56, 0xF8, 0x56, 0xF8, 0x56, 0xF9, 0x45, 0xF7,
    0x34, 0xF6, 0x33, 0xF5, 0x33, 0xF4, 0x32, 0xF3,
    0x33, 0xF4, 0x33, 0xF3, 0x67, 0xF8, 0x67, 0xF9,
    0x68, 0xF9, 0x68, 0xF9, 0x67, 0xF9, 0x67, 0xF9,
    0x57, 0xF8, 0x46, 0xF7, 0x45, 0xF6, 0x35, 0xF6,
    0x33, 0xF5, 0x33, 0xF3, 0x45, 0xF5, 0x57, 0xF8,
    0x67, 0xF9, 0x68, 0xF9, 0x68, 0xF9, 0x68, 0xF9,
    0xCD, 0xFB, 0xAB, 0xFA, 0xEE, 0xFE, 0x87, 0xF5,
    0xCA, 0xF7, 0xCB, 0xF8, 0xDB, 0xF9, 0xCB, 0xF9,
    0xBB, 0xF9, 0xBB, 0xF9, 0xDE, 0xFC, 0xCC, 0xFB,
    0xCC, 0xFB, 0xBC, 0xFA, 0xBB, 0xFA, 0xBB, 0xFA,
    0xBB, 0xFA, 0xBB, 0xFA, 0x9A, 0xF8, 0xCC, 0xFA,
    0xBC, 0xFA, 0xDD, 0xFC, 0xBB, 0xFA, 0xBC, 0xFB,
    0x66, 0xF5, 0xBB, 0xFA, 0xAB, 0xF9, 0xCD, 0xFB,
    0xAB, 0xFA, 0x9A, 0xF9, 0xBC, 0xFB, 0x89, 0xF8,
    0xAA, 0xF9, 0xBC, 0xFA, 0xBC, 0xFA, 0xC9, 0xF7,
    0xE0, 0xF0, 0xE0, 0xF0, 0xD0, 0xF0, 0xE0, 0xF0,
    0xE0, 0xF0, 0xE0, 0xF0, 0xE0, 0xF0, 0xE2, 0xF0,
    0xE2, 0xF0, 0xE3, 0xF0, 0xE4, 0xF0, 0xD4, 0xF0,
    0xE3, 0xF0, 0xD4, 0xF0, 0xC4, 0xF0, 0xC4, 0xF0,
    0xC5, 0xF0, 0xD5, 0xF0, 0xC4, 0xF0, 0xC5, 0xF1,
    0xA4, 0xF1, 0x62, 0xF1, 0x31, 0xF2, 0x21, 0xF3,
    0x12, 0xF3, 0x12, 0xF4, 0x12, 0xF3, 0x12, 0xF3,
    0x11, 0xF1, 0x11, 0xF1, 0x12, 0xF2, 0x13, 0xF3,
    0x23, 0xF3, 0x23, 0xF2, 0x23, 0xF3, 0x22, 0xF2,
    0x11, 0xF2, 0x22, 0xF3, 0x33, 0xF4, 0x44, 0xF4,
    0xAB, 0xFA, 0xAB, 0xFA, 0xBC, 0xFB, 0x9A, 0xF9,
    0x9A, 0xF9, 0x9A, 0xFA, 0x9A, 0xF9, 0x9A, 0xF9,
    0x99, 0xF9, 0x9A, 0xF9, 0x9A, 0xF9, 0x9A, 0xF9,
    0x9A, 0xF9, 0x9A, 0xF9, 0x99, 0xF9, 0x99, 0xF9,
    0x99, 0xF9, 0x99, 0xF9, 0x99, 0xF9, 0x99, 0xF9,
    0x99, 0xF9, 0x99, 0xF9, 0x99, 0xF9, 0x99, 0xF9,
    0x99, 0xF9, 0x99, 0xF9, 0x99, 0xFA, 0x99, 0xF9,
    0x99, 0xF9, 0x99, 0xF9, 0x99, 0xFA, 0x99, 0xF9,
    0xA9, 0xF8, 0xCC, 0xF9, 0xCC, 0xF8, 0xAA, 0xF6,
    0xCC, 0xFA, 0x99, 0xF8, 0x89, 0xF9, 0x7A, 0xFA,
    0x7C, 0xFD, 0x6C, 0xFE, 0x3B, 0xFC, 0x3A, 0xFA,
    0x4A, 0xF9, 0x5A, 0xF6, 0x5A, 0xF3, 0x5A, 0xF2,
    0x6A, 0xF1, 0x69, 0xF0, 0x69, 0xF0, 0x68, 0xF0,
    0x68, 0xF0, 0x68, 0xF0, 0x79, 0xF0, 0x79, 0xF0,
    0x57, 0xF1, 0x68, 0xF5, 0x56, 0xF3, 0x56, 0xF2,
    0x88, 0xF6, 0x9A, 0xF9, 0x99, 0xF8, 0x99, 0xF9,
    0x89, 0xF9, 0x89, 0xF8, 0x88, 0xF8, 0x78, 0xF8,
    0x88, 0xF8, 0x78, 0xF7, 0x78, 0xF7, 0x77, 0xF7,
    0x99, 0xF9, 0x99, 0xF9, 0x99, 0xF8, 0x89, 0xF8,
    0x88, 0xF8, 0x99, 0xF9, 0xBC, 0xFB, 0xBB, 0xFA,
    0xDD, 0xFC, 0xDD, 0xFB, 0xDD, 0xFB, 0xAA, 0xF9,
    0xCC, 0xFB, 0xAA, 0xFA, 0x9A, 0xFA, 0x78, 0xF9,
    0x57, 0xF8, 0x46, 0xF7, 0x35, 0xF7, 0x34, 0xF6,
    0x34, 0xF7, 0x34, 0xF7, 0x34, 0xF6, 0x57, 0xF8,
    0x35, 0xF7, 0x35, 0xF7, 0x35, 0xF7, 0x35, 0xF7,
    0x35, 0xF7, 0x35, 0xF7, 0x35, 0xF7, 0x24, 0xF7,
    0x13, 0xF5, 0x23, 0xF5, 0x56, 0xF8, 0x12, 0xF4,
    0x12, 0xF4, 0x12, 0xF5, 0x12, 0xF5, 0x12, 0xF5,
    0x12, 0xF6, 0x23, 0xF6, 0x23, 0xF7, 0x12, 0xF7,
    0x21, 0xF6, 0x66, 0xF8, 0x65, 0xF7, 0x52, 0xF4,
    0x51, 0xF2, 0x32, 0xF0, 0x35, 0xF2, 0x36, 0xF1,
    0x59, 0xF1, 0x48, 0xF0, 0x6A, 0xF0, 0x6A, 0xF0,
    0x6B, 0xF0, 0x6A, 0xF0, 0x6B, 0xF0, 0x7B, 0xF0,
    0x7B, 0xF0, 0x6B, 0xF0, 0x5A, 0xF0, 0x49, 0xF0,
    0x49, 0xF0, 0x6C, 0xF1, 0x6B, 0xF0, 0x8D, 0xF3,
    0x9D, 0xF5, 0xAE, 0xF7, 0xAD, 0xF7, 0xCE, 0xFA,
    0xDF, 0xFC, 0xCD, 0xFC, 0x55, 0xF5, 0xEE, 0xFD,
    0xEE, 0xFD, 0xEF, 0xFD, 0xDE, 0xFE, 0x56, 0xF7,
    0x46, 0xF8, 0x46, 0xF8, 0x56, 0xF9, 0x44, 0xF7,
    0x34, 0xF6, 0x34, 0xF5, 0x33, 0xF4, 0x33, 0xF3,
    0x33, 0xF4, 0x33, 0xF4, 0x67, 0xF8, 0x67, 0xF9,
    0x68, 0xF9, 0x68, 0xF9, 0x67, 0xF9, 0x68, 0xF9,
    0x68, 0xF9, 0x68, 0xF9, 0x68, 0xF8, 0x67, 0xF8,
    0x55, 0xF7, 0x33, 0xF4, 0x34, 0xF5, 0x34, 0xF6,
    0x34, 0xF6, 0x45, 0xF7, 0x56, 0xF7, 0x57, 0xF8,
    0xDD, 0xFC, 0xBB, 0xFB, 0xDE, 0xFD, 0x77, 0xF5,
    0xDB, 0xF8, 0xDB, 0xF9, 0xDC, 0xF9, 0xDC, 0xFA,
    0xCC, 0xFB, 0xBC, 0xFA, 0xCC, 0xFB, 0xCC, 0xFC,
    0xBB, 0xFB, 0xAB, 0xFB, 0xAB, 0xFC, 0xAB, 0xFB,
    0x9A, 0xFB, 0xAB, 0xFB, 0x9A, 0xFA, 0xCC, 0xFC,
    0xCD, 0xFC, 0xDE, 0xFD, 0xAB, 0xFA, 0xAA, 0xFA,
    0x99, 0xF8, 0xCD, 0xFB, 0xAB, 0xF9, 0xBC, 0xFA,
    0x89, 0xF7, 0x88, 0xF7, 0x77, 0xF6, 0x89, 0xF7,
    0x9A, 0xF8, 0xAB, 0xF9, 0xCA, 0xF9, 0xA2, 0xF2,
    0xE0, 0xF0, 0xE0, 0xF0, 0xE0, 0xF0, 0xE0, 0xF0,
    0xE0, 0xF0, 0xE0, 0xF0, 0xE0, 0xF0, 0xE0, 0xF0,
    0xE0, 0xF0, 0xE2, 0xF0, 0xD3, 0xF0, 0xB3, 0xF0,
    0xC4, 0xF1, 0xB6, 0xF3, 0xA6, 0xF3, 0xB5, 0xF0,
    0xB5, 0xF0, 0xC6, 0xF0, 0xC5, 0xF0, 0xD5, 0xF0,
    0xC4, 0xF0, 0xC5, 0xF2, 0x72, 0xF0, 0x20, 0xF1,
    0x11, 0xF2, 0x01, 0xF2, 0x01, 0xF2, 0x11, 0xF2,
    0x11, 0xF2, 0x11, 0xF1, 0x11, 0xF0, 0x01, 0xF1,
    0x01, 0xF1, 0x11, 0xF1, 0x11, 0xF1, 0x11, 0xF1,
    0x11, 0xF1, 0x11, 0xF1, 0x88, 0xF8, 0x89, 0xF8,
    0x99, 0xF8, 0x99, 0xF9, 0x99, 0xF9, 0x9A, 0xF9,
    0xAA, 0xFA, 0x9A, 0xF9, 0x99, 0xF9, 0x99, 0xF9,
    0x9A, 0xF9, 0x9A, 0xFA, 0x9A, 0xFA, 0x99, 0xF9,
    0x99, 0xF9, 0x99, 0xF9, 0x99, 0xF9, 0x99, 0xF9,
    0x99, 0xF9, 0x99, 0xF9, 0x99, 0xF9, 0x99, 0xF9,
    0x9A, 0xF9, 0x9A, 0xFA, 0x99, 0xFA, 0x99, 0xFA,
    0x99, 0xF9, 0x99, 0xF9, 0x99, 0xFA, 0x99, 0xF9,
    0x99, 0xF9, 0x99, 0xF9, 0x99, 0xF9, 0x99, 0xF8,
    0xBB, 0xF8, 0xDD, 0xF9, 0xAA, 0xF6, 0xDD, 0xFA,
    0xAA, 0xF8, 0x89, 0xF9, 0x7A, 0xFB, 0x8C, 0xFE,
    0x3B, 0xFC, 0x3A, 0xFC, 0x29, 0xFA, 0x4A, 0xF8,
    0x49, 0xF4, 0x49, 0xF1, 0x48, 0xF1, 0x58, 0xF1,
    0x58, 0xF1, 0x46, 0xF0, 0x56, 0xF2, 0x44, 0xF1,
    0x56, 0xF2, 0x67, 0xF2, 0x67, 0xF0, 0x67, 0xF0,
    0xAB, 0xF7, 0xEF, 0xFD, 0xDE, 0xFE, 0xDE, 0xFD,
    0xDE, 0xFC, 0x99, 0xF8, 0xAA, 0xF9, 0x9A, 0xF9,
    0x9A, 0xF9, 0x99, 0xF9, 0x99, 0xF9, 0x9A, 0xF9,
    0x9A, 0xF9, 0x99, 0xF9, 0x99, 0xF9, 0x99, 0xF9,
    0x89, 0xF8, 0x99, 0xF9, 0x99, 0xF8, 0x89, 0xF8,
    0x88, 0xF8, 0x88, 0xF8, 0xAB, 0xFA, 0xBB, 0xFB,
    0xAB, 0xFA, 0xDD, 0xFC, 0xDD, 0xFB, 0xBB, 0xFA,
    0xAB, 0xFA, 0x89, 0xF9, 0x23, 0xF5, 0x24, 0xF7,
    0x24, 0xF7, 0x24, 0xF8, 0x24, 0xF7, 0x24, 0xF8,
    0x13, 0xF7, 0x14, 0xF7, 0x25, 0xF8, 0x9C, 0xFE,
    0x69, 0xFB, 0x14, 0xF8, 0x24, 0xF8, 0x24, 0xF8,
    0x24, 0xF7, 0x24, 0xF8, 0x24, 0xF8, 0x24, 0xF8,
    0x24, 0xF8, 0x13, 0xF6, 0x12, 0xF6, 0x02, 0xF5,
    0x12, 0xF5, 0x12, 0xF5, 0x12, 0xF5, 0x12, 0xF6,
    0x12, 0xF6, 0x12, 0xF6, 0x12, 0xF7, 0x12, 0xF7,
    0x12, 0xF6, 0x55, 0xF7, 0x43, 0xF4, 0x32, 0xF2,
    0x42, 0xF2, 0x42, 0xF2, 0x22, 0xF2, 0x13, 0xF1,
    0x24, 0xF0, 0x47, 0xF0, 0x47, 0xF0, 0x59, 0xF0,
    0x59, 0xF0, 0x6A, 0xF0, 0x69, 0xF0, 0x6A, 0xF0,
    0x6A, 0xF0, 0x6B, 0xF0, 0x6B, 0xF1, 0x7C, 0xF1,
    0x5B, 0xF0, 0x6B, 0xF0, 0x7D, 0xF1, 0x8D, 0xF2,
    0x7C, 0xF2, 0x8D, 0xF4, 0x9E, 0xF6, 0xBF, 0xF8,
    0xBE, 0xF9, 0xAC, 0xF9, 0x23, 0xF1, 0xCC, 0xFA,
    0xEC, 0xFA, 0xDB, 0xFA, 0xDC, 0xFC, 0x55, 0xF7,
    0x56, 0xF8, 0x46, 0xF8, 0x56, 0xF9, 0x44, 0xF7,
    0x34, 0xF6, 0x34, 0xF5, 0x33, 0xF4, 0x22, 0xF3,
    0x34, 0xF4, 0x33, 0xF4, 0x67, 0xF8, 0x67, 0xF9,
    0x67, 0xF9, 0x67, 0xF9, 0x67, 0xF9, 0x67, 0xF9,
    0x67, 0xF9, 0x68, 0xFA, 0x68, 0xF9, 0x68, 0xF9,
    0x66, 0xF8, 0x22, 0xF3, 0x56, 0xF6, 0x67, 0xF8,
    0x56, 0xF8, 0x45, 0xF7, 0x34, 0xF6, 0x34, 0xF5,
    0xDE, 0xFE, 0xAB, 0xFB, 0xDE, 0xFD, 0x9A, 0xF8,
    0xCC, 0xFA, 0xCB, 0xFA, 0xCC, 0xFA, 0xCC, 0xFB,
    0xCC, 0xFC, 0x8A, 0xFA, 0x78, 0xF9, 0x79, 0xFB,
    0x7A, 0xFC, 0x7B, 0xFD, 0x8B, 0xFD, 0x7A, 0xFD,
    0x8A, 0xFD, 0x8B, 0xFD, 0x8B, 0xFD, 0x8B, 0xFD,
    0x69, 0xFB, 0x8B, 0xFB, 0xAB, 0xFC, 0x89, 0xF9,
    0x89, 0xF8, 0xCC, 0xFA, 0xBB, 0xF9, 0xBC, 0xFA,
    0xAA, 0xF8, 0xBB, 0xFA, 0xBB, 0xFA, 0xBC, 0xFA,
    0xCC, 0xFA, 0xCC, 0xFB, 0xDB, 0xFA, 0x80, 0xF0,
    0xC0, 0xF0, 0xE0, 0xF0, 0xE0, 0xF0, 0xD0, 0xF0,
    0xD0, 0xF0, 0xE0, 0xF0, 0xE0, 0xF0, 0xE0, 0xF0,
    0xE0, 0xF0, 0xD2, 0xF1, 0xDA, 0xF8, 0xDD, 0xFB,
    0xEE, 0xFD, 0xEF, 0xFD, 0xEE, 0xFD, 0xDD, 0xFB,
    0xDA, 0xF6, 0xD7, 0xF0, 0xD7, 0xF0, 0xC6, 0xF0,
    0xC5, 0xF0, 0xD5, 0xF0, 0xD5, 0xF0, 0xA5, 0xF2,
    0xA8, 0xF6, 0x76, 0xF6, 0x56, 0xF5, 0x55, 0xF5,
    0x67, 0xF6, 0x78, 0xF7, 0x9A, 0xF8, 0x89, 0xF8,
    0x89, 0xF8, 0x89, 0xF9, 0x99, 0xF9, 0xAA, 0xF9,
    0xAA, 0xF9, 0xAA, 0xF8, 0xCC, 0xFA, 0xAA, 0xF9,
    0x9A, 0xF9, 0x9A, 0xF9, 0x9A, 0xF9, 0x9A, 0xF9,
    0x9A, 0xFA, 0x9A, 0xF9, 0x9A, 0xFA, 0x9A, 0xFA,
    0x9A, 0xFA, 0x9A, 0xF9, 0x9A, 0xF9, 0x99, 0xF9,
    0x99, 0xF9, 0x99, 0xF9, 0x99, 0xF9, 0x99, 0xF9,
    0x99, 0xF9, 0x9A, 0xFA, 0x99, 0xF9, 0x99, 0xF9,
    0x99, 0xF9, 0x99, 0xF9, 0x99, 0xFA, 0x99, 0xFA,
    0x99, 0xF9, 0x99, 0xF9, 0x89, 0xF9, 0x89, 0xF9,
    0x89, 0xF9, 0x99, 0xF9, 0x99, 0xF8, 0xAB, 0xF8,
    0xEE, 0xFA, 0xCB, 0xF7, 0xDD, 0xFA, 0xBB, 0xF9,
    0x79, 0xF8, 0x7A, 0xFB, 0x8D, 0xFF, 0x6C, 0xFE,
    0x3A, 0xFD, 0x4A, 0xFC, 0x5B, 0xFA, 0x38, 0xF5,
    0x49, 0xF2, 0x58, 0xF1, 0x68, 0xF3, 0x89, 0xF5,
    0xBC, 0xFA, 0xAA, 0xF9, 0xAA, 0xF9, 0xA9, 0xF9,
    0x88, 0xF8, 0xCC, 0xFC, 0xAA, 0xF9, 0xDE, 0xFB,
    0xEF, 0xFD, 0x9A, 0xF9, 0xEF, 0xFF, 0xEF, 0xFF,
    0xDE, 0xFD, 0xCD, 0xFC, 0x99, 0xF9, 0x99, 0xF9,
    0x99, 0xF9, 0x99, 0xF9, 0x99, 0xF9, 0x99, 0xF9,
    0x99, 0xF9, 0x99, 0xF9, 0x99, 0xF9, 0x89, 0xF8,
    0x89, 0xF8, 0x88, 0xF8, 0x89, 0xF8, 0x88, 0xF8,
    0x89, 0xF8, 0x89, 0xF8, 0xAA, 0xF9, 0xAA, 0xFA,
    0xAA, 0xF9, 0xCC, 0xFB, 0xCC, 0xFB, 0xBB, 0xF9,
    0x78, 0xF6, 0xBC, 0xFB, 0x89, 0xF9, 0x23, 0xF6,
    0x14, 0xF7, 0x24, 0xF7, 0x24, 0xF7, 0x24, 0xF7,
    0x14, 0xF6, 0x13, 0xF6, 0x36, 0xF9, 0x9D, 0xFE,
    0xBD, 0xFF, 0x46, 0xF8, 0x34, 0xF6, 0x34, 0xF6,
    0x34, 0xF5, 0x34, 0xF6, 0x34, 0xF6, 0x34, 0xF6,
    0x34, 0xF6, 0x33, 0xF6, 0x12, 0xF5, 0x23, 0xF6,
    0x24, 0xF5, 0x34, 0xF5, 0x23, 0xF5, 0x12, 0xF5,
    0x23, 0xF6, 0x23, 0xF7, 0x23, 0xF7, 0x13, 0xF7,
    0x13, 0xF6, 0x44, 0xF6, 0x42, 0xF3, 0x32, 0xF2,
    0x51, 0xF1, 0x81, 0xF2, 0x71, 0xF2, 0x51, 0xF2,
    0x32, 0xF1, 0x23, 0xF0, 0x36, 0xF1, 0x47, 0xF1,
    0x58, 0xF0, 0x58, 0xF0, 0x69, 0xF0, 0x69, 0xF1,
    0x6A, 0xF0, 0x6A, 0xF0, 0x6B, 0xF0, 0x6B, 0xF0,
    0x6B, 0xF0, 0x7C, 0xF0, 0x6B, 0xF0, 0x7D, 0xF2,
    0x8D, 0xF3, 0x9E, 0xF5, 0x6C, 0xF3, 0x8D, 0xF5,
    0xAE, 0xF8, 0xCF, 0xFA, 0x9A, 0xF6, 0xCC, 0xF9,
    0xDB, 0xF8, 0xEA, 0xF8, 0xCA, 0xFA, 0x65, 0xF7,
    0x56, 0xF8, 0x46, 0xF8, 0x56, 0xF9, 0x34, 0xF7,
    0x34, 0xF6, 0x34, 0xF6, 0x33, 0xF5, 0x22, 0xF4,
    0x34, 0xF5, 0x23, 0xF4, 0x67, 0xF9, 0x67, 0xF9,
    0x67, 0xF9, 0x67, 0xF9, 0x67, 0xFA, 0x68, 0xFA,
    0x67, 0xF9, 0x68, 0xFA, 0x68, 0xF9, 0x67, 0xF9,
    0x67, 0xF9, 0x22, 0xF3, 0x57, 0xF7, 0x68, 0xF9,
    0x68, 0xF9, 0x67, 0xF9, 0x67, 0xF9, 0x57, 0xF8,
    0x8A, 0xFB, 0x8B, 0xFD, 0xAC, 0xFE, 0xAC, 0xFD,
    0xAC, 0xFD, 0x7A, 0xFC, 0x79, 0xFB, 0x8A, 0xFB,
    0x9C, 0xFD, 0x9C, 0xFD, 0x8B, 0xFD, 0x69, 0xFC,
    0x48, 0xFB, 0x48, 0xFC, 0x38, 0xFC, 0x38, 0xFC,
    0x38, 0xFC, 0x38, 0xFC, 0x38, 0xFC, 0x27, 0xFB,
    0x49, 0xFD, 0x6A, 0xFC, 0x7A, 0xFC, 0x79, 0xFB,
    0x89, 0xF9, 0xAB, 0xFA, 0xAB, 0xF9, 0xCC, 0xFA,
    0xBC, 0xFA, 0xCC, 0xFB, 0xDD, 0xFC, 0xEE, 0xFC,
    0xDD, 0xFC, 0xDE, 0xFC, 0xCC, 0xFB, 0x74, 0xF3,
    0x80, 0xF0, 0xA3, 0xF2, 0xC5, 0xF5, 0xB6, 0xF5,
    0xB8, 0xF6, 0xC5, 0xF5, 0xC0, 0xF0, 0xE0, 0xF0,
    0xE0, 0xF0, 0xC4, 0xF3, 0xEF, 0xFD, 0xEF, 0xFE,
    0xEF, 0xFF, 0xEF, 0xFF, 0xDF, 0xFE, 0xDE, 0xFD,
    0xEF, 0xFC, 0xDB, 0xF6, 0xB7, 0xF0, 0xC7, 0xF0,
    0xB6, 0xF0, 0xC6, 0xF0, 0xD6, 0xF0, 0xC5, 0xF0,
    0xC8, 0xF5, 0xC9, 0xF7, 0xA9, 0xF8, 0xBA, 0xFA,
    0xBB, 0xFB, 0xAB, 0xFA, 0x9A, 0xF9, 0x99, 0xF8,
    0x99, 0xF8, 0x99, 0xF9, 0x99, 0xF8, 0x99, 0xF8,
    0xAB, 0xF9, 0xCC, 0xFB, 0xAA, 0xF9, 0x99, 0xF9,
    0xAA, 0xF9, 0x9A, 0xF9, 0x9A, 0xF9, 0x99, 0xF9,
    0x9A, 0xF9, 0x9A, 0xF9, 0x9A, 0xFA, 0x9A, 0xFA,
    0x9A, 0xF9, 0x99, 0xF9, 0x9A, 0xF9, 0x99, 0xF9,
    0x99, 0xF9, 0x99, 0xFA, 0x99, 0xFA, 0x99, 0xF9,
    0x9A, 0xFA, 0x9A, 0xFA, 0x99, 0xF9, 0x99, 0xF9,
    0x9A, 0xF9, 0x99, 0xF9, 0x99, 0xFA, 0x99, 0xFA,
    0x99, 0xF9, 0x99, 0xF9, 0x89, 0xF9, 0x89, 0xF9,
    0x99, 0xFA, 0x99, 0xF9, 0xAA, 0xF8, 0xDD, 0xF9,
    0xCB, 0xF7, 0xDC, 0xF8, 0xCC, 0xF9, 0x89, 0xF9,
    0x7A, 0xFB, 0x5B, 0xFC, 0x5C, 0xFD, 0x2A, 0xFC,
    0x3A, 0xFC, 0x4A, 0xFA, 0x49, 0xF8, 0x49, 0xF5,
    0x48, 0xF1, 0x67, 0xF4, 0xBB, 0xF9, 0x88, 0xF7,
    0x88, 0xF8, 0xDD, 0xFD, 0xA9, 0xFA, 0xA9, 0xFA,
    0xBB, 0xFB, 0xBB, 0xFB, 0xAA, 0xFA, 0xEF, 0xFE,
    0xEE, 0xFD, 0xDE, 0xFE, 0xEF, 0xFF, 0xEE, 0xFE,
    0xAB, 0xFB, 0x78, 0xF8, 0xAA, 0xFA, 0x9A, 0xFA,
    0xAA, 0xFA, 0xAA, 0xFA, 0xAA, 0xFA, 0xAA, 0xF9,
    0x9A, 0xF9, 0x9A, 0xF9, 0xAA, 0xF9, 0x9A, 0xF9,
    0x9A, 0xF9, 0x99, 0xF9, 0x99, 0xF9, 0x99, 0xF9,
    0x89, 0xF8, 0x88, 0xF7, 0x99, 0xF8, 0x78, 0xF7,
    0x77, 0xF7, 0x88, 0xF7, 0xCC, 0xFB, 0xCC, 0xFA,
    0xBB, 0xF9, 0x77, 0xF6, 0xCD, 0xFC, 0x88, 0xF8,
    0x78, 0xF7, 0x89, 0xF8, 0xAB, 0xFA, 0xBC, 0xFB,
    0xBC, 0xFC, 0xBC, 0xFC, 0x7A, 0xF9, 0x9B, 0xFB,
    0xBD, 0xFC, 0xDE, 0xFD, 0xDE, 0xFC, 0xDE, 0xFD,
    0xDE, 0xFD, 0xDE, 0xFD, 0xEE, 0xFD, 0xEE, 0xFD,
    0xEE, 0xFE, 0xDD, 0xFD, 0x55, 0xF5, 0xCD, 0xFD,
    0xBC, 0xFC, 0x78, 0xF9, 0x45, 0xF6, 0x35, 0xF6,
    0x78, 0xFA, 0x67, 0xF9, 0x35, 0xF7, 0x24, 0xF7,
    0x14, 0xF7, 0x54, 0xF7, 0x52, 0xF4, 0x32, 0xF2,
    0x61, 0xF2, 0xB1, 0xF2, 0xC1, 0xF2, 0x91, 0xF2,
    0x72, 0xF3, 0xA7, 0xF8, 0x75, 0xF5, 0x76, 0xF6,
    0x88, 0xF7, 0x99, 0xF8, 0xBB, 0xF8, 0xCC, 0xF9,
    0xAB, 0xF7, 0x79, 0xF2, 0x6A, 0xF1, 0x6B, 0xF0,
    0x6B, 0xF0, 0x6C, 0xF0, 0x6C, 0xF0, 0x5B, 0xF0,
    0x6C, 0xF2, 0x7C, 0xF3, 0x8E, 0xF5, 0x9E, 0xF6,
    0x8D, 0xF5, 0xAE, 0xF6, 0xBE, 0xF7, 0xDE, 0xF9,
    0xBB, 0xF6, 0xDA, 0xF8, 0xCA, 0xFA, 0x65, 0xF7,
    0x56, 0xF8, 0x46, 0xF9, 0x56, 0xF9, 0x34, 0xF7,
    0x34, 0xF7, 0x34, 0xF6, 0x33, 0xF5, 0x33, 0xF4,
    0x34, 0xF5, 0x33, 0xF4, 0x67, 0xF9, 0x67, 0xF9,
    0x67, 0xF9, 0x67, 0xFA, 0x67, 0xFA, 0x67, 0xF9,
    0x68, 0xF9, 0x68, 0xFA, 0x68, 0xF9, 0x68, 0xF9,
    0x67, 0xF9, 0x22, 0xF4, 0x57, 0xF7, 0x68, 0xF9,
    0x68, 0xFA, 0x67, 0xF9, 0x67, 0xF9, 0x67, 0xF9,
    0x47, 0xFA, 0x37, 0xFB, 0x38, 0xFC, 0x28, 0xFB,
    0x27, 0xFC, 0x37, 0xFD, 0x37, 0xFB, 0x36, 0xFA,
    0x36, 0xFA, 0x36, 0xF9, 0x46, 0xF9, 0x57, 0xFA,
    0x57, 0xFB, 0x26, 0xF9, 0x25, 0xF9, 0x25, 0xFA,
    0x26, 0xFA, 0x26, 0xFB, 0x37, 0xFB, 0x26, 0xFB,
    0x38, 0xFC, 0x47, 0xFC, 0x6A, 0xFD, 0x8B, 0xFD,
    0x79, 0xFA, 0xAB, 0xFB, 0xDD, 0xFB, 0xED, 0xFC,
    0xED, 0xFB, 0xED, 0xFC, 0xDD, 0xFC, 0xDD, 0xFC,
    0xDD, 0xFB, 0xDD, 0xFC, 0xBC, 0xFB, 0x88, 0xF8,
    0x76, 0xF5, 0xDD, 0xFC, 0xEF, 0xFD, 0xEF, 0xFE,
    0xEF, 0xFE, 0xEE, 0xFD, 0xA5, 0xF5, 0xC0, 0xF0,
    0xE0, 0xF0, 0xB4, 0xF4, 0xEE, 0xFD, 0xEF, 0xFF,
    0xEF, 0xFF, 0xEF, 0xFE, 0xBC, 0xFB, 0xBC, 0xFC,
    0xEF, 0xFE, 0xEF, 0xFC, 0xCB, 0xF7, 0xC8, 0xF1,
    0xC7, 0xF0, 0xC7, 0xF0, 0xC6, 0xF0, 0xC5, 0xF0,
    0xC5, 0xF0, 0xD6, 0xF2, 0xD9, 0xF7, 0xCA, 0xF9,
    0xA9, 0xF8, 0x89, 0xF8, 0x89, 0xF9, 0x99, 0xF9,
    0x99, 0xF9, 0x99, 0xF8, 0xAB, 0xF9, 0xBC, 0xFA,
    0xBB, 0xFA, 0x9A, 0xF9, 0xAA, 0xF9, 0x9A, 0xF9,
    0x9A, 0xFA, 0x99, 0xF9, 0x9A, 0xFA, 0x9A, 0xF9,
    0x99, 0xF9, 0x99, 0xF9, 0x9A, 0xF9, 0x9A, 0xFA,
    0x9A, 0xF9, 0x99, 0xF9, 0x9A, 0xF9, 0x9A, 0xF9,
    0x99, 0xF9, 0x99, 0xFA, 0x99, 0xF9, 0x99, 0xF9,
    0x99, 0xF9, 0x99, 0xF9, 0x99, 0xF9, 0x99, 0xF9,
    0x99, 0xF9, 0x99, 0xF9, 0x99, 0xFA, 0x99, 0xFA,
    0x99, 0xF9, 0x99, 0xF9, 0x99, 0xF9, 0x99, 0xFA,
    0x99, 0xFA, 0xA9, 0xF8, 0xDC, 0xF9, 0xDC, 0xF7,
    0xCB, 0xF7, 0xDD, 0xF8, 0x9A, 0xF7, 0x79, 0xFA,
    0x5A, 0xFD, 0x29, 0xFB, 0x3B, 0xFC, 0x2A, 0xFA,
    0x2A, 0xF7, 0x39, 0xF7, 0x69, 0xF5, 0x47, 0xF1,
    0x79, 0xF5, 0x88, 0xF7, 0xCC, 0xFC, 0xBB, 0xFB,
    0xBA, 0xFB, 0x98, 0xF9, 0xCB, 0xFB, 0x98, 0xF8,
    0xA9, 0xF9, 0xBB, 0xFA, 0xCC, 0xFB, 0xDD, 0xFD,
    0xEE, 0xFE, 0xEE, 0xFE, 0xCD, 0xFD, 0x99, 0xFA,
    0xAB, 0xFB, 0xAA, 0xFA, 0x99, 0xF9, 0x99, 0xF9,
    0x99, 0xF9, 0x99, 0xF9, 0x99, 0xF9, 0x99, 0xF9,
    0x99, 0xF9, 0x99, 0xF9, 0x99, 0xF9, 0x99, 0xF9,
    0x99, 0xF9, 0x99, 0xF9, 0x99, 0xF9, 0x99, 0xF8,
    0x89, 0xF8, 0x89, 0xF8, 0x88, 0xF8, 0x89, 0xF8,
    0xAB, 0xFA, 0xBB, 0xFA, 0xBB, 0xFA, 0xCC, 0xFB,
    0xCC, 0xFA, 0xBB, 0xF9, 0xAA, 0xF9, 0xDD, 0xFC,
    0xEE, 0xFC, 0xEE, 0xFC, 0xEE, 0xFC, 0xEE, 0xFD,
    0xDE, 0xFD, 0xDE, 0xFD, 0x9B, 0xFA, 0xEF, 0xFE,
    0xEF, 0xFE, 0xBB, 0xFA, 0xBC, 0xFA, 0xBC, 0xFB,
    0xBB, 0xFB, 0xBC, 0xFB, 0xBC, 0xFB, 0xBB, 0xFB,
    0xBC, 0xFB, 0xAB, 0xFB, 0x45, 0xF6, 0xBC, 0xFD,
    0xBC, 0xFC, 0xAB, 0xFB, 0x56, 0xF7, 0x34, 0xF5,
    0x78, 0xF9, 0x78, 0xF9, 0x67, 0xF9, 0x24, 0xF8,
    0x13, 0xF8, 0x44, 0xF8, 0x43, 0xF5, 0x32, 0xF2,
    0x42, 0xF1, 0x81, 0xF1, 0x91, 0xF1, 0x71, 0xF1,
    0x61, 0xF2, 0xA7, 0xF8, 0xDA, 0xFA, 0xEB, 0xFB,
    0xED, 0xFD, 0xCB, 0xFB, 0x97, 0xF8, 0xDC, 0xFD,
    0xEE, 0xFE, 0xBC, 0xFA, 0x78, 0xF3, 0x6A, 0xF1,
    0x5A, 0xF0, 0x6C, 0xF1, 0x6B, 0xF1, 0x6B, 0xF1,
    0x7C, 0xF2, 0x7C, 0xF3, 0x6B, 0xF1, 0x8D, 0xF3,
    0x8D, 0xF3, 0x8E, 0xF4, 0x9E, 0xF5, 0xAE, 0xF6,
    0xCE, 0xF8, 0xCB, 0xF8, 0xBA, 0xF9, 0x65, 0xF7,
    0x56, 0xF9, 0x56, 0xF9, 0x56, 0xF9, 0x34, 0xF7,
    0x34, 0xF7, 0x34, 0xF6, 0x33, 0xF6, 0x33, 0xF5,
    0x34, 0xF5, 0x23, 0xF4, 0x67, 0xF9, 0x67, 0xF9,
    0x67, 0xF9, 0x67, 0xF9, 0x67, 0xF9, 0x68, 0xF9,
    0x68, 0xFA, 0x68, 0xFA, 0x68, 0xF9, 0x68, 0xF9,
    0x67, 0xF9, 0x22, 0xF4, 0x56, 0xF7, 0x68, 0xF9,
    0x68, 0xFA, 0x67, 0xF9, 0x67, 0xF9, 0x68, 0xF9,
    0x14, 0xF8, 0x03, 0xF7, 0x03, 0xF6, 0x02, 0xF5,
    0x02, 0xF5, 0x12, 0xF5, 0x12, 0xF5, 0x12, 0xF4,
    0x12, 0xF5, 0x02, 0xF5, 0x02, 0xF6, 0x02, 0xF6,
    0x02, 0xF5, 0x13, 0xF6, 0x13, 0xF6, 0x13, 0xF6,
    0x13, 0xF6, 0x02, 0xF6, 0x02, 0xF7, 0x02, 0xF7,
    0x25, 0xFA, 0x69, 0xFD, 0x48, 0xFC, 0x7A, 0xFD,
    0x8A, 0xFC, 0x8A, 0xFB, 0xCD, 0xFC, 0xDD, 0xFB,
    0xDD, 0xFB, 0xDD, 0xFB, 0xDC, 0xFB, 0xDD, 0xFB,
    0xCC, 0xFB, 0xCD, 0xFB, 0xBB, 0xFA, 0xBC, 0xFB,
    0xAA, 0xF9, 0xEF, 0xFE, 0xEF, 0xFF, 0xEF, 0xFF,
    0xEF, 0xFF, 0xEF, 0xFF, 0xDC, 0xFB, 0xB4, 0xF4,
    0xC0, 0xF0, 0xB4, 0xF3, 0xEE, 0xFD, 0xEF, 0xFF,
    0xEF, 0xFF, 0xEF, 0xFF, 0xEF, 0xFD, 0xDF, 0xFD,
    0xEF, 0xFF, 0xEF, 0xFE, 0xEF, 0xFB, 0xDC, 0xF5,
    0xDB, 0xF3, 0xDA, 0xF2, 0xD8, 0xF0, 0xD7, 0xF0,
    0xD6, 0xF0, 0xC6, 0xF0, 0xC5, 0xF1, 0xC8, 0xF5,
    0xA9, 0xF8, 0x9A, 0xF9, 0x8A, 0xFA, 0x8A, 0xFA,
    0xAB, 0xFA, 0xCC, 0xFB, 0xBB, 0xFA, 0x9A, 0xF9,
    0x9A, 0xF9, 0x9A, 0xF9, 0x9A, 0xFA, 0x9A, 0xFA,
    0x9A, 0xFA, 0x9A, 0xFA, 0x9A, 0xFA, 0x9A, 0xFA,
    0x99, 0xF9, 0x99, 0xF9, 0x99, 0xFA, 0x99, 0xF9,
    0x99, 0xF9, 0x99, 0xFA, 0x99, 0xFA, 0x99, 0xF9,
    0x99, 0xFA, 0x99, 0xF9, 0x99, 0xF9, 0x99, 0xF9,
    0x99, 0xF9, 0x99, 0xF9, 0x9A, 0xF9, 0x99, 0xF9,
    0x99, 0xF9, 0x99, 0xF9, 0x99, 0xF9, 0x99, 0xFA,
    0x99, 0xFA, 0x89, 0xF9, 0x99, 0xF9, 0x99, 0xF9,
    0x99, 0xF8, 0xCB, 0xF9, 0xED, 0xF9, 0xBB, 0xF6,
    0xDD, 0xF9, 0xBB, 0xF8, 0x79, 0xF9, 0x59, 0xFC,
    0x4A, 0xFE, 0x29, 0xFB, 0x49, 0xFA, 0x59, 0xF6,
    0x68, 0xF2, 0x78, 0xF0, 0x88, 0xF0, 0x99, 0xF2,
    0xAA, 0xF7, 0x76, 0xF6, 0x98, 0xF8, 0x98, 0xF8,
    0xAA, 0xFA, 0xBB, 0xFB, 0xBA, 0xFA, 0xBB, 0xFB,
    0xCC, 0xFC, 0xDD, 0xFC, 0xBB, 0xFA, 0xDD, 0xFD,
    0xDD, 0xFE, 0x77, 0xF8, 0x44, 0xF5, 0x44, 0xF5,
    0x55, 0xF6, 0xCD, 0xFD, 0x67, 0xF7, 0x9A, 0xFA,
    0x99, 0xF9, 0x99, 0xF9, 0x99, 0xF9, 0x99, 0xF9,
    0x99, 0xF9, 0x99, 0xF9, 0x99, 0xF9, 0x99, 0xF9,
    0x99, 0xF9, 0x99, 0xF9, 0x99, 0xF9, 0x99, 0xF9,
    0x99, 0xF9, 0x99, 0xF8, 0x88, 0xF8, 0x88, 0xF8,
    0xAA, 0xF9, 0xCC, 0xFB, 0xBB, 0xFA, 0xCC, 0xFB,
    0xCC, 0xFB, 0xDD, 0xFB, 0xBB, 0xFA, 0xAA, 0xF9,
    0xAB, 0xF9, 0x89, 0xF8, 0x89, 0xF8, 0x67, 0xF8,
    0x56, 0xF7, 0x45, 0xF6, 0x78, 0xF7, 0xDE, 0xFD,
    0xEF, 0xFE, 0x55, 0xF5, 0x34, 0xF5, 0x34, 0xF6,
    0x34, 0xF6, 0x24, 0xF6, 0x34, 0xF7, 0x34, 0xF6,
    0x24, 0xF6, 0x24, 0xF7, 0x03, 0xF6, 0x24, 0xF7,
    0x24, 0xF6, 0x24, 0xF6, 0x13, 0xF6, 0x12, 0xF6,
    0x24, 0xF7, 0x24, 0xF7, 0x24, 0xF7, 0x14, 0xF8,
    0x14, 0xF8, 0x34, 0xF8, 0x23, 0xF6, 0x12, 0xF3,
    0x22, 0xF2, 0x42, 0xF2, 0x71, 0xF2, 0x81, 0xF1,
    0x81, 0xF1, 0xB6, 0xF6, 0xD9, 0xFA, 0xDB, 0xFC,
    0xED, 0xFE, 0xB9, 0xF9, 0xBA, 0xF9, 0xDC, 0xFC,
    0xEE, 0xFE, 0xED, 0xFD, 0x99, 0xF8, 0x69, 0xF3,
    0x6A, 0xF3, 0x5A, 0xF0, 0x6C, 0xF1, 0x6C, 0xF2,
    0x7C, 0xF3, 0x7C, 0xF4, 0x7C, 0xF4, 0x7C, 0xF3,
    0x6C, 0xF2, 0x8D, 0xF3, 0x8E, 0xF4, 0x8D, 0xF5,
    0xAE, 0xF7, 0xCE, 0xF9, 0x9A, 0xF8, 0x56, 0xF7,
    0x56, 0xF9, 0x56, 0xFA, 0x56, 0xF8, 0x34, 0xF7,
    0x44, 0xF7, 0x34, 0xF6, 0x34, 0xF5, 0x23, 0xF4,
    0x34, 0xF6, 0x33, 0xF5, 0x67, 0xF9, 0x67, 0xF9,
    0x67, 0xF9, 0x68, 0xFA, 0x68, 0xFA, 0x68, 0xF9,
    0x68, 0xF9, 0x68, 0xFA, 0x68, 0xFA, 0x78, 0xFA,
    0x67, 0xF8, 0x23, 0xF3, 0x56, 0xF7, 0x68, 0xF9,
    0x68, 0xFA, 0x68, 0xF9, 0x68, 0xF9, 0x68, 0xFA,
    0x02, 0xF6, 0x12, 0xF5, 0x12, 0xF4, 0x12, 0xF4,
    0x12, 0xF5, 0x12, 0xF5, 0x12, 0xF5, 0x12, 0xF5,
    0x23, 0xF6, 0x12, 0xF6, 0x13, 0xF6, 0x13, 0xF6,
    0x24, 0xF6, 0x69, 0xFA, 0x68, 0xFA, 0x68, 0xFA,
    0x67, 0xF9, 0x56, 0xF8, 0x24, 0xF7, 0x02, 0xF6,
    0x13, 0xF7, 0x69, 0xFD, 0x69, 0xFC, 0x69, 0xFC,
    0x9A, 0xFC, 0x8A, 0xFB, 0xAB, 0xFB, 0xDD, 0xFC,
    0xDD, 0xFB, 0xDD, 0xFB, 0xDD, 0xFB, 0xCD, 0xFB,
    0xCD, 0xFB, 0xCD, 0xFB, 0xBB, 0xF9, 0xDD, 0xFB,
    0xCD, 0xFB, 0xEF, 0xFE, 0xEF, 0xFF, 0xEF, 0xFF,
    0xEF, 0xFF, 0xEF, 0xFF, 0xEF, 0xFE, 0xA9, 0xF7,
    0x82, 0xF2, 0xDB, 0xFA, 0xEF, 0xFF, 0xEF, 0xFF,
    0xEF, 0xFF, 0xEF, 0xFF, 0xEF, 0xFF, 0xEF, 0xFF,
    0xEF, 0xFF, 0xEF, 0xFE, 0xEF, 0xFB, 0xEE, 0xF6,
    0xEC, 0xF5, 0xDB, 0xF3, 0xD9, 0xF2, 0xD9, 0xF2,
    0xD8, 0xF1, 0xE8, 0xF1, 0xD6, 0xF0, 0xD6, 0xF2,
    0xC8, 0xF6, 0xA9, 0xF8, 0x89, 0xFA, 0x9A, 0xF9,
    0x9A, 0xF9, 0x9A, 0xF9, 0xAA, 0xF9, 0x9A, 0xF9,
    0x9A, 0xF9, 0x9A, 0xF9, 0x9A, 0xFA, 0x9A, 0xFA,
    0x9A, 0xF9, 0x9A, 0xFA, 0x9A, 0xF9, 0x9A, 0xF9,
    0x99, 0xF9, 0x9A, 0xF9, 0x9A, 0xF9, 0x99, 0xF9,
    0x9A, 0xF9, 0x9A, 0xF9, 0x9A, 0xF9, 0x9A, 0xF9,
    0x9A, 0xFA, 0x99, 0xFA, 0x99, 0xF9, 0x99, 0xF9,
    0x99, 0xF9, 0x99, 0xF9, 0x99, 0xF9, 0x99, 0xF9,
    0x99, 0xF9, 0x99, 0xF9, 0x99, 0xF9, 0x99, 0xF9,
    0x99, 0xF9, 0x99, 0xF9, 0x99, 0xF9, 0x99, 0xF9,
    0xAA, 0xF8, 0xDD, 0xFA, 0xCB, 0xF7, 0xCC, 0xF8,
    0xCD, 0xF9, 0x79, 0xF8, 0x6A, 0xFB, 0x29, 0xFA,
    0x2A, 0xFC, 0x28, 0xF9, 0x69, 0xF6, 0xAB, 0xF2,
    0xDD, 0xF0, 0xDE, 0xF0, 0xEE, 0xF0, 0xDC, 0xF3,
    0xDC, 0xF8, 0x98, 0xF9, 0x54, 0xF5, 0x66, 0xF6,
    0x88, 0xF8, 0xA9, 0xF9, 0xCC, 0xFC, 0xBC, 0xFB,
    0xCC, 0xFC, 0xBB, 0xFB, 0xAA, 0xFA, 0xDE, 0xFE,
    0x67, 0xF8, 0x22, 0xF5, 0x22, 0xF5, 0x44, 0xF6,
    0x55, 0xF6, 0x99, 0xFA, 0x78, 0xF8, 0x89, 0xF9,
    0x99, 0xF9, 0x99, 0xF9, 0x99, 0xF9, 0x99, 0xF9,
    0x99, 0xF9, 0x99, 0xF9, 0x99, 0xF9, 0x99, 0xF9,
    0x99, 0xF9, 0x99, 0xF9, 0x99, 0xF9, 0x99, 0xF9,
    0x99, 0xF9, 0x99, 0xF8, 0x89, 0xF8, 0x88, 0xF8,
    0x88, 0xF7, 0xAA, 0xFA, 0xBB, 0xFA, 0xAB, 0xF9,
    0xCD, 0xFB, 0xCC, 0xFA, 0xDD, 0xFB, 0x88, 0xF7,
    0x35, 0xF4, 0x56, 0xF5, 0x45, 0xF5, 0x45, 0xF5,
    0x44, 0xF5, 0x45, 0xF5, 0xBC, 0xFA, 0xEF, 0xFC,
    0xEF, 0xFD, 0x78, 0xF6, 0x67, 0xF6, 0x78, 0xF8,
    0x78, 0xF8, 0x78, 0xF8, 0x88, 0xF9, 0x88, 0xF9,
    0x89, 0xF9, 0x78, 0xF9, 0x34, 0xF6, 0x78, 0xF8,
    0x78, 0xF8, 0x67, 0xF8, 0x44, 0xF6, 0x23, 0xF4,
    0x34, 0xF5, 0x34, 0xF5, 0x24, 0xF5, 0x24, 0xF6,
    0x23, 0xF7, 0x23, 0xF7, 0x12, 0xF5, 0x22, 0xF3,
    0x22, 0xF3, 0x32, 0xF2, 0x52, 0xF1, 0xA1, 0xF2,
    0xC1, 0xF2, 0xB2, 0xF3, 0xC6, 0xF7, 0xDA, 0xFB,
    0xEC, 0xFD, 0xDB, 0xFC, 0xCA, 0xFB, 0xEC, 0xFD,
    0xED, 0xFD, 0xED, 0xFE, 0xBB, 0xFA, 0x35, 0xF1,
    0x59, 0xF1, 0x5A, 0xF1, 0x5B, 0xF1, 0x6C, 0xF2,
    0x6B, 0xF1, 0x6B, 0xF1, 0x7C, 0xF2, 0x7C, 0xF2,
    0x7D, 0xF3, 0x8D, 0xF3, 0x8D, 0xF5, 0x8D, 0xF5,
    0x9E, 0xF6, 0xBF, 0xF9, 0xBE, 0xF9, 0x47, 0xF5,
    0x46, 0xF8, 0x56, 0xF9, 0x56, 0xF9, 0x34, 0xF7,
    0x44, 0xF7, 0x34, 0xF6, 0x34, 0xF6, 0x23, 0xF4,
    0x34, 0xF6, 0x33, 0xF5, 0x67, 0xF9, 0x67, 0xF9,
    0x67, 0xF9, 0x68, 0xFA, 0x67, 0xFA, 0x68, 0xFA,
    0x68, 0xFA, 0x78, 0xFA, 0x68, 0xFA, 0x78, 0xFA,
    0x67, 0xF8, 0x22, 0xF3, 0x56, 0xF7, 0x68, 0xF9,
    0x68, 0xFA, 0x67, 0xF9, 0x67, 0xF9, 0x67, 0xF9,
    0x22, 0xF5, 0x22, 0xF4, 0x22, 0xF3, 0x22, 0xF4,
    0x22, 0xF4, 0x12, 0xF5, 0x12, 0xF5, 0x12, 0xF5,
    0x12, 0xF5, 0x12, 0xF5, 0x13, 0xF6, 0x13, 0xF6,
    0x13, 0xF5, 0x14, 0xF5, 0x13, 0xF4, 0x12, 0xF3,
    0x12, 0xF3, 0x12, 0xF3, 0x12, 0xF4, 0x12, 0xF5,
    0x02, 0xF6, 0x57, 0xFB, 0x7B, 0xFD, 0x58, 0xFA,
    0x9A, 0xFC, 0x89, 0xFB, 0x89, 0xF9, 0xBB, 0xFB,
    0xCC, 0xFB, 0xCC, 0xFA, 0xCC, 0xFA, 0xCD, 0xFA,
    0xCC, 0xFA, 0xCC, 0xFA, 0xBB, 0xF9, 0xCC, 0xFA,
    0xCD, 0xFB, 0xEF, 0xFE, 0xEF, 0xFF, 0xEF, 0xFF,
    0xEF, 0xFF, 0xEF, 0xFF, 0xEF, 0xFE, 0x67, 0xF6,
    0x65, 0xF5, 0xDE, 0xFE, 0xDF, 0xFF, 0xEF, 0xFF,
    0xEF, 0xFF, 0xEF, 0xFF, 0xEF, 0xFF, 0xEF, 0xFF,
    0xEF, 0xFF, 0xEF, 0xFE, 0xEF, 0xFA, 0xDD, 0xF6,
    0xDC, 0xF5, 0xDB, 0xF3, 0xDA, 0xF2, 0xD9, 0xF2,
    0xD9, 0xF2, 0xD8, 0xF2, 0xD7, 0xF1, 0xD6, 0xF0,
    0xD6, 0xF2, 0xC8, 0xF7, 0xA9, 0xFA, 0x9A, 0xF9,
    0x9A, 0xF9, 0x9A, 0xF9, 0x9A, 0xF9, 0x9A, 0xF9,
    0x9A, 0xF9, 0x9A, 0xFA, 0x9A, 0xFA, 0x9A, 0xFA,
    0x9A, 0xF9, 0x99, 0xF9, 0x9A, 0xF9, 0x9A, 0xF9,
    0x99, 0xF9, 0x99, 0xF9, 0x99, 0xF9, 0x99, 0xF9,
    0x99, 0xF9, 0x99, 0xF9, 0x99, 0xF9, 0x99, 0xF9,
    0x99, 0xF9, 0x99, 0xFA, 0x99, 0xF9, 0x89, 0xF9,
    0x99, 0xF9, 0x99, 0xF9, 0x99, 0xF9, 0x99, 0xF9,
    0x99, 0xF9, 0x99, 0xF9, 0x99, 0xF9, 0x99, 0xF9,
    0x99, 0xF9, 0x99, 0xF9, 0x99, 0xF9, 0x99, 0xF9,
    0xCC, 0xFA, 0xCC, 0xF8, 0xBB, 0xF7, 0xDD, 0xFA,
    0xAB, 0xF8, 0x58, 0xF9, 0x17, 0xFA, 0x18, 0xFA,
    0x29, 0xF8, 0x68, 0xF5, 0xAA, 0xF2, 0xDC, 0xF0,
    0xED, 0xF0, 0xEE, 0xF0, 0xEE, 0xF0, 0xEC, 0xF1,
    0xBA, 0xF3, 0x87, 0xF5, 0x88, 0xF8, 0xBC, 0xFC,
    0x88, 0xF8, 0xBB, 0xFB, 0xBC, 0xFB, 0xCC, 0xFC,
    0x88, 0xF8, 0x77, 0xF7, 0xDE, 0xFE, 0x88, 0xF9,
    0x33, 0xF5, 0x33, 0xF5, 0x33, 0xF5, 0x56, 0xF7,
    0x66, 0xF8, 0x55, 0xF6, 0x78, 0xF8, 0x78, 0xF8,
    0x9A, 0xFA, 0x9A, 0xF9, 0x9A, 0xFA, 0x99, 0xF9,
    0x9A, 0xF9, 0x99, 0xF9, 0x99, 0xF9, 0x99, 0xF9,
    0x99, 0xF9, 0x99, 0xF9, 0x99, 0xF9, 0x99, 0xF9,
    0x9A, 0xF9, 0x99, 0xF9, 0x99, 0xF8, 0x99, 0xF8,
    0x89, 0xF8, 0x88, 0xF8, 0xAA, 0xF9, 0xAA, 0xF9,
    0xBB, 0xF9, 0xCC, 0xFA, 0xCC, 0xFB, 0xCD, 0xFB,
    0x78, 0xF6, 0x89, 0xF6, 0xCD, 0xFA, 0xBC, 0xF9,
    0xDE, 0xFB, 0xDE, 0xFC, 0xCD, 0xFA, 0xDE, 0xFB,
    0xEF, 0xFC, 0xEF, 0xFC, 0xDD, 0xFC, 0xDE, 0xFD,
    0xEE, 0xFD, 0xEF, 0xFD, 0xEE, 0xFD, 0xEF, 0xFD,
    0xEF, 0xFD, 0xDD, 0xFD, 0x67, 0xF7, 0xEF, 0xFE,
    0xEF, 0xFD, 0xEE, 0xFE, 0xBC, 0xFB, 0x78, 0xF7,
    0xDE, 0xFD, 0xDE, 0xFC, 0xAB, 0xFA, 0xAA, 0xFA,
    0xAA, 0xFB, 0x66, 0xF8, 0x44, 0xF6, 0x43, 0xF5,
    0x22, 0xF3, 0x22, 0xF3, 0x32, 0xF2, 0x61, 0xF2,
    0x81, 0xF2, 0x93, 0xF4, 0xB8, 0xF8, 0xDB, 0xFB,
    0xEB, 0xFC, 0xDB, 0xFC, 0xDB, 0xFC, 0xDB, 0xFC,
    0xCA, 0xFB, 0xDC, 0xFC, 0x88, 0xF6, 0x78, 0xF2,
    0x6A, 0xF1, 0x6B, 0xF1, 0x6B, 0xF0, 0x6B, 0xF1,
    0x6B, 0xF1, 0x6B, 0xF1, 0x7B, 0xF2, 0x7C, 0xF2,
    0x7B, 0xF2, 0x7C, 0xF3, 0x7C, 0xF4, 0x7C, 0xF5,
    0x7C, 0xF5, 0x9E, 0xF6, 0xAF, 0xF8, 0x8B, 0xF7,
    0x24, 0xF4, 0x24, 0xF6, 0x23, 0xF7, 0x22, 0xF6,
    0x23, 0xF6, 0x23, 0xF6, 0x23, 0xF5, 0x22, 0xF4,
    0x34, 0xF5, 0x23, 0xF4, 0x45, 0xF6, 0x45, 0xF7,
    0x35, 0xF7, 0x45, 0xF7, 0x45, 0xF7, 0x45, 0xF7,
    0x45, 0xF7, 0x45, 0xF7, 0x45, 0xF7, 0x45, 0xF7,
    0x45, 0xF6, 0x23, 0xF4, 0x45, 0xF6, 0x46, 0xF7,
    0x46, 0xF8, 0x45, 0xF7, 0x56, 0xF8, 0x56, 0xF8,
    0x22, 0xF4, 0x22, 0xF3, 0x22, 0xF3, 0x22, 0xF3,
    0x22, 0xF3, 0x22, 0xF4, 0x22, 0xF3, 0x22, 0xF3,
    0x23, 0xF4, 0xAB, 0xFC, 0x13, 0xF4, 0x13, 0xF5,
    0x13, 0xF5, 0x03, 0xF5, 0x13, 0xF5, 0x12, 0xF3,
    0x12, 0xF3, 0x22, 0xF3, 0x12, 0xF3, 0x12, 0xF5,
    0x01, 0xF6, 0x36, 0xFA, 0x7A, 0xFD, 0x7A, 0xFC,
    0x78, 0xFA, 0x68, 0xF9, 0x9A, 0xF9, 0xBA, 0xFA,
    0xDD, 0xFC, 0xDD, 0xFB, 0xDD, 0xFB, 0xCC, 0xFA,
    0xCC, 0xF9, 0xCC, 0xF9, 0xCC, 0xFA, 0xCC, 0xFA,
    0xCD, 0xFB, 0xEF, 0xFE, 0xEF, 0xFF, 0xEF, 0xFF,
    0xEF, 0xFF, 0xEF, 0xFE, 0xDE, 0xFD, 0x55, 0xF3,
    0x53, 0xF3, 0xDD, 0xFD, 0xEF, 0xFF, 0xEE, 0xFE,
    0xEF, 0xFE, 0xEF, 0xFF, 0xEF, 0xFF, 0xEF, 0xFF,
    0xEF, 0xFF, 0xEF, 0xFD, 0xEE, 0xF9, 0xDD, 0xF6,
    0xDC, 0xF4, 0xDB, 0xF3, 0xDA, 0xF2, 0xD9, 0xF2,
    0xD9, 0xF2, 0xD9, 0xF2, 0xD8, 0xF1, 0xD6, 0xF0,
    0xD5, 0xF0, 0xD6, 0xF4, 0xC9, 0xF7, 0x99, 0xF8,
    0x8A, 0xF9, 0x89, 0xFA, 0x89, 0xFA, 0x8A, 0xFA,
    0x89, 0xF9, 0x89, 0xFA, 0x99, 0xFA, 0x9A, 0xFA,
    0x9A, 0xF9, 0x9A, 0xFA, 0x99, 0xF9, 0x99, 0xF9,
    0x99, 0xF9, 0x99, 0xF9, 0x9A, 0xFA, 0x9A, 0xFA,
    0x9A, 0xFA, 0x99, 0xF9, 0x89, 0xF9, 0x89, 0xF9,
    0x89, 0xF9, 0x89, 0xF9, 0x89, 0xFA, 0x9A, 0xFA,
    0x9A, 0xFA, 0x9A, 0xFA, 0x9A, 0xFA, 0x9A, 0xFA,
    0x9A, 0xFA, 0x9A, 0xFA, 0x9A, 0xFA, 0x9A, 0xFA,
    0x9A, 0xFA, 0x9A, 0xFA, 0xAA, 0xFA, 0xCC, 0xFB,
    0xDD, 0xFC, 0xBB, 0xF9, 0xDC, 0xFA, 0xAB, 0xF9,
    0x79, 0xF9, 0x16, 0xF8, 0x29, 0xFB, 0x28, 0xF9,
    0x68, 0xF4, 0xAA, 0xF0, 0xEC, 0xF0, 0xED, 0xF0,
    0xED, 0xF0, 0xEE, 0xF0, 0xEE, 0xF0, 0xED, 0xF1,
    0xCB, 0xF4, 0xEE, 0xFB, 0xDD, 0xFD, 0xCC, 0xFC,
    0xDD, 0xFD, 0xDD, 0xFD, 0x9A, 0xF9, 0x99, 0xF8,
    0x99, 0xF9, 0xCC, 0xFC, 0xAA, 0xFA, 0x66, 0xF7,
    0x34, 0xF5, 0x55, 0xF7, 0x34, 0xF5, 0x56, 0xF7,
    0x66, 0xF7, 0x55, 0xF6, 0x77, 0xF7, 0x66, 0xF7,
    0xAA, 0xFA, 0x9A, 0xFA, 0x9A, 0xFA, 0x9A, 0xF9,
    0x9A, 0xFA, 0x9A, 0xF9, 0x9A, 0xF9, 0x9A, 0xF9,
    0x9A, 0xF9, 0xAA, 0xF9, 0xAA, 0xF9, 0x99, 0xF9,
    0x9A, 0xF9, 0x9A, 0xF9, 0x99, 0xF9, 0x99, 0xF9,
    0x99, 0xF9, 0x99, 0xF9, 0x99, 0xF8, 0x99, 0xF8,
    0x99, 0xF8, 0xBC, 0xFA, 0xCD, 0xFB, 0xDD, 0xFB,
    0xBB, 0xFA, 0x44, 0xF2, 0xDD, 0xFB, 0xDD, 0xFA,
    0xDD, 0xFA, 0xED, 0xFB, 0xED, 0xFB, 0xDE, 0xFB,
    0xEF, 0xFD, 0xEE, 0xFC, 0xED, 0xFC, 0xDD, 0xFB,
    0xEE, 0xFC, 0xEE, 0xFC, 0xEE, 0xFC, 0xEE, 0xFC,
    0xEE, 0xFC, 0xDD, 0xFC, 0x77, 0xF6, 0xEF, 0xFD,
    0xEE, 0xFC, 0xEF, 0xFD, 0xCC, 0xFB, 0x88, 0xF7,
    0xEF, 0xFD, 0xEE, 0xFC, 0xEE, 0xFC, 0xEF, 0xFD,
    0xEE, 0xFE, 0x66, 0xF7, 0x66, 0xF8, 0x66, 0xF7,
    0x32, 0xF4, 0x22, 0xF3, 0x13, 0xF3, 0x22, 0xF3,
    0x32, 0xF2, 0x87, 0xF7, 0xA9, 0xF9, 0xCA, 0xFA,
    0xB8, 0xF9, 0xB9, 0xFA, 0xC9, 0xFA, 0xEC, 0xFD,
    0xDC, 0xFC, 0x77, 0xF6, 0x77, 0xF3, 0x89, 0xF2,
    0x7A, 0xF1, 0x7B, 0xF0, 0x6B, 0xF1, 0x7B, 0xF2,
    0x8C, 0xF3, 0x7B, 0xF2, 0x7C, 0xF2, 0x7C, 0xF3,
    0x6B, 0xF2, 0x6B, 0xF2, 0x8C, 0xF4, 0x8D, 0xF5,
    0x8D, 0xF5, 0x8E, 0xF5, 0x9E, 0xF7, 0xAE, 0xF8,
    0x8B, 0xF7, 0x13, 0xF3, 0x22, 0xF5, 0x22, 0xF5,
    0x22, 0xF5, 0x22, 0xF5, 0x22, 0xF4, 0x22, 0xF4,
    0x33, 0xF5, 0x23, 0xF4, 0x22, 0xF5, 0x23, 0xF5,
    0x22, 0xF5, 0x22, 0xF5, 0x23, 0xF5, 0x23, 0xF5,
    0x23, 0xF5, 0x23, 0xF6, 0x23, 0xF6, 0x23, 0xF5,
    0x33, 0xF5, 0x33, 0xF4, 0x23, 0xF4, 0x23, 0xF5,
    0x23, 0xF6, 0x23, 0xF5, 0x23, 0xF5, 0x23, 0xF5,
    0x22, 0xF4, 0x12, 0xF3, 0x22, 0xF2, 0x22, 0xF3,
    0x22, 0xF3, 0x22, 0xF3, 0x22, 0xF2, 0x22, 0xF2,
    0x34, 0xF4, 0x67, 0xF7, 0x12, 0xF3, 0x12, 0xF4,
    0x13, 0xF5, 0x13, 0xF6, 0x13, 0xF5, 0x13, 0xF5,
    0x34, 0xF6, 0x23, 0xF4, 0x12, 0xF4, 0x13, 0xF6,
    0x02, 0xF6, 0x25, 0xFA, 0x7A, 0xFD, 0x8B, 0xFC,
    0x67, 0xF8, 0x68, 0xF8, 0x9A, 0xF9, 0xA9, 0xF8,
    0xEE, 0xFC, 0xEE, 0xFC, 0xEE, 0xFC, 0xEE, 0xFC,
    0xEE, 0xFC, 0xEE, 0xFC, 0xEE, 0xFC, 0xDD, 0xFB,
    0xCD, 0xFB, 0xEF, 0xFE, 0xEF, 0xFF, 0xEF, 0xFF,
    0xEF, 0xFF, 0xEF, 0xFE, 0xEF, 0xFD, 0x55, 0xF4,
    0x65, 0xF5, 0xBB, 0xFB, 0xCC, 0xFC, 0xEF, 0xFE,
    0xEF, 0xFD, 0xEF, 0xFE, 0xEF, 0xFE, 0xEF, 0xFF,
    0xEF, 0xFF, 0xEF, 0xFD, 0xDE, 0xF8, 0xDD, 0xF6,
    0xDC, 0xF4, 0xDB, 0xF3, 0xDA, 0xF2, 0xD9, 0xF2,
    0xD9, 0xF2, 0xD8, 0xF2, 0xD8, 0xF1, 0xD7, 0xF0,
    0xD6, 0xF0, 0xD5, 0xF0, 0xD8, 0xF5, 0xB9, 0xF8,
    0x89, 0xF9, 0x89, 0xFA, 0x89, 0xF9, 0x89, 0xFA,
    0x79, 0xF9, 0x78, 0xF9, 0x89, 0xF9, 0x89, 0xF9,
    0x89, 0xF9, 0x89, 0xF9, 0x89, 0xF9, 0x89, 0xF9,
    0x89, 0xF9, 0x89, 0xF9, 0x89, 0xFA, 0x9A, 0xFA,
    0x9A, 0xFA, 0x89, 0xF9, 0x89, 0xF9, 0x89, 0xF9,
    0x89, 0xF9, 0x88, 0xF9, 0x88, 0xF9, 0x89, 0xF9,
    0x88, 0xF9, 0x78, 0xF8, 0x78, 0xF8, 0x77, 0xF8,
    0x78, 0xF8, 0x78, 0xF8, 0x78, 0xF8, 0x77, 0xF8,
    0x77, 0xF8, 0x77, 0xF8, 0x77, 0xF8, 0x77, 0xF8,
    0x77, 0xF7, 0x88, 0xF7, 0x77, 0xF7, 0x68, 0xF8,
    0x58, 0xFA, 0x39, 0xFB, 0x39, 0xFA, 0x79, 0xF5,
    0xBA, 0xF1, 0xDB, 0xF0, 0xEC, 0xF0, 0xED, 0xF0,
    0xEE, 0xF0, 0xEE, 0xF0, 0xEE, 0xF0, 0xEC, 0xF1,
    0xDC, 0xF6, 0x88, 0xF5, 0x88, 0xF8, 0xAB, 0xFB,
    0xCD, 0xFD, 0xCC, 0xFC, 0xAB, 0xFA, 0xEE, 0xFE,
    0xDE, 0xFE, 0xAA, 0xFB, 0x77, 0xF8, 0x11, 0xF2,
    0x33, 0xF4, 0x67, 0xF8, 0x67, 0xF8, 0x55, 0xF6,
    0x55, 0xF6, 0x55, 0xF6, 0x66, 0xF7, 0x55, 0xF6,
    0x9A, 0xFA, 0x99, 0xFA, 0x9A, 0xFA, 0xAA, 0xFA,
    0xAA, 0xFA, 0x9A, 0xFA, 0xAA, 0xFA, 0x99, 0xF9,
    0x9A, 0xFA, 0x99, 0xF9, 0x88, 0xF8, 0x88, 0xF8,
    0x88, 0xF8, 0x89, 0xF8, 0x89, 0xF8, 0x89, 0xF8,
    0x99, 0xF9, 0x9A, 0xF9, 0x99, 0xF8, 0x99, 0xF8,
    0xAA, 0xF8, 0xAA, 0xF8, 0xDD, 0xFB, 0xCC, 0xFA,
    0xCC, 0xFB, 0x77, 0xF7, 0x99, 0xF7, 0xEE, 0xFB,
    0xCC, 0xF9, 0xED, 0xFB, 0xDD, 0xFB, 0xDE, 0xFB,
    0xEF, 0xFB, 0xEE, 0xFC, 0xEE, 0xFC, 0xED, 0xFB,
    0xEE, 0xFC, 0xEE, 0xFC, 0xEE, 0xFC, 0xEE, 0xFC,
    0xEE, 0xFD, 0xDD, 0xFD, 0x67, 0xF6, 0xEF, 0xFD,
    0xEE, 0xFD, 0xEF, 0xFE, 0xCC, 0xFC, 0x88, 0xF7,
    0xEF, 0xFD, 0xEF, 0xFD, 0xEF, 0xFD, 0xEE, 0xFD,
    0xBC, 0xFC, 0x44, 0xF5, 0x77, 0xF8, 0x45, 0xF6,
    0x55, 0xF6, 0x33, 0xF5, 0x23, 0xF5, 0x33, 0xF4,
    0x22, 0xF3, 0x32, 0xF3, 0x98, 0xF9, 0xCB, 0xFB,
    0xCA, 0xFA, 0x97, 0xF8, 0xB9, 0xFA, 0xDC, 0xFC,
    0x76, 0xF5, 0x66, 0xF1, 0x77, 0xF1, 0x78, 0xF1,
    0x79, 0xF2, 0x6A, 0xF1, 0x6A, 0xF1, 0x7B, 0xF1,
    0x7B, 0xF2, 0x7B, 0xF1, 0x7B, 0xF2, 0x7B, 0xF2,
    0x7B, 0xF3, 0x7C, 0xF3, 0x7B, 0xF4, 0x8C, 0xF5,
    0x8D, 0xF5, 0x8D, 0xF6, 0x9E, 0xF6, 0xBF, 0xF8,
    0xBE, 0xF9, 0x9B, 0xF8, 0x23, 0xF4, 0x22, 0xF5,
    0x22, 0xF4, 0x22, 0xF4, 0x22, 0xF4, 0x22, 0xF4,
    0x33, 0xF5, 0x23, 0xF5, 0x23, 0xF5, 0x23, 0xF5,
    0x23, 0xF5, 0x22, 0xF5, 0x23, 0xF5, 0x23, 0xF5,
    0x23, 0xF5, 0x23, 0xF6, 0x23, 0xF6, 0x23, 0xF5,
    0x33, 0xF5, 0x33, 0xF4, 0x23, 0xF4, 0x23, 0xF5,
    0x23, 0xF6, 0x23, 0xF5, 0x23, 0xF5, 0x23, 0xF6,
    0x12, 0xF3, 0x12, 0xF3, 0x22, 0xF3, 0x22, 0xF3,
    0x22, 0xF3, 0x22, 0xF3, 0x22, 0xF2, 0x22, 0xF2,
    0x22, 0xF2, 0x22, 0xF2, 0x22, 0xF3, 0x22, 0xF3,
    0x12, 0xF4, 0x12, 0xF5, 0x34, 0xF7, 0x24, 0xF6,
    0x34, 0xF6, 0x56, 0xF8, 0x24, 0xF6, 0x14, 0xF7,
    0x14, 0xF7, 0x14, 0xF8, 0x59, 0xFB, 0x9C, 0xFD,
    0x9A, 0xFA, 0x67, 0xF7, 0x77, 0xF7, 0xAA, 0xFA,
    0xDD, 0xFC, 0xEE, 0xFD, 0xEE, 0xFD, 0xEE, 0xFD,
    0xEE, 0xFD, 0xEE, 0xFD, 0xEE, 0xFD, 0xDD, 0xFC,
    0xCC, 0xFB, 0xEF, 0xFE, 0xEF, 0xFF, 0xEF, 0xFF,
    0xEF, 0xFE, 0xEF, 0xFD, 0xEF, 0xFD, 0x89, 0xF7,
    0x55, 0xF4, 0x67, 0xF7, 0x67, 0xF7, 0xCD, 0xFC,
    0xEF, 0xFE, 0xEF, 0xFE, 0xEF, 0xFE, 0xEF, 0xFF,
    0xEF, 0xFF, 0xEF, 0xFD, 0xEE, 0xF9, 0xED, 0xF7,
    0xDD, 0xF6, 0xDC, 0xF4, 0xDB, 0xF3, 0xDA, 0xF3,
    0xDA, 0xF4, 0xD9, 0xF4, 0xD8, 0xF2, 0xD7, 0xF1,
    0xE6, 0xF0, 0xD6, 0xF0, 0xC5, 0xF1, 0xB7, 0xF5,
    0x77, 0xF7, 0x57, 0xF7, 0x57, 0xF8, 0x57, 0xF8,
    0x57, 0xF8, 0x67, 0xF8, 0x67, 0xF8, 0x67, 0xF8,
    0x67, 0xF8, 0x67, 0xF8, 0x67, 0xF8, 0x67, 0xF8,
    0x67, 0xF7, 0x67, 0xF7, 0x67, 0xF7, 0x67, 0xF7,
    0x67, 0xF8, 0x67, 0xF8, 0x67, 0xF7, 0x67, 0xF8,
    0x67, 0xF7, 0x67, 0xF7, 0x66, 0xF7, 0x67, 0xF7,
    0x67, 0xF7, 0x67, 0xF7, 0x66, 0xF7, 0x67, 0xF7,
    0x67, 0xF7, 0x66, 0xF7, 0x67, 0xF7, 0x66, 0xF7,
    0x67, 0xF7, 0x67, 0xF7, 0x67, 0xF7, 0x66, 0xF7,
    0x66, 0xF7, 0x67, 0xF7, 0x67, 0xF8, 0x47, 0xF9,
    0x27, 0xF9, 0x39, 0xFC, 0x59, 0xF8, 0xAA, 0xF3,
    0xEC, 0xF0, 0xEC, 0xF0, 0xED, 0xF0, 0xEE, 0xF0,
    0xEE, 0xF0, 0xEE, 0xF0, 0xEE, 0xF0, 0xCB, 0xF0,
    0x76, 0xF1, 0xAA, 0xF9, 0xEF, 0xFE, 0xEF, 0xFF,
    0xEF, 0xFF, 0xDE, 0xFE, 0xEF, 0xFF, 0xEF, 0xFF,
    0x89, 0xF9, 0x55, 0xF6, 0x77, 0xF8, 0x88, 0xF9,
    0x11, 0xF2, 0x33, 0xF5, 0x34, 0xF5, 0x44, 0xF6,
    0x44, 0xF5, 0x55, 0xF6, 0x77, 0xF8, 0x55, 0xF6,
    0x88, 0xF8, 0x88, 0xF9, 0x88, 0xF9, 0x89, 0xF9,
    0x99, 0xF9, 0x99, 0xF9, 0x99, 0xF9, 0x99, 0xF9,
    0x9A, 0xF9, 0xAA, 0xFA, 0xAA, 0xFA, 0x9A, 0xF9,
    0x9A, 0xF9, 0x9A, 0xF9, 0x9A, 0xF9, 0x99, 0xF9,
    0x99, 0xF9, 0x99, 0xF9, 0xAA, 0xF9, 0xAA, 0xF9,
    0xAA, 0xF9, 0xAA, 0xF9, 0xBB, 0xFA, 0xDC, 0xFA,
    0xDD, 0xFB, 0xCC, 0xFA, 0x66, 0xF4, 0x99, 0xF6,
    0xDD, 0xFA, 0xAA, 0xF8, 0x88, 0xF6, 0xAB, 0xF8,
    0xEE, 0xFA, 0xDD, 0xF9, 0xDD, 0xFA, 0xDD, 0xFA,
    0xDC, 0xFA, 0xDD, 0xFB, 0xDD, 0xFC, 0xEE, 0xFC,
    0xEE, 0xFC, 0xDD, 0xFC, 0x56, 0xF6, 0xEE, 0xFD,
    0xEE, 0xFC, 0xEE, 0xFD, 0xCC, 0xFC, 0x78, 0xF7,
    0xEF, 0xFD, 0xEE, 0xFC, 0xEE, 0xFD, 0xEE, 0xFD,
    0x99, 0xF8, 0x55, 0xF5, 0x88, 0xF9, 0x56, 0xF6,
    0x55, 0xF6, 0x54, 0xF6, 0x44, 0xF6, 0x23, 0xF4,
    0x13, 0xF4, 0x22, 0xF3, 0x44, 0xF4, 0x99, 0xF9,
    0xBA, 0xFB, 0x97, 0xF8, 0x76, 0xF6, 0x76, 0xF6,
    0x55, 0xF2, 0x45, 0xF0, 0x67, 0xF0, 0x68, 0xF0,
    0x69, 0xF1, 0x6A, 0xF1, 0x6A, 0xF1, 0x7B, 0xF1,
    0x7B, 0xF1, 0x8C, 0xF2, 0x8C, 0xF2, 0x7B, 0xF2,
    0x7B, 0xF3, 0x7C, 0xF3, 0x7B, 0xF4, 0x7C, 0xF5,
    0x8D, 0xF6, 0x8D, 0xF6, 0x9E, 0xF5, 0xAF, 0xF6,
    0xAE, 0xF7, 0x58, 0xF5, 0x23, 0xF4, 0x22, 0xF6,
    0x22, 0xF6, 0x22, 0xF5, 0x22, 0xF5, 0x23, 0xF5,
    0x34, 0xF6, 0x23, 0xF4, 0x23, 0xF5, 0x23, 0xF5,
    0x23, 0xF5, 0x33, 0xF5, 0x23, 0xF5, 0x23, 0xF5,
    0x23, 0xF5, 0x33, 0xF6, 0x23, 0xF6, 0x33, 0xF5,
    0x33, 0xF5, 0x33, 0xF4, 0x33, 0xF4, 0x23, 0xF5,
    0x23, 0xF6, 0x33, 0xF5, 0x33, 0xF5, 0x23, 0xF5,
    0x22, 0xF3, 0x22, 0xF3, 0x22, 0xF3, 0x22, 0xF3,
    0x22, 0xF4, 0x22, 0xF4, 0x12, 0xF3, 0x22, 0xF3,
    0x22, 0xF3, 0x22, 0xF3, 0x22, 0xF3, 0x22, 0xF3,
    0x12, 0xF4, 0x12, 0xF5, 0x23, 0xF6, 0x23, 0xF6,
    0x12, 0xF5, 0x12, 0xF5, 0x24, 0xF7, 0x9B, 0xFC,
    0x7A, 0xFB, 0x24, 0xF7, 0x58, 0xFA, 0x9C, 0xFC,
    0x78, 0xF9, 0x9A, 0xFA, 0x9A, 0xFA, 0x88, 0xF8,
    0x99, 0xF9, 0x89, 0xF8, 0x99, 0xF8, 0x89, 0xF8,
    0x99, 0xF9, 0x89, 0xF8, 0x88, 0xF8, 0x88, 0xF6,
    0xCC, 0xFA, 0xEF, 0xFE, 0xEF, 0xFE, 0xEF, 0xFE,
    0xEF, 0xFE, 0xEF, 0xFD, 0xEF, 0xFD, 0x89, 0xF7,
    0x66, 0xF5, 0x23, 0xF3, 0x22, 0xF3, 0x88, 0xF9,
    0xEE, 0xFE, 0xEF, 0xFF, 0xEF, 0xFF, 0xEF, 0xFF,
    0xEF, 0xFF, 0xEF, 0xFE, 0xEE, 0xFA, 0xDD, 0xF7,
    0xDD, 0xF6, 0xDC, 0xF5, 0xDB, 0xF4, 0xDA, 0xF4,
    0xDA, 0xF4, 0xD9, 0xF4, 0xD8, 0xF3, 0xD6, 0xF1,
    0xD6, 0xF0, 0xC5, 0xF0, 0xD5, 0xF0, 0xC7, 0xF4,
    0x96, 0xF6, 0x67, 0xF7, 0x67, 0xF8, 0x67, 0xF8,
    0x67, 0xF8, 0x67, 0xF8, 0x67, 0xF8, 0x67, 0xF8,
    0x67, 0xF7, 0x67, 0xF8, 0x67, 0xF8, 0x67, 0xF7,
    0x67, 0xF8, 0x67, 0xF7, 0x67, 0xF8, 0x67, 0xF8,
    0x67, 0xF8, 0x67, 0xF8, 0x67, 0xF8, 0x67, 0xF8,
    0x67, 0xF8, 0x67, 0xF7, 0x67, 0xF8, 0x67, 0xF8,
    0x67, 0xF8, 0x67, 0xF8, 0x67, 0xF7, 0x67, 0xF8,
    0x67, 0xF7, 0x67, 0xF8, 0x67, 0xF8, 0x67, 0xF8,
    0x67, 0xF8, 0x67, 0xF8, 0x67, 0xF7, 0x67, 0xF7,
    0x67, 0xF8, 0x66, 0xF8, 0x57, 0xF9, 0x37, 0xF9,
    0x27, 0xFA, 0x4A, 0xFC, 0x59, 0xF6, 0xCB, 0xF2,
    0xEC, 0xF0, 0xED, 0xF0, 0xEE, 0xF0, 0xEE, 0xF0,
    0xEE, 0xF0, 0xEE, 0xF0, 0xDC, 0xF0, 0x98, 0xF0,
    0xAA, 0xF8, 0xEF, 0xFF, 0xEF, 0xFF, 0xEF, 0xFF,
    0xEF, 0xFF, 0xEF, 0xFF, 0xEF, 0xFF, 0xCD, 0xFE,
    0x44, 0xF6, 0x55, 0xF6, 0x44, 0xF5, 0x89, 0xFA,
    0x34, 0xF5, 0x22, 0xF4, 0x33, 0xF5, 0x33, 0xF5,
    0x44, 0xF6, 0x44, 0xF6, 0x66, 0xF7, 0x55, 0xF6,
    0x77, 0xF8, 0x77, 0xF8, 0x77, 0xF8, 0x77, 0xF8,
    0x77, 0xF8, 0x77, 0xF8, 0x77, 0xF8, 0x77, 0xF8,
    0x88, 0xF8, 0x78, 0xF8, 0x88, 0xF8, 0x88, 0xF8,
    0x88, 0xF8, 0x89, 0xF8, 0x99, 0xF9, 0x89, 0xF8,
    0x99, 0xF9, 0x99, 0xF8, 0x99, 0xF9, 0x99, 0xF9,
    0xAA, 0xF9, 0xAA, 0xF9, 0xAA, 0xF9, 0xCC, 0xFB,
    0xCB, 0xFA, 0xBB, 0xFB, 0x66, 0xF5, 0x56, 0xF4,
    0xCC, 0xFA, 0xEE, 0xFD, 0xDE, 0xFC, 0xEF, 0xFC,
    0xEF, 0xFC, 0xEF, 0xFC, 0xEE, 0xFD, 0xEF, 0xFD,
    0xEE, 0xFD, 0xEE, 0xFC, 0xEE, 0xFD, 0xEF, 0xFD,
    0xEF, 0xFD, 0xDD, 0xFD, 0x66, 0xF5, 0xEF, 0xFD,
    0xEE, 0xFD, 0xEE, 0xFD, 0xCD, 0xFC, 0x77, 0xF6,
    0xEF, 0xFD, 0xEE, 0xFD, 0xEE, 0xFD, 0xBB, 0xFA,
    0x55, 0xF5, 0x88, 0xF8, 0x88, 0xF9, 0x55, 0xF6,
    0x77, 0xF8, 0x66, 0xF7, 0x32, 0xF4, 0x23, 0xF4,
    0x22, 0xF4, 0x22, 0xF3, 0x22, 0xF2, 0x33, 0xF3,
    0xA9, 0xFA, 0x54, 0xF5, 0x43, 0xF2, 0x65, 0xF3,
    0x66, 0xF3, 0x67, 0xF1, 0x68, 0xF0, 0x69, 0xF0,
    0x7A, 0xF0, 0x6A, 0xF1, 0x6A, 0xF1, 0x7B, 0xF1,
    0x7A, 0xF1, 0x6A, 0xF0, 0x6B, 0xF0, 0x6B, 0xF1,
    0x6B, 0xF2, 0x7B, 0xF3, 0x8C, 0xF5, 0x7B, 0xF5,
    0x8C, 0xF6, 0x8D, 0xF5, 0x8D, 0xF5, 0x8E, 0xF5,
    0x9E, 0xF6, 0x69, 0xF5, 0x12, 0xF4, 0x22, 0xF6,
    0x22, 0xF7, 0x22, 0xF6, 0x22, 0xF6, 0x22, 0xF5,
    0x33, 0xF6, 0x23, 0xF4, 0x23, 0xF5, 0x23, 0xF5,
    0x23, 0xF5, 0x23, 0xF5, 0x23, 0xF5, 0x23, 0xF5,
    0x23, 0xF5, 0x23, 0xF5, 0x23, 0xF5, 0x33, 0xF5,
    0x33, 0xF4, 0x33, 0xF4, 0x33, 0xF4, 0x23, 0xF5,
    0x23, 0xF6, 0x23, 0xF5, 0x23, 0xF5, 0x23, 0xF5,
    0x22, 0xF3, 0x22, 0xF3, 0x22, 0xF4, 0x22, 0xF3,
    0x22, 0xF3, 0x22, 0xF3, 0x22, 0xF4, 0x32, 0xF3,
    0x22, 0xF3, 0x22, 0xF3, 0x22, 0xF3, 0x22, 0xF4,
    0x22, 0xF5, 0x12, 0xF6, 0x12, 0xF5, 0x22, 0xF5,
    0x22, 0xF5, 0x22, 0xF5, 0x12, 0xF5, 0x68, 0xF9,
    0x78, 0xFA, 0x14, 0xF7, 0x47, 0xFA, 0x8A, 0xFB,
    0x79, 0xF9, 0x9A, 0xF9, 0x34, 0xF4, 0x45, 0xF6,
    0x78, 0xF8, 0x67, 0xF7, 0x67, 0xF7, 0x67, 0xF7,
    0x67, 0xF7, 0x67, 0xF7, 0x67, 0xF7, 0x67, 0xF6,
    0xBA, 0xFA, 0xEF, 0xFD, 0xEF, 0xFD, 0xEF, 0xFE,
    0xEF, 0xFD, 0xEF, 0xFD, 0xDD, 0xFB, 0x78, 0xF7,
    0x34, 0xF4, 0x13, 0xF3, 0x45, 0xF6, 0x44, 0xF6,
    0xCC, 0xFD, 0xEF, 0xFF, 0xEF, 0xFF, 0xEF, 0xFF,
    0xEF, 0xFF, 0xEF, 0xFD, 0xDD, 0xF9, 0xDC, 0xF6,
    0xDB, 0xF4, 0xDB, 0xF4, 0xDA, 0xF3, 0xDA, 0xF4,
    0xD9, 0xF4, 0xD7, 0xF3, 0xD7, 0xF2, 0xD6, 0xF0,
    0xE6, 0xF0, 0xD6, 0xF0, 0xD5, 0xF0, 0xD5, 0xF2,
    0xA7, 0xF5, 0x76, 0xF8, 0x67, 0xF8, 0x67, 0xF8,
    0x67, 0xF8, 0x67, 0xF7, 0x67, 0xF8, 0x67, 0xF8,
    0x67, 0xF7, 0x67, 0xF7, 0x67, 0xF7, 0x67, 0xF7,
    0x67, 0xF7, 0x67, 0xF7, 0x67, 0xF7, 0x67, 0xF7,
    0x67, 0xF7, 0x77, 0xF7, 0x67, 0xF7, 0x77, 0xF8,
    0x67, 0xF7, 0x77, 0xF7, 0x77, 0xF8, 0x77, 0xF7,
    0x77, 0xF7, 0x77, 0xF7, 0x77, 0xF7, 0x77, 0xF7,
    0x77, 0xF8, 0x67, 0xF7, 0x67, 0xF7, 0x67, 0xF7,
    0x67, 0xF8, 0x67, 0xF7, 0x67, 0xF7, 0x67, 0xF8,
    0x67, 0xF8, 0x66, 0xF8, 0x57, 0xF9, 0x05, 0xF9,
    0x39, 0xFC, 0x06, 0xF7, 0x78, 0xF3, 0xB9, 0xF0,
    0xDC, 0xF0, 0xED, 0xF0, 0xED, 0xF0, 0xEE, 0xF0,
    0xEE, 0xF0, 0xED, 0xF0, 0x98, 0xF0, 0x65, 0xF2,
    0xDD, 0xFD, 0xEF, 0xFF, 0xEF, 0xFF, 0xEF, 0xFF,
    0xEF, 0xFF, 0xEF, 0xFF, 0xEF, 0xFF, 0x89, 0xFA,
    0x44, 0xF6, 0x44, 0xF6, 0x44, 0xF6, 0x55, 0xF7,
    0x66, 0xF7, 0x11, 0xF2, 0x22, 0xF4, 0x44, 0xF6,
    0x44, 0xF6, 0x33, 0xF5, 0x55, 0xF6, 0x88, 0xF9,
    0x66, 0xF7, 0x66, 0xF7, 0x66, 0xF7, 0x66, 0xF7,
    0x67, 0xF8, 0x77, 0xF8, 0x77, 0xF8, 0x77, 0xF8,
    0x77, 0xF8, 0x77, 0xF8, 0x77, 0xF8, 0x77, 0xF8,
    0x78, 0xF8, 0x78, 0xF8, 0x88, 0xF8, 0x88, 0xF8,
    0x88, 0xF8, 0x89, 0xF8, 0x89, 0xF8, 0x89, 0xF8,
    0x99, 0xF9, 0x99, 0xF9, 0x9A, 0xF9, 0xCC, 0xFC,
    0xDD, 0xFC, 0xDD, 0xFC, 0xDD, 0xFC, 0x88, 0xF8,
    0xAA, 0xF9, 0xEE, 0xFD, 0xDD, 0xFC, 0xEF, 0xFD,
    0xEF, 0xFD, 0xEF, 0xFD, 0xEF, 0xFD, 0xEF, 0xFD,
    0xEF, 0xFD, 0xEE, 0xFC, 0xEE, 0xFD, 0xEE, 0xFD,
    0xEE, 0xFD, 0xDE, 0xFD, 0x56, 0xF6, 0xDE, 0xFD,
    0xEE, 0xFD, 0xEE, 0xFD, 0xCD, 0xFC, 0x77, 0xF7,
    0xEF, 0xFE, 0xEF, 0xFD, 0xAB, 0xF9, 0xBB, 0xFA,
    0x88, 0xF8, 0x76, 0xF7, 0x66, 0xF7, 0x44, 0xF5,
    0x77, 0xF8, 0x77, 0xF8, 0x44, 0xF5, 0x55, 0xF6,
    0x23, 0xF4, 0x22, 0xF4, 0x22, 0xF3, 0x22, 0xF3,
    0x33, 0xF4, 0x22, 0xF3, 0x33, 0xF2, 0x56, 0xF2,
    0x56, 0xF1, 0x79, 0xF2, 0x7A, 0xF1, 0x6A, 0xF0,
    0x6B, 0xF0, 0x7B, 0xF1, 0x6B, 0xF1, 0x6B, 0xF2,
    0x7B, 0xF2, 0x8C, 0xF3, 0x8C, 0xF2, 0x6A, 0xF1,
    0x7B, 0xF2, 0x7B, 0xF3, 0x7B, 0xF4, 0x7B, 0xF4,
    0x8C, 0xF5, 0x8C, 0xF5, 0x8D, 0xF4, 0x9D, 0xF5,
    0xBF, 0xF8, 0xBE, 0xF8, 0x24, 0xF2, 0x22, 0xF5,
    0x22, 0xF5, 0x22, 0xF5, 0x32, 0xF5, 0x32, 0xF5,
    0x33, 0xF6, 0x22, 0xF6, 0x23, 0xF5, 0x23, 0xF5,
    0x23, 0xF5, 0x23, 0xF4, 0x23, 0xF4, 0x33, 0xF4,
    0x33, 0xF5, 0x33, 0xF5, 0x22, 0xF5, 0x33, 0xF5,
    0x44, 0xF5, 0x33, 0xF4, 0x23, 0xF4, 0x23, 0xF5,
    0x23, 0xF5, 0x23, 0xF5, 0x23, 0xF5, 0x23, 0xF5,
    0x12, 0xF3, 0x22, 0xF3, 0x12, 0xF4, 0x12, 0xF4,
    0x13, 0xF3, 0x12, 0xF3, 0x22, 0xF4, 0x22, 0xF4,
    0x12, 0xF4, 0x12, 0xF4, 0x12, 0xF4, 0x12, 0xF5,
    0x12, 0xF6, 0x13, 0xF7, 0x13, 0xF6, 0x13, 0xF6,
    0x12, 0xF5, 0x12, 0xF5, 0x02, 0xF5, 0x02, 0xF5,
    0x03, 0xF6, 0x14, 0xF9, 0x37, 0xFB, 0x25, 0xF6,
    0x67, 0xF8, 0x9A, 0xFA, 0x78, 0xF8, 0x78, 0xF9,
    0x78, 0xF8, 0x67, 0xF7, 0x77, 0xF7, 0x77, 0xF7,
    0x77, 0xF8, 0x67, 0xF7, 0x67, 0xF7, 0x67, 0xF6,
    0x99, 0xF8, 0xEE, 0xFC, 0xEF, 0xFD, 0xEF, 0xFD,
    0xEF, 0xFD, 0xEF, 0xFD, 0x9A, 0xF8, 0x9A, 0xF9,
    0x34, 0xF4, 0x23, 0xF4, 0x12, 0xF4, 0x11, 0xF3,
    0x67, 0xF7, 0xEE, 0xFE, 0xEF, 0xFE, 0xEF, 0xFF,
    0xEF, 0xFF, 0xEF, 0xFC, 0xDC, 0xF7, 0xDA, 0xF3,
    0xC8, 0xF1, 0xD8, 0xF2, 0xD8, 0xF2, 0xD9, 0xF3,
    0xD8, 0xF3, 0xD7, 0xF2, 0xD7, 0xF2, 0xD6, 0xF0,
    0xE6, 0xF0, 0xD7, 0xF0, 0xE6, 0xF0, 0xD6, 0xF1,
    0xA7, 0xF5, 0x77, 0xF8, 0x67, 0xF8, 0x67, 0xF8,
    0x67, 0xF8, 0x67, 0xF7, 0x67, 0xF8, 0x67, 0xF7,
    0x77, 0xF7, 0x77, 0xF7, 0x67, 0xF7, 0x67, 0xF7,
    0x67, 0xF7, 0x67, 0xF7, 0x77, 0xF7, 0x77, 0xF7,
    0x77, 0xF7, 0x77, 0xF8, 0x77, 0xF7, 0x77, 0xF7,
    0x77, 0xF7, 0x77, 0xF8, 0x77, 0xF7, 0x77, 0xF8,
    0x77, 0xF8, 0x77, 0xF8, 0x77, 0xF7, 0x77, 0xF7,
    0x67, 0xF7, 0x77, 0xF7, 0x77, 0xF7, 0x77, 0xF8,
    0x77, 0xF8, 0x77, 0xF8, 0x77, 0xF8, 0x67, 0xF8,
    0x67, 0xF8, 0x67, 0xF8, 0x35, 0xF8, 0x04, 0xF9,
    0x28, 0xFC, 0x16, 0xF6, 0x89, 0xF3, 0xBA, 0xF0,
    0xDB, 0xF0, 0xEC, 0xF0, 0xED, 0xF0, 0xEE, 0xF0,
    0xEE, 0xF0, 0xED, 0xF0, 0xA8, 0xF0, 0x53, 0xF1,
    0x77, 0xF8, 0xAB, 0xFB, 0x78, 0xF8, 0xBB, 0xFC,
    0xEF, 0xFF, 0xEF, 0xFF, 0xDE, 0xFE, 0x44, 0xF6,
    0x44, 0xF7, 0x44, 0xF7, 0x33, 0xF6, 0x33, 0xF5,
    0x77, 0xF8, 0x77, 0xF8, 0x23, 0xF4, 0x34, 0xF5,
    0x44, 0xF6, 0x44, 0xF6, 0x33, 0xF5, 0x77, 0xF8,
    0x77, 0xF7, 0x77, 0xF8, 0x77, 0xF8, 0x77, 0xF8,
    0x77, 0xF8, 0x77, 0xF8, 0x77, 0xF8, 0x67, 0xF7,
    0x77, 0xF8, 0x77, 0xF7, 0x77, 0xF8, 0x77, 0xF7,
    0x77, 0xF7, 0x77, 0xF7, 0x77, 0xF7, 0x77, 0xF7,
    0x78, 0xF7, 0x78, 0xF7, 0x78, 0xF7, 0x78, 0xF7,
    0x88, 0xF8, 0x88, 0xF7, 0x88, 0xF8, 0x99, 0xF8,
    0x9A, 0xF9, 0x9A, 0xF9, 0xAA, 0xFA, 0xBB, 0xFB,
    0x88, 0xF8, 0xBC, 0xFB, 0xBB, 0xFA, 0xCC, 0xFB,
    0xCC, 0xFB, 0xCC, 0xFB, 0xCD, 0xFC, 0xDD, 0xFC,
    0xDD, 0xFC, 0xDD, 0xFC, 0xCD, 0xFC, 0xDD, 0xFC,
    0xDE, 0xFD, 0xCD, 0xFD, 0x66, 0xF7, 0xDE, 0xFE,
    0xEE, 0xFD, 0xEE, 0xFE, 0xCD, 0xFD, 0x67, 0xF7,
    0xDE, 0xFE, 0x78, 0xF7, 0xBB, 0xFB, 0xEF, 0xFE,
    0x99, 0xF9, 0x66, 0xF6, 0x65, 0xF6, 0x44, 0xF4,
    0x88, 0xF9, 0x66, 0xF7, 0x44, 0xF4, 0x88, 0xF9,
    0x55, 0xF6, 0x33, 0xF4, 0x22, 0xF4, 0x22, 0xF3,
    0x22, 0xF4, 0x33, 0xF3, 0x34, 0xF2, 0x56, 0xF2,
    0x68, 0xF2, 0x7A, 0xF2, 0x8B, 0xF1, 0x7B, 0xF1,
    0x6A, 0xF0, 0x7B, 0xF1, 0x7B, 0xF1, 0x7B, 0xF2,
    0x7B, 0xF1, 0x7B, 0xF1, 0x6B, 0xF1, 0x7C, 0xF3,
    0x7B, 0xF3, 0x7B, 0xF3, 0x7B, 0xF4, 0x8C, 0xF5,
    0x8C, 0xF5, 0x7B, 0xF4, 0x8D, 0xF5, 0x8D, 0xF6,
    0x8C, 0xF6, 0xCF, 0xF9, 0x79, 0xF6, 0x34, 0xF4,
    0x33, 0xF5, 0x22, 0xF4, 0x33, 0xF4, 0x33, 0xF4,
    0x33, 0xF5, 0x33, 0xF5, 0x33, 0xF5, 0x23, 0xF5,
    0x23, 0xF5, 0x23, 0xF5, 0x23, 0xF5, 0x23, 0xF5,
    0x23, 0xF5, 0x33, 0xF5, 0x33, 0xF5, 0x33, 0xF5,
    0x44, 0xF5, 0x33, 0xF4, 0x23, 0xF4, 0x23, 0xF5,
    0x23, 0xF6, 0x33, 0xF5, 0x33, 0xF5, 0x33, 0xF5,
    0x13, 0xF5, 0x24, 0xF6, 0x24, 0xF8, 0x14, 0xF8,
    0x15, 0xF9, 0x26, 0xF9, 0x25, 0xF9, 0x26, 0xF9,
    0x26, 0xF9, 0x36, 0xF9, 0x58, 0xFA, 0x58, 0xFB,
    0x37, 0xFA, 0x27, 0xFB, 0x18, 0xFB, 0x28, 0xFB,
    0x28, 0xFB, 0x28, 0xFB, 0x28, 0xFB, 0x29, 0xFC,
    0x29, 0xFC, 0x28, 0xFD, 0x49, 0xFD, 0x69, 0xFC,
    0x9B, 0xFC, 0xBC, 0xFD, 0x78, 0xF9, 0x68, 0xF9,
    0x67, 0xF8, 0x78, 0xF8, 0x78, 0xF8, 0x77, 0xF7,
    0x77, 0xF8, 0x67, 0xF8, 0x67, 0xF8, 0x77, 0xF7,
    0x88, 0xF7, 0xDD, 0xFC, 0xEF, 0xFD, 0xEF, 0xFE,
    0xEF, 0xFD, 0xCD, 0xFC, 0x67, 0xF6, 0x77, 0xF6,
    0x32, 0xF4, 0x22, 0xF4, 0x22, 0xF5, 0x11, 0xF4,
    0x45, 0xF5, 0xEE, 0xFE, 0xDD, 0xFC, 0xEE, 0xFE,
    0xEE, 0xFC, 0xCB, 0xF7, 0xC8, 0xF3, 0xD8, 0xF1,
    0xD7, 0xF0, 0xD6, 0xF0, 0xD6, 0xF1, 0xD6, 0xF1,
    0xD6, 0xF2, 0xD6, 0xF2, 0xD6, 0xF1, 0xD6, 0xF0,
    0xD6, 0xF0, 0xD6, 0xF0, 0xD5, 0xF0, 0xD6, 0xF1,
    0xA7, 0xF6, 0x77, 0xF8, 0x67, 0xF8, 0x68, 0xF8,
    0x68, 0xF8, 0x78, 0xF7, 0x77, 0xF8, 0x77, 0xF8,
    0x77, 0xF8, 0x78, 0xF8, 0x77, 0xF7, 0x78, 0xF8,
    0x77, 0xF7, 0x77, 0xF7, 0x77, 0xF7, 0x77, 0xF7,
    0x77, 0xF7, 0x77, 0xF7, 0x77, 0xF7, 0x77, 0xF7,
    0x77, 0xF7, 0x77, 0xF7, 0x77, 0xF7, 0x77, 0xF8,
    0x77, 0xF7, 0x77, 0xF7, 0x77, 0xF8, 0x77, 0xF7,
    0x77, 0xF7, 0x77, 0xF7, 0x77, 0xF7, 0x77, 0xF8,
    0x77, 0xF8, 0x77, 0xF8, 0x77, 0xF7, 0x77, 0xF8,
    0x67, 0xF8, 0x67, 0xF8, 0x36, 0xF9, 0x04, 0xF9,
    0x18, 0xFC, 0x17, 0xF9, 0x79, 0xF4, 0xA8, 0xF0,
    0xDB, 0xF0, 0xEC, 0xF0, 0xEC, 0xF0, 0xED, 0xF0,
    0xEE, 0xF0, 0xED, 0xF0, 0xA9, 0xF0, 0x53, 0xF0,
    0x22, 0xF3, 0x12, 0xF4, 0x22, 0xF5, 0x33, 0xF5,
    0x55, 0xF6, 0xBC, 0xFC, 0xAB, 0xFC, 0x33, 0xF5,
    0x45, 0xF7, 0x34, 0xF6, 0x33, 0xF6, 0x32, 0xF5,
    0x32, 0xF4, 0x77, 0xF7, 0x66, 0xF7, 0x22, 0xF3,
    0x34, 0xF5, 0x44, 0xF6, 0x56, 0xF7, 0x77, 0xF8,
    0x77, 0xF8, 0x77, 0xF8, 0x77, 0xF8, 0x77, 0xF8,
    0x77, 0xF8, 0x77, 0xF8, 0x77, 0xF8, 0x77, 0xF8,
    0x78, 0xF8, 0x78, 0xF8, 0x78, 0xF8, 0x78, 0xF8,
    0x78, 0xF8, 0x78, 0xF8, 0x78, 0xF8, 0x88, 0xF8,
    0x88, 0xF8, 0x88, 0xF8, 0x88, 0xF8, 0x88, 0xF8,
    0x88, 0xF8, 0x88, 0xF8, 0x88, 0xF8, 0x88, 0xF8,
    0x88, 0xF8, 0x89, 0xF8, 0x89, 0xF9, 0x88, 0xF8,
    0x88, 0xF8, 0x89, 0xF9, 0x88, 0xF8, 0x88, 0xF8,
    0x88, 0xF8, 0x88, 0xF8, 0x88, 0xF8, 0x88, 0xF8,
    0x88, 0xF8, 0x89, 0xF8, 0x89, 0xF9, 0x89, 0xF9,
    0x99, 0xF9, 0x88, 0xF9, 0x34, 0xF5, 0x89, 0xF9,
    0x99, 0xF9, 0x99, 0xF9, 0x88, 0xF8, 0x34, 0xF4,
    0x9A, 0xFA, 0x45, 0xF5, 0x9A, 0xF9, 0xAA, 0xF9,
    0x98, 0xF8, 0x88, 0xF8, 0x65, 0xF5, 0x77, 0xF6,
    0xAA, 0xFA, 0x66, 0xF6, 0x88, 0xF8, 0x66, 0xF7,
    0x88, 0xF9, 0x22, 0xF4, 0x22, 0xF4, 0x22, 0xF4,
    0x32, 0xF3, 0x44, 0xF3, 0x45, 0xF2, 0x67, 0xF2,
    0x7A, 0xF2, 0x7A, 0xF1, 0x7B, 0xF0, 0x8C, 0xF2,
    0x7B, 0xF0, 0x6A, 0xF0, 0x7B, 0xF0, 0x6A, 0xF0,
    0x7B, 0xF0, 0x6A, 0xF0, 0x7B, 0xF2, 0x7B, 0xF2,
    0x8C, 0xF3, 0x7B, 0xF3, 0x7B, 0xF3, 0x8C, 0xF5,
    0x9C, 0xF5, 0x8C, 0xF4, 0xAE, 0xF6, 0xAE, 0xF7,
    0x9E, 0xF7, 0x8B, 0xF6, 0x8A, 0xF7, 0x33, 0xF4,
    0x45, 0xF6, 0x44, 0xF5, 0x44, 0xF5, 0x44, 0xF5,
    0x33, 0xF4, 0x23, 0xF4, 0x23, 0xF5, 0x33, 0xF5,
    0x33, 0xF5, 0x33, 0xF5, 0x23, 0xF6, 0x23, 0xF6,
    0x23, 0xF6, 0x33, 0xF5, 0x33, 0xF5, 0x33, 0xF5,
    0x34, 0xF5, 0x33, 0xF4, 0x23, 0xF4, 0x23, 0xF5,
    0x23, 0xF5, 0x23, 0xF5, 0x23, 0xF5, 0x23, 0xF5,
    0x57, 0xF9, 0x36, 0xF9, 0x48, 0xFD, 0x38, 0xFE,
    0x28, 0xFE, 0x39, 0xFD, 0x39, 0xFD, 0x29, 0xFE,
    0x29, 0xFD, 0x39, 0xFC, 0x5A, 0xFD, 0x5A, 0xFD,
    0x28, 0xFC, 0x29, 0xFD, 0x19, 0xFD, 0x19, 0xFD,
    0x18, 0xFD, 0x18, 0xFD, 0x19, 0xFE, 0x19, 0xFE,
    0x19, 0xFE, 0x19, 0xFE, 0x18, 0xFC, 0x6A, 0xFE,
    0x9B, 0xFD, 0x9A, 0xFB, 0x46, 0xF7, 0x68, 0xF8,
    0x67, 0xF8, 0x78, 0xF8, 0x78, 0xF8, 0x78, 0xF7,
    0x78, 0xF8, 0x78, 0xF8, 0x77, 0xF8, 0x78, 0xF7,
    0x77, 0xF6, 0xBB, 0xFA, 0xEE, 0xFD, 0xEF, 0xFE,
    0xEF, 0xFE, 0xCD, 0xFC, 0x77, 0xF7, 0x32, 0xF3,
    0x32, 0xF4, 0x33, 0xF5, 0x33, 0xF5, 0x21, 0xF3,
    0x33, 0xF4, 0xDE, 0xFE, 0xDE, 0xFD, 0xEE, 0xFC,
    0xDA, 0xF7, 0xC7, 0xF2, 0xC6, 0xF0, 0xC6, 0xF0,
    0xD6, 0xF0, 0xD5, 0xF0, 0xD5, 0xF0, 0xD5, 0xF0,
    0xD5, 0xF1, 0xE5, 0xF1, 0xD5, 0xF1, 0xD6, 0xF1,
    0xD6, 0xF0, 0xD6, 0xF0, 0xE5, 0xF0, 0xD6, 0xF2,
    0xA7, 0xF5, 0x77, 0xF7, 0x77, 0xF8, 0x68, 0xF8,
    0x68, 0xF8, 0x78, 0xF7, 0x68, 0xF7, 0x77, 0xF7,
    0x78, 0xF7, 0x78, 0xF7, 0x78, 0xF8, 0x78, 0xF7,
    0x78, 0xF7, 0x78, 0xF8, 0x77, 0xF7, 0x77, 0xF7,
    0x77, 0xF7, 0x78, 0xF7, 0x78, 0xF7, 0x78, 0xF8,
    0x78, 0xF7, 0x78, 0xF7, 0x77, 0xF7, 0x77, 0xF7,
    0x77, 0xF7, 0x77, 0xF7, 0x77, 0xF7, 0x77, 0xF7,
    0x78, 0xF8, 0x77, 0xF7, 0x77, 0xF8, 0x77, 0xF7,
    0x77, 0xF8, 0x77, 0xF8, 0x77, 0xF8, 0x77, 0xF8,
    0x77, 0xF8, 0x77, 0xF8, 0x58, 0xFA, 0x04, 0xF9,
    0x38, 0xFC, 0x28, 0xFB, 0x79, 0xF7, 0xB9, 0xF0,
    0xDB, 0xF0, 0xEC, 0xF0, 0xED, 0xF0, 0xED, 0xF0,
    0xED, 0xF0, 0xED, 0xF0, 0xDC, 0xF1, 0x77, 0xF2,
    0x44, 0xF3, 0x01, 0xF3, 0x12, 0xF5, 0x01, 0xF4,
    0x34, 0xF6, 0xAA, 0xFB, 0xAB, 0xFC, 0x33, 0xF5,
    0x33, 0xF5, 0x33, 0xF5, 0x54, 0xF6, 0x44, 0xF5,
    0x44, 0xF4, 0x33, 0xF3, 0x44, 0xF3, 0x77, 0xF7,
    0x56, 0xF7, 0x44, 0xF5, 0x67, 0xF8, 0x77, 0xF8,
    0x77, 0xF8, 0x77, 0xF8, 0x77, 0xF8, 0x77, 0xF8,
    0x77, 0xF8, 0x77, 0xF8, 0x77, 0xF8, 0x77, 0xF8,
    0x78, 0xF8, 0x77, 0xF8, 0x88, 0xF8, 0x78, 0xF8,
    0x78, 0xF8, 0x88, 0xF8, 0x88, 0xF9, 0x88, 0xF9,
    0x88, 0xF9, 0x88, 0xF9, 0x88, 0xF9, 0x89, 0xF9,
    0x88, 0xF9, 0x88, 0xF9, 0x89, 0xF9, 0x88, 0xF9,
    0x89, 0xF9, 0x88, 0xF9, 0x89, 0xF9, 0x89, 0xF9,
    0x89, 0xF9, 0x89, 0xF9, 0x89, 0xF9, 0x89, 0xF9,
    0x99, 0xF9, 0x89, 0xF9, 0x89, 0xF9, 0x99, 0xF9,
    0x99, 0xF9, 0x89, 0xF9, 0x89, 0xF9, 0x89, 0xF9,
    0x89, 0xF9, 0x88, 0xF9, 0x44, 0xF6, 0x9A, 0xFA,
    0x99, 0xF9, 0x99, 0xF9, 0x89, 0xF9, 0x34, 0xF4,
    0x9A, 0xFA, 0x67, 0xF7, 0x99, 0xF9, 0x99, 0xF9,
    0x98, 0xF8, 0xAA, 0xFA, 0x88, 0xF7, 0xBB, 0xFA,
    0xAA, 0xFA, 0x33, 0xF4, 0x55, 0xF6, 0x88, 0xF9,
    0x33, 0xF5, 0x22, 0xF4, 0x22, 0xF3, 0x32, 0xF4,
    0x54, 0xF5, 0x44, 0xF3, 0x77, 0xF4, 0x79, 0xF3,
    0x68, 0xF0, 0x7A, 0xF1, 0x8B, 0xF1, 0x8B, 0xF2,
    0x7A, 0xF1, 0x69, 0xF0, 0x69, 0xF0, 0x7A, 0xF0,
    0x6A, 0xF0, 0x6A, 0xF0, 0x7A, 0xF1, 0x7B, 0xF2,
    0x6B, 0xF2, 0x7B, 0xF3, 0x8B, 0xF4, 0x9C, 0xF5,
    0x9C, 0xF5, 0x8C, 0xF4, 0x9D, 0xF4, 0xAE, 0xF6,
    0xBF, 0xF8, 0xAD, 0xF7, 0xAC, 0xF9, 0x67, 0xF7,
    0x34, 0xF5, 0x44, 0xF6, 0x44, 0xF5, 0x55, 0xF6,
    0x44, 0xF6, 0x23, 0xF4, 0x34, 0xF5, 0x33, 0xF5,
    0x33, 0xF5, 0x33, 0xF5, 0x33, 0xF5, 0x33, 0xF6,
    0x33, 0xF6, 0x23, 0xF6, 0x23, 0xF6, 0x33, 0xF6,
    0x34, 0xF6, 0x23, 0xF4, 0x23, 0xF4, 0x33, 0xF5,
    0x23, 0xF5, 0x33, 0xF5, 0x33, 0xF5, 0x23, 0xF5,
    0x57, 0xFA, 0x14, 0xF7, 0x27, 0xFB, 0x28, 0xFC,
    0x18, 0xFD, 0x19, 0xFD, 0x19, 0xFD, 0x19, 0xFE,
    0x19, 0xFE, 0x19, 0xFD, 0x29, 0xFD, 0x29, 0xFD,
    0x29, 0xFD, 0x19, 0xFE, 0x19, 0xFD, 0x19, 0xFD,
    0x19, 0xFD, 0x19, 0xFE, 0x19, 0xFD, 0x19, 0xFD,
    0x18, 0xFD, 0x19, 0xFE, 0x29, 0xFD, 0x5A, 0xFD,
    0x9B, 0xFD, 0x79, 0xFA, 0x46, 0xF7, 0x57, 0xF8,
    0x67, 0xF8, 0x78, 0xF8, 0x78, 0xF7, 0x78, 0xF7,
    0x78, 0xF8, 0x78, 0xF8, 0x78, 0xF8, 0x78, 0xF7,
    0x78, 0xF7, 0x99, 0xF8, 0xEE, 0xFC, 0xEF, 0xFD,
    0xEF, 0xFE, 0xBC, 0xFB, 0x21, 0xF1, 0x32, 0xF3,
    0x32, 0xF4, 0x31, 0xF3, 0x20, 0xF2, 0x41, 0xF2,
    0x65, 0xF5, 0xDD, 0xFD, 0xDD, 0xFB, 0xD9, 0xF7,
    0xC5, 0xF1, 0xD5, 0xF0, 0xD6, 0xF0, 0xB4, 0xF0,
    0xD5, 0xF0, 0xD5, 0xF0, 0xD5, 0xF0, 0xD4, 0xF0,
    0xD4, 0xF0, 0xD4, 0xF0, 0xD5, 0xF0, 0xD6, 0xF1,
    0xD5, 0xF1, 0xD6, 0xF0, 0xE5, 0xF0, 0xD5, 0xF1,
    0xB7, 0xF5, 0x87, 0xF8, 0x77, 0xF8, 0x68, 0xF8,
    0x68, 0xF8, 0x78, 0xF7, 0x78, 0xF8, 0x67, 0xF7,
    0x78, 0xF8, 0x67, 0xF7, 0x78, 0xF7, 0x77, 0xF7,
    0x77, 0xF7, 0x77, 0xF7, 0x77, 0xF7, 0x77, 0xF7,
    0x77, 0xF7, 0x77, 0xF8, 0x78, 0xF8, 0x78, 0xF8,
    0x78, 0xF7, 0x77, 0xF7, 0x78, 0xF7, 0x77, 0xF7,
    0x77, 0xF8, 0x78, 0xF8, 0x77, 0xF7, 0x77, 0xF7,
    0x77, 0xF7, 0x77, 0xF7, 0x77, 0xF7, 0x78, 0xF8,
    0x77, 0xF8, 0x77, 0xF8, 0x77, 0xF7, 0x77, 0xF8,
    0x77, 0xF8, 0x77, 0xF8, 0x57, 0xF9, 0x04, 0xF9,
    0x49, 0xFC, 0x6A, 0xFA, 0x9A, 0xF4, 0xDB, 0xF0,
    0xDC, 0xF0, 0xED, 0xF0, 0xEE, 0xF0, 0xEF, 0xF0,
    0xEE, 0xF0, 0xED, 0xF0, 0x98, 0xF0, 0x76, 0xF3,
    0x33, 0xF3, 0x12, 0xF4, 0x12, 0xF4, 0x12, 0xF4,
    0x11, 0xF4, 0x22, 0xF5, 0x78, 0xF9, 0x12, 0xF3,
    0x22, 0xF4, 0x23, 0xF4, 0x33, 0xF4, 0x33, 0xF4,
    0x43, 0xF3, 0x98, 0xF8, 0x88, 0xF7, 0x78, 0xF8,
    0x66, 0xF7, 0x23, 0xF4, 0x99, 0xFA, 0x77, 0xF8,
    0x77, 0xF8, 0x78, 0xF8, 0x78, 0xF8, 0x78, 0xF8,
    0x78, 0xF8, 0x78, 0xF8, 0x78, 0xF8, 0x77, 0xF8,
    0x88, 0xF8, 0x78, 0xF8, 0x88, 0xF8, 0x88, 0xF8,
    0x78, 0xF8, 0x66, 0xF7, 0x56, 0xF7, 0x66, 0xF7,
    0x67, 0xF8, 0x67, 0xF8, 0x67, 0xF8, 0x67, 0xF8,
    0x77, 0xF8, 0x77, 0xF8, 0x78, 0xF9, 0x78, 0xF9,
    0x78, 0xF9, 0x88, 0xF9, 0x78, 0xF9, 0x88, 0xF9,
    0x88, 0xF9, 0x88, 0xF9, 0x78, 0xF9, 0x78, 0xF8,
    0x78, 0xF9, 0x88, 0xF9, 0x78, 0xF9, 0x78, 0xF9,
    0x88, 0xF9, 0x88, 0xF9, 0x88, 0xF9, 0x89, 0xFA,
    0x89, 0xFA, 0x78, 0xF9, 0x45, 0xF7, 0x89, 0xFA,
    0x99, 0xFA, 0x99, 0xFA, 0x89, 0xFA, 0x23, 0xF4,
    0x9A, 0xFA, 0x66, 0xF7, 0x99, 0xF9, 0x99, 0xFA,
    0x99, 0xFA, 0x88, 0xF8, 0xAA, 0xF9, 0xBB, 0xFA,
    0x67, 0xF7, 0x9A, 0xFB, 0x33, 0xF5, 0x22, 0xF4,
    0x23, 0xF4, 0x22, 0xF4, 0x33, 0xF3, 0x43, 0xF4,
    0x54, 0xF3, 0x54, 0xF2, 0x77, 0xF2, 0x89, 0xF3,
    0x79, 0xF1, 0x69, 0xF0, 0x69, 0xF0, 0x8B, 0xF3,
    0x8B, 0xF3, 0x8B, 0xF3, 0x8A, 0xF2, 0x8B, 0xF2,
    0x7A, 0xF1, 0x7A, 0xF1, 0x6A, 0xF1, 0x7B, 0xF2,
    0x6A, 0xF2, 0x7A, 0xF3, 0x8C, 0xF5, 0x9C, 0xF5,
    0x8B, 0xF5, 0x9D, 0xF6, 0x9D, 0xF5, 0xAE, 0xF7,
    0xAE, 0xF6, 0xAE, 0xF6, 0xAD, 0xF7, 0x67, 0xF6,
    0x23, 0xF4, 0x33, 0xF5, 0x33, 0xF5, 0x44, 0xF6,
    0x45, 0xF6, 0x23, 0xF4, 0x56, 0xF6, 0x55, 0xF6,
    0x45, 0xF6, 0x33, 0xF4, 0x33, 0xF4, 0x33, 0xF4,
    0x33, 0xF5, 0x34, 0xF6, 0x34, 0xF6, 0x33, 0xF6,
    0x44, 0xF6, 0x23, 0xF4, 0x23, 0xF4, 0x33, 0xF5,
    0x33, 0xF5, 0x33, 0xF5, 0x33, 0xF5, 0x23, 0xF5,
    0x7A, 0xFC, 0x14, 0xF6, 0x03, 0xF6, 0x36, 0xFA,
    0x48, 0xFB, 0x39, 0xFC, 0x28, 0xFC, 0x29, 0xFD,
    0x19, 0xFD, 0x19, 0xFD, 0x19, 0xFD, 0x29, 0xFD,
    0x29, 0xFD, 0x19, 0xFD, 0x19, 0xFD, 0x19, 0xFD,
    0x29, 0xFE, 0x29, 0xFD, 0x19, 0xFD, 0x19, 0xFD,
    0x19, 0xFD, 0x29, 0xFE, 0x28, 0xFD, 0x59, 0xFD,
    0x69, 0xFB, 0x57, 0xF8, 0x57, 0xF8, 0x57, 0xF8,
    0x67, 0xF7, 0x78, 0xF8, 0x88, 0xF8, 0x78, 0xF7,
    0x78, 0xF7, 0x78, 0xF8, 0x78, 0xF8, 0x78, 0xF8,
    0x78, 0xF8, 0x88, 0xF7, 0xDC, 0xFC, 0xEE, 0xFD,
    0xEE, 0xFD, 0xBC, 0xFB, 0x20, 0xF1, 0x21, 0xF2,
    0x32, 0xF3, 0x21, 0xF2, 0x40, 0xF2, 0x62, 0xF3,
    0xB9, 0xF8, 0xB9, 0xF8, 0xD9, 0xF6, 0xD6, 0xF3,
    0xD4, 0xF0, 0xD4, 0xF0, 0xD5, 0xF0, 0xD4, 0xF0,
    0xD4, 0xF0, 0xD4, 0xF0, 0xE4, 0xF0, 0xD4, 0xF0,
    0xD4, 0xF0, 0xD4, 0xF0, 0xE5, 0xF0, 0xD6, 0xF0,
    0xE5, 0xF0, 0xD6, 0xF0, 0xE5, 0xF0, 0xD5, 0xF1,
    0xA7, 0xF5, 0x77, 0xF7, 0x67, 0xF8, 0x68, 0xF8,
    0x67, 0xF8, 0x67, 0xF7, 0x67, 0xF7, 0x67, 0xF7,
    0x67, 0xF8, 0x78, 0xF8, 0x77, 0xF8, 0x77, 0xF8,
    0x77, 0xF8, 0x77, 0xF7, 0x77, 0xF7, 0x77, 0xF8,
    0x77, 0xF8, 0x77, 0xF8, 0x77, 0xF7, 0x77, 0xF7,
    0x77, 0xF7, 0x77, 0xF7, 0x77, 0xF7, 0x77, 0xF7,
    0x77, 0xF7, 0x77, 0xF7, 0x77, 0xF7, 0x77, 0xF7,
    0x77, 0xF7, 0x77, 0xF7, 0x77, 0xF7, 0x77, 0xF7,
    0x77, 0xF7, 0x77, 0xF7, 0x77, 0xF7, 0x77, 0xF8,
    0x67, 0xF8, 0x77, 0xF8, 0x45, 0xF7, 0x03, 0xF8,
    0x03, 0xF7, 0x69, 0xF7, 0xBB, 0xF3, 0xEB, 0xF0,
    0xDC, 0xF0, 0xDD, 0xF0, 0xEE, 0xF0, 0xEE, 0xF0,
    0xEE, 0xF0, 0xED, 0xF0, 0xA9, 0xF0, 0x55, 0xF1,
    0x45, 0xF4, 0x34, 0xF5, 0x23, 0xF5, 0x22, 0xF5,
    0x11, 0xF4, 0x11, 0xF4, 0x34, 0xF5, 0x33, 0xF4,
    0x11, 0xF2, 0x11, 0xF2, 0x12, 0xF2, 0x21, 0xF2,
    0x22, 0xF1, 0xA9, 0xF8, 0x87, 0xF7, 0x88, 0xF9,
    0x66, 0xF7, 0x66, 0xF7, 0x89, 0xF9, 0x77, 0xF8,
    0x77, 0xF8, 0x77, 0xF8, 0x78, 0xF8, 0x88, 0xF8,
    0x88, 0xF8, 0x88, 0xF8, 0x88, 0xF8, 0x88, 0xF8,
    0x88, 0xF8, 0x88, 0xF8, 0x88, 0xF8, 0x88, 0xF8,
    0x88, 0xF9, 0x55, 0xF6, 0x12, 0xF4, 0x12, 0xF5,
    0x12, 0xF5, 0x12, 0xF5, 0x12, 0xF4, 0x12, 0xF4,
    0x12, 0xF4, 0x22, 0xF4, 0x22, 0xF4, 0x22, 0xF4,
    0x22, 0xF4, 0x22, 0xF4, 0x22, 0xF4, 0x22, 0xF4,
    0x22, 0xF4, 0x22, 0xF4, 0x22, 0xF4, 0x22, 0xF4,
    0x12, 0xF4, 0x12, 0xF4, 0x22, 0xF4, 0x22, 0xF5,
    0x22, 0xF5, 0x22, 0xF4, 0x22, 0xF5, 0x22, 0xF5,
    0x22, 0xF5, 0x22, 0xF6, 0x22, 0xF6, 0x22, 0xF5,
    0x22, 0xF4, 0x22, 0xF5, 0x23, 0xF5, 0x22, 0xF5,
    0x34, 0xF5, 0x33, 0xF4, 0x34, 0xF5, 0x34, 0xF5,
    0x44, 0xF5, 0x33, 0xF4, 0x66, 0xF7, 0xAA, 0xFB,
    0x55, 0xF7, 0x55, 0xF7, 0x33, 0xF5, 0x23, 0xF5,
    0x23, 0xF4, 0x22, 0xF3, 0x22, 0xF3, 0x33, 0xF2,
    0x55, 0xF3, 0x88, 0xF4, 0x9A, 0xF4, 0x78, 0xF1,
    0x8A, 0xF2, 0x9B, 0xF3, 0x7A, 0xF2, 0x79, 0xF1,
    0x8A, 0xF4, 0x8A, 0xF3, 0x8A, 0xF2, 0x8B, 0xF2,
    0x7A, 0xF1, 0x69, 0xF0, 0x6A, 0xF1, 0x7A, 0xF2,
    0x7B, 0xF3, 0x7B, 0xF3, 0x8C, 0xF5, 0xAD, 0xF7,
    0x7A, 0xF5, 0x9C, 0xF6, 0x9D, 0xF5, 0x8D, 0xF4,
    0x8D, 0xF3, 0x9D, 0xF4, 0xBF, 0xF8, 0x8A, 0xF8,
    0x23, 0xF5, 0x33, 0xF5, 0x33, 0xF5, 0x33, 0xF5,
    0x44, 0xF6, 0x23, 0xF5, 0x45, 0xF6, 0x56, 0xF7,
    0x56, 0xF6, 0x33, 0xF4, 0x33, 0xF3, 0x33, 0xF3,
    0x34, 0xF4, 0x34, 0xF5, 0x34, 0xF6, 0x34, 0xF6,
    0x34, 0xF6, 0x23, 0xF5, 0x33, 0xF5, 0x33, 0xF6,
    0x33, 0xF5, 0x33, 0xF5, 0x33, 0xF6, 0x33, 0xF6,
    0x9C, 0xFD, 0x35, 0xF6, 0x35, 0xF7, 0x35, 0xF7,
    0x9B, 0xFD, 0x58, 0xFB, 0x49, 0xFC, 0x39, 0xFC,
    0x29, 0xFD, 0x29, 0xFD, 0x29, 0xFD, 0x39, 0xFD,
    0x39, 0xFD, 0x39, 0xFD, 0x2A, 0xFD, 0x3A, 0xFD,
    0x3A, 0xFD, 0x39, 0xFD, 0x4A, 0xFC, 0x39, 0xFC,
    0x49, 0xFC, 0x38, 0xFB, 0x48, 0xFB, 0x7B, 0xFD,
    0x47, 0xF9, 0x57, 0xF9, 0x57, 0xF8, 0x67, 0xF8,
    0x68, 0xF8, 0x89, 0xF9, 0x88, 0xF8, 0x88, 0xF8,
    0x88, 0xF8, 0x88, 0xF8, 0x88, 0xF9, 0x78, 0xF9,
    0x88, 0xF8, 0x66, 0xF6, 0x87, 0xF6, 0xCC, 0xFB,
    0xDE, 0xFD, 0x9A, 0xFA, 0x20, 0xF1, 0x21, 0xF2,
    0x21, 0xF2, 0x31, 0xF2, 0x51, 0xF1, 0x94, 0xF3,
    0xD9, 0xF7, 0xD8, 0xF6, 0xD7, 0xF4, 0xD5, 0xF1,
    0xC4, 0xF0, 0xD4, 0xF0, 0xD4, 0xF0, 0xD3, 0xF0,
    0xD3, 0xF0, 0xD4, 0xF0, 0xD4, 0xF0, 0xE4, 0xF0,
    0xE4, 0xF0, 0xD4, 0xF0, 0xD5, 0xF0, 0xE6, 0xF0,
    0xD5, 0xF0, 0xD5, 0xF0, 0xD5, 0xF0, 0xD4, 0xF0,
    0xB7, 0xF5, 0x77, 0xF7, 0x67, 0xF8, 0x68, 0xF8,
    0x68, 0xF8, 0x67, 0xF7, 0x68, 0xF8, 0x68, 0xF8,
    0x78, 0xF8, 0x78, 0xF8, 0x78, 0xF8, 0x77, 0xF8,
    0x77, 0xF8, 0x77, 0xF8, 0x77, 0xF8, 0x78, 0xF8,
    0x77, 0xF8, 0x77, 0xF7, 0x77, 0xF8, 0x77, 0xF8,
    0x78, 0xF8, 0x78, 0xF8, 0x78, 0xF7, 0x78, 0xF7,
    0x78, 0xF8, 0x78, 0xF8, 0x78, 0xF8, 0x78, 0xF8,
    0x78, 0xF8, 0x78, 0xF8, 0x77, 0xF8, 0x77, 0xF8,
    0x77, 0xF8, 0x77, 0xF8, 0x77, 0xF8, 0x77, 0xF8,
    0x77, 0xF8, 0x77, 0xF8, 0x56, 0xF8, 0x14, 0xF8,
    0x03, 0xF7, 0x46, 0xF5, 0x99, 0xF2, 0xCA, 0xF0,
    0xDB, 0xF0, 0xEC, 0xF0, 0xED, 0xF0, 0xED, 0xF0,
    0xEE, 0xF0, 0xEF, 0xF0, 0xEE, 0xF2, 0x88, 0xF1,
    0x56, 0xF3, 0x35, 0xF5, 0x34, 0xF6, 0x34, 0xF6,
    0x01, 0xF4, 0x24, 0xF6, 0x56, 0xF7, 0x45, 0xF6,
    0x22, 0xF3, 0x11, 0xF2, 0x12, 0xF2, 0x12, 0xF2,
    0x12, 0xF1, 0x55, 0xF4, 0x9A, 0xF9, 0x77, 0xF9,
    0x66, 0xF8, 0x78, 0xF8, 0x78, 0xF8, 0x77, 0xF8,
    0x88, 0xF8, 0x77, 0xF8, 0x78, 0xF8, 0x78, 0xF8,
    0x88, 0xF8, 0x88, 0xF8, 0x88, 0xF8, 0x78, 0xF8,
    0x77, 0xF8, 0x88, 0xF8, 0x88, 0xF8, 0x88, 0xF8,
    0x88, 0xF9, 0x55, 0xF7, 0x12, 0xF4, 0x12, 0xF5,
    0x12, 0xF5, 0x12, 0xF5, 0x22, 0xF5, 0x22, 0xF5,
    0x22, 0xF5, 0x22, 0xF5, 0x22, 0xF5, 0x22, 0xF5,
    0x22, 0xF5, 0x22, 0xF5, 0x22, 0xF5, 0x22, 0xF5,
    0x22, 0xF5, 0x22, 0xF5, 0x22, 0xF5, 0x22, 0xF6,
    0x22, 0xF5, 0x22, 0xF5, 0x22, 0xF5, 0x22, 0xF5,
    0x22, 0xF5, 0x22, 0xF5, 0x22, 0xF6, 0x23, 0xF6,
    0x22, 0xF5, 0x22, 0xF6, 0x22, 0xF6, 0x23, 0xF6,
    0x22, 0xF5, 0x22, 0xF5, 0x22, 0xF5, 0x23, 0xF6,
    0x22, 0xF5, 0x22, 0xF5, 0x22, 0xF5, 0x22, 0xF5,
    0x23, 0xF5, 0x22, 0xF4, 0x33, 0xF5, 0x66, 0xF8,
    0x23, 0xF6, 0x22, 0xF6, 0x23, 0xF6, 0x22, 0xF5,
    0x23, 0xF4, 0x22, 0xF3, 0x23, 0xF2, 0x66, 0xF5,
    0x66, 0xF4, 0x77, 0xF3, 0x9A, 0xF4, 0x68, 0xF1,
    0x8B, 0xF3, 0x9B, 0xF4, 0x8A, 0xF4, 0x46, 0xF0,
    0x57, 0xF1, 0x7A, 0xF2, 0x7A, 0xF1, 0x8A, 0xF2,
    0x8A, 0xF2, 0x7A, 0xF2, 0x7A, 0xF2, 0x7A, 0xF2,
    0x7A, 0xF2, 0x8B, 0xF4, 0x8B, 0xF4, 0x8B, 0xF5,
    0xAE, 0xF8, 0x8C, 0xF5, 0x8C, 0xF3, 0x8D, 0xF3,
    0x9E, 0xF5, 0x6A, 0xF3, 0x9C, 0xF7, 0x35, 0xF3,
    0x23, 0xF4, 0x33, 0xF5, 0x33, 0xF5, 0x33, 0xF5,
    0x44, 0xF6, 0x23, 0xF5, 0x35, 0xF6, 0x45, 0xF6,
    0x45, 0xF6, 0x44, 0xF5, 0x33, 0xF3, 0x33, 0xF3,
    0x45, 0xF5, 0x34, 0xF4, 0x45, 0xF5, 0x34, 0xF5,
    0x34, 0xF5, 0x34, 0xF6, 0x34, 0xF6, 0x34, 0xF6,
    0x33, 0xF6, 0x33, 0xF6, 0x33, 0xF6, 0x33, 0xF6,
    0x68, 0xF9, 0xAB, 0xFC, 0x89, 0xFA, 0x34, 0xF5,
    0x9A, 0xFC, 0x9B, 0xFC, 0x69, 0xFA, 0x6A, 0xFC,
    0x6B, 0xFD, 0x6B, 0xFE, 0x6B, 0xFD, 0x7B, 0xFD,
    0x7B, 0xFD, 0x7B, 0xFE, 0x7C, 0xFE, 0x6A, 0xFD,
    0x9C, 0xFD, 0x9B, 0xFC, 0x9C, 0xFB, 0xBC, 0xFC,
    0xAC, 0xFB, 0xBC, 0xFB, 0x9B, 0xFA, 0x79, 0xF9,
    0x34, 0xF5, 0x67, 0xF8, 0x57, 0xF8, 0x68, 0xF8,
    0x67, 0xF7, 0x88, 0xF9, 0x88, 0xF8, 0x88, 0xF8,
    0x78, 0xF8, 0x78, 0xF8, 0x78, 0xF8, 0x88, 0xF9,
    0x77, 0xF7, 0x41, 0xF1, 0x41, 0xF1, 0x86, 0xF6,
    0x88, 0xF9, 0x77, 0xF7, 0x21, 0xF1, 0x21, 0xF0,
    0x31, 0xF1, 0x64, 0xF4, 0x84, 0xF3, 0xB5, 0xF3,
    0xD7, 0xF4, 0xD6, 0xF3, 0xD5, 0xF2, 0xD4, 0xF0,
    0xD4, 0xF1, 0xE4, 0xF0, 0xC3, 0xF0, 0xD3, 0xF0,
    0xD4, 0xF0, 0xE5, 0xF0, 0xD4, 0xF0, 0xE4, 0xF0,
    0xE4, 0xF0, 0xE4, 0xF0, 0xD5, 0xF0, 0xD5, 0xF0,
    0xE5, 0xF0, 0xD5, 0xF0, 0xD5, 0xF0, 0xD5, 0xF2,
    0xB7, 0xF6, 0x76, 0xF7, 0x67, 0xF8, 0x68, 0xF8,
    0x67, 0xF7, 0x67, 0xF7, 0x68, 0xF7, 0x68, 0xF8,
    0x77, 0xF8, 0x77, 0xF8, 0x77, 0xF7, 0x77, 0xF7,
    0x77, 0xF7, 0x77, 0xF7, 0x77, 0xF8, 0x67, 0xF7,
    0x77, 0xF7, 0x77, 0xF7, 0x77, 0xF8, 0x67, 0xF7,
    0x67, 0xF7, 0x77, 0xF8, 0x77, 0xF7, 0x77, 0xF7,
    0x77, 0xF8, 0x77, 0xF8, 0x77, 0xF8, 0x77, 0xF8,
    0x77, 0xF8, 0x77, 0xF8, 0x77, 0xF8, 0x77, 0xF8,
    0x77, 0xF8, 0x77, 0xF8, 0x78, 0xF8, 0x78, 0xF8,
    0x78, 0xF8, 0x77, 0xF9, 0x68, 0xFA, 0x35, 0xF9,
    0x03, 0xF7, 0x68, 0xF9, 0xAA, 0xF3, 0xCA, 0xF0,
    0xCA, 0xF0, 0xEC, 0xF0, 0xED, 0xF0, 0xED, 0xF0,
    0xED, 0xF0, 0xEE, 0xF0, 0xEF, 0xF1, 0xBB, 0xF1,
    0x77, 0xF4, 0x67, 0xF7, 0x35, 0xF5, 0x23, 0xF4,
    0x13, 0xF5, 0x13, 0xF5, 0x66, 0xF8, 0x55, 0xF6,
    0x44, 0xF5, 0x11, 0xF2, 0x11, 0xF2, 0x12, 0xF2,
    0x11, 0xF2, 0x44, 0xF3, 0xBC, 0xF9, 0x89, 0xF7,
    0x45, 0xF5, 0x89, 0xF9, 0x67, 0xF7, 0x77, 0xF8,
    0x87, 0xF8, 0x87, 0xF8, 0x78, 0xF8, 0x78, 0xF8,
    0x77, 0xF8, 0x88, 0xF8, 0x88, 0xF8, 0x88, 0xF8,
    0x88, 0xF8, 0x88, 0xF8, 0x88, 0xF8, 0x88, 0xF8,
    0x88, 0xF9, 0x44, 0xF6, 0x12, 0xF4, 0x12, 0xF4,
    0x12, 0xF4, 0x22, 0xF5, 0x22, 0xF5, 0x22, 0xF5,
    0x22, 0xF5, 0x22, 0xF5, 0x22, 0xF5, 0x22, 0xF5,
    0x22, 0xF5, 0x22, 0xF5, 0x22, 0xF5, 0x22, 0xF5,
    0x22, 0xF5, 0x22, 0xF5, 0x22, 0xF5, 0x22, 0xF5,
    0x22, 0xF5, 0x23, 0xF5, 0x23, 0xF5, 0x23, 0xF5,
    0x23, 0xF5, 0x23, 0xF5, 0x23, 0xF5, 0x23, 0xF5,
    0x23, 0xF5, 0x23, 0xF6, 0x23, 0xF6, 0x23, 0xF6,
    0x23, 0xF5, 0x23, 0xF6, 0x23, 0xF6, 0x23, 0xF6,
    0x23, 0xF6, 0x22, 0xF5, 0x22, 0xF5, 0x23, 0xF6,
    0x23, 0xF5, 0x23, 0xF4, 0x23, 0xF4, 0x23, 0xF5,
    0x23, 0xF5, 0x22, 0xF5, 0x34, 0xF6, 0x22, 0xF4,
    0x23, 0xF4, 0x22, 0xF4, 0x23, 0xF3, 0x33, 0xF2,
    0x44, 0xF2, 0x56, 0xF2, 0x67, 0xF2, 0x56, 0xF1,
    0x68, 0xF2, 0x68, 0xF2, 0x46, 0xF1, 0x57, 0xF2,
    0x8B, 0xF4, 0x8A, 0xF3, 0x8B, 0xF3, 0x8A, 0xF3,
    0x9B, 0xF4, 0x9B, 0xF4, 0x8A, 0xF3, 0x8A, 0xF3,
    0x8B, 0xF3, 0x8B, 0xF4, 0x8C, 0xF4, 0x8C, 0xF5,
    0xAD, 0xF7, 0x9D, 0xF6, 0x9D, 0xF4, 0x9D, 0xF4,
    0xAE, 0xF6, 0xAC, 0xF8, 0x68, 0xF6, 0x34, 0xF3,
    0x32, 0xF3, 0x33, 0xF4, 0x32, 0xF4, 0x32, 0xF5,
    0x44, 0xF6, 0x33, 0xF5, 0x35, 0xF6, 0x35, 0xF6,
    0x56, 0xF7, 0x45, 0xF5, 0x33, 0xF3, 0x44, 0xF4,
    0x56, 0xF6, 0x56, 0xF5, 0x45, 0xF5, 0x56, 0xF6,
    0x45, 0xF5, 0x23, 0xF5, 0x23, 0xF5, 0x34, 0xF5,
    0x34, 0xF6, 0x34, 0xF6, 0x33, 0xF6, 0x33, 0xF6,
    0x78, 0xF9, 0x33, 0xF4, 0x45, 0xF6, 0x68, 0xF8,
    0xAC, 0xFC, 0xAB, 0xFC, 0x8A, 0xFA, 0x79, 0xF9,
    0x25, 0xF6, 0x25, 0xF7, 0x36, 0xF7, 0x36, 0xF7,
    0x36, 0xF7, 0x35, 0xF7, 0x8B, 0xFB, 0x8A, 0xFB,
    0xEF, 0xFF, 0xEF, 0xFF, 0xEF, 0xFF, 0xEF, 0xFF,
    0xEE, 0xFE, 0xDD, 0xFB, 0xBB, 0xF9, 0x44, 0xF4,
    0x45, 0xF5, 0x78, 0xF9, 0x68, 0xF9, 0x68, 0xF9,
    0x67, 0xF7, 0x88, 0xF8, 0x88, 0xF8, 0x88, 0xF8,
    0x78, 0xF8, 0x79, 0xF8, 0x79, 0xF8, 0x88, 0xF8,
    0x41, 0xF2, 0x50, 0xF1, 0x60, 0xF1, 0x50, 0xF1,
    0x52, 0xF2, 0x74, 0xF4, 0x72, 0xF1, 0xA6, 0xF4,
    0xB8, 0xF6, 0xCA, 0xF9, 0xD9, 0xF8, 0xD6, 0xF4,
    0xE5, 0xF2, 0xD4, 0xF1, 0xD3, 0xF0, 0xE3, 0xF0,
    0xE3, 0xF0, 0xE3, 0xF0, 0xE3, 0xF0, 0xD4, 0xF0,
    0xD5, 0xF0, 0xE5, 0xF0, 0xD4, 0xF0, 0xD4, 0xF0,
    0xD4, 0xF0, 0xE4, 0xF0, 0xD5, 0xF1, 0xD5, 0xF1,
    0xD5, 0xF0, 0xD5, 0xF0, 0xD5, 0xF0, 0xC4, 0xF1,
    0xB7, 0xF5, 0x87, 0xF7, 0x78, 0xF8, 0x68, 0xF8,
    0x68, 0xF8, 0x78, 0xF8, 0x68, 0xF7, 0x68, 0xF8,
    0x78, 0xF8, 0x67, 0xF7, 0x67, 0xF7, 0x67, 0xF7,
    0x67, 0xF7, 0x67, 0xF7, 0x77, 0xF7, 0x77, 0xF7,
    0x77, 0xF7, 0x77, 0xF7, 0x77, 0xF8, 0x77, 0xF7,
    0x78, 0xF7, 0x77, 0xF7, 0x77, 0xF7, 0x67, 0xF7,
    0x77, 0xF8, 0x77, 0xF7, 0x77, 0xF7, 0x77, 0xF7,
    0x77, 0xF7, 0x77, 0xF7, 0x77, 0xF7, 0x77, 0xF8,
    0x77, 0xF8, 0x77, 0xF8, 0x77, 0xF8, 0x77, 0xF8,
    0x77, 0xF8, 0x77, 0xF8, 0x67, 0xF9, 0x12, 0xF7,
    0x02, 0xF8, 0x56, 0xF5, 0xCC, 0xF2, 0xDA, 0xF0,
    0xC9, 0xF0, 0xDB, 0xF0, 0xED, 0xF0, 0xDD, 0xF0,
    0xCA, 0xF0, 0xED, 0xF0, 0xEE, 0xF1, 0xDC, 0xF2,
    0x86, 0xF1, 0xA8, 0xF5, 0x67, 0xF5, 0x45, 0xF4,
    0x35, 0xF6, 0x12, 0xF5, 0x32, 0xF5, 0x42, 0xF2,
    0x75, 0xF2, 0x75, 0xF1, 0x65, 0xF1, 0x54, 0xF2,
    0x42, 0xF2, 0x43, 0xF1, 0xDD, 0xF7, 0xAB, 0xF5,
    0x9B, 0xFA, 0x8B, 0xFB, 0x69, 0xF9, 0x78, 0xF8,
    0x78, 0xF8, 0x88, 0xF8, 0x77, 0xF8, 0x78, 0xF8,
    0x77, 0xF8, 0x88, 0xF8, 0x88, 0xF8, 0x88, 0xF8,
    0x88, 0xF8, 0x99, 0xF9, 0x99, 0xF8, 0x99, 0xF9,
    0x89, 0xF9, 0x45, 0xF6, 0x12, 0xF4, 0x12, 0xF4,
    0x12, 0xF4, 0x22, 0xF5, 0x22, 0xF5, 0x22, 0xF5,
    0x22, 0xF5, 0x22, 0xF5, 0x22, 0xF5, 0x22, 0xF5,
    0x23, 0xF5, 0x23, 0xF5, 0x23, 0xF5, 0x23, 0xF5,
    0x23, 0xF5, 0x22, 0xF5, 0x22, 0xF5, 0x22, 0xF5,
    0x23, 0xF5, 0x23, 0xF5, 0x23, 0xF5, 0x23, 0xF5,
    0x23, 0xF6, 0x23, 0xF5, 0x23, 0xF5, 0x23, 0xF5,
    0x23, 0xF5, 0x23, 0xF6, 0x23, 0xF6, 0x23, 0xF6,
    0x23, 0xF5, 0x23, 0xF5, 0x23, 0xF6, 0x23, 0xF6,
    0x23, 0xF6, 0x22, 0xF5, 0x23, 0xF5, 0x23, 0xF6,
    0x23, 0xF5, 0x23, 0xF5, 0x23, 0xF5, 0x22, 0xF5,
    0x23, 0xF6, 0x23, 0xF5, 0x33, 0xF6, 0x23, 0xF5,
    0x23, 0xF5, 0x23, 0xF4, 0x22, 0xF4, 0x23, 0xF3,
    0x55, 0xF3, 0x78, 0xF4, 0x57, 0xF2, 0x35, 0xF0,
    0x57, 0xF1, 0x8A, 0xF2, 0x9B, 0xF4, 0x46, 0xF1,
    0x57, 0xF1, 0x57, 0xF1, 0x68, 0xF1, 0x7A, 0xF3,
    0x8A, 0xF4, 0x68, 0xF2, 0x68, 0xF1, 0x7A, 0xF3,
    0x7A, 0xF3, 0x7A, 0xF3, 0x9C, 0xF5, 0x9C, 0xF5,
    0x8C, 0xF5, 0x8C, 0xF5, 0x8C, 0xF4, 0x8D, 0xF3,
    0x9D, 0xF4, 0xBE, 0xF8, 0x57, 0xF4, 0x32, 0xF2,
    0x32, 0xF2, 0x43, 0xF3, 0x42, 0xF4, 0x42, 0xF4,
    0x54, 0xF6, 0x33, 0xF5, 0x34, 0xF5, 0x35, 0xF6,
    0x45, 0xF7, 0x45, 0xF6, 0x33, 0xF4, 0x45, 0xF6,
    0x56, 0xF7, 0x67, 0xF7, 0x45, 0xF5, 0x67, 0xF7,
    0x66, 0xF7, 0x34, 0xF5, 0x34, 0xF5, 0x34, 0xF4,
    0x33, 0xF3, 0x34, 0xF4, 0x34, 0xF5, 0x34, 0xF6,
    0x56, 0xF8, 0x8A, 0xFB, 0xAC, 0xFD, 0xAC, 0xFC,
    0xAB, 0xFC, 0x9B, 0xFB, 0x9A, 0xFA, 0x8A, 0xFA,
    0x78, 0xF9, 0x78, 0xF9, 0x79, 0xF9, 0x79, 0xFA,
    0x68, 0xF9, 0xAC, 0xFC, 0x9D, 0xFD, 0x9C, 0xFC,
    0xDE, 0xFE, 0xBD, 0xFD, 0x9B, 0xFC, 0x8B, 0xFB,
    0x6A, 0xFA, 0x58, 0xF9, 0x58, 0xF9, 0x24, 0xF6,
    0x45, 0xF7, 0x78, 0xF9, 0x68, 0xF9, 0x67, 0xF8,
    0x78, 0xF8, 0x89, 0xF8, 0x88, 0xF8, 0x89, 0xF8,
    0x89, 0xF8, 0x89, 0xF8, 0x89, 0xF8, 0x44, 0xF3,
    0x51, 0xF1, 0x70, 0xF1, 0x70, 0xF0, 0x71, 0xF0,
    0x93, 0xF1, 0xB4, 0xF2, 0xD5, 0xF3, 0xD6, 0xF3,
    0xD8, 0xF6, 0xCA, 0xF7, 0xDA, 0xF7, 0xC6, 0xF3,
    0xD5, 0xF2, 0xD5, 0xF1, 0xC4, 0xF1, 0xD4, 0xF0,
    0xE4, 0xF1, 0xD4, 0xF0, 0xD4, 0xF0, 0xE4, 0xF0,
    0xD4, 0xF0, 0xE4, 0xF0, 0xD4, 0xF0, 0xD4, 0xF0,
    0xD4, 0xF0, 0xE5, 0xF0, 0xD5, 0xF0, 0xE5, 0xF1,
    0xE5, 0xF0, 0xE5, 0xF0, 0xE5, 0xF0, 0xD5, 0xF1,
    0xC7, 0xF5, 0x97, 0xF7, 0x78, 0xF8, 0x68, 0xF8,
    0x68, 0xF8, 0x77, 0xF7, 0x67, 0xF7, 0x67, 0xF7,
    0x67, 0xF7, 0x67, 0xF7, 0x67, 0xF7, 0x67, 0xF6,
    0x67, 0xF6, 0x67, 0xF7, 0x67, 0xF7, 0x77, 0xF7,
    0x67, 0xF7, 0x77, 0xF7, 0x77, 0xF7, 0x77, 0xF7,
    0x77, 0xF7, 0x77, 0xF6, 0x77, 0xF6, 0x77, 0xF7,
    0x77, 0xF7, 0x77, 0xF6, 0x77, 0xF6, 0x77, 0xF6,
    0x77, 0xF7, 0x77, 0xF7, 0x77, 0xF7, 0x77, 0xF7,
    0x77, 0xF7, 0x77, 0xF7, 0x77, 0xF8, 0x77, 0xF8,
    0x77, 0xF7, 0x77, 0xF8, 0x78, 0xF9, 0x13, 0xF6,
    0x02, 0xF8, 0x44, 0xF3, 0xBA, 0xF0, 0xDA, 0xF0,
    0xB8, 0xF0, 0xDB, 0xF0, 0xDD, 0xF0, 0xED, 0xF0,
    0xCA, 0xF0, 0xCB, 0xF0, 0xDC, 0xF0, 0xEE, 0xF2,
    0xCA, 0xF1, 0xA8, 0xF2, 0xA9, 0xF5, 0x99, 0xF7,
    0x32, 0xF2, 0x42, 0xF3, 0x64, 0xF3, 0x97, 0xF1,
    0xED, 0xF3, 0xEE, 0xF2, 0xEE, 0xF2, 0xCB, 0xF0,
    0x74, 0xF0, 0x74, 0xF0, 0xED, 0xF5, 0xCD, 0xF7,
    0x7B, 0xF9, 0x6A, 0xFB, 0x5A, 0xFA, 0x69, 0xFA,
    0x68, 0xF9, 0x78, 0xF8, 0x88, 0xF8, 0x88, 0xF8,
    0x88, 0xF8, 0x88, 0xF8, 0x88, 0xF8, 0x88, 0xF8,
    0x77, 0xF7, 0x66, 0xF6, 0x56, 0xF5, 0x67, 0xF7,
    0x77, 0xF8, 0x34, 0xF5, 0x12, 0xF4, 0x12, 0xF5,
    0x12, 0xF5, 0x22, 0xF5, 0x22, 0xF4, 0x22, 0xF5,
    0x22, 0xF5, 0x22, 0xF5, 0x22, 0xF5, 0x22, 0xF5,
    0x23, 0xF5, 0x23, 0xF5, 0x23, 0xF5, 0x23, 0xF5,
    0x23, 0xF5, 0x23, 0xF5, 0x23, 0xF5, 0x23, 0xF5,
    0x23, 0xF5, 0x23, 0xF5, 0x22, 0xF5, 0x23, 0xF6,
    0x23, 0xF6, 0x23, 0xF6, 0x23, 0xF6, 0x23, 0xF6,
    0x23, 0xF6, 0x23, 0xF6, 0x23, 0xF6, 0x23, 0xF6,
    0x23, 0xF5, 0x23, 0xF5, 0x23, 0xF6, 0x23, 0xF6,
    0x23, 0xF6, 0x23, 0xF6, 0x33, 0xF6, 0x23, 0xF5,
    0x23, 0xF5, 0x23, 0xF5, 0x23, 0xF5, 0x23, 0xF6,
    0x23, 0xF6, 0x23, 0xF6, 0x23, 0xF5, 0x23, 0xF4,
    0x23, 0xF3, 0x23, 0xF3, 0x23, 0xF3, 0x22, 0xF3,
    0x23, 0xF2, 0x67, 0xF5, 0x78, 0xF4, 0x68, 0xF3,
    0x8A, 0xF3, 0x9B, 0xF3, 0x8B, 0xF3, 0x69, 0xF2,
    0x8A, 0xF3, 0x8A, 0xF3, 0x69, 0xF2, 0x57, 0xF1,
    0x57, 0xF1, 0x8A, 0xF3, 0x7A, 0xF2, 0x69, 0xF2,
    0x7A, 0xF3, 0x8B, 0xF4, 0x8B, 0xF4, 0x9C, 0xF5,
    0x8B, 0xF4, 0x7B, 0xF2, 0x7B, 0xF3, 0x8D, 0xF4,
    0x9D, 0xF4, 0x8C, 0xF5, 0x9B, 0xF8, 0x32, 0xF2,
    0x42, 0xF2, 0x42, 0xF3, 0x42, 0xF4, 0x43, 0xF4,
    0x33, 0xF4, 0x22, 0xF4, 0x24, 0xF5, 0x45, 0xF7,
    0x45, 0xF7, 0x45, 0xF6, 0x24, 0xF5, 0x46, 0xF7,
    0x57, 0xF8, 0x67, 0xF8, 0x35, 0xF5, 0x56, 0xF7,
    0x67, 0xF7, 0x34, 0xF5, 0x34, 0xF5, 0x56, 0xF6,
    0x45, 0xF4, 0x34, 0xF3, 0x34, 0xF4, 0x34, 0xF5,
    0x9B, 0xFD, 0x9B, 0xFC, 0x9B, 0xFB, 0xAB, 0xFB,
    0xAB, 0xFB, 0xAB, 0xFA, 0xAB, 0xFB, 0x79, 0xF9,
    0x24, 0xF5, 0x34, 0xF5, 0x35, 0xF6, 0x46, 0xF7,
    0x9C, 0xFC, 0xCF, 0xFE, 0x8C, 0xFC, 0x8C, 0xFC,
    0x9D, 0xFD, 0x9C, 0xFD, 0x8C, 0xFD, 0x7C, 0xFD,
    0x5A, 0xFC, 0x38, 0xFA, 0x48, 0xF9, 0x25, 0xF6,
    0x24, 0xF5, 0x67, 0xF7, 0x78, 0xF7, 0x67, 0xF7,
    0x89, 0xF9, 0x99, 0xF9, 0x9A, 0xF9, 0x9A, 0xF9,
    0x89, 0xF9, 0x9A, 0xF9, 0x66, 0xF6, 0x31, 0xF1,
    0x61, 0xF1, 0x80, 0xF0, 0xA2, 0xF1, 0xD5, 0xF2,
    0xE6, 0xF3, 0xE7, 0xF3, 0xE7, 0xF2, 0xE7, 0xF2,
    0xD8, 0xF4, 0xCA, 0xF6, 0xDA, 0xF8, 0xC6, 0xF4,
    0xD7, 0xF4, 0xD7, 0xF3, 0xD6, 0xF1, 0xD5, 0xF0,
    0xD4, 0xF0, 0xD5, 0xF0, 0xD5, 0xF1, 0xE5, 0xF1,
    0xD4, 0xF0, 0xD4, 0xF0, 0xE4, 0xF0, 0xE4, 0xF0,
    0xE4, 0xF0, 0xD4, 0xF0, 0xD5, 0xF0, 0xD5, 0xF0,
    0xD4, 0xF0, 0xD4, 0xF0, 0xE4, 0xF0, 0xD4, 0xF0,
    0xB4, 0xF2, 0xB8, 0xF7, 0xA9, 0xF8, 0x89, 0xF9,
    0x89, 0xF9, 0x89, 0xF9, 0x89, 0xF9, 0x8A, 0xF9,
    0x9A, 0xF9, 0x9A, 0xF9, 0x89, 0xF9, 0x9A, 0xF9,
    0x9A, 0xF9, 0x9A, 0xF9, 0x9A, 0xFA, 0x9A, 0xF9,
    0xAA, 0xFA, 0x9A, 0xFA, 0xAA, 0xFA, 0xAA, 0xF9,
    0x9A, 0xF8, 0xAA, 0xF8, 0xBB, 0xF9, 0xBA, 0xF9,
    0xAA, 0xF8, 0xBA, 0xF8, 0xBB, 0xF9, 0xBA, 0xF9,
    0x9A, 0xF9, 0x9A, 0xF9, 0x99, 0xF9, 0x99, 0xF9,
    0x99, 0xF9, 0x99, 0xF9, 0x89, 0xF8, 0x88, 0xF8,
    0x88, 0xF8, 0x88, 0xF8, 0x78, 0xF9, 0x34, 0xF7,
    0x01, 0xF7, 0x22, 0xF5, 0x87, 0xF1, 0xB8, 0xF0,
    0xDA, 0xF0, 0xDB, 0xF0, 0xED, 0xF0, 0xED, 0xF0,
    0xED, 0xF0, 0xDC, 0xF0, 0xDB, 0xF0, 0xDD, 0xF0,
    0xEE, 0xF1, 0xCB, 0xF0, 0xA8, 0xF0, 0xC8, 0xF4,
    0x85, 0xF1, 0x74, 0xF0, 0xA8, 0xF0, 0xEE, 0xF2,
    0xEF, 0xF0, 0xEF, 0xF0, 0xEF, 0xF0, 0xEF, 0xF0,
    0xCB, 0xF0, 0x96, 0xF0, 0xDC, 0xF2, 0xCD, 0xF8,
    0x7C, 0xFB, 0x5B, 0xFC, 0x5A, 0xFB, 0x6B, 0xFC,
    0x6A, 0xFA, 0x68, 0xF8, 0x87, 0xF8, 0x88, 0xF8,
    0x78, 0xF8, 0x78, 0xF8, 0x78, 0xF8, 0x88, 0xF8,
    0x88, 0xF8, 0x89, 0xF9, 0x99, 0xF9, 0x99, 0xF9,
    0x78, 0xF8, 0x56, 0xF7, 0x12, 0xF4, 0x12, 0xF5,
    0x22, 0xF5, 0x22, 0xF5, 0x22, 0xF5, 0x22, 0xF5,
    0x22, 0xF5, 0x22, 0xF5, 0x23, 0xF5, 0x23, 0xF5,
    0x23, 0xF5, 0x23, 0xF5, 0x23, 0xF5, 0x23, 0xF5,
    0x23, 0xF5, 0x23, 0xF6, 0x23, 0xF6, 0x23, 0xF6,
    0x23, 0xF6, 0x23, 0xF6, 0x23, 0xF5, 0x23, 0xF5,
    0x23, 0xF5, 0x23, 0xF6, 0x23, 0xF6, 0x23, 0xF6,
    0x23, 0xF6, 0x23, 0xF6, 0x23, 0xF6, 0x23, 0xF6,
    0x23, 0xF5, 0x23, 0xF5, 0x23, 0xF6, 0x23, 0xF6,
    0x23, 0xF6, 0x23, 0xF6, 0x23, 0xF5, 0x23, 0xF5,
    0x23, 0xF6, 0x23, 0xF6, 0x23, 0xF6, 0x23, 0xF6,
    0x23, 0xF6, 0x23, 0xF5, 0x23, 0xF3, 0x24, 0xF2,
    0x35, 0xF2, 0x46, 0xF2, 0x23, 0xF2, 0x23, 0xF3,
    0x23, 0xF3, 0x45, 0xF4, 0x24, 0xF1, 0x35, 0xF2,
    0x68, 0xF2, 0x7A, 0xF2, 0x79, 0xF1, 0x69, 0xF1,
    0x8B, 0xF3, 0x7A, 0xF2, 0x7A, 0xF2, 0x8A, 0xF3,
    0x8A, 0xF3, 0x7A, 0xF2, 0x8B, 0xF3, 0x7A, 0xF3,
    0x7A, 0xF3, 0x7A, 0xF3, 0x8B, 0xF4, 0x9C, 0xF5,
    0x9C, 0xF5, 0x9D, 0xF4, 0x8C, 0xF2, 0x6B, 0xF1,
    0x59, 0xF1, 0x58, 0xF2, 0x57, 0xF4, 0x33, 0xF3,
    0x42, 0xF3, 0x42, 0xF3, 0x43, 0xF4, 0x32, 0xF4,
    0x33, 0xF4, 0x23, 0xF4, 0x23, 0xF5, 0x45, 0xF7,
    0x45, 0xF7, 0x35, 0xF6, 0x24, 0xF5, 0x35, 0xF6,
    0x46, 0xF8, 0x46, 0xF7, 0x34, 0xF5, 0x46, 0xF6,
    0x57, 0xF8, 0x34, 0xF5, 0x34, 0xF5, 0x67, 0xF7,
    0x67, 0xF6, 0x34, 0xF4, 0x45, 0xF5, 0x56, 0xF6,
    0xAB, 0xFD, 0xAC, 0xFC, 0xAB, 0xFB, 0xAA, 0xFA,
    0x99, 0xF9, 0x88, 0xF8, 0x79, 0xF9, 0x68, 0xF8,
    0x9B, 0xFB, 0x9C, 0xFC, 0x9C, 0xFC, 0xAC, 0xFD,
    0xAD, 0xFD, 0xAC, 0xFC, 0xAD, 0xFD, 0xBC, 0xFD,
    0xAC, 0xFD, 0x8B, 0xFB, 0x69, 0xFA, 0x47, 0xF9,
    0x26, 0xF8, 0x25, 0xF7, 0x46, 0xF8, 0x35, 0xF6,
    0x45, 0xF5, 0x88, 0xF9, 0x78, 0xF8, 0x56, 0xF7,
    0x9A, 0xFA, 0xCC, 0xFB, 0xBC, 0xFB, 0xBC, 0xFB,
    0xBC, 0xFB, 0xBB, 0xFB, 0x43, 0xF3, 0x41, 0xF1,
    0x61, 0xF0, 0xA2, 0xF1, 0xE5, 0xF3, 0xE5, 0xF2,
    0xE6, 0xF2, 0xE7, 0xF2, 0xD6, 0xF1, 0xE7, 0xF1,
    0xD8, 0xF3, 0xD9, 0xF5, 0xDA, 0xF7, 0xD9, 0xF6,
    0xB5, 0xF2, 0xD5, 0xF2, 0xD5, 0xF1, 0xE5, 0xF0,
    0xD5, 0xF1, 0xE5, 0xF0, 0xE4, 0xF0, 0xD4, 0xF0,
    0xC3, 0xF0, 0xD3, 0xF0, 0xE4, 0xF0, 0xE4, 0xF0,
    0xE4, 0xF0, 0xE4, 0xF1, 0xE5, 0xF0, 0xD5, 0xF0,
    0xE5, 0xF0, 0xD4, 0xF0, 0xE4, 0xF0, 0xE5, 0xF0,
    0xD4, 0xF1, 0xB6, 0xF4, 0xDB, 0xFA, 0xBC, 0xFB,
    0xBC, 0xFB, 0xBC, 0xFB, 0xAB, 0xFB, 0xAB, 0xFB,
    0xAB, 0xFA, 0xBC, 0xFB, 0xBB, 0xFB, 0xBB, 0xFA,
    0xBB, 0xFB, 0xBC, 0xFB, 0xBC, 0xFB, 0xBB, 0xFA,
    0xBB, 0xFB, 0xBB, 0xFB, 0xBC, 0xFB, 0xBB, 0xF9,
    0xCC, 0xF9, 0xDD, 0xF9, 0xDC, 0xF9, 0xCC, 0xF9,
    0xDC, 0xF9, 0xDD, 0xF9, 0xDC, 0xFA, 0xCC, 0xFA,
    0xBB, 0xFB, 0xBC, 0xFB, 0xBB, 0xFA, 0xAB, 0xFA,
    0xBB, 0xFB, 0xBB, 0xFB, 0xBC, 0xFB, 0xCC, 0xFC,
    0xBB, 0xFB, 0xBC, 0xFC, 0xAB, 0xFB, 0x56, 0xF8,
    0x01, 0xF7, 0x01, 0xF6, 0x54, 0xF1, 0x97, 0xF0,
    0xB8, 0xF0, 0xCA, 0xF0, 0xED, 0xF0, 0xEE, 0xF0,
    0xEF, 0xF0, 0xEE, 0xF0, 0xDC, 0xF0, 0xCB, 0xF0,
    0xDD, 0xF0, 0xED, 0xF0, 0xDC, 0xF0, 0xDB, 0xF0,
    0xB8, 0xF0, 0xB9, 0xF0, 0xED, 0xF0, 0xEF, 0xF0,
    0xEF, 0xF0, 0xEF, 0xF0, 0xEF, 0xF0, 0xEF, 0xF0,
    0xEE, 0xF0, 0xA9, 0xF0, 0xDD, 0xF4, 0x9B, 0xF9,
    0x4A, 0xFB, 0x4B, 0xFC, 0x4A, 0xFC, 0x4A, 0xFC,
    0x8C, 0xFD, 0x58, 0xF8, 0x77, 0xF8, 0x77, 0xF7,
    0x78, 0xF7, 0x78, 0xF8, 0x78, 0xF8, 0x78, 0xF8,
    0x77, 0xF8, 0x88, 0xF8, 0x88, 0xF8, 0x88, 0xF8,
    0x88, 0xF9, 0x88, 0xF9, 0x45, 0xF6, 0x22, 0xF5,
    0x22, 0xF5, 0x22, 0xF5, 0x22, 0xF5, 0x22, 0xF5,
    0x22, 0xF5, 0x22, 0xF5, 0x22, 0xF5, 0x22, 0xF5,
    0x23, 0xF6, 0x23, 0xF6, 0x23, 0xF6, 0x23, 0xF6,
    0x23, 0xF6, 0x23, 0xF6, 0x23, 0xF6, 0x23, 0xF6,
    0x23, 0xF6, 0x23, 0xF6, 0x23, 0xF6, 0x23, 0xF6,
    0x23, 0xF6, 0x23, 0xF7, 0x23, 0xF7, 0x24, 0xF7,
    0x23, 0xF7, 0x33, 0xF7, 0x23, 0xF6, 0x23, 0xF6,
    0x23, 0xF6, 0x24, 0xF6, 0x24, 0xF7, 0x23, 0xF6,
    0x24, 0xF7, 0x34, 0xF7, 0x34, 0xF7, 0x35, 0xF7,
    0x34, 0xF8, 0x34, 0xF8, 0x23, 0xF7, 0x44, 0xF8,
    0x34, 0xF7, 0x23, 0xF4, 0x46, 0xF5, 0x57, 0xF4,
    0x8A, 0xF5, 0x8A, 0xF6, 0x45, 0xF2, 0x23, 0xF2,
    0x33, 0xF3, 0x34, 0xF2, 0x45, 0xF2, 0x67, 0xF4,
    0x46, 0xF1, 0x8A, 0xF4, 0x79, 0xF4, 0x57, 0xF1,
    0x57, 0xF1, 0x8A, 0xF3, 0x8A, 0xF3, 0x79, 0xF2,
    0x7A, 0xF2, 0x8A, 0xF2, 0x79, 0xF2, 0x68, 0xF1,
    0x68, 0xF1, 0x7A, 0xF3, 0x9C, 0xF4, 0xAC, 0xF5,
    0x8B, 0xF5, 0x9C, 0xF4, 0xAE, 0xF4, 0x9E, 0xF3,
    0x9D, 0xF3, 0x7B, 0xF3, 0x45, 0xF2, 0x32, 0xF3,
    0x42, 0xF3, 0x43, 0xF4, 0x43, 0xF4, 0x32, 0xF4,
    0x23, 0xF4, 0x23, 0xF4, 0x23, 0xF4, 0x23, 0xF4,
    0x34, 0xF6, 0x34, 0xF6, 0x24, 0xF5, 0x35, 0xF6,
    0x46, 0xF8, 0x46, 0xF7, 0x35, 0xF6, 0x46, 0xF7,
    0x57, 0xF8, 0x34, 0xF6, 0x34, 0xF5, 0x56, 0xF6,
    0x67, 0xF7, 0x56, 0xF6, 0x56, 0xF6, 0x67, 0xF7,
    0xAB, 0xFC, 0xAA, 0xFB, 0x89, 0xF9, 0x78, 0xF8,
    0x78, 0xF8, 0x78, 0xF8, 0x67, 0xF7, 0x67, 0xF6,
    0xBC, 0xFA, 0x9B, 0xF9, 0x57, 0xF7, 0x57, 0xF8,
    0x68, 0xF8, 0x67, 0xF8, 0x67, 0xF8, 0x68, 0xF8,
    0x57, 0xF8, 0x47, 0xF8, 0x46, 0xF7, 0x25, 0xF7,
    0x14, 0xF6, 0x14, 0xF6, 0x35, 0xF7, 0x34, 0xF5,
    0x77, 0xF8, 0x88, 0xF9, 0x34, 0xF5, 0x45, 0xF6,
    0x9A, 0xFA, 0xBC, 0xFB, 0xBC, 0xFB, 0xBC, 0xFA,
    0xBC, 0xFB, 0xA9, 0xF9, 0x41, 0xF1, 0x41, 0xF2,
    0x51, 0xF0, 0x91, 0xF0, 0xD2, 0xF1, 0xE4, 0xF2,
    0xC4, 0xF1, 0xB4, 0xF1, 0xC4, 0xF1, 0xD6, 0xF2,
    0xD7, 0xF2, 0xD7, 0xF4, 0xD8, 0xF5, 0xC9, 0xF5,
    0xA6, 0xF2, 0xC5, 0xF2, 0xE5, 0xF1, 0xE5, 0xF1,
    0xD6, 0xF1, 0xD4, 0xF0, 0xB2, 0xF0, 0xB2, 0xF0,
    0xD3, 0xF0, 0xD4, 0xF0, 0xD5, 0xF0, 0xE5, 0xF1,
    0xE4, 0xF1, 0xD4, 0xF0, 0xD5, 0xF1, 0xD5, 0xF1,
    0xD5, 0xF0, 0xD4, 0xF0, 0xE4, 0xF1, 0xE5, 0xF1,
    0xE4, 0xF1, 0xD5, 0xF2, 0xC9, 0xF7, 0xCC, 0xFB,
    0xBC, 0xFB, 0xBC, 0xFB, 0xBC, 0xFB, 0xBC, 0xFB,
    0xBC, 0xFB, 0xBC, 0xFB, 0xBB, 0xFA, 0xBB, 0xFA,
    0xBB, 0xFA, 0xBC, 0xFB, 0xBB, 0xFB, 0xBB, 0xFB,
    0xBB, 0xFB, 0xBB, 0xFB, 0xBB, 0xFA, 0xCC, 0xF9,
    0xDD, 0xF9, 0xDC, 0xF9, 0xCC, 0xF8, 0xCC, 0xF8,
    0xDC, 0xF8, 0xDC, 0xF8, 0xBB, 0xF9, 0xBB, 0xFA,
    0xBB, 0xFB, 0xBC, 0xFB, 0xBB, 0xFB, 0xBB, 0xFA,
    0xBB, 0xFB, 0xBB, 0xFB, 0xBB, 0xFA, 0xBB, 0xFC,
    0xBB, 0xFC, 0x55, 0xF6, 0x01, 0xF2, 0x01, 0xF4,
    0x01, 0xF7, 0x12, 0xF6, 0x65, 0xF1, 0xB8, 0xF0,
    0xCA, 0xF0, 0xBA, 0xF0, 0xDD, 0xF0, 0xEE, 0xF0,
    0xEE, 0xF0, 0xED, 0xF0, 0xDB, 0xF0, 0xDB, 0xF0,
    0xCB, 0xF0, 0xDD, 0xF0, 0xED, 0xF0, 0xDD, 0xF0,
    0xDD, 0xF0, 0xEE, 0xF0, 0xEF, 0xF0, 0xEF, 0xF0,
    0xEF, 0xF0, 0xEF, 0xF0, 0xEF, 0xF0, 0xEF, 0xF0,
    0xEF, 0xF0, 0xED, 0xF0, 0xBB, 0xF2, 0x7A, 0xFA,
    0x4A, 0xFD, 0x5C, 0xFE, 0x4B, 0xFE, 0x5B, 0xFD,
    0x7C, 0xFD, 0x6A, 0xFA, 0x77, 0xF8, 0x77, 0xF7,
    0x78, 0xF7, 0x77, 0xF7, 0x78, 0xF7, 0x77, 0xF7,
    0x88, 0xF8, 0x88, 0xF8, 0x88, 0xF8, 0x89, 0xF8,
    0x89, 0xF8, 0x89, 0xF9, 0x88, 0xF9, 0x55, 0xF6,
    0x22, 0xF5, 0x22, 0xF6, 0x22, 0xF6, 0x22, 0xF6,
    0x22, 0xF6, 0x22, 0xF6, 0x22, 0xF6, 0x23, 0xF6,
    0x23, 0xF6, 0x23, 0xF6, 0x23, 0xF6, 0x23, 0xF6,
    0x23, 0xF6, 0x23, 0xF6, 0x23, 0xF6, 0x23, 0xF6,
    0x23, 0xF6, 0x23, 0xF7, 0x34, 0xF8, 0x35, 0xF8,
    0x35, 0xF8, 0x35, 0xF8, 0x35, 0xF9, 0x35, 0xF8,
    0x35, 0xF8, 0x34, 0xF7, 0x23, 0xF6, 0x45, 0xF7,
    0x46, 0xF8, 0x46, 0xF9, 0x46, 0xF9, 0x46, 0xF9,
    0x46, 0xF9, 0x35, 0xF8, 0x34, 0xF8, 0x46, 0xF9,
    0x45, 0xF9, 0x34, 0xF9, 0x34, 0xF8, 0x45, 0xF8,
    0x33, 0xF5, 0x23, 0xF4, 0x24, 0xF2, 0x46, 0xF3,
    0x46, 0xF2, 0x89, 0xF6, 0x89, 0xF7, 0x34, 0xF3,
    0x56, 0xF4, 0x45, 0xF3, 0x67, 0xF3, 0x8A, 0xF6,
    0x89, 0xF4, 0x68, 0xF2, 0x56, 0xF2, 0x24, 0xF0,
    0x68, 0xF3, 0x79, 0xF3, 0x7A, 0xF3, 0x68, 0xF1,
    0x79, 0xF2, 0x69, 0xF1, 0x68, 0xF2, 0x57, 0xF1,
    0x7A, 0xF3, 0x8A, 0xF3, 0x8B, 0xF3, 0x9C, 0xF4,
    0x8B, 0xF4, 0x9C, 0xF4, 0x8C, 0xF1, 0x7B, 0xF1,
    0x9E, 0xF2, 0xAE, 0xF3, 0x9B, 0xF5, 0x32, 0xF2,
    0x42, 0xF3, 0x43, 0xF4, 0x43, 0xF4, 0x32, 0xF4,
    0x33, 0xF4, 0x23, 0xF3, 0x23, 0xF3, 0x23, 0xF3,
    0x23, 0xF4, 0x33, 0xF4, 0x23, 0xF4, 0x35, 0xF6,
    0x46, 0xF8, 0x46, 0xF8, 0x36, 0xF7, 0x57, 0xF8,
    0x56, 0xF8, 0x34, 0xF6, 0x23, 0xF5, 0x56, 0xF6,
    0x56, 0xF7, 0x56, 0xF6, 0x67, 0xF7, 0x56, 0xF6,
    0x99, 0xFA, 0x88, 0xF8, 0x78, 0xF8, 0x78, 0xF8,
    0x78, 0xF8, 0x67, 0xF7, 0x56, 0xF6, 0x66, 0xF5,
    0xDD, 0xFC, 0xBC, 0xFB, 0x23, 0xF3, 0x34, 0xF5,
    0x34, 0xF5, 0x44, 0xF5, 0x35, 0xF6, 0x24, 0xF5,
    0x14, 0xF6, 0x14, 0xF6, 0x13, 0xF6, 0x03, 0xF6,
    0x03, 0xF6, 0x13, 0xF5, 0x24, 0xF6, 0x34, 0xF5,
    0x67, 0xF7, 0x45, 0xF5, 0x12, 0xF3, 0x24, 0xF5,
    0x9A, 0xFA, 0xCC, 0xFC, 0xCC, 0xFB, 0xCD, 0xFC,
    0xCD, 0xFB, 0x66, 0xF5, 0x51, 0xF1, 0x51, 0xF2,
    0x41, 0xF1, 0x61, 0xF0, 0x90, 0xF0, 0xB0, 0xF0,
    0x82, 0xF0, 0x94, 0xF1, 0x93, 0xF0, 0xB5, 0xF1,
    0xD6, 0xF2, 0xD6, 0xF2, 0xD7, 0xF3, 0xD9, 0xF4,
    0xC8, 0xF4, 0xC7, 0xF3, 0xC4, 0xF1, 0x93, 0xF0,
    0x83, 0xF0, 0x93, 0xF2, 0xB3, 0xF3, 0xD4, 0xF2,
    0xE5, 0xF1, 0xE5, 0xF0, 0xE5, 0xF1, 0xD5, 0xF0,
    0xE4, 0xF0, 0xE4, 0xF0, 0xD5, 0xF1, 0xD5, 0xF1,
    0xD5, 0xF0, 0xD5, 0xF1, 0xE5, 0xF2, 0xE6, 0xF2,
    0xE5, 0xF1, 0xD5, 0xF2, 0xC7, 0xF5, 0xDB, 0xFB,
    0xBC, 0xFB, 0xBC, 0xFB, 0xBC, 0xFB, 0xBC, 0xFB,
    0xAB, 0xFB, 0xBB, 0xFB, 0xBB, 0xFA, 0xBC, 0xFA,
    0xBB, 0xFA, 0xBC, 0xFB, 0xBB, 0xFB, 0xBB, 0xFA,
    0xBB, 0xFA, 0xBB, 0xFA, 0xCB, 0xF9, 0xDC, 0xF8,
    0xDC, 0xF8, 0xCB, 0xF8, 0xCC, 0xF8, 0xDC, 0xF8,
    0xDC, 0xF8, 0xCC, 0xF9, 0xBB, 0xFA, 0xBB, 0xFA,
    0xBB, 0xFA, 0xBB, 0xFA, 0xBB, 0xFA, 0xBC, 0xFB,
    0xBB, 0xFB, 0xBB, 0xFB, 0xBC, 0xFB, 0xBC, 0xFD,
    0x56, 0xF7, 0x01, 0xF5, 0x01, 0xF4, 0x01, 0xF4,
    0x11, 0xF6, 0x21, 0xF3, 0x86, 0xF0, 0xEC, 0xF1,
    0xEC, 0xF0, 0xDC, 0xF0, 0xED, 0xF0, 0xEE, 0xF0,
    0xEE, 0xF0, 0xED, 0xF0, 0xDC, 0xF0, 0xDC, 0xF0,
    0xDC, 0xF0, 0xDD, 0xF0, 0xEF, 0xF0, 0xEF, 0xF0,
    0xEF, 0xF0, 0xEF, 0xF0, 0xEF, 0xF0, 0xEF, 0xF0,
    0xEF, 0xF0, 0xEF, 0xF0, 0xEF, 0xF0, 0xEF, 0xF0,
    0xEF, 0xF0, 0xEF, 0xF0, 0xBC, 0xF1, 0x79, 0xF8,
    0x4A, 0xFC, 0x4C, 0xFD, 0x4C, 0xFE, 0x5C, 0xFF,
    0x7D, 0xFE, 0xAE, 0xFE, 0xBC, 0xFC, 0xBB, 0xFB,
    0xBB, 0xFA, 0xBB, 0xFA, 0xBB, 0xFA, 0xBB, 0xFA,
    0xBA, 0xFA, 0xAA, 0xF9, 0xAA, 0xF9, 0x99, 0xF9,
    0xAA, 0xF9, 0x99, 0xF8, 0xAA, 0xF9, 0x99, 0xF9,
    0x45, 0xF6, 0x12, 0xF5, 0x12, 0xF6, 0x12, 0xF6,
    0x22, 0xF6, 0x22, 0xF6, 0x22, 0xF6, 0x23, 0xF7,
    0x23, 0xF6, 0x23, 0xF6, 0x23, 0xF6, 0x23, 0xF6,
    0x23, 0xF6, 0x23, 0xF6, 0x23, 0xF6, 0x23, 0xF6,
    0x23, 0xF6, 0x34, 0xF7, 0x35, 0xF8, 0x35, 0xF9,
    0x35, 0xF9, 0x35, 0xF9, 0x35, 0xF8, 0x34, 0xF8,
    0x23, 0xF6, 0x23, 0xF6, 0x23, 0xF5, 0x45, 0xF7,
    0x46, 0xF7, 0x46, 0xF8, 0x36, 0xF8, 0x35, 0xF9,
    0x35, 0xF9, 0x34, 0xF8, 0x24, 0xF7, 0x46, 0xF9,
    0x45, 0xF9, 0x34, 0xF8, 0x34, 0xF7, 0x34, 0xF7,
    0x23, 0xF4, 0x23, 0xF3, 0x23, 0xF2, 0x24, 0xF1,
    0x46, 0xF2, 0x57, 0xF3, 0x45, 0xF2, 0x67, 0xF4,
    0x9B, 0xF7, 0xBC, 0xF8, 0x9B, 0xF6, 0x8A, 0xF4,
    0x8A, 0xF4, 0x89, 0xF4, 0x89, 0xF5, 0x56, 0xF4,
    0x45, 0xF2, 0x8A, 0xF5, 0x9B, 0xF5, 0x9B, 0xF5,
    0x7A, 0xF3, 0x8A, 0xF4, 0x9B, 0xF5, 0x9B, 0xF4,
    0x8A, 0xF3, 0x7A, 0xF2, 0x7A, 0xF2, 0x9C, 0xF4,
    0x9B, 0xF4, 0x9C, 0xF3, 0x8B, 0xF1, 0x8C, 0xF2,
    0xAD, 0xF3, 0xAE, 0xF2, 0xAC, 0xF4, 0x45, 0xF2,
    0x42, 0xF3, 0x43, 0xF4, 0x43, 0xF4, 0x43, 0xF4,
    0x54, 0xF4, 0x43, 0xF3, 0x43, 0xF4, 0x44, 0xF4,
    0x33, 0xF3, 0x33, 0xF4, 0x23, 0xF3, 0x33, 0xF4,
    0x45, 0xF6, 0x46, 0xF8, 0x45, 0xF7, 0x56, 0xF8,
    0x46, 0xF8, 0x34, 0xF6, 0x34, 0xF6, 0x56, 0xF7,
    0x67, 0xF8, 0x67, 0xF8, 0x57, 0xF7, 0x57, 0xF7,
    0x67, 0xF7, 0x88, 0xF8, 0x78, 0xF8, 0x68, 0xF8,
    0x67, 0xF8, 0x78, 0xF8, 0x67, 0xF6, 0x55, 0xF5,
    0xDE, 0xFD, 0xAB, 0xFB, 0x34, 0xF4, 0x45, 0xF5,
    0x34, 0xF5, 0x23, 0xF4, 0x13, 0xF4, 0x12, 0xF4,
    0x12, 0xF4, 0x12, 0xF4, 0x02, 0xF4, 0x02, 0xF4,
    0x02, 0xF5, 0x13, 0xF5, 0x34, 0xF6, 0x44, 0xF5,
    0x78, 0xF8, 0x12, 0xF2, 0x12, 0xF3, 0x23, 0xF4,
    0x89, 0xF9, 0xCD, 0xFC, 0xDD, 0xFC, 0xCE, 0xFC,
    0xCC, 0xFB, 0x42, 0xF2, 0x61, 0xF1, 0x61, 0xF1,
    0x41, 0xF1, 0x31, 0xF1, 0x71, 0xF1, 0x91, 0xF1,
    0xA5, 0xF3, 0xA6, 0xF3, 0xA5, 0xF1, 0xC6, 0xF2,
    0xD6, 0xF2, 0xD7, 0xF2, 0xD8, 0xF3, 0xD9, 0xF4,
    0xD9, 0xF4, 0xD8, 0xF4, 0xC7, 0xF3, 0xA6, 0xF3,
    0xA7, 0xF5, 0xB9, 0xF7, 0xA7, 0xF6, 0xA5, 0xF3,
    0xC6, 0xF2, 0xD6, 0xF1, 0xC5, 0xF0, 0xD4, 0xF1,
    0xE3, 0xF0, 0xE4, 0xF0, 0xE5, 0xF0, 0xE4, 0xF0,
    0xD4, 0xF0, 0xD5, 0xF1, 0xD6, 0xF2, 0xD5, 0xF1,
    0xD5, 0xF1, 0xD5, 0xF1, 0xD5, 0xF3, 0xDA, 0xF9,
    0xCC, 0xFC, 0xBC, 0xFB, 0xBC, 0xFB, 0xBC, 0xFB,
    0xBC, 0xFB, 0xBB, 0xFB, 0xBC, 0xFB, 0xBB, 0xFA,
    0xBB, 0xFA, 0xBB, 0xFB, 0xAB, 0xFB, 0xBB, 0xFA,
    0xBB, 0xFA, 0xBB, 0xF9, 0xCC, 0xF9, 0xDC, 0xF8,
    0xCC, 0xF8, 0xCC, 0xF9, 0xCC, 0xF8, 0xDC, 0xF9,
    0xCB, 0xF9, 0xBB, 0xF9, 0xBB, 0xFB, 0xBB, 0xFB,
    0xBB, 0xFA, 0xBB, 0xFA, 0xBB, 0xFA, 0xBB, 0xFA,
    0xBB, 0xFB, 0xBB, 0xFB, 0xBC, 0xFC, 0x79, 0xFA,
    0x15, 0xF8, 0x03, 0xF6, 0x01, 0xF4, 0x01, 0xF4,
    0x11, 0xF4, 0x42, 0xF1, 0xA8, 0xF0, 0xDB, 0xF0,
    0xDC, 0xF0, 0xDC, 0xF0, 0xED, 0xF0, 0xDD, 0xF0,
    0xEE, 0xF0, 0xEE, 0xF0, 0xEE, 0xF0, 0xEF, 0xF0,
    0xEF, 0xF0, 0xEF, 0xF0, 0xEF, 0xF0, 0xEF, 0xF0,
    0xEF, 0xF0, 0xEF, 0xF0, 0xEF, 0xF0, 0xEF, 0xF0,
    0xEF, 0xF0, 0xEF, 0xF0, 0xEF, 0xF0, 0xEF, 0xF0,
    0xEF, 0xF0, 0xEF, 0xF0, 0xDD, 0xF1, 0x77, 0xF4,
    0x59, 0xFB, 0x4B, 0xFD, 0x3B, 0xFD, 0x5C, 0xFF,
    0x6C, 0xFE, 0x7C, 0xFD, 0xAD, 0xFD, 0xBB, 0xFB,
    0xBB, 0xFA, 0xBC, 0xFB, 0xBB, 0xFB, 0xCB, 0xFB,
    0xCB, 0xFB, 0xBB, 0xFA, 0xCC, 0xFB, 0xCC, 0xFB,
    0xCC, 0xFB, 0xDD, 0xFC, 0xCC, 0xFC, 0xCC, 0xFC,
    0xAA, 0xFA, 0x35, 0xF6, 0x22, 0xF7, 0x12, 0xF7,
    0x23, 0xF7, 0x23, 0xF6, 0x23, 0xF7, 0x23, 0xF7,
    0x23, 0xF7, 0x23, 0xF7, 0x23, 0xF6, 0x23, 0xF7,
    0x23, 0xF6, 0x23, 0xF6, 0x23, 0xF6, 0x23, 0xF7,
    0x23, 0xF7, 0x23, 0xF7, 0x23, 0xF7, 0x23, 0xF7,
    0x23, 0xF7, 0x23, 0xF7, 0x23, 0xF6, 0x23, 0xF6,
    0x23, 0xF5, 0x23, 0xF5, 0x23, 0xF4, 0x33, 0xF4,
    0x45, 0xF6, 0x46, 0xF7, 0x35, 0xF7, 0x35, 0xF8,
    0x46, 0xF9, 0x35, 0xF8, 0x34, 0xF8, 0x45, 0xF9,
    0x45, 0xF9, 0x34, 0xF7, 0x23, 0xF5, 0x33, 0xF5,
    0x23, 0xF3, 0x23, 0xF3, 0x23, 0xF3, 0x24, 0xF2,
    0x78, 0xF4, 0x8A, 0xF4, 0x9B, 0xF5, 0x78, 0xF3,
    0x67, 0xF3, 0x79, 0xF4, 0x9A, 0xF5, 0x9A, 0xF4,
    0x9A, 0xF5, 0xAB, 0xF6, 0xAB, 0xF7, 0x77, 0xF4,
    0x56, 0xF3, 0x78, 0xF4, 0x68, 0xF3, 0x46, 0xF2,
    0x68, 0xF2, 0x79, 0xF3, 0x8A, 0xF3, 0x79, 0xF2,
    0x7A, 0xF2, 0x8A, 0xF3, 0x9B, 0xF4, 0x9B, 0xF4,
    0x9B, 0xF4, 0x9C, 0xF3, 0x9B, 0xF2, 0x7A, 0xF1,
    0x7A, 0xF1, 0x9C, 0xF2, 0xAD, 0xF3, 0x89, 0xF4,
    0x32, 0xF2, 0x43, 0xF3, 0x43, 0xF4, 0x43, 0xF4,
    0x54, 0xF4, 0x43, 0xF3, 0x53, 0xF3, 0x54, 0xF4,
    0x43, 0xF3, 0x55, 0xF4, 0x33, 0xF3, 0x44, 0xF4,
    0x33, 0xF3, 0x45, 0xF6, 0x45, 0xF6, 0x45, 0xF7,
    0x45, 0xF7, 0x34, 0xF5, 0x34, 0xF5, 0x56, 0xF7,
    0x56, 0xF7, 0x57, 0xF8, 0x57, 0xF7, 0x46, 0xF6,
    0x55, 0xF5, 0x78, 0xF8, 0x66, 0xF7, 0x67, 0xF7,
    0x89, 0xF9, 0x88, 0xF8, 0x67, 0xF6, 0x45, 0xF4,
    0x55, 0xF5, 0x34, 0xF4, 0x33, 0xF4, 0x34, 0xF5,
    0x45, 0xF6, 0x56, 0xF7, 0x67, 0xF8, 0x88, 0xF9,
    0x89, 0xFA, 0x89, 0xFA, 0x78, 0xF9, 0x67, 0xF8,
    0x45, 0xF6, 0x23, 0xF5, 0x23, 0xF4, 0x34, 0xF5,
    0x77, 0xF7, 0x12, 0xF1, 0x12, 0xF2, 0x12, 0xF2,
    0x67, 0xF6, 0xCC, 0xFB, 0xCC, 0xFB, 0xCC, 0xFB,
    0xBB, 0xFA, 0x50, 0xF1, 0x61, 0xF1, 0x71, 0xF1,
    0x61, 0xF1, 0x31, 0xF0, 0x51, 0xF1, 0x93, 0xF2,
    0xB5, 0xF4, 0xB4, 0xF1, 0xD6, 0xF2, 0xE7, 0xF2,
    0xD6, 0xF1, 0xD7, 0xF1, 0xE7, 0xF2, 0xD8, 0xF3,
    0xD8, 0xF3, 0xD8, 0xF3, 0xD8, 0xF4, 0xB9, 0xF5,
    0xA9, 0xF5, 0xBA, 0xF7, 0xB9, 0xF6, 0xA8, 0xF5,
    0xA6, 0xF3, 0xA5, 0xF1, 0xA4, 0xF1, 0xA3, 0xF0,
    0xC3, 0xF0, 0xE3, 0xF0, 0xD4, 0xF0, 0xD4, 0xF0,
    0xC3, 0xF0, 0xE5, 0xF1, 0xD6, 0xF2, 0xD5, 0xF2,
    0xD5, 0xF1, 0xD4, 0xF1, 0xD5, 0xF2, 0xD8, 0xF6,
    0xCB, 0xFA, 0xBC, 0xFB, 0xBC, 0xFB, 0xBC, 0xFA,
    0xBC, 0xFB, 0xBB, 0xFB, 0xAB, 0xFA, 0xAB, 0xFA,
    0xBB, 0xFB, 0xBC, 0xFB, 0xBB, 0xFB, 0xBB, 0xFA,
    0xBB, 0xF9, 0xCC, 0xF9, 0xCC, 0xF8, 0xCC, 0xF8,
    0xCB, 0xF9, 0xCB, 0xF8, 0xDC, 0xF9, 0xBB, 0xF8,
    0xBB, 0xF9, 0xBB, 0xFB, 0xBB, 0xFB, 0xBB, 0xFB,
    0xAB, 0xFA, 0xBB, 0xFB, 0xBB, 0xFA, 0xAA, 0xFA,
    0xBB, 0xFB, 0xBB, 0xFB, 0xAC, 0xFB, 0x37, 0xF9,
    0x28, 0xFB, 0x16, 0xF9, 0x02, 0xF3, 0x11, 0xF2,
    0x21, 0xF1, 0x75, 0xF0, 0xC9, 0xF0, 0xDB, 0xF0,
    0xDA, 0xF0, 0xDB, 0xF0, 0xED, 0xF0, 0xDD, 0xF0,
    0xEE, 0xF0, 0xEE, 0xF0, 0xEE, 0xF0, 0xEF, 0xF0,
    0xEF, 0xF0, 0xEF, 0xF0, 0xEF, 0xF0, 0xEF, 0xF0,
    0xEF, 0xF0, 0xEF, 0xF0, 0xEF, 0xF0, 0xEF, 0xF0,
    0xEF, 0xF0, 0xEF, 0xF0, 0xEF, 0xF0, 0xEF, 0xF0,
    0xEF, 0xF0, 0xEF, 0xF0, 0xEE, 0xF0, 0x98, 0xF1,
    0x79, 0xF9, 0x4A, 0xFC, 0x4C, 0xFE, 0x5C, 0xFF,
    0x4B, 0xFD, 0x5C, 0xFC, 0x9E, 0xFE, 0xAB, 0xFB,
    0xBB, 0xFB, 0xBB, 0xFA, 0xBB, 0xFA, 0xBB, 0xFA,
    0xBB, 0xFB, 0xBC, 0xFB, 0xCC, 0xFB, 0xCC, 0xFB,
    0xCC, 0xFB, 0xBC, 0xFA, 0xCC, 0xFB, 0xCC, 0xFB,
    0xBC, 0xFB, 0x78, 0xF9, 0x22, 0xF6, 0x12, 0xF7,
    0x13, 0xF7, 0x13, 0xF7, 0x23, 0xF7, 0x23, 0xF7,
    0x23, 0xF7, 0x23, 0xF7, 0x23, 0xF7, 0x23, 0xF7,
    0x23, 0xF7, 0x23, 0xF7, 0x23, 0xF7, 0x24, 0xF7,
    0x34, 0xF7, 0x24, 0xF7, 0x24, 0xF7, 0x24, 0xF7,
    0x24, 0xF7, 0x23, 0xF7, 0x23, 0xF6, 0x33, 0xF6,
    0x33, 0xF6, 0x33, 0xF5, 0x23, 0xF4, 0x23, 0xF4,
    0x34, 0xF4, 0x45, 0xF6, 0x45, 0xF7, 0x45, 0xF8,
    0x45, 0xF8, 0x35, 0xF8, 0x24, 0xF7, 0x45, 0xF9,
    0x34, 0xF7, 0x23, 0xF5, 0x23, 0xF4, 0x33, 0xF3,
    0x33, 0xF3, 0x24, 0xF3, 0x23, 0xF3, 0x24, 0xF2,
    0x57, 0xF3, 0x9A, 0xF4, 0x9B, 0xF4, 0x89, 0xF4,
    0x45, 0xF1, 0x46, 0xF2, 0x89, 0xF4, 0x8A, 0xF4,
    0x9B, 0xF5, 0x99, 0xF5, 0xAA, 0xF6, 0x78, 0xF5,
    0x55, 0xF2, 0x56, 0xF1, 0x78, 0xF3, 0x89, 0xF4,
    0x46, 0xF1, 0x68, 0xF2, 0x7A, 0xF3, 0x8B, 0xF3,
    0x8B, 0xF3, 0x9C, 0xF4, 0x9B, 0xF4, 0x8A, 0xF3,
    0x8B, 0xF3, 0x8B, 0xF2, 0x9B, 0xF2, 0x9C, 0xF3,
    0x9C, 0xF2, 0x9C, 0xF2, 0x9B, 0xF3, 0xBC, 0xF5,
    0x66, 0xF3, 0x43, 0xF3, 0x43, 0xF4, 0x43, 0xF4,
    0x54, 0xF4, 0x53, 0xF4, 0x53, 0xF3, 0x64, 0xF4,
    0x43, 0xF2, 0x64, 0xF4, 0x43, 0xF2, 0x54, 0xF4,
    0x43, 0xF3, 0x55, 0xF4, 0x44, 0xF4, 0x34, 0xF4,
    0x23, 0xF4, 0x23, 0xF4, 0x33, 0xF4, 0x55, 0xF6,
    0x56, 0xF7, 0x57, 0xF8, 0x46, 0xF7, 0x46, 0xF7,
    0x45, 0xF5, 0x78, 0xF8, 0x88, 0xF8, 0x9A, 0xFA,
    0x78, 0xF8, 0x66, 0xF6, 0x77, 0xF6, 0x78, 0xF7,
    0x66, 0xF6, 0x78, 0xF8, 0x67, 0xF8, 0x67, 0xF8,
    0x67, 0xF8, 0x67, 0xF7, 0x56, 0xF6, 0x55, 0xF5,
    0x34, 0xF4, 0x23, 0xF3, 0x12, 0xF3, 0x12, 0xF3,
    0x12, 0xF3, 0x12, 0xF3, 0x22, 0xF4, 0x23, 0xF4,
    0x33, 0xF3, 0x34, 0xF3, 0x34, 0xF4, 0x45, 0xF4,
    0x89, 0xF8, 0xCC, 0xFB, 0xCC, 0xFB, 0xCD, 0xFC,
    0xBB, 0xFA, 0x50, 0xF1, 0x60, 0xF1, 0x91, 0xF2,
    0xA1, 0xF2, 0x61, 0xF0, 0x72, 0xF1, 0x92, 0xF1,
    0xD4, 0xF2, 0xD5, 0xF2, 0xE6, 0xF2, 0xE6, 0xF2,
    0xD6, 0xF0, 0xD5, 0xF0, 0xD5, 0xF1, 0xD5, 0xF1,
    0xE6, 0xF0, 0xD6, 0xF1, 0xD8, 0xF4, 0xD9, 0xF6,
    0xC9, 0xF6, 0xCA, 0xF6, 0xC9, 0xF5, 0xB8, 0xF5,
    0xC9, 0xF6, 0xC8, 0xF5, 0xD8, 0xF4, 0xD7, 0xF3,
    0xD5, 0xF0, 0xD4, 0xF0, 0xC4, 0xF0, 0xE5, 0xF0,
    0xC3, 0xF0, 0xE5, 0xF2, 0xD6, 0xF3, 0xD6, 0xF3,
    0xD5, 0xF2, 0xD4, 0xF0, 0xD4, 0xF1, 0xC6, 0xF4,
    0xCA, 0xF9, 0xAB, 0xFA, 0xAB, 0xFB, 0xAB, 0xFA,
    0xBB, 0xFB, 0xAB, 0xFA, 0xAB, 0xFA, 0xAB, 0xFA,
    0xAB, 0xFA, 0xAB, 0xFA, 0xBB, 0xFA, 0xBB, 0xFA,
    0xCC, 0xF8, 0xCC, 0xF8, 0xCC, 0xF9, 0xCB, 0xF9,
    0xCB, 0xF8, 0xDC, 0xF8, 0xCC, 0xF8, 0xBB, 0xF9,
    0xAB, 0xFA, 0xAB, 0xFA, 0xAB, 0xFA, 0xBB, 0xFB,
    0xBB, 0xFA, 0xBB, 0xFA, 0xBB, 0xFA, 0xBB, 0xFA,
    0xBB, 0xFB, 0xBB, 0xFA, 0x9B, 0xFB, 0x05, 0xF7,
    0x3A, 0xFC, 0x4A, 0xFB, 0x46, 0xF6, 0x31, 0xF0,
    0x51, 0xF0, 0x85, 0xF0, 0xB8, 0xF0, 0xDA, 0xF0,
    0xDB, 0xF0, 0xEC, 0xF0, 0xEE, 0xF0, 0xEE, 0xF0,
    0xEF, 0xF0, 0xEE, 0xF0, 0xDD, 0xF0, 0xDE, 0xF0,
    0xEE, 0xF0, 0xEF, 0xF0, 0xEF, 0xF0, 0xEF, 0xF0,
    0xEF, 0xF0, 0xEF, 0xF0, 0xEF, 0xF0, 0xEF, 0xF0,
    0xEF, 0xF0, 0xEF, 0xF0, 0xEF, 0xF0, 0xEF, 0xF0,
    0xEF, 0xF0, 0xEF, 0xF0, 0xEF, 0xF0, 0xBA, 0xF0,
    0x79, 0xF8, 0x6B, 0xFD, 0x5C, 0xFE, 0x6C, 0xFF,
    0x4B, 0xFD, 0x3B, 0xFC, 0x9E, 0xFF, 0x9C, 0xFC,
    0xBB, 0xFA, 0xBB, 0xFA, 0xCB, 0xFA, 0xBB, 0xFA,
    0xBB, 0xFB, 0xBB, 0xFB, 0xBB, 0xFB, 0xBB, 0xFA,
    0xBB, 0xFA, 0xCC, 0xFB, 0xCC, 0xFB, 0xCD, 0xFB,
    0xCD, 0xFC, 0xAA, 0xFB, 0x44, 0xF7, 0x22, 0xF7,
    0x13, 0xF8, 0x13, 0xF7, 0x13, 0xF7, 0x13, 0xF7,
    0x23, 0xF7, 0x23, 0xF7, 0x23, 0xF7, 0x23, 0xF7,
    0x24, 0xF7, 0x23, 0xF7, 0x23, 0xF7, 0x23, 0xF7,
    0x23, 0xF7, 0x23, 0xF7, 0x23, 0xF7, 0x23, 0xF7,
    0x24, 0xF7, 0x34, 0xF7, 0x34, 0xF7, 0x34, 0xF7,
    0x33, 0xF6, 0x33, 0xF6, 0x23, 0xF5, 0x33, 0xF5,
    0x33, 0xF3, 0x34, 0xF5, 0x45, 0xF6, 0x45, 0xF7,
    0x45, 0xF7, 0x34, 0xF7, 0x23, 0xF6, 0x34, 0xF7,
    0x23, 0xF5, 0x23, 0xF3, 0x34, 0xF3, 0x34, 0xF2,
    0x34, 0xF2, 0x24, 0xF2, 0x23, 0xF3, 0x23, 0xF3,
    0x35, 0xF2, 0x79, 0xF4, 0x9C, 0xF5, 0x9B, 0xF5,
    0x78, 0xF4, 0x34, 0xF0, 0x56, 0xF2, 0x68, 0xF3,
    0x78, 0xF3, 0x89, 0xF4, 0xAB, 0xF6, 0xBB, 0xF7,
    0x89, 0xF4, 0x89, 0xF3, 0x9A, 0xF5, 0x9A, 0xF5,
    0x78, 0xF3, 0x68, 0xF3, 0x68, 0xF2, 0x69, 0xF2,
    0x79, 0xF1, 0x68, 0xF1, 0x69, 0xF1, 0x79, 0xF0,
    0x8A, 0xF1, 0x8A, 0xF1, 0x8A, 0xF1, 0x9C, 0xF3,
    0x9C, 0xF3, 0x9B, 0xF3, 0xAC, 0xF3, 0xBD, 0xF4,
    0xAA, 0xF5, 0x33, 0xF2, 0x43, 0xF4, 0x43, 0xF3,
    0x54, 0xF3, 0x54, 0xF4, 0x53, 0xF3, 0x64, 0xF4,
    0x43, 0xF3, 0x64, 0xF4, 0x43, 0xF2, 0x64, 0xF4,
    0x43, 0xF3, 0x55, 0xF4, 0x55, 0xF4, 0x54, 0xF5,
    0x33, 0xF4, 0x34, 0xF5, 0x44, 0xF5, 0x44, 0xF5,
    0x45, 0xF6, 0x56, 0xF7, 0x56, 0xF8, 0x46, 0xF7,
    0x66, 0xF6, 0x99, 0xF9, 0x99, 0xF9, 0x77, 0xF7,
    0x77, 0xF7, 0x78, 0xF7, 0x66, 0xF5, 0x88, 0xF8,
    0x22, 0xF2, 0x11, 0xF2, 0x12, 0xF2, 0x12, 0xF2,
    0x12, 0xF2, 0x12, 0xF2, 0x12, 0xF2, 0x12, 0xF2,
    0x12, 0xF2, 0x12, 0xF2, 0x12, 0xF2, 0x12, 0xF2,
    0x12, 0xF2, 0x12, 0xF2, 0x22, 0xF3, 0x22, 0xF3,
    0xAA, 0xFA, 0xBC, 0xFB, 0xBC, 0xFB, 0xCC, 0xFC,
    0xCC, 0xFB, 0xBB, 0xFA, 0xBC, 0xFB, 0xBC, 0xFB,
    0x87, 0xF7, 0x41, 0xF2, 0x51, 0xF1, 0x91, 0xF1,
    0xC2, 0xF2, 0x92, 0xF2, 0x92, 0xF2, 0xB2, 0xF1,
    0xE5, 0xF2, 0xD3, 0xF0, 0xE4, 0xF0, 0xE5, 0xF1,
    0xE5, 0xF1, 0xE5, 0xF1, 0xE5, 0xF0, 0xD4, 0xF0,
    0xD4, 0xF0, 0xE6, 0xF1, 0xD7, 0xF3, 0xD8, 0xF4,
    0xD8, 0xF4, 0xD8, 0xF3, 0xD7, 0xF2, 0xD8, 0xF4,
    0xD9, 0xF5, 0xD8, 0xF4, 0xD8, 0xF3, 0xD7, 0xF1,
    0xD6, 0xF0, 0xD5, 0xF0, 0xD5, 0xF0, 0xE6, 0xF0,
    0xC2, 0xF0, 0xE4, 0xF3, 0xD5, 0xF3, 0xC5, 0xF3,
    0xD5, 0xF2, 0xD5, 0xF1, 0xE5, 0xF1, 0xD6, 0xF4,
    0xC9, 0xF7, 0xBB, 0xFA, 0xAC, 0xFB, 0x9A, 0xFA,
    0xAB, 0xFA, 0x9A, 0xF9, 0xAB, 0xFA, 0xAB, 0xFA,
    0xAB, 0xFA, 0xAB, 0xF9, 0xBB, 0xFA, 0xBB, 0xF8,
    0xCC, 0xF7, 0xCB, 0xF7, 0xBA, 0xF8, 0xBB, 0xF8,
    0xCB, 0xF7, 0xDC, 0xF8, 0xBB, 0xF8, 0xAA, 0xF9,
    0x9A, 0xF9, 0x9A, 0xF9, 0xAA, 0xF9, 0xAA, 0xF9,
    0xAB, 0xFB, 0xAB, 0xFA, 0xBB, 0xFA, 0xAB, 0xFA,
    0xBB, 0xFA, 0xAB, 0xFB, 0x79, 0xFA, 0x16, 0xF9,
    0x4B, 0xFD, 0x7C, 0xFD, 0x9A, 0xF9, 0x52, 0xF1,
    0x51, 0xF0, 0x63, 0xF0, 0xA7, 0xF0, 0xC9, 0xF0,
    0xCA, 0xF0, 0xDC, 0xF0, 0xDD, 0xF0, 0xEE, 0xF0,
    0xEE, 0xF0, 0xEE, 0xF0, 0xDD, 0xF0, 0xDC, 0xF0,
    0xDD, 0xF0, 0xEE, 0xF0, 0xEF, 0xF0, 0xEF, 0xF0,
    0xEF, 0xF0, 0xEF, 0xF0, 0xEF, 0xF0, 0xEF, 0xF0,
    0xEF, 0xF0, 0xEF, 0xF0, 0xEF, 0xF0, 0xEF, 0xF0,
    0xEF, 0xF0, 0xEF, 0xF0, 0xEF, 0xF0, 0xDC, 0xF0,
    0x67, 0xF5, 0x5A, 0xFB, 0x4B, 0xFE, 0x5C, 0xFE,
    0x4A, 0xFD, 0x2A, 0xFC, 0x6C, 0xFD, 0x9C, 0xFC,
    0xAB, 0xFB, 0xBB, 0xFA, 0xBB, 0xFA, 0xBB, 0xFB,
    0xBB, 0xFA, 0xAA, 0xFA, 0xAA, 0xF9, 0x99, 0xF9,
    0x9A, 0xF9, 0x9A, 0xF9, 0xAB, 0xFA, 0xBB, 0xFA,
    0xBC, 0xFB, 0xBB, 0xFB, 0x78, 0xF9, 0x22, 0xF6,
    0x12, 0xF7, 0x13, 0xF7, 0x13, 0xF7, 0x23, 0xF7,
    0x23, 0xF7, 0x23, 0xF7, 0x23, 0xF7, 0x23, 0xF7,
    0x23, 0xF7, 0x24, 0xF7, 0x23, 0xF7, 0x23, 0xF7,
    0x23, 0xF7, 0x24, 0xF7, 0x23, 0xF7, 0x23, 0xF7,
    0x23, 0xF7, 0x23, 0xF7, 0x24, 0xF7, 0x34, 0xF7,
    0x34, 0xF7, 0x23, 0xF7, 0x23, 0xF6, 0x34, 0xF6,
    0x33, 0xF4, 0x33, 0xF4, 0x34, 0xF5, 0x34, 0xF5,
    0x44, 0xF6, 0x34, 0xF6, 0x23, 0xF5, 0x23, 0xF4,
    0x23, 0xF3, 0x23, 0xF3, 0x34, 0xF3, 0x24, 0xF2,
    0x34, 0xF3, 0x24, 0xF3, 0x24, 0xF3, 0x23, 0xF3,
    0x24, 0xF2, 0x57, 0xF3, 0x8A, 0xF4, 0x9B, 0xF5,
    0x8A, 0xF6, 0x45, 0xF2, 0x56, 0xF3, 0x79, 0xF6,
    0x89, 0xF5, 0xAB, 0xF6, 0xAB, 0xF6, 0xAB, 0xF6,
    0x9A, 0xF5, 0xAB, 0xF5, 0xAB, 0xF5, 0x89, 0xF4,
    0x56, 0xF1, 0x56, 0xF2, 0x57, 0xF2, 0x58, 0xF1,
    0x68, 0xF1, 0x79, 0xF1, 0x8A, 0xF1, 0x8A, 0xF0,
    0x8A, 0xF0, 0x8A, 0xF0, 0x8B, 0xF2, 0x9C, 0xF2,
    0x9C, 0xF3, 0x9B, 0xF2, 0xAC, 0xF3, 0xAC, 0xF2,
    0xCD, 0xF6, 0x55, 0xF3, 0x43, 0xF4, 0x43, 0xF3,
    0x53, 0xF3, 0x53, 0xF4, 0x43, 0xF3, 0x54, 0xF4,
    0x43, 0xF3, 0x54, 0xF5, 0x33, 0xF2, 0x54, 0xF4,
    0x43, 0xF3, 0x54, 0xF4, 0x65, 0xF5, 0x54, 0xF5,
    0x33, 0xF5, 0x33, 0xF4, 0x44, 0xF4, 0x33, 0xF3,
    0x34, 0xF5, 0x34, 0xF5, 0x45, 0xF6, 0x56, 0xF7,
    0x66, 0xF4, 0x99, 0xF9, 0x99, 0xF9, 0x99, 0xF9,
    0xAA, 0xFA, 0x77, 0xF6, 0x66, 0xF6, 0x9A, 0xF9,
    0x33, 0xF3, 0x22, 0xF2, 0x12, 0xF2, 0x12, 0xF2,
    0x12, 0xF2, 0x12, 0xF2, 0x12, 0xF2, 0x12, 0xF2,
    0x12, 0xF2, 0x12, 0xF2, 0x12, 0xF2, 0x12, 0xF2,
    0x12, 0xF2, 0x12, 0xF2, 0x22, 0xF2, 0x11, 0xF2,
    0x99, 0xF9, 0xBB, 0xFA, 0xBC, 0xFA, 0xCC, 0xFB,
    0xBB, 0xFB, 0xBC, 0xFB, 0xBC, 0xFB, 0xCC, 0xFB,
    0x53, 0xF3, 0x51, 0xF0, 0x61, 0xF0, 0xA2, 0xF1,
    0xC3, 0xF2, 0x93, 0xF2, 0x72, 0xF1, 0xA2, 0xF1,
    0xD4, 0xF1, 0xE3, 0xF0, 0xE2, 0xF0, 0xE3, 0xF0,
    0xE3, 0xF0, 0xE4, 0xF1, 0xE4, 0xF0, 0xE3, 0xF0,
    0xD4, 0xF0, 0xD5, 0xF0, 0xD6, 0xF1, 0xD7, 0xF2,
    0xD6, 0xF2, 0xD6, 0xF1, 0xD6, 0xF1, 0xD7, 0xF2,
    0xD8, 0xF3, 0xD7, 0xF2, 0xD6, 0xF1, 0xD6, 0xF0,
    0xD6, 0xF0, 0xD6, 0xF0, 0xD5, 0xF0, 0xE5, 0xF0,
    0xC2, 0xF0, 0xD3, 0xF2, 0xB4, 0xF3, 0xB5, 0xF3,
    0xB5, 0xF2, 0xD4, 0xF1, 0xE4, 0xF0, 0xE6, 0xF3,
    0xC8, 0xF6, 0xCB, 0xFA, 0xAB, 0xFB, 0x9A, 0xFA,
    0xAB, 0xFA, 0xAB, 0xFA, 0xAB, 0xFA, 0xAB, 0xFA,
    0xAB, 0xF9, 0xBB, 0xF9, 0xBB, 0xF8, 0xCC, 0xF8,
    0xCC, 0xF8, 0xCB, 0xF8, 0xCB, 0xF8, 0xCC, 0xF8,
    0xCC, 0xF8, 0xBB, 0xF7, 0xBB, 0xF9, 0xBB, 0xFA,
    0xAB, 0xFA, 0xAA, 0xF9, 0xAB, 0xFA, 0xAA, 0xFA,
    0xBB, 0xFB, 0xBB, 0xFB, 0xAB, 0xFA, 0xBB, 0xFB,
    0xAB, 0xFB, 0xBB, 0xFC, 0x78, 0xFA, 0x37, 0xFA,
    0x5C, 0xFD, 0x7C, 0xFB, 0xDD, 0xFB, 0x64, 0xF3,
    0x40, 0xF0, 0x63, 0xF0, 0x74, 0xF0, 0x85, 0xF0,
    0xA7, 0xF0, 0xCA, 0xF0, 0xDC, 0xF0, 0xED, 0xF0,
    0xED, 0xF0, 0xED, 0xF0, 0xED, 0xF0, 0xDD, 0xF0,
    0xDD, 0xF0, 0xEE, 0xF0, 0xEE, 0xF0, 0xEF, 0xF0,
    0xEF, 0xF0, 0xEF, 0xF0, 0xEF, 0xF0, 0xEF, 0xF0,
    0xEF, 0xF0, 0xEF, 0xF0, 0xEF, 0xF0, 0xEF, 0xF0,
    0xEF, 0xF0, 0xEF, 0xF0, 0xEF, 0xF0, 0xED, 0xF0,
    0x77, 0xF4, 0x5A, 0xFA, 0x3A, 0xFD, 0x6C, 0xFE,
    0x4A, 0xFD, 0x29, 0xFD, 0x6D, 0xFE, 0x8D, 0xFD,
    0x9B, 0xFB, 0xBB, 0xFA, 0xAA, 0xFA, 0xAB, 0xFA,
    0xBB, 0xFB, 0xCC, 0xFB, 0xBB, 0xFB, 0xBC, 0xFB,
    0xBC, 0xFC, 0xBC, 0xFB, 0xAB, 0xFA, 0xAB, 0xFA,
    0xAA, 0xF9, 0xAA, 0xF9, 0x88, 0xF9, 0x33, 0xF6,
    0x13, 0xF7, 0x12, 0xF7, 0x23, 0xF7, 0x23, 0xF7,
    0x23, 0xF7, 0x23, 0xF7, 0x23, 0xF7, 0x23, 0xF7,
    0x23, 0xF7, 0x23, 0xF7, 0x23, 0xF7, 0x23, 0xF7,
    0x23, 0xF7, 0x23, 0xF7, 0x23, 0xF7, 0x23, 0xF7,
    0x23, 0xF7, 0x23, 0xF7, 0x24, 0xF7, 0x24, 0xF7,
    0x24, 0xF7, 0x23, 0xF7, 0x23, 0xF6, 0x34, 0xF6,
    0x33, 0xF5, 0x33, 0xF4, 0x33, 0xF4, 0x33, 0xF4,
    0x44, 0xF6, 0x33, 0xF5, 0x23, 0xF4, 0x23, 0xF3,
    0x33, 0xF3, 0x34, 0xF3, 0x34, 0xF3, 0x24, 0xF2,
    0x35, 0xF2, 0x24, 0xF2, 0x24, 0xF3, 0x23, 0xF3,
    0x13, 0xF2, 0x24, 0xF2, 0x46, 0xF2, 0x69, 0xF3,
    0x68, 0xF4, 0x34, 0xF2, 0x34, 0xF2, 0x56, 0xF4,
    0x66, 0xF4, 0x89, 0xF5, 0x89, 0xF4, 0x89, 0xF4,
    0x8A, 0xF4, 0x9A, 0xF3, 0x9A, 0xF4, 0xAB, 0xF5,
    0x9A, 0xF5, 0x89, 0xF4, 0x89, 0xF4, 0x89, 0xF3,
    0x79, 0xF2, 0x8A, 0xF2, 0x9A, 0xF2, 0x8A, 0xF1,
    0x8A, 0xF0, 0x7A, 0xF0, 0x8A, 0xF2, 0x8B, 0xF2,
    0x8B, 0xF2, 0xAC, 0xF4, 0x9B, 0xF2, 0xAC, 0xF2,
    0xCE, 0xF7, 0x77, 0xF4, 0x43, 0xF3, 0x33, 0xF4,
    0x43, 0xF4, 0x54, 0xF4, 0x43, 0xF3, 0x54, 0xF4,
    0x43, 0xF3, 0x55, 0xF5, 0x33, 0xF3, 0x54, 0xF4,
    0x43, 0xF3, 0x54, 0xF4, 0x54, 0xF5, 0x43, 0xF5,
    0x33, 0xF5, 0x33, 0xF5, 0x44, 0xF4, 0x43, 0xF3,
    0x54, 0xF4, 0x44, 0xF4, 0x34, 0xF4, 0x45, 0xF5,
    0x66, 0xF4, 0x99, 0xF8, 0x88, 0xF8, 0x88, 0xF8,
    0x77, 0xF7, 0x44, 0xF4, 0x55, 0xF4, 0xAA, 0xFA,
    0x34, 0xF3, 0x22, 0xF1, 0x22, 0xF2, 0x12, 0xF2,
    0x12, 0xF2, 0x22, 0xF1, 0x12, 0xF1, 0x12, 0xF1,
    0x12, 0xF1, 0x11, 0xF1, 0x11, 0xF1, 0x22, 0xF2,
    0x22, 0xF2, 0x22, 0xF1, 0x23, 0xF3, 0x44, 0xF4,
    0xAA, 0xFA, 0xCC, 0xFB, 0xBC, 0xFA, 0xBC, 0xFB,
    0xCC, 0xFC, 0xBC, 0xFA, 0xCC, 0xFB, 0xDC, 0xFB,
    0x51, 0xF1, 0x71, 0xF0, 0xA2, 0xF1, 0xE3, 0xF2,
    0xD3, 0xF2, 0x72, 0xF1, 0x63, 0xF3, 0x91, 0xF2,
    0xD2, 0xF1, 0xE3, 0xF1, 0xE2, 0xF0, 0xE1, 0xF0,
    0xE2, 0xF0, 0xE2, 0xF0, 0xE2, 0xF0, 0xE3, 0xF0,
    0xD3, 0xF0, 0xE3, 0xF0, 0xE4, 0xF0, 0xE4, 0xF0,
    0xE4, 0xF0, 0xD4, 0xF0, 0xD5, 0xF0, 0xD6, 0xF1,
    0xD6, 0xF2, 0xD5, 0xF0, 0xD5, 0xF0, 0xD5, 0xF0,
    0xD5, 0xF0, 0xD5, 0xF0, 0xC4, 0xF0, 0xD4, 0xF0,
    0xE2, 0xF0, 0xC1, 0xF1, 0x93, 0xF1, 0x73, 0xF1,
    0xA4, 0xF1, 0xC3, 0xF0, 0xD2, 0xF0, 0xE4, 0xF1,
    0xC7, 0xF5, 0xCB, 0xF9, 0xAB, 0xFA, 0xAB, 0xFB,
    0xBB, 0xFB, 0xAB, 0xFA, 0xAB, 0xFA, 0xAB, 0xFA,
    0xAA, 0xF9, 0xBB, 0xF8, 0xCC, 0xF7, 0xCC, 0xF8,
    0xCB, 0xF9, 0xCB, 0xF9, 0xCC, 0xF7, 0xDD, 0xF7,
    0xCC, 0xF8, 0xBB, 0xF9, 0xBB, 0xFA, 0xAA, 0xFA,
    0xAB, 0xFA, 0xAA, 0xF9, 0xAB, 0xFA, 0xAA, 0xFA,
    0xAA, 0xFA, 0xAA, 0xFA, 0xAA, 0xFA, 0xBB, 0xFB,
    0xAB, 0xFB, 0xAB, 0xFB, 0x56, 0xF9, 0x5A, 0xFD,
    0x5C, 0xFD, 0x5B, 0xF9, 0xCC, 0xFA, 0x63, 0xF1,
    0x50, 0xF0, 0x73, 0xF0, 0x74, 0xF0, 0x74, 0xF0,
    0x84, 0xF0, 0xA7, 0xF0, 0xCA, 0xF0, 0xDB, 0xF0,
    0xDD, 0xF0, 0xDD, 0xF0, 0xDD, 0xF0, 0xDD, 0xF0,
    0xDD, 0xF0, 0xEE, 0xF0, 0xDE, 0xF0, 0xEE, 0xF0,
    0xEF, 0xF0, 0xEF, 0xF0, 0xEF, 0xF0, 0xEF, 0xF0,
    0xEF, 0xF0, 0xEF, 0xF0, 0xEF, 0xF0, 0xEF, 0xF0,
    0xEF, 0xF0, 0xEF, 0xF0, 0xEF, 0xF0, 0xEE, 0xF0,
    0x88, 0xF2, 0x49, 0xFA, 0x39, 0xFD, 0x5B, 0xFD,
    0x5B, 0xFD, 0x2A, 0xFD, 0x5D, 0xFE, 0x8D, 0xFE,
    0x8B, 0xFB, 0xAA, 0xFA, 0xA9, 0xF9, 0x99, 0xF9,
    0x99, 0xF9, 0xAA, 0xF9, 0xAA, 0xFA, 0xAB, 0xFA,
    0xAB, 0xFA, 0xAB, 0xFA, 0xAB, 0xFA, 0xAB, 0xFA,
    0xBB, 0xFA, 0xDD, 0xFC, 0xBB, 0xFB, 0x78, 0xF9,
    0x12, 0xF6, 0x13, 0xF7, 0x23, 0xF7, 0x23, 0xF7,
    0x23, 0xF7, 0x23, 0xF7, 0x23, 0xF7, 0x23, 0xF7,
    0x23, 0xF7, 0x23, 0xF7, 0x23, 0xF7, 0x23, 0xF7,
    0x23, 0xF7, 0x23, 0xF7, 0x23, 0xF7, 0x23, 0xF6,
    0x23, 0xF6, 0x34, 0xF6, 0x34, 0xF7, 0x34, 0xF7,
    0x34, 0xF7, 0x34, 0xF6, 0x33, 0xF5, 0x34, 0xF6,
    0x33, 0xF6, 0x23, 0xF5, 0x33, 0xF5, 0x33, 0xF4,
    0x33, 0xF4, 0x33, 0xF4, 0x33, 0xF4, 0x33, 0xF4,
    0x33, 0xF4, 0x45, 0xF4, 0x34, 0xF3, 0x46, 0xF4,
    0x46, 0xF3, 0x25, 0xF2, 0x24, 0xF2, 0x24, 0xF2,
    0x24, 0xF3, 0x23, 0xF3, 0x35, 0xF2, 0x57, 0xF1,
    0x46, 0xF2, 0x23, 0xF1, 0x23, 0xF2, 0x22, 0xF3,
    0x23, 0xF2, 0x34, 0xF1, 0x46, 0xF1, 0x57, 0xF1,
    0x78, 0xF2, 0x89, 0xF2, 0x9A, 0xF3, 0xAA, 0xF4,
    0x89, 0xF3, 0x78, 0xF3, 0x89, 0xF3, 0x89, 0xF2,
    0x89, 0xF2, 0x89, 0xF2, 0x8A, 0xF2, 0x9A, 0xF3,
    0x9A, 0xF2, 0x9B, 0xF2, 0x9B, 0xF3, 0x8B, 0xF2,
    0x8B, 0xF1, 0x8B, 0xF3, 0x8B, 0xF2, 0xAC, 0xF3,
    0xCE, 0xF7, 0x9A, 0xF6, 0x44, 0xF3, 0x33, 0xF4,
    0x43, 0xF4, 0x54, 0xF5, 0x43, 0xF3, 0x54, 0xF4,
    0x43, 0xF3, 0x55, 0xF5, 0x33, 0xF3, 0x54, 0xF4,
    0x43, 0xF3, 0x54, 0xF3, 0x54, 0xF4, 0x33, 0xF4,
    0x33, 0xF5, 0x33, 0xF5, 0x44, 0xF4, 0x44, 0xF4,
    0x54, 0xF4, 0x55, 0xF4, 0x44, 0xF4, 0x44, 0xF4,
    0x77, 0xF6, 0x88, 0xF7, 0x67, 0xF6, 0x45, 0xF5,
    0x23, 0xF2, 0x23, 0xF3, 0x33, 0xF3, 0x88, 0xF8,
    0x33, 0xF3, 0x44, 0xF3, 0x45, 0xF4, 0x56, 0xF5,
    0x66, 0xF6, 0x67, 0xF6, 0x78, 0xF7, 0x78, 0xF7,
    0x99, 0xF8, 0xAA, 0xF9, 0xBC, 0xFB, 0xAB, 0xFA,
    0xBB, 0xFA, 0xBC, 0xFB, 0xBC, 0xFB, 0xBC, 0xFB,
    0xBC, 0xFB, 0xBC, 0xFB, 0xBC, 0xFB, 0xCC, 0xFB,
    0xBC, 0xFB, 0xBC, 0xFB, 0xBB, 0xFA, 0xDC, 0xFB,
    0x53, 0xF2, 0x93, 0xF2, 0xB3, 0xF1, 0xD3, 0xF1,
    0xB3, 0xF2, 0x62, 0xF3, 0x42, 0xF2, 0x61, 0xF1,
    0xB1, 0xF0, 0xD1, 0xF1, 0xE1, 0xF1, 0xD1, 0xF0,
    0xC1, 0xF0, 0xD1, 0xF0, 0xE2, 0xF0, 0xE3, 0xF0,
    0xE3, 0xF0, 0xE3, 0xF0, 0xE3, 0xF0, 0xE3, 0xF0,
    0xE3, 0xF0, 0xE4, 0xF0, 0xE4, 0xF0, 0xE4, 0xF1,
    0xE4, 0xF0, 0xD4, 0xF0, 0xE4, 0xF0, 0xD4, 0xF0,
    0xE4, 0xF0, 0xD4, 0xF0, 0xC4, 0xF0, 0xD3, 0xF0,
    0xE2, 0xF0, 0xC1, 0xF0, 0xB3, 0xF3, 0x73, 0xF1,
    0x73, 0xF1, 0xB3, 0xF1, 0xD5, 0xF2, 0xE5, 0xF2,
    0xD5, 0xF3, 0xDA, 0xF9, 0xAB, 0xFA, 0xAB, 0xFB,
    0xAB, 0xFB, 0xAB, 0xFA, 0xAB, 0xF9, 0xBB, 0xF9,
    0xBB, 0xF8, 0xBB, 0xF7, 0xCC, 0xF7, 0xCB, 0xF8,
    0xCB, 0xF8, 0xCC, 0xF7, 0xDC, 0xF6, 0xCC, 0xF7,
    0xBA, 0xF8, 0xAB, 0xFA, 0xAB, 0xFA, 0xAB, 0xFA,
    0xAA, 0xFA, 0xAA, 0xFA, 0xAB, 0xFA, 0xAA, 0xFA,
    0xBB, 0xFB, 0xBB, 0xFA, 0xBB, 0xFA, 0xBB, 0xFB,
    0xAB, 0xFA, 0x9A, 0xFB, 0x03, 0xF5, 0x5A, 0xFD,
    0x3A, 0xFC, 0x6B, 0xF9, 0x9A, 0xF7, 0x62, 0xF0,
    0x50, 0xF0, 0x73, 0xF0, 0x74, 0xF0, 0x74, 0xF0,
    0x84, 0xF0, 0xA7, 0xF0, 0xC9, 0xF0, 0xDB, 0xF0,
    0xDD, 0xF0, 0xEE, 0xF0, 0xDD, 0xF0, 0xDD, 0xF0,
    0xDD, 0xF0, 0xEE, 0xF0, 0xDD, 0xF0, 0xDD, 0xF0,
    0xEE, 0xF0, 0xEF, 0xF0, 0xEF, 0xF0, 0xEF, 0xF0,
    0xEF, 0xF0, 0xEF, 0xF0, 0xEF, 0xF0, 0xEF, 0xF0,
    0xEF, 0xF0, 0xEF, 0xF0, 0xEF, 0xF0, 0xEF, 0xF0,
    0xBB, 0xF1, 0x47, 0xF7, 0x38, 0xFD, 0x4A, 0xFC,
    0x6D, 0xFE, 0x4B, 0xFE, 0x6D, 0xFF, 0x8D, 0xFE,
    0x69, 0xFA, 0xAB, 0xFB, 0xAA, 0xFA, 0xAA, 0xFA,
    0xAA, 0xFA, 0xBB, 0xFA, 0xAA, 0xF9, 0xAA, 0xF9,
    0xBB, 0xFA, 0xBB, 0xFA, 0xBC, 0xFB, 0xBC, 0xFB,
    0xCC, 0xFB, 0xCC, 0xFB, 0xBB, 0xFB, 0x99, 0xFA,
    0x34, 0xF6, 0x12, 0xF7, 0x12, 0xF7, 0x13, 0xF7,
    0x23, 0xF7, 0x23, 0xF7, 0x23, 0xF7, 0x23, 0xF7,
    0x23, 0xF7, 0x23, 0xF7, 0x23, 0xF7, 0x23, 0xF7,
    0x23, 0xF7, 0x23, 0xF7, 0x23, 0xF7, 0x33, 0xF7,
    0x34, 0xF7, 0x23, 0xF6, 0x34, 0xF7, 0x34, 0xF7,
    0x34, 0xF7, 0x33, 0xF7, 0x33, 0xF6, 0x33, 0xF6,
    0x34, 0xF6, 0x44, 0xF6, 0x33, 0xF5, 0x33, 0xF5,
    0x33, 0xF4, 0x23, 0xF4, 0x33, 0xF4, 0x33, 0xF4,
    0x33, 0xF4, 0x45, 0xF5, 0x34, 0xF3, 0x46, 0xF3,
    0x46, 0xF2, 0x46, 0xF2, 0x35, 0xF2, 0x25, 0xF1,
    0x24, 0xF2, 0x24, 0xF2, 0x35, 0xF2, 0x58, 0xF2,
    0x47, 0xF2, 0x46, 0xF2, 0x24, 0xF2, 0x33, 0xF3,
    0x33, 0xF2, 0x56, 0xF3, 0x78, 0xF3, 0x79, 0xF2,
    0x79, 0xF2, 0x89, 0xF3, 0x9A, 0xF4, 0x9B, 0xF4,
    0x78, 0xF2, 0x78, 0xF1, 0x89, 0xF2, 0x8A, 0xF2,
    0x89, 0xF1, 0x89, 0xF1, 0x89, 0xF2, 0x8A, 0xF2,
    0x9B, 0xF2, 0x8B, 0xF1, 0x9B, 0xF2, 0x8B, 0xF1,
    0x8B, 0xF2, 0x8B, 0xF2, 0x8B, 0xF2, 0x9C, 0xF2,
    0xAC, 0xF5, 0x8A, 0xF6, 0x45, 0xF4, 0x32, 0xF4,
    0x43, 0xF4, 0x54, 0xF5, 0x43, 0xF3, 0x64, 0xF4,
    0x43, 0xF3, 0x65, 0xF5, 0x43, 0xF3, 0x64, 0xF4,
    0x43, 0xF3, 0x54, 0xF4, 0x54, 0xF4, 0x33, 0xF3,
    0x33, 0xF4, 0x33, 0xF4, 0x33, 0xF4, 0x43, 0xF4,
    0x54, 0xF4, 0x65, 0xF4, 0x54, 0xF3, 0x54, 0xF4,
    0x99, 0xF8, 0x88, 0xF7, 0x56, 0xF5, 0x12, 0xF2,
    0x12, 0xF2, 0x12, 0xF2, 0x23, 0xF3, 0x77, 0xF7,
    0xCD, 0xFC, 0xEE, 0xFE, 0xEE, 0xFD, 0xEE, 0xFD,
    0xEE, 0xFD, 0xDE, 0xFD, 0xDE, 0xFC, 0xEE, 0xFD,
    0xEF, 0xFE, 0xEE, 0xFD, 0xCD, 0xFB, 0xBB, 0xFA,
    0xBC, 0xFB, 0xBC, 0xFA, 0xBB, 0xFA, 0xBB, 0xFA,
    0xBC, 0xFB, 0xBC, 0xFA, 0xBC, 0xFB, 0xBC, 0xFB,
    0xBB, 0xFA, 0xCC, 0xFB, 0xCC, 0xFB, 0xDD, 0xFC,
    0x53, 0xF2, 0x83, 0xF2, 0xB3, 0xF2, 0xB2, 0xF2,
    0x92, 0xF1, 0x51, 0xF1, 0x51, 0xF2, 0x61, 0xF0,
    0x81, 0xF0, 0xB0, 0xF1, 0xD1, 0xF1, 0xC0, 0xF0,
    0xC2, 0xF1, 0xE2, 0xF0, 0xE3, 0xF1, 0xE2, 0xF0,
    0xE2, 0xF0, 0xE2, 0xF0, 0xE2, 0xF0, 0xE2, 0xF0,
    0xE2, 0xF0, 0xE2, 0xF0, 0xD2, 0xF0, 0xE2, 0xF0,
    0xE2, 0xF0, 0xE2, 0xF0, 0xE3, 0xF0, 0xD3, 0xF0,
    0xE3, 0xF0, 0xD3, 0xF0, 0xD3, 0xF0, 0xD3, 0xF0,
    0xE2, 0xF0, 0xC0, 0xF0, 0xC3, 0xF2, 0x83, 0xF1,
    0x73, 0xF1, 0x93, 0xF1, 0xB4, 0xF1, 0xD5, 0xF3,
    0xD5, 0xF4, 0xCA, 0xF9, 0xAA, 0xFA, 0xAB, 0xFB,
    0xAA, 0xFA, 0xAB, 0xF9, 0xAA, 0xF8, 0xCC, 0xF9,
    0xCC, 0xF8, 0xCC, 0xF8, 0xCB, 0xF8, 0xCB, 0xF8,
    0xCB, 0xF7, 0xCC, 0xF7, 0xCC, 0xF8, 0xBB, 0xF9,
    0xAA, 0xFA, 0xAA, 0xF9, 0xAA, 0xFA, 0xAB, 0xFA,
    0xAB, 0xFA, 0xAA, 0xFA, 0xAA, 0xFA, 0xBB, 0xFB,
    0xAA, 0xFA, 0xAA, 0xFA, 0xBB, 0xFB, 0xAA, 0xFA,
    0xBB, 0xFB, 0xAB, 0xFC, 0x12, 0xF5, 0x26, 0xFA,
    0x4B, 0xFE, 0x49, 0xFA, 0x8A, 0xF7, 0x62, 0xF0,
    0x50, 0xF0, 0x73, 0xF0, 0x74, 0xF0, 0x74, 0xF0,
    0x74, 0xF0, 0xC8, 0xF0, 0xDB, 0xF0, 0xDC, 0xF0,
    0xEE, 0xF0, 0xEE, 0xF0, 0xED, 0xF0, 0xDE, 0xF0,
    0xDD, 0xF0, 0xED, 0xF0, 0xDD, 0xF0, 0xEE, 0xF0,
    0xDE, 0xF0, 0xEF, 0xF0, 0xEF, 0xF0, 0xEF, 0xF0,
    0xEF, 0xF0, 0xEF, 0xF0, 0xEF, 0xF0, 0xEF, 0xF0,
    0xEF, 0xF0, 0xEF, 0xF0, 0xEF, 0xF0, 0xEE, 0xF0,
    0xCC, 0xF2, 0x68, 0xF7, 0x38, 0xFC, 0x39, 0xFB,
    0x6D, 0xFE, 0x4C, 0xFE, 0x6D, 0xFF, 0x8E, 0xFE,
    0x48, 0xF8, 0xAB, 0xFB, 0xBB, 0xFA, 0xAA, 0xFA,
    0xBB, 0xFA, 0xBB, 0xFA, 0xBB, 0xFB, 0xAA, 0xFA,
    0xAB, 0xFA, 0xAB, 0xFA, 0xAB, 0xFA, 0xBB, 0xFA,
    0xBB, 0xFA, 0xCB, 0xFA, 0xCC, 0xFB, 0xBB, 0xFB,
    0x77, 0xF9, 0x22, 0xF6, 0x12, 0xF7, 0x13, 0xF7,
    0x13, 0xF7, 0x23, 0xF7, 0x23, 0xF7, 0x23, 0xF7,
    0x23, 0xF7, 0x23, 0xF7, 0x24, 0xF7, 0x23, 0xF7,
    0x24, 0xF7, 0x23, 0xF7, 0x34, 0xF7, 0x34, 0xF7,
    0x34, 0xF7, 0x34, 0xF7, 0x34, 0xF7, 0x34, 0xF7,
    0x33, 0xF7, 0x33, 0xF7, 0x23, 0xF6, 0x33, 0xF6,
    0x33, 0xF5, 0x33, 0xF5, 0x33, 0xF5, 0x33, 0xF5,
    0x33, 0xF4, 0x23, 0xF4, 0x33, 0xF4, 0x33, 0xF4,
    0x23, 0xF3, 0x45, 0xF4, 0x34, 0xF2, 0x24, 0xF2,
    0x47, 0xF3, 0x47, 0xF3, 0x47, 0xF2, 0x58, 0xF2,
    0x58, 0xF1, 0x69, 0xF2, 0x79, 0xF3, 0x7A, 0xF3,
    0x69, 0xF2, 0x68, 0xF3, 0x56, 0xF2, 0x67, 0xF4,
    0x66, 0xF4, 0x45, 0xF2, 0x68, 0xF4, 0x78, 0xF3,
    0x79, 0xF3, 0x79, 0xF3, 0x8A, 0xF3, 0x9A, 0xF3,
    0x79, 0xF2, 0x79, 0xF2, 0x8A, 0xF2, 0x79, 0xF1,
    0x79, 0xF0, 0x89, 0xF1, 0x89, 0xF1, 0x89, 0xF0,
    0x8A, 0xF1, 0x9B, 0xF1, 0x8B, 0xF1, 0x7A, 0xF0,
    0x7A, 0xF1, 0x8B, 0xF2, 0x9C, 0xF2, 0x9C, 0xF2,
    0xAD, 0xF4, 0x9A, 0xF5, 0x45, 0xF3, 0x33, 0xF3,
    0x43, 0xF4, 0x54, 0xF5, 0x43, 0xF3, 0x64, 0xF4,
    0x43, 0xF3, 0x65, 0xF5, 0x43, 0xF3, 0x64, 0xF4,
    0x43, 0xF3, 0x54, 0xF4, 0x54, 0xF4, 0x43, 0xF3,
    0x33, 0xF3, 0x33, 0xF3, 0x33, 0xF3, 0x44, 0xF4,
    0x54, 0xF4, 0x65, 0xF4, 0x54, 0xF3, 0x54, 0xF4,
    0xBC, 0xFB, 0x12, 0xF1, 0x11, 0xF1, 0x12, 0xF2,
    0x12, 0xF2, 0x11, 0xF2, 0x21, 0xF2, 0x55, 0xF4,
    0xBB, 0xFA, 0xBB, 0xFB, 0xBB, 0xFA, 0xBC, 0xFA,
    0xCC, 0xFB, 0xBB, 0xFA, 0xBC, 0xFA, 0xCC, 0xFB,
    0xBC, 0xFB, 0xBB, 0xFA, 0xBB, 0xFA, 0xBB, 0xFA,
    0xBB, 0xFA, 0xBC, 0xFA, 0xBC, 0xFB, 0xBC, 0xFB,
    0xCC, 0xFB, 0xCC, 0xFB, 0xBC, 0xFA, 0xBC, 0xFA,
    0xCC, 0xFB, 0xCC, 0xFB, 0xCC, 0xFB, 0xDD, 0xFC,
    0x43, 0xF2, 0x62, 0xF2, 0x71, 0xF1, 0xA3, 0xF3,
    0x81, 0xF0, 0x74, 0xF3, 0x62, 0xF2, 0x84, 0xF3,
    0x70, 0xF1, 0x90, 0xF1, 0xC0, 0xF0, 0xD1, 0xF1,
    0xE3, 0xF2, 0xE2, 0xF0, 0xE1, 0xF0, 0xE2, 0xF0,
    0xE1, 0xF0, 0xE1, 0xF0, 0xE1, 0xF0, 0xE2, 0xF0,
    0xE2, 0xF0, 0xD2, 0xF0, 0xC2, 0xF0, 0xD1, 0xF0,
    0xD1, 0xF0, 0xD2, 0xF0, 0xE2, 0xF0, 0xE2, 0xF0,
    0xE2, 0xF0, 0xE3, 0xF0, 0xE3, 0xF0, 0xE3, 0xF0,
    0xE2, 0xF0, 0xB0, 0xF0, 0xC3, 0xF2, 0x93, 0xF2,
    0x62, 0xF1, 0x83, 0xF1, 0xA3, 0xF1, 0xC5, 0xF2,
    0xC6, 0xF5, 0xCA, 0xF9, 0xBB, 0xFA, 0xAA, 0xF9,
    0xBB, 0xFA, 0xAB, 0xF8, 0xBC, 0xF8, 0xCC, 0xF9,
    0xCC, 0xF9, 0xBB, 0xF8, 0xCB, 0xF8, 0xCC, 0xF7,
    0xDC, 0xF7, 0xCC, 0xF7, 0xAA, 0xF9, 0xAA, 0xFB,
    0xAB, 0xFA, 0x9A, 0xF9, 0xAB, 0xFA, 0xAB, 0xFA,
    0xAB, 0xFA, 0xAA, 0xFA, 0xAA, 0xFA, 0xAA, 0xFA,
    0xAA, 0xFA, 0xAA, 0xFA, 0xBB, 0xFB, 0xAA, 0xFA,
    0xAB, 0xFB, 0x8A, 0xFB, 0x02, 0xF5, 0x37, 0xFA,
    0x3B, 0xFE, 0x5A, 0xFC, 0x9A, 0xF9, 0x73, 0xF0,
    0x51, 0xF0, 0x73, 0xF0, 0x74, 0xF0, 0x74, 0xF0,
    0x74, 0xF0, 0xC9, 0xF0, 0xDB, 0xF0, 0xDB, 0xF0,
    0xDD, 0xF0, 0xEE, 0xF0, 0xDD, 0xF0, 0xDD, 0xF0,
    0xDE, 0xF0, 0xEE, 0xF0, 0xEE, 0xF0, 0xEF, 0xF0,
    0xDD, 0xF0, 0xEE, 0xF0, 0xEE, 0xF0, 0xEF, 0xF0,
    0xEF, 0xF0, 0xEF, 0xF0, 0xEF, 0xF0, 0xEF, 0xF0,
    0xEF, 0xF0, 0xEF, 0xF0, 0xEF, 0xF0, 0xED, 0xF0,
    0xA8, 0xF0, 0x78, 0xF8, 0x7A, 0xFD, 0x38, 0xF9,
    0x6C, 0xFE, 0x4B, 0xFD, 0x6D, 0xFE, 0x7D, 0xFE,
    0x8C, 0xFD, 0xAB, 0xFB, 0xBB, 0xFA, 0xAA, 0xFA,
    0xAA, 0xF9, 0xAA, 0xF9, 0xBB, 0xFA, 0xAB, 0xFA,
    0xBB, 0xFB, 0xBC, 0xFB, 0xBC, 0xFB, 0xBC, 0xFB,
    0xBC, 0xFB, 0xBB, 0xFA, 0xBC, 0xFA, 0xBC, 0xFB,
    0x99, 0xFA, 0x33, 0xF6, 0x23, 0xF7, 0x23, 0xF7,
    0x13, 0xF7, 0x23, 0xF7, 0x23, 0xF7, 0x23, 0xF7,
    0x23, 0xF7, 0x23, 0xF7, 0x23, 0xF7, 0x23, 0xF7,
    0x34, 0xF7, 0x34, 0xF7, 0x34, 0xF7, 0x34, 0xF7,
    0x34, 0xF7, 0x34, 0xF7, 0x34, 0xF7, 0x34, 0xF7,
    0x34, 0xF7, 0x34, 0xF7, 0x34, 0xF6, 0x33, 0xF6,
    0x33, 0xF5, 0x33, 0xF5, 0x33, 0xF5, 0x33, 0xF5,
    0x33, 0xF4, 0x23, 0xF4, 0x23, 0xF4, 0x33, 0xF4,
    0x23, 0xF3, 0x45, 0xF3, 0x24, 0xF2, 0x24, 0xF2,
    0x35, 0xF3, 0x35, 0xF3, 0x57, 0xF3, 0x69, 0xF2,
    0x8B, 0xF2, 0x8C, 0xF2, 0x7B, 0xF2, 0x69, 0xF1,
    0x7A, 0xF2, 0x79, 0xF2, 0x89, 0xF3, 0x89, 0xF4,
    0x99, 0xF6, 0x23, 0xF1, 0x23, 0xF2, 0x56, 0xF2,
    0x67, 0xF2, 0x78, 0xF2, 0x79, 0xF2, 0x79, 0xF1,
    0x79, 0xF1, 0x79, 0xF1, 0x68, 0xF0, 0x79, 0xF0,
    0x79, 0xF0, 0x79, 0xF0, 0x79, 0xF0, 0x79, 0xF0,
    0x8A, 0xF0, 0x9B, 0xF0, 0x9B, 0xF1, 0x7A, 0xF0,
    0x7A, 0xF0, 0x8B, 0xF2, 0x8B, 0xF1, 0xAD, 0xF3,
    0xBD, 0xF4, 0x9A, 0xF5, 0x55, 0xF2, 0x43, 0xF3,
    0x43, 0xF4, 0x54, 0xF4, 0x43, 0xF3, 0x64, 0xF4,
    0x43, 0xF3, 0x65, 0xF5, 0x43, 0xF3, 0x65, 0xF4,
    0x53, 0xF3, 0x64, 0xF4, 0x54, 0xF4, 0x44, 0xF3,
    0x44, 0xF4, 0x44, 0xF4, 0x44, 0xF4, 0x44, 0xF4,
    0x54, 0xF4, 0x54, 0xF4, 0x54, 0xF3, 0x54, 0xF3,
    0xAA, 0xFA, 0x11, 0xF1, 0x34, 0xF3, 0x66, 0xF6,
    0x56, 0xF5, 0x45, 0xF4, 0x66, 0xF6, 0xAA, 0xF9,
    0xCC, 0xFB, 0xCC, 0xFB, 0xCC, 0xFA, 0xBB, 0xFA,
    0xCC, 0xFB, 0xBB, 0xFA, 0xBC, 0xFA, 0xBC, 0xFB,
    0xCC, 0xFB, 0xBC, 0xFA, 0xCC, 0xFB, 0xCC, 0xFB,
    0xBC, 0xFB, 0xCC, 0xFB, 0xBC, 0xFB, 0xBC, 0xFA,
    0xCC, 0xFB, 0xBC, 0xFB, 0xCC, 0xFB, 0xCC, 0xFB,
    0xCC, 0xFB, 0xCC, 0xFB, 0xCD, 0xFB, 0xDD, 0xFD,
    0x43, 0xF3, 0x41, 0xF1, 0x41, 0xF0, 0x73, 0xF3,
    0x62, 0xF3, 0x65, 0xF6, 0x64, 0xF5, 0xA5, 0xF5,
    0x80, 0xF1, 0xA0, 0xF0, 0xD1, 0xF1, 0xE1, 0xF1,
    0xD1, 0xF0, 0xE1, 0xF0, 0xE1, 0xF1, 0xD0, 0xF0,
    0xD1, 0xF0, 0xE1, 0xF0, 0xE2, 0xF1, 0xE2, 0xF0,
    0xE2, 0xF0, 0xE2, 0xF0, 0xE2, 0xF0, 0xE2, 0xF0,
    0xE2, 0xF0, 0xE2, 0xF0, 0xE2, 0xF0, 0xE2, 0xF0,
    0xE2, 0xF0, 0xE2, 0xF0, 0xE3, 0xF0, 0xE3, 0xF0,
    0xE3, 0xF0, 0xB1, 0xF0, 0xA3, 0xF2, 0xA4, 0xF3,
    0x72, 0xF0, 0x83, 0xF1, 0x82, 0xF0, 0xA4, 0xF1,
    0xA6, 0xF5, 0xCA, 0xF9, 0xBB, 0xFA, 0xAB, 0xF9,
    0xAB, 0xF8, 0xCC, 0xF7, 0xCB, 0xF8, 0xCC, 0xF9,
    0xBB, 0xF8, 0xBC, 0xF8, 0xCC, 0xF7, 0xDC, 0xF7,
    0xCC, 0xF7, 0xAA, 0xF8, 0xAB, 0xFA, 0xAB, 0xFA,
    0xAA, 0xFA, 0xAA, 0xFA, 0x9A, 0xF9, 0xAA, 0xF9,
    0xAA, 0xFA, 0xAA, 0xF9, 0xAA, 0xF9, 0xAA, 0xFA,
    0xAB, 0xFA, 0xAA, 0xFA, 0xAA, 0xFA, 0xBA, 0xFA,
    0xAB, 0xFB, 0x68, 0xF9, 0x02, 0xF6, 0x03, 0xF8,
    0x18, 0xFC, 0x5A, 0xFB, 0x9A, 0xF6, 0x64, 0xF0,
    0x51, 0xF0, 0x73, 0xF0, 0x74, 0xF0, 0x96, 0xF0,
    0x96, 0xF0, 0xC9, 0xF0, 0xCA, 0xF0, 0xCB, 0xF0,
    0xDD, 0xF0, 0xDD, 0xF0, 0xED, 0xF0, 0xEE, 0xF0,
    0xEE, 0xF0, 0xEF, 0xF0, 0xEF, 0xF0, 0xEF, 0xF0,
    0xDE, 0xF0, 0xEE, 0xF0, 0xEE, 0xF0, 0xEE, 0xF0,
    0xEF, 0xF0, 0xEF, 0xF0, 0xEF, 0xF0, 0xEF, 0xF0,
    0xEF, 0xF0, 0xEF, 0xF0, 0xEF, 0xF0, 0xEC, 0xF0,
    0x87, 0xF0, 0x77, 0xF8, 0x69, 0xFB, 0x48, 0xF9,
    0x6C, 0xFF, 0x5C, 0xFE, 0x6D, 0xFE, 0x7D, 0xFE,
    0x8D, 0xFD, 0xAC, 0xFB, 0xBB, 0xFA, 0xAA, 0xF9,
    0xBB, 0xFA, 0xAB, 0xFA, 0xBB, 0xFA, 0xAB, 0xFA,
    0xAA, 0xFA, 0xBB, 0xFA, 0xBB, 0xFA, 0xBB, 0xFB,
    0xBC, 0xFB, 0xBB, 0xFA, 0xCC, 0xFA, 0xCC, 0xFB,
    0xBB, 0xFB, 0x56, 0xF7, 0x22, 0xF6, 0x12, 0xF7,
    0x23, 0xF7, 0x23, 0xF7, 0x23, 0xF7, 0x23, 0xF7,
    0x23, 0xF7, 0x23, 0xF7, 0x23, 0xF7, 0x34, 0xF7,
    0x34, 0xF7, 0x34, 0xF7, 0x34, 0xF7, 0x34, 0xF7,
    0x45, 0xF8, 0x34, 0xF7, 0x34, 0xF7, 0x34, 0xF7,
    0x34, 0xF7, 0x34, 0xF7, 0x44, 0xF7, 0x34, 0xF6,
    0x33, 0xF6, 0x33, 0xF5, 0x23, 0xF5, 0x33, 0xF5,
    0x33, 0xF4, 0x23, 0xF4, 0x23, 0xF4, 0x33, 0xF4,
    0x33, 0xF3, 0x46, 0xF4, 0x34, 0xF2, 0x46, 0xF3,
    0x35, 0xF2, 0x24, 0xF1, 0x35, 0xF2, 0x68, 0xF3,
    0x7B, 0xF3, 0x7B, 0xF2, 0x69, 0xF2, 0x58, 0xF2,
    0x7A, 0xF3, 0x8A, 0xF2, 0x8A, 0xF2, 0x8A, 0xF2,
    0x9A, 0xF4, 0x56, 0xF3, 0x23, 0xF1, 0x23, 0xF1,
    0x34, 0xF0, 0x46, 0xF0, 0x78, 0xF1, 0x79, 0xF1,
    0x79, 0xF1, 0x79, 0xF1, 0x79, 0xF1, 0x79, 0xF1,
    0x79, 0xF0, 0x79, 0xF0, 0x79, 0xF0, 0x7A, 0xF0,
    0x8B, 0xF0, 0x8B, 0xF0, 0x8B, 0xF0, 0x8B, 0xF1,
    0x7A, 0xF1, 0x8B, 0xF3, 0x8C, 0xF2, 0xAD, 0xF3,
    0xAC, 0xF4, 0xBC, 0xF6, 0x55, 0xF2, 0x43, 0xF3,
    0x43, 0xF4, 0x54, 0xF4, 0x43, 0xF3, 0x64, 0xF4,
    0x43, 0xF3, 0x65, 0xF5, 0x43, 0xF3, 0x65, 0xF4,
    0x53, 0xF3, 0x64, 0xF4, 0x64, 0xF4, 0x54, 0xF4,
    0x54, 0xF4, 0x43, 0xF3, 0x54, 0xF4, 0x54, 0xF4,
    0x54, 0xF4, 0x54, 0xF4, 0x54, 0xF3, 0x54, 0xF3,
    0x88, 0xF8, 0x88, 0xF7, 0xBB, 0xFA, 0xCD, 0xFB,
    0xCC, 0xFB, 0xCC, 0xFB, 0xBB, 0xFA, 0xBB, 0xFA,
    0xBB, 0xFB, 0xCC, 0xFB, 0xCC, 0xFB, 0xCC, 0xFB,
    0xBB, 0xFA, 0xCC, 0xFB, 0xBC, 0xFB, 0xCC, 0xFB,
    0xBC, 0xFB, 0xBB, 0xFA, 0xBB, 0xFA, 0xBC, 0xFA,
    0xBC, 0xFB, 0xCC, 0xFB, 0xCC, 0xFB, 0xBC, 0xFB,
    0xCC, 0xFB, 0xBC, 0xFB, 0xBC, 0xFB, 0xBC, 0xFB,
    0xBC, 0xFB, 0xBC, 0xFB, 0xCD, 0xFC, 0xDD, 0xFC,
    0x33, 0xF2, 0x31, 0xF2, 0x22, 0xF1, 0x33, 0xF4,
    0x44, 0xF7, 0x45, 0xF9, 0x56, 0xF9, 0xB7, 0xF7,
    0x91, 0xF0, 0xB1, 0xF0, 0xE1, 0xF1, 0xE1, 0xF0,
    0xE1, 0xF0, 0xE1, 0xF0, 0xE1, 0xF1, 0xE1, 0xF1,
    0xD1, 0xF0, 0xE1, 0xF0, 0xE1, 0xF0, 0xE2, 0xF0,
    0xE1, 0xF0, 0xE2, 0xF0, 0xE2, 0xF0, 0xE2, 0xF0,
    0xE2, 0xF0, 0xE2, 0xF0, 0xE2, 0xF0, 0xE2, 0xF0,
    0xE2, 0xF0, 0xD2, 0xF0, 0xD2, 0xF0, 0xE3, 0xF0,
    0xE3, 0xF0, 0xC2, 0xF0, 0x92, 0xF1, 0xB4, 0xF3,
    0x82, 0xF1, 0x73, 0xF2, 0x62, 0xF0, 0x84, 0xF2,
    0x85, 0xF3, 0xBA, 0xF8, 0xBB, 0xF9, 0xBB, 0xF9,
    0xCC, 0xF8, 0xDD, 0xF8, 0xDC, 0xF8, 0xCB, 0xF9,
    0xBB, 0xF8, 0xCC, 0xF7, 0xCC, 0xF7, 0xCC, 0xF8,
    0xBB, 0xF9, 0xAB, 0xFA, 0xAB, 0xFA, 0x9A, 0xF9,
    0xAB, 0xFA, 0x9A, 0xF9, 0xAB, 0xFA, 0xBB, 0xFB,
    0xAA, 0xF9, 0xAA, 0xFA, 0xAA, 0xF9, 0xAA, 0xFA,
    0xAA, 0xFA, 0x9A, 0xF9, 0xAB, 0xFA, 0xBB, 0xFB,
    0xBC, 0xFB, 0x46, 0xF8, 0x03, 0xF8, 0x01, 0xF8,
    0x06, 0xFA, 0x6B, 0xFA, 0xCD, 0xF9, 0x75, 0xF0,
    0x51, 0xF0, 0x73, 0xF0, 0x85, 0xF0, 0xC8, 0xF0,
    0xC9, 0xF0, 0xDB, 0xF0, 0xDC, 0xF0, 0xDB, 0xF0,
    0xDC, 0xF0, 0xDC, 0xF0, 0xDD, 0xF0, 0xED, 0xF0,
    0xEE, 0xF0, 0xEE, 0xF0, 0xEF, 0xF0, 0xEF, 0xF0,
    0xEE, 0xF0, 0xEF, 0xF0, 0xEF, 0xF0, 0xEF, 0xF0,
    0xEF, 0xF0, 0xEF, 0xF0, 0xEF, 0xF0, 0xEF, 0xF0,
    0xEF, 0xF0, 0xEF, 0xF0, 0xEF, 0xF0, 0xEE, 0xF0,
    0xA8, 0xF0, 0x65, 0xF4, 0x35, 0xF7, 0x48, 0xFA,
    0x5B, 0xFE, 0x5C, 0xFF, 0x6D, 0xFF, 0x6D, 0xFE,
    0x9E, 0xFE, 0x9B, 0xFB, 0xBB, 0xFA, 0xBB, 0xFA,
    0xAA, 0xF9, 0xBB, 0xFA, 0xBB, 0xFA, 0xBB, 0xFA,
    0xBB, 0xFA, 0xBB, 0xFA, 0xBB, 0xFA, 0xBB, 0xFA,
    0xBB, 0xFB, 0xBB, 0xFA, 0xBB, 0xFA, 0xBB, 0xF9,
    0xBC, 0xFB, 0xAA, 0xFA, 0x45, 0xF6, 0x23, 0xF6,
    0x13, 0xF6, 0x23, 0xF7, 0x23, 0xF7, 0x23, 0xF7,
    0x23, 0xF7, 0x23, 0xF7, 0x23, 0xF7, 0x24, 0xF7,
    0x23, 0xF7, 0x34, 0xF7, 0x34, 0xF7, 0x34, 0xF7,
    0x34, 0xF7, 0x34, 0xF7, 0x34, 0xF6, 0x34, 0xF6,
    0x34, 0xF7, 0x45, 0xF7, 0x45, 0xF8, 0x45, 0xF7,
    0x44, 0xF7, 0x34, 0xF6, 0x33, 0xF6, 0x33, 0xF5,
    0x33, 0xF5, 0x23, 0xF4, 0x23, 0xF4, 0x33, 0xF3,
    0x34, 0xF3, 0x45, 0xF4, 0x34, 0xF3, 0x46, 0xF3,
    0x57, 0xF3, 0x35, 0xF1, 0x24, 0xF1, 0x25, 0xF0,
    0x36, 0xF1, 0x47, 0xF1, 0x47, 0xF1, 0x36, 0xF0,
    0x58, 0xF2, 0x79, 0xF1, 0x79, 0xF1, 0x8A, 0xF2,
    0x8A, 0xF3, 0x8A, 0xF5, 0x79, 0xF5, 0x67, 0xF4,
    0x46, 0xF2, 0x56, 0xF1, 0x67, 0xF0, 0x68, 0xF0,
    0x78, 0xF0, 0x78, 0xF0, 0x79, 0xF0, 0x79, 0xF1,
    0x8A, 0xF1, 0x79, 0xF0, 0x8A, 0xF0, 0x8A, 0xF0,
    0x8A, 0xF0, 0x8A, 0xF0, 0x8B, 0xF0, 0x8B, 0xF1,
    0x8B, 0xF2, 0x9C, 0xF4, 0x9C, 0xF3, 0xAD, 0xF4,
    0x9C, 0xF4, 0xCE, 0xF9, 0x55, 0xF3, 0x43, 0xF3,
    0x43, 0xF4, 0x64, 0xF5, 0x43, 0xF3, 0x64, 0xF4,
    0x33, 0xF3, 0x65, 0xF5, 0x43, 0xF3, 0x65, 0xF5,
    0x53, 0xF3, 0x54, 0xF4, 0x54, 0xF3, 0x54, 0xF3,
    0x54, 0xF3, 0x43, 0xF3, 0x54, 0xF3, 0x54, 0xF4,
    0x44, 0xF4, 0x44, 0xF4, 0x44, 0xF3, 0x54, 0xF4,
    0x78, 0xF7, 0xCD, 0xFB, 0xBB, 0xFA, 0xBB, 0xFA,
    0xBB, 0xFA, 0xBB, 0xF9, 0xBB, 0xF9, 0xBB, 0xFA,
    0xBB, 0xFA, 0xBB, 0xFA, 0xBC, 0xFA, 0xBB, 0xFA,
    0xBB, 0xFA, 0xAB, 0xFA, 0xAB, 0xFA, 0xBB, 0xFA,
    0xBB, 0xFA, 0xBB, 0xFA, 0xBB, 0xFA, 0xBB, 0xFA,
    0xAB, 0xFA, 0xBB, 0xFA, 0xBB, 0xFA, 0xBC, 0xFB,
    0xCC, 0xFB, 0xBC, 0xFB, 0xBC, 0xFB, 0xBC, 0xFB,
    0xCC, 0xFB, 0xCD, 0xFB, 0xBC, 0xFB, 0xCD, 0xFB,
    0x32, 0xF2, 0x12, 0xF2, 0x13, 0xF2, 0x15, 0xF7,
    0x58, 0xFC, 0x48, 0xFD, 0x36, 0xFB, 0xB8, 0xF7,
    0xA4, 0xF2, 0xA1, 0xF0, 0xD1, 0xF1, 0xE2, 0xF1,
    0xE2, 0xF0, 0xE2, 0xF0, 0xE2, 0xF0, 0xE1, 0xF0,
    0xD1, 0xF0, 0xD1, 0xF0, 0xD1, 0xF0, 0xE1, 0xF0,
    0xE1, 0xF0, 0xE2, 0xF0, 0xE2, 0xF0, 0xE3, 0xF0,
    0xE2, 0xF0, 0xE2, 0xF0, 0xD2, 0xF0, 0xD2, 0xF0,
    0xD2, 0xF0, 0xE2, 0xF0, 0xE3, 0xF0, 0xE3, 0xF0,
    0xE4, 0xF1, 0xD3, 0xF1, 0x90, 0xF0, 0xB3, 0xF2,
    0x83, 0xF4, 0x64, 0xF5, 0x42, 0xF2, 0x64, 0xF3,
    0x66, 0xF4, 0xA9, 0xF7, 0xBB, 0xF8, 0xCC, 0xF9,
    0xDC, 0xF9, 0xCC, 0xF8, 0xBB, 0xF8, 0xCB, 0xF8,
    0xCC, 0xF8, 0xDC, 0xF8, 0xCC, 0xF8, 0xAA, 0xF8,
    0xAB, 0xFA, 0xAB, 0xFB, 0xAB, 0xFA, 0xAA, 0xF9,
    0xAB, 0xFA, 0x9A, 0xF9, 0xAB, 0xFA, 0xAA, 0xFA,
    0xAB, 0xFA, 0xAB, 0xFA, 0x9A, 0xF9, 0xAA, 0xFA,
    0xAA, 0xFA, 0xAB, 0xFA, 0xAB, 0xFA, 0xBB, 0xFB,
    0xBC, 0xFC, 0x46, 0xF8, 0x26, 0xFA, 0x26, 0xFB,
    0x05, 0xF8, 0x7B, 0xFB, 0xDE, 0xFB, 0x76, 0xF3,
    0x51, 0xF0, 0x63, 0xF0, 0xA7, 0xF0, 0xB8, 0xF0,
    0xDB, 0xF0, 0xDC, 0xF0, 0xED, 0xF0, 0xED, 0xF0,
    0xDD, 0xF0, 0xDC, 0xF0, 0xDC, 0xF0, 0xDD, 0xF0,
    0xDD, 0xF0, 0xEE, 0xF0, 0xEE, 0xF0, 0xEF, 0xF0,
    0xEF, 0xF0, 0xEF, 0xF0, 0xEF, 0xF0, 0xEF, 0xF0,
    0xEF, 0xF0, 0xEF, 0xF0, 0xEF, 0xF0, 0xEF, 0xF0,
    0xEF, 0xF0, 0xEF, 0xF0, 0xEF, 0xF0, 0xEF, 0xF0,
    0xB9, 0xF0, 0x86, 0xF0, 0x44, 0xF6, 0x25, 0xF9,
    0x4A, 0xFD, 0x4C, 0xFE, 0x5C, 0xFE, 0x5D, 0xFE,
    0xAF, 0xFF, 0x9B, 0xFB, 0xAB, 0xFA, 0xBB, 0xFA,
    0xAB, 0xFA, 0xAA, 0xF9, 0xBB, 0xFA, 0xBB, 0xFA,
    0xBB, 0xFA, 0xBB, 0xFA, 0xBB, 0xFA, 0xAB, 0xFA,
    0xBB, 0xFB, 0xBB, 0xFA, 0xBB, 0xFB, 0xCB, 0xFB,
    0xCC, 0xFB, 0xBB, 0xFB, 0x88, 0xF9, 0x23, 0xF6,
    0x13, 0xF6, 0x23, 0xF6, 0x23, 0xF6, 0x23, 0xF6,
    0x23, 0xF7, 0x23, 0xF7, 0x23, 0xF7, 0x23, 0xF7,
    0x34, 0xF7, 0x34, 0xF7, 0x34, 0xF7, 0x34, 0xF6,
    0x34, 0xF7, 0x34, 0xF7, 0x34, 0xF6, 0x34, 0xF6,
    0x34, 0xF6, 0x34, 0xF6, 0x34, 0xF7, 0x34, 0xF7,
    0x34, 0xF7, 0x34, 0xF7, 0x33, 0xF6, 0x33, 0xF6,
    0x33, 0xF5, 0x23, 0xF4, 0x23, 0xF4, 0x23, 0xF4,
    0x34, 0xF3, 0x45, 0xF4, 0x24, 0xF2, 0x34, 0xF2,
    0x68, 0xF5, 0x57, 0xF4, 0x35, 0xF2, 0x36, 0xF2,
    0x47, 0xF2, 0x59, 0xF2, 0x69, 0xF2, 0x58, 0xF1,
    0x58, 0xF1, 0x69, 0xF1, 0x79, 0xF1, 0x7A, 0xF1,
    0x8A, 0xF2, 0x79, 0xF3, 0x8A, 0xF4, 0x8A, 0xF5,
    0x89, 0xF4, 0x89, 0xF3, 0x79, 0xF2, 0x79, 0xF1,
    0x79, 0xF1, 0x79, 0xF0, 0x79, 0xF0, 0x79, 0xF0,
    0x8A, 0xF1, 0x7A, 0xF0, 0x8A, 0xF0, 0x9B, 0xF0,
    0x9B, 0xF0, 0x9B, 0xF0, 0x8B, 0xF0, 0x8B, 0xF1,
    0x8B, 0xF2, 0x9C, 0xF3, 0x9D, 0xF3, 0x9D, 0xF3,
    0x9C, 0xF4, 0xBD, 0xF8, 0x44, 0xF2, 0x43, 0xF3,
    0x43, 0xF4, 0x54, 0xF5, 0x43, 0xF3, 0x54, 0xF4,
    0x33, 0xF3, 0x54, 0xF5, 0x33, 0xF3, 0x65, 0xF5,
    0x53, 0xF3, 0x54, 0xF4, 0x54, 0xF4, 0x54, 0xF3,
    0x54, 0xF4, 0x54, 0xF3, 0x54, 0xF3, 0x54, 0xF4,
    0x44, 0xF3, 0x54, 0xF4, 0x54, 0xF4, 0x54, 0xF4,
    0x88, 0xF8, 0xBB, 0xFB, 0xBB, 0xFB, 0xBB, 0xFA,
    0xBB, 0xFA, 0xBB, 0xFA, 0xBB, 0xFA, 0xAB, 0xFA,
    0xBB, 0xFA, 0xAA, 0xF9, 0xAA, 0xFA, 0xAA, 0xFA,
    0xAA, 0xFA, 0xAA, 0xFA, 0xBB, 0xFA, 0xBC, 0xFB,
    0xAB, 0xFA, 0xBB, 0xFB, 0xBB, 0xFA, 0xBB, 0xFA,
    0xBB, 0xFA, 0xBC, 0xFB, 0xBC, 0xFB, 0xBB, 0xFB,
    0xBB, 0xFA, 0xBC, 0xFB, 0xCC, 0xFB, 0xCC, 0xFB,
    0xBC, 0xFB, 0xBC, 0xFB, 0xBC, 0xFA, 0xCC, 0xFB,
    0x33, 0xF2, 0x23, 0xF3, 0x57, 0xF7, 0x15, 0xF9,
    0x39, 0xFE, 0x38, 0xFF, 0x25, 0xFB, 0xB8, 0xF8,
    0xB7, 0xF5, 0x71, 0xF0, 0xB1, 0xF0, 0xE2, 0xF1,
    0xE2, 0xF0, 0xE2, 0xF0, 0xE2, 0xF0, 0xE3, 0xF0,
    0xE2, 0xF0, 0xE2, 0xF0, 0xE2, 0xF0, 0xE2, 0xF0,
    0xE2, 0xF0, 0xE2, 0xF0, 0xE2, 0xF0, 0xD2, 0xF0,
    0xE2, 0xF0, 0xE2, 0xF0, 0xE2, 0xF0, 0xE2, 0xF0,
    0xE2, 0xF0, 0xE2, 0xF0, 0xE3, 0xF0, 0xE4, 0xF0,
    0xD3, 0xF0, 0xE4, 0xF2, 0xB2, 0xF1, 0xC4, 0xF4,
    0x96, 0xF8, 0x45, 0xF9, 0x34, 0xF7, 0x34, 0xF4,
    0x67, 0xF6, 0x99, 0xF6, 0xDC, 0xF9, 0xDC, 0xF8,
    0xDC, 0xF8, 0xBB, 0xF9, 0xCB, 0xF9, 0xCC, 0xF8,
    0xDC, 0xF8, 0xCC, 0xF8, 0xAB, 0xF9, 0xAA, 0xF9,
    0xAB, 0xFA, 0xAB, 0xFB, 0x9A, 0xFA, 0xBB, 0xFB,
    0xBB, 0xFB, 0xAB, 0xFA, 0xAA, 0xFA, 0xAB, 0xFA,
    0x9A, 0xF9, 0xBB, 0xFA, 0xAB, 0xFA, 0xBB, 0xFA,
    0xBB, 0xFA, 0xAB, 0xFA, 0xAB, 0xFA, 0xBB, 0xFA,
    0xAC, 0xFB, 0x36, 0xF7, 0x3A, 0xFC, 0x39, 0xFD,
    0x04, 0xF8, 0x6A, 0xFC, 0xCE, 0xFD, 0x77, 0xF6,
    0x40, 0xF1, 0x62, 0xF0, 0x96, 0xF0, 0xA8, 0xF0,
    0xDB, 0xF0, 0xDC, 0xF0, 0xDD, 0xF0, 0xEE, 0xF0,
    0xEE, 0xF0, 0xEE, 0xF0, 0xDD, 0xF0, 0xDD, 0xF0,
    0xDD, 0xF0, 0xEE, 0xF0, 0xEF, 0xF0, 0xEF, 0xF0,
    0xEF, 0xF0, 0xEF, 0xF0, 0xEF, 0xF0, 0xEF, 0xF0,
    0xEF, 0xF0, 0xEF, 0xF0, 0xEF, 0xF0, 0xEF, 0xF0,
    0xEF, 0xF0, 0xEF, 0xF0, 0xEF, 0xF0, 0xEF, 0xF0,
    0xDB, 0xF0, 0xB9, 0xF1, 0x76, 0xF7, 0x14, 0xF7,
    0x3A, 0xFC, 0x4C, 0xFE, 0x3B, 0xFE, 0x6D, 0xFF,
    0x9E, 0xFE, 0x9B, 0xFB, 0xAB, 0xFA, 0xBB, 0xFA,
    0xCC, 0xFB, 0xBB, 0xFA, 0xBB, 0xFA, 0xBB, 0xFA,
    0xCC, 0xFB, 0xBB, 0xFB, 0xBB, 0xFB, 0xBC, 0xFB,
    0xCC, 0xFB, 0xCC, 0xFB, 0xCB, 0xFB, 0xCC, 0xFB,
    0xCC, 0xFB, 0xCC, 0xFB, 0xBB, 0xFB, 0x56, 0xF7,
    0x23, 0xF6, 0x23, 0xF6, 0x23, 0xF6, 0x23, 0xF7,
    0x23, 0xF7, 0x23, 0xF7, 0x23, 0xF7, 0x23, 0xF7,
    0x23, 0xF7, 0x23, 0xF7, 0x23, 0xF7, 0x23, 0xF6,
    0x24, 0xF6, 0x34, 0xF6, 0x34, 0xF6, 0x33, 0xF6,
    0x34, 0xF6, 0x34, 0xF6, 0x34, 0xF7, 0x34, 0xF7,
    0x34, 0xF7, 0x33, 0xF7, 0x33, 0xF6, 0x33, 0xF6,
    0x33, 0xF5, 0x33, 0xF4, 0x23, 0xF4, 0x23, 0xF4,
    0x34, 0xF3, 0x45, 0xF3, 0x34, 0xF2, 0x24, 0xF2,
    0x24, 0xF3, 0x35, 0xF4, 0x35, 0xF3, 0x57, 0xF4,
    0x58, 0xF3, 0x59, 0xF1, 0x59, 0xF0, 0x59, 0xF0,
    0x58, 0xF1, 0x69, 0xF1, 0x7A, 0xF1, 0x69, 0xF0,
    0x79, 0xF0, 0x79, 0xF1, 0x79, 0xF2, 0x79, 0xF2,
    0x8A, 0xF3, 0x8A, 0xF3, 0x8A, 0xF2, 0x8A, 0xF1,
    0x8A, 0xF1, 0x8A, 0xF0, 0x8A, 0xF0, 0x8A, 0xF1,
    0x7A, 0xF0, 0x7A, 0xF0, 0x8A, 0xF0, 0x8B, 0xF0,
    0x9B, 0xF0, 0x9B, 0xF0, 0x8B, 0xF0, 0x8B, 0xF1,
    0x9B, 0xF2, 0x9C, 0xF3, 0xAD, 0xF3, 0x9D, 0xF3,
    0x9C, 0xF4, 0x9B, 0xF6, 0x45, 0xF3, 0x43, 0xF3,
    0x43, 0xF4, 0x54, 0xF5, 0x32, 0xF3, 0x54, 0xF4,
    0x33, 0xF3, 0x54, 0xF5, 0x33, 0xF3, 0x54, 0xF5,
    0x43, 0xF3, 0x44, 0xF4, 0x54, 0xF4, 0x44, 0xF3,
    0x54, 0xF3, 0x64, 0xF4, 0x54, 0xF4, 0x54, 0xF4,
    0x54, 0xF3, 0x54, 0xF3, 0x54, 0xF4, 0x55, 0xF4,
    0xBB, 0xFA, 0xAA, 0xF9, 0xAA, 0xF9, 0xBB, 0xFA,
    0xAA, 0xF9, 0xAA, 0xF9, 0xBB, 0xFA, 0xAA, 0xF9,
    0xBB, 0xFA, 0xBB, 0xFA, 0xBB, 0xFA, 0xBB, 0xFA,
    0xBB, 0xFA, 0xBB, 0xFB, 0xBB, 0xFA, 0xAA, 0xFA,
    0xBB, 0xFA, 0xBB, 0xFA, 0xBB, 0xFA, 0xBB, 0xFA,
    0xBB, 0xFA, 0xBB, 0xF9, 0xBB, 0xFA, 0xBB, 0xFA,
    0xCC, 0xFA, 0xBC, 0xFA, 0xCC, 0xFB, 0xBC, 0xFA,
    0xBB, 0xFA, 0xBB, 0xFA, 0xBB, 0xFA, 0xCC, 0xFB,
    0x43, 0xF2, 0x13, 0xF2, 0x26, 0xF7, 0x15, 0xFA,
    0x38, 0xFE, 0x39, 0xFF, 0x15, 0xFB, 0xB9, 0xF9,
    0xC8, 0xF6, 0x60, 0xF0, 0x90, 0xF0, 0xC1, 0xF0,
    0xE2, 0xF0, 0xE2, 0xF0, 0xE2, 0xF0, 0xE3, 0xF0,
    0xE3, 0xF0, 0xE3, 0xF0, 0xD3, 0xF0, 0xE3, 0xF0,
    0xE3, 0xF0, 0xE3, 0xF0, 0xD2, 0xF0, 0xD3, 0xF0,
    0xE3, 0xF0, 0xE3, 0xF0, 0xD3, 0xF0, 0xE3, 0xF0,
    0xE4, 0xF0, 0xE4, 0xF0, 0xE4, 0xF0, 0xD4, 0xF0,
    0xE4, 0xF0, 0xE4, 0xF1, 0xD3, 0xF2, 0xD5, 0xF6,
    0x64, 0xF9, 0x27, 0xFD, 0x27, 0xFD, 0x36, 0xF9,
    0x79, 0xF8, 0x99, 0xF5, 0xDC, 0xF9, 0xCC, 0xF8,
    0xBB, 0xF8, 0xBB, 0xF8, 0xCC, 0xF7, 0xDD, 0xF7,
    0xCC, 0xF8, 0xBB, 0xF9, 0xAB, 0xF9, 0xAB, 0xF9,
    0xAB, 0xF9, 0x9A, 0xF8, 0xAB, 0xF9, 0xAB, 0xFA,
    0xBB, 0xFA, 0xAA, 0xF9, 0xAA, 0xF9, 0xAA, 0xFA,
    0xAB, 0xFA, 0xAA, 0xFA, 0xAA, 0xFA, 0xAB, 0xFA,
    0xAA, 0xFA, 0xAA, 0xFA, 0xAA, 0xFB, 0xAA, 0xFA,
    0xAB, 0xFB, 0x25, 0xF7, 0x3B, 0xFD, 0x3A, 0xFC,
    0x37, 0xF9, 0x47, 0xF8, 0x7B, 0xFC, 0x78, 0xFA,
    0x21, 0xF1, 0x62, 0xF0, 0x74, 0xF0, 0xA7, 0xF0,
    0xC9, 0xF0, 0xDB, 0xF0, 0xED, 0xF0, 0xEE, 0xF0,
    0xEF, 0xF0, 0xEF, 0xF0, 0xEE, 0xF0, 0xDD, 0xF0,
    0xEE, 0xF0, 0xEF, 0xF0, 0xEF, 0xF0, 0xEF, 0xF0,
    0xEF, 0xF0, 0xEF, 0xF0, 0xEF, 0xF0, 0xEF, 0xF0,
    0xEF, 0xF0, 0xEF, 0xF0, 0xEF, 0xF0, 0xEF, 0xF0,
    0xEF, 0xF0, 0xEF, 0xF0, 0xEF, 0xF0, 0xEF, 0xF0,
    0xDC, 0xF0, 0xEC, 0xF1, 0x87, 0xF3, 0x24, 0xF6,
    0x5A, 0xFC, 0x5C, 0xFF, 0x3B, 0xFD, 0x6E, 0xFF,
    0x7D, 0xFD, 0x8B, 0xFB, 0xAA, 0xFA, 0xBA, 0xFA,
    0xBB, 0xFA, 0xBB, 0xFA, 0xBB, 0xFA, 0xBB, 0xFA,
    0xBB, 0xFB, 0xBB, 0xFA, 0xBB, 0xFB, 0xBB, 0xFB,
    0xCC, 0xFB, 0xCC, 0xFB, 0xCC, 0xFB, 0xCC, 0xFB,
    0xCC, 0xFB, 0xCC, 0xFB, 0xCC, 0xFB, 0x99, 0xFA,
    0x33, 0xF6, 0x23, 0xF7, 0x23, 0xF7, 0x23, 0xF7,
    0x23, 0xF7, 0x23, 0xF7, 0x23, 0xF7, 0x23, 0xF7,
    0x24, 0xF7, 0x24, 0xF7, 0x34, 0xF7, 0x34, 0xF7,
    0x34, 0xF6, 0x34, 0xF6, 0x34, 0xF6, 0x34, 0xF6,
    0x34, 0xF7, 0x34, 0xF7, 0x34, 0xF7, 0x33, 0xF7,
    0x34, 0xF7, 0x34, 0xF7, 0x34, 0xF7, 0x33, 0xF6,
    0x33, 0xF6, 0x23, 0xF5, 0x23, 0xF4, 0x33, 0xF4,
    0x34, 0xF3, 0x35, 0xF3, 0x35, 0xF2, 0x24, 0xF2,
    0x23, 0xF3, 0x34, 0xF4, 0x25, 0xF2, 0x36, 0xF2,
    0x37, 0xF1, 0x59, 0xF1, 0x6A, 0xF1, 0x6A, 0xF2,
    0x58, 0xF1, 0x58, 0xF0, 0x69, 0xF0, 0x69, 0xF0,
    0x69, 0xF0, 0x79, 0xF1, 0x79, 0xF1, 0x79, 0xF2,
    0x79, 0xF1, 0x7A, 0xF1, 0x8A, 0xF1, 0x8A, 0xF2,
    0x9B, 0xF3, 0x8A, 0xF3, 0x8B, 0xF1, 0x8A, 0xF1,
    0x8A, 0xF2, 0x8B, 0xF1, 0x8A, 0xF0, 0x8B, 0xF0,
    0x9B, 0xF0, 0x8A, 0xF0, 0x8A, 0xF1, 0x9B, 0xF2,
    0x9B, 0xF2, 0x9B, 0xF2, 0xAD, 0xF3, 0xAE, 0xF4,
    0xAD, 0xF4, 0xBD, 0xF8, 0x55, 0xF3, 0x43, 0xF3,
    0x43, 0xF4, 0x54, 0xF5, 0x33, 0xF3, 0x54, 0xF4,
    0x33, 0xF3, 0x64, 0xF5, 0x33, 0xF3, 0x55, 0xF5,
    0x44, 0xF4, 0x43, 0xF3, 0x54, 0xF4, 0x43, 0xF3,
    0x54, 0xF3, 0x54, 0xF4, 0x54, 0xF4, 0x54, 0xF3,
    0x54, 0xF3, 0x54, 0xF3, 0x54, 0xF4, 0x54, 0xF4,
    0xAA, 0xF9, 0xA9, 0xF8, 0xAA, 0xF9, 0xA9, 0xF8,
    0xAA, 0xF8, 0xAA, 0xF9, 0xAA, 0xF9, 0xAA, 0xF9,
    0xBA, 0xF9, 0xBB, 0xF9, 0xBB, 0xF9, 0xBA, 0xF9,
    0xBB, 0xF9, 0xBB, 0xF9, 0xBB, 0xFA, 0xBA, 0xF9,
    0xBB, 0xFA, 0xBA, 0xF9, 0xBB, 0xF9, 0xBB, 0xF9,
    0xBB, 0xF9, 0xBB, 0xF9, 0xBB, 0xF9, 0xCC, 0xFA,
    0xCB, 0xFA, 0xCC, 0xFA, 0xBB, 0xFA, 0xCC, 0xFA,
    0xBB, 0xFA, 0xCC, 0xFA, 0xBB, 0xFA, 0xCC, 0xFB,
    0x55, 0xF3, 0x03, 0xF2, 0x37, 0xF9, 0x38, 0xFC,
    0x28, 0xFD, 0x39, 0xFF, 0x15, 0xFC, 0xB9, 0xFA,
    0xDA, 0xF8, 0x61, 0xF2, 0x80, 0xF2, 0xB0, 0xF1,
    0xD1, 0xF0, 0xE1, 0xF1, 0xE2, 0xF1, 0xE2, 0xF1,
    0xE3, 0xF0, 0xE3, 0xF0, 0xE3, 0xF0, 0xE3, 0xF0,
    0xE3, 0xF0, 0xE3, 0xF0, 0xE3, 0xF0, 0xE3, 0xF0,
    0xD3, 0xF0, 0xD3, 0xF0, 0xD3, 0xF0, 0xE4, 0xF0,
    0xE5, 0xF1, 0xE4, 0xF0, 0xE4, 0xF0, 0xD4, 0xF0,
    0xE4, 0xF0, 0xE3, 0xF1, 0xE3, 0xF1, 0xD4, 0xF5,
    0x64, 0xF9, 0x17, 0xFD, 0x17, 0xFE, 0x38, 0xFB,
    0x6A, 0xF9, 0x79, 0xF5, 0xBC, 0xF9, 0xBB, 0xF8,
    0xBB, 0xF8, 0xCC, 0xF8, 0xCC, 0xF8, 0xCC, 0xF8,
    0xBA, 0xF7, 0xAA, 0xF9, 0xAB, 0xF9, 0xAB, 0xF9,
    0xAA, 0xF9, 0xAA, 0xF9, 0xBB, 0xFA, 0xAA, 0xF9,
    0xAA, 0xF9, 0xAA, 0xF8, 0xAA, 0xF9, 0xBB, 0xF9,
    0xAA, 0xF9, 0xAA, 0xF9, 0xBB, 0xF9, 0xBB, 0xF9,
    0xAA, 0xF9, 0xAA, 0xF9, 0xAA, 0xFA, 0xAA, 0xF9,
    0xAB, 0xFA, 0x36, 0xF7, 0x3A, 0xFD, 0x4A, 0xFC,
    0x6A, 0xFA, 0x58, 0xF8, 0x59, 0xFA, 0x8A, 0xFB,
    0x32, 0xF2, 0x63, 0xF0, 0x74, 0xF0, 0x96, 0xF0,
    0xB9, 0xF0, 0xCB, 0xF0, 0xDD, 0xF0, 0xEE, 0xF0,
    0xEF, 0xF0, 0xEF, 0xF0, 0xEF, 0xF0, 0xDE, 0xF0,
    0xED, 0xF0, 0xEE, 0xF0, 0xEF, 0xF0, 0xEF, 0xF0,
    0xEF, 0xF0, 0xEF, 0xF0, 0xEF, 0xF0, 0xEF, 0xF0,
    0xEF, 0xF0, 0xEF, 0xF0, 0xEF, 0xF0, 0xEF, 0xF0,
    0xEF, 0xF0, 0xEF, 0xF0, 0xEF, 0xF0, 0xEF, 0xF0,
    0xDC, 0xF0, 0xDB, 0xF0, 0xA9, 0xF1, 0x24, 0xF5,
    0x4A, 0xFC, 0x3B, 0xFE, 0x4C, 0xFE, 0x7E, 0xFF,
    0x5C, 0xFD, 0x8C, 0xFC, 0x9B, 0xFB, 0xAA, 0xFA,
    0xBB, 0xFA, 0xBB, 0xFB, 0xAA, 0xF9, 0xBB, 0xFA,
    0xAA, 0xFA, 0xBB, 0xFA, 0xAB, 0xFA, 0xBB, 0xFA,
    0xBB, 0xFB, 0xBC, 0xFB, 0xCC, 0xFB, 0xCC, 0xFB,
    0xBB, 0xFA, 0xCC, 0xFB, 0xCD, 0xFC, 0xBC, 0xFB,
    0x78, 0xF9, 0x23, 0xF6, 0x23, 0xF7, 0x23, 0xF7,
    0x23, 0xF6, 0x23, 0xF7, 0x23, 0xF7, 0x24, 0xF7,
    0x34, 0xF7, 0x34, 0xF7, 0x34, 0xF6, 0x34, 0xF7,
    0x34, 0xF6, 0x34, 0xF6, 0x34, 0xF6, 0x34, 0xF6,
    0x34, 0xF7, 0x34, 0xF7, 0x34, 0xF7, 0x34, 0xF7,
    0x34, 0xF7, 0x34, 0xF7, 0x34, 0xF7, 0x33, 0xF7,
    0x33, 0xF6, 0x23, 0xF5, 0x23, 0xF5, 0x23, 0xF4,
    0x34, 0xF3, 0x35, 0xF3, 0x35, 0xF3, 0x24, 0xF2,
    0x24, 0xF3, 0x35, 0xF3, 0x57, 0xF3, 0x58, 0xF2,
    0x58, 0xF1, 0x69, 0xF1, 0x6A, 0xF1, 0x7B, 0xF3,
    0x8B, 0xF3, 0x7A, 0xF2, 0x7A, 0xF2, 0x7A, 0xF2,
    0x7A, 0xF2, 0x8A, 0xF4, 0x8A, 0xF4, 0x79, 0xF2,
    0x79, 0xF1, 0x7A, 0xF1, 0x8A, 0xF2, 0x9B, 0xF3,
    0xAB, 0xF4, 0x9B, 0xF4, 0x9B, 0xF3, 0x9B, 0xF4,
    0x9B, 0xF4, 0x9B, 0xF2, 0x8B, 0xF1, 0x9B, 0xF1,
    0x9B, 0xF1, 0x9A, 0xF1, 0x8A, 0xF2, 0x8A, 0xF2,
    0x8A, 0xF2, 0x8B, 0xF2, 0x9C, 0xF2, 0xAE, 0xF3,
    0xBE, 0xF5, 0xCD, 0xF8, 0x66, 0xF3, 0x43, 0xF3,
    0x42, 0xF3, 0x54, 0xF5, 0x33, 0xF3, 0x54, 0xF4,
    0x43, 0xF3, 0x64, 0xF5, 0x33, 0xF3, 0x54, 0xF4,
    0x44, 0xF4, 0x43, 0xF3, 0x54, 0xF4, 0x43, 0xF3,
    0x54, 0xF3, 0x65, 0xF4, 0x54, 0xF4, 0x54, 0xF4,
    0x54, 0xF3, 0x54, 0xF3, 0x54, 0xF4, 0x54, 0xF4,
    0xBB, 0xF8, 0xBB, 0xF8, 0xCB, 0xF8, 0xCB, 0xF9,
    0xCC, 0xF9, 0xCC, 0xF9, 0xBB, 0xF8, 0xAA, 0xF8,
    0xBB, 0xF9, 0xBA, 0xF8, 0xBA, 0xF8, 0xBB, 0xF9,
    0xBB, 0xF9, 0xBB, 0xF9, 0xBB, 0xF9, 0xBB, 0xF9,
    0xBB, 0xF8, 0xBB, 0xF8, 0xBB, 0xF9, 0xBB, 0xF9,
    0xCB, 0xF9, 0xBB, 0xF9, 0xCC, 0xFA, 0xCB, 0xFA,
    0xCC, 0xFA, 0xCC, 0xFA, 0xCB, 0xFA, 0xBB, 0xF9,
    0xBB, 0xF9, 0xBB, 0xF9, 0xBC, 0xFA, 0xCC, 0xFA,
    0x56, 0xF4, 0x14, 0xF5, 0x26, 0xFA, 0x38, 0xFD,
    0x28, 0xFD, 0x39, 0xFF, 0x14, 0xFC, 0xA8, 0xF9,
    0xC9, 0xF7, 0x72, 0xF2, 0x80, 0xF1, 0xA0, 0xF0,
    0xC0, 0xF0, 0xD1, 0xF0, 0xD1, 0xF0, 0xD1, 0xF0,
    0xE2, 0xF0, 0xE3, 0xF0, 0xE3, 0xF0, 0xD3, 0xF0,
    0xC3, 0xF0, 0xC3, 0xF0, 0xD3, 0xF0, 0xE4, 0xF0,
    0xE4, 0xF0, 0xE4, 0xF0, 0xD4, 0xF0, 0xE4, 0xF0,
    0xE4, 0xF0, 0xE4, 0xF0, 0xE3, 0xF0, 0xE4, 0xF0,
    0xE3, 0xF0, 0xE3, 0xF1, 0xD3, 0xF0, 0xD5, 0xF5,
    0x63, 0xF8, 0x16, 0xFD, 0x17, 0xFF, 0x28, 0xFC,
    0x6B, 0xF9, 0x8B, 0xF7, 0xAB, 0xFA, 0xBC, 0xFA,
    0xBB, 0xF8, 0xBB, 0xF8, 0xBB, 0xF8, 0xBA, 0xF8,
    0xBA, 0xF8, 0xAB, 0xF8, 0xBB, 0xF8, 0xBB, 0xF8,
    0xBB, 0xF8, 0xBB, 0xF9, 0xBB, 0xF9, 0xBB, 0xF9,
    0xBB, 0xF9, 0xBB, 0xF9, 0xBB, 0xF9, 0xBB, 0xF9,
    0xBB, 0xF9, 0xBB, 0xF9, 0xBB, 0xF9, 0xBB, 0xF9,
    0xBB, 0xF9, 0xBB, 0xF9, 0xBB, 0xF9, 0xBB, 0xF9,
    0xBC, 0xFB, 0x47, 0xF9, 0x4A, 0xFD, 0x5A, 0xFC,
    0x58, 0xF9, 0x58, 0xF8, 0x8C, 0xFA, 0xBD, 0xFB,
    0x42, 0xF1, 0x73, 0xF0, 0x85, 0xF0, 0xA7, 0xF0,
    0xC9, 0xF0, 0xDB, 0xF0, 0xDC, 0xF0, 0xED, 0xF0,
    0xEF, 0xF0, 0xEF, 0xF0, 0xEF, 0xF0, 0xDE, 0xF0,
    0xDD, 0xF0, 0xEE, 0xF0, 0xEF, 0xF0, 0xEF, 0xF0,
    0xEF, 0xF0, 0xEF, 0xF0, 0xEF, 0xF0, 0xEF, 0xF0,
    0xEF, 0xF0, 0xEF, 0xF0, 0xEF, 0xF0, 0xEF, 0xF0,
    0xEF, 0xF0, 0xEF, 0xF0, 0xEF, 0xF0, 0xEF, 0xF0,
    0xDC, 0xF0, 0xB9, 0xF0, 0xB9, 0xF0, 0x46, 0xF7,
    0x49, 0xFD, 0x2A, 0xFE, 0x4C, 0xFF, 0x7E, 0xFF,
    0x5C, 0xFD, 0x7C, 0xFD, 0x8A, 0xFB, 0xAA, 0xFA,
    0xAA, 0xF9, 0xAA, 0xFA, 0xAA, 0xFA, 0xBB, 0xFA,
    0xAB, 0xFA, 0xAA, 0xFA, 0xBB, 0xFA, 0xAA, 0xFA,
    0xBB, 0xFA, 0xAB, 0xFA, 0xBB, 0xFA, 0xBB, 0xFA,
    0xAA, 0xF9, 0x99, 0xF8, 0x89, 0xF8, 0x78, 0xF7,
    0x56, 0xF6, 0x23, 0xF5, 0x22, 0xF6, 0x23, 0xF7,
    0x23, 0xF6, 0x23, 0xF6, 0x23, 0xF6, 0x23, 0xF6,
    0x23, 0xF6, 0x24, 0xF7, 0x34, 0xF7, 0x34, 0xF7,
    0x34, 0xF7, 0x34, 0xF7, 0x34, 0xF7, 0x34, 0xF7,
    0x34, 0xF7, 0x34, 0xF7, 0x33, 0xF7, 0x34, 0xF7,
    0x34, 0xF7, 0x34, 0xF7, 0x34, 0xF7, 0x33, 0xF7,
    0x33, 0xF7, 0x23, 0xF6, 0x33, 0xF6, 0x33, 0xF5,
    0x35, 0xF3, 0x46, 0xF3, 0x46, 0xF4, 0x24, 0xF3,
    0x24, 0xF3, 0x35, 0xF2, 0x25, 0xF1, 0x47, 0xF3,
    0x58, 0xF2, 0x48, 0xF0, 0x69, 0xF1, 0x6A, 0xF1,
    0x6A, 0xF2, 0x7A, 0xF2, 0x7A, 0xF3, 0x8B, 0xF4,
    0x8B, 0xF4, 0x9B, 0xF6, 0x8A, 0xF6, 0x89, 0xF4,
    0x79, 0xF3, 0x79, 0xF2, 0x8A, 0xF2, 0x8A, 0xF2,
    0x9B, 0xF3, 0x8A, 0xF3, 0x8A, 0xF2, 0x9B, 0xF3,
    0x9B, 0xF3, 0x9B, 0xF2, 0x9B, 0xF1, 0x9B, 0xF1,
    0x8B, 0xF1, 0x8A, 0xF1, 0x8A, 0xF2, 0x8A, 0xF3,
    0x8A, 0xF2, 0x8A, 0xF1, 0x9C, 0xF2, 0xAE, 0xF3,
    0xCE, 0xF5, 0xBC, 0xF6, 0x77, 0xF5, 0x43, 0xF3,
    0x32, 0xF3, 0x54, 0xF5, 0x33, 0xF3, 0x54, 0xF4,
    0x43, 0xF3, 0x64, 0xF5, 0x33, 0xF3, 0x54, 0xF4,
    0x44, 0xF4, 0x43, 0xF3, 0x54, 0xF4, 0x43, 0xF3,
    0x54, 0xF3, 0x65, 0xF4, 0x54, 0xF4, 0x54, 0xF3,
    0x43, 0xF3, 0x54, 0xF4, 0x54, 0xF4, 0x54, 0xF4,
    0xBB, 0xF9, 0xBA, 0xF9, 0xBA, 0xF9, 0xAA, 0xF8,
    0xBA, 0xF9, 0xBB, 0xF9, 0xBB, 0xF9, 0xBB, 0xF9,
    0xBB, 0xF9, 0xAA, 0xF9, 0xBB, 0xF9, 0xAA, 0xF9,
    0xAA, 0xF8, 0xAA, 0xF9, 0xAA, 0xF8, 0xAA, 0xF9,
    0xAA, 0xF9, 0xAA, 0xF9, 0xAA, 0xF9, 0xAA, 0xF9,
    0xAA, 0xF9, 0xBB, 0xFA, 0xAA, 0xF9, 0xBB, 0xFA,
    0xBB, 0xFA, 0xAA, 0xF9, 0xAB, 0xF9, 0xBB, 0xFA,
    0xBB, 0xFA, 0xBB, 0xF9, 0xBC, 0xFA, 0xCD, 0xFA,
    0x67, 0xF5, 0x25, 0xF7, 0x26, 0xFB, 0x38, 0xFE,
    0x39, 0xFE, 0x49, 0xFF, 0x14, 0xFC, 0x96, 0xF8,
    0xC8, 0xF6, 0x93, 0xF2, 0x90, 0xF0, 0xC1, 0xF0,
    0xE1, 0xF0, 0xE1, 0xF0, 0xE1, 0xF0, 0xE2, 0xF0,
    0xE2, 0xF0, 0xE3, 0xF0, 0xD3, 0xF0, 0xD4, 0xF0,
    0xD4, 0xF0, 0xD4, 0xF0, 0xD4, 0xF0, 0xD4, 0xF0,
    0xE4, 0xF0, 0xE4, 0xF0, 0xD4, 0xF0, 0xE4, 0xF0,
    0xE3, 0xF0, 0xE3, 0xF0, 0xE3, 0xF0, 0xD2, 0xF0,
    0xE3, 0xF0, 0xD1, 0xF0, 0xB2, 0xF0, 0xD5, 0xF4,
    0x84, 0xF8, 0x16, 0xFE, 0x07, 0xFF, 0x27, 0xFD,
    0x5A, 0xFA, 0x9D, 0xFA, 0x9A, 0xFA, 0xAA, 0xFA,
    0xAB, 0xF9, 0xAB, 0xF9, 0xAA, 0xF8, 0xAA, 0xF9,
    0xBA, 0xF8, 0xAB, 0xF8, 0xBB, 0xF8, 0xBB, 0xF9,
    0xAA, 0xF8, 0xAA, 0xF8, 0xBB, 0xF9, 0xBB, 0xF9,
    0xBA, 0xF9, 0xAA, 0xF8, 0xAA, 0xF8, 0xBA, 0xF8,
    0xAA, 0xF8, 0xAA, 0xF8, 0xAA, 0xF8, 0xAA, 0xF8,
    0xAA, 0xF8, 0xAA, 0xF8, 0xBB, 0xF9, 0xAA, 0xF8,
    0xAA, 0xF9, 0x46, 0xF8, 0x4B, 0xFD, 0x5B, 0xFD,
    0x38, 0xFA, 0x5A, 0xFA, 0xCE, 0xFA, 0xDD, 0xF8,
    0x52, 0xF0, 0x84, 0xF0, 0x85, 0xF0, 0x97, 0xF0,
    0xB8, 0xF0, 0xCA, 0xF0, 0xDB, 0xF0, 0xDC, 0xF0,
    0xEE, 0xF0, 0xEF, 0xF0, 0xEF, 0xF0, 0xEE, 0xF0,
    0xDD, 0xF0, 0xEE, 0xF0, 0xEE, 0xF0, 0xEF, 0xF0,
    0xEF, 0xF0, 0xEF, 0xF0, 0xEF, 0xF0, 0xEF, 0xF0,
    0xEF, 0xF0, 0xEF, 0xF0, 0xEF, 0xF0, 0xEF, 0xF0,
    0xEF, 0xF0, 0xEF, 0xF0, 0xEF, 0xF0, 0xEF, 0xF0,
    0xDC, 0xF0, 0xA7, 0xF0, 0xC9, 0xF0, 0x46, 0xF7,
    0x3A, 0xFE, 0x2A, 0xFD, 0x3B, 0xFE, 0x5D, 0xFE,
    0x6D, 0xFE, 0x7D, 0xFE, 0x8A, 0xFB, 0xAA, 0xF9,
    0xAA, 0xF8, 0xAA, 0xF9, 0x99, 0xF9, 0xAA, 0xF9,
    0xAA, 0xF9, 0xBB, 0xFA, 0xBB, 0xFA, 0xAA, 0xFA,
    0xBB, 0xFA, 0xBB, 0xFA, 0xBB, 0xFA, 0xBB, 0xFA,
    0xBB, 0xFA, 0xBB, 0xFB, 0xCC, 0xFB, 0xCD, 0xFC,
    0xCC, 0xFB, 0x99, 0xFA, 0x34, 0xF6, 0x23, 0xF6,
    0x23, 0xF7, 0x23, 0xF6, 0x23, 0xF6, 0x23, 0xF6,
    0x23, 0xF6, 0x24, 0xF7, 0x23, 0xF7, 0x23, 0xF7,
    0x23, 0xF7, 0x34, 0xF7, 0x34, 0xF7, 0x34, 0xF7,
    0x34, 0xF7, 0x34, 0xF7, 0x24, 0xF6, 0x24, 0xF6,
    0x33, 0xF6, 0x33, 0xF6, 0x33, 0xF7, 0x33, 0xF7,
    0x33, 0xF7, 0x33, 0xF7, 0x33, 0xF7, 0x33, 0xF6,
    0x45, 0xF4, 0x46, 0xF3, 0x36, 0xF4, 0x24, 0xF2,
    0x24, 0xF2, 0x25, 0xF2, 0x25, 0xF2, 0x36, 0xF2,
    0x47, 0xF2, 0x48, 0xF1, 0x69, 0xF1, 0x59, 0xF1,
    0x59, 0xF1, 0x6A, 0xF2, 0x7A, 0xF2, 0x8A, 0xF3,
    0x8B, 0xF4, 0x8A, 0xF5, 0x9A, 0xF7, 0x8A, 0xF6,
    0x8A, 0xF5, 0x8A, 0xF3, 0x8A, 0xF3, 0x8A, 0xF2,
    0x8A, 0xF2, 0x8A, 0xF1, 0x9B, 0xF2, 0x9B, 0xF2,
    0x9B, 0xF1, 0x8A, 0xF0, 0x8B, 0xF0, 0x8A, 0xF0,
    0x8A, 0xF0, 0x9B, 0xF2, 0x8A, 0xF2, 0x79, 0xF2,
    0x7A, 0xF2, 0x8B, 0xF1, 0x9C, 0xF1, 0xBE, 0xF3,
    0xCF, 0xF6, 0xBD, 0xF7, 0x77, 0xF5, 0x43, 0xF4,
    0x32, 0xF3, 0x54, 0xF5, 0x33, 0xF3, 0x54, 0xF4,
    0x43, 0xF3, 0x64, 0xF5, 0x33, 0xF3, 0x54, 0xF4,
    0x44, 0xF4, 0x43, 0xF3, 0x54, 0xF4, 0x43, 0xF3,
    0x43, 0xF3, 0x65, 0xF4, 0x64, 0xF4, 0x54, 0xF4,
    0x54, 0xF3, 0x54, 0xF4, 0x54, 0xF4, 0x54, 0xF4,
    0xAA, 0xF9, 0xAA, 0xF9, 0xAA, 0xF9, 0xAA, 0xF9,
    0xAA, 0xF9, 0xAA, 0xF9, 0xAA, 0xF9, 0x9A, 0xF9,
    0x9A, 0xF9, 0x9A, 0xF9, 0xAA, 0xF9, 0xAA, 0xFA,
    0x9A, 0xF9, 0xAA, 0xFA, 0x9A, 0xF9, 0xAA, 0xFA,
    0xAA, 0xF9, 0xAA, 0xFA, 0xAB, 0xFA, 0xAA, 0xF9,
    0xAA, 0xF9, 0xAA, 0xFA, 0xAA, 0xFA, 0xAB, 0xFA,
    0xAA, 0xFA, 0xAB, 0xFA, 0xAA, 0xFA, 0xAB, 0xFA,
    0xAB, 0xFA, 0xBB, 0xFA, 0xBB, 0xFA, 0xBC, 0xFA,
    0x77, 0xF6, 0x15, 0xF7, 0x37, 0xFD, 0x38, 0xFE,
    0x17, 0xFD, 0x38, 0xFF, 0x13, 0xFC, 0xA6, 0xF9,
    0xC6, 0xF4, 0xA3, 0xF1, 0xB0, 0xF0, 0xD0, 0xF0,
    0xE1, 0xF1, 0xE1, 0xF1, 0xE1, 0xF1, 0xE2, 0xF0,
    0xE2, 0xF0, 0xE3, 0xF0, 0xD3, 0xF0, 0xD4, 0xF0,
    0xE4, 0xF0, 0xE4, 0xF0, 0xE4, 0xF0, 0xE4, 0xF0,
    0xE4, 0xF0, 0xE4, 0xF0, 0xD3, 0xF0, 0xD3, 0xF0,
    0xE3, 0xF0, 0xE3, 0xF0, 0xE3, 0xF0, 0xD2, 0xF0,
    0xD1, 0xF0, 0xB0, 0xF0, 0x80, 0xF0, 0xC4, 0xF4,
    0x84, 0xF9, 0x15, 0xFE, 0x07, 0xFF, 0x27, 0xFE,
    0x4A, 0xFB, 0x9C, 0xFB, 0xAB, 0xFA, 0xAA, 0xFA,
    0xAA, 0xFA, 0xAA, 0xF9, 0xAA, 0xF9, 0xAA, 0xF9,
    0xBA, 0xF8, 0xAB, 0xF8, 0xBC, 0xF9, 0xAA, 0xF8,
    0xAA, 0xF8, 0xBB, 0xF9, 0xBB, 0xFA, 0xBB, 0xF9,
    0xBB, 0xF9, 0xAA, 0xF8, 0xBB, 0xFA, 0xBB, 0xF9,
    0xAA, 0xF8, 0xAA, 0xF8, 0xBB, 0xF9, 0xAA, 0xF9,
    0x99, 0xF8, 0xAA, 0xF8, 0xAA, 0xF9, 0xA9, 0xF8,
    0xAA, 0xF9, 0x47, 0xF8, 0x39, 0xFC, 0x3A, 0xFD,
    0x29, 0xFC, 0x5A, 0xFA, 0xCD, 0xF7, 0xED, 0xF5,
    0x52, 0xF0, 0x95, 0xF0, 0x96, 0xF0, 0x96, 0xF0,
    0xA7, 0xF0, 0xC9, 0xF0, 0xCB, 0xF0, 0xDC, 0xF0,
    0xED, 0xF0, 0xEE, 0xF0, 0xEF, 0xF0, 0xEE, 0xF0,
    0xDD, 0xF0, 0xEE, 0xF0, 0xEE, 0xF0, 0xEF, 0xF0,
    0xEF, 0xF0, 0xEF, 0xF0, 0xEF, 0xF0, 0xEF, 0xF0,
    0xEF, 0xF0, 0xEF, 0xF0, 0xEF, 0xF0, 0xEF, 0xF0,
    0xEF, 0xF0, 0xEF, 0xF0, 0xEF, 0xF0, 0xEF, 0xF0,
    0xED, 0xF0, 0x96, 0xF0, 0xB7, 0xF0, 0x46, 0xF8,
    0x29, 0xFE, 0x2B, 0xFE, 0x4C, 0xFE, 0x5D, 0xFE,
    0x7E, 0xFF, 0x7C, 0xFD, 0x9B, 0xFB, 0xAA, 0xF8,
    0xA9, 0xF7, 0xA9, 0xF8, 0xAA, 0xF9, 0xAA, 0xF9,
    0xAA, 0xF9, 0xAA, 0xF9, 0xAA, 0xF9, 0xAA, 0xF9,
    0xBB, 0xFA, 0xBB, 0xFA, 0xBB, 0xFA, 0xCC, 0xFA,
    0xCC, 0xFA, 0xCC, 0xFB, 0xCC, 0xFB, 0xCC, 0xFB,
    0xCC, 0xFB, 0xBB, 0xFB, 0x67, 0xF8, 0x23, 0xF6,
    0x23, 0xF6, 0x23, 0xF6, 0x23, 0xF6, 0x23, 0xF6,
    0x23, 0xF7, 0x23, 0xF7, 0x23, 0xF7, 0x23, 0xF7,
    0x23, 0xF7, 0x34, 0xF7, 0x34, 0xF7, 0x34, 0xF7,
    0x34, 0xF7, 0x34, 0xF7, 0x34, 0xF6, 0x34, 0xF7,
    0x33, 0xF6, 0x33, 0xF6, 0x33, 0xF7, 0x33, 0xF7,
    0x23, 0xF7, 0x23, 0xF7, 0x23, 0xF7, 0x33, 0xF6,
    0x35, 0xF4, 0x47, 0xF4, 0x25, 0xF1, 0x25, 0xF1,
    0x47, 0xF2, 0x47, 0xF2, 0x36, 0xF1, 0x59, 0xF3,
    0x7B, 0xF4, 0x58, 0xF1, 0x58, 0xF1, 0x58, 0xF1,
    0x58, 0xF1, 0x69, 0xF1, 0x7A, 0xF1, 0x7A, 0xF2,
    0x8A, 0xF3, 0x8A, 0xF4, 0x8A, 0xF4, 0x8A, 0xF5,
    0x8A, 0xF5, 0x8A, 0xF3, 0x8A, 0xF2, 0x7A, 0xF1,
    0x8A, 0xF1, 0x8A, 0xF1, 0x9B, 0xF2, 0x9B, 0xF2,
    0x8B, 0xF1, 0x8B, 0xF0, 0x8B, 0xF0, 0x8A, 0xF0,
    0x8A, 0xF1, 0x9B, 0xF3, 0xAC, 0xF4, 0x8B, 0xF3,
    0x69, 0xF0, 0x8C, 0xF1, 0x9D, 0xF1, 0xAD, 0xF3,
    0xDF, 0xF7, 0xCD, 0xF8, 0x78, 0xF6, 0x33, 0xF4,
    0x32, 0xF4, 0x55, 0xF6, 0x33, 0xF3, 0x54, 0xF4,
    0x43, 0xF3, 0x54, 0xF4, 0x33, 0xF3, 0x54, 0xF4,
    0x44, 0xF4, 0x43, 0xF3, 0x54, 0xF4, 0x43, 0xF3,
    0x43, 0xF3, 0x65, 0xF4, 0x54, 0xF4, 0x54, 0xF4,
    0x54, 0xF3, 0x44, 0xF4, 0x54, 0xF4, 0x54, 0xF4,
    0x99, 0xF8, 0x99, 0xF8, 0x99, 0xF8, 0xAA, 0xF9,
    0xAA, 0xF9, 0xAA, 0xF8, 0xAA, 0xF9, 0xAA, 0xF9,
    0xAA, 0xF9, 0xAA, 0xF9, 0xAA, 0xF9, 0xAA, 0xFA,
    0x99, 0xF9, 0xAA, 0xF9, 0x9A, 0xF9, 0x9A, 0xF9,
    0x9A, 0xF9, 0x99, 0xF9, 0x9A, 0xF9, 0x9A, 0xF9,
    0xAA, 0xFA, 0xAA, 0xFA, 0xAA, 0xFA, 0xAA, 0xFA,
    0x9A, 0xF9, 0xAB, 0xFA, 0xAA, 0xFA, 0xAB, 0xFA,
    0xAB, 0xFA, 0xBB, 0xFA, 0xBC, 0xFA, 0xCC, 0xFA,
    0x89, 0xF6, 0x03, 0xF6, 0x48, 0xFD, 0x48, 0xFE,
    0x18, 0xFE, 0x28, 0xFF, 0x13, 0xFC, 0xB7, 0xF9,
    0xE7, 0xF4, 0xC3, 0xF2, 0xD1, 0xF1, 0xD0, 0xF0,
    0xE0, 0xF0, 0xE1, 0xF1, 0xE1, 0xF1, 0xE1, 0xF0,
    0xE2, 0xF0, 0xE3, 0xF0, 0xE4, 0xF0, 0xD4, 0xF0,
    0xE4, 0xF0, 0xE4, 0xF0, 0xE3, 0xF0, 0xE3, 0xF0,
    0xE3, 0xF0, 0xE3, 0xF0, 0xE3, 0xF0, 0xE3, 0xF0,
    0xE2, 0xF0, 0xE2, 0xF0, 0xE2, 0xF0, 0xE2, 0xF0,
    0xE1, 0xF0, 0xB0, 0xF0, 0x90, 0xF0, 0xC5, 0xF5,
    0x95, 0xF9, 0x15, 0xFE, 0x06, 0xFF, 0x18, 0xFE,
    0x39, 0xFC, 0x7B, 0xFB, 0x8A, 0xF8, 0x9A, 0xF8,
    0xAA, 0xF9, 0xAB, 0xF9, 0x9A, 0xF8, 0xBB, 0xF8,
    0xBB, 0xF8, 0xAA, 0xF8, 0x9A, 0xF9, 0xAA, 0xFA,
    0xAA, 0xFA, 0xAA, 0xFA, 0xAA, 0xF9, 0xAA, 0xF9,
    0xA9, 0xF8, 0xAA, 0xF8, 0xAA, 0xF8, 0xAA, 0xF8,
    0x99, 0xF7, 0xAA, 0xF8, 0xA9, 0xF8, 0xAA, 0xF8,
    0xAA, 0xF9, 0xAA, 0xF9, 0xAA, 0xF9, 0xBA, 0xF9,
    0xAA, 0xF9, 0x58, 0xF9, 0x6B, 0xFE, 0x2A, 0xFC,
    0x29, 0xFB, 0x6B, 0xFC, 0xAC, 0xF7, 0xED, 0xF5,
    0x53, 0xF0, 0xC8, 0xF1, 0xC9, 0xF0, 0xB8, 0xF0,
    0x97, 0xF0, 0xA8, 0xF0, 0xCA, 0xF0, 0xDB, 0xF0,
    0xDD, 0xF0, 0xDE, 0xF0, 0xEF, 0xF0, 0xEE, 0xF0,
    0xCC, 0xF0, 0xEE, 0xF0, 0xEE, 0xF0, 0xEE, 0xF0,
    0xEF, 0xF0, 0xEF, 0xF0, 0xEF, 0xF0, 0xEF, 0xF0,
    0xEF, 0xF0, 0xEF, 0xF0, 0xEF, 0xF0, 0xEF, 0xF0,
    0xEF, 0xF0, 0xEF, 0xF0, 0xEF, 0xF0, 0xEF, 0xF0,
    0xEE, 0xF0, 0x86, 0xF0, 0xB6, 0xF0, 0x57, 0xF9,
    0x19, 0xFE, 0x2B, 0xFF, 0x4C, 0xFE, 0x5D, 0xFE,
    0x7F, 0xFF, 0x6C, 0xFD, 0x9C, 0xFC, 0xBB, 0xF9,
    0xCB, 0xF8, 0xBB, 0xF9, 0xCC, 0xF9, 0xCC, 0xF9,
    0xCC, 0xF9, 0xCC, 0xF9, 0xBB, 0xF8, 0xBB, 0xF8,
    0xBB, 0xF8, 0xCB, 0xF9, 0xCB, 0xF9, 0xCC, 0xF9,
    0xCC, 0xF9, 0xCC, 0xFA, 0xCC, 0xFA, 0xCC, 0xFA,
    0xCC, 0xFA, 0xCC, 0xFA, 0x89, 0xF8, 0x34, 0xF6,
    0x23, 0xF6, 0x23, 0xF6, 0x33, 0xF6, 0x23, 0xF6,
    0x23, 0xF6, 0x23, 0xF6, 0x24, 0xF7, 0x34, 0xF7,
    0x24, 0xF7, 0x34, 0xF7, 0x34, 0xF7, 0x24, 0xF6,
    0x34, 0xF7, 0x34, 0xF6, 0x34, 0xF6, 0x34, 0xF6,
    0x33, 0xF6, 0x34, 0xF6, 0x33, 0xF7, 0x33, 0xF7,
    0x33, 0xF7, 0x23, 0xF7, 0x23, 0xF7, 0x33, 0xF6,
    0x34, 0xF4, 0x47, 0xF3, 0x48, 0xF2, 0x6A, 0xF3,
    0x59, 0xF2, 0x7B, 0xF3, 0x6A, 0xF2, 0x58, 0xF0,
    0x6A, 0xF2, 0x7A, 0xF3, 0x59, 0xF2, 0x47, 0xF0,
    0x48, 0xF0, 0x58, 0xF0, 0x69, 0xF0, 0x69, 0xF0,
    0x7A, 0xF1, 0x8A, 0xF2, 0x8A, 0xF3, 0x79, 0xF2,
    0x79, 0xF2, 0x7A, 0xF2, 0x79, 0xF1, 0x79, 0xF1,
    0x8A, 0xF1, 0x79, 0xF1, 0x8A, 0xF2, 0x8A, 0xF2,
    0x8A, 0xF1, 0x8B, 0xF0, 0x8B, 0xF0, 0x8A, 0xF0,
    0x8A, 0xF1, 0x9B, 0xF3, 0xAB, 0xF4, 0x9B, 0xF3,
    0x7A, 0xF1, 0x8C, 0xF1, 0x9D, 0xF1, 0xBE, 0xF4,
    0xDF, 0xF7, 0xBD, 0xF7, 0x78, 0xF6, 0x33, 0xF4,
    0x32, 0xF3, 0x54, 0xF5, 0x33, 0xF3, 0x54, 0xF4,
    0x43, 0xF3, 0x54, 0xF5, 0x33, 0xF3, 0x44, 0xF4,
    0x44, 0xF4, 0x43, 0xF3, 0x54, 0xF4, 0x43, 0xF3,
    0x43, 0xF3, 0x65, 0xF4, 0x65, 0xF4, 0x54, 0xF4,
    0x44, 0xF3, 0x44, 0xF4, 0x54, 0xF4, 0x54, 0xF4,
    0x99, 0xF8, 0x99, 0xF8, 0xA9, 0xF9, 0xAA, 0xF9,
    0x99, 0xF9, 0xAA, 0xF9, 0xAA, 0xF9, 0x99, 0xF9,
    0x9A, 0xF9, 0xAA, 0xF9, 0x99, 0xF8, 0xAA, 0xF9,
    0x99, 0xF9, 0xAA, 0xF9, 0xAA, 0xF9, 0xAA, 0xF9,
    0xAA, 0xF9, 0xAB, 0xF9, 0xAA, 0xF9, 0xAA, 0xF9,
    0xAA, 0xF9, 0x9A, 0xF9, 0x99, 0xF9, 0x99, 0xF9,
    0x9A, 0xF9, 0xAA, 0xFA, 0xAA, 0xF9, 0xAA, 0xFA,
    0xBB, 0xFA, 0xBC, 0xFA, 0xBB, 0xF9, 0xBC, 0xF9,
    0x89, 0xF6, 0x02, 0xF4, 0x48, 0xFD, 0x38, 0xFE,
    0x07, 0xFE, 0x07, 0xFF, 0x14, 0xFC, 0xA6, 0xF8,
    0xE7, 0xF4, 0xD2, 0xF0, 0xE1, 0xF0, 0xE1, 0xF0,
    0xE1, 0xF0, 0xE1, 0xF0, 0xE1, 0xF0, 0xD1, 0xF0,
    0xE2, 0xF0, 0xE3, 0xF0, 0xE3, 0xF0, 0xD4, 0xF0,
    0xE3, 0xF0, 0xD3, 0xF0, 0xE3, 0xF0, 0xE3, 0xF0,
    0xD3, 0xF0, 0xD3, 0xF0, 0xE3, 0xF0, 0xE3, 0xF0,
    0xE2, 0xF0, 0xD2, 0xF0, 0xD2, 0xF0, 0xE2, 0xF0,
    0xE1, 0xF1, 0xA0, 0xF0, 0x80, 0xF0, 0xB4, 0xF4,
    0x73, 0xF8, 0x15, 0xFD, 0x07, 0xFE, 0x28, 0xFF,
    0x39, 0xFC, 0x69, 0xFA, 0xAC, 0xF9, 0xAB, 0xF8,
    0xBB, 0xF9, 0xAA, 0xF8, 0xAB, 0xF8, 0xBB, 0xF8,
    0xAA, 0xF8, 0x99, 0xF8, 0x9A, 0xF9, 0x9A, 0xF9,
    0x99, 0xF9, 0xAA, 0xFA, 0x99, 0xF9, 0x99, 0xF8,
    0xBB, 0xF9, 0xBB, 0xF9, 0xBB, 0xF9, 0xAA, 0xF8,
    0xAA, 0xF8, 0xAA, 0xF9, 0xBB, 0xFA, 0xAB, 0xF9,
    0xAA, 0xF8, 0xBB, 0xFA, 0xBB, 0xFA, 0xBB, 0xFA,
    0xBB, 0xFA, 0x69, 0xF9, 0x5B, 0xFE, 0x2A, 0xFD,
    0x29, 0xFA, 0x5A, 0xFA, 0xBC, 0xF9, 0xED, 0xF7,
    0x53, 0xF0, 0xA7, 0xF0, 0xC9, 0xF0, 0xDA, 0xF0,
    0x97, 0xF0, 0xA8, 0xF0, 0xBA, 0xF0, 0xDB, 0xF0,
    0xDD, 0xF0, 0xDD, 0xF0, 0xEE, 0xF0, 0xEE, 0xF0,
    0xCC, 0xF0, 0xDD, 0xF0, 0xEE, 0xF0, 0xEE, 0xF0,
    0xEF, 0xF0, 0xEF, 0xF0, 0xEF, 0xF0, 0xEF, 0xF0,
    0xEF, 0xF0, 0xEF, 0xF0, 0xEF, 0xF0, 0xEF, 0xF0,
    0xEF, 0xF0, 0xEF, 0xF0, 0xEF, 0xF0, 0xEF, 0xF0,
    0xEF, 0xF0, 0xA8, 0xF0, 0xB5, 0xF1, 0x58, 0xF9,
    0x09, 0xFE, 0x2B, 0xFF, 0x4C, 0xFE, 0x6E, 0xFE,
    0x7E, 0xFF, 0x5C, 0xFD, 0x9D, 0xFD, 0x99, 0xF8,
    0xBA, 0xF8, 0xAA, 0xF8, 0xAA, 0xF8, 0xA9, 0xF8,
    0xA9, 0xF8, 0xAA, 0xF9, 0xBB, 0xF9, 0xBB, 0xFA,
    0xBB, 0xFA, 0xBA, 0xF8, 0xAA, 0xF8, 0xBB, 0xF9,
    0xBB, 0xF9, 0xCC, 0xFA, 0xDD, 0xFB, 0xDD, 0xFB,
    0xDD, 0xFA, 0xDE, 0xFB, 0x99, 0xF8, 0x33, 0xF4,
    0x33, 0xF6, 0x34, 0xF6, 0x33, 0xF6, 0x33, 0xF6,
    0x23, 0xF6, 0x34, 0xF6, 0x34, 0xF6, 0x34, 0xF6,
    0x34, 0xF6, 0x34, 0xF6, 0x34, 0xF6, 0x24, 0xF6,
    0x24, 0xF6, 0x34, 0xF6, 0x34, 0xF6, 0x34, 0xF6,
    0x34, 0xF7, 0x34, 0xF7, 0x33, 0xF6, 0x33, 0xF7,
    0x33, 0xF7, 0x23, 0xF7, 0x23, 0xF7, 0x33, 0xF6,
    0x35, 0xF4, 0x46, 0xF3, 0x69, 0xF3, 0x7B, 0xF2,
    0x48, 0xF0, 0x69, 0xF2, 0x7A, 0xF3, 0x59, 0xF1,
    0x59, 0xF2, 0x7B, 0xF3, 0x7A, 0xF3, 0x58, 0xF1,
    0x69, 0xF2, 0x6A, 0xF1, 0x69, 0xF0, 0x69, 0xF0,
    0x69, 0xF0, 0x7A, 0xF1, 0x79, 0xF0, 0x79, 0xF1,
    0x79, 0xF0, 0x7A, 0xF1, 0x7A, 0xF1, 0x8A, 0xF1,
    0x8A, 0xF2, 0x89, 0xF1, 0x8A, 0xF1, 0x8A, 0xF1,
    0x8A, 0xF0, 0x8B, 0xF0, 0x8B, 0xF0, 0x8B, 0xF0,
    0x8B, 0xF1, 0x9A, 0xF3, 0x9B, 0xF4, 0x8A, 0xF2,
    0x7B, 0xF1, 0x8C, 0xF2, 0x8C, 0xF1, 0xAE, 0xF3,
    0xCF, 0xF6, 0xAC, 0xF6, 0x67, 0xF5, 0x33, 0xF3,
    0x32, 0xF3, 0x54, 0xF5, 0x33, 0xF3, 0x54, 0xF4,
    0x43, 0xF3, 0x54, 0xF4, 0x33, 0xF3, 0x44, 0xF4,
    0x44, 0xF4, 0x43, 0xF3, 0x54, 0xF4, 0x43, 0xF3,
    0x43, 0xF3, 0x64, 0xF4, 0x54, 0xF4, 0x54, 0xF3,
    0x44, 0xF3, 0x43, 0xF3, 0x55, 0xF4, 0x54, 0xF4,
    0x99, 0xF8, 0xAA, 0xF9, 0x99, 0xF8, 0x9A, 0xF9,
    0xAA, 0xF9, 0xAA, 0xFA, 0x99, 0xF9, 0xAA, 0xF9,
    0xAA, 0xF9, 0x99, 0xF9, 0x99, 0xF9, 0x99, 0xF9,
    0xAA, 0xF9, 0xA9, 0xF9, 0xAA, 0xF9, 0xAA, 0xF9,
    0xAA, 0xFA, 0x99, 0xF9, 0xAA, 0xF9, 0xAA, 0xF9,
    0xAA, 0xF9, 0x99, 0xF9, 0x9A, 0xF9, 0x9A, 0xF8,
    0x9A, 0xF8, 0xAA, 0xF9, 0xAA, 0xF9, 0xAB, 0xFA,
    0xAA, 0xF9, 0xAA, 0xFA, 0xAA, 0xF9, 0xBB, 0xF9,
    0x78, 0xF6, 0x03, 0xF5, 0x36, 0xFB, 0x26, 0xFD,
    0x07, 0xFF, 0x06, 0xFE, 0x03, 0xFD, 0xA6, 0xF9,
    0xE6, 0xF3, 0xE2, 0xF0, 0xE1, 0xF0, 0xE1, 0xF0,
    0xE1, 0xF0, 0xE1, 0xF1, 0xE1, 0xF1, 0xE1, 0xF0,
    0xE2, 0xF0, 0xE2, 0xF0, 0xE3, 0xF0, 0xE3, 0xF0,
    0xE3, 0xF0, 0xD3, 0xF0, 0xE2, 0xF0, 0xE3, 0xF0,
    0xE2, 0xF0, 0xE3, 0xF0, 0xE3, 0xF0, 0xE3, 0xF0,
    0xE2, 0xF0, 0xE2, 0xF0, 0xE2, 0xF0, 0xE2, 0xF0,
    0xE2, 0xF1, 0xA0, 0xF0, 0x70, 0xF0, 0xB4, 0xF4,
    0x85, 0xF9, 0x04, 0xFE, 0x07, 0xFE, 0x39, 0xFF,
    0x5A, 0xFB, 0x9B, 0xFC, 0xBC, 0xFA, 0xBB, 0xF8,
    0xBB, 0xF8, 0xBB, 0xF7, 0xBA, 0xF7, 0xBA, 0xF7,
    0xAA, 0xF7, 0xBA, 0xF8, 0xA9, 0xF7, 0xA9, 0xF7,
    0x99, 0xF7, 0xA9, 0xF7, 0x99, 0xF7, 0x99, 0xF7,
    0x99, 0xF7, 0x89, 0xF6, 0xAA, 0xF7, 0x99, 0xF7,
    0xA9, 0xF8, 0x99, 0xF8, 0x99, 0xF8, 0x99, 0xF7,
    0xA9, 0xF8, 0x9A, 0xF8, 0x9A, 0xF8, 0x98, 0xF7,
    0x99, 0xF7, 0x68, 0xF8, 0x29, 0xFC, 0x2A, 0xFE,
    0x3A, 0xFB, 0x69, 0xF9, 0xDE, 0xFB, 0xED, 0xF7,
    0x53, 0xF0, 0x85, 0xF0, 0xCA, 0xF0, 0xDB, 0xF0,
    0xCA, 0xF0, 0xA8, 0xF0, 0xB8, 0xF0, 0xDA, 0xF0,
    0xDC, 0xF0, 0xED, 0xF0, 0xEE, 0xF0, 0xEE, 0xF0,
    0xDD, 0xF0, 0xDD, 0xF0, 0xED, 0xF0, 0xEE, 0xF0,
    0xEE, 0xF0, 0xEE, 0xF0, 0xEF, 0xF0, 0xEF, 0xF0,
    0xEF, 0xF0, 0xEF, 0xF0, 0xEF, 0xF0, 0xEF, 0xF0,
    0xEF, 0xF0, 0xEF, 0xF0, 0xEF, 0xF0, 0xEF, 0xF0,
    0xEF, 0xF0, 0xA8, 0xF0, 0x85, 0xF3, 0x48, 0xFA,
    0x1A, 0xFE, 0x2B, 0xFE, 0x4C, 0xFE, 0x4D, 0xFE,
    0x5E, 0xFF, 0x4B, 0xFD, 0x8C, 0xFD, 0x99, 0xF9,
    0xA9, 0xF9, 0x99, 0xF9, 0xAA, 0xF9, 0xA9, 0xF9,
    0xAA, 0xF9, 0x9A, 0xF9, 0xAA, 0xF9, 0xAA, 0xFA,
    0xAB, 0xFA, 0x9A, 0xF9, 0x56, 0xF6, 0x22, 0xF4,
    0x22, 0xF5, 0x34, 0xF5, 0x66, 0xF7, 0x77, 0xF7,
    0x89, 0xF9, 0x89, 0xF9, 0x34, 0xF5, 0x45, 0xF7,
    0x23, 0xF5, 0x23, 0xF6, 0x23, 0xF6, 0x33, 0xF6,
    0x33, 0xF6, 0x33, 0xF6, 0x33, 0xF6, 0x33, 0xF6,
    0x33, 0xF6, 0x34, 0xF6, 0x34, 0xF7, 0x34, 0xF7,
    0x34, 0xF7, 0x34, 0xF7, 0x34, 0xF6, 0x34, 0xF7,
    0x34, 0xF7, 0x34, 0xF7, 0x34, 0xF7, 0x34, 0xF7,
    0x34, 0xF7, 0x23, 0xF7, 0x23, 0xF7, 0x33, 0xF6,
    0x45, 0xF5, 0x46, 0xF2, 0x59, 0xF3, 0x7B, 0xF2,
    0x7B, 0xF2, 0x48, 0xF0, 0x6A, 0xF2, 0x7B, 0xF2,
    0x69, 0xF0, 0x7A, 0xF2, 0x8A, 0xF3, 0x68, 0xF1,
    0x68, 0xF0, 0x69, 0xF0, 0x6A, 0xF0, 0x7A, 0xF0,
    0x69, 0xF0, 0x69, 0xF0, 0x58, 0xF0, 0x69, 0xF1,
    0x68, 0xF1, 0x79, 0xF1, 0x79, 0xF1, 0x7A, 0xF1,
    0x8A, 0xF2, 0x8A, 0xF2, 0x8A, 0xF1, 0x8A, 0xF1,
    0x8A, 0xF1, 0x8B, 0xF0, 0x8A, 0xF0, 0x8B, 0xF0,
    0x8B, 0xF0, 0x9B, 0xF1, 0x9B, 0xF2, 0x9B, 0xF1,
    0x8B, 0xF1, 0x9C, 0xF4, 0x8C, 0xF2, 0xAF, 0xF2,
    0xCF, 0xF6, 0xAB, 0xF6, 0x45, 0xF3, 0x23, 0xF3,
    0x22, 0xF3, 0x54, 0xF5, 0x33, 0xF3, 0x54, 0xF4,
    0x43, 0xF3, 0x54, 0xF4, 0x33, 0xF3, 0x44, 0xF4,
    0x44, 0xF4, 0x33, 0xF3, 0x54, 0xF4, 0x43, 0xF3,
    0x43, 0xF3, 0x54, 0xF4, 0x54, 0xF4, 0x54, 0xF3,
    0x44, 0xF3, 0x44, 0xF3, 0x55, 0xF4, 0x54, 0xF4,
    0xAA, 0xF9, 0xAA, 0xF9, 0xAA, 0xFA, 0xAA, 0xF9,
    0x9A, 0xF9, 0xBB, 0xFA, 0xAA, 0xF9, 0x9A, 0xF8,
    0x99, 0xF8, 0xAA, 0xF9, 0xAA, 0xF9, 0x99, 0xF8,
    0xAA, 0xF9, 0xA9, 0xF9, 0x99, 0xF8, 0x99, 0xF8,
    0x99, 0xF8, 0x99, 0xF8, 0x88, 0xF7, 0x99, 0xF7,
    0x99, 0xF7, 0x99, 0xF7, 0xAA, 0xF7, 0x99, 0xF7,
    0xAA, 0xF8, 0xBB, 0xF8, 0xBB, 0xF8, 0xBB, 0xF8,
    0xBC, 0xF8, 0xBB, 0xF8, 0xCC, 0xF8, 0xCC, 0xF9,
    0x99, 0xF7, 0x13, 0xF5, 0x03, 0xF9, 0x36, 0xFD,
    0x06, 0xFF, 0x05, 0xFE, 0x04, 0xFD, 0x84, 0xF8,
    0xE5, 0xF2, 0xE3, 0xF0, 0xE2, 0xF0, 0xE2, 0xF0,
    0xE1, 0xF0, 0xD0, 0xF0, 0xE1, 0xF1, 0xE1, 0xF1,
    0xE1, 0xF0, 0xE1, 0xF0, 0xE2, 0xF0, 0xE3, 0xF0,
    0xE3, 0xF0, 0xE3, 0xF0, 0xE2, 0xF0, 0xE2, 0xF0,
    0xE2, 0xF0, 0xE2, 0xF0, 0xE2, 0xF0, 0xE2, 0xF0,
    0xE2, 0xF0, 0xE2, 0xF0, 0xE2, 0xF0, 0xE2, 0xF0,
    0xD2, 0xF1, 0x90, 0xF0, 0x60, 0xF0, 0xB5, 0xF4,
    0x95, 0xF9, 0x04, 0xFE, 0x07, 0xFF, 0x49, 0xFE,
    0x6A, 0xFC, 0x7A, 0xFB, 0xAB, 0xF9, 0xAA, 0xF7,
    0xAA, 0xF7, 0xBB, 0xF8, 0xAA, 0xF7, 0xAA, 0xF7,
    0xBB, 0xF8, 0xBB, 0xF8, 0xBB, 0xF8, 0xBB, 0xF8,
    0xBB, 0xF8, 0xBB, 0xF8, 0xBB, 0xF8, 0xCC, 0xF9,
    0xCC, 0xF8, 0xCB, 0xF8, 0xCB, 0xF8, 0xCB, 0xF8,
    0xCB, 0xF8, 0xBA, 0xF7, 0xBA, 0xF8, 0xAA, 0xF7,
    0xBA, 0xF8, 0xAA, 0xF7, 0xA9, 0xF6, 0xA9, 0xF7,
    0xA9, 0xF7, 0x89, 0xF9, 0x38, 0xFA, 0x3A, 0xFE,
    0x28, 0xFA, 0x48, 0xF8, 0xDE, 0xFA, 0xEE, 0xF7,
    0x63, 0xF0, 0x86, 0xF0, 0xC9, 0xF0, 0xDB, 0xF0,
    0xDC, 0xF0, 0xDB, 0xF0, 0xA8, 0xF0, 0xDA, 0xF0,
    0xDC, 0xF0, 0xDD, 0xF0, 0xDD, 0xF0, 0xDD, 0xF0,
    0xDD, 0xF0, 0xDD, 0xF0, 0xDD, 0xF0, 0xDD, 0xF0,
    0xDD, 0xF0, 0xDE, 0xF0, 0xEE, 0xF0, 0xEE, 0xF0,
    0xEF, 0xF0, 0xEF, 0xF0, 0xEF, 0xF0, 0xEF, 0xF0,
    0xEF, 0xF0, 0xEF, 0xF0, 0xEF, 0xF0, 0xEF, 0xF0,
    0xEF, 0xF0, 0xA8, 0xF0, 0x75, 0xF5, 0x48, 0xFB,
    0x09, 0xFD, 0x3B, 0xFE, 0x4C, 0xFE, 0x3B, 0xFD,
    0x4D, 0xFF, 0x4B, 0xFD, 0x8C, 0xFD, 0x99, 0xF9,
    0x98, 0xF8, 0x99, 0xF9, 0x99, 0xF9, 0x99, 0xF9,
    0xAA, 0xF9, 0xAA, 0xFA, 0xAA, 0xF9, 0xAA, 0xF9,
    0xAA, 0xFA, 0xAA, 0xFA, 0x67, 0xF8, 0x12, 0xF4,
    0x12, 0xF5, 0x12, 0xF5, 0x22, 0xF5, 0x22, 0xF5,
    0x22, 0xF5, 0x22, 0xF5, 0x23, 0xF5, 0x23, 0xF6,
    0x23, 0xF6, 0x23, 0xF6, 0x23, 0xF6, 0x23, 0xF6,
    0x23, 0xF6, 0x23, 0xF6, 0x33, 0xF6, 0x33, 0xF6,
    0x23, 0xF6, 0x34, 0xF6, 0x33, 0xF6, 0x33, 0xF6,
    0x34, 0xF6, 0x34, 0xF6, 0x23, 0xF6, 0x24, 0xF6,
    0x34, 0xF6, 0x34, 0xF6, 0x34, 0xF6, 0x33, 0xF6,
    0x34, 0xF6, 0x34, 0xF7, 0x24, 0xF6, 0x33, 0xF6,
    0x45, 0xF5, 0x46, 0xF3, 0x37, 0xF2, 0x6B, 0xF2,
    0x7C, 0xF3, 0x59, 0xF1, 0x59, 0xF1, 0x6A, 0xF1,
    0x7A, 0xF1, 0x7A, 0xF1, 0x8B, 0xF2, 0x8A, 0xF2,
    0x69, 0xF0, 0x69, 0xF0, 0x7A, 0xF0, 0x7A, 0xF1,
    0x79, 0xF1, 0x79, 0xF1, 0x69, 0xF0, 0x69, 0xF0,
    0x69, 0xF0, 0x79, 0xF0, 0x79, 0xF0, 0x79, 0xF0,
    0x7A, 0xF1, 0x8A, 0xF1, 0x8A, 0xF1, 0x8A, 0xF1,
    0x9B, 0xF1, 0x9B, 0xF1, 0x8B, 0xF0, 0x8B, 0xF0,
    0x8B, 0xF1, 0x8B, 0xF0, 0x8A, 0xF0, 0x8B, 0xF0,
    0x7A, 0xF0, 0x9D, 0xF3, 0x8C, 0xF2, 0xAF, 0xF3,
    0xCF, 0xF6, 0xAC, 0xF6, 0x56, 0xF4, 0x23, 0xF3,
    0x22, 0xF3, 0x54, 0xF5, 0x33, 0xF3, 0x54, 0xF4,
    0x43, 0xF3, 0x64, 0xF5, 0x33, 0xF3, 0x44, 0xF4,
    0x44, 0xF4, 0x43, 0xF3, 0x54, 0xF4, 0x44, 0xF3,
    0x43, 0xF3, 0x65, 0xF4, 0x54, 0xF4, 0x54, 0xF4,
    0x44, 0xF3, 0x43, 0xF3, 0x54, 0xF4, 0x54, 0xF4,
    0x99, 0xF8, 0x98, 0xF8, 0x98, 0xF8, 0x99, 0xF8,
    0x98, 0xF7, 0x99, 0xF7, 0x99, 0xF7, 0x99, 0xF7,
    0x99, 0xF7, 0x99, 0xF7, 0x99, 0xF7, 0x99, 0xF7,
    0xAA, 0xF7, 0xAA, 0xF7, 0xAA, 0xF7, 0xBA, 0xF8,
    0xBB, 0xF8, 0xBA, 0xF8, 0xBB, 0xF8, 0xBB, 0xF8,
    0xCC, 0xF9, 0xCB, 0xF9, 0xCB, 0xF9, 0xCB, 0xF9,
    0xCC, 0xF9, 0xBB, 0xF8, 0xBB, 0xF8, 0xBB, 0xF8,
    0xBB, 0xF8, 0xBB, 0xF8, 0xBB, 0xF8, 0xBB, 0xF8,
    0x99, 0xF7, 0x13, 0xF4, 0x02, 0xF8, 0x37, 0xFD,
    0x06, 0xFF, 0x04, 0xFE, 0x03, 0xFD, 0x95, 0xF9,
    0xE6, 0xF3, 0xE3, 0xF0, 0xE2, 0xF0, 0xE2, 0xF0,
    0xE2, 0xF1, 0xD1, 0xF0, 0xE1, 0xF0, 0xE1, 0xF0,
    0xE1, 0xF0, 0xE1, 0xF0, 0xE2, 0xF0, 0xE2, 0xF0,
    0xE3, 0xF0, 0xE2, 0xF0, 0xE2, 0xF0, 0xE2, 0xF0,
    0xE2, 0xF0, 0xE1, 0xF0, 0xE1, 0xF0, 0xE2, 0xF0,
    0xE2, 0xF0, 0xE2, 0xF0, 0xE2, 0xF0, 0xC1, 0xF0,
    0xB1, 0xF0, 0x80, 0xF0, 0x60, 0xF0, 0xA2, 0xF1,
    0xA5, 0xF8, 0x04, 0xFD, 0x07, 0xFE, 0x7B, 0xFD,
    0x59, 0xFC, 0x7A, 0xFB, 0xAB, 0xFA, 0xAA, 0xF8,
    0xAB, 0xF9, 0x9A, 0xF8, 0x9A, 0xF8, 0x9A, 0xF8,
    0x9A, 0xF8, 0x99, 0xF8, 0x99, 0xF8, 0x99, 0xF8,
    0x99, 0xF8, 0xAA, 0xF9, 0xAA, 0xF8, 0xAA, 0xF9,
    0xAA, 0xF8, 0xBA, 0xF8, 0xA9, 0xF7, 0xAA, 0xF8,
    0xAA, 0xF7, 0xAA, 0xF8, 0xBB, 0xF8, 0xBA, 0xF8,
    0xAA, 0xF8, 0xBB, 0xF8, 0xBB, 0xF8, 0xBB, 0xF9,
    0xCB, 0xF9, 0xBD, 0xFC, 0x26, 0xF8, 0x3B, 0xFE,
    0x17, 0xFA, 0x38, 0xF9, 0x9B, 0xF8, 0xEE, 0xF9,
    0x64, 0xF0, 0xA7, 0xF0, 0xB8, 0xF0, 0xDA, 0xF0,
    0xDB, 0xF0, 0xDC, 0xF0, 0xB9, 0xF0, 0xCA, 0xF0,
    0xDC, 0xF0, 0xDC, 0xF0, 0xDC, 0xF0, 0xDD, 0xF0,
    0xDD, 0xF0, 0xDD, 0xF0, 0xDD, 0xF0, 0xDD, 0xF0,
    0xDD, 0xF0, 0xDD, 0xF0, 0xEE, 0xF0, 0xEE, 0xF0,
    0xEE, 0xF0, 0xEF, 0xF0, 0xEF, 0xF0, 0xEF, 0xF0,
    0xEF, 0xF0, 0xEF, 0xF0, 0xEF, 0xF0, 0xEF, 0xF0,
    0xEF, 0xF0, 0xA8, 0xF0, 0x54, 0xF6, 0x38, 0xFC,
    0x09, 0xFD, 0x3C, 0xFE, 0x4C, 0xFE, 0x3B, 0xFE,
    0x4C, 0xFE, 0x4C, 0xFE, 0x8D, 0xFD, 0x89, 0xF9,
    0x99, 0xF9, 0x99, 0xF9, 0xAA, 0xF9, 0x99, 0xF9,
    0xAA, 0xF9, 0xAA, 0xFA, 0xAA, 0xF9, 0xAA, 0xF9,
    0xBB, 0xFA, 0xAB, 0xFB, 0x89, 0xFA, 0x33, 0xF5,
    0x12, 0xF6, 0x12, 0xF6, 0x22, 0xF6, 0x22, 0xF6,
    0x22, 0xF6, 0x22, 0xF6, 0x22, 0xF6, 0x23, 0xF6,
    0x23, 0xF6, 0x23, 0xF6, 0x23, 0xF6, 0x23, 0xF6,
    0x23, 0xF6, 0x23, 0xF6, 0x23, 0xF6, 0x23, 0xF6,
    0x23, 0xF6, 0x23, 0xF6, 0x23, 0xF6, 0x23, 0xF6,
    0x23, 0xF6, 0x34, 0xF6, 0x23, 0xF6, 0x33, 0xF7,
    0x23, 0xF6, 0x33, 0xF6, 0x33, 0xF6, 0x33, 0xF6,
    0x23, 0xF6, 0x23, 0xF6, 0x23, 0xF6, 0x23, 0xF6,
    0x34, 0xF5, 0x46, 0xF5, 0x15, 0xF2, 0x48, 0xF1,
    0x7B, 0xF2, 0x7B, 0xF1, 0x7A, 0xF2, 0x58, 0xF0,
    0x69, 0xF0, 0x79, 0xF0, 0x8A, 0xF1, 0x8A, 0xF1,
    0x7A, 0xF1, 0x69, 0xF0, 0x7A, 0xF0, 0x7A, 0xF1,
    0x7A, 0xF1, 0x79, 0xF1, 0x79, 0xF0, 0x79, 0xF0,
    0x79, 0xF0, 0x8A, 0xF1, 0x7A, 0xF1, 0x79, 0xF0,
    0x79, 0xF0, 0x7A, 0xF0, 0x8A, 0xF0, 0x8A, 0xF1,
    0x9B, 0xF1, 0x8A, 0xF0, 0x8A, 0xF0, 0x8B, 0xF1,
    0x8A, 0xF0, 0x8B, 0xF0, 0x7A, 0xF0, 0x8B, 0xF0,
    0x8B, 0xF0, 0x9D, 0xF2, 0x8C, 0xF1, 0xAE, 0xF4,
    0xCF, 0xF5, 0x9B, 0xF5, 0x56, 0xF4, 0x23, 0xF3,
    0x22, 0xF3, 0x54, 0xF4, 0x33, 0xF3, 0x54, 0xF4,
    0x43, 0xF3, 0x64, 0xF5, 0x33, 0xF3, 0x44, 0xF4,
    0x44, 0xF4, 0x33, 0xF3, 0x54, 0xF4, 0x43, 0xF3,
    0x43, 0xF3, 0x65, 0xF4, 0x54, 0xF4, 0x54, 0xF3,
    0x43, 0xF3, 0x44, 0xF3, 0x54, 0xF4, 0x55, 0xF4,
    0xAA, 0xF8, 0xBA, 0xF8, 0xBA, 0xF8, 0xBA, 0xF8,
    0xBB, 0xF8, 0xBB, 0xF8, 0xBA, 0xF8, 0xBA, 0xF8,
    0xBB, 0xF9, 0xAA, 0xF8, 0xAA, 0xF8, 0xBA, 0xF8,
    0xAA, 0xF8, 0xAA, 0xF8, 0xBA, 0xF8, 0xAA, 0xF7,
    0xAA, 0xF7, 0xA9, 0xF7, 0xAA, 0xF7, 0x99, 0xF6,
    0xBA, 0xF8, 0xAA, 0xF8, 0xA9, 0xF7, 0xBA, 0xF8,
    0xBB, 0xF8, 0xAA, 0xF8, 0xBA, 0xF8, 0xAA, 0xF8,
    0xAA, 0xF8, 0xBB, 0xF9, 0xBA, 0xF9, 0xCB, 0xF9,
    0xBB, 0xF9, 0x01, 0xF4, 0x02, 0xF8, 0x36, 0xFC,
    0x27, 0xFE, 0x04, 0xFD, 0x03, 0xFD, 0x84, 0xF7,
    0xE6, 0xF2, 0xE4, 0xF0, 0xE2, 0xF0, 0xE2, 0xF0,
    0xE2, 0xF1, 0xD1, 0xF0, 0xD1, 0xF0, 0xE1, 0xF1,
    0xE1, 0xF0, 0xE1, 0xF0, 0xE2, 0xF0, 0xE2, 0xF0,
    0xE2, 0xF0, 0xE2, 0xF0, 0xE2, 0xF0, 0xE2, 0xF0,
    0xE1, 0xF0, 0xE1, 0xF0, 0xE1, 0xF0, 0xE2, 0xF0,
    0xE2, 0xF0, 0xE2, 0xF0, 0xE2, 0xF0, 0xD1, 0xF0,
    0xA0, 0xF0, 0x70, 0xF0, 0x60, 0xF0, 0xC4, 0xF3,
    0x83, 0xF6, 0x04, 0xFD, 0x06, 0xFE, 0x6A, 0xFD,
    0x8B, 0xFD, 0x9C, 0xFB, 0xCC, 0xFA, 0xCC, 0xF8,
    0xCC, 0xF8, 0xCC, 0xF8, 0xCB, 0xF8, 0xCC, 0xF8,
    0xCC, 0xF8, 0xCC, 0xF8, 0xBB, 0xF8, 0xCB, 0xF9,
    0xBB, 0xF8, 0xBA, 0xF8, 0xBB, 0xF8, 0xCB, 0xF8,
    0xBB, 0xF8, 0xAA, 0xF8, 0xAA, 0xF8, 0xAA, 0xF8,
    0xBB, 0xF9, 0xAB, 0xF9, 0xAA, 0xF8, 0x99, 0xF7,
    0xAA, 0xF9, 0xA9, 0xF8, 0xAA, 0xF8, 0xBB, 0xF9,
    0xAA, 0xF8, 0xAB, 0xFA, 0x36, 0xF9, 0x39, 0xFD,
    0x39, 0xFB, 0x06, 0xF8, 0x37, 0xF8, 0xBC, 0xFA,
    0x64, 0xF0, 0xB8, 0xF0, 0xB8, 0xF0, 0xCA, 0xF0,
    0xDB, 0xF0, 0xDC, 0xF0, 0xCB, 0xF0, 0xB9, 0xF0,
    0xDB, 0xF0, 0xDB, 0xF0, 0xDC, 0xF0, 0xDD, 0xF0,
    0xDD, 0xF0, 0xDC, 0xF0, 0xDC, 0xF0, 0xDC, 0xF0,
    0xDD, 0xF0, 0xDD, 0xF0, 0xED, 0xF0, 0xED, 0xF0,
    0xED, 0xF0, 0xEE, 0xF0, 0xEE, 0xF0, 0xEE, 0xF0,
    0xEE, 0xF0, 0xEF, 0xF0, 0xEF, 0xF0, 0xEF, 0xF0,
    0xEF, 0xF0, 0xA8, 0xF0, 0x55, 0xF7, 0x18, 0xFD,
    0x1A, 0xFD, 0x4D, 0xFF, 0x3C, 0xFE, 0x4C, 0xFF,
    0x4C, 0xFE, 0x5C, 0xFE, 0x8D, 0xFD, 0x8A, 0xFA,
    0x99, 0xF9, 0xAA, 0xF9, 0x9A, 0xF9, 0xAA, 0xFA,
    0xAB, 0xFA, 0xAA, 0xFA, 0xAB, 0xFA, 0xBB, 0xFA,
    0xBB, 0xFA, 0xAB, 0xFB, 0x89, 0xFA, 0x44, 0xF6,
    0x12, 0xF5, 0x12, 0xF6, 0x12, 0xF6, 0x22, 0xF6,
    0x22, 0xF6, 0x22, 0xF6, 0x23, 0xF6, 0x23, 0xF6,
    0x23, 0xF6, 0x23, 0xF6, 0x23, 0xF6, 0x23, 0xF6,
    0x23, 0xF6, 0x23, 0xF6, 0x23, 0xF6, 0x23, 0xF6,
    0x23, 0xF6, 0x33, 0xF6, 0x23, 0xF6, 0x23, 0xF6,
    0x33, 0xF6, 0x33, 0xF6, 0x33, 0xF6, 0x23, 0xF6,
    0x23, 0xF6, 0x33, 0xF6, 0x33, 0xF6, 0x33, 0xF6,
    0x23, 0xF7, 0x23, 0xF7, 0x23, 0xF7, 0x23, 0xF6,
    0x23, 0xF5, 0x36, 0xF5, 0x15, 0xF2, 0x48, 0xF2,
    0x6B, 0xF1, 0x7B, 0xF0, 0x7B, 0xF1, 0x7A, 0xF1,
    0x68, 0xF0, 0x79, 0xF0, 0x7A, 0xF0, 0x8A, 0xF1,
    0x79, 0xF1, 0x7A, 0xF1, 0x7A, 0xF1, 0x8A, 0xF1,
    0x7A, 0xF0, 0x79, 0xF1, 0x79, 0xF1, 0x79, 0xF0,
    0x79, 0xF0, 0x7A, 0xF1, 0x8A, 0xF1, 0x69, 0xF0,
    0x79, 0xF0, 0x79, 0xF0, 0x89, 0xF0, 0x9A, 0xF1,
    0x8A, 0xF0, 0x9B, 0xF0, 0x8A, 0xF0, 0x8B, 0xF0,
    0x8A, 0xF0, 0x7A, 0xF0, 0x7A, 0xF0, 0x7A, 0xF0,
    0x8B, 0xF0, 0x9C, 0xF0, 0xAE, 0xF2, 0xAE, 0xF3,
    0xDF, 0xF6, 0x9A, 0xF5, 0x44, 0xF2, 0x33, 0xF3,
    0x22, 0xF3, 0x54, 0xF4, 0x33, 0xF3, 0x53, 0xF4,
    0x43, 0xF3, 0x54, 0xF4, 0x33, 0xF3, 0x44, 0xF4,
    0x44, 0xF4, 0x33, 0xF3, 0x54, 0xF4, 0x43, 0xF3,
    0x43, 0xF3, 0x55, 0xF4, 0x54, 0xF4, 0x54, 0xF3,
    0x43, 0xF3, 0x54, 0xF4, 0x54, 0xF4, 0x54, 0xF4,
    0xAA, 0xF8, 0xAB, 0xF8, 0xAB, 0xF8, 0x99, 0xF7,
    0xAA, 0xF8, 0x9A, 0xF8, 0x99, 0xF7, 0xAA, 0xF8,
    0xAA, 0xF8, 0xAA, 0xF8, 0xBA, 0xF8, 0xBA, 0xF8,
    0xAA, 0xF8, 0xBA, 0xF8, 0xAA, 0xF7, 0xBA, 0xF8,
    0xBB, 0xF8, 0xBB, 0xF8, 0xCB, 0xF9, 0xCB, 0xF9,
    0xCC, 0xF9, 0xCC, 0xF9, 0xCC, 0xF9, 0xCC, 0xF9,
    0xCD, 0xF9, 0xCC, 0xF9, 0xCC, 0xF9, 0xCC, 0xF8,
    0xCC, 0xF8, 0xCC, 0xF9, 0xCC, 0xF9, 0xCC, 0xF9,
    0xCC, 0xFA, 0x00, 0xF3, 0x02, 0xF8, 0x24, 0xFA,
    0x47, 0xFF, 0x04, 0xFD, 0x13, 0xFC, 0x62, 0xF6,
    0xE5, 0xF2, 0xE4, 0xF0, 0xE3, 0xF0, 0xE2, 0xF0,
    0xE2, 0xF1, 0xD1, 0xF0, 0xD1, 0xF1, 0xD1, 0xF1,
    0xE1, 0xF1, 0xE1, 0xF1, 0xE1, 0xF0, 0xE2, 0xF0,
    0xE2, 0xF0, 0xE2, 0xF0, 0xE2, 0xF0, 0xE1, 0xF0,
    0xE1, 0xF0, 0xE1, 0xF0, 0xE1, 0xF0, 0xE1, 0xF0,
    0xE2, 0xF0, 0xE2, 0xF0, 0xE2, 0xF0, 0xD2, 0xF1,
    0xA0, 0xF0, 0x70, 0xF0, 0x60, 0xF0, 0xC4, 0xF3,
    0x94, 0xF7, 0x04, 0xFD, 0x06, 0xFD, 0x59, 0xFC,
    0x9C, 0xFD, 0x8A, 0xF9, 0xAA, 0xF8, 0xBA, 0xF8,
    0xAA, 0xF8, 0xAA, 0xF7, 0xBA, 0xF8, 0xAA, 0xF8,
    0xAA, 0xF8, 0xBB, 0xF9, 0xBB, 0xF8, 0xBB, 0xF8,
    0xBB, 0xF8, 0xCC, 0xF9, 0xCB, 0xF8, 0xBB, 0xF8,
    0xBB, 0xF8, 0xCB, 0xF8, 0xBB, 0xF7, 0xCB, 0xF8,
    0xCB, 0xF7, 0xCB, 0xF8, 0xCB, 0xF8, 0xCB, 0xF8,
    0xCB, 0xF8, 0xCB, 0xF8, 0xBB, 0xF8, 0xCB, 0xF9,
    0xCB, 0xF8, 0xBA, 0xF9, 0x79, 0xFA, 0x05, 0xFA,
    0x4B, 0xFE, 0x06, 0xF9, 0x38, 0xFB, 0x79, 0xFA,
    0x64, 0xF0, 0xC9, 0xF0, 0xCA, 0xF0, 0xC9, 0xF0,
    0xDB, 0xF0, 0xDB, 0xF0, 0xCB, 0xF0, 0xCA, 0xF0,
    0xCA, 0xF0, 0xCA, 0xF0, 0xDC, 0xF0, 0xDC, 0xF0,
    0xDC, 0xF0, 0xDC, 0xF0, 0xDC, 0xF0, 0xDC, 0xF0,
    0xDC, 0xF0, 0xDD, 0xF0, 0xDD, 0xF0, 0xDD, 0xF0,
    0xDD, 0xF0, 0xED, 0xF0, 0xEE, 0xF0, 0xEE, 0xF0,
    0xEE, 0xF0, 0xEF, 0xF0, 0xEF, 0xF0, 0xEF, 0xF0,
    0xEF, 0xF0, 0xA8, 0xF0, 0x55, 0xF7, 0x18, 0xFD,
    0x2B, 0xFE, 0x4D, 0xFF, 0x3B, 0xFE, 0x5D, 0xFE,
    0x4C, 0xFE, 0x5D, 0xFE, 0x8D, 0xFD, 0x79, 0xF9,
    0x99, 0xF9, 0xAA, 0xF9, 0xAA, 0xF9, 0x99, 0xF9,
    0x99, 0xF9, 0xAA, 0xF9, 0xAA, 0xFA, 0xAA, 0xFA,
    0xAA, 0xFA, 0xBB, 0xFB, 0xAA, 0xFA, 0x55, 0xF7,
    0x12, 0xF4, 0x22, 0xF5, 0x12, 0xF5, 0x22, 0xF5,
    0x23, 0xF6, 0x23, 0xF6, 0x23, 0xF6, 0x23, 0xF5,
    0x23, 0xF5, 0x23, 0xF5, 0x23, 0xF6, 0x23, 0xF6,
    0x23, 0xF6, 0x23, 0xF6, 0x23, 0xF6, 0x23, 0xF6,
    0x23, 0xF6, 0x23, 0xF6, 0x23, 0xF6, 0x23, 0xF6,
    0x23, 0xF6, 0x33, 0xF6, 0x33, 0xF6, 0x23, 0xF6,
    0x33, 0xF6, 0x33, 0xF6, 0x33, 0xF6, 0x23, 0xF6,
    0x23, 0xF7, 0x23, 0xF7, 0x23, 0xF7, 0x23, 0xF6,
    0x23, 0xF5, 0x24, 0xF4, 0x15, 0xF2, 0x59, 0xF3,
    0x7C, 0xF4, 0x9D, 0xF2, 0x9D, 0xF2, 0x8B, 0xF2,
    0x79, 0xF1, 0x79, 0xF0, 0x7A, 0xF1, 0x7A, 0xF1,
    0x69, 0xF0, 0x79, 0xF1, 0x79, 0xF1, 0x7A, 0xF1,
    0x79, 0xF0, 0x79, 0xF0, 0x79, 0xF0, 0x79, 0xF1,
    0x79, 0xF0, 0x79, 0xF1, 0x8A, 0xF3, 0x89, 0xF2,
    0x8A, 0xF2, 0x9B, 0xF2, 0x9A, 0xF2, 0x9B, 0xF1,
    0x9A, 0xF0, 0x9B, 0xF1, 0x9B, 0xF1, 0x9B, 0xF0,
    0x8A, 0xF0, 0x69, 0xF0, 0x7A, 0xF0, 0x7B, 0xF0,
    0x7B, 0xF0, 0x8C, 0xF1, 0xAE, 0xF2, 0xAE, 0xF4,
    0xCE, 0xF6, 0xAB, 0xF6, 0x44, 0xF3, 0x22, 0xF3,
    0x22, 0xF4, 0x44, 0xF4, 0x33, 0xF3, 0x54, 0xF4,
    0x33, 0xF3, 0x54, 0xF4, 0x33, 0xF3, 0x43, 0xF3,
    0x44, 0xF4, 0x33, 0xF3, 0x54, 0xF4, 0x43, 0xF3,
    0x43, 0xF3, 0x54, 0xF4, 0x54, 0xF3, 0x54, 0xF4,
    0x43, 0xF3, 0x44, 0xF3, 0x54, 0xF4, 0x55, 0xF4,
    0xA9, 0xF7, 0xAA, 0xF7, 0xAA, 0xF7, 0xBB, 0xF8,
    0xBB, 0xF8, 0xBB, 0xF8, 0xCB, 0xF9, 0xCB, 0xF8,
    0xCB, 0xF8, 0xCB, 0xF8, 0xCC, 0xF8, 0xBB, 0xF7,
    0xCC, 0xF8, 0xBB, 0xF7, 0xBB, 0xF8, 0xCC, 0xF9,
    0xCB, 0xF8, 0xBB, 0xF8, 0xCC, 0xF9, 0xCC, 0xF9,
    0xBB, 0xF9, 0xBB, 0xF9, 0xAA, 0xF8, 0xAA, 0xF9,
    0xAA, 0xF9, 0xBB, 0xF9, 0xA9, 0xF8, 0xBB, 0xF9,
    0xBB, 0xF8, 0xAA, 0xF8, 0xAA, 0xF8, 0xCC, 0xF9,
    0xBC, 0xF9, 0x01, 0xF2, 0x11, 0xF8, 0x01, 0xFA,
    0x14, 0xFE, 0x03, 0xFE, 0x12, 0xFC, 0x51, 0xF6,
    0xD4, 0xF2, 0xE5, 0xF1, 0xE2, 0xF0, 0xE2, 0xF0,
    0xE2, 0xF0, 0xC0, 0xF0, 0xC1, 0xF1, 0xD1, 0xF1,
    0xD1, 0xF1, 0xE1, 0xF0, 0xE1, 0xF0, 0xE1, 0xF0,
    0xE2, 0xF0, 0xE2, 0xF0, 0xE2, 0xF0, 0xE1, 0xF0,
    0xE2, 0xF0, 0xE2, 0xF0, 0xE1, 0xF0, 0xE2, 0xF0,
    0xE2, 0xF0, 0xE2, 0xF0, 0xD2, 0xF0, 0xE3, 0xF1,
    0x91, 0xF0, 0x60, 0xF0, 0x60, 0xF0, 0xC4, 0xF3,
    0x83, 0xF6, 0x14, 0xFD, 0x28, 0xFD, 0x48, 0xFC,
    0x9C, 0xFD, 0x9B, 0xFA, 0xBB, 0xF9, 0xBB, 0xF9,
    0xAB, 0xF9, 0xAB, 0xF9, 0xAB, 0xF9, 0x99, 0xF8,
    0x99, 0xF8, 0x99, 0xF8, 0xAA, 0xF8, 0x99, 0xF7,
    0x99, 0xF8, 0xAB, 0xF9, 0x9A, 0xF8, 0x99, 0xF8,
    0x9A, 0xF8, 0xAA, 0xF8, 0x9A, 0xF8, 0x99, 0xF7,
    0xAB, 0xF8, 0xAA, 0xF8, 0xA9, 0xF8, 0xAA, 0xF8,
    0xBB, 0xF9, 0xBA, 0xF9, 0xAA, 0xF8, 0xAA, 0xF8,
    0xCB, 0xF7, 0xCB, 0xF9, 0x89, 0xF9, 0x05, 0xFA,
    0x3A, 0xFE, 0x27, 0xFA, 0x38, 0xFB, 0x59, 0xF9,
    0x65, 0xF0, 0xCA, 0xF0, 0xDB, 0xF0, 0xCA, 0xF0,
    0xCA, 0xF0, 0xCA, 0xF0, 0xCA, 0xF0, 0xCA, 0xF0,
    0xC9, 0xF0, 0xCA, 0xF0, 0xDB, 0xF0, 0xDB, 0xF0,
    0xDC, 0xF0, 0xDC, 0xF0, 0xDB, 0xF0, 0xDB, 0xF0,
    0xDC, 0xF0, 0xDC, 0xF0, 0xDD, 0xF0, 0xDD, 0xF0,
    0xDD, 0xF0, 0xDD, 0xF0, 0xED, 0xF0, 0xED, 0xF0,
    0xEE, 0xF0, 0xEF, 0xF0, 0xEF, 0xF0, 0xEF, 0xF0,
    0xEF, 0xF0, 0xB8, 0xF0, 0x23, 0xF4, 0x09, 0xFD,
    0x3B, 0xFE, 0x3B, 0xFE, 0x3C, 0xFE, 0x5D, 0xFF,
    0x4C, 0xFE, 0x6D, 0xFF, 0x7C, 0xFD, 0x8A, 0xFA,
    0xAA, 0xF9, 0xBB, 0xF7, 0xBA, 0xF7, 0xAA, 0xF7,
    0xAA, 0xF7, 0xA9, 0xF7, 0xAA, 0xF8, 0xBA, 0xF9,
    0xAA, 0xF8, 0xAA, 0xF8, 0xAA, 0xF9, 0x88, 0xF8,
    0x23, 0xF4, 0x22, 0xF4, 0x22, 0xF5, 0x22, 0xF5,
    0x22, 0xF5, 0x23, 0xF5, 0x23, 0xF5, 0x23, 0xF5,
    0x23, 0xF6, 0x23, 0xF6, 0x23, 0xF6, 0x23, 0xF6,
    0x23, 0xF6, 0x33, 0xF6, 0x33, 0xF6, 0x33, 0xF6,
    0x23, 0xF6, 0x23, 0xF6, 0x23, 0xF6, 0x23, 0xF6,
    0x33, 0xF6, 0x33, 0xF6, 0x33, 0xF6, 0x23, 0xF6,
    0x23, 0xF6, 0x33, 0xF6, 0x33, 0xF6, 0x33, 0xF6,
    0x23, 0xF6, 0x23, 0xF7, 0x23, 0xF7, 0x23, 0xF7,
    0x23, 0xF5, 0x35, 0xF4, 0x25, 0xF3, 0x26, 0xF2,
    0x69, 0xF4, 0x8C, 0xF3, 0x8C, 0xF2, 0x9C, 0xF2,
    0x79, 0xF1, 0x68, 0xF0, 0x79, 0xF1, 0x8A, 0xF1,
    0x79, 0xF0, 0x68, 0xF0, 0x69, 0xF0, 0x79, 0xF0,
    0x79, 0xF0, 0x79, 0xF0, 0x69, 0xF0, 0x68, 0xF0,
    0x79, 0xF0, 0x8A, 0xF1, 0x8A, 0xF3, 0x89, 0xF3,
    0x9A, 0xF2, 0x9A, 0xF1, 0x9A, 0xF2, 0x9A, 0xF1,
    0x8A, 0xF0, 0x9B, 0xF0, 0x9B, 0xF0, 0x8B, 0xF0,
    0x9B, 0xF0, 0x58, 0xF0, 0x69, 0xF1, 0x6A, 0xF1,
    0x7B, 0xF0, 0x8D, 0xF3, 0xAE, 0xF4, 0xAE, 0xF5,
    0xCF, 0xF7, 0x9A, 0xF6, 0x33, 0xF2, 0x22, 0xF4,
    0x22, 0xF4, 0x33, 0xF4, 0x23, 0xF3, 0x44, 0xF4,
    0x33, 0xF3, 0x54, 0xF4, 0x43, 0xF3, 0x43, 0xF4,
    0x54, 0xF4, 0x33, 0xF3, 0x54, 0xF4, 0x43, 0xF3,
    0x43, 0xF3, 0x54, 0xF4, 0x54, 0xF3, 0x54, 0xF3,
    0x43, 0xF3, 0x43, 0xF3, 0x54, 0xF4, 0x54, 0xF4,
    0xCB, 0xF8, 0xCB, 0xF8, 0xBB, 0xF7, 0xBA, 0xF7,
    0xBB, 0xF7, 0xBB, 0xF8, 0xAA, 0xF6, 0xBB, 0xF8,
    0xBA, 0xF8, 0xAA, 0xF7, 0xAA, 0xF8, 0x99, 0xF7,
    0xAA, 0xF8, 0xAA, 0xF8, 0xA9, 0xF8, 0xA9, 0xF7,
    0xAA, 0xF8, 0xBA, 0xF8, 0xBA, 0xF8, 0xBA, 0xF8,
    0xBB, 0xF8, 0xBB, 0xF8, 0xBB, 0xF8, 0xBB, 0xF8,
    0xBB, 0xF8, 0xBB, 0xF8, 0xBB, 0xF8, 0xCB, 0xF9,
    0xCB, 0xF9, 0xBC, 0xF9, 0xCC, 0xF9, 0xCD, 0xF9,
    0xCD, 0xFA, 0x23, 0xF1, 0x01, 0xF6, 0x01, 0xFA,
    0x02, 0xFC, 0x03, 0xFD, 0x12, 0xFD, 0x51, 0xF6,
    0xC3, 0xF1, 0xE4, 0xF1, 0xE3, 0xF0, 0xE2, 0xF0,
    0xE2, 0xF0, 0xB0, 0xF0, 0xB0, 0xF1, 0xC1, 0xF1,
    0xD1, 0xF1, 0xD1, 0xF1, 0xE1, 0xF1, 0xE1, 0xF0,
    0xE1, 0xF0, 0xE2, 0xF0, 0xE2, 0xF0, 0xE1, 0xF0,
    0xE1, 0xF0, 0xE2, 0xF0, 0xE2, 0xF0, 0xE2, 0xF0,
    0xE2, 0xF0, 0xE2, 0xF0, 0xE3, 0xF0, 0xE4, 0xF1,
    0x81, 0xF0, 0x60, 0xF0, 0x60, 0xF0, 0xB3, 0xF3,
    0x72, 0xF6, 0x13, 0xFD, 0x4A, 0xFE, 0x38, 0xFB,
    0x8B, 0xFB, 0xBC, 0xFB, 0xDD, 0xFA, 0xCC, 0xF9,
    0xCC, 0xF9, 0xCC, 0xF8, 0xCC, 0xF9, 0xBB, 0xF8,
    0xBB, 0xF8, 0xAA, 0xF7, 0xBA, 0xF8, 0xBB, 0xF8,
    0xBB, 0xF8, 0xBA, 0xF8, 0xBB, 0xF8, 0xCB, 0xF9,
    0xAA, 0xF7, 0xAA, 0xF8, 0x99, 0xF8, 0x99, 0xF7,
    0xBA, 0xF9, 0xAA, 0xF9, 0x99, 0xF8, 0xAA, 0xF8,
    0xAA, 0xF8, 0xAA, 0xF8, 0x9A, 0xF8, 0x9A, 0xF8,
    0x99, 0xF7, 0x99, 0xF8, 0x8A, 0xFA, 0x15, 0xFA,
    0x28, 0xFD, 0x3A, 0xFD, 0x27, 0xF8, 0x48, 0xF8,
    0x86, 0xF0, 0xCA, 0xF0, 0xDB, 0xF0, 0xDB, 0xF0,
    0xC9, 0xF0, 0xB8, 0xF0, 0xB8, 0xF0, 0xCA, 0xF0,
    0xB9, 0xF0, 0xC9, 0xF0, 0xDB, 0xF0, 0xDB, 0xF0,
    0xDB, 0xF0, 0xDB, 0xF0, 0xDB, 0xF0, 0xDB, 0xF0,
    0xDB, 0xF0, 0xDC, 0xF0, 0xDC, 0xF0, 0xDC, 0xF0,
    0xDC, 0xF0, 0xDC, 0xF0, 0xDD, 0xF0, 0xDD, 0xF0,
    0xED, 0xF0, 0xEE, 0xF0, 0xEF, 0xF0, 0xEF, 0xF0,
    0xEF, 0xF0, 0xB8, 0xF0, 0x23, 0xF3, 0x19, 0xFC,
    0x5C, 0xFF, 0x1A, 0xFD, 0x4D, 0xFF, 0x3C, 0xFE,
    0x3C, 0xFD, 0x7E, 0xFF, 0x7D, 0xFE, 0x8A, 0xFA,
    0xAA, 0xF9, 0xCB, 0xF8, 0xCB, 0xF7, 0xCB, 0xF8,
    0xCC, 0xF8, 0xCC, 0xF8, 0xDC, 0xF8, 0xCC, 0xF8,
    0xCC, 0xF8, 0xCC, 0xF8, 0xCC, 0xF9, 0xAB, 0xF8,
    0x66, 0xF5, 0x22, 0xF3, 0x22, 0xF4, 0x22, 0xF5,
    0x23, 0xF5, 0x23, 0xF5, 0x23, 0xF5, 0x23, 0xF5,
    0x23, 0xF5, 0x23, 0xF6, 0x23, 0xF6, 0x23, 0xF6,
    0x23, 0xF6, 0x23, 0xF6, 0x33, 0xF6, 0x33, 0xF6,
    0x23, 0xF6, 0x23, 0xF6, 0x23, 0xF6, 0x33, 0xF6,
    0x33, 0xF6, 0x33, 0xF6, 0x33, 0xF6, 0x33, 0xF6,
    0x23, 0xF6, 0x23, 0xF6, 0x23, 0xF6, 0x23, 0xF6,
    0x23, 0xF6, 0x23, 0xF6, 0x23, 0xF6, 0x23, 0xF6,
    0x23, 0xF5, 0x36, 0xF4, 0x36, 0xF3, 0x25, 0xF3,
    0x14, 0xF2, 0x47, 0xF1, 0x7B, 0xF2, 0x8B, 0xF2,
    0x7A, 0xF1, 0x68, 0xF0, 0x79, 0xF0, 0x79, 0xF0,
    0x7A, 0xF1, 0x58, 0xF0, 0x68, 0xF0, 0x79, 0xF0,
    0x79, 0xF0, 0x69, 0xF0, 0x69, 0xF0, 0x69, 0xF0,
    0x79, 0xF0, 0x79, 0xF1, 0x89, 0xF2, 0x89, 0xF1,
    0x89, 0xF1, 0x8A, 0xF0, 0x89, 0xF0, 0x8A, 0xF0,
    0x79, 0xF0, 0x8A, 0xF0, 0x8A, 0xF0, 0x8B, 0xF0,
    0x8B, 0xF0, 0x6A, 0xF0, 0x27, 0xF0, 0x49, 0xF1,
    0x6B, 0xF2, 0x7C, 0xF4, 0xAF, 0xF8, 0xAF, 0xF6,
    0xBE, 0xF7, 0x56, 0xF3, 0x32, 0xF3, 0x22, 0xF3,
    0x23, 0xF4, 0x33, 0xF4, 0x23, 0xF3, 0x44, 0xF4,
    0x33, 0xF3, 0x54, 0xF4, 0x43, 0xF3, 0x43, 0xF3,
    0x44, 0xF4, 0x33, 0xF3, 0x44, 0xF4, 0x43, 0xF3,
    0x43, 0xF3, 0x54, 0xF4, 0x54, 0xF3, 0x54, 0xF3,
    0x43, 0xF3, 0x44, 0xF3, 0x54, 0xF3, 0x44, 0xF4,
    0xAA, 0xF8, 0xAA, 0xF8, 0xBA, 0xF9, 0xAA, 0xF8,
    0xAA, 0xF8, 0xAA, 0xF8, 0xAA, 0xF8, 0xAA, 0xF7,
    0xAA, 0xF7, 0xAA, 0xF7, 0xA9, 0xF7, 0xBB, 0xF8,
    0xBB, 0xF8, 0xAA, 0xF8, 0xCB, 0xF9, 0xCC, 0xF9,
    0xCC, 0xF9, 0xCC, 0xF9, 0xCC, 0xF9, 0xCD, 0xF9,
    0xCC, 0xF8, 0xCC, 0xF9, 0xCC, 0xF9, 0xCC, 0xF8,
    0xCC, 0xF8, 0xCC, 0xF9, 0xCC, 0xF9, 0xCC, 0xF9,
    0xCC, 0xF9, 0xBC, 0xF8, 0xCC, 0xF9, 0xCC, 0xF9,
    0xCD, 0xF9, 0x35, 0xF2, 0x02, 0xF4, 0x01, 0xF9,
    0x01, 0xFA, 0x02, 0xFB, 0x11, 0xFB, 0x51, 0xF6,
    0xD5, 0xF4, 0xE3, 0xF0, 0xE3, 0xF0, 0xE3, 0xF0,
    0xE2, 0xF1, 0xB0, 0xF0, 0xA0, 0xF0, 0xB0, 0xF1,
    0xB1, 0xF1, 0xC1, 0xF0, 0xD1, 0xF1, 0xE1, 0xF1,
    0xE1, 0xF0, 0xE1, 0xF0, 0xE2, 0xF1, 0xE1, 0xF0,
    0xE1, 0xF0, 0xE2, 0xF0, 0xE2, 0xF0, 0xE2, 0xF0,
    0xE2, 0xF0, 0xE2, 0xF0, 0xD3, 0xF0, 0xD2, 0xF0,
    0x80, 0xF0, 0x60, 0xF1, 0x60, 0xF1, 0xB2, 0xF2,
    0x61, 0xF6, 0x04, 0xFD, 0x28, 0xFE, 0x6B, 0xFD,
    0x7A, 0xFA, 0xAB, 0xFB, 0xBB, 0xF9, 0xBB, 0xF8,
    0xBA, 0xF8, 0xBB, 0xF8, 0xAA, 0xF8, 0xAA, 0xF8,
    0xBB, 0xF9, 0xBB, 0xF9, 0xCB, 0xF9, 0xBB, 0xF8,
    0xCB, 0xF8, 0xCB, 0xF8, 0xCC, 0xF8, 0xCB, 0xF8,
    0xCB, 0xF8, 0xCB, 0xF8, 0xCB, 0xF8, 0xBB, 0xF8,
    0xCB, 0xF8, 0xBB, 0xF8, 0xCC, 0xF8, 0xCC, 0xF9,
    0xCB, 0xF8, 0xCB, 0xF8, 0xCB, 0xF8, 0xBB, 0xF8,
    0xBB, 0xF8, 0xBB, 0xF8, 0xAB, 0xFA, 0x01, 0xF7,
    0x16, 0xFD, 0x2A, 0xFE, 0x17, 0xFA, 0x04, 0xF5,
    0x97, 0xF1, 0xC9, 0xF0, 0xCA, 0xF0, 0xDB, 0xF0,
    0xC9, 0xF0, 0xB8, 0xF0, 0xB9, 0xF0, 0xC9, 0xF0,
    0xC9, 0xF0, 0xC9, 0xF0, 0xCA, 0xF0, 0xCA, 0xF0,
    0xDB, 0xF0, 0xCB, 0xF0, 0xCA, 0xF0, 0xCB, 0xF0,
    0xCB, 0xF0, 0xDB, 0xF0, 0xDC, 0xF0, 0xDC, 0xF0,
    0xDC, 0xF0, 0xDC, 0xF0, 0xDD, 0xF0, 0xEE, 0xF0,
    0xEE, 0xF0, 0xDD, 0xF0, 0xEE, 0xF0, 0xEF, 0xF0,
    0xEF, 0xF0, 0xC9, 0xF0, 0x24, 0xF4, 0x39, 0xFC,
    0x6D, 0xFF, 0x19, 0xFD, 0x5D, 0xFF, 0x2B, 0xFE,
    0x4D, 0xFE, 0x7E, 0xFE, 0x7D, 0xFD, 0x8A, 0xFB,
    0xAA, 0xF9, 0x99, 0xF7, 0xA9, 0xF8, 0x99, 0xF7,
    0x99, 0xF7, 0xAA, 0xF8, 0xAA, 0xF8, 0xBA, 0xF8,
    0xBA, 0xF8, 0xBB, 0xF8, 0xBB, 0xF8, 0xCC, 0xF9,
    0x99, 0xF8, 0x33, 0xF4, 0x22, 0xF5, 0x23, 0xF5,
    0x23, 0xF5, 0x23, 0xF5, 0x23, 0xF5, 0x23, 0xF5,
    0x23, 0xF5, 0x23, 0xF5, 0x23, 0xF5, 0x23, 0xF5,
    0x23, 0xF5, 0x23, 0xF5, 0x23, 0xF5, 0x23, 0xF5,
    0x23, 0xF5, 0x23, 0xF6, 0x23, 0xF6, 0x23, 0xF6,
    0x23, 0xF6, 0x23, 0xF6, 0x33, 0xF6, 0x33, 0xF7,
    0x23, 0xF6, 0x23, 0xF6, 0x23, 0xF6, 0x23, 0xF6,
    0x23, 0xF6, 0x23, 0xF6, 0x23, 0xF6, 0x23, 0xF6,
    0x23, 0xF5, 0x35, 0xF4, 0x36, 0xF4, 0x24, 0xF3,
    0x23, 0xF3, 0x24, 0xF2, 0x68, 0xF3, 0x69, 0xF2,
    0x7B, 0xF2, 0x8A, 0xF1, 0x79, 0xF0, 0x89, 0xF0,
    0x8A, 0xF1, 0x8A, 0xF2, 0x68, 0xF0, 0x79, 0xF0,
    0x79, 0xF0, 0x69, 0xF0, 0x68, 0xF0, 0x69, 0xF0,
    0x79, 0xF1, 0x79, 0xF0, 0x79, 0xF0, 0x89, 0xF0,
    0x89, 0xF0, 0x8A, 0xF0, 0x8A, 0xF1, 0x8A, 0xF0,
    0x8A, 0xF0, 0x79, 0xF0, 0x7A, 0xF0, 0x8B, 0xF1,
    0x8B, 0xF0, 0x5A, 0xF0, 0x39, 0xF2, 0x5B, 0xF5,
    0x6D, 0xF5, 0x8E, 0xF7, 0xBF, 0xF9, 0xAF, 0xF6,
    0xBE, 0xF7, 0x56, 0xF4, 0x32, 0xF3, 0x22, 0xF3,
    0x23, 0xF4, 0x33, 0xF4, 0x33, 0xF3, 0x44, 0xF4,
    0x43, 0xF3, 0x53, 0xF4, 0x33, 0xF3, 0x43, 0xF3,
    0x44, 0xF4, 0x33, 0xF3, 0x54, 0xF4, 0x43, 0xF3,
    0x43, 0xF3, 0x54, 0xF4, 0x54, 0xF4, 0x54, 0xF4,
    0x44, 0xF3, 0x44, 0xF3, 0x44, 0xF3, 0x54, 0xF4,
    0xBA, 0xF8, 0xBA, 0xF8, 0xCB, 0xF8, 0xBA, 0xF7,
    0xCB, 0xF7, 0xCB, 0xF7, 0xCC, 0xF7, 0xCB, 0xF8,
    0xCB, 0xF8, 0xCB, 0xF8, 0xCB, 0xF8, 0xBA, 0xF7,
    0xBA, 0xF8, 0xBA, 0xF7, 0xAA, 0xF8, 0xAA, 0xF7,
    0xAB, 0xF8, 0xAA, 0xF8, 0x99, 0xF6, 0x9A, 0xF7,
    0x99, 0xF7, 0x88, 0xF8, 0x99, 0xF8, 0x99, 0xF7,
    0x99, 0xF8, 0xA9, 0xF9, 0xAA, 0xF9, 0x99, 0xF8,
    0xAA, 0xF9, 0xAA, 0xF8, 0xAA, 0xF9, 0xBB, 0xF9,
    0xAB, 0xF8, 0x46, 0xF4, 0x02, 0xF4, 0x01, 0xF8,
    0x01, 0xFA, 0x01, 0xFA, 0x21, 0xF8, 0x95, 0xF6,
    0xE5, 0xF4, 0xE4, 0xF0, 0xE3, 0xF0, 0xE3, 0xF0,
    0xD2, 0xF0, 0xA0, 0xF0, 0x90, 0xF1, 0xA1, 0xF1,
    0xA0, 0xF1, 0xB0, 0xF1, 0xC1, 0xF0, 0xD1, 0xF1,
    0xE1, 0xF1, 0xE1, 0xF0, 0xE1, 0xF0, 0xE1, 0xF0,
    0xE1, 0xF0, 0xE1, 0xF0, 0xE2, 0xF0, 0xE1, 0xF0,
    0xE2, 0xF0, 0xE2, 0xF0, 0xE2, 0xF0, 0xD2, 0xF1,
    0x90, 0xF0, 0x70, 0xF0, 0x60, 0xF1, 0xA1, 0xF1,
    0x50, 0xF5, 0x17, 0xFC, 0x18, 0xFE, 0x8D, 0xFE,
    0x57, 0xF9, 0xAB, 0xFA, 0xAA, 0xF9, 0xAA, 0xF8,
    0xAA, 0xF8, 0xAB, 0xF9, 0xAA, 0xF8, 0xAA, 0xF9,
    0x9A, 0xF9, 0xAA, 0xF9, 0x99, 0xF8, 0xAA, 0xF9,
    0xA9, 0xF8, 0xAA, 0xF9, 0xAA, 0xF8, 0xAA, 0xF9,
    0xAA, 0xF9, 0x99, 0xF7, 0x99, 0xF8, 0xAA, 0xF8,
    0xAA, 0xF7, 0xAA, 0xF8, 0xAA, 0xF7, 0xAA, 0xF7,
    0xCB, 0xF9, 0xBB, 0xF8, 0xBB, 0xF8, 0xBB, 0xF8,
    0xBB, 0xF8, 0xBB, 0xF8, 0xCC, 0xFA, 0x23, 0xF5,
    0x15, 0xFC, 0x18, 0xFE, 0x28, 0xFD, 0x04, 0xF6,
    0xA8, 0xF3, 0xC9, 0xF0, 0xDA, 0xF0, 0xDB, 0xF0,
    0xCA, 0xF0, 0xC9, 0xF0, 0xC9, 0xF0, 0xC9, 0xF0,
    0xC9, 0xF0, 0xC9, 0xF0, 0xC9, 0xF0, 0xB9, 0xF0,
    0xDB, 0xF0, 0xDB, 0xF0, 0xCB, 0xF0, 0xCA, 0xF0,
    0xCA, 0xF0, 0xDB, 0xF0, 0xDC, 0xF0, 0xDC, 0xF0,
    0xDC, 0xF0, 0xDD, 0xF0, 0xDD, 0xF0, 0xED, 0xF0,
    0xDD, 0xF0, 0xED, 0xF0, 0xEE, 0xF0, 0xEF, 0xF0,
    0xEE, 0xF0, 0xC9, 0xF0, 0x34, 0xF5, 0x5B, 0xFD,
    0x3A, 0xFD, 0x2A, 0xFE, 0x6D, 0xFF, 0x1A, 0xFD,
    0x5D, 0xFE, 0x7E, 0xFE, 0x8D, 0xFD, 0x9A, 0xF9,
    0xBB, 0xF8, 0xBB, 0xF7, 0xCB, 0xF8, 0xBB, 0xF8,
    0xBA, 0xF8, 0xBB, 0xF8, 0xBA, 0xF8, 0xA9, 0xF8,
    0xAA, 0xF8, 0xAA, 0xF8, 0xBB, 0xF8, 0xAA, 0xF8,
    0x99, 0xF8, 0x44, 0xF5, 0x22, 0xF5, 0x22, 0xF5,
    0x22, 0xF4, 0x22, 0xF5, 0x23, 0xF5, 0x23, 0xF5,
    0x23, 0xF5, 0x23, 0xF5, 0x33, 0xF5, 0x33, 0xF5,
    0x33, 0xF5, 0x33, 0xF5, 0x33, 0xF6, 0x33, 0xF6,
    0x33, 0xF6, 0x23, 0xF5, 0x23, 0xF5, 0x33, 0xF6,
    0x33, 0xF6, 0x33, 0xF6, 0x33, 0xF6, 0x33, 0xF6,
    0x33, 0xF6, 0x23, 0xF6, 0x23, 0xF5, 0x23, 0xF5,
    0x23, 0xF5, 0x23, 0xF5, 0x23, 0xF5, 0x23, 0xF6,
    0x23, 0xF5, 0x24, 0xF4, 0x47, 0xF4, 0x24, 0xF3,
    0x23, 0xF3, 0x24, 0xF2, 0x7A, 0xF5, 0x58, 0xF2,
    0x7A, 0xF3, 0x69, 0xF1, 0x7A, 0xF1, 0x79, 0xF0,
    0x79, 0xF0, 0x79, 0xF1, 0x79, 0xF1, 0x78, 0xF0,
    0x78, 0xF0, 0x68, 0xF0, 0x68, 0xF0, 0x69, 0xF0,
    0x79, 0xF0, 0x79, 0xF0, 0x78, 0xF0, 0x79, 0xF0,
    0x79, 0xF0, 0x8A, 0xF0, 0x8A, 0xF1, 0x9B, 0xF1,
    0x8B, 0xF0, 0x7A, 0xF0, 0x69, 0xF0, 0x9D, 0xF3,
    0x8C, 0xF3, 0x59, 0xF2, 0x4A, 0xF4, 0x6C, 0xF6,
    0x6D, 0xF5, 0x8E, 0xF6, 0xAF, 0xF7, 0xAE, 0xF5,
    0xBD, 0xF7, 0x44, 0xF2, 0x32, 0xF3, 0x22, 0xF3,
    0x23, 0xF4, 0x33, 0xF4, 0x33, 0xF4, 0x43, 0xF4,
    0x43, 0xF3, 0x54, 0xF4, 0x43, 0xF3, 0x43, 0xF3,
    0x44, 0xF4, 0x33, 0xF3, 0x54, 0xF4, 0x43, 0xF3,
    0x43, 0xF3, 0x54, 0xF4, 0x54, 0xF3, 0x54, 0xF4,
    0x44, 0xF3, 0x44, 0xF3, 0x43, 0xF3, 0x44, 0xF4,
    0xBB, 0xF8, 0xAA, 0xF8, 0xAA, 0xF8, 0xAA, 0xF8,
    0x99, 0xF6, 0x99, 0xF7, 0x99, 0xF7, 0x99, 0xF7,
    0x99, 0xF7, 0x99, 0xF8, 0xA9, 0xF8, 0x98, 0xF7,
    0x88, 0xF7, 0x99, 0xF8, 0xA9, 0xF8, 0xAA, 0xF8,
    0xAA, 0xF9, 0xA9, 0xF8, 0xAA, 0xF9, 0xA9, 0xF9,
    0x98, 0xF8, 0x99, 0xF7, 0xAA, 0xF8, 0x99, 0xF7,
    0xA9, 0xF7, 0xAA, 0xF7, 0xA9, 0xF7, 0xA9, 0xF7,
    0xBA, 0xF8, 0xAA, 0xF7, 0xBB, 0xF8, 0xCC, 0xF8,
    0xDD, 0xF9, 0x78, 0xF5, 0x02, 0xF2, 0x01, 0xF7,
    0x01, 0xFB, 0x11, 0xFA, 0x31, 0xF5, 0xD7, 0xF6,
    0xE4, 0xF2, 0xE3, 0xF0, 0xE3, 0xF0, 0xE3, 0xF0,
    0xD1, 0xF0, 0xA0, 0xF1, 0x90, 0xF1, 0x90, 0xF1,
    0xA0, 0xF1, 0xB0, 0xF1, 0xC0, 0xF1, 0xD1, 0xF1,
    0xE1, 0xF1, 0xE1, 0xF0, 0xE1, 0xF0, 0xE1, 0xF0,
    0xE1, 0xF0, 0xE1, 0xF0, 0xE1, 0xF0, 0xE1, 0xF0,
    0xE1, 0xF0, 0xE1, 0xF0, 0xE1, 0xF0, 0xD1, 0xF1,
    0xA0, 0xF0, 0x70, 0xF0, 0x61, 0xF0, 0x81, 0xF1,
    0x31, 0xF6, 0x18, 0xFD, 0x18, 0xFD, 0x8C, 0xFD,
    0x68, 0xF7, 0xBB, 0xF9, 0xBB, 0xF8, 0xCB, 0xF8,
    0xCB, 0xF8, 0xBB, 0xF8, 0xBA, 0xF7, 0xBB, 0xF7,
    0xAA, 0xF7, 0xBA, 0xF7, 0xBB, 0xF9, 0xAA, 0xF9,
    0xAA, 0xF8, 0xAA, 0xF8, 0xAA, 0xF8, 0x99, 0xF7,
    0xAA, 0xF8, 0xAA, 0xF9, 0xAA, 0xF9, 0xAA, 0xF9,
    0xAA, 0xF9, 0xBB, 0xFA, 0xBA, 0xFA, 0xAA, 0xFA,
    0xBB, 0xFA, 0xAB, 0xF9, 0x99, 0xF8, 0xAA, 0xF9,
    0xAA, 0xF9, 0xAA, 0xF9, 0xAB, 0xFA, 0x56, 0xF8,
    0x02, 0xF8, 0x17, 0xFD, 0x27, 0xFC, 0x02, 0xF5,
    0x86, 0xF1, 0xB8, 0xF0, 0xDB, 0xF0, 0xDC, 0xF0,
    0xDC, 0xF0, 0xDA, 0xF0, 0xC9, 0xF0, 0xC9, 0xF0,
    0xC9, 0xF0, 0xB9, 0xF0, 0xC9, 0xF0, 0xB9, 0xF0,
    0xDB, 0xF0, 0xCB, 0xF0, 0xCB, 0xF0, 0xDB, 0xF0,
    0xBA, 0xF0, 0xCB, 0xF0, 0xDB, 0xF0, 0xDC, 0xF0,
    0xDC, 0xF0, 0xDC, 0xF0, 0xDC, 0xF0, 0xDD, 0xF0,
    0xDD, 0xF0, 0xDC, 0xF0, 0xED, 0xF0, 0xEF, 0xF0,
    0xEE, 0xF0, 0xB8, 0xF0, 0x45, 0xF6, 0x6B, 0xFE,
    0x08, 0xFD, 0x4C, 0xFE, 0x5C, 0xFE, 0x2B, 0xFE,
    0x7E, 0xFF, 0x7E, 0xFE, 0x9E, 0xFE, 0x9A, 0xFA,
    0xBB, 0xF8, 0xBA, 0xF7, 0xBA, 0xF7, 0xCB, 0xF8,
    0xCB, 0xF7, 0xCB, 0xF7, 0xCC, 0xF8, 0xCC, 0xF8,
    0xDC, 0xF8, 0xCC, 0xF8, 0xDC, 0xF8, 0xDC, 0xF9,
    0xCB, 0xF8, 0x87, 0xF6, 0x32, 0xF3, 0x22, 0xF4,
    0x22, 0xF4, 0x23, 0xF5, 0x23, 0xF5, 0x23, 0xF5,
    0x23, 0xF5, 0x23, 0xF5, 0x23, 0xF5, 0x23, 0xF5,
    0x23, 0xF5, 0x23, 0xF5, 0x23, 0xF5, 0x23, 0xF5,
    0x23, 0xF5, 0x23, 0xF5, 0x23, 0xF5, 0x33, 0xF5,
    0x33, 0xF5, 0x33, 0xF6, 0x33, 0xF6, 0x33, 0xF6,
    0x33, 0xF6, 0x33, 0xF6, 0x33, 0xF5, 0x23, 0xF5,
    0x23, 0xF5, 0x23, 0xF5, 0x23, 0xF5, 0x22, 0xF6,
    0x23, 0xF5, 0x23, 0xF3, 0x46, 0xF4, 0x35, 0xF3,
    0x23, 0xF3, 0x13, 0xF1, 0x69, 0xF5, 0x48, 0xF3,
    0x6A, 0xF4, 0x58, 0xF1, 0x58, 0xF0, 0x69, 0xF0,
    0x68, 0xF0, 0x79, 0xF0, 0x8A, 0xF2, 0x79, 0xF1,
    0x89, 0xF1, 0x68, 0xF0, 0x57, 0xF0, 0x57, 0xF0,
    0x68, 0xF0, 0x79, 0xF0, 0x79, 0xF0, 0x79, 0xF0,
    0x79, 0xF0, 0x8A, 0xF0, 0x8A, 0xF1, 0x9C, 0xF1,
    0x8B, 0xF0, 0x7A, 0xF0, 0x59, 0xF0, 0xAE, 0xF4,
    0x9D, 0xF5, 0x49, 0xF3, 0x5B, 0xF5, 0x5C, 0xF6,
    0x6D, 0xF5, 0x9E, 0xF6, 0x9E, 0xF5, 0x9D, 0xF4,
    0xAC, 0xF6, 0x33, 0xF2, 0x43, 0xF4, 0x23, 0xF3,
    0x23, 0xF3, 0x43, 0xF4, 0x33, 0xF3, 0x43, 0xF4,
    0x43, 0xF3, 0x54, 0xF4, 0x43, 0xF3, 0x43, 0xF3,
    0x54, 0xF4, 0x43, 0xF3, 0x54, 0xF4, 0x43, 0xF3,
    0x43, 0xF3, 0x54, 0xF4, 0x54, 0xF3, 0x54, 0xF3,
    0x44, 0xF3, 0x43, 0xF3, 0x44, 0xF3, 0x44, 0xF3,
    0xAA, 0xF9, 0xBB, 0xFA, 0xAA, 0xF8, 0xAA, 0xF8,
    0xA9, 0xF8, 0x99, 0xF8, 0xAA, 0xF8, 0xAA, 0xF7,
    0xAA, 0xF7, 0xBB, 0xF8, 0xBB, 0xF7, 0xAA, 0xF7,
    0xBB, 0xF8, 0xCC, 0xF9, 0xCB, 0xF7, 0xCB, 0xF8,
    0xCB, 0xF8, 0xCB, 0xF7, 0xCB, 0xF7, 0xCC, 0xF8,
    0xCC, 0xF8, 0xCC, 0xF7, 0xDC, 0xF8, 0xCC, 0xF8,
    0xDD, 0xF8, 0xDC, 0xF8, 0xDD, 0xF8, 0xDD, 0xF8,
    0xDD, 0xF7, 0xDD, 0xF7, 0xDD, 0xF7, 0xED, 0xF7,
    0xEE, 0xF8, 0x9A, 0xF5, 0x12, 0xF0, 0x11, 0xF5,
    0x01, 0xFA, 0x11, 0xFA, 0x74, 0xF5, 0xD6, 0xF4,
    0xE4, 0xF1, 0xE4, 0xF0, 0xE3, 0xF0, 0xE2, 0xF0,
    0xE1, 0xF0, 0xC0, 0xF0, 0xA0, 0xF1, 0xA0, 0xF1,
    0xA0, 0xF1, 0xB0, 0xF1, 0xC1, 0xF1, 0xD1, 0xF1,
    0xE1, 0xF1, 0xE2, 0xF1, 0xE1, 0xF0, 0xE1, 0xF0,
    0xE1, 0xF0, 0xE1, 0xF0, 0xE1, 0xF0, 0xE2, 0xF0,
    0xE1, 0xF0, 0xE1, 0xF0, 0xE0, 0xF0, 0xD0, 0xF0,
    0xB0, 0xF0, 0x70, 0xF0, 0x41, 0xF0, 0x61, 0xF0,
    0x12, 0xF6, 0x18, 0xFF, 0x5B, 0xFE, 0x49, 0xFC,
    0x68, 0xF8, 0xBB, 0xF9, 0xBB, 0xF8, 0xBB, 0xF8,
    0xBB, 0xF7, 0xCB, 0xF8, 0xCB, 0xF8, 0xBB, 0xF7,
    0xBB, 0xF8, 0xBB, 0xF8, 0xCB, 0xF8, 0xBB, 0xF7,
    0xBB, 0xF7, 0xCB, 0xF7, 0xCC, 0xF8, 0xCC, 0xF8,
    0xBB, 0xF7, 0xCB, 0xF8, 0xBB, 0xF7, 0xBB, 0xF8,
    0xAA, 0xF7, 0xBB, 0xF8, 0xBB, 0xF8, 0xBA, 0xF8,
    0xBA, 0xF9, 0xAA, 0xF8, 0xAB, 0xF9, 0xAA, 0xF9,
    0xAA, 0xF8, 0xAA, 0xF8, 0xAA, 0xF9, 0x99, 0xF9,
    0x01, 0xF5, 0x16, 0xFB, 0x27, 0xFC, 0x36, 0xF9,
    0x75, 0xF0, 0xB8, 0xF0, 0xDB, 0xF0, 0xDC, 0xF0,
    0xDC, 0xF0, 0xCB, 0xF0, 0xC9, 0xF0, 0xCA, 0xF0,
    0xC9, 0xF0, 0xC9, 0xF0, 0xCA, 0xF0, 0xB9, 0xF0,
    0xDB, 0xF0, 0xCB, 0xF0, 0xDB, 0xF0, 0xDB, 0xF0,
    0xDB, 0xF0, 0xCB, 0xF0, 0xDB, 0xF0, 0xDC, 0xF0,
    0xDC, 0xF0, 0xDC, 0xF0, 0xDC, 0xF0, 0xDD, 0xF0,
    0xED, 0xF0, 0xDD, 0xF0, 0xED, 0xF0, 0xEE, 0xF0,
    0xED, 0xF0, 0xB7, 0xF0, 0x75, 0xF6, 0x58, 0xFC,
    0x08, 0xFD, 0x5D, 0xFF, 0x2A, 0xFD, 0x3B, 0xFE,
    0x6E, 0xFF, 0x7E, 0xFE, 0xAE, 0xFF, 0x89, 0xFA,
    0xA9, 0xF9, 0xAA, 0xF9, 0xA9, 0xF9, 0xA9, 0xF8,
    0x99, 0xF8, 0xAA, 0xF8, 0x9A, 0xF8, 0xAA, 0xF8,
    0xAA, 0xF8, 0xBA, 0xF7, 0xBB, 0xF8, 0xBB, 0xF8,
    0xCB, 0xF9, 0xA9, 0xF8, 0x44, 0xF4, 0x22, 0xF4,
    0x22, 0xF4, 0x23, 0xF5, 0x23, 0xF5, 0x23, 0xF5,
    0x23, 0xF4, 0x23, 0xF4, 0x23, 0xF5, 0x23, 0xF5,
    0x23, 0xF5, 0x23, 0xF5, 0x23, 0xF5, 0x23, 0xF5,
    0x23, 0xF5, 0x23, 0xF6, 0x23, 0xF6, 0x23, 0xF6,
    0x23, 0xF6, 0x23, 0xF6, 0x23, 0xF6, 0x23, 0xF6,
    0x33, 0xF6, 0x33, 0xF6, 0x33, 0xF6, 0x23, 0xF5,
    0x23, 0xF5, 0x23, 0xF5, 0x23, 0xF5, 0x23, 0xF6,
    0x23, 0xF5, 0x23, 0xF4, 0x36, 0xF4, 0x36, 0xF3,
    0x23, 0xF2, 0x13, 0xF2, 0x36, 0xF2, 0x48, 0xF3,
    0x48, 0xF2, 0x68, 0xF3, 0x58, 0xF1, 0x58, 0xF0,
    0x68, 0xF0, 0x79, 0xF0, 0x79, 0xF1, 0x79, 0xF0,
    0x89, 0xF1, 0x79, 0xF0, 0x68, 0xF0, 0x57, 0xF0,
    0x57, 0xF0, 0x68, 0xF0, 0x78, 0xF0, 0x79, 0xF0,
    0x79, 0xF0, 0x79, 0xF0, 0x79, 0xF0, 0x8A, 0xF0,
    0x7A, 0xF0, 0x7A, 0xF0, 0x59, 0xF1, 0xAE, 0xF5,
    0x8D, 0xF5, 0x39, 0xF4, 0x5B, 0xF6, 0x5C, 0xF5,
    0x7D, 0xF4, 0x9F, 0xF6, 0x9E, 0xF3, 0xBF, 0xF5,
    0x9B, 0xF5, 0x32, 0xF2, 0x32, 0xF3, 0x23, 0xF3,
    0x23, 0xF3, 0x43, 0xF4, 0x43, 0xF3, 0x43, 0xF3,
    0x43, 0xF3, 0x54, 0xF4, 0x43, 0xF3, 0x43, 0xF3,
    0x54, 0xF4, 0x33, 0xF3, 0x44, 0xF4, 0x43, 0xF3,
    0x43, 0xF3, 0x54, 0xF4, 0x54, 0xF3, 0x54, 0xF3,
    0x44, 0xF3, 0x43, 0xF3, 0x44, 0xF3, 0x44, 0xF3,
    0xBB, 0xF8, 0xBB, 0xF8, 0xCB, 0xF8, 0xCB, 0xF8,
    0xCC, 0xF8, 0xCC, 0xF7, 0xCC, 0xF7, 0xDC, 0xF8,
    0xCC, 0xF8, 0xCC, 0xF8, 0xDC, 0xF8, 0xCC, 0xF8,
    0xDC, 0xF8, 0xCC, 0xF8, 0xCB, 0xF7, 0xDC, 0xF8,
    0xCC, 0xF8, 0xCC, 0xF8, 0xDC, 0xF8, 0xCC, 0xF7,
    0xCC, 0xF7, 0xCC, 0xF8, 0xCC, 0xF8, 0xDC, 0xF8,
    0xDC, 0xF9, 0xDC, 0xF9, 0xDC, 0xF9, 0xCC, 0xF8,
    0xDC, 0xF8, 0xDC, 0xF8, 0xDC, 0xF9, 0xDC, 0xF8,
    0xCC, 0xF8, 0x89, 0xF6, 0x12, 0xF1, 0x02, 0xF4,
    0x11, 0xF8, 0x31, 0xF7, 0xB6, 0xF5, 0xE6, 0xF3,
    0xD3, 0xF0, 0xC2, 0xF0, 0xD1, 0xF0, 0xE1, 0xF0,
    0xE1, 0xF0, 0xE1, 0xF1, 0xD1, 0xF1, 0xC1, 0xF0,
    0xB1, 0xF1, 0xC0, 0xF1, 0xD1, 0xF1, 0xE1, 0xF1,
    0xE1, 0xF1, 0xE1, 0xF1, 0xE1, 0xF0, 0xE1, 0xF1,
    0xE1, 0xF0, 0xE1, 0xF0, 0xE1, 0xF0, 0xE2, 0xF0,
    0xE2, 0xF0, 0xD1, 0xF0, 0xE2, 0xF0, 0xD1, 0xF0,
    0xC1, 0xF0, 0x80, 0xF0, 0x41, 0xF0, 0x41, 0xF1,
    0x02, 0xF7, 0x07, 0xFE, 0x5D, 0xFF, 0x06, 0xFC,
    0x68, 0xFA, 0xAA, 0xF9, 0x99, 0xF9, 0xAA, 0xF9,
    0x99, 0xF8, 0x99, 0xF7, 0xAA, 0xF9, 0x99, 0xF8,
    0x9A, 0xF8, 0xAA, 0xF9, 0xA9, 0xF7, 0x99, 0xF7,
    0xA9, 0xF7, 0xAA, 0xF8, 0xBB, 0xF8, 0xAA, 0xF8,
    0xBB, 0xF8, 0xAA, 0xF7, 0xBA, 0xF7, 0xBA, 0xF7,
    0xBB, 0xF7, 0xBB, 0xF7, 0xBA, 0xF6, 0xBA, 0xF7,
    0xBA, 0xF7, 0xBB, 0xF7, 0xCB, 0xF7, 0xCB, 0xF7,
    0xCB, 0xF7, 0xCB, 0xF8, 0xCB, 0xF8, 0xCB, 0xF9,
    0x33, 0xF4, 0x02, 0xF8, 0x15, 0xFC, 0x03, 0xF8,
    0x75, 0xF1, 0xB8, 0xF1, 0xDA, 0xF0, 0xDC, 0xF0,
    0xDD, 0xF0, 0xDC, 0xF0, 0xCA, 0xF0, 0xCA, 0xF0,
    0xCA, 0xF0, 0xC9, 0xF0, 0xC9, 0xF0, 0xB8, 0xF0,
    0xDB, 0xF0, 0xCB, 0xF0, 0xCB, 0xF0, 0xDB, 0xF0,
    0xDB, 0xF0, 0xDB, 0xF0, 0xDC, 0xF0, 0xDC, 0xF0,
    0xDC, 0xF0, 0xDC, 0xF0, 0xDC, 0xF0, 0xDC, 0xF0,
    0xED, 0xF0, 0xDC, 0xF0, 0xED, 0xF0, 0xEE, 0xF0,
    0xED, 0xF0, 0xA7, 0xF0, 0x61, 0xF0, 0x02, 0xF6,
    0x3A, 0xFE, 0x3B, 0xFE, 0x09, 0xFD, 0x3C, 0xFE,
    0x5D, 0xFE, 0x7E, 0xFE, 0xAF, 0xFE, 0x9B, 0xF9,
    0xBA, 0xF7, 0xBB, 0xF7, 0xAA, 0xF7, 0xAA, 0xF7,
    0xA9, 0xF7, 0x99, 0xF7, 0x99, 0xF8, 0xA9, 0xF8,
    0x98, 0xF7, 0x99, 0xF7, 0x99, 0xF8, 0x99, 0xF8,
    0xAA, 0xF9, 0x99, 0xF8, 0x55, 0xF6, 0x22, 0xF5,
    0x22, 0xF4, 0x22, 0xF4, 0x23, 0xF5, 0x23, 0xF5,
    0x23, 0xF5, 0x23, 0xF4, 0x23, 0xF4, 0x23, 0xF4,
    0x23, 0xF5, 0x23, 0xF5, 0x23, 0xF5, 0x23, 0xF5,
    0x23, 0xF5, 0x23, 0xF6, 0x23, 0xF6, 0x23, 0xF6,
    0x23, 0xF6, 0x33, 0xF6, 0x33, 0xF6, 0x33, 0xF6,
    0x23, 0xF6, 0x23, 0xF6, 0x23, 0xF6, 0x23, 0xF5,
    0x23, 0xF5, 0x23, 0xF5, 0x23, 0xF5, 0x23, 0xF5,
    0x23, 0xF5, 0x23, 0xF4, 0x35, 0xF4, 0x36, 0xF3,
    0x14, 0xF2, 0x13, 0xF2, 0x25, 0xF2, 0x59, 0xF3,
    0x7B, 0xF5, 0x36, 0xF0, 0x68, 0xF2, 0x69, 0xF0,
    0x68, 0xF0, 0x69, 0xF0, 0x79, 0xF0, 0x79, 0xF0,
    0x89, 0xF0, 0x79, 0xF1, 0x67, 0xF0, 0x46, 0xF0,
    0x57, 0xF0, 0x68, 0xF0, 0x79, 0xF0, 0x79, 0xF0,
    0x79, 0xF0, 0x68, 0xF0, 0x79, 0xF0, 0x79, 0xF0,
    0x7A, 0xF0, 0x79, 0xF0, 0x69, 0xF2, 0xAE, 0xF5,
    0x8C, 0xF4, 0x28, 0xF4, 0x4B, 0xF6, 0x5C, 0xF4,
    0x8D, 0xF5, 0x8E, 0xF4, 0xAF, 0xF3, 0xBF, 0xF5,
    0x79, 0xF4, 0x32, 0xF3, 0x32, 0xF3, 0x23, 0xF3,
    0x23, 0xF3, 0x43, 0xF3, 0x43, 0xF4, 0x43, 0xF3,
    0x33, 0xF3, 0x44, 0xF4, 0x33, 0xF3, 0x43, 0xF3,
    0x54, 0xF4, 0x33, 0xF3, 0x44, 0xF4, 0x43, 0xF3,
    0x43, 0xF3, 0x54, 0xF4, 0x43, 0xF3, 0x43, 0xF3,
    0x43, 0xF3, 0x43, 0xF3, 0x43, 0xF3, 0x44, 0xF3,
    0xBA, 0xF7, 0xBA, 0xF7, 0xAA, 0xF7, 0xAA, 0xF7,
    0xAA, 0xF7, 0xAA, 0xF7, 0xAA, 0xF7, 0xAA, 0xF7,
    0xA9, 0xF7, 0x98, 0xF6, 0x99, 0xF6, 0xA9, 0xF7,
    0xA9, 0xF7, 0xAA, 0xF7, 0xA9, 0xF7, 0x99, 0xF7,
    0x99, 0xF7, 0xBB, 0xF9, 0xBB, 0xF9, 0xCC, 0xFA,
    0xCC, 0xFA, 0xBB, 0xF9, 0xBB, 0xF9, 0xBB, 0xF9,
    0xBB, 0xF9, 0xBB, 0xF9, 0xBC, 0xFA, 0xBB, 0xF9,
    0xBB, 0xFA, 0xBB, 0xFA, 0xBB, 0xFA, 0xAA, 0xF9,
    0xAB, 0xF9, 0x8A, 0xF9, 0x03, 0xF4, 0x02, 0xF4,
    0x11, 0xF6, 0x73, 0xF5, 0xD6, 0xF3, 0xE5, 0xF2,
    0xC4, 0xF2, 0x90, 0xF0, 0xC1, 0xF0, 0xE1, 0xF0,
    0xE1, 0xF0, 0xE1, 0xF0, 0xE2, 0xF1, 0xD1, 0xF0,
    0xD1, 0xF1, 0xD1, 0xF1, 0xE1, 0xF1, 0xE1, 0xF1,
    0xE1, 0xF1, 0xE1, 0xF1, 0xE1, 0xF0, 0xE1, 0xF1,
    0xE1, 0xF1, 0xE1, 0xF0, 0xE2, 0xF0, 0xE2, 0xF0,
    0xE2, 0xF0, 0xE3, 0xF0, 0xE4, 0xF1, 0xE3, 0xF1,
    0xE2, 0xF0, 0x90, 0xF0, 0x40, 0xF0, 0x31, 0xF2,
    0x02, 0xF8, 0x29, 0xFE, 0x2A, 0xFD, 0x06, 0xFA,
    0x8A, 0xFB, 0xAB, 0xF9, 0xAA, 0xF8, 0xBB, 0xF9,
    0xAA, 0xF8, 0xAA, 0xF8, 0xAB, 0xF9, 0xAA, 0xF8,
    0x9A, 0xF8, 0x99, 0xF8, 0x99, 0xF8, 0x99, 0xF8,
    0x89, 0xF8, 0x99, 0xF8, 0x99, 0xF8, 0x99, 0xF8,
    0x99, 0xF8, 0x99, 0xF7, 0x99, 0xF8, 0xAA, 0xF9,
    0x99, 0xF8, 0x99, 0xF8, 0x99, 0xF8, 0x99, 0xF8,
    0x99, 0xF7, 0xAA, 0xF9, 0xAA, 0xF9, 0xA9, 0xF8,
    0xBB, 0xF9, 0xBA, 0xF8, 0xBB, 0xF9, 0xBB, 0xF9,
    0x66, 0xF5, 0x00, 0xF7, 0x14, 0xFB, 0x14, 0xFA,
    0x64, 0xF2, 0xC8, 0xF1, 0xDA, 0xF0, 0xDC, 0xF0,
    0xDD, 0xF0, 0xEC, 0xF0, 0xCA, 0xF0, 0xCA, 0xF0,
    0xCA, 0xF0, 0xC9, 0xF0, 0xC9, 0xF0, 0xB8, 0xF0,
    0xCA, 0xF0, 0xCA, 0xF0, 0xCA, 0xF0, 0xCB, 0xF0,
    0xDB, 0xF0, 0xDB, 0xF0, 0xDB, 0xF0, 0xDB, 0xF0,
    0xDB, 0xF0, 0xDB, 0xF0, 0xDC, 0xF0, 0xDC, 0xF0,
    0xDC, 0xF0, 0xDC, 0xF0, 0xDC, 0xF0, 0xED, 0xF0,
    0xED, 0xF0, 0xCA, 0xF0, 0x95, 0xF0, 0x13, 0xF5,
    0x4A, 0xFE, 0x18, 0xFC, 0x1A, 0xFE, 0x5D, 0xFF,
    0x4C, 0xFD, 0x8E, 0xFF, 0xAE, 0xFE, 0x9A, 0xF8,
    0xCB, 0xF7, 0xBB, 0xF7, 0xBB, 0xF7, 0xBB, 0xF8,
    0xBB, 0xF8, 0xBB, 0xF8, 0xCB, 0xF8, 0xBB, 0xF8,
    0xBB, 0xF8, 0xBB, 0xF8, 0xBA, 0xF8, 0xCB, 0xF9,
    0xBB, 0xF8, 0xBB, 0xF8, 0x77, 0xF7, 0x32, 0xF4,
    0x22, 0xF5, 0x22, 0xF5, 0x23, 0xF5, 0x23, 0xF5,
    0x23, 0xF5, 0x23, 0xF5, 0x23, 0xF4, 0x23, 0xF4,
    0x23, 0xF5, 0x23, 0xF5, 0x23, 0xF5, 0x23, 0xF5,
    0x23, 0xF5, 0x23, 0xF6, 0x23, 0xF6, 0x23, 0xF5,
    0x23, 0xF5, 0x23, 0xF5, 0x33, 0xF5, 0x23, 0xF5,
    0x23, 0xF5, 0x23, 0xF5, 0x23, 0xF5, 0x23, 0xF5,
    0x23, 0xF5, 0x23, 0xF5, 0x23, 0xF5, 0x23, 0xF5,
    0x23, 0xF5, 0x23, 0xF5, 0x24, 0xF3, 0x46, 0xF3,
    0x24, 0xF2, 0x14, 0xF2, 0x25, 0xF1, 0x58, 0xF3,
    0x6A, 0xF3, 0x36, 0xF0, 0x57, 0xF0, 0x69, 0xF0,
    0x69, 0xF0, 0x69, 0xF0, 0x79, 0xF0, 0x79, 0xF0,
    0x8A, 0xF0, 0x79, 0xF1, 0x67, 0xF1, 0x35, 0xF0,
    0x46, 0xF0, 0x68, 0xF0, 0x79, 0xF0, 0x79, 0xF0,
    0x89, 0xF0, 0x79, 0xF0, 0x79, 0xF0, 0x79, 0xF0,
    0x89, 0xF0, 0x79, 0xF1, 0x57, 0xF0, 0x8B, 0xF2,
    0x5A, 0xF1, 0x38, 0xF5, 0x39, 0xF5, 0x5C, 0xF4,
    0x8E, 0xF5, 0x8D, 0xF2, 0x9F, 0xF2, 0xCF, 0xF6,
    0x57, 0xF2, 0x33, 0xF3, 0x32, 0xF3, 0x23, 0xF3,
    0x23, 0xF3, 0x43, 0xF3, 0x43, 0xF4, 0x43, 0xF3,
    0x33, 0xF3, 0x44, 0xF3, 0x33, 0xF3, 0x33, 0xF3,
    0x43, 0xF4, 0x33, 0xF3, 0x44, 0xF4, 0x33, 0xF3,
    0x33, 0xF3, 0x54, 0xF4, 0x43, 0xF3, 0x43, 0xF3,
    0x43, 0xF3, 0x43, 0xF3, 0x43, 0xF3, 0x44, 0xF3,
    0x99, 0xF8, 0x99, 0xF8, 0x89, 0xF7, 0x99, 0xF8,
    0x99, 0xF8, 0x88, 0xF7, 0x88, 0xF7, 0x88, 0xF7,
    0x99, 0xF8, 0x99, 0xF8, 0x99, 0xF8, 0x99, 0xF7,
    0x99, 0xF8, 0xAA, 0xF9, 0xAA, 0xF9, 0xAA, 0xF9,
    0xAA, 0xF9, 0xBB, 0xFA, 0xAA, 0xF9, 0xBB, 0xFA,
    0xAB, 0xF9, 0xAA, 0xF8, 0xAB, 0xF9, 0xBB, 0xF9,
    0xAA, 0xF9, 0xBB, 0xFA, 0xAA, 0xF9, 0xBB, 0xFA,
    0xBB, 0xFA, 0xAA, 0xFA, 0xAA, 0xF9, 0xBB, 0xF9,
    0xAA, 0xF8, 0xBC, 0xFB, 0x24, 0xF6, 0x02, 0xF5,
    0x11, 0xF4, 0xA4, 0xF5, 0xE5, 0xF3, 0xD5, 0xF3,
    0x93, 0xF3, 0x82, 0xF3, 0xC1, 0xF0, 0xE1, 0xF0,
    0xE1, 0xF0, 0xE1, 0xF0, 0xE2, 0xF0, 0xE1, 0xF0,
    0xD1, 0xF0, 0xD1, 0xF1, 0xE1, 0xF1, 0xE1, 0xF0,
    0xE1, 0xF0, 0xE1, 0xF0, 0xE1, 0xF0, 0xE1, 0xF1,
    0xE1, 0xF1, 0xE1, 0xF0, 0xE2, 0xF0, 0xE2, 0xF0,
    0xE3, 0xF0, 0xE4, 0xF0, 0xE4, 0xF0, 0xE2, 0xF0,
    0xE3, 0xF1, 0xA1, 0xF0, 0x41, 0xF0, 0x21, 0xF2,
    0x14, 0xFA, 0x3A, 0xFF, 0x08, 0xFD, 0x16, 0xFB,
    0x9C, 0xFB, 0xBC, 0xF8, 0xCC, 0xF7, 0xCB, 0xF7,
    0xCB, 0xF7, 0xCC, 0xF8, 0xCB, 0xF8, 0xCB, 0xF7,
    0xCB, 0xF7, 0xBA, 0xF7, 0xAA, 0xF7, 0xAA, 0xF8,
    0xAA, 0xF7, 0xAA, 0xF7, 0xAA, 0xF8, 0xAA, 0xF8,
    0xAA, 0xF8, 0xAA, 0xF7, 0x99, 0xF7, 0x99, 0xF7,
    0x99, 0xF8, 0x99, 0xF8, 0x9A, 0xF9, 0xAA, 0xFA,
    0x99, 0xF8, 0x99, 0xF8, 0x89, 0xF8, 0x99, 0xF9,
    0x99, 0xF8, 0x9A, 0xF9, 0x99, 0xF9, 0x9A, 0xF9,
    0x89, 0xF9, 0x12, 0xF6, 0x01, 0xF8, 0x24, 0xF8,
    0x53, 0xF1, 0xA7, 0xF0, 0xC9, 0xF0, 0xEC, 0xF0,
    0xED, 0xF0, 0xED, 0xF0, 0xDB, 0xF0, 0xCA, 0xF0,
    0xCA, 0xF0, 0xCA, 0xF0, 0xB9, 0xF0, 0xC9, 0xF0,
    0xC9, 0xF0, 0xCA, 0xF0, 0xC9, 0xF0, 0xCA, 0xF0,
    0xCB, 0xF0, 0xDB, 0xF0, 0xDB, 0xF0, 0xDB, 0xF0,
    0xDB, 0xF0, 0xDB, 0xF0, 0xDB, 0xF0, 0xDC, 0xF0,
    0xDC, 0xF0, 0xDD, 0xF0, 0xDD, 0xF0, 0xED, 0xF0,
    0xED, 0xF0, 0xED, 0xF0, 0x96, 0xF0, 0x21, 0xF3,
    0x48, 0xFB, 0x06, 0xFB, 0x2B, 0xFE, 0x5C, 0xFE,
    0x5C, 0xFE, 0x7E, 0xFF, 0x9D, 0xFE, 0x88, 0xF9,
    0x98, 0xF8, 0x99, 0xF8, 0x9A, 0xF8, 0x99, 0xF8,
    0xAA, 0xF8, 0x99, 0xF7, 0xAA, 0xF8, 0xBB, 0xF8,
    0xAA, 0xF8, 0xBA, 0xF8, 0xBB, 0xF8, 0xCB, 0xF8,
    0xCB, 0xF8, 0xCC, 0xF9, 0xBB, 0xF9, 0x66, 0xF5,
    0x22, 0xF4, 0x22, 0xF4, 0x22, 0xF4, 0x23, 0xF4,
    0x23, 0xF4, 0x23, 0xF4, 0x23, 0xF4, 0x23, 0xF5,
    0x23, 0xF5, 0x23, 0xF5, 0x23, 0xF5, 0x23, 0xF5,
    0x23, 0xF5, 0x23, 0xF5, 0x23, 0xF5, 0x23, 0xF5,
    0x23, 0xF5, 0x23, 0xF5, 0x23, 0xF5, 0x23, 0xF6,
    0x23, 0xF6, 0x23, 0xF6, 0x23, 0xF5, 0x23, 0xF5,
    0x23, 0xF5, 0x23, 0xF5, 0x23, 0xF5, 0x23, 0xF5,
    0x23, 0xF5, 0x23, 0xF4, 0x24, 0xF3, 0x46, 0xF4,
    0x15, 0xF2, 0x15, 0xF2, 0x47, 0xF2, 0x58, 0xF2,
    0x58, 0xF1, 0x47, 0xF0, 0x36, 0xF0, 0x47, 0xF0,
    0x58, 0xF0, 0x68, 0xF0, 0x68, 0xF0, 0x79, 0xF0,
    0x7A, 0xF0, 0x8A, 0xF1, 0x79, 0xF2, 0x46, 0xF0,
    0x57, 0xF0, 0x57, 0xF0, 0x79, 0xF0, 0x79, 0xF0,
    0x79, 0xF0, 0x79, 0xF0, 0x79, 0xF0, 0x68, 0xF0,
    0x79, 0xF1, 0x68, 0xF0, 0x69, 0xF0, 0x7A, 0xF0,
    0x58, 0xF0, 0x26, 0xF3, 0x39, 0xF3, 0x6C, 0xF4,
    0x7D, 0xF5, 0x8D, 0xF2, 0xAF, 0xF2, 0xBE, 0xF5,
    0x33, 0xF0, 0x33, 0xF2, 0x22, 0xF3, 0x23, 0xF3,
    0x23, 0xF3, 0x33, 0xF3, 0x43, 0xF4, 0x33, 0xF3,
    0x33, 0xF3, 0x44, 0xF4, 0x34, 0xF3, 0x33, 0xF3,
    0x43, 0xF4, 0x33, 0xF3, 0x44, 0xF4, 0x33, 0xF3,
    0x33, 0xF3, 0x44, 0xF4, 0x43, 0xF3, 0x43, 0xF3,
    0x43, 0xF3, 0x43, 0xF3, 0x43, 0xF3, 0x43, 0xF3,
    0xAA, 0xF8, 0xBB, 0xF8, 0xBB, 0xF9, 0xCC, 0xF9,
    0xBC, 0xF9, 0xCC, 0xF9, 0xCC, 0xF9, 0xCC, 0xF9,
    0xBB, 0xF7, 0xBB, 0xF7, 0xCC, 0xF7, 0xBB, 0xF7,
    0xCC, 0xF8, 0xBB, 0xF7, 0xAA, 0xF7, 0xBB, 0xF8,
    0xAA, 0xF8, 0xBB, 0xF9, 0xBB, 0xFA, 0xBB, 0xFA,
    0xBB, 0xF9, 0xAA, 0xF8, 0xBB, 0xF9, 0xAA, 0xF9,
    0xAA, 0xF9, 0xBB, 0xF9, 0xBB, 0xF9, 0xBB, 0xF9,
    0xBB, 0xF9, 0xBC, 0xFA, 0xCC, 0xFA, 0xCC, 0xF9,
    0xCC, 0xF9, 0xCC, 0xFA, 0x44, 0xF7, 0x02, 0xF7,
    0x11, 0xF4, 0x83, 0xF6, 0xC6, 0xF7, 0x94, 0xF5,
    0x53, 0xF5, 0x84, 0xF5, 0xB1, 0xF0, 0xE1, 0xF0,
    0xE1, 0xF0, 0xE1, 0xF0, 0xE1, 0xF0, 0xE1, 0xF0,
    0xD0, 0xF0, 0xD0, 0xF1, 0xE1, 0xF1, 0xE1, 0xF0,
    0xE1, 0xF0, 0xE1, 0xF0, 0xE1, 0xF0, 0xE1, 0xF1,
    0xE1, 0xF1, 0xE1, 0xF1, 0xE1, 0xF0, 0xE1, 0xF0,
    0xE3, 0xF0, 0xE5, 0xF1, 0xE5, 0xF0, 0xE2, 0xF0,
    0xE3, 0xF2, 0x91, 0xF1, 0x41, 0xF1, 0x21, 0xF3,
    0x25, 0xFB, 0x28, 0xFF, 0x06, 0xFE, 0x26, 0xFE,
    0x8A, 0xFB, 0xAA, 0xF8, 0xBA, 0xF8, 0xBB, 0xF8,
    0xAA, 0xF7, 0xBB, 0xF8, 0xBB, 0xF7, 0xBB, 0xF8,
    0xBB, 0xF8, 0xBA, 0xF7, 0xBB, 0xF7, 0xCB, 0xF7,
    0xBB, 0xF7, 0xCB, 0xF7, 0xCB, 0xF7, 0xBB, 0xF7,
    0xCB, 0xF8, 0xCB, 0xF7, 0xCB, 0xF7, 0xCB, 0xF7,
    0xBB, 0xF7, 0xCB, 0xF7, 0xBB, 0xF7, 0xBB, 0xF8,
    0xBA, 0xF7, 0xBB, 0xF8, 0xBA, 0xF8, 0xBB, 0xF8,
    0xAA, 0xF8, 0xAA, 0xF8, 0xBA, 0xF8, 0x99, 0xF8,
    0xAA, 0xFA, 0x67, 0xF8, 0x01, 0xF6, 0x01, 0xF5,
    0x43, 0xF2, 0xA7, 0xF0, 0xCA, 0xF0, 0xDC, 0xF0,
    0xED, 0xF0, 0xED, 0xF0, 0xDC, 0xF0, 0xDB, 0xF0,
    0xCA, 0xF0, 0xCA, 0xF0, 0xCA, 0xF0, 0xC9, 0xF0,
    0xC9, 0xF0, 0xCA, 0xF0, 0xCA, 0xF0, 0xB9, 0xF0,
    0xCA, 0xF0, 0xCA, 0xF0, 0xDB, 0xF0, 0xDB, 0xF0,
    0xDB, 0xF0, 0xDB, 0xF0, 0xDC, 0xF0, 0xDC, 0xF0,
    0xED, 0xF0, 0xDD, 0xF0, 0xED, 0xF0, 0xEE, 0xF0,
    0xEE, 0xF0, 0xEE, 0xF0, 0x75, 0xF0, 0x20, 0xF1,
    0x00, 0xF5, 0x16, 0xFA, 0x5C, 0xFE, 0x3A, 0xFC,
    0x5D, 0xFF, 0x6D, 0xFE, 0x9D, 0xFE, 0x89, 0xF8,
    0x99, 0xF8, 0x99, 0xF8, 0x98, 0xF8, 0x99, 0xF8,
    0xA9, 0xF8, 0x99, 0xF8, 0xA9, 0xF9, 0x99, 0xF8,
    0x99, 0xF8, 0x88, 0xF7, 0x99, 0xF8, 0xAA, 0xF8,
    0xAA, 0xF8, 0xAA, 0xF9, 0x9A, 0xF9, 0x55, 0xF5,
    0x22, 0xF3, 0x22, 0xF4, 0x23, 0xF4, 0x23, 0xF4,
    0x23, 0xF4, 0x23, 0xF4, 0x23, 0xF4, 0x23, 0xF5,
    0x23, 0xF4, 0x23, 0xF4, 0x23, 0xF5, 0x23, 0xF5,
    0x23, 0xF5, 0x23, 0xF5, 0x23, 0xF5, 0x23, 0xF5,
    0x23, 0xF5, 0x23, 0xF5, 0x23, 0xF5, 0x23, 0xF5,
    0x23, 0xF6, 0x23, 0xF5, 0x23, 0xF5, 0x23, 0xF5,
    0x23, 0xF5, 0x23, 0xF5, 0x23, 0xF5, 0x23, 0xF5,
    0x23, 0xF5, 0x23, 0xF4, 0x23, 0xF3, 0x36, 0xF4,
    0x15, 0xF1, 0x15, 0xF0, 0x6A, 0xF4, 0x9C, 0xF4,
    0x7B, 0xF2, 0x58, 0xF0, 0x47, 0xF0, 0x47, 0xF0,
    0x58, 0xF0, 0x69, 0xF0, 0x69, 0xF0, 0x79, 0xF0,
    0x7A, 0xF0, 0x8A, 0xF1, 0x8A, 0xF3, 0x46, 0xF1,
    0x35, 0xF0, 0x46, 0xF0, 0x68, 0xF0, 0x79, 0xF0,
    0x79, 0xF0, 0x79, 0xF0, 0x79, 0xF0, 0x57, 0xF0,
    0x67, 0xF1, 0x46, 0xF0, 0x69, 0xF0, 0x8A, 0xF1,
    0x8A, 0xF2, 0x25, 0xF1, 0x49, 0xF3, 0x6C, 0xF5,
    0x6C, 0xF4, 0x8E, 0xF3, 0xAF, 0xF3, 0xAD, 0xF6,
    0x33, 0xF1, 0x33, 0xF2, 0x22, 0xF3, 0x23, 0xF3,
    0x23, 0xF3, 0x33, 0xF3, 0x33, 0xF4, 0x33, 0xF3,
    0x33, 0xF3, 0x44, 0xF3, 0x33, 0xF3, 0x33, 0xF3,
    0x43, 0xF4, 0x33, 0xF2, 0x43, 0xF3, 0x33, 0xF3,
    0x33, 0xF3, 0x44, 0xF3, 0x43, 0xF3, 0x43, 0xF3,
    0x43, 0xF4, 0x43, 0xF3, 0x43, 0xF3, 0x43, 0xF3,
    0xAA, 0xF6, 0xBB, 0xF8, 0xAA, 0xF7, 0xAA, 0xF8,
    0xCC, 0xFA, 0xBB, 0xF9, 0xBB, 0xF8, 0xBB, 0xF8,
    0xAA, 0xF6, 0xCB, 0xF8, 0xBB, 0xF7, 0xBB, 0xF7,
    0xCC, 0xF8, 0xCC, 0xF8, 0xCC, 0xF8, 0xCC, 0xF8,
    0xCC, 0xF8, 0xCC, 0xF9, 0xCC, 0xF9, 0xCC, 0xFA,
    0xCC, 0xFA, 0xCC, 0xFA, 0xCC, 0xFA, 0xCC, 0xFA,
    0xCC, 0xFA, 0xCC, 0xFA, 0xCC, 0xFA, 0xCC, 0xF9,
    0xBB, 0xF9, 0xCC, 0xFA, 0xCC, 0xFA, 0xCC, 0xF9,
    0xBB, 0xF8, 0xBB, 0xFA, 0x56, 0xF8, 0x02, 0xF8,
    0x01, 0xF6, 0x21, 0xF6, 0x31, 0xF7, 0x32, 0xF9,
    0x33, 0xF6, 0x85, 0xF6, 0xB0, 0xF0, 0xE1, 0xF0,
    0xE1, 0xF0, 0xE1, 0xF0, 0xE1, 0xF0, 0xE0, 0xF1,
    0xE0, 0xF1, 0xE0, 0xF1, 0xE0, 0xF1, 0xE1, 0xF0,
    0xE1, 0xF0, 0xE1, 0xF0, 0xE1, 0xF0, 0xE1, 0xF0,
    0xE1, 0xF0, 0xE1, 0xF1, 0xE1, 0xF0, 0xE1, 0xF0,
    0xE3, 0xF1, 0xE5, 0xF1, 0xE6, 0xF0, 0xC3, 0xF0,
    0xE3, 0xF1, 0x90, 0xF1, 0x41, 0xF1, 0x11, 0xF3,
    0x04, 0xFB, 0x06, 0xFF, 0x06, 0xFF, 0x46, 0xFE,
    0x9A, 0xFD, 0x9A, 0xF9, 0x99, 0xF9, 0x9A, 0xF9,
    0x9A, 0xF8, 0xAA, 0xF9, 0x9A, 0xF9, 0x9A, 0xF9,
    0x99, 0xF8, 0x89, 0xF7, 0xAA, 0xF9, 0xAA, 0xF8,
    0xBA, 0xF9, 0xAA, 0xF8, 0xA9, 0xF7, 0x98, 0xF6,
    0x98, 0xF6, 0x98, 0xF6, 0x99, 0xF6, 0xA9, 0xF6,
    0xA9, 0xF6, 0xA9, 0xF6, 0xB9, 0xF6, 0xA9, 0xF6,
    0xAA, 0xF7, 0xBA, 0xF7, 0xBB, 0xF7, 0xBB, 0xF7,
    0xBB, 0xF7, 0xBB, 0xF7, 0xBB, 0xF7, 0xAB, 0xF7,
    0xBB, 0xF9, 0x9A, 0xF9, 0x02, 0xF4, 0x01, 0xF5,
    0x43, 0xF2, 0xA7, 0xF1, 0xDB, 0xF0, 0xED, 0xF0,
    0xED, 0xF0, 0xEE, 0xF0, 0xED, 0xF0, 0xDB, 0xF0,
    0xCA, 0xF0, 0xCA, 0xF0, 0xC9, 0xF0, 0xCA, 0xF0,
    0xC9, 0xF0, 0xCA, 0xF0, 0xCA, 0xF0, 0xC9, 0xF0,
    0xCA, 0xF0, 0xCA, 0xF0, 0xDB, 0xF0, 0xCA, 0xF0,
    0xCB, 0xF0, 0xDB, 0xF0, 0xDB, 0xF0, 0xDC, 0xF0,
    0xDC, 0xF0, 0xDC, 0xF0, 0xED, 0xF0, 0xEE, 0xF0,
    0xEF, 0xF0, 0xEE, 0xF0, 0x76, 0xF0, 0x30, 0xF1,
    0x01, 0xF5, 0x37, 0xFB, 0x5B, 0xFE, 0x28, 0xFB,
    0x5E, 0xFF, 0x5D, 0xFD, 0xAE, 0xFE, 0xAB, 0xF9,
    0xBA, 0xF7, 0xBB, 0xF7, 0xBA, 0xF7, 0xBA, 0xF7,
    0xBA, 0xF7, 0xBA, 0xF7, 0xBA, 0xF8, 0xA9, 0xF7,
    0xAA, 0xF8, 0xAA, 0xF8, 0xAA, 0xF8, 0xAA, 0xF8,
    0xAA, 0xF9, 0xAA, 0xF9, 0x9A, 0xF9, 0x77, 0xF7,
    0x23, 0xF3, 0x22, 0xF4, 0x23, 0xF4, 0x23, 0xF4,
    0x23, 0xF4, 0x23, 0xF4, 0x23, 0xF4, 0x23, 0xF4,
    0x23, 0xF4, 0x23, 0xF4, 0x23, 0xF5, 0x23, 0xF5,
    0x23, 0xF5, 0x23, 0xF5, 0x23, 0xF5, 0x23, 0xF4,
    0x23, 0xF4, 0x23, 0xF4, 0x23, 0xF4, 0x23, 0xF5,
    0x23, 0xF5, 0x23, 0xF5, 0x23, 0xF4, 0x23, 0xF4,
    0x23, 0xF4, 0x23, 0xF4, 0x23, 0xF5, 0x23, 0xF5,
    0x23, 0xF5, 0x23, 0xF4, 0x23, 0xF3, 0x35, 0xF3,
    0x25, 0xF1, 0x69, 0xF3, 0x9D, 0xF4, 0x9D, 0xF3,
    0xAD, 0xF3, 0x9C, 0xF2, 0x8B, 0xF1, 0x69, 0xF0,
    0x7A, 0xF0, 0x7A, 0xF0, 0x79, 0xF0, 0x68, 0xF0,
    0x8A, 0xF0, 0x7A, 0xF0, 0x8A, 0xF2, 0x57, 0xF1,
    0x46, 0xF0, 0x57, 0xF0, 0x68, 0xF0, 0x79, 0xF0,
    0x8A, 0xF0, 0x79, 0xF0, 0x79, 0xF0, 0x78, 0xF0,
    0x56, 0xF1, 0x57, 0xF1, 0x8A, 0xF2, 0xAC, 0xF3,
    0xAC, 0xF4, 0x46, 0xF2, 0x38, 0xF3, 0x6B, 0xF6,
    0x5C, 0xF4, 0x9E, 0xF4, 0xAE, 0xF4, 0x8A, 0xF5,
    0x33, 0xF2, 0x33, 0xF3, 0x22, 0xF3, 0x23, 0xF3,
    0x23, 0xF3, 0x33, 0xF3, 0x33, 0xF4, 0x33, 0xF3,
    0x43, 0xF3, 0x33, 0xF3, 0x33, 0xF3, 0x33, 0xF3,
    0x43, 0xF4, 0x33, 0xF2, 0x43, 0xF3, 0x33, 0xF3,
    0x33, 0xF3, 0x44, 0xF3, 0x43, 0xF3, 0x44, 0xF3,
    0x33, 0xF3, 0x43, 0xF3, 0x43, 0xF3, 0x43, 0xF3,
    0x9A, 0xF8, 0x99, 0xF9, 0x88, 0xF8, 0x88, 0xF8,
    0x77, 0xF7, 0x88, 0xF7, 0x66, 0xF6, 0x77, 0xF6,
    0x66, 0xF5, 0x65, 0xF4, 0x88, 0xF7, 0xA9, 0xF8,
    0x99, 0xF7, 0xAA, 0xF8, 0xBA, 0xF8, 0xA9, 0xF8,
    0xBA, 0xF8, 0xBB, 0xF9, 0xCB, 0xF9, 0xBA, 0xF7,
    0xBA, 0xF7, 0xA9, 0xF7, 0x99, 0xF7, 0xA9, 0xF7,
    0xAA, 0xF7, 0xBA, 0xF8, 0x99, 0xF6, 0xAA, 0xF7,
    0xAA, 0xF6, 0xBA, 0xF7, 0xAA, 0xF7, 0xBA, 0xF7,
    0xBA, 0xF7, 0xAB, 0xF8, 0x89, 0xF8, 0x02, 0xF7,
    0x01, 0xF7, 0x01, 0xF8, 0x02, 0xFA, 0x03, 0xFB,
    0x23, 0xF5, 0x84, 0xF4, 0xB0, 0xF0, 0xD2, 0xF0,
    0xE4, 0xF0, 0xE3, 0xF0, 0xE2, 0xF0, 0xE1, 0xF0,
    0xE0, 0xF0, 0xE0, 0xF1, 0xE0, 0xF1, 0xE1, 0xF1,
    0xE1, 0xF0, 0xE1, 0xF0, 0xE1, 0xF0, 0xE2, 0xF0,
    0xE2, 0xF0, 0xE1, 0xF0, 0xE1, 0xF0, 0xD1, 0xF0,
    0xD2, 0xF1, 0xE4, 0xF1, 0xE5, 0xF0, 0xD4, 0xF0,
    0xE4, 0xF0, 0xA1, 0xF0, 0x51, 0xF1, 0x11, 0xF5,
    0x04, 0xFC, 0x17, 0xFF, 0x06, 0xFE, 0x57, 0xFC,
    0xBB, 0xFA, 0xAB, 0xF8, 0xBB, 0xF9, 0xAA, 0xF8,
    0xBB, 0xF9, 0xAB, 0xF9, 0xAA, 0xF9, 0xAA, 0xF8,
    0xAA, 0xF9, 0xAA, 0xF9, 0x99, 0xF8, 0x9A, 0xF9,
    0x99, 0xF9, 0xAA, 0xFA, 0x99, 0xF9, 0x9A, 0xF9,
    0xAA, 0xF9, 0x9A, 0xF9, 0x88, 0xF7, 0x99, 0xF9,
    0x88, 0xF7, 0x88, 0xF7, 0x89, 0xF8, 0x88, 0xF7,
    0x88, 0xF7, 0x99, 0xF7, 0x99, 0xF8, 0x98, 0xF7,
    0xA9, 0xF8, 0xA9, 0xF8, 0x99, 0xF7, 0xAB, 0xF8,
    0x9A, 0xF8, 0xAB, 0xFA, 0x46, 0xF7, 0x01, 0xF4,
    0x10, 0xF1, 0x86, 0xF2, 0xDB, 0xF0, 0xED, 0xF0,
    0xEE, 0xF0, 0xEE, 0xF0, 0xEE, 0xF0, 0xDC, 0xF0,
    0xDB, 0xF0, 0xDB, 0xF0, 0xCA, 0xF0, 0xCA, 0xF0,
    0xDA, 0xF0, 0xCA, 0xF0, 0xCA, 0xF0, 0xCA, 0xF0,
    0xC9, 0xF0, 0xCA, 0xF0, 0xDB, 0xF0, 0xDB, 0xF0,
    0xDB, 0xF0, 0xDB, 0xF0, 0xDB, 0xF0, 0xDC, 0xF0,
    0xDC, 0xF0, 0xDC, 0xF0, 0xDC, 0xF0, 0xEE, 0xF0,
    0xEF, 0xF0, 0xEE, 0xF0, 0x98, 0xF1, 0x30, 0xF1,
    0x01, 0xF4, 0x46, 0xFA, 0x37, 0xFC, 0x28, 0xFC,
    0x5D, 0xFF, 0x5C, 0xFD, 0x9D, 0xFD, 0x89, 0xF8,
    0x98, 0xF6, 0xAA, 0xF7, 0xAA, 0xF6, 0xAA, 0xF6,
    0xBB, 0xF7, 0xBB, 0xF7, 0xBB, 0xF7, 0xCB, 0xF8,
    0xBB, 0xF7, 0xCB, 0xF8, 0xCB, 0xF8, 0xCB, 0xF7,
    0xCB, 0xF8, 0xCB, 0xF8, 0xBB, 0xF8, 0x99, 0xF7,
    0x44, 0xF4, 0x22, 0xF3, 0x22, 0xF4, 0x23, 0xF4,
    0x23, 0xF4, 0x23, 0xF4, 0x23, 0xF4, 0x23, 0xF4,
    0x23, 0xF4, 0x23, 0xF4, 0x23, 0xF4, 0x23, 0xF5,
    0x23, 0xF5, 0x23, 0xF5, 0x23, 0xF5, 0x23, 0xF5,
    0x23, 0xF5, 0x23, 0xF4, 0x23, 0xF4, 0x23, 0xF4,
    0x23, 0xF5, 0x23, 0xF5, 0x23, 0xF4, 0x23, 0xF4,
    0x23, 0xF5, 0x23, 0xF5, 0x23, 0xF5, 0x23, 0xF5,
    0x23, 0xF5, 0x22, 0xF5, 0x23, 0xF4, 0x24, 0xF3,
    0x36, 0xF2, 0x7B, 0xF4, 0x8D, 0xF3, 0x9D, 0xF2,
    0xAD, 0xF2, 0xAC, 0xF2, 0x8B, 0xF1, 0x8B, 0xF1,
    0x79, 0xF0, 0x79, 0xF0, 0x7A, 0xF0, 0x79, 0xF0,
    0x79, 0xF0, 0x79, 0xF0, 0x7A, 0xF0, 0x68, 0xF0,
    0x68, 0xF0, 0x68, 0xF0, 0x68, 0xF0, 0x79, 0xF0,
    0x79, 0xF0, 0x89, 0xF0, 0x8A, 0xF0, 0x8A, 0xF1,
    0x79, 0xF1, 0x9B, 0xF4, 0x8A, 0xF2, 0x8B, 0xF2,
    0x9B, 0xF2, 0x8A, 0xF3, 0x37, 0xF2, 0x5B, 0xF6,
    0x5B, 0xF4, 0x8D, 0xF3, 0xBE, 0xF6, 0x57, 0xF3,
    0x32, 0xF3, 0x32, 0xF3, 0x22, 0xF3, 0x23, 0xF2,
    0x23, 0xF3, 0x33, 0xF3, 0x33, 0xF4, 0x33, 0xF3,
    0x33, 0xF3, 0x33, 0xF3, 0x33, 0xF3, 0x33, 0xF3,
    0x43, 0xF4, 0x33, 0xF2, 0x43, 0xF3, 0x33, 0xF3,
    0x33, 0xF3, 0x44, 0xF3, 0x43, 0xF3, 0x43, 0xF3,
    0x33, 0xF3, 0x33, 0xF3, 0x33, 0xF3, 0x33, 0xF3,
    0x99, 0xF7, 0x98, 0xF7, 0x99, 0xF7, 0xA9, 0xF7,
    0xAA, 0xF7, 0x99, 0xF6, 0xAA, 0xF7, 0xAA, 0xF7,
    0xBA, 0xF7, 0xBB, 0xF7, 0xAA, 0xF6, 0xBB, 0xF7,
    0xCB, 0xF7, 0xCB, 0xF8, 0xCB, 0xF7, 0xCB, 0xF7,
    0xDC, 0xF8, 0xCC, 0xF7, 0xCC, 0xF8, 0xCC, 0xF8,
    0xCC, 0xF7, 0xCC, 0xF8, 0xCB, 0xF7, 0xDC, 0xF8,
    0xCC, 0xF8, 0xDC, 0xF8, 0xCC, 0xF8, 0xDC, 0xF8,
    0xDC, 0xF8, 0xCC, 0xF8, 0xDC, 0xF8, 0xDC, 0xF8,
    0xDC, 0xF8, 0xCD, 0xF9, 0xBB, 0xFA, 0x02, 0xF6,
    0x01, 0xF9, 0x01, 0xFA, 0x02, 0xFB, 0x02, 0xF8,
    0x33, 0xF5, 0x72, 0xF2, 0xB1, 0xF0, 0xE3, 0xF0,
    0xE5, 0xF0, 0xE5, 0xF0, 0xD4, 0xF0, 0xD2, 0xF0,
    0xE1, 0xF0, 0xE1, 0xF1, 0xE1, 0xF1, 0xE1, 0xF0,
    0xE1, 0xF0, 0xE1, 0xF0, 0xE2, 0xF0, 0xE3, 0xF0,
    0xE3, 0xF0, 0xE1, 0xF0, 0xE1, 0xF0, 0xC0, 0xF0,
    0xB0, 0xF0, 0xE2, 0xF1, 0xE3, 0xF0, 0xE4, 0xF0,
    0xE6, 0xF1, 0xB3, 0xF1, 0x60, 0xF1, 0x11, 0xF6,
    0x04, 0xFD, 0x17, 0xFF, 0x05, 0xFD, 0x8A, 0xFD,
    0xCC, 0xFA, 0xDC, 0xF8, 0xCC, 0xF8, 0xDC, 0xF8,
    0xDC, 0xF8, 0xCB, 0xF8, 0xCB, 0xF7, 0xCB, 0xF8,
    0xBB, 0xF7, 0xBB, 0xF7, 0xBB, 0xF8, 0xBB, 0xF8,
    0xA9, 0xF7, 0xAA, 0xF7, 0x99, 0xF7, 0x9A, 0xF8,
    0x99, 0xF8, 0x98, 0xF7, 0x99, 0xF7, 0x88, 0xF6,
    0x9A, 0xF8, 0x88, 0xF7, 0x78, 0xF7, 0x88, 0xF8,
    0x88, 0xF7, 0x88, 0xF7, 0x89, 0xF8, 0x99, 0xF9,
    0xAA, 0xFA, 0x99, 0xF9, 0x99, 0xF9, 0xAA, 0xFB,
    0x9A, 0xFA, 0xAA, 0xFA, 0x89, 0xFA, 0x02, 0xF5,
    0x01, 0xF2, 0x43, 0xF0, 0xB9, 0xF0, 0xDC, 0xF0,
    0xED, 0xF0, 0xEF, 0xF0, 0xDD, 0xF0, 0xED, 0xF0,
    0xDC, 0xF0, 0xDB, 0xF0, 0xDB, 0xF0, 0xCA, 0xF0,
    0xCA, 0xF0, 0xDA, 0xF0, 0xDA, 0xF0, 0xCA, 0xF0,
    0xCA, 0xF0, 0xCA, 0xF0, 0xCA, 0xF0, 0xDB, 0xF0,
    0xDB, 0xF0, 0xDB, 0xF0, 0xDC, 0xF0, 0xDC, 0xF0,
    0xDC, 0xF0, 0xDC, 0xF0, 0xCB, 0xF0, 0xDD, 0xF0,
    0xEF, 0xF0, 0xEF, 0xF1, 0xBA, 0xF2, 0x30, 0xF1,
    0x01, 0xF4, 0x14, 0xFA, 0x03, 0xFA, 0x48, 0xFB,
    0x4B, 0xFE, 0x7D, 0xFE, 0x9D, 0xFD, 0x99, 0xF9,
    0x98, 0xF8, 0x88, 0xF7, 0x88, 0xF8, 0x99, 0xF8,
    0xAA, 0xF9, 0x99, 0xF8, 0x99, 0xF7, 0xA9, 0xF8,
    0xA9, 0xF7, 0xA9, 0xF7, 0xA9, 0xF7, 0xAA, 0xF7,
    0xBB, 0xF8, 0xBB, 0xF8, 0xBB, 0xF8, 0xBB, 0xF9,
    0x77, 0xF7, 0x23, 0xF3, 0x22, 0xF4, 0x22, 0xF4,
    0x22, 0xF4, 0x22, 0xF4, 0x23, 0xF4, 0x23, 0xF4,
    0x23, 0xF4, 0x23, 0xF4, 0x23, 0xF4, 0x23, 0xF5,
    0x23, 0xF5, 0x23, 0xF5, 0x23, 0xF5, 0x23, 0xF5,
    0x23, 0xF5, 0x23, 0xF5, 0x23, 0xF5, 0x23, 0xF5,
    0x23, 0xF5, 0x23, 0xF5, 0x23, 0xF5, 0x23, 0xF5,
    0x23, 0xF5, 0x22, 0xF5, 0x22, 0xF5, 0x22, 0xF5,
    0x22, 0xF5, 0x22, 0xF5, 0x22, 0xF5, 0x13, 0xF3,
    0x35, 0xF2, 0x59, 0xF2, 0x8C, 0xF2, 0x9D, 0xF2,
    0x9C, 0xF2, 0xBD, 0xF4, 0xAD, 0xF3, 0x8B, 0xF3,
    0x69, 0xF0, 0x7A, 0xF0, 0x7A, 0xF0, 0x8A, 0xF0,
    0x8A, 0xF1, 0x8A, 0xF2, 0x7A, 0xF1, 0x58, 0xF0,
    0x69, 0xF0, 0x79, 0xF0, 0x79, 0xF0, 0x79, 0xF0,
    0x89, 0xF0, 0x8A, 0xF0, 0x8A, 0xF0, 0x8A, 0xF0,
    0x7A, 0xF0, 0x9B, 0xF3, 0x7A, 0xF2, 0x8A, 0xF0,
    0x9B, 0xF0, 0xAD, 0xF5, 0x7A, 0xF4, 0x5A, 0xF4,
    0x5A, 0xF2, 0x7C, 0xF2, 0xBE, 0xF6, 0x34, 0xF2,
    0x32, 0xF3, 0x32, 0xF3, 0x22, 0xF3, 0x23, 0xF2,
    0x23, 0xF3, 0x32, 0xF3, 0x33, 0xF4, 0x33, 0xF3,
    0x33, 0xF3, 0x33, 0xF3, 0x33, 0xF3, 0x33, 0xF3,
    0x43, 0xF3, 0x33, 0xF3, 0x43, 0xF3, 0x33, 0xF3,
    0x33, 0xF3, 0x44, 0xF3, 0x43, 0xF2, 0x43, 0xF3,
    0x33, 0xF3, 0x33, 0xF3, 0x33, 0xF2, 0x43, 0xF3,
    0xDC, 0xF8, 0xDC, 0xF7, 0xDC, 0xF7, 0xDC, 0xF7,
    0xDC, 0xF7, 0xCC, 0xF7, 0xCC, 0xF7, 0xDC, 0xF8,
    0xCC, 0xF8, 0xCB, 0xF7, 0xDC, 0xF8, 0xCB, 0xF7,
    0xCB, 0xF7, 0xCB, 0xF7, 0xCC, 0xF8, 0xCB, 0xF8,
    0xCB, 0xF8, 0xCC, 0xF8, 0xBB, 0xF8, 0xBB, 0xF8,
    0xA9, 0xF7, 0xBA, 0xF8, 0xBA, 0xF8, 0xBB, 0xF9,
    0xA9, 0xF7, 0xAA, 0xF7, 0xAA, 0xF8, 0xBB, 0xF8,
    0x99, 0xF7, 0xAA, 0xF7, 0xA9, 0xF7, 0xA9, 0xF7,
    0xBA, 0xF8, 0xBB, 0xF8, 0xAB, 0xFA, 0x11, 0xF5,
    0x01, 0xF9, 0x01, 0xFA, 0x01, 0xFA, 0x02, 0xF6,
    0x33, 0xF5, 0x51, 0xF2, 0xA0, 0xF0, 0xC2, 0xF0,
    0xE4, 0xF0, 0xE4, 0xF0, 0xE5, 0xF0, 0xE4, 0xF0,
    0xD1, 0xF0, 0xE0, 0xF0, 0xE1, 0xF1, 0xE1, 0xF0,
    0xE1, 0xF0, 0xE2, 0xF0, 0xE2, 0xF0, 0xE2, 0xF0,
    0xE1, 0xF0, 0xE0, 0xF0, 0xE1, 0xF1, 0xA0, 0xF0,
    0x90, 0xF0, 0xB0, 0xF1, 0xC2, 0xF1, 0xC4, 0xF2,
    0xD6, 0xF2, 0xA3, 0xF1, 0x50, 0xF1, 0x11, 0xF6,
    0x14, 0xFD, 0x16, 0xFF, 0x05, 0xFE, 0x89, 0xFC,
    0xCC, 0xF9, 0xBB, 0xF8, 0xBB, 0xF7, 0xCB, 0xF7,
    0xCB, 0xF8, 0xCB, 0xF7, 0xCB, 0xF7, 0xCB, 0xF8,
    0xBB, 0xF7, 0xBA, 0xF7, 0xCB, 0xF7, 0xCB, 0xF7,
    0xCB, 0xF7, 0xCB, 0xF7, 0xCB, 0xF7, 0xCB, 0xF7,
    0xBB, 0xF7, 0xBB, 0xF7, 0xBB, 0xF7, 0xBB, 0xF7,
    0xBA, 0xF7, 0xBA, 0xF7, 0xBA, 0xF7, 0xAA, 0xF7,
    0x99, 0xF7, 0xAA, 0xF7, 0x99, 0xF7, 0xAA, 0xF8,
    0x99, 0xF8, 0x99, 0xF8, 0xA9, 0xF9, 0xA9, 0xF9,
    0x99, 0xF8, 0x99, 0xF8, 0xBB, 0xFB, 0x57, 0xF8,
    0x45, 0xF6, 0x10, 0xF0, 0xA8, 0xF2, 0xCA, 0xF0,
    0xED, 0xF0, 0xEE, 0xF0, 0xDD, 0xF0, 0xED, 0xF0,
    0xDC, 0xF0, 0xDB, 0xF0, 0xCB, 0xF0, 0xDB, 0xF0,
    0xCA, 0xF0, 0xCA, 0xF0, 0xDB, 0xF0, 0xCA, 0xF0,
    0xCA, 0xF0, 0xDB, 0xF0, 0xCA, 0xF0, 0xDA, 0xF0,
    0xCA, 0xF0, 0xCA, 0xF0, 0xDC, 0xF0, 0xDC, 0xF0,
    0xDD, 0xF0, 0xEE, 0xF0, 0xDD, 0xF0, 0xEE, 0xF0,
    0xEF, 0xF0, 0xEF, 0xF2, 0x77, 0xF1, 0x21, 0xF1,
    0x12, 0xF6, 0x25, 0xFB, 0x14, 0xFB, 0x26, 0xFB,
    0x28, 0xFC, 0x8D, 0xFE, 0x9C, 0xFC, 0x9A, 0xF9,
    0xA9, 0xF8, 0x99, 0xF8, 0x89, 0xF8, 0x99, 0xF8,
    0x99, 0xF8, 0x88, 0xF7, 0x88, 0xF7, 0x88, 0xF7,
    0x88, 0xF7, 0x99, 0xF8, 0x99, 0xF8, 0x99, 0xF8,
    0x99, 0xF8, 0x9A, 0xF9, 0xAA, 0xF9, 0x99, 0xF8,
    0x88, 0xF8, 0x33, 0xF4, 0x22, 0xF4, 0x22, 0xF4,
    0x22, 0xF4, 0x23, 0xF4, 0x23, 0xF4, 0x23, 0xF4,
    0x23, 0xF4, 0x23, 0xF4, 0x23, 0xF4, 0x23, 0xF4,
    0x23, 0xF4, 0x23, 0xF5, 0x23, 0xF5, 0x23, 0xF5,
    0x23, 0xF5, 0x23, 0xF5, 0x23, 0xF5, 0x23, 0xF5,
    0x23, 0xF5, 0x23, 0xF5, 0x23, 0xF5, 0x23, 0xF5,
    0x23, 0xF5, 0x23, 0xF5, 0x22, 0xF5, 0x22, 0xF5,
    0x22, 0xF5, 0x22, 0xF5, 0x22, 0xF5, 0x13, 0xF4,
    0x25, 0xF2, 0x48, 0xF1, 0x7C, 0xF1, 0x8C, 0xF1,
    0xAC, 0xF4, 0xBD, 0xF5, 0xBD, 0xF4, 0xAD, 0xF7,
    0x57, 0xF0, 0x7A, 0xF1, 0x69, 0xF0, 0x8A, 0xF0,
    0x9B, 0xF3, 0x8B, 0xF2, 0x8A, 0xF2, 0x57, 0xF0,
    0x58, 0xF0, 0x79, 0xF0, 0x8A, 0xF0, 0x8A, 0xF0,
    0x9B, 0xF0, 0x9B, 0xF0, 0x9B, 0xF1, 0x7A, 0xF1,
    0x7A, 0xF0, 0x8A, 0xF2, 0x8A, 0xF1, 0x7A, 0xF0,
    0x8B, 0xF0, 0x9B, 0xF3, 0xAD, 0xF5, 0x9D, 0xF4,
    0x9D, 0xF4, 0x8B, 0xF2, 0xBD, 0xF6, 0x22, 0xF1,
    0x22, 0xF3, 0x22, 0xF3, 0x22, 0xF3, 0x23, 0xF3,
    0x23, 0xF3, 0x32, 0xF3, 0x33, 0xF3, 0x33, 0xF3,
    0x33, 0xF3, 0x33, 0xF3, 0x33, 0xF3, 0x33, 0xF3,
    0x43, 0xF3, 0x33, 0xF2, 0x43, 0xF3, 0x33, 0xF3,
    0x33, 0xF3, 0x43, 0xF3, 0x43, 0xF2, 0x43, 0xF3,
    0x33, 0xF3, 0x43, 0xF3, 0x33, 0xF2, 0x43, 0xF3,
    0xBA, 0xF7, 0x99, 0xF6, 0xAA, 0xF7, 0xA9, 0xF6,
    0x99, 0xF6, 0xAA, 0xF7, 0xAA, 0xF8, 0x88, 0xF6,
    0xAA, 0xF8, 0xAA, 0xF8, 0xAA, 0xF8, 0xAA, 0xF8,
    0xAA, 0xF8, 0xAA, 0xF9, 0x99, 0xF8, 0x99, 0xF9,
    0xAA, 0xF9, 0xAA, 0xF9, 0x88, 0xF7, 0xAA, 0xF9,
    0x89, 0xF7, 0x9A, 0xF8, 0xBC, 0xFA, 0x9A, 0xF8,
    0xBB, 0xFA, 0xAB, 0xF9, 0x99, 0xF8, 0xAA, 0xF9,
    0xAB, 0xF9, 0x9A, 0xF9, 0x9A, 0xF9, 0xAA, 0xF9,
    0xBB, 0xFB, 0xAA, 0xF9, 0xBC, 0xFB, 0x44, 0xF5,
    0x01, 0xF5, 0x11, 0xF8, 0x01, 0xF9, 0x13, 0xF4,
    0x35, 0xF4, 0x54, 0xF5, 0x80, 0xF0, 0xC0, 0xF0,
    0xD1, 0xF0, 0xE2, 0xF0, 0xD3, 0xF0, 0xE4, 0xF0,
    0xE3, 0xF0, 0xE1, 0xF0, 0xE1, 0xF0, 0xE1, 0xF0,
    0xE1, 0xF0, 0xE2, 0xF0, 0xE2, 0xF0, 0xE1, 0xF0,
    0xE1, 0xF0, 0xE0, 0xF1, 0xC0, 0xF1, 0x70, 0xF0,
    0x50, 0xF1, 0x84, 0xF4, 0xDA, 0xF8, 0xC7, 0xF6,
    0xC9, 0xF7, 0xBA, 0xF9, 0x11, 0xF2, 0x02, 0xF5,
    0x14, 0xFD, 0x16, 0xFF, 0x05, 0xFE, 0x79, 0xFC,
    0x9A, 0xF8, 0x9A, 0xF8, 0x99, 0xF8, 0xAA, 0xF8,
    0xAA, 0xF9, 0x99, 0xF8, 0x99, 0xF8, 0x99, 0xF7,
    0xBB, 0xF9, 0xAA, 0xF8, 0xAA, 0xF8, 0xAA, 0xF8,
    0x99, 0xF7, 0xAA, 0xF7, 0xAA, 0xF7, 0xBA, 0xF7,
    0xBA, 0xF7, 0xAA, 0xF7, 0xBA, 0xF7, 0xBB, 0xF7,
    0xBA, 0xF7, 0xCB, 0xF7, 0xCB, 0xF7, 0xCB, 0xF7,
    0xCB, 0xF8, 0xCB, 0xF7, 0xCB, 0xF7, 0xCB, 0xF7,
    0xBB, 0xF7, 0xCC, 0xF8, 0xCB, 0xF7, 0xBB, 0xF7,
    0xBB, 0xF7, 0xBB, 0xF6, 0xBB, 0xF9, 0x78, 0xF8,
    0x44, 0xF6, 0x00, 0xF1, 0x54, 0xF0, 0xB8, 0xF0,
    0xDB, 0xF0, 0xEC, 0xF0, 0xDC, 0xF0, 0xDC, 0xF0,
    0xDC, 0xF0, 0xDC, 0xF0, 0xDB, 0xF0, 0xDB, 0xF0,
    0xDB, 0xF0, 0xDB, 0xF0, 0xDB, 0xF0, 0xDB, 0xF0,
    0xCA, 0xF0, 0xDB, 0xF0, 0xCA, 0xF0, 0xCA, 0xF0,
    0xCA, 0xF0, 0xB9, 0xF0, 0xDB, 0xF0, 0xED, 0xF0,
    0xEF, 0xF0, 0xEF, 0xF0, 0xEF, 0xF0, 0xEF, 0xF0,
    0xEF, 0xF0, 0xEE, 0xF3, 0x44, 0xF0, 0x10, 0xF1,
    0x13, 0xF7, 0x14, 0xFA, 0x14, 0xF9, 0x26, 0xFC,
    0x17, 0xFB, 0x8E, 0xFF, 0x9D, 0xFC, 0xAA, 0xF8,
    0xBA, 0xF6, 0xBA, 0xF6, 0xB9, 0xF6, 0xBA, 0xF7,
    0xA9, 0xF7, 0x99, 0xF6, 0x99, 0xF6, 0x99, 0xF7,
    0x99, 0xF7, 0x99, 0xF7, 0x99, 0xF7, 0x88, 0xF7,
    0x99, 0xF8, 0x98, 0xF7, 0x99, 0xF8, 0x99, 0xF8,
    0x78, 0xF7, 0x44, 0xF5, 0x22, 0xF4, 0x22, 0xF4,
    0x22, 0xF4, 0x23, 0xF4, 0x22, 0xF4, 0x22, 0xF4,
    0x22, 0xF4, 0x23, 0xF4, 0x23, 0xF4, 0x23, 0xF4,
    0x23, 0xF4, 0x23, 0xF4, 0x23, 0xF5, 0x23, 0xF5,
    0x23, 0xF5, 0x23, 0xF5, 0x23, 0xF5, 0x23, 0xF5,
    0x22, 0xF5, 0x23, 0xF5, 0x23, 0xF5, 0x23, 0xF5,
    0x23, 0xF5, 0x23, 0xF5, 0x22, 0xF5, 0x22, 0xF5,
    0x22, 0xF4, 0x22, 0xF3, 0x23, 0xF4, 0x14, 0xF4,
    0x25, 0xF2, 0x49, 0xF1, 0x7C, 0xF1, 0x9D, 0xF1,
    0xAC, 0xF3, 0xAC, 0xF4, 0xAD, 0xF4, 0x7A, 0xF4,
    0x24, 0xF0, 0x58, 0xF1, 0x69, 0xF0, 0x9B, 0xF1,
    0xAC, 0xF3, 0x9B, 0xF2, 0x8B, 0xF0, 0x69, 0xF0,
    0x79, 0xF0, 0x7A, 0xF0, 0x79, 0xF0, 0x8A, 0xF0,
    0x8B, 0xF0, 0x8B, 0xF0, 0x9B, 0xF2, 0x57, 0xF1,
    0x69, 0xF1, 0x79, 0xF0, 0x7A, 0xF0, 0x69, 0xF0,
    0x8A, 0xF1, 0x7A, 0xF1, 0x9D, 0xF3, 0x9D, 0xF3,
    0x9D, 0xF3, 0xAD, 0xF5, 0x8A, 0xF4, 0x22, 0xF1,
    0x22, 0xF2, 0x22, 0xF3, 0x22, 0xF3, 0x23, 0xF3,
    0x23, 0xF3, 0x33, 0xF3, 0x33, 0xF3, 0x32, 0xF3,
    0x33, 0xF3, 0x33, 0xF3, 0x33, 0xF3, 0x32, 0xF2,
    0x43, 0xF3, 0x33, 0xF2, 0x33, 0xF3, 0x33, 0xF3,
    0x33, 0xF3, 0x43, 0xF3, 0x43, 0xF2, 0x43, 0xF3,
    0x43, 0xF3, 0x43, 0xF3, 0x33, 0xF3, 0x33, 0xF3,
    0x99, 0xF8, 0x99, 0xF8, 0x99, 0xF8, 0x88, 0xF7,
    0xAA, 0xF9, 0xAA, 0xF9, 0x99, 0xF8, 0x99, 0xF7,
    0x99, 0xF8, 0xAA, 0xF9, 0xAA, 0xF8, 0xAA, 0xF9,
    0x99, 0xF8, 0x9A, 0xF9, 0x99, 0xF8, 0x9A, 0xF8,
    0xAA, 0xF8, 0xBA, 0xF9, 0xA9, 0xF8, 0xA9, 0xF8,
    0xBA, 0xF9, 0xAA, 0xF8, 0xBB, 0xF9, 0xAA, 0xF8,
    0xBA, 0xF8, 0xAA, 0xF7, 0xBA, 0xF7, 0xBA, 0xF7,
    0xBB, 0xF8, 0xBB, 0xF7, 0xCC, 0xF8, 0xBB, 0xF7,
    0xBB, 0xF8, 0xCC, 0xF8, 0xCC, 0xF8, 0x89, 0xF6,
    0x11, 0xF5, 0x11, 0xF8, 0x11, 0xF7, 0x23, 0xF5,
    0x44, 0xF3, 0x66, 0xF6, 0x40, 0xF0, 0x82, 0xF1,
    0xB5, 0xF4, 0xC5, 0xF4, 0xB5, 0xF3, 0xC7, 0xF5,
    0xC8, 0xF6, 0x95, 0xF3, 0xB6, 0xF5, 0xC1, 0xF0,
    0xE1, 0xF0, 0xE2, 0xF0, 0xE2, 0xF0, 0xE1, 0xF0,
    0xE0, 0xF0, 0xE0, 0xF1, 0xB0, 0xF0, 0x62, 0xF2,
    0x42, 0xF2, 0x99, 0xF9, 0x99, 0xF8, 0x98, 0xF7,
    0x87, 0xF6, 0xBB, 0xFA, 0x67, 0xF7, 0x12, 0xF5,
    0x14, 0xFB, 0x05, 0xFF, 0x36, 0xFD, 0x9A, 0xFB,
    0x9A, 0xF8, 0x99, 0xF8, 0xAA, 0xF9, 0x9A, 0xF9,
    0x99, 0xF8, 0xAA, 0xFA, 0x99, 0xF9, 0xAB, 0xFA,
    0x99, 0xF9, 0x9A, 0xF9, 0x89, 0xF8, 0x9A, 0xF9,
    0x99, 0xF8, 0x89, 0xF8, 0x88, 0xF7, 0x99, 0xF8,
    0x99, 0xF8, 0x99, 0xF7, 0x99, 0xF7, 0x88, 0xF6,
    0x89, 0xF7, 0xA9, 0xF8, 0x99, 0xF7, 0x99, 0xF7,
    0x99, 0xF7, 0x99, 0xF7, 0xAA, 0xF8, 0x99, 0xF6,
    0xA9, 0xF7, 0xBA, 0xF7, 0xBA, 0xF7, 0xAA, 0xF7,
    0xAA, 0xF7, 0xBA, 0xF7, 0xAA, 0xF8, 0x9A, 0xF8,
    0x01, 0xF0, 0x01, 0xF1, 0x11, 0xF0, 0x96, 0xF0,
    0xDA, 0xF0, 0xCA, 0xF0, 0xCB, 0xF3, 0xDC, 0xF5,
    0xDB, 0xF4, 0xBA, 0xF0, 0xBA, 0xF0, 0xDB, 0xF0,
    0xDB, 0xF0, 0xDB, 0xF0, 0xCB, 0xF0, 0xDB, 0xF0,
    0xCA, 0xF0, 0xDA, 0xF0, 0xCA, 0xF0, 0xDA, 0xF0,
    0xC9, 0xF0, 0x96, 0xF0, 0xB8, 0xF0, 0xEC, 0xF0,
    0xEE, 0xF0, 0xEF, 0xF0, 0xEF, 0xF0, 0xEF, 0xF0,
    0xEF, 0xF2, 0xBB, 0xF3, 0x11, 0xF0, 0x11, 0xF1,
    0x23, 0xF5, 0x13, 0xF7, 0x14, 0xF8, 0x26, 0xFC,
    0x27, 0xFC, 0x9E, 0xFF, 0x8C, 0xFB, 0x9A, 0xF8,
    0x99, 0xF7, 0x88, 0xF6, 0x98, 0xF6, 0xA9, 0xF6,
    0xAA, 0xF7, 0xBB, 0xF8, 0xBA, 0xF7, 0xBB, 0xF7,
    0xBA, 0xF7, 0xBA, 0xF7, 0xBA, 0xF7, 0xBA, 0xF7,
    0xBA, 0xF7, 0xBA, 0xF7, 0xBA, 0xF7, 0xBA, 0xF8,
    0x99, 0xF8, 0x66, 0xF5, 0x22, 0xF3, 0x22, 0xF5,
    0x22, 0xF5, 0x22, 0xF4, 0x22, 0xF4, 0x22, 0xF4,
    0x22, 0xF4, 0x22, 0xF4, 0x22, 0xF4, 0x23, 0xF4,
    0x23, 0xF4, 0x23, 0xF4, 0x22, 0xF4, 0x22, 0xF5,
    0x22, 0xF5, 0x22, 0xF5, 0x22, 0xF5, 0x22, 0xF5,
    0x23, 0xF5, 0x23, 0xF4, 0x22, 0xF4, 0x22, 0xF4,
    0x22, 0xF4, 0x22, 0xF4, 0x22, 0xF4, 0x22, 0xF5,
    0x23, 0xF4, 0x13, 0xF3, 0x25, 0xF3, 0x14, 0xF3,
    0x25, 0xF1, 0x59, 0xF1, 0x7C, 0xF0, 0x9C, 0xF1,
    0x9B, 0xF2, 0x9C, 0xF2, 0x8B, 0xF4, 0x69, 0xF3,
    0x24, 0xF0, 0x46, 0xF0, 0x68, 0xF0, 0x8A, 0xF1,
    0x9B, 0xF2, 0x9B, 0xF2, 0x9B, 0xF1, 0x7A, 0xF1,
    0x69, 0xF0, 0x7A, 0xF0, 0x7A, 0xF0, 0x8B, 0xF0,
    0x9B, 0xF0, 0x8B, 0xF1, 0x9C, 0xF4, 0x36, 0xF1,
    0x46, 0xF2, 0x68, 0xF2, 0x68, 0xF1, 0x68, 0xF1,
    0x68, 0xF0, 0x68, 0xF0, 0x8B, 0xF1, 0x9C, 0xF2,
    0x9C, 0xF3, 0xBE, 0xF6, 0x68, 0xF4, 0x12, 0xF2,
    0x22, 0xF3, 0x22, 0xF3, 0x22, 0xF3, 0x23, 0xF3,
    0x23, 0xF2, 0x23, 0xF3, 0x33, 0xF3, 0x33, 0xF3,
    0x33, 0xF3, 0x33, 0xF3, 0x33, 0xF3, 0x32, 0xF2,
    0x33, 0xF3, 0x23, 0xF3, 0x33, 0xF3, 0x33, 0xF3,
    0x33, 0xF3, 0x33, 0xF3, 0x33, 0xF2, 0x43, 0xF3,
    0x33, 0xF3, 0x33, 0xF3, 0x32, 0xF3, 0x33, 0xF3,
    0xBB, 0xF8, 0xBA, 0xF8, 0xA9, 0xF7, 0xBA, 0xF8,
    0xA9, 0xF7, 0xBA, 0xF7, 0xBA, 0xF8, 0xCB, 0xF8,
    0xCC, 0xF8, 0xBA, 0xF6, 0xCB, 0xF8, 0xBB, 0xF7,
    0xBB, 0xF7, 0xBB, 0xF7, 0xCC, 0xF7, 0xBB, 0xF7,
    0xCC, 0xF7, 0xCC, 0xF7, 0xCC, 0xF7, 0xDC, 0xF7,
    0xDC, 0xF7, 0xDC, 0xF8, 0xDC, 0xF8, 0xDC, 0xF8,
    0xDC, 0xF8, 0xDD, 0xF8, 0xCC, 0xF7, 0xCC, 0xF8,
    0xDC, 0xF8, 0xDD, 0xF8, 0xDD, 0xF8, 0xDD, 0xF7,
    0xDD, 0xF8, 0xDD, 0xF7, 0xDD, 0xF8, 0xCC, 0xFA,
    0x00, 0xF3, 0x01, 0xF6, 0x11, 0xF6, 0x12, 0xF4,
    0x45, 0xF4, 0x46, 0xF5, 0x34, 0xF4, 0xA9, 0xF9,
    0xDC, 0xFC, 0xED, 0xFC, 0xEE, 0xFC, 0xEE, 0xFD,
    0xEF, 0xFD, 0xCD, 0xFB, 0xDD, 0xFB, 0xA5, 0xF4,
    0xD1, 0xF1, 0xE1, 0xF0, 0xE1, 0xF0, 0xE1, 0xF0,
    0xE0, 0xF0, 0xE0, 0xF0, 0xB0, 0xF0, 0xB9, 0xF8,
    0xAA, 0xF9, 0xAB, 0xFA, 0xEE, 0xFD, 0xEE, 0xFD,
    0xEE, 0xFD, 0xCC, 0xFB, 0xAB, 0xFB, 0x67, 0xF8,
    0x24, 0xF9, 0x16, 0xFE, 0x79, 0xFD, 0xBB, 0xFA,
    0xCC, 0xF9, 0xCB, 0xF9, 0xBB, 0xF8, 0xBB, 0xF9,
    0xAA, 0xF8, 0x99, 0xF7, 0xAA, 0xF9, 0x88, 0xF7,
    0x99, 0xF8, 0xAA, 0xF9, 0xA9, 0xF8, 0x99, 0xF8,
    0x99, 0xF8, 0xAA, 0xFA, 0xAA, 0xF9, 0xA9, 0xF9,
    0xAA, 0xFA, 0x89, 0xF8, 0x9A, 0xF9, 0x89, 0xF8,
    0x78, 0xF8, 0x88, 0xF8, 0x78, 0xF7, 0x78, 0xF7,
    0x99, 0xF8, 0x99, 0xF8, 0x88, 0xF8, 0x88, 0xF8,
    0xAA, 0xF9, 0x99, 0xF8, 0x99, 0xF8, 0x99, 0xF9,
    0xAA, 0xF9, 0xAA, 0xFA, 0xAA, 0xFA, 0xAA, 0xFA,
    0x33, 0xF4, 0x01, 0xF1, 0x11, 0xF0, 0x64, 0xF0,
    0xB9, 0xF0, 0xCA, 0xF3, 0xCA, 0xF8, 0xDC, 0xFA,
    0xED, 0xFC, 0xDD, 0xF9, 0xBA, 0xF6, 0x86, 0xF2,
    0xDB, 0xF0, 0xDC, 0xF0, 0xDB, 0xF0, 0xDB, 0xF0,
    0xDB, 0xF0, 0xCA, 0xF0, 0xCA, 0xF0, 0xCA, 0xF0,
    0xC8, 0xF0, 0x63, 0xF0, 0x53, 0xF0, 0xCA, 0xF1,
    0xDD, 0xF0, 0xEE, 0xF0, 0xEE, 0xF0, 0xEF, 0xF0,
    0xED, 0xF1, 0x66, 0xF1, 0x11, 0xF1, 0x01, 0xF1,
    0x44, 0xF6, 0x22, 0xF5, 0x13, 0xF7, 0x24, 0xF9,
    0x47, 0xFB, 0x9D, 0xFF, 0x8B, 0xFC, 0x89, 0xF9,
    0x87, 0xF8, 0x98, 0xF8, 0x88, 0xF7, 0x98, 0xF8,
    0x88, 0xF7, 0x88, 0xF7, 0x99, 0xF7, 0x98, 0xF7,
    0x98, 0xF6, 0xA9, 0xF7, 0xA9, 0xF7, 0x99, 0xF6,
    0xAA, 0xF7, 0xBA, 0xF8, 0xAA, 0xF7, 0xBB, 0xF8,
    0xAA, 0xF7, 0x99, 0xF7, 0x55, 0xF4, 0x22, 0xF4,
    0x22, 0xF4, 0x22, 0xF4, 0x22, 0xF4, 0x22, 0xF4,
    0x22, 0xF4, 0x22, 0xF4, 0x22, 0xF4, 0x22, 0xF4,
    0x22, 0xF4, 0x22, 0xF4, 0x22, 0xF4, 0x22, 0xF4,
    0x22, 0xF5, 0x22, 0xF5, 0x22, 0xF5, 0x22, 0xF5,
    0x33, 0xF5, 0x45, 0xF5, 0xBB, 0xFC, 0xAA, 0xFA,
    0x45, 0xF6, 0x22, 0xF4, 0x22, 0xF4, 0x22, 0xF5,
    0x13, 0xF4, 0x14, 0xF3, 0x15, 0xF3, 0x04, 0xF2,
    0x14, 0xF0, 0x6A, 0xF3, 0x7B, 0xF2, 0x9B, 0xF4,
    0x78, 0xF4, 0x8A, 0xF5, 0xAC, 0xF8, 0x8A, 0xF7,
    0x56, 0xF3, 0x24, 0xF0, 0x68, 0xF2, 0x9B, 0xF6,
    0x78, 0xF4, 0x8A, 0xF3, 0x8A, 0xF1, 0x7A, 0xF1,
    0x69, 0xF0, 0x79, 0xF0, 0x79, 0xF0, 0x8A, 0xF0,
    0x8B, 0xF0, 0x9B, 0xF1, 0x8B, 0xF3, 0x24, 0xF0,
    0x34, 0xF3, 0x89, 0xF7, 0xBC, 0xF9, 0xDD, 0xFB,
    0xBC, 0xFA, 0x67, 0xF3, 0x79, 0xF3, 0xAC, 0xF7,
    0xBC, 0xF8, 0x9B, 0xF6, 0x9B, 0xF8, 0x13, 0xF2,
    0x12, 0xF2, 0x22, 0xF3, 0x22, 0xF3, 0x23, 0xF2,
    0x23, 0xF2, 0x22, 0xF3, 0x33, 0xF3, 0x22, 0xF2,
    0x33, 0xF3, 0x33, 0xF3, 0x33, 0xF3, 0x32, 0xF2,
    0x33, 0xF3, 0x23, 0xF2, 0x33, 0xF3, 0x32, 0xF3,
    0x33, 0xF3, 0x66, 0xF6, 0xBC, 0xFB, 0xBB, 0xFA,
    0x88, 0xF7, 0x33, 0xF3, 0x33, 0xF3, 0x33, 0xF3,
    0xCB, 0xF7, 0xDC, 0xF7, 0xCB, 0xF7, 0xCC, 0xF7,
    0xDC, 0xF7, 0xDC, 0xF8, 0xCC, 0xF8, 0xDC, 0xF8,
    0xCB, 0xF7, 0xCC, 0xF7, 0xCC, 0xF8, 0xCB, 0xF7,
    0xCB, 0xF7, 0xCB, 0xF7, 0xCB, 0xF7, 0xBA, 0xF7,
    0x87, 0xF4, 0xCB, 0xF8, 0xCB, 0xF8, 0xBB, 0xF7,
    0xBB, 0xF6, 0xBB, 0xF7, 0xBB, 0xF7, 0xBB, 0xF7,
    0xBB, 0xF8, 0xCB, 0xF8, 0xBA, 0xF7, 0xBB, 0xF8,
    0xBA, 0xF8, 0xBB, 0xF8, 0xBA, 0xF8, 0xCC, 0xF9,
    0xBB, 0xF9, 0xCC, 0xF9, 0xCC, 0xF9, 0xAB, 0xF9,
    0x45, 0xF5, 0x56, 0xF7, 0x12, 0xF4, 0x12, 0xF4,
    0x45, 0xF5, 0x34, 0xF4, 0x66, 0xF6, 0xAB, 0xFA,
    0xDD, 0xFD, 0xEF, 0xFE, 0xDE, 0xFD, 0xDE, 0xFD,
    0xCD, 0xFC, 0xCD, 0xFD, 0xEF, 0xFE, 0xAA, 0xF9,
    0x80, 0xF0, 0xB0, 0xF0, 0xD0, 0xF0, 0xD0, 0xF0,
    0xD0, 0xF0, 0xC0, 0xF0, 0xA3, 0xF3, 0x97, 0xF6,
    0xBB, 0xFA, 0xCC, 0xFB, 0xBB, 0xFA, 0xCC, 0xFB,
    0xBC, 0xFB, 0xAB, 0xFA, 0xBB, 0xFA, 0xCC, 0xFC,
    0x56, 0xF9, 0x04, 0xFA, 0x8A, 0xFC, 0xCB, 0xFA,
    0xCB, 0xF8, 0xCB, 0xF7, 0xDC, 0xF7, 0xCC, 0xF7,
    0xCB, 0xF7, 0xCB, 0xF7, 0xCB, 0xF7, 0xAA, 0xF6,
    0x87, 0xF5, 0xBB, 0xF8, 0xBB, 0xF7, 0xCB, 0xF7,
    0xAA, 0xF6, 0xBA, 0xF7, 0xBA, 0xF7, 0xAA, 0xF7,
    0xAA, 0xF7, 0xAA, 0xF8, 0x99, 0xF7, 0xAA, 0xF8,
    0xAA, 0xF8, 0x99, 0xF7, 0xA9, 0xF8, 0x99, 0xF8,
    0xAA, 0xF9, 0xAA, 0xF9, 0x88, 0xF8, 0x98, 0xF8,
    0x88, 0xF9, 0x66, 0xF6, 0xAA, 0xFA, 0xAA, 0xFA,
    0x99, 0xF8, 0x9A, 0xF9, 0x99, 0xF9, 0xAA, 0xFB,
    0x78, 0xF8, 0x01, 0xF2, 0x01, 0xF2, 0x53, 0xF2,
    0x76, 0xF3, 0xA9, 0xF8, 0xA9, 0xFB, 0xCC, 0xFD,
    0xBB, 0xFB, 0xDD, 0xFC, 0xEE, 0xFE, 0xCB, 0xFB,
    0x98, 0xF0, 0xDC, 0xF5, 0xBA, 0xF4, 0xB9, 0xF0,
    0xDB, 0xF0, 0xDA, 0xF0, 0xB9, 0xF0, 0xB9, 0xF0,
    0xA7, 0xF3, 0xA7, 0xF6, 0xA9, 0xF7, 0xA9, 0xF6,
    0xCB, 0xF4, 0xDC, 0xF2, 0xED, 0xF1, 0xEE, 0xF0,
    0xBA, 0xF1, 0x33, 0xF0, 0x01, 0xF2, 0x01, 0xF2,
    0x44, 0xF5, 0x12, 0xF4, 0x56, 0xF8, 0x34, 0xF6,
    0x79, 0xFA, 0x8B, 0xFC, 0x9B, 0xFB, 0xA9, 0xF9,
    0xA9, 0xF8, 0x99, 0xF7, 0x99, 0xF8, 0x88, 0xF7,
    0x98, 0xF7, 0x98, 0xF8, 0x99, 0xF8, 0x99, 0xF8,
    0x88, 0xF8, 0x99, 0xF8, 0x99, 0xF8, 0x99, 0xF8,
    0x88, 0xF7, 0x99, 0xF8, 0x99, 0xF9, 0xBA, 0xF9,
    0x76, 0xF4, 0xBB, 0xF9, 0x99, 0xF7, 0x22, 0xF2,
    0x22, 0xF4, 0x12, 0xF4, 0x22, 0xF4, 0x22, 0xF4,
    0x22, 0xF4, 0x22, 0xF5, 0x22, 0xF5, 0x22, 0xF4,
    0x22, 0xF4, 0x22, 0xF4, 0x22, 0xF4, 0x22, 0xF4,
    0x22, 0xF4, 0x22, 0xF4, 0x22, 0xF4, 0x22, 0xF4,
    0xAA, 0xFB, 0xAA, 0xFA, 0x88, 0xF7, 0xDD, 0xFC,
    0x55, 0xF5, 0x22, 0xF3, 0x22, 0xF4, 0x12, 0xF4,
    0x13, 0xF4, 0x25, 0xF4, 0x15, 0xF2, 0x04, 0xF1,
    0x15, 0xF1, 0x59, 0xF3, 0x79, 0xF3, 0xAA, 0xF8,
    0xCC, 0xFC, 0xCC, 0xFB, 0xCC, 0xFB, 0xCC, 0xFB,
    0xCD, 0xFB, 0x9A, 0xF9, 0x55, 0xF4, 0xAA, 0xF9,
    0xCC, 0xF9, 0x9A, 0xF4, 0x79, 0xF1, 0x7A, 0xF1,
    0x8B, 0xF2, 0x8B, 0xF1, 0x8A, 0xF0, 0x8A, 0xF0,
    0x8B, 0xF0, 0x8B, 0xF2, 0x79, 0xF3, 0x78, 0xF6,
    0xAA, 0xFA, 0xAA, 0xFA, 0xBB, 0xFB, 0x99, 0xF8,
    0xBB, 0xFB, 0xAA, 0xF9, 0xBC, 0xFA, 0xAA, 0xF9,
    0xBB, 0xF9, 0xBB, 0xF8, 0xCD, 0xFA, 0x57, 0xF4,
    0x12, 0xF2, 0x22, 0xF3, 0x22, 0xF3, 0x22, 0xF2,
    0x23, 0xF2, 0x22, 0xF3, 0x33, 0xF3, 0x22, 0xF2,
    0x22, 0xF2, 0x32, 0xF2, 0x33, 0xF3, 0x32, 0xF2,
    0x33, 0xF2, 0x23, 0xF2, 0x33, 0xF2, 0x32, 0xF3,
    0x33, 0xF3, 0x88, 0xF8, 0xBB, 0xFB, 0xBC, 0xFA,
    0xDD, 0xFD, 0x54, 0xF4, 0x32, 0xF2, 0x32, 0xF3,
    0xBA, 0xF7, 0xBA, 0xF7, 0xBB, 0xF8, 0xBA, 0xF8,
    0xA9, 0xF6, 0xAA, 0xF7, 0xBB, 0xF8, 0xAA, 0xF8,
    0xBB, 0xF9, 0xBB, 0xF9, 0xAA, 0xF9, 0xBB, 0xF9,
    0xA9, 0xF8, 0x98, 0xF7, 0x86, 0xF5, 0xBA, 0xFA,
    0xBA, 0xFA, 0xBA, 0xFB, 0xBB, 0xFB, 0xAA, 0xFA,
    0x9A, 0xF9, 0xBB, 0xFA, 0x99, 0xF8, 0x99, 0xF8,
    0x88, 0xF8, 0xAA, 0xF9, 0xAA, 0xFA, 0xBB, 0xFA,
    0xAA, 0xFA, 0xAA, 0xFA, 0x99, 0xF9, 0xAA, 0xFA,
    0xAA, 0xFA, 0xAA, 0xFA, 0xBB, 0xFA, 0x88, 0xF7,
    0x89, 0xF7, 0xBC, 0xFB, 0x89, 0xF9, 0x12, 0xF3,
    0x34, 0xF3, 0x33, 0xF3, 0x77, 0xF6, 0xAA, 0xF9,
    0xDE, 0xFD, 0xDE, 0xFD, 0xDE, 0xFC, 0xDE, 0xFD,
    0xDC, 0xFC, 0xDE, 0xFD, 0x8A, 0xF9, 0xBB, 0xFA,
    0x42, 0xF1, 0x51, 0xF1, 0x71, 0xF1, 0x91, 0xF1,
    0xA1, 0xF1, 0xA6, 0xF5, 0xCC, 0xFA, 0xA9, 0xF8,
    0x99, 0xF8, 0xCC, 0xFB, 0x9A, 0xF9, 0xCD, 0xFC,
    0xBC, 0xFC, 0x9A, 0xF9, 0xCC, 0xFB, 0xBB, 0xFA,
    0xAB, 0xFB, 0x68, 0xF9, 0x9A, 0xFB, 0xA9, 0xF8,
    0xA9, 0xF7, 0xAA, 0xF7, 0xBB, 0xF7, 0xBA, 0xF7,
    0xCB, 0xF8, 0xBA, 0xF7, 0xA9, 0xF6, 0xCC, 0xF9,
    0xAA, 0xF8, 0xBB, 0xF8, 0xBB, 0xF7, 0xBB, 0xF7,
    0xCC, 0xF8, 0xCC, 0xF8, 0xCC, 0xF7, 0xCC, 0xF8,
    0xCC, 0xF8, 0xCB, 0xF7, 0xCB, 0xF7, 0xCB, 0xF8,
    0xCB, 0xF7, 0xCB, 0xF8, 0xCB, 0xF8, 0xBA, 0xF8,
    0xAA, 0xF8, 0xAA, 0xF8, 0xBA, 0xF8, 0x88, 0xF7,
    0x66, 0xF5, 0xBB, 0xF9, 0xBB, 0xF9, 0xAA, 0xF8,
    0x9A, 0xF8, 0xAA, 0xF8, 0x9A, 0xF8, 0xAA, 0xF9,
    0xAA, 0xF9, 0x11, 0xF2, 0x11, 0xF2, 0x44, 0xF4,
    0x54, 0xF4, 0x44, 0xF5, 0x78, 0xF9, 0x88, 0xF9,
    0x88, 0xF8, 0xCD, 0xFC, 0xCD, 0xFD, 0x98, 0xF9,
    0x54, 0xF1, 0xCC, 0xF9, 0xBA, 0xF9, 0xDB, 0xF6,
    0xCB, 0xF0, 0xC9, 0xF0, 0xB8, 0xF3, 0x75, 0xF2,
    0x97, 0xF5, 0xCA, 0xFA, 0xBA, 0xFA, 0x98, 0xF9,
    0xA9, 0xF8, 0xDC, 0xF7, 0xDD, 0xF4, 0xDC, 0xF3,
    0xCB, 0xF5, 0x98, 0xF7, 0x01, 0xF2, 0x01, 0xF2,
    0x33, 0xF4, 0x44, 0xF5, 0x44, 0xF5, 0x98, 0xF7,
    0x77, 0xF6, 0x9A, 0xF9, 0xCC, 0xFB, 0xBB, 0xF8,
    0xBB, 0xF7, 0xBB, 0xF6, 0xAA, 0xF7, 0xAA, 0xF7,
    0xAA, 0xF7, 0x99, 0xF7, 0x88, 0xF7, 0x99, 0xF7,
    0x99, 0xF8, 0x89, 0xF8, 0x99, 0xF8, 0x89, 0xF8,
    0x89, 0xF8, 0x99, 0xF8, 0x99, 0xF8, 0x55, 0xF4,
    0x98, 0xF7, 0x98, 0xF7, 0xBB, 0xFA, 0x45, 0xF4,
    0x12, 0xF3, 0x12, 0xF4, 0x12, 0xF4, 0x12, 0xF4,
    0x22, 0xF4, 0x22, 0xF4, 0x22, 0xF4, 0x22, 0xF4,
    0x22, 0xF4, 0x22, 0xF4, 0x22, 0xF4, 0x22, 0xF4,
    0x22, 0xF4, 0x22, 0xF3, 0x22, 0xF3, 0x22, 0xF3,
    0x55, 0xF5, 0x88, 0xF7, 0xBA, 0xF9, 0xBA, 0xF8,
    0xAA, 0xF8, 0x22, 0xF2, 0x12, 0xF3, 0x12, 0xF3,
    0x24, 0xF4, 0x25, 0xF4, 0x25, 0xF3, 0x25, 0xF2,
    0x25, 0xF2, 0x25, 0xF2, 0x56, 0xF3, 0xAA, 0xF9,
    0xDD, 0xFD, 0xEE, 0xFE, 0xDD, 0xFD, 0xDD, 0xFC,
    0xEE, 0xFE, 0xDD, 0xFD, 0x65, 0xF5, 0x76, 0xF6,
    0xBB, 0xF9, 0x78, 0xF4, 0x46, 0xF0, 0x68, 0xF1,
    0x8A, 0xF2, 0x8B, 0xF3, 0x8A, 0xF1, 0x9B, 0xF1,
    0x8B, 0xF1, 0x9B, 0xF4, 0x78, 0xF5, 0xAA, 0xFA,
    0x77, 0xF8, 0xA9, 0xFA, 0xCD, 0xFD, 0x77, 0xF7,
    0x99, 0xF9, 0xBB, 0xFB, 0xBC, 0xFC, 0x65, 0xF4,
    0xA9, 0xF7, 0xBB, 0xF8, 0xAC, 0xF7, 0xAC, 0xF8,
    0x12, 0xF1, 0x22, 0xF2, 0x22, 0xF2, 0x12, 0xF2,
    0x22, 0xF2, 0x22, 0xF2, 0x33, 0xF3, 0x22, 0xF2,
    0x22, 0xF2, 0x22, 0xF2, 0x32, 0xF2, 0x22, 0xF2,
    0x33, 0xF2, 0x23, 0xF2, 0x23, 0xF2, 0x32, 0xF3,
    0x33, 0xF4, 0x78, 0xF8, 0x9A, 0xF8, 0xBB, 0xF9,
    0xEE, 0xFD, 0x65, 0xF5, 0x32, 0xF2, 0x32, 0xF2,
    0xBC, 0xFB, 0xBB, 0xFB, 0xBB, 0xFB, 0xBC, 0xFB,
    0xBC, 0xFC, 0xBC, 0xFC, 0xBC, 0xFC, 0xBC, 0xFC,
    0xBC, 0xFB, 0xBB, 0xFB, 0xBB, 0xFB, 0xBC, 0xFC,
    0xCC, 0xFC, 0xBB, 0xFA, 0x43, 0xF2, 0x88, 0xF6,
    0xBB, 0xFA, 0xCC, 0xFB, 0xBC, 0xFB, 0xBC, 0xFC,
    0xBC, 0xFC, 0xBC, 0xFC, 0xBC, 0xFC, 0xBC, 0xFC,
    0xBC, 0xFC, 0xBC, 0xFC, 0xBC, 0xFB, 0xBC, 0xFC,
    0xBC, 0xFC, 0xBC, 0xFC, 0xBC, 0xFB, 0xBC, 0xFB,
    0xBC, 0xFC, 0xBC, 0xFC, 0xCD, 0xFC, 0x99, 0xF8,
    0x66, 0xF4, 0xAA, 0xF9, 0xCC, 0xFB, 0xCC, 0xFC,
    0xBC, 0xFC, 0xAB, 0xFB, 0xAB, 0xFB, 0xBC, 0xFB,
    0xDE, 0xFD, 0xCD, 0xFB, 0xDE, 0xFD, 0xDE, 0xFD,
    0xCC, 0xFB, 0xCC, 0xFB, 0xCD, 0xFC, 0xDD, 0xFC,
    0xCC, 0xFB, 0xCC, 0xFB, 0xDD, 0xFB, 0xDC, 0xFB,
    0xBA, 0xF9, 0x65, 0xF4, 0xAA, 0xF9, 0xCC, 0xFB,
    0x9A, 0xF9, 0x89, 0xF8, 0xCC, 0xFC, 0xCC, 0xFC,
    0x9A, 0xFA, 0x88, 0xF7, 0x9A, 0xF8, 0xBB, 0xFA,
    0xCC, 0xFB, 0xBC, 0xFB, 0xBC, 0xFB, 0xCC, 0xFB,
    0xBC, 0xFB, 0xBC, 0xFB, 0xBC, 0xFB, 0xCC, 0xFC,
    0xBB, 0xFB, 0xAB, 0xFA, 0x32, 0xF2, 0x99, 0xF8,
    0xAA, 0xFA, 0xBB, 0xFB, 0xBB, 0xFA, 0xBB, 0xFA,
    0xBB, 0xFA, 0xBB, 0xFA, 0xBB, 0xF9, 0xBB, 0xF9,
    0xBB, 0xF9, 0xBB, 0xF9, 0xBB, 0xF9, 0xBB, 0xF9,
    0xBB, 0xFA, 0xBB, 0xFA, 0xBB, 0xFA, 0xBB, 0xFA,
    0xBB, 0xFA, 0xCB, 0xFA, 0xBB, 0xF9, 0x54, 0xF3,
    0x98, 0xF7, 0x86, 0xF4, 0xBB, 0xF9, 0xBC, 0xFA,
    0xBC, 0xFA, 0xBC, 0xFA, 0xBB, 0xFA, 0xBB, 0xFA,
    0xCC, 0xFB, 0xAA, 0xF9, 0x9A, 0xF9, 0xAA, 0xF9,
    0x88, 0xF8, 0x43, 0xF4, 0x89, 0xF9, 0x99, 0xF9,
    0x65, 0xF6, 0xCC, 0xFC, 0xBB, 0xFB, 0xBB, 0xFA,
    0x55, 0xF4, 0x77, 0xF6, 0xAA, 0xF8, 0xCC, 0xF8,
    0xDC, 0xF7, 0xCB, 0xF7, 0xDB, 0xF9, 0xBA, 0xF9,
    0x77, 0xF7, 0xAA, 0xFB, 0xAA, 0xFB, 0x77, 0xF8,
    0x87, 0xF7, 0xAA, 0xF8, 0xAA, 0xF7, 0xCC, 0xF8,
    0xCC, 0xF9, 0xBB, 0xFB, 0x99, 0xF9, 0x89, 0xF9,
    0x99, 0xF9, 0xAA, 0xF9, 0xAA, 0xF9, 0xBB, 0xF8,
    0xAA, 0xF8, 0x88, 0xF6, 0xCC, 0xFA, 0xBB, 0xF9,
    0xBB, 0xF9, 0xBB, 0xF8, 0xBB, 0xF9, 0xBB, 0xF9,
    0xBB, 0xF9, 0xBB, 0xF9, 0xBB, 0xF9, 0xBB, 0xFA,
    0xBB, 0xFA, 0xAB, 0xFA, 0xAB, 0xFA, 0x9A, 0xF9,
    0xAA, 0xF9, 0x99, 0xF8, 0xCC, 0xFB, 0xAA, 0xF8,
    0xCB, 0xFA, 0xCC, 0xFA, 0xBB, 0xF9, 0xBC, 0xFA,
    0x78, 0xF6, 0x78, 0xF7, 0x67, 0xF8, 0x78, 0xF8,
    0x78, 0xF8, 0x77, 0xF8, 0x77, 0xF8, 0x67, 0xF8,
    0x78, 0xF8, 0x78, 0xF8, 0x78, 0xF8, 0x78, 0xF8,
    0x78, 0xF8, 0x78, 0xF8, 0x77, 0xF8, 0x77, 0xF7,
    0xCD, 0xFC, 0xCB, 0xFA, 0xAA, 0xF8, 0xCC, 0xFA,
    0xCC, 0xFA, 0x9A, 0xF8, 0x66, 0xF6, 0x56, 0xF6,
    0x56, 0xF6, 0x67, 0xF6, 0x67, 0xF6, 0x57, 0xF5,
    0x46, 0xF5, 0x24, 0xF3, 0x88, 0xF7, 0xBB, 0xFA,
    0xAA, 0xFA, 0xCC, 0xFB, 0xEE, 0xFD, 0xEE, 0xFD,
    0xBA, 0xFA, 0x55, 0xF5, 0xA9, 0xF8, 0x87, 0xF6,
    0x99, 0xF7, 0xBC, 0xFA, 0x34, 0xF3, 0x34, 0xF3,
    0x45, 0xF3, 0x45, 0xF3, 0x57, 0xF2, 0x68, 0xF2,
    0x68, 0xF3, 0x89, 0xF4, 0x88, 0xF6, 0xBB, 0xFB,
    0x44, 0xF5, 0x54, 0xF5, 0x87, 0xF8, 0xCC, 0xFC,
    0x66, 0xF6, 0xAA, 0xFB, 0x88, 0xF7, 0x66, 0xF4,
    0x43, 0xF1, 0x99, 0xF6, 0xBC, 0xF8, 0x9B, 0xF7,
    0x23, 0xF1, 0x22, 0xF2, 0x12, 0xF2, 0x12, 0xF2,
    0x12, 0xF2, 0x22, 0xF2, 0x33, 0xF3, 0x22, 0xF2,
    0x23, 0xF3, 0x23, 0xF3, 0x33, 0xF3, 0x23, 0xF2,
    0x33, 0xF3, 0x22, 0xF2, 0x22, 0xF2, 0x22, 0xF2,
    0x33, 0xF4, 0x44, 0xF4, 0x56, 0xF4, 0x77, 0xF6,
    0xCC, 0xFB, 0x55, 0xF4, 0x22, 0xF1, 0x22, 0xF2,
    0xDE, 0xFE, 0xDE, 0xFE, 0xDE, 0xFE, 0xDE, 0xFE,
    0xDE, 0xFE, 0xDE, 0xFE, 0xDE, 0xFE, 0xEF, 0xFE,
    0xEE, 0xFE, 0xDE, 0xFE, 0xDE, 0xFE, 0xDE, 0xFE,
    0xDE, 0xFE, 0x55, 0xF4, 0x88, 0xF8, 0xAA, 0xF9,
    0x99, 0xF7, 0xDD, 0xFC, 0xEE, 0xFE, 0xDE, 0xFE,
    0xEF, 0xFE, 0xEF, 0xFF, 0xDE, 0xFF, 0xEE, 0xFF,
    0xEE, 0xFE, 0xEE, 0xFE, 0xEF, 0xFE, 0xEF, 0xFE,
    0xEF, 0xFF, 0xEE, 0xFE, 0xEF, 0xFE, 0xEF, 0xFF,
    0xEF, 0xFE, 0xEF, 0xFE, 0xCD, 0xFC, 0x88, 0xF8,
    0xBB, 0xFA, 0x88, 0xF8, 0xCC, 0xFB, 0xEF, 0xFE,
    0xEF, 0xFE, 0xBB, 0xFB, 0xCC, 0xFC, 0xBC, 0xFB,
    0xCC, 0xFC, 0xCC, 0xFC, 0xDE, 0xFD, 0xEF, 0xFE,
    0xEF, 0xFE, 0xEF, 0xFE, 0xEF, 0xFE, 0xEF, 0xFE,
    0xEF, 0xFE, 0xEF, 0xFE, 0xEF, 0xFE, 0xEF, 0xFD,
    0x89, 0xF8, 0x99, 0xF8, 0x87, 0xF6, 0xCD, 0xFC,
    0xEF, 0xFF, 0x89, 0xF9, 0xAA, 0xF9, 0xCC, 0xFC,
    0x88, 0xF8, 0x78, 0xF7, 0x88, 0xF7, 0xCD, 0xFC,
    0xEF, 0xFE, 0xEF, 0xFE, 0xEF, 0xFE, 0xEE, 0xFE,
    0xEF, 0xFE, 0xDF, 0xFE, 0xEF, 0xFE, 0xDE, 0xFE,
    0xDD, 0xFD, 0x66, 0xF5, 0x88, 0xF7, 0x66, 0xF5,
    0x9A, 0xF8, 0xDE, 0xFD, 0xDE, 0xFE, 0xDE, 0xFE,
    0xDE, 0xFE, 0xDE, 0xFD, 0xDE, 0xFD, 0xDE, 0xFD,
    0xDE, 0xFD, 0xDE, 0xFE, 0xDE, 0xFE, 0xDE, 0xFE,
    0xDE, 0xFE, 0xDE, 0xFE, 0xDE, 0xFE, 0xDE, 0xFE,
    0xEE, 0xFE, 0xDE, 0xFD, 0xBA, 0xF9, 0x99, 0xF8,
    0xDD, 0xFB, 0xBA, 0xF9, 0x99, 0xF8, 0xEE, 0xFD,
    0xEE, 0xFD, 0xEE, 0xFE, 0xEE, 0xFE, 0xEF, 0xFE,
    0xEE, 0xFE, 0xEF, 0xFD, 0xEF, 0xFD, 0xEF, 0xFD,
    0xDD, 0xFD, 0x43, 0xF4, 0x66, 0xF7, 0xBB, 0xFB,
    0x55, 0xF6, 0x77, 0xF7, 0xEE, 0xFE, 0xAA, 0xFA,
    0x88, 0xF7, 0x88, 0xF7, 0x77, 0xF5, 0xDE, 0xFC,
    0xEE, 0xFD, 0xA9, 0xF9, 0xDD, 0xFC, 0xDD, 0xFC,
    0xCC, 0xFC, 0x98, 0xF9, 0xBB, 0xFC, 0x65, 0xF5,
    0x88, 0xF8, 0xBB, 0xFB, 0xEF, 0xFE, 0xEF, 0xFE,
    0xEF, 0xFE, 0xEF, 0xFE, 0xEF, 0xFE, 0xEF, 0xFE,
    0xCC, 0xFC, 0xAA, 0xF9, 0xBB, 0xF9, 0xEE, 0xFC,
    0xEE, 0xFD, 0xAA, 0xF9, 0xAA, 0xF9, 0xDD, 0xFD,
    0xDE, 0xFD, 0xDE, 0xFE, 0xDE, 0xFD, 0xDE, 0xFD,
    0xDE, 0xFD, 0xDE, 0xFD, 0xDE, 0xFD, 0xDE, 0xFD,
    0xDE, 0xFD, 0xDE, 0xFD, 0xDE, 0xFD, 0xDE, 0xFD,
    0xCD, 0xFC, 0xDD, 0xFC, 0xBA, 0xF9, 0xBB, 0xFA,
    0xDE, 0xFD, 0xEE, 0xFD, 0xCC, 0xFB, 0x9A, 0xF7,
    0xDE, 0xFC, 0xEF, 0xFD, 0xEF, 0xFE, 0xEF, 0xFE,
    0xEF, 0xFF, 0xEF, 0xFF, 0xEF, 0xFF, 0xEF, 0xFE,
    0xEF, 0xFE, 0xEF, 0xFE, 0xEF, 0xFE, 0xEF, 0xFE,
    0xEF, 0xFF, 0xEF, 0xFE, 0x9A, 0xF9, 0xCC, 0xFC,
    0xBB, 0xFA, 0xDD, 0xFD, 0xEE, 0xFE, 0xDE, 0xFD,
    0xAA, 0xF9, 0xCC, 0xFB, 0xEE, 0xFE, 0xEF, 0xFE,
    0xEF, 0xFD, 0xEF, 0xFE, 0xDF, 0xFE, 0xDE, 0xFD,
    0xCD, 0xFD, 0x44, 0xF6, 0x88, 0xF8, 0xBA, 0xFA,
    0x98, 0xF8, 0xBB, 0xFB, 0xDD, 0xFD, 0xA9, 0xF9,
    0xA9, 0xF8, 0xBA, 0xF8, 0xDC, 0xFB, 0xDE, 0xFC,
    0xCC, 0xFB, 0xAA, 0xF9, 0xCD, 0xFD, 0xDD, 0xFD,
    0xDD, 0xFC, 0xDE, 0xFD, 0xCE, 0xFC, 0xCD, 0xFB,
    0xDE, 0xFC, 0xCD, 0xFC, 0xCD, 0xFC, 0xCC, 0xFC,
    0x44, 0xF5, 0x22, 0xF4, 0x55, 0xF7, 0x66, 0xF7,
    0x55, 0xF5, 0x98, 0xF8, 0xAA, 0xF9, 0xBB, 0xF9,
    0xCC, 0xFA, 0xCC, 0xFA, 0xBC, 0xF9, 0xBC, 0xF9,
    0xCD, 0xFB, 0xCD, 0xFD, 0xCD, 0xFD, 0xCD, 0xFD,
    0xCD, 0xFD, 0xCD, 0xFC, 0xCD, 0xFC, 0xCC, 0xFC,
    0xCC, 0xFC, 0xCD, 0xFC, 0xCC, 0xFC, 0xCC, 0xFC,
    0xCD, 0xFC, 0xBC, 0xFD, 0xBB, 0xFC, 0xAB, 0xFB,
    0x77, 0xF7, 0xBC, 0xFC, 0x99, 0xF9, 0x66, 0xF5,
    0xAA, 0xF9, 0xCC, 0xFB, 0xBB, 0xFA, 0xBC, 0xFB,
    0xEF, 0xFF, 0xEF, 0xFF, 0xEF, 0xFF, 0xEF, 0xFF,
    0xEF, 0xFF, 0xEF, 0xFF, 0xEF, 0xFF, 0xEF, 0xFF,
    0xEF, 0xFF, 0xEF, 0xFF, 0xEF, 0xFF, 0xEF, 0xFE,
    0xAA, 0xF9, 0x77, 0xF6, 0x55, 0xF5, 0xEE, 0xFE,
    0xBC, 0xFB, 0x9A, 0xF8, 0xBC, 0xFA, 0xEF, 0xFE,
    0xEF, 0xFF, 0xEF, 0xFF, 0xEF, 0xFF, 0xEF, 0xFF,
    0xEF, 0xFF, 0xEF, 0xFF, 0xEF, 0xFF, 0xEF, 0xFF,
    0xEF, 0xFF, 0xEF, 0xFF, 0xEF, 0xFF, 0xEF, 0xFE,
    0xEF, 0xFF, 0xDE, 0xFE, 0xAA, 0xF9, 0x99, 0xF8,
    0xBB, 0xFB, 0xEE, 0xFE, 0xAA, 0xF9, 0xCD, 0xFB,
    0xEE, 0xFD, 0xDE, 0xFD, 0xEF, 0xFE, 0xBC, 0xFA,
    0xEE, 0xFD, 0xDD, 0xFC, 0xEE, 0xFE, 0xEF, 0xFF,
    0xEF, 0xFE, 0xEF, 0xFF, 0xEF, 0xFF, 0xEF, 0xFF,
    0xEF, 0xFF, 0xEF, 0xFF, 0xEF, 0xFF, 0xCC, 0xFB,
    0xAB, 0xF9, 0xAB, 0xF9, 0xDE, 0xFD, 0xAB, 0xF9,
    0xEE, 0xFD, 0xAA, 0xF9, 0x55, 0xF4, 0xAA, 0xFA,
    0x88, 0xF8, 0x65, 0xF5, 0x99, 0xF8, 0xBC, 0xFC,
    0xEF, 0xFF, 0xEF, 0xFF, 0xEF, 0xFF, 0xEF, 0xFE,
    0xEF, 0xFF, 0xEF, 0xFE, 0xEF, 0xFE, 0xEF, 0xFF,
    0xEE, 0xFE, 0x99, 0xF8, 0xBB, 0xFA, 0xDE, 0xFD,
    0x88, 0xF7, 0xCC, 0xFC, 0xEF, 0xFE, 0xEF, 0xFF,
    0xEF, 0xFF, 0xEF, 0xFF, 0xEF, 0xFF, 0xEF, 0xFF,
    0xEF, 0xFF, 0xEF, 0xFF, 0xEF, 0xFF, 0xEF, 0xFF,
    0xEF, 0xFF, 0xEF, 0xFE, 0xEF, 0xFE, 0xEF, 0xFE,
    0xEF, 0xFE, 0xCC, 0xFB, 0x98, 0xF7, 0x9A, 0xF9,
    0xEF, 0xFE, 0xEF, 0xFE, 0xAA, 0xFA, 0xBB, 0xFA,
    0xEF, 0xFE, 0xEF, 0xFE, 0xEF, 0xFF, 0xEF, 0xFF,
    0xEF, 0xFF, 0xEF, 0xFF, 0xEF, 0xFE, 0xEF, 0xFF,
    0xDE, 0xFE, 0x44, 0xF5, 0x66, 0xF7, 0x9A, 0xFB,
    0xAB, 0xFB, 0x78, 0xF7, 0xCD, 0xFC, 0x99, 0xF8,
    0x98, 0xF7, 0xEE, 0xFD, 0xCD, 0xFC, 0xAA, 0xF9,
    0xCD, 0xFC, 0xAA, 0xFA, 0xAA, 0xFA, 0xDE, 0xFE,
    0xDE, 0xFE, 0x77, 0xF7, 0xAA, 0xFA, 0x65, 0xF5,
    0x77, 0xF7, 0xBB, 0xFC, 0xEF, 0xFF, 0xEF, 0xFE,
    0xEF, 0xFF, 0xEF, 0xFE, 0xEF, 0xFE, 0xDD, 0xFC,
    0x98, 0xF8, 0x98, 0xF7, 0x99, 0xF7, 0xBB, 0xFB,
    0xEE, 0xFE, 0xEF, 0xFE, 0xBB, 0xFB, 0xBB, 0xFA,
    0xEF, 0xFE, 0xEF, 0xFF, 0xEF, 0xFF, 0xEF, 0xFF,
    0xEF, 0xFF, 0xEF, 0xFF, 0xEF, 0xFF, 0xEF, 0xFF,
    0xEF, 0xFF, 0xEF, 0xFF, 0xEF, 0xFF, 0xEF, 0xFE,
    0xDE, 0xFD, 0xAA, 0xF9, 0xA9, 0xF8, 0x99, 0xF9,
    0xBC, 0xFC, 0xDE, 0xFF, 0xEF, 0xFF, 0xDE, 0xFD,
    0xAA, 0xF9, 0xDE, 0xFD, 0xEF, 0xFF, 0xEF, 0xFF,
    0xEF, 0xFF, 0xEF, 0xFF, 0xEF, 0xFF, 0xEF, 0xFF,
    0xEF, 0xFF, 0xEF, 0xFF, 0xEF, 0xFF, 0xEF, 0xFF,
    0xEF, 0xFF, 0xDE, 0xFE, 0xBC, 0xFB, 0xBB, 0xFA,
    0xAA, 0xF9, 0xBC, 0xFB, 0xDE, 0xFE, 0xEF, 0xFF,
    0xEF, 0xFF, 0xCC, 0xFB, 0xCD, 0xFC, 0xDE, 0xFD,
    0xEF, 0xFF, 0xEF, 0xFF, 0xEF, 0xFF, 0xEF, 0xFF,
    0xCC, 0xFD, 0x44, 0xF6, 0x89, 0xF9, 0x98, 0xF9,
    0x55, 0xF6, 0xCB, 0xFC, 0xAA, 0xFA, 0xBB, 0xFA,
    0xBA, 0xF8, 0xBA, 0xF8, 0xCC, 0xFB, 0xEF, 0xFE,
    0xEF, 0xFF, 0xDE, 0xFD, 0xBB, 0xFA, 0xDE, 0xFC,
    0xEF, 0xFE, 0xEF, 0xFF, 0xEF, 0xFE, 0xEF, 0xFE,
    0xEF, 0xFF, 0xEF, 0xFF, 0xEF, 0xFF, 0xEF, 0xFF,
    0x77, 0xF9, 0x23, 0xF5, 0x44, 0xF6, 0x33, 0xF5,
    0x55, 0xF6, 0x87, 0xF7, 0xAA, 0xF9, 0x9A, 0xF9,
    0xBC, 0xFC, 0xEF, 0xFF, 0xCD, 0xFC, 0xBB, 0xF8,
    0xCC, 0xFA, 0xDE, 0xFD, 0xEF, 0xFF, 0xEF, 0xFF,
    0xEF, 0xFF, 0xEF, 0xFF, 0xEF, 0xFF, 0xEF, 0xFF,
    0xEF, 0xFF, 0xEF, 0xFF, 0xEF, 0xFF, 0xEF, 0xFF,
    0xEF, 0xFF, 0xCD, 0xFE, 0x45, 0xF7, 0xBB, 0xFB,
    0xCD, 0xFC, 0xCD, 0xFC, 0xAA, 0xF9, 0xEE, 0xFD,
    0xEF, 0xFD, 0xBB, 0xFA, 0xDE, 0xFC, 0xEE, 0xFE,
    0xEF, 0xFF, 0xEF, 0xFF, 0xEF, 0xFE, 0xEF, 0xFE,
    0xEF, 0xFE, 0xEF, 0xFE, 0xEF, 0xFF, 0xEF, 0xFF,
    0xEF, 0xFE, 0xEF, 0xFE, 0xEF, 0xFE, 0xAB, 0xFA,
    0x66, 0xF6, 0x44, 0xF5, 0x66, 0xF7, 0xBC, 0xFC,
    0xDE, 0xFE, 0xCC, 0xFB, 0xAA, 0xF9, 0xBB, 0xFA,
    0xDE, 0xFD, 0xEF, 0xFE, 0xEF, 0xFE, 0xEF, 0xFF,
    0xEF, 0xFF, 0xEF, 0xFF, 0xEF, 0xFF, 0xEF, 0xFE,
    0xEF, 0xFE, 0xEF, 0xFE, 0xEF, 0xFE, 0xEF, 0xFE,
    0xEF, 0xFE, 0x99, 0xF9, 0x77, 0xF8, 0x66, 0xF7,
    0x89, 0xF9, 0xAB, 0xFB, 0xDE, 0xFE, 0xBB, 0xFB,
    0xCC, 0xFB, 0xCD, 0xFC, 0xDD, 0xFD, 0xAA, 0xF9,
    0xCD, 0xFC, 0xCD, 0xFC, 0xEF, 0xFE, 0xEF, 0xFF,
    0xEF, 0xFF, 0xEF, 0xFF, 0xEF, 0xFF, 0xEF, 0xFF,
    0xEF, 0xFF, 0xEF, 0xFF, 0xCD, 0xFC, 0xAA, 0xF9,
    0x77, 0xF6, 0xAB, 0xFA, 0xEF, 0xFE, 0xEE, 0xFE,
    0xBB, 0xF9, 0xCB, 0xFA, 0x65, 0xF4, 0xAA, 0xF9,
    0x77, 0xF7, 0x88, 0xF8, 0xAA, 0xFA, 0xBB, 0xFB,
    0xEF, 0xFF, 0xEF, 0xFF, 0xEF, 0xFF, 0xEF, 0xFF,
    0xEF, 0xFF, 0xEF, 0xFF, 0xEF, 0xFE, 0xEE, 0xFE,
    0xAA, 0xF9, 0x66, 0xF6, 0xCD, 0xFD, 0xEF, 0xFF,
    0xEF, 0xFE, 0xAA, 0xFA, 0xCD, 0xFC, 0xEF, 0xFE,
    0xEF, 0xFF, 0xEF, 0xFF, 0xEF, 0xFF, 0xEF, 0xFF,
    0xEF, 0xFF, 0xEF, 0xFE, 0xEF, 0xFF, 0xEF, 0xFF,
    0xEF, 0xFF, 0xEF, 0xFF, 0xEF, 0xFE, 0xEF, 0xFE,
    0xCD, 0xFB, 0x87, 0xF6, 0x66, 0xF5, 0x77, 0xF7,
    0x89, 0xF9, 0xAA, 0xFB, 0xDE, 0xFE, 0xBB, 0xFB,
    0xBB, 0xFB, 0xEE, 0xFE, 0xEF, 0xFE, 0xEF, 0xFF,
    0xEF, 0xFF, 0xEF, 0xFF, 0xEF, 0xFF, 0xEF, 0xFE,
    0xEF, 0xFF, 0x44, 0xF7, 0x44, 0xF6, 0x89, 0xF9,
    0xBC, 0xFC, 0x99, 0xF9, 0x88, 0xF8, 0x88, 0xF7,
    0x88, 0xF7, 0xBB, 0xFB, 0xDE, 0xFD, 0xDE, 0xFE,
    0xBB, 0xFB, 0xDD, 0xFC, 0xAB, 0xFA, 0xEF, 0xFF,
    0xDE, 0xFE, 0x88, 0xF9, 0x88, 0xF9, 0x43, 0xF3,
    0x87, 0xF7, 0xCC, 0xFC, 0xEF, 0xFF, 0xEF, 0xFF,
    0xEF, 0xFF, 0xEF, 0xFF, 0xEF, 0xFE, 0xBB, 0xFA,
    0x98, 0xF7, 0x99, 0xF8, 0x99, 0xF8, 0xBC, 0xFC,
    0x9A, 0xFA, 0x9A, 0xFA, 0xCC, 0xFC, 0xAA, 0xFA,
    0xDD, 0xFD, 0xEF, 0xFE, 0xEF, 0xFF, 0xEF, 0xFF,
    0xEF, 0xFF, 0xEF, 0xFF, 0xEF, 0xFF, 0xEF, 0xFF,
    0xEF, 0xFF, 0xEF, 0xFF, 0xEF, 0xFF, 0xBB, 0xFB,
    0xCC, 0xFB, 0xAA, 0xF9, 0x9A, 0xF9, 0x89, 0xF9,
    0x9A, 0xFB, 0x99, 0xFA, 0x9A, 0xFA, 0xBC, 0xFC,
    0xDE, 0xFE, 0xBB, 0xFB, 0xDE, 0xFD, 0xEF, 0xFE,
    0xEF, 0xFF, 0xEF, 0xFF, 0xEF, 0xFF, 0xEF, 0xFF,
    0xEF, 0xFF, 0xEF, 0xFF, 0xEF, 0xFF, 0xEF, 0xFF,
    0xEF, 0xFE, 0xBC, 0xFB, 0xAA, 0xF9, 0xBB, 0xFA,
    0xAA, 0xFA, 0xBC, 0xFC, 0xAB, 0xFB, 0x9A, 0xFA,
    0xAB, 0xFB, 0xDE, 0xFD, 0xBC, 0xFB, 0xDD, 0xFC,
    0xEE, 0xFE, 0xEF, 0xFF, 0xEF, 0xFF, 0xEF, 0xFF,
    0xCD, 0xFD, 0x34, 0xF6, 0x88, 0xF8, 0x98, 0xF8,
    0x32, 0xF1, 0x88, 0xF7, 0xCC, 0xFB, 0xA9, 0xF8,
    0xBB, 0xF9, 0x9A, 0xF8, 0xAB, 0xFA, 0x9A, 0xF9,
    0x9A, 0xFA, 0xCC, 0xFC, 0xCC, 0xFC, 0xDD, 0xFD,
    0xDE, 0xFD, 0xEF, 0xFE, 0xEF, 0xFF, 0xEF, 0xFF,
    0xEF, 0xFF, 0xEF, 0xFF, 0xEF, 0xFF, 0xEF, 0xFF,
    0x99, 0xFA, 0x44, 0xF7, 0x33, 0xF6, 0x33, 0xF5,
    0x33, 0xF4, 0x77, 0xF7, 0xAA, 0xFA, 0xDE, 0xFE,
    0xCC, 0xFC, 0xAB, 0xFB, 0xAB, 0xFB, 0x99, 0xF9,
    0xCC, 0xFB, 0xDD, 0xFC, 0xDE, 0xFD, 0xEF, 0xFF,
    0xEF, 0xFF, 0xEF, 0xFF, 0xEF, 0xFF, 0xEF, 0xFF,
    0xEF, 0xFF, 0xEF, 0xFF, 0xEF, 0xFF, 0xEF, 0xFF,
    0xEF, 0xFE, 0x79, 0xFA, 0x88, 0xFA, 0xEE, 0xFE,
    0x98, 0xF8, 0xA9, 0xF9, 0xBC, 0xFB, 0xDE, 0xFE,
    0xEF, 0xFF, 0xEF, 0xFE, 0xAB, 0xFB, 0xEF, 0xFE,
    0xDE, 0xFD, 0xEF, 0xFE, 0xEF, 0xFF, 0xEF, 0xFF,
    0xEF, 0xFF, 0xEF, 0xFF, 0xEF, 0xFF, 0xEF, 0xFE,
    0xEF, 0xFF, 0xEF, 0xFE, 0xCC, 0xFB, 0x66, 0xF6,
    0x44, 0xF5, 0x78, 0xF9, 0xDE, 0xFE, 0xBC, 0xFC,
    0x78, 0xF8, 0x89, 0xF9, 0x89, 0xF8, 0xAB, 0xFA,
    0xBB, 0xFB, 0xCD, 0xFC, 0xEF, 0xFE, 0xEF, 0xFE,
    0xEF, 0xFE, 0xEF, 0xFF, 0xEF, 0xFF, 0xEF, 0xFF,
    0xEF, 0xFE, 0xEF, 0xFE, 0xEF, 0xFE, 0xEF, 0xFE,
    0xAA, 0xF9, 0x77, 0xF7, 0x78, 0xF8, 0x88, 0xF9,
    0xCD, 0xFD, 0xCD, 0xFD, 0x89, 0xF9, 0x67, 0xF7,
    0x77, 0xF7, 0xCC, 0xFC, 0xBC, 0xFB, 0xCC, 0xFB,
    0xCC, 0xFB, 0xEF, 0xFE, 0xEF, 0xFF, 0xEF, 0xFF,
    0xEF, 0xFF, 0xEF, 0xFF, 0xEF, 0xFF, 0xEF, 0xFE,
    0xEF, 0xFE, 0xDD, 0xFC, 0x99, 0xF8, 0x77, 0xF7,
    0xAA, 0xFA, 0xAA, 0xFA, 0x89, 0xF9, 0xBC, 0xFB,
    0xCC, 0xFB, 0xBB, 0xF9, 0x88, 0xF8, 0x45, 0xF4,
    0x56, 0xF6, 0x55, 0xF5, 0xBB, 0xFB, 0xBC, 0xFB,
    0xEF, 0xFF, 0xEF, 0xFF, 0xEF, 0xFF, 0xEF, 0xFF,
    0xEF, 0xFF, 0xEF, 0xFE, 0xEE, 0xFE, 0xAA, 0xF9,
    0x66, 0xF6, 0x78, 0xF8, 0x89, 0xF9, 0x9A, 0xFA,
    0xCD, 0xFD, 0xEF, 0xFF, 0xAA, 0xFA, 0xCD, 0xFC,
    0xEF, 0xFE, 0xEF, 0xFF, 0xEF, 0xFF, 0xEF, 0xFF,
    0xEF, 0xFE, 0xEF, 0xFE, 0xEF, 0xFF, 0xEF, 0xFF,
    0xEF, 0xFF, 0xEF, 0xFF, 0xEF, 0xFE, 0xEE, 0xFD,
    0x98, 0xF7, 0x88, 0xF7, 0xBB, 0xFB, 0x88, 0xF8,
    0xAB, 0xFB, 0xBC, 0xFC, 0x9A, 0xFA, 0x78, 0xF8,
    0x77, 0xF8, 0xDD, 0xFD, 0xDD, 0xFD, 0xEF, 0xFF,
    0xEF, 0xFF, 0xEF, 0xFF, 0xEF, 0xFF, 0xEF, 0xFF,
    0xDE, 0xFE, 0x45, 0xF7, 0x44, 0xF6, 0x66, 0xF7,
    0xAA, 0xFA, 0x88, 0xF7, 0x77, 0xF6, 0x77, 0xF6,
    0xBC, 0xFC, 0xCD, 0xFD, 0xAB, 0xFB, 0x99, 0xF9,
    0x78, 0xF8, 0xAA, 0xFA, 0xCC, 0xFC, 0xEF, 0xFF,
    0xAA, 0xFB, 0x66, 0xF7, 0x99, 0xFA, 0x44, 0xF4,
    0x99, 0xF9, 0xDE, 0xFD, 0xEF, 0xFF, 0xEF, 0xFF,
    0xEF, 0xFF, 0xEF, 0xFE, 0xAB, 0xFA, 0x88, 0xF7,
    0xCD, 0xFC, 0xEF, 0xFE, 0xDE, 0xFE, 0xAB, 0xFB,
    0x9A, 0xFA, 0xBC, 0xFC, 0xAB, 0xFB, 0x66, 0xF6,
    0xAB, 0xFA, 0xBC, 0xFB, 0xDE, 0xFD, 0xEF, 0xFF,
    0xEF, 0xFF, 0xEF, 0xFF, 0xEF, 0xFF, 0xEF, 0xFF,
    0xEF, 0xFF, 0xEF, 0xFF, 0xBB, 0xFB, 0x88, 0xF8,
    0xAA, 0xF9, 0xDE, 0xFD, 0xEF, 0xFF, 0xDE, 0xFE,
    0xBC, 0xFC, 0x9A, 0xFA, 0x89, 0xFA, 0x67, 0xF8,
    0x78, 0xF8, 0x99, 0xFA, 0xCD, 0xFC, 0xDD, 0xFC,
    0xEF, 0xFE, 0xEF, 0xFF, 0xEF, 0xFF, 0xEF, 0xFF,
    0xEF, 0xFF, 0xEF, 0xFF, 0xEF, 0xFF, 0xEF, 0xFF,
    0xDD, 0xFC, 0xAA, 0xF9, 0xDD, 0xFC, 0xEF, 0xFF,
    0xEF, 0xFF, 0xCD, 0xFD, 0xAB, 0xFB, 0xAB, 0xFB,
    0x9A, 0xFA, 0x67, 0xF7, 0x77, 0xF7, 0xBC, 0xFB,
    0xCD, 0xFC, 0xDD, 0xFD, 0xEF, 0xFF, 0xEF, 0xFF,
    0x99, 0xFB, 0x44, 0xF7, 0x88, 0xF9, 0x98, 0xF8,
    0xAA, 0xFA, 0x99, 0xF8, 0x99, 0xF8, 0xCC, 0xFB,
    0xEF, 0xFE, 0xDE, 0xFD, 0xBC, 0xFB, 0xAA, 0xFA,
    0x99, 0xF9, 0x89, 0xF9, 0x77, 0xF7, 0xAA, 0xFA,
    0xCD, 0xFC, 0xBC, 0xFB, 0xEE, 0xFE, 0xEF, 0xFF,
    0xEF, 0xFF, 0xEF, 0xFF, 0xEF, 0xFF, 0xEF, 0xFF,
    0xDE, 0xFE, 0x55, 0xF7, 0x44, 0xF7, 0x33, 0xF4,
    0x22, 0xF2, 0x55, 0xF5, 0xBB, 0xFB, 0xBC, 0xFC,
    0xAB, 0xFB, 0x9A, 0xFA, 0xAA, 0xFA, 0x77, 0xF7,
    0x99, 0xF9, 0x9A, 0xF9, 0x99, 0xF8, 0xCD, 0xFC,
    0xEF, 0xFE, 0xEF, 0xFE, 0xEF, 0xFF, 0xEF, 0xFF,
    0xEF, 0xFF, 0xEF, 0xFF, 0xEF, 0xFF, 0xEF, 0xFF,
    0xEF, 0xFF, 0xBC, 0xFC, 0xAA, 0xFA, 0xCC, 0xFB,
    0xA9, 0xF8, 0xCC, 0xFC, 0xDD, 0xFD, 0xAB, 0xFB,
    0x9A, 0xFA, 0xBC, 0xFC, 0xDE, 0xFE, 0xDE, 0xFE,
    0xAA, 0xF9, 0xCD, 0xFC, 0xEF, 0xFF, 0xEF, 0xFF,
    0xEF, 0xFF, 0xEF, 0xFF, 0xEF, 0xFF, 0xEF, 0xFE,
    0xEF, 0xFE, 0xBC, 0xFB, 0x66, 0xF6, 0x55, 0xF6,
    0xBC, 0xFC, 0xAB, 0xFB, 0x78, 0xF8, 0xAA, 0xFB,
    0xCD, 0xFD, 0xCD, 0xFD, 0x55, 0xF6, 0x67, 0xF7,
    0xCD, 0xFD, 0xAB, 0xFA, 0xBC, 0xFB, 0xEF, 0xFE,
    0xEF, 0xFE, 0xEF, 0xFE, 0xEF, 0xFF, 0xEF, 0xFF,
    0xEF, 0xFF, 0xEF, 0xFE, 0xDE, 0xFE, 0x89, 0xF8,
    0x67, 0xF7, 0x9A, 0xFA, 0xEF, 0xFF, 0xDE, 0xFE,
    0x89, 0xF9, 0x78, 0xF8, 0xBC, 0xFD, 0x66, 0xF7,
    0x67, 0xF7, 0xBB, 0xFB, 0xAA, 0xFA, 0x55, 0xF5,
    0xCC, 0xFC, 0xEF, 0xFE, 0xEF, 0xFF, 0xEF, 0xFF,
    0xEF, 0xFF, 0xEF, 0xFF, 0xEF, 0xFF, 0xEF, 0xFF,
    0xCD, 0xFC, 0x89, 0xF8, 0x78, 0xF7, 0xAB, 0xFB,
    0x78, 0xF8, 0xAB, 0xFC, 0xDE, 0xFE, 0xBC, 0xFC,
    0x66, 0xF6, 0x66, 0xF5, 0xAB, 0xFA, 0x23, 0xF3,
    0x78, 0xF8, 0x66, 0xF6, 0xBB, 0xFB, 0xCC, 0xFC,
    0xEF, 0xFF, 0xEF, 0xFF, 0xEF, 0xFF, 0xEF, 0xFF,
    0xEF, 0xFE, 0xEF, 0xFE, 0xAB, 0xFA, 0x77, 0xF7,
    0x99, 0xF9, 0x88, 0xF8, 0xBC, 0xFC, 0xCD, 0xFD,
    0x9A, 0xFA, 0x78, 0xF8, 0xAB, 0xFB, 0x89, 0xF9,
    0xBC, 0xFC, 0xCD, 0xFD, 0xEF, 0xFF, 0xEF, 0xFE,
    0xEF, 0xFE, 0xEF, 0xFF, 0xEF, 0xFF, 0xEF, 0xFF,
    0xEF, 0xFF, 0xEF, 0xFE, 0xDE, 0xFD, 0x99, 0xF8,
    0x88, 0xF7, 0xDE, 0xFD, 0xEF, 0xFE, 0xEF, 0xFE,
    0xCD, 0xFD, 0x78, 0xF8, 0x89, 0xFA, 0x9A, 0xFA,
    0x56, 0xF6, 0x66, 0xF7, 0x77, 0xF7, 0xCC, 0xFC,
    0xEF, 0xFF, 0xEF, 0xFF, 0xEF, 0xFF, 0xEF, 0xFF,
    0xBC, 0xFC, 0x55, 0xF7, 0xAB, 0xFC, 0x66, 0xF7,
    0x78, 0xF7, 0x77, 0xF6, 0xCD, 0xFC, 0xEE, 0xFE,
    0xAB, 0xFB, 0x78, 0xF8, 0x99, 0xFA, 0xBC, 0xFC,
    0xAA, 0xFB, 0x45, 0xF5, 0x89, 0xF9, 0xAB, 0xFB,
    0x89, 0xF9, 0x23, 0xF4, 0x66, 0xF8, 0x44, 0xF5,
    0x78, 0xF8, 0xCC, 0xFC, 0xEF, 0xFF, 0xEF, 0xFF,
    0xEF, 0xFE, 0xAA, 0xFA, 0x88, 0xF7, 0xDD, 0xFD,
    0xEF, 0xFF, 0xEF, 0xFF, 0xEF, 0xFF, 0xEF, 0xFF,
    0xDE, 0xFE, 0xBB, 0xFB, 0x89, 0xF8, 0xAB, 0xFA,
    0xAB, 0xFA, 0x56, 0xF5, 0x9A, 0xF9, 0xDE, 0xFD,
    0xEF, 0xFF, 0xEF, 0xFE, 0xEF, 0xFF, 0xEF, 0xFF,
    0xEF, 0xFF, 0xBB, 0xFB, 0x77, 0xF7, 0x99, 0xF8,
    0xDE, 0xFD, 0xEF, 0xFE, 0xEF, 0xFF, 0xEF, 0xFE,
    0xEF, 0xFF, 0xEF, 0xFE, 0xDE, 0xFE, 0xAB, 0xFB,
    0x78, 0xF9, 0xAB, 0xFB, 0x78, 0xF8, 0x78, 0xF7,
    0xBC, 0xFB, 0xEF, 0xFE, 0xEF, 0xFE, 0xEF, 0xFF,
    0xEF, 0xFF, 0xEF, 0xFE, 0xEF, 0xFF, 0xDE, 0xFD,
    0x9A, 0xF9, 0xCD, 0xFC, 0xEF, 0xFE, 0xEF, 0xFE,
    0xEF, 0xFF, 0xEF, 0xFF, 0xEF, 0xFF, 0xEF, 0xFE,
    0xDD, 0xFD, 0xAA, 0xFA, 0xDE, 0xFE, 0xCC, 0xFC,
    0x88, 0xF8, 0x89, 0xF8, 0xCD, 0xFC, 0xEF, 0xFF,
    0x67, 0xF9, 0x66, 0xF8, 0xA9, 0xFA, 0x98, 0xF8,
    0xBB, 0xFA, 0x88, 0xF8, 0xBC, 0xFB, 0xEF, 0xFE,
    0xEF, 0xFE, 0xEF, 0xFF, 0xEF, 0xFF, 0xEF, 0xFF,
    0xDE, 0xFE, 0xBB, 0xFB, 0xDE, 0xFE, 0xDD, 0xFD,
    0x9A, 0xF9, 0x77, 0xF7, 0x9A, 0xF9, 0xDE, 0xFD,
    0xEF, 0xFF, 0xEF, 0xFF, 0xEF, 0xFF, 0xEF, 0xFF,
    0xEF, 0xFF, 0x77, 0xF8, 0x99, 0xFA, 0x99, 0xF9,
    0xBC, 0xFB, 0xAB, 0xFB, 0xBB, 0xFB, 0xEF, 0xFF,
    0xEF, 0xFF, 0xEF, 0xFF, 0xDE, 0xFE, 0xCC, 0xFC,
    0xEF, 0xFF, 0xDE, 0xFE, 0x99, 0xF9, 0x78, 0xF7,
    0xBC, 0xFB, 0xEE, 0xFE, 0xEF, 0xFE, 0xEF, 0xFF,
    0xEF, 0xFF, 0xEF, 0xFF, 0xEF, 0xFF, 0xEF, 0xFE,
    0xEF, 0xFF, 0xAA, 0xF9, 0xBB, 0xFA, 0xBB, 0xFA,
    0xEE, 0xFD, 0xBC, 0xFC, 0xAA, 0xFB, 0x99, 0xFA,
    0xAB, 0xFB, 0x9A, 0xFA, 0x9A, 0xFA, 0xBC, 0xFB,
    0xEF, 0xFF, 0xAB, 0xFA, 0xAB, 0xFA, 0xDE, 0xFD,
    0xEF, 0xFE, 0xEF, 0xFE, 0xEF, 0xFE, 0xEF, 0xFE,
    0xAB, 0xFA, 0x55, 0xF5, 0x55, 0xF6, 0xBC, 0xFC,
    0xEF, 0xFF, 0xEF, 0xFF, 0xEF, 0xFE, 0xBC, 0xFC,
    0x78, 0xF8, 0x67, 0xF7, 0x56, 0xF7, 0x89, 0xF9,
    0x56, 0xF6, 0xAB, 0xFA, 0xBB, 0xFB, 0x99, 0xF8,
    0xCC, 0xFB, 0xEF, 0xFD, 0xEF, 0xFF, 0xEF, 0xFF,
    0xEF, 0xFF, 0xDE, 0xFD, 0x88, 0xF8, 0x66, 0xF6,
    0xAA, 0xFA, 0xEF, 0xFE, 0xEF, 0xFF, 0xEF, 0xFF,
    0xEF, 0xFF, 0xCD, 0xFD, 0x67, 0xF8, 0x44, 0xF6,
    0x67, 0xF8, 0xCD, 0xFD, 0x9A, 0xF9, 0x55, 0xF4,
    0xCC, 0xFB, 0xEE, 0xFD, 0xEF, 0xFF, 0xEF, 0xFF,
    0xEF, 0xFF, 0xEF, 0xFF, 0xEF, 0xFF, 0xCD, 0xFC,
    0x89, 0xF8, 0x77, 0xF7, 0xCC, 0xFC, 0xEF, 0xFF,
    0xEF, 0xFF, 0xBC, 0xFC, 0x78, 0xF8, 0xAB, 0xFB,
    0xCD, 0xFD, 0x56, 0xF6, 0x56, 0xF6, 0x12, 0xF2,
    0x78, 0xF9, 0x67, 0xF7, 0x9A, 0xFA, 0xCC, 0xFC,
    0xEF, 0xFF, 0xEF, 0xFF, 0xEF, 0xFF, 0xEF, 0xFF,
    0xDE, 0xFE, 0x99, 0xF9, 0x77, 0xF6, 0xBC, 0xFB,
    0xEF, 0xFF, 0xDE, 0xFE, 0xAB, 0xFB, 0x78, 0xF8,
    0xAA, 0xFB, 0xAB, 0xFB, 0x45, 0xF6, 0x45, 0xF6,
    0xAB, 0xFB, 0xAB, 0xFB, 0xAB, 0xFB, 0xEF, 0xFE,
    0xEF, 0xFE, 0xEF, 0xFF, 0xEF, 0xFF, 0xEF, 0xFF,
    0xEF, 0xFE, 0xDD, 0xFD, 0x88, 0xF7, 0x78, 0xF7,
    0xDE, 0xFE, 0xEF, 0xFE, 0xEF, 0xFF, 0xEF, 0xFE,
    0xEF, 0xFE, 0xEF, 0xFF, 0xCD, 0xFD, 0x89, 0xF9,
    0xEE, 0xFE, 0xCD, 0xFD, 0x67, 0xF7, 0x55, 0xF5,
    0xBB, 0xFA, 0xEF, 0xFE, 0xEF, 0xFF, 0xEF, 0xFF,
    0x89, 0xFA, 0x56, 0xF7, 0x9A, 0xFA, 0x45, 0xF4,
    0x77, 0xF7, 0xCD, 0xFC, 0xEF, 0xFF, 0xEF, 0xFF,
    0xEF, 0xFF, 0xEF, 0xFF, 0xDE, 0xFE, 0xBC, 0xFC,
    0x99, 0xFA, 0x67, 0xF7, 0xAB, 0xFB, 0x9A, 0xFA,
    0x34, 0xF4, 0x34, 0xF5, 0x55, 0xF6, 0x44, 0xF5,
    0x66, 0xF6, 0xAA, 0xFA, 0xEF, 0xFF, 0xDE, 0xFD,
    0x99, 0xF8, 0x88, 0xF7, 0xDE, 0xFD, 0xEF, 0xFE,
    0xEF, 0xFF, 0xEF, 0xFE, 0xEF, 0xFF, 0xEF, 0xFF,
    0xEF, 0xFF, 0xEF, 0xFF, 0xEF, 0xFE, 0xEE, 0xFE,
    0xEF, 0xFF, 0xDD, 0xFD, 0x67, 0xF6, 0x9A, 0xF9,
    0xDE, 0xFD, 0xEF, 0xFF, 0xEF, 0xFE, 0xEF, 0xFF,
    0xEE, 0xFE, 0x99, 0xF8, 0x88, 0xF7, 0xDD, 0xFC,
    0xEF, 0xFE, 0xEF, 0xFE, 0xEF, 0xFF, 0xEF, 0xFF,
    0xEF, 0xFE, 0xEF, 0xFE, 0xEF, 0xFF, 0xEF, 0xFF,
    0xEF, 0xFF, 0xEF, 0xFF, 0xEF, 0xFF, 0xAB, 0xFA,
    0x67, 0xF6, 0xAC, 0xFA, 0xEF, 0xFE, 0xEF, 0xFE,
    0xEF, 0xFF, 0xEF, 0xFE, 0xCD, 0xFC, 0x99, 0xF8,
    0xCC, 0xFB, 0xEF, 0xFE, 0xEF, 0xFE, 0xEF, 0xFF,
    0xEF, 0xFF, 0xEF, 0xFF, 0xEF, 0xFF, 0xEF, 0xFF,
    0xEF, 0xFF, 0xEF, 0xFF, 0xEF, 0xFF, 0xEF, 0xFF,
    0xEF, 0xFE, 0xAB, 0xFA, 0x78, 0xF7, 0xAB, 0xFB,
    0x55, 0xF8, 0x44, 0xF7, 0x99, 0xF9, 0xAA, 0xF9,
    0x99, 0xF8, 0x67, 0xF6, 0xDE, 0xFE, 0xEF, 0xFE,
    0xEF, 0xFE, 0xEF, 0xFF, 0xEF, 0xFF, 0xEF, 0xFE,
    0xEF, 0xFF, 0xEF, 0xFF, 0xEF, 0xFF, 0xEF, 0xFE,
    0xEF, 0xFF, 0xBC, 0xFC, 0x67, 0xF6, 0x99, 0xF9,
    0xDE, 0xFD, 0xEF, 0xFF, 0xEF, 0xFF, 0xEF, 0xFE,
    0xEF, 0xFE, 0xBB, 0xFB, 0xAA, 0xFA, 0x77, 0xF7,
    0xEE, 0xFD, 0xEF, 0xFF, 0x78, 0xF8, 0xEF, 0xFF,
    0xEF, 0xFF, 0xEF, 0xFF, 0xEF, 0xFF, 0xEF, 0xFF,
    0xEF, 0xFF, 0xEF, 0xFF, 0xEF, 0xFE, 0xDD, 0xFD,
    0x88, 0xF8, 0x9A, 0xF9, 0xDE, 0xFD, 0xEF, 0xFF,
    0xEF, 0xFE, 0xEF, 0xFF, 0xEF, 0xFE, 0xEF, 0xFF,
    0xEE, 0xFE, 0xCB, 0xFB, 0xCC, 0xFB, 0xEF, 0xFD,
    0xEF, 0xFE, 0xEF, 0xFF, 0xEF, 0xFF, 0xEF, 0xFF,
    0xDE, 0xFE, 0xEF, 0xFF, 0xEF, 0xFF, 0xDD, 0xFD,
    0x9A, 0xFA, 0xDE, 0xFE, 0xBC, 0xFB, 0x99, 0xF7,
    0xCC, 0xFA, 0xEE, 0xFD, 0xDE, 0xFD, 0x89, 0xF8,
    0x99, 0xF9, 0x55, 0xF5, 0xBC, 0xFC, 0xEF, 0xFF,
    0xEF, 0xFF, 0xEF, 0xFE, 0xEF, 0xFE, 0xEF, 0xFF,
    0xEF, 0xFF, 0xCD, 0xFD, 0xAB, 0xFB, 0xEF, 0xFF,
    0xDE, 0xFE, 0x77, 0xF7, 0x78, 0xF7, 0x9A, 0xF9,
    0x99, 0xF8, 0xAA, 0xF9, 0xDE, 0xFD, 0xEF, 0xFE,
    0xBC, 0xFB, 0x77, 0xF7, 0x66, 0xF6, 0x9A, 0xFA,
    0xEF, 0xFF, 0xEF, 0xFF, 0xEF, 0xFF, 0xEF, 0xFF,
    0xEF, 0xFF, 0xEF, 0xFF, 0xAB, 0xFB, 0x55, 0xF7,
    0x45, 0xF6, 0xBB, 0xFB, 0x88, 0xF8, 0x23, 0xF2,
    0x88, 0xF8, 0xCD, 0xFC, 0xEF, 0xFE, 0xEF, 0xFF,
    0xEF, 0xFE, 0xEF, 0xFE, 0xBB, 0xFA, 0x89, 0xF8,
    0x77, 0xF7, 0xCC, 0xFC, 0xEF, 0xFF, 0xEF, 0xFF,
    0xEF, 0xFF, 0xEF, 0xFF, 0xEF, 0xFF, 0xBC, 0xFC,
    0x68, 0xF8, 0x67, 0xF7, 0x56, 0xF7, 0x35, 0xF5,
    0x34, 0xF5, 0x55, 0xF6, 0x88, 0xF9, 0xCC, 0xFC,
    0xEF, 0xFE, 0xEF, 0xFF, 0xEF, 0xFE, 0xCD, 0xFC,
    0x88, 0xF8, 0x67, 0xF6, 0xBB, 0xFB, 0xEF, 0xFF,
    0xEF, 0xFF, 0xEF, 0xFF, 0xEF, 0xFF, 0xEF, 0xFF,
    0xBC, 0xFC, 0x78, 0xF8, 0x78, 0xF8, 0xCD, 0xFE,
    0x77, 0xF8, 0x67, 0xF7, 0x77, 0xF7, 0x99, 0xF9,
    0xDE, 0xFE, 0xEF, 0xFF, 0xEF, 0xFE, 0xEF, 0xFE,
    0xCC, 0xFB, 0x77, 0xF6, 0x77, 0xF7, 0xDE, 0xFD,
    0xEF, 0xFF, 0xEF, 0xFF, 0xEF, 0xFE, 0xEF, 0xFF,
    0xEF, 0xFE, 0xEF, 0xFE, 0xEF, 0xFF, 0xEF, 0xFF,
    0xEF, 0xFF, 0xEF, 0xFF, 0xEF, 0xFE, 0x89, 0xF9,
    0x55, 0xF4, 0xAA, 0xF9, 0xEE, 0xFE, 0xEF, 0xFF,
    0x88, 0xF8, 0x66, 0xF7, 0x66, 0xF6, 0x12, 0xF1,
    0xDE, 0xFD, 0xEF, 0xFF, 0xEF, 0xFF, 0xEF, 0xFF,
    0xEF, 0xFF, 0xEF, 0xFF, 0xEF, 0xFF, 0xEF, 0xFF,
    0xEF, 0xFF, 0xCD, 0xFD, 0xEF, 0xFF, 0xEF, 0xFF,
    0x34, 0xF5, 0x34, 0xF5, 0x12, 0xF3, 0x34, 0xF5,
    0x99, 0xF9, 0x88, 0xF8, 0xBB, 0xFB, 0x77, 0xF7,
    0x77, 0xF7, 0xDE, 0xFD, 0xEF, 0xFF, 0xEF, 0xFF,
    0xEF, 0xFF, 0xEF, 0xFF, 0xEF, 0xFF, 0xEF, 0xFF,
    0xEF, 0xFF, 0xEF, 0xFF, 0xEF, 0xFF, 0xEF, 0xFF,
    0xEF, 0xFF, 0xEF, 0xFF, 0xDE, 0xFE, 0x77, 0xF7,
    0x88, 0xF8, 0xDE, 0xFD, 0xEF, 0xFE, 0xDD, 0xFC,
    0x88, 0xF7, 0x77, 0xF6, 0xCD, 0xFC, 0xEF, 0xFE,
    0xEF, 0xFF, 0xEF, 0xFF, 0xEF, 0xFF, 0xEF, 0xFF,
    0xEF, 0xFF, 0xEF, 0xFF, 0xEF, 0xFF, 0xEF, 0xFE,
    0xEF, 0xFE, 0xEF, 0xFE, 0xEF, 0xFF, 0xEF, 0xFF,
    0xCD, 0xFC, 0x67, 0xF7, 0x9A, 0xF9, 0xEE, 0xFE,
    0xEE, 0xFE, 0xBB, 0xFA, 0x88, 0xF7, 0xCD, 0xFC,
    0xEF, 0xFE, 0xEF, 0xFE, 0xEF, 0xFE, 0xEF, 0xFF,
    0xEF, 0xFF, 0xEF, 0xFF, 0xEF, 0xFF, 0xEF, 0xFF,
    0xEF, 0xFF, 0xEF, 0xFF, 0xEF, 0xFF, 0xEF, 0xFF,
    0xEF, 0xFF, 0xEF, 0xFF, 0xCD, 0xFD, 0x66, 0xF7,
    0x22, 0xF4, 0x55, 0xF7, 0x88, 0xF8, 0xAA, 0xFA,
    0xBB, 0xFA, 0xEF, 0xFE, 0xEF, 0xFE, 0xEF, 0xFF,
    0xEF, 0xFE, 0xEF, 0xFF, 0xEF, 0xFF, 0xEF, 0xFF,
    0xEF, 0xFE, 0xEF, 0xFE, 0xEF, 0xFE, 0xEF, 0xFE,
    0xEF, 0xFF, 0xEF, 0xFF, 0xDE, 0xFE, 0x78, 0xF8,
    0x77, 0xF6, 0xCD, 0xFC, 0xEF, 0xFE, 0xDE, 0xFD,
    0xAA, 0xF9, 0x9A, 0xF9, 0x77, 0xF7, 0x88, 0xF8,
    0xEE, 0xFE, 0xEF, 0xFF, 0x9A, 0xF9, 0xEF, 0xFF,
    0xEF, 0xFF, 0xEF, 0xFF, 0xEF, 0xFF, 0xEF, 0xFF,
    0xEF, 0xFF, 0xEF, 0xFF, 0xEF, 0xFF, 0xEF, 0xFF,
    0xEF, 0xFE, 0xAB, 0xFA, 0x88, 0xF8, 0xDE, 0xFD,
    0xEF, 0xFF, 0xEF, 0xFE, 0xEF, 0xFE, 0xDD, 0xFC,
    0xAA, 0xF9, 0xCC, 0xFC, 0xEF, 0xFE, 0xEF, 0xFE,
    0xEF, 0xFE, 0xEF, 0xFF, 0xEF, 0xFF, 0xEF, 0xFF,
    0xEF, 0xFF, 0xEF, 0xFF, 0xEF, 0xFF, 0xEF, 0xFF,
    0x55, 0xF6, 0x56, 0xF7, 0xCC, 0xFC, 0xCD, 0xFC,
    0x99, 0xF8, 0xBB, 0xFA, 0x66, 0xF5, 0xAB, 0xFA,
    0x67, 0xF6, 0xBB, 0xFB, 0xEE, 0xFE, 0xEF, 0xFE,
    0xEF, 0xFE, 0xEF, 0xFE, 0xEF, 0xFE, 0xDE, 0xFE,
    0xEF, 0xFF, 0xEF, 0xFF, 0xDE, 0xFE, 0xEF, 0xFF,
    0xDE, 0xFE, 0xDE, 0xFE, 0x78, 0xF8, 0x45, 0xF4,
    0x99, 0xF9, 0x99, 0xF8, 0xBB, 0xFA, 0x9A, 0xF9,
    0x88, 0xF7, 0x67, 0xF6, 0xAA, 0xFA, 0xEF, 0xFF,
    0xEF, 0xFE, 0xEF, 0xFE, 0xEF, 0xFE, 0xEF, 0xFE,
    0xEF, 0xFE, 0xEF, 0xFF, 0x78, 0xF8, 0x56, 0xF7,
    0x45, 0xF5, 0x45, 0xF5, 0x45, 0xF5, 0x88, 0xF8,
    0x44, 0xF4, 0x78, 0xF7, 0xCD, 0xFC, 0xEF, 0xFE,
    0xDE, 0xFD, 0x99, 0xF8, 0xBB, 0xFB, 0x78, 0xF7,
    0xCD, 0xFC, 0xEF, 0xFF, 0xEF, 0xFF, 0xEF, 0xFF,
    0xEF, 0xFF, 0xEF, 0xFF, 0xEF, 0xFF, 0xEF, 0xFF,
    0xDE, 0xFE, 0xBC, 0xFC, 0x67, 0xF7, 0xBC, 0xFC,
    0x56, 0xF6, 0x44, 0xF5, 0x55, 0xF5, 0xAA, 0xFA,
    0xDE, 0xFD, 0xEE, 0xFE, 0xAB, 0xFA, 0x99, 0xF9,
    0x78, 0xF7, 0xAB, 0xFA, 0xEF, 0xFF, 0xEF, 0xFF,
    0xEF, 0xFF, 0xEF, 0xFF, 0xEF, 0xFF, 0xEF, 0xFF,
    0xEF, 0xFF, 0xDE, 0xFE, 0xCD, 0xFD, 0xEF, 0xFF,
    0xEF, 0xFF, 0x9A, 0xFA, 0x55, 0xF5, 0x44, 0xF4,
    0x78, 0xF7, 0xDD, 0xFC, 0xEE, 0xFD, 0xAA, 0xF9,
    0x66, 0xF5, 0x66, 0xF5, 0xCD, 0xFD, 0xEF, 0xFF,
    0xEF, 0xFF, 0xEF, 0xFF, 0xEF, 0xFF, 0xEF, 0xFF,
    0xEF, 0xFF, 0xEF, 0xFF, 0xEF, 0xFF, 0xEF, 0xFF,
    0xEF, 0xFF, 0xEF, 0xFF, 0xEF, 0xFF, 0xEF, 0xFE,
    0x99, 0xF9, 0x44, 0xF3, 0x99, 0xF9, 0xDD, 0xFD,
    0x88, 0xF8, 0x76, 0xF6, 0x66, 0xF5, 0x66, 0xF6,
    0xEF, 0xFF, 0xEF, 0xFF, 0xEF, 0xFF, 0xEF, 0xFF,
    0xEF, 0xFF, 0xEF, 0xFF, 0xEF, 0xFF, 0xEF, 0xFF,
    0xEF, 0xFF, 0xEF, 0xFF, 0xEF, 0xFF, 0xCD, 0xFD,
    0x89, 0xFA, 0x99, 0xFA, 0x55, 0xF7, 0x33, 0xF4,
    0x56, 0xF6, 0x33, 0xF4, 0x66, 0xF6, 0x77, 0xF7,
    0xDE, 0xFD, 0xEF, 0xFF, 0xEF, 0xFF, 0xEF, 0xFF,
    0xEF, 0xFF, 0xEF, 0xFF, 0xEF, 0xFF, 0xEF, 0xFF,
    0xEF, 0xFF, 0xEF, 0xFF, 0xEF, 0xFF, 0xEF, 0xFF,
    0xEF, 0xFF, 0xEF, 0xFF, 0xEF, 0xFF, 0xDE, 0xFE,
    0x67, 0xF6, 0x88, 0xF8, 0xAA, 0xFA, 0x76, 0xF6,
    0x77, 0xF6, 0xCD, 0xFC, 0xEF, 0xFF, 0xEF, 0xFF,
    0xEF, 0xFF, 0xEF, 0xFF, 0xEF, 0xFF, 0xEF, 0xFF,
    0xEF, 0xFF, 0xEF, 0xFF, 0xEF, 0xFF, 0xEF, 0xFF,
    0xEF, 0xFF, 0xEF, 0xFF, 0xEF, 0xFF, 0xEF, 0xFF,
    0xEF, 0xFF, 0xCD, 0xFD, 0x56, 0xF6, 0x89, 0xF8,
    0x99, 0xF7, 0x88, 0xF6, 0xCD, 0xFC, 0xEF, 0xFF,
    0xEF, 0xFF, 0xEF, 0xFF, 0xEF, 0xFF, 0xEF, 0xFF,
    0xEF, 0xFF, 0xEF, 0xFF, 0xEF, 0xFF, 0xEF, 0xFF,
    0xEF, 0xFF, 0xEF, 0xFF, 0xEF, 0xFF, 0xEF, 0xFF,
    0xEF, 0xFF, 0xEF, 0xFF, 0xEF, 0xFF, 0x66, 0xF8,
    0x44, 0xF6, 0x22, 0xF3, 0x55, 0xF5, 0xBC, 0xFB,
    0xEF, 0xFE, 0xEF, 0xFF, 0xEF, 0xFF, 0xEF, 0xFF,
    0xEF, 0xFF, 0xEF, 0xFF, 0xEF, 0xFF, 0xEF, 0xFF,
    0xEF, 0xFF, 0xEF, 0xFF, 0xEF, 0xFE, 0xEF, 0xFE,
    0xEF, 0xFE, 0xEF, 0xFF, 0xEF, 0xFF, 0xEF, 0xFE,
    0x77, 0xF7, 0x77, 0xF7, 0x99, 0xF9, 0x88, 0xF7,
    0xAB, 0xFA, 0xEF, 0xFE, 0x99, 0xF9, 0xBC, 0xFC,
    0xEF, 0xFF, 0xEF, 0xFF, 0xAA, 0xFA, 0xDE, 0xFD,
    0xEF, 0xFF, 0xEF, 0xFF, 0xEF, 0xFF, 0xEF, 0xFF,
    0xEF, 0xFF, 0xEF, 0xFF, 0xEF, 0xFF, 0xEF, 0xFF,
    0xEF, 0xFF, 0xEF, 0xFF, 0xAA, 0xFA, 0x99, 0xF9,
    0xDE, 0xFD, 0xCC, 0xFB, 0xAA, 0xF9, 0x99, 0xF8,
    0xDD, 0xFC, 0xEF, 0xFF, 0xEF, 0xFE, 0xEF, 0xFF,
    0xEF, 0xFF, 0xEF, 0xFF, 0xEF, 0xFF, 0xEF, 0xFF,
    0xEF, 0xFF, 0xEF, 0xFF, 0xEF, 0xFF, 0xEF, 0xFF,
    0xBB, 0xFB, 0x55, 0xF6, 0x44, 0xF5, 0xBB, 0xFC,
    0xAA, 0xFB, 0x54, 0xF3, 0x99, 0xF8, 0x56, 0xF5,
    0x99, 0xF9, 0xCD, 0xFD, 0xCD, 0xFC, 0xBC, 0xFC,
    0xCD, 0xFD, 0xCC, 0xFD, 0xCC, 0xFD, 0xCC, 0xFC,
    0xCC, 0xFC, 0xCC, 0xFC, 0xCD, 0xFC, 0xCD, 0xFC,
    0xCD, 0xFD, 0xCD, 0xFC, 0xBC, 0xFC, 0x56, 0xF6,
    0x44, 0xF5, 0xAA, 0xF9, 0x66, 0xF5, 0x77, 0xF5,
    0x55, 0xF5, 0x89, 0xF9, 0xDD, 0xFD, 0xCD, 0xFD,
    0xCD, 0xFC, 0xCD, 0xFC, 0xDD, 0xFC, 0xDE, 0xFD,
    0xDE, 0xFD, 0xCD, 0xFC, 0x45, 0xF5, 0x45, 0xF6,
    0x78, 0xF8, 0x23, 0xF3, 0xBC, 0xFB, 0xDE, 0xFE,
    0x9A, 0xF9, 0x55, 0xF4, 0x77, 0xF7, 0xBB, 0xFB,
    0x89, 0xF8, 0xAA, 0xFA, 0x77, 0xF7, 0xBC, 0xFB,
    0xDE, 0xFD, 0xDE, 0xFD, 0xDE, 0xFD, 0xDE, 0xFD,
    0xDE, 0xFD, 0xDE, 0xFD, 0xDE, 0xFD, 0xDE, 0xFD,
    0xDE, 0xFD, 0xDE, 0xFD, 0xBC, 0xFC, 0xAB, 0xFB,
    0x55, 0xF6, 0x44, 0xF5, 0x33, 0xF3, 0x99, 0xF9,
    0x99, 0xF8, 0x99, 0xF8, 0xAA, 0xFA, 0x89, 0xF8,
    0x89, 0xF9, 0xDE, 0xFD, 0xDE, 0xFD, 0xDE, 0xFD,
    0xDE, 0xFD, 0xDE, 0xFD, 0xDE, 0xFD, 0xDE, 0xFD,
    0xDD, 0xFD, 0xDE, 0xFD, 0xDD, 0xFD, 0xDD, 0xFD,
    0xDD, 0xFD, 0xDD, 0xFD, 0x99, 0xF9, 0x44, 0xF4,
    0x55, 0xF6, 0x88, 0xF8, 0x77, 0xF6, 0x65, 0xF4,
    0x55, 0xF5, 0xCC, 0xFC, 0xDD, 0xFD, 0xDD, 0xFD,
    0xDE, 0xFD, 0xDE, 0xFD, 0xDD, 0xFD, 0xDE, 0xFD,
    0xDE, 0xFD, 0xDD, 0xFD, 0xDE, 0xFD, 0xDD, 0xFD,
    0xCD, 0xFD, 0xDD, 0xFD, 0xDE, 0xFD, 0xDE, 0xFD,
    0xDE, 0xFD, 0x88, 0xF8, 0x44, 0xF4, 0x66, 0xF5,
    0x55, 0xF4, 0x77, 0xF6, 0xCD, 0xFC, 0xCD, 0xFC,
    0xDE, 0xFE, 0xDE, 0xFE, 0xDE, 0xFD, 0xDE, 0xFE,
    0xDE, 0xFE, 0xDE, 0xFD, 0xDE, 0xFE, 0xDE, 0xFD,
    0xDE, 0xFE, 0xDE, 0xFE, 0xDE, 0xFE, 0xDE, 0xFE,
    0xDD, 0xFE, 0x77, 0xF8, 0x55, 0xF7, 0x55, 0xF6,
    0x12, 0xF2, 0x45, 0xF5, 0x67, 0xF6, 0xDE, 0xFD,
    0xDE, 0xFE, 0xDE, 0xFE, 0xDE, 0xFE, 0xEE, 0xFE,
    0xEE, 0xFE, 0xEE, 0xFE, 0xDE, 0xFE, 0xEE, 0xFE,
    0xEE, 0xFE, 0xEE, 0xFE, 0xEE, 0xFE, 0xDE, 0xFE,
    0xDE, 0xFD, 0xDE, 0xFD, 0xDE, 0xFE, 0xDE, 0xFE,
    0xCD, 0xFC, 0x44, 0xF4, 0x66, 0xF6, 0x88, 0xF7,
    0xCD, 0xFC, 0xDE, 0xFE, 0xDE, 0xFE, 0xDE, 0xFE,
    0xEE, 0xFE, 0xEE, 0xFE, 0xEE, 0xFE, 0xEE, 0xFE,
    0xEE, 0xFE, 0xEE, 0xFE, 0xEE, 0xFE, 0xEE, 0xFE,
    0xEE, 0xFE, 0xEE, 0xFF, 0xEE, 0xFE, 0xEE, 0xFE,
    0xEF, 0xFE, 0xEE, 0xFF, 0x9A, 0xFA, 0x55, 0xF4,
    0xAA, 0xF8, 0xDD, 0xFC, 0xEF, 0xFE, 0xEF, 0xFE,
    0xEF, 0xFF, 0xEF, 0xFE, 0xEF, 0xFE, 0xEF, 0xFE,
    0xEF, 0xFE, 0xEF, 0xFE, 0xEF, 0xFE, 0xEF, 0xFE,
    0xEF, 0xFE, 0xEF, 0xFE, 0xEF, 0xFE, 0xEF, 0xFE,
    0xEF, 0xFF, 0xEF, 0xFF, 0xBB, 0xFC, 0x66, 0xF8,
    0x33, 0xF5, 0x23, 0xF4, 0x44, 0xF4, 0x88, 0xF8,
    0xEF, 0xFE, 0xEF, 0xFF, 0xEF, 0xFF, 0xEF, 0xFF,
    0xEF, 0xFF, 0xEF, 0xFF, 0xEF, 0xFF, 0xEF, 0xFF,
    0xEF, 0xFF, 0xEF, 0xFF, 0xEF, 0xFF, 0xEF, 0xFE,
    0xEF, 0xFE, 0xEF, 0xFE, 0xEF, 0xFF, 0xEF, 0xFF,
    0xBB, 0xFB, 0x77, 0xF7, 0x98, 0xF7, 0xCC, 0xFB,
    0xEF, 0xFE, 0xEF, 0xFF, 0x99, 0xFA, 0x9A, 0xFB,
    0xEF, 0xFF, 0xEF, 0xFF, 0xCD, 0xFD, 0xDE, 0xFE,
    0xEF, 0xFF, 0xEF, 0xFF, 0xEF, 0xFF, 0xEF, 0xFE,
    0xEF, 0xFE, 0xEF, 0xFF, 0xEF, 0xFF, 0xEF, 0xFF,
    0xEF, 0xFF, 0xEF, 0xFF, 0xDD, 0xFD, 0x76, 0xF6,
    0x87, 0xF7, 0x87, 0xF6, 0xAA, 0xF9, 0xEF, 0xFE,
    0xEF, 0xFE, 0xEF, 0xFE, 0xEF, 0xFF, 0xEF, 0xFF,
    0xEF, 0xFF, 0xEF, 0xFF, 0xEF, 0xFF, 0xEF, 0xFF,
    0xEF, 0xFF, 0xEF, 0xFF, 0xEF, 0xFF, 0xEF, 0xFF,
    0xAB, 0xFB, 0x9A, 0xFA, 0x33, 0xF4, 0x33, 0xF4,
    0x55, 0xF5, 0xAB, 0xFA, 0x99, 0xF8, 0x77, 0xF7,
    0xAA, 0xFA, 0xAB, 0xFB, 0xAB, 0xFB, 0xAB, 0xFA,
    0xAB, 0xFB, 0xAB, 0xFB, 0xAB, 0xFB, 0xAB, 0xFA,
    0xAB, 0xFB, 0xAB, 0xFB, 0xBB, 0xFB, 0xBB, 0xFB,
    0xBB, 0xFB, 0xBB, 0xFA, 0xAB, 0xFB, 0x9A, 0xFB,
    0x33, 0xF5, 0x43, 0xF4, 0x89, 0xF7, 0xAB, 0xF9,
    0x56, 0xF6, 0x9A, 0xF9, 0xBC, 0xFC, 0xBC, 0xFC,
    0xBC, 0xFB, 0xBC, 0xFB, 0xBC, 0xFC, 0xCC, 0xFC,
    0xCD, 0xFC, 0x89, 0xF9, 0x45, 0xF6, 0x45, 0xF6,
    0xAB, 0xFB, 0x56, 0xF6, 0xCD, 0xFD, 0xCD, 0xFC,
    0xBC, 0xFC, 0x55, 0xF5, 0x45, 0xF4, 0x66, 0xF5,
    0x99, 0xF8, 0x56, 0xF6, 0xAB, 0xFB, 0xCD, 0xFD,
    0xCD, 0xFC, 0xCD, 0xFC, 0xCD, 0xFC, 0xCC, 0xFC,
    0xCD, 0xFC, 0xCC, 0xFC, 0xCD, 0xFC, 0xCC, 0xFC,
    0xCD, 0xFC, 0xCC, 0xFC, 0xCC, 0xFD, 0x67, 0xF7,
    0x55, 0xF6, 0x44, 0xF5, 0x22, 0xF3, 0xAB, 0xFA,
    0x66, 0xF5, 0x89, 0xF7, 0x77, 0xF7, 0x77, 0xF8,
    0xCC, 0xFD, 0xBC, 0xFB, 0xCC, 0xFC, 0xCC, 0xFC,
    0xCC, 0xFC, 0xCC, 0xFC, 0xBC, 0xFC, 0xBC, 0xFC,
    0xBC, 0xFC, 0xBB, 0xFB, 0xBC, 0xFB, 0xBB, 0xFB,
    0xBC, 0xFC, 0xBB, 0xFB, 0xBC, 0xFC, 0x56, 0xF6,
    0x34, 0xF4, 0x55, 0xF5, 0x77, 0xF6, 0x78, 0xF7,
    0xBB, 0xFA, 0xBB, 0xFB, 0xBB, 0xFB, 0xBC, 0xFB,
    0xBC, 0xFB, 0xBB, 0xFB, 0xBC, 0xFC, 0xBC, 0xFC,
    0xBC, 0xFC, 0xBB, 0xFC, 0xBB, 0xFB, 0xBC, 0xFC,
    0xBC, 0xFC, 0xBC, 0xFC, 0xBC, 0xFC, 0xBC, 0xFC,
    0xCC, 0xFC, 0xBB, 0xFB, 0x32, 0xF3, 0x99, 0xF9,
    0xBB, 0xFA, 0xAB, 0xFA, 0xCC, 0xFC, 0xBC, 0xFC,
    0xBC, 0xFC, 0xCC, 0xFC, 0xCC, 0xFC, 0xCC, 0xFC,
    0xCC, 0xFC, 0xCC, 0xFC, 0xCC, 0xFC, 0xBC, 0xFC,
    0xCC, 0xFC, 0xCC, 0xFC, 0xCC, 0xFC, 0xCC, 0xFC,
    0xBB, 0xFC, 0x55, 0xF7, 0x55, 0xF7, 0x44, 0xF6,
    0x22, 0xF3, 0x45, 0xF5, 0x56, 0xF6, 0xBC, 0xFC,
    0xCC, 0xFD, 0xCD, 0xFD, 0xCC, 0xFC, 0xCC, 0xFC,
    0xCD, 0xFD, 0xCC, 0xFD, 0xBC, 0xFC, 0xCC, 0xFC,
    0xCC, 0xFC, 0xCC, 0xFC, 0xCC, 0xFC, 0xCC, 0xFC,
    0xBC, 0xFC, 0xBC, 0xFC, 0xCC, 0xFD, 0xCC, 0xFD,
    0xCD, 0xFD, 0x66, 0xF6, 0xAA, 0xFA, 0xCD, 0xFB,
    0xCC, 0xFB, 0xCC, 0xFC, 0xCC, 0xFC, 0xCC, 0xFC,
    0xCC, 0xFC, 0xCC, 0xFC, 0xCC, 0xFC, 0xCC, 0xFC,
    0xCC, 0xFC, 0xCC, 0xFC, 0xCC, 0xFC, 0xCD, 0xFC,
    0xCD, 0xFC, 0xCD, 0xFC, 0xCC, 0xFD, 0xCD, 0xFD,
    0xCD, 0xFD, 0xCD, 0xFD, 0x88, 0xF9, 0x22, 0xF2,
    0xAB, 0xF8, 0xDD, 0xFC, 0xDD, 0xFD, 0xDD, 0xFD,
    0xDD, 0xFD, 0xDD, 0xFD, 0xDD, 0xFD, 0xDD, 0xFC,
    0xDD, 0xFD, 0xDD, 0xFD, 0xDD, 0xFD, 0xDD, 0xFD,
    0xDD, 0xFC, 0xDD, 0xFD, 0xDD, 0xFC, 0xDD, 0xFC,
    0xDD, 0xFD, 0xDD, 0xFE, 0x77, 0xF9, 0x55, 0xF7,
    0x33, 0xF4, 0x55, 0xF6, 0x44, 0xF4, 0xDE, 0xFD,
    0xDE, 0xFD, 0xDE, 0xFD, 0xDE, 0xFD, 0xDD, 0xFD,
    0xDE, 0xFD, 0xDE, 0xFD, 0xDD, 0xFD, 0xDD, 0xFD,
    0xDD, 0xFD, 0xDD, 0xFD, 0xDD, 0xFD, 0xDD, 0xFD,
    0xEF, 0xFE, 0xEF, 0xFE, 0xCD, 0xFD, 0xDD, 0xFD,
    0x87, 0xF8, 0x87, 0xF6, 0x99, 0xF7, 0xDD, 0xFC,
    0xDE, 0xFD, 0xDE, 0xFE, 0x89, 0xF9, 0x77, 0xF8,
    0xEE, 0xFE, 0xDD, 0xFD, 0xDE, 0xFE, 0xDE, 0xFD,
    0xDE, 0xFD, 0xDE, 0xFD, 0xDE, 0xFD, 0xDE, 0xFD,
    0xDE, 0xFD, 0xEE, 0xFE, 0xEE, 0xFE, 0xDE, 0xFE,
    0xEE, 0xFF, 0xDE, 0xFE, 0xAA, 0xFA, 0x44, 0xF3,
    0xCC, 0xFB, 0xBB, 0xFA, 0xEE, 0xFD, 0xDE, 0xFD,
    0xDE, 0xFD, 0xEE, 0xFE, 0xEE, 0xFE, 0xEE, 0xFE,
    0xEE, 0xFE, 0xDE, 0xFE, 0xEE, 0xFE, 0xEE, 0xFE,
    0xDE, 0xFE, 0xDE, 0xFE, 0xEF, 0xFE, 0xEE, 0xFE,
    0x88, 0xF9, 0x88, 0xF9, 0x55, 0xF6, 0x32, 0xF3,
    0x54, 0xF4, 0xAA, 0xF9, 0x88, 0xF6, 0x87, 0xF6,
    0x88, 0xF7, 0x88, 0xF8, 0x88, 0xF8, 0x88, 0xF9,
    0x88, 0xF9, 0x88, 0xF8, 0x88, 0xF8, 0x88, 0xF9,
    0x89, 0xF9, 0x88, 0xF9, 0x88, 0xF9, 0x88, 0xF9,
    0x88, 0xF9, 0x88, 0xF9, 0x89, 0xF9, 0x89, 0xF9,
    0x32, 0xF3, 0x43, 0xF4, 0xAA, 0xF8, 0x99, 0xF7,
    0x77, 0xF6, 0x88, 0xF8, 0x99, 0xF9, 0x9A, 0xFA,
    0x9A, 0xFA, 0x99, 0xFA, 0xAA, 0xFA, 0xAA, 0xFA,
    0xAA, 0xFA, 0x55, 0xF6, 0x45, 0xF6, 0x55, 0xF6,
    0xAB, 0xFB, 0xBB, 0xFC, 0xBB, 0xFB, 0xAA, 0xFB,
    0xBB, 0xFB, 0x66, 0xF6, 0x44, 0xF4, 0x9A, 0xF9,
    0xBC, 0xFB, 0x88, 0xF7, 0xAA, 0xFA, 0xAA, 0xFA,
    0xAA, 0xFA, 0xAA, 0xFA, 0xAA, 0xFB, 0xAA, 0xFB,
    0xAA, 0xFB, 0xAA, 0xFB, 0xAB, 0xFB, 0xAA, 0xFA,
    0xAA, 0xFA, 0xAA, 0xFB, 0x99, 0xFA, 0x44, 0xF5,
    0x44, 0xF5, 0x44, 0xF5, 0x33, 0xF3, 0x88, 0xF8,
    0x88, 0xF7, 0xCC, 0xFB, 0x87, 0xF7, 0xBB, 0xFA,
    0xAA, 0xFA, 0xAA, 0xFA, 0xAA, 0xFA, 0xAA, 0xFA,
    0xAA, 0xFA, 0xAA, 0xFA, 0xAA, 0xFA, 0x9A, 0xFA,
    0x99, 0xFA, 0x99, 0xF9, 0x99, 0xFA, 0x99, 0xFA,
    0x99, 0xF9, 0x99, 0xFA, 0x99, 0xF9, 0x78, 0xF8,
    0x33, 0xF3, 0x44, 0xF4, 0xAA, 0xF9, 0x99, 0xF8,
    0x99, 0xF8, 0xA9, 0xFA, 0x99, 0xF9, 0x99, 0xF9,
    0x99, 0xFA, 0x99, 0xFA, 0x99, 0xFA, 0x99, 0xFA,
    0x99, 0xFA, 0x99, 0xFA, 0x99, 0xFA, 0x99, 0xFA,
    0x99, 0xF9, 0x9A, 0xFA, 0x9A, 0xFA, 0x9A, 0xFA,
    0x9A, 0xFA, 0x99, 0xFA, 0x33, 0xF3, 0x88, 0xF7,
    0xCB, 0xFA, 0x88, 0xF8, 0xAA, 0xFA, 0xAA, 0xFA,
    0xAB, 0xFB, 0xAA, 0xFA, 0xAB, 0xFB, 0xAA, 0xFA,
    0xAA, 0xFA, 0xAA, 0xFA, 0xAB, 0xFB, 0xAA, 0xFA,
    0xAA, 0xFA, 0xAA, 0xFA, 0xAA, 0xFA, 0xAA, 0xFA,
    0x99, 0xFA, 0x54, 0xF5, 0x55, 0xF6, 0x45, 0xF5,
    0x55, 0xF5, 0xCC, 0xFB, 0xBA, 0xFA, 0xAB, 0xFA,
    0xAB, 0xFA, 0xAB, 0xFA, 0xAA, 0xFA, 0xAA, 0xFB,
    0xBB, 0xFB, 0xAA, 0xFB, 0xAA, 0xFB, 0xAA, 0xFB,
    0xAA, 0xFA, 0xAA, 0xFA, 0xAA, 0xFA, 0xAA, 0xFB,
    0xAA, 0xFB, 0xAA, 0xFB, 0xAA, 0xFB, 0x9A, 0xFA,
    0x55, 0xF5, 0x43, 0xF3, 0xA9, 0xF9, 0xCC, 0xFB,
    0xAA, 0xF9, 0xAA, 0xFA, 0xAA, 0xFA, 0xAA, 0xFB,
    0xAA, 0xFB, 0xAA, 0xFB, 0xAB, 0xFB, 0xAA, 0xFB,
    0xAA, 0xFB, 0xAA, 0xFB, 0xAB, 0xFB, 0xAA, 0xFB,
    0xBB, 0xFB, 0xAB, 0xFB, 0xAB, 0xFB, 0xAB, 0xFB,
    0xBB, 0xFC, 0x76, 0xF7, 0x54, 0xF5, 0x98, 0xF7,
    0xDD, 0xFA, 0xCC, 0xFA, 0xCB, 0xFA, 0xCC, 0xFB,
    0xCC, 0xFC, 0xBC, 0xFC, 0xBC, 0xFB, 0xBC, 0xFC,
    0xBB, 0xFB, 0xBC, 0xFC, 0xBC, 0xFC, 0xCC, 0xFC,
    0xCC, 0xFC, 0xCC, 0xFC, 0xCC, 0xFC, 0xCC, 0xFC,
    0xCB, 0xFC, 0xBB, 0xFC, 0x65, 0xF7, 0x55, 0xF6,
    0x54, 0xF5, 0x54, 0xF4, 0x44, 0xF4, 0xCC, 0xFB,
    0xCC, 0xFC, 0xCC, 0xFB, 0xCC, 0xFC, 0xCC, 0xFC,
    0xCC, 0xFC, 0xCC, 0xFC, 0xBC, 0xFC, 0xBC, 0xFB,
    0xCC, 0xFC, 0xBB, 0xFB, 0xCC, 0xFC, 0xEF, 0xFF,
    0xEF, 0xFE, 0xEF, 0xFF, 0xEF, 0xFF, 0x77, 0xF7,
    0x44, 0xF4, 0x77, 0xF6, 0xBB, 0xF9, 0xCC, 0xFB,
    0xCD, 0xFC, 0xCD, 0xFD, 0x88, 0xF9, 0x66, 0xF7,
    0xBB, 0xFB, 0xCC, 0xFC, 0xCC, 0xFC, 0xCC, 0xFC,
    0xCC, 0xFC, 0xCC, 0xFC, 0xCC, 0xFC, 0xCC, 0xFC,
    0xCC, 0xFD, 0xCD, 0xFC, 0xCD, 0xFD, 0xCD, 0xFD,
    0xDD, 0xFD, 0x77, 0xF8, 0x54, 0xF5, 0x99, 0xF8,
    0xCC, 0xFA, 0xDD, 0xFB, 0xDD, 0xFC, 0xCD, 0xFD,
    0xCD, 0xFC, 0xCD, 0xFD, 0xDD, 0xFD, 0xCD, 0xFD,
    0xDD, 0xFD, 0xDD, 0xFD, 0xCD, 0xFD, 0xDD, 0xFD,
    0xCD, 0xFD, 0xCD, 0xFD, 0xCD, 0xFD, 0xCD, 0xFD,
    0x44, 0xF5, 0x44, 0xF5, 0x32, 0xF3, 0x31, 0xF1,
    0x75, 0xF4, 0xBA, 0xF9, 0xBA, 0xF9, 0x77, 0xF5,
    0x43, 0xF2, 0x44, 0xF3, 0x44, 0xF4, 0x44, 0xF5,
    0x44, 0xF4, 0x44, 0xF4, 0x44, 0xF5, 0x54, 0xF5,
    0x44, 0xF5, 0x54, 0xF5, 0x44, 0xF5, 0x54, 0xF5,
    0x44, 0xF5, 0x45, 0xF5, 0x44, 0xF4, 0x55, 0xF4,
    0x32, 0xF2, 0x54, 0xF3, 0xCB, 0xFA, 0xBB, 0xF9,
    0x66, 0xF4, 0x55, 0xF4, 0x55, 0xF5, 0x55, 0xF6,
    0x55, 0xF6, 0x66, 0xF6, 0x66, 0xF6, 0x66, 0xF6,
    0x66, 0xF6, 0x44, 0xF4, 0x44, 0xF5, 0x66, 0xF6,
    0x76, 0xF7, 0x76, 0xF7, 0x77, 0xF7, 0x77, 0xF7,
    0x77, 0xF7, 0x54, 0xF4, 0x54, 0xF4, 0xAA, 0xFA,
    0xCD, 0xFB, 0x88, 0xF7, 0x67, 0xF6, 0x77, 0xF6,
    0x77, 0xF7, 0x77, 0xF7, 0x76, 0xF8, 0x77, 0xF8,
    0x77, 0xF8, 0x77, 0xF8, 0x77, 0xF8, 0x77, 0xF8,
    0x76, 0xF7, 0x77, 0xF7, 0x55, 0xF6, 0x44, 0xF5,
    0x44, 0xF4, 0x44, 0xF4, 0x43, 0xF3, 0x77, 0xF6,
    0x77, 0xF6, 0xCC, 0xFB, 0x99, 0xF8, 0x66, 0xF5,
    0x66, 0xF6, 0x66, 0xF6, 0x66, 0xF6, 0x66, 0xF7,
    0x66, 0xF7, 0x66, 0xF7, 0x66, 0xF7, 0x66, 0xF6,
    0x66, 0xF6, 0x56, 0xF6, 0x66, 0xF6, 0x65, 0xF6,
    0x65, 0xF6, 0x55, 0xF6, 0x65, 0xF6, 0x44, 0xF5,
    0x32, 0xF2, 0x44, 0xF3, 0xBB, 0xF9, 0xBB, 0xF9,
    0x55, 0xF4, 0x65, 0xF5, 0x66, 0xF5, 0x65, 0xF5,
    0x66, 0xF6, 0x66, 0xF6, 0x66, 0xF6, 0x66, 0xF6,
    0x66, 0xF7, 0x66, 0xF7, 0x66, 0xF7, 0x66, 0xF7,
    0x66, 0xF6, 0x66, 0xF6, 0x66, 0xF6, 0x66, 0xF7,
    0x66, 0xF6, 0x43, 0xF4, 0x44, 0xF3, 0xBA, 0xF9,
    0xBB, 0xFA, 0x99, 0xF7, 0x76, 0xF6, 0x77, 0xF7,
    0x77, 0xF7, 0x77, 0xF7, 0x77, 0xF8, 0x77, 0xF7,
    0x77, 0xF8, 0x77, 0xF8, 0x77, 0xF8, 0x87, 0xF8,
    0x88, 0xF8, 0x87, 0xF8, 0x88, 0xF7, 0x78, 0xF7,
    0x77, 0xF7, 0x55, 0xF4, 0x54, 0xF4, 0x54, 0xF3,
    0xBB, 0xFA, 0xBA, 0xF9, 0xCC, 0xFA, 0x88, 0xF6,
    0x88, 0xF6, 0x88, 0xF7, 0x88, 0xF8, 0x88, 0xF8,
    0x88, 0xF8, 0x88, 0xF8, 0x88, 0xF8, 0x88, 0xF7,
    0x88, 0xF8, 0x77, 0xF7, 0x77, 0xF8, 0x87, 0xF8,
    0x87, 0xF8, 0x87, 0xF8, 0x77, 0xF8, 0x43, 0xF4,
    0x53, 0xF3, 0x97, 0xF6, 0xDB, 0xFA, 0xBA, 0xF9,
    0xAA, 0xF9, 0x77, 0xF6, 0x88, 0xF7, 0x87, 0xF8,
    0x88, 0xF9, 0x88, 0xF9, 0x88, 0xF8, 0x88, 0xF8,
    0x88, 0xF9, 0x88, 0xF8, 0x88, 0xF8, 0x88, 0xF8,
    0x88, 0xF9, 0x88, 0xF9, 0x89, 0xF9, 0x89, 0xF9,
    0x87, 0xF8, 0x64, 0xF4, 0x98, 0xF7, 0xDC, 0xFA,
    0x99, 0xF7, 0xCB, 0xFA, 0xBA, 0xF9, 0xA9, 0xF9,
    0xAA, 0xF9, 0xAA, 0xFA, 0xAA, 0xFA, 0xAA, 0xFA,
    0xA9, 0xFA, 0xAA, 0xFA, 0xAA, 0xFA, 0xAA, 0xFA,
    0xAA, 0xFA, 0xAA, 0xFA, 0xAA, 0xFA, 0xAA, 0xFA,
    0xA9, 0xFA, 0x87, 0xF8, 0x65, 0xF5, 0x76, 0xF6,
    0xCC, 0xFB, 0x99, 0xF8, 0xAA, 0xF9, 0xBB, 0xFA,
    0xAA, 0xF9, 0xAA, 0xFA, 0xAA, 0xFA, 0xAA, 0xFB,
    0xAA, 0xFA, 0xAA, 0xFA, 0xAA, 0xFA, 0xAA, 0xFA,
    0x9A, 0xF9, 0xCC, 0xFC, 0xEE, 0xFE, 0xEF, 0xFF,
    0xEF, 0xFF, 0xEF, 0xFF, 0xEF, 0xFE, 0xCD, 0xFC,
    0x77, 0xF6, 0xBA, 0xF9, 0xBA, 0xF9, 0xCC, 0xFB,
    0xAA, 0xF9, 0xBB, 0xFB, 0x78, 0xF8, 0x76, 0xF7,
    0xAA, 0xFA, 0xAA, 0xFA, 0xAB, 0xFB, 0xAA, 0xFA,
    0xAB, 0xFB, 0xAB, 0xFB, 0xBB, 0xFB, 0xBB, 0xFB,
    0xBB, 0xFB, 0xBB, 0xFB, 0xAB, 0xFB, 0xBB, 0xFB,
    0xAA, 0xFA, 0x65, 0xF6, 0x98, 0xF8, 0xBA, 0xF9,
    0xAA, 0xF7, 0xDC, 0xFA, 0xBB, 0xFA, 0xBB, 0xFB,
    0xBB, 0xFB, 0xBB, 0xFC, 0xBB, 0xFC, 0xBB, 0xFC,
    0xBB, 0xFC, 0xBB, 0xFC, 0xBB, 0xFB, 0xBB, 0xFB,
    0xBB, 0xFC, 0xBB, 0xFC, 0xBB, 0xFC, 0xBB, 0xFC,
    0x66, 0xF6, 0x66, 0xF6, 0x87, 0xF7, 0x65, 0xF4,
    0x97, 0xF6, 0x65, 0xF4, 0x77, 0xF5, 0xBB, 0xF9,
    0x76, 0xF4, 0x55, 0xF3, 0x54, 0xF3, 0x65, 0xF5,
    0x55, 0xF4, 0x45, 0xF4, 0x55, 0xF4, 0x55, 0xF4,
    0x55, 0xF4, 0x55, 0xF4, 0x66, 0xF5, 0x66, 0xF6,
    0x55, 0xF4, 0x56, 0xF5, 0x55, 0xF4, 0x65, 0xF4,
    0x54, 0xF2, 0x87, 0xF6, 0x76, 0xF4, 0x88, 0xF6,
    0xBB, 0xF9, 0x55, 0xF3, 0x55, 0xF4, 0x54, 0xF4,
    0x55, 0xF4, 0x44, 0xF4, 0x55, 0xF4, 0x55, 0xF5,
    0x55, 0xF4, 0x55, 0xF4, 0x55, 0xF4, 0x55, 0xF4,
    0x54, 0xF4, 0x55, 0xF4, 0x55, 0xF4, 0x33, 0xF3,
    0x43, 0xF3, 0x43, 0xF3, 0xA9, 0xF9, 0xAA, 0xF9,
    0x88, 0xF7, 0xCD, 0xFC, 0x65, 0xF4, 0x44, 0xF3,
    0x43, 0xF3, 0x43, 0xF4, 0x43, 0xF5, 0x44, 0xF4,
    0x44, 0xF4, 0x43, 0xF4, 0x43, 0xF4, 0x43, 0xF4,
    0x43, 0xF4, 0x33, 0xF4, 0x33, 0xF4, 0x33, 0xF3,
    0x54, 0xF4, 0x43, 0xF3, 0x44, 0xF3, 0x66, 0xF5,
    0xAA, 0xF9, 0x77, 0xF6, 0xCC, 0xFA, 0x77, 0xF5,
    0x43, 0xF1, 0x33, 0xF2, 0x33, 0xF3, 0x33, 0xF3,
    0x33, 0xF3, 0x33, 0xF3, 0x33, 0xF3, 0x33, 0xF3,
    0x33, 0xF2, 0x33, 0xF2, 0x33, 0xF3, 0x32, 0xF2,
    0x32, 0xF2, 0x32, 0xF2, 0x33, 0xF2, 0x32, 0xF2,
    0x43, 0xF2, 0xA9, 0xF7, 0x77, 0xF5, 0xAA, 0xF8,
    0xAA, 0xF9, 0x32, 0xF1, 0x32, 0xF1, 0x32, 0xF1,
    0x33, 0xF2, 0x33, 0xF2, 0x33, 0xF2, 0x22, 0xF2,
    0x22, 0xF2, 0x22, 0xF2, 0x32, 0xF2, 0x32, 0xF2,
    0x32, 0xF2, 0x33, 0xF2, 0x23, 0xF2, 0x33, 0xF2,
    0x33, 0xF2, 0x43, 0xF2, 0x98, 0xF7, 0x98, 0xF6,
    0x55, 0xF3, 0xCC, 0xFA, 0x87, 0xF6, 0x43, 0xF2,
    0x43, 0xF3, 0x43, 0xF3, 0x44, 0xF4, 0x44, 0xF5,
    0x44, 0xF5, 0x44, 0xF5, 0x54, 0xF5, 0x54, 0xF5,
    0x55, 0xF5, 0x55, 0xF5, 0x55, 0xF5, 0x55, 0xF4,
    0x55, 0xF4, 0x55, 0xF3, 0x65, 0xF3, 0xB9, 0xF7,
    0xA8, 0xF7, 0x64, 0xF2, 0x88, 0xF6, 0xCB, 0xF9,
    0x65, 0xF3, 0x54, 0xF3, 0x54, 0xF4, 0x54, 0xF4,
    0x54, 0xF5, 0x54, 0xF4, 0x54, 0xF4, 0x44, 0xF3,
    0x44, 0xF3, 0x44, 0xF3, 0x44, 0xF3, 0x44, 0xF3,
    0x44, 0xF3, 0x43, 0xF3, 0x43, 0xF3, 0x43, 0xF2,
    0x86, 0xF5, 0xB9, 0xF8, 0x65, 0xF4, 0x43, 0xF1,
    0xBB, 0xF9, 0x99, 0xF7, 0x43, 0xF2, 0x43, 0xF3,
    0x43, 0xF4, 0x43, 0xF4, 0x44, 0xF4, 0x44, 0xF4,
    0x44, 0xF4, 0x44, 0xF4, 0x44, 0xF4, 0x44, 0xF4,
    0x54, 0xF5, 0x44, 0xF4, 0x44, 0xF5, 0x54, 0xF5,
    0x53, 0xF3, 0x98, 0xF6, 0xCA, 0xF8, 0x76, 0xF4,
    0x64, 0xF5, 0x65, 0xF4, 0xDC, 0xFB, 0x87, 0xF7,
    0x65, 0xF5, 0x65, 0xF6, 0x65, 0xF6, 0x66, 0xF7,
    0x66, 0xF6, 0x66, 0xF6, 0x66, 0xF6, 0x66, 0xF6,
    0x66, 0xF6, 0x66, 0xF6, 0x66, 0xF6, 0x66, 0xF7,
    0x66, 0xF6, 0x54, 0xF4, 0x87, 0xF6, 0xCB, 0xFA,
    0xA9, 0xF7, 0x54, 0xF3, 0x54, 0xF4, 0xCC, 0xFB,
    0x99, 0xF8, 0x66, 0xF6, 0x76, 0xF6, 0x77, 0xF7,
    0x77, 0xF8, 0x77, 0xF7, 0x66, 0xF7, 0x77, 0xF7,
    0xBB, 0xFB, 0xDE, 0xFD, 0xEF, 0xFE, 0xEF, 0xFE,
    0xEF, 0xFF, 0xEF, 0xFF, 0xEF, 0xFE, 0xCC, 0xFC,
    0xAA, 0xF9, 0x66, 0xF5, 0x54, 0xF3, 0xAB, 0xF9,
    0xCC, 0xFA, 0x88, 0xF7, 0x77, 0xF6, 0x77, 0xF7,
    0x88, 0xF8, 0x87, 0xF8, 0x88, 0xF8, 0x88, 0xF8,
    0x88, 0xF8, 0x88, 0xF8, 0x88, 0xF8, 0x88, 0xF8,
    0x88, 0xF8, 0x88, 0xF8, 0x88, 0xF8, 0x88, 0xF8,
    0x87, 0xF7, 0x87, 0xF6, 0xBA, 0xF9, 0x86, 0xF5,
    0x64, 0xF3, 0xA9, 0xF7, 0xCC, 0xF9, 0x98, 0xF7,
    0x98, 0xF8, 0x98, 0xF9, 0x99, 0xFA, 0x99, 0xFA,
    0x99, 0xFA, 0x99, 0xFA, 0x99, 0xF9, 0x99, 0xF9,
    0x99, 0xF9, 0x99, 0xF9, 0x99, 0xFA, 0x99, 0xFA,
    0xCC, 0xFA, 0xBB, 0xFA, 0xAA, 0xF9, 0x76, 0xF5,
    0xBA, 0xF9, 0xBB, 0xFA, 0xCC, 0xFB, 0xAA, 0xF8,
    0xA9, 0xF6, 0xCC, 0xFA, 0xDC, 0xFB, 0xDD, 0xFB,
    0xCC, 0xFB, 0xAA, 0xF9, 0xAB, 0xF9, 0xBB, 0xFA,
    0xAB, 0xF9, 0xBC, 0xFA, 0xAA, 0xF9, 0xCC, 0xFB,
    0xBC, 0xFB, 0xCC, 0xFB, 0xCC, 0xFB, 0xCC, 0xF9,
    0x76, 0xF4, 0xAA, 0xF8, 0xCC, 0xFA, 0xCB, 0xF9,
    0x99, 0xF6, 0xCB, 0xF9, 0xCC, 0xFA, 0xBA, 0xF9,
    0xAA, 0xF9, 0xBB, 0xFA, 0xBB, 0xFA, 0xBB, 0xFA,
    0xBC, 0xFA, 0xDD, 0xFC, 0xCC, 0xFB, 0xCC, 0xFC,
    0xAB, 0xF9, 0xCC, 0xFB, 0x9A, 0xF9, 0x11, 0xF0,
    0x33, 0xF2, 0x98, 0xF8, 0x99, 0xF8, 0x22, 0xF1,
    0x11, 0xF2, 0x88, 0xF7, 0xCC, 0xFB, 0x44, 0xF4,
    0x21, 0xF2, 0x21, 0xF3, 0x21, 0xF3, 0x11, 0xF2,
    0x12, 0xF2, 0x11, 0xF2, 0x11, 0xF2, 0x11, 0xF2,
    0x21, 0xF2, 0x11, 0xF2, 0x11, 0xF2, 0x10, 0xF0,
    0xCC, 0xFC, 0xA9, 0xF8, 0xBA, 0xF9, 0x98, 0xF7,
    0xBB, 0xFA, 0xBB, 0xF9, 0xAA, 0xF8, 0xCC, 0xF9,
    0xCC, 0xFA, 0xBB, 0xF9, 0xBB, 0xF9, 0x9A, 0xF9,
    0xAA, 0xF9, 0x9A, 0xF9, 0xAA, 0xF9, 0x99, 0xF8,
    0x99, 0xF8, 0xAA, 0xF9, 0xBC, 0xFB, 0xAB, 0xFA,
    0xBB, 0xFA, 0xBB, 0xFA, 0xCC, 0xFB, 0xBB, 0xF9,
    0x87, 0xF6, 0x98, 0xF7, 0xBA, 0xF9, 0xAA, 0xF8,
    0xBB, 0xF9, 0xCC, 0xFA, 0xAA, 0xF9, 0x99, 0xF8,
    0xBC, 0xFA, 0xAB, 0xFA, 0x89, 0xF7, 0x9A, 0xF9,
    0xAA, 0xF9, 0x99, 0xF8, 0xAA, 0xF9, 0xAA, 0xF9,
    0xAA, 0xF9, 0xBB, 0xFA, 0xAA, 0xF9, 0xAA, 0xF8,
    0xAA, 0xF8, 0x98, 0xF6, 0xA9, 0xF7, 0xAA, 0xF8,
    0xAA, 0xF8, 0xA9, 0xF8, 0xBB, 0xF9, 0xBA, 0xF9,
    0xAA, 0xF9, 0x44, 0xF4, 0x11, 0xF1, 0x11, 0xF2,
    0x12, 0xF2, 0x22, 0xF2, 0x22, 0xF2, 0x22, 0xF2,
    0x22, 0xF2, 0x22, 0xF2, 0x22, 0xF2, 0x32, 0xF2,
    0x32, 0xF1, 0x43, 0xF2, 0xA8, 0xF6, 0x86, 0xF5,
    0x42, 0xF1, 0x32, 0xF1, 0x32, 0xF0, 0x76, 0xF5,
    0xCB, 0xFA, 0x43, 0xF2, 0x32, 0xF2, 0x22, 0xF2,
    0x22, 0xF2, 0x22, 0xF2, 0x22, 0xF2, 0x66, 0xF5,
    0x99, 0xF8, 0x99, 0xF8, 0x88, 0xF7, 0x99, 0xF8,
    0xAA, 0xF9, 0xA9, 0xF8, 0x99, 0xF7, 0x87, 0xF5,
    0xA9, 0xF7, 0x98, 0xF6, 0x87, 0xF6, 0x98, 0xF7,
    0x77, 0xF5, 0xBA, 0xF8, 0x99, 0xF7, 0x87, 0xF6,
    0x77, 0xF6, 0x66, 0xF6, 0x77, 0xF7, 0x77, 0xF7,
    0x77, 0xF7, 0x77, 0xF7, 0x88, 0xF7, 0x88, 0xF7,
    0x88, 0xF7, 0x88, 0xF7, 0x77, 0xF6, 0x65, 0xF5,
    0x98, 0xF6, 0xA9, 0xF7, 0x54, 0xF3, 0x42, 0xF3,
    0x33, 0xF4, 0x43, 0xF3, 0x66, 0xF5, 0xDC, 0xFB,
    0x76, 0xF5, 0x43, 0xF3, 0x43, 0xF4, 0x44, 0xF5,
    0x44, 0xF5, 0x44, 0xF5, 0x34, 0xF4, 0x44, 0xF4,
    0x44, 0xF4, 0x44, 0xF4, 0x33, 0xF4, 0x43, 0xF3,
    0x43, 0xF3, 0x87, 0xF6, 0xCB, 0xF9, 0x87, 0xF6,
    0x44, 0xF3, 0x43, 0xF3, 0x33, 0xF2, 0x55, 0xF4,
    0xCD, 0xFC, 0x89, 0xF8, 0x33, 0xF3, 0x44, 0xF4,
    0x44, 0xF5, 0x33, 0xF4, 0x55, 0xF5, 0xAA, 0xFA,
    0xCC, 0xFC, 0xDE, 0xFD, 0xEF, 0xFE, 0xEF, 0xFE,
    0xEF, 0xFF, 0xEF, 0xFE, 0xCC, 0xFB, 0xAA, 0xF9,
    0xEF, 0xFE, 0xBC, 0xFC, 0x55, 0xF5, 0x44, 0xF3,
    0xBB, 0xFA, 0xAB, 0xF9, 0x67, 0xF5, 0x77, 0xF6,
    0x55, 0xF4, 0x65, 0xF5, 0x55, 0xF5, 0x55, 0xF6,
    0x55, 0xF6, 0x55, 0xF6, 0x55, 0xF6, 0x55, 0xF6,
    0x55, 0xF6, 0x55, 0xF6, 0x55, 0xF6, 0x65, 0xF5,
    0x87, 0xF6, 0xA9, 0xF8, 0x76, 0xF5, 0x65, 0xF4,
    0x54, 0xF4, 0x54, 0xF2, 0xAA, 0xF7, 0xBB, 0xF9,
    0x64, 0xF4, 0x54, 0xF5, 0x55, 0xF5, 0x55, 0xF5,
    0x45, 0xF6, 0x55, 0xF6, 0x55, 0xF5, 0x55, 0xF5,
    0x55, 0xF5, 0x55, 0xF6, 0x55, 0xF5, 0x55, 0xF5,
    0xBA, 0xF9, 0x87, 0xF5, 0x76, 0xF4, 0x99, 0xF8,
    0xCC, 0xFB, 0xBB, 0xFA, 0xBB, 0xFA, 0xAA, 0xF8,
    0x98, 0xF7, 0xA9, 0xF7, 0xCB, 0xFA, 0xBB, 0xF9,
    0xBB, 0xFA, 0xAA, 0xF9, 0xBB, 0xFA, 0xBB, 0xFA,
    0xBC, 0xFA, 0xBB, 0xFA, 0xBB, 0xFA, 0xAB, 0xF9,
    0xCD, 0xFB, 0xBC, 0xFA, 0xBB, 0xF9, 0x75, 0xF3,
    0xA9, 0xF7, 0xBC, 0xFA, 0xAB, 0xFA, 0xBB, 0xFA,
    0xBB, 0xF9, 0x88, 0xF6, 0xBA, 0xF8, 0xCB, 0xFA,
    0xBB, 0xF9, 0xCB, 0xFA, 0xAA, 0xFA, 0xBB, 0xFA,
    0xBC, 0xFB, 0xBC, 0xFA, 0xBC, 0xFB, 0xBC, 0xFB,
    0xBC, 0xFA, 0xCC, 0xFB, 0xBB, 0xFA, 0x56, 0xF5,
    0xA9, 0xF9, 0x77, 0xF6, 0x12, 0xF1, 0x12, 0xF2,
    0x11, 0xF4, 0x22, 0xF3, 0x99, 0xF8, 0xDD, 0xFC,
    0x33, 0xF3, 0x21, 0xF2, 0x12, 0xF3, 0x12, 0xF3,
    0x12, 0xF3, 0x12, 0xF2, 0x12, 0xF2, 0x12, 0xF2,
    0x12, 0xF2, 0x12, 0xF2, 0x12, 0xF2, 0x11, 0xF1,
    0xBB, 0xFA, 0x98, 0xF6, 0x87, 0xF5, 0xA9, 0xF8,
    0xBB, 0xFA, 0xCC, 0xFA, 0xCC, 0xFA, 0xA9, 0xF8,
    0xAA, 0xF8, 0xBA, 0xF9, 0xBB, 0xFA, 0xAA, 0xF9,
    0x9A, 0xF8, 0xAA, 0xF9, 0xAB, 0xF9, 0xBB, 0xFA,
    0xAB, 0xFA, 0xAB, 0xFA, 0x99, 0xF8, 0xAA, 0xF9,
    0xAA, 0xF9, 0xAA, 0xF8, 0xA9, 0xF8, 0x76, 0xF4,
    0x98, 0xF6, 0xBA, 0xF9, 0xAA, 0xF8, 0xBB, 0xFA,
    0xAA, 0xF9, 0xAB, 0xF9, 0xCC, 0xFA, 0x99, 0xF8,
    0x99, 0xF8, 0x9A, 0xF8, 0x99, 0xF8, 0x9A, 0xF9,
    0x99, 0xF8, 0xBC, 0xFB, 0x9A, 0xF9, 0xAA, 0xF9,
    0xAB, 0xFA, 0xBB, 0xFA, 0xBB, 0xF9, 0xBA, 0xF8,
    0x87, 0xF5, 0x88, 0xF6, 0xBB, 0xFA, 0xBB, 0xFA,
    0xAB, 0xFA, 0xBB, 0xFA, 0x99, 0xF7, 0xAA, 0xF7,
    0xAA, 0xF8, 0xBB, 0xFB, 0x22, 0xF1, 0x12, 0xF2,
    0x11, 0xF2, 0x11, 0xF2, 0x12, 0xF2, 0x12, 0xF2,
    0x12, 0xF2, 0x12, 0xF2, 0x22, 0xF2, 0x22, 0xF1,
    0x43, 0xF3, 0x98, 0xF6, 0x76, 0xF4, 0x21, 0xF1,
    0x22, 0xF2, 0x22, 0xF2, 0x22, 0xF2, 0x22, 0xF1,
    0x87, 0xF6, 0xB9, 0xF8, 0x43, 0xF2, 0x21, 0xF0,
    0x12, 0xF1, 0x12, 0xF1, 0x11, 0xF1, 0x89, 0xF8,
    0xBB, 0xFB, 0xAB, 0xFA, 0xAA, 0xF9, 0xAB, 0xF9,
    0xBB, 0xF9, 0xBA, 0xF9, 0x97, 0xF5, 0x98, 0xF6,
    0xA9, 0xF8, 0xAA, 0xF9, 0x99, 0xF8, 0xAA, 0xF9,
    0xBB, 0xFA, 0x98, 0xF6, 0xA9, 0xF7, 0xBA, 0xF8,
    0xAA, 0xF8, 0xAA, 0xF8, 0xBC, 0xFB, 0x9A, 0xF9,
    0xAB, 0xF9, 0x9A, 0xF8, 0xAA, 0xF9, 0xAA, 0xF9,
    0xAA, 0xF9, 0x98, 0xF8, 0xA9, 0xF8, 0xA8, 0xF7,
    0x98, 0xF7, 0x33, 0xF3, 0x21, 0xF4, 0x12, 0xF4,
    0x12, 0xF3, 0x12, 0xF3, 0x22, 0xF2, 0x76, 0xF5,
    0xDB, 0xFA, 0x76, 0xF5, 0x22, 0xF2, 0x22, 0xF4,
    0x22, 0xF4, 0x22, 0xF4, 0x23, 0xF4, 0x22, 0xF4,
    0x22, 0xF3, 0x23, 0xF3, 0x22, 0xF3, 0x32, 0xF2,
    0x98, 0xF7, 0xCB, 0xF9, 0x87, 0xF6, 0x32, 0xF2,
    0x22, 0xF3, 0x22, 0xF3, 0x22, 0xF3, 0x22, 0xF2,
    0x66, 0xF5, 0xDD, 0xFC, 0x88, 0xF8, 0x99, 0xF9,
    0x66, 0xF6, 0x33, 0xF3, 0x67, 0xF6, 0xAA, 0xFA,
    0xCC, 0xFC, 0xDE, 0xFD, 0xEF, 0xFE, 0xEF, 0xFE,
    0xEF, 0xFE, 0xBB, 0xFB, 0x99, 0xF7, 0xEE, 0xFD,
    0xEF, 0xFE, 0xEF, 0xFF, 0x89, 0xF9, 0x33, 0xF3,
    0x34, 0xF3, 0xBC, 0xFB, 0xAA, 0xF9, 0xCD, 0xFC,
    0x34, 0xF3, 0x21, 0xF1, 0x22, 0xF2, 0x12, 0xF3,
    0x23, 0xF4, 0x12, 0xF5, 0x22, 0xF5, 0x12, 0xF6,
    0x23, 0xF6, 0x32, 0xF4, 0x43, 0xF3, 0xA9, 0xF8,
    0xA9, 0xF9, 0x54, 0xF4, 0x32, 0xF2, 0x22, 0xF3,
    0x22, 0xF3, 0x32, 0xF2, 0x32, 0xF1, 0xA9, 0xF8,
    0xBA, 0xF9, 0x43, 0xF2, 0x22, 0xF2, 0x22, 0xF3,
    0x22, 0xF3, 0x23, 0xF3, 0x23, 0xF3, 0x23, 0xF3,
    0x23, 0xF3, 0x23, 0xF3, 0x33, 0xF3, 0x33, 0xF3,
    0x87, 0xF5, 0x86, 0xF4, 0xBB, 0xF9, 0xBB, 0xFA,
    0xAA, 0xF9, 0x9A, 0xF9, 0xBB, 0xFB, 0xBB, 0xF9,
    0xDC, 0xFB, 0x98, 0xF7, 0xA9, 0xF8, 0xCB, 0xFA,
    0xCC, 0xFB, 0xAA, 0xF9, 0xAB, 0xF9, 0xAB, 0xFA,
    0xBB, 0xFA, 0xBB, 0xFA, 0xBB, 0xFA, 0xCC, 0xFB,
    0xCC, 0xFB, 0x98, 0xF7, 0x65, 0xF3, 0xAA, 0xF8,
    0xCC, 0xFA, 0xAA, 0xF9, 0xAB, 0xFA, 0xBB, 0xFA,
    0xAA, 0xFA, 0xBB, 0xF9, 0x98, 0xF6, 0xBA, 0xF8,
    0xCB, 0xFA, 0xBB, 0xF9, 0xBB, 0xFA, 0xAA, 0xF9,
    0xAA, 0xF9, 0xBC, 0xFB, 0xBC, 0xFC, 0xBC, 0xFB,
    0xBC, 0xFB, 0xCC, 0xFB, 0xBB, 0xFA, 0x98, 0xF8,
    0x66, 0xF5, 0x12, 0xF1, 0x12, 0xF2, 0x12, 0xF2,
    0x12, 0xF4, 0x22, 0xF5, 0x22, 0xF3, 0x99, 0xF8,
    0xBC, 0xFB, 0x33, 0xF4, 0x22, 0xF3, 0x12, 0xF4,
    0x12, 0xF4, 0x12, 0xF3, 0x12, 0xF2, 0x12, 0xF2,
    0x12, 0xF2, 0x12, 0xF2, 0x12, 0xF2, 0x32, 0xF1,
    0x98, 0xF6, 0x98, 0xF6, 0xCB, 0xFA, 0xCC, 0xFA,
    0xCC, 0xFB, 0xAA, 0xF9, 0xBB, 0xFA, 0xBA, 0xF9,
    0x98, 0xF6, 0xAA, 0xF8, 0xBA, 0xF8, 0xBB, 0xF9,
    0xBB, 0xF9, 0xAA, 0xF9, 0xAA, 0xFA, 0x9A, 0xF9,
    0xAA, 0xFA, 0xAA, 0xF9, 0xAA, 0xF9, 0xAA, 0xF9,
    0xCC, 0xFB, 0xA9, 0xF8, 0x65, 0xF4, 0xBA, 0xF9,
    0xAA, 0xF9, 0xBB, 0xFA, 0xCC, 0xFB, 0xAB, 0xFA,
    0xBB, 0xFA, 0xAA, 0xF9, 0xBC, 0xFA, 0xDD, 0xFC,
    0xAA, 0xF9, 0xAA, 0xF9, 0xAA, 0xF9, 0xAA, 0xF9,
    0x9A, 0xF9, 0xAA, 0xF9, 0x9A, 0xF9, 0x99, 0xF9,
    0x99, 0xF8, 0xBA, 0xF9, 0xBA, 0xF9, 0x76, 0xF4,
    0x99, 0xF7, 0xBB, 0xF9, 0xBC, 0xFB, 0xCD, 0xFC,
    0xDD, 0xFD, 0xBB, 0xFA, 0xAA, 0xF8, 0x99, 0xF7,
    0xA9, 0xF7, 0xCB, 0xFA, 0x77, 0xF6, 0x11, 0xF1,
    0x11, 0xF2, 0x12, 0xF2, 0x12, 0xF2, 0x34, 0xF4,
    0x12, 0xF3, 0x12, 0xF2, 0x22, 0xF1, 0x64, 0xF4,
    0x98, 0xF7, 0x54, 0xF3, 0x31, 0xF1, 0x22, 0xF2,
    0x12, 0xF2, 0x12, 0xF2, 0x12, 0xF2, 0x12, 0xF3,
    0x21, 0xF2, 0x87, 0xF6, 0xCA, 0xF9, 0x43, 0xF2,
    0x22, 0xF1, 0x12, 0xF2, 0x12, 0xF2, 0x99, 0xF9,
    0xBC, 0xFB, 0xAB, 0xFA, 0xAB, 0xFA, 0xAA, 0xF9,
    0xA9, 0xF8, 0x98, 0xF7, 0x97, 0xF5, 0x98, 0xF6,
    0x88, 0xF7, 0xAB, 0xFA, 0xAA, 0xF9, 0xAA, 0xF9,
    0xAB, 0xFA, 0xBB, 0xF9, 0xAA, 0xF8, 0xAA, 0xF7,
    0xDC, 0xFA, 0xAA, 0xF8, 0xAA, 0xF9, 0xBC, 0xFB,
    0xBB, 0xFA, 0xBB, 0xFA, 0xBB, 0xFA, 0xBB, 0xFB,
    0xDD, 0xFC, 0xCC, 0xFB, 0x87, 0xF5, 0x98, 0xF6,
    0x65, 0xF5, 0x22, 0xF4, 0x12, 0xF5, 0x12, 0xF5,
    0x12, 0xF4, 0x12, 0xF4, 0x22, 0xF4, 0x32, 0xF2,
    0x76, 0xF5, 0xCB, 0xF9, 0x76, 0xF5, 0x22, 0xF3,
    0x22, 0xF5, 0x22, 0xF4, 0x22, 0xF4, 0x22, 0xF4,
    0x22, 0xF4, 0x22, 0xF3, 0x33, 0xF2, 0x88, 0xF5,
    0xB9, 0xF8, 0x65, 0xF4, 0x32, 0xF2, 0x22, 0xF3,
    0x22, 0xF4, 0x22, 0xF4, 0x22, 0xF4, 0x22, 0xF3,
    0x22, 0xF2, 0x56, 0xF5, 0xDD, 0xFC, 0xCD, 0xFC,
    0xAA, 0xFA, 0x44, 0xF4, 0x66, 0xF6, 0xAA, 0xFA,
    0xCC, 0xFC, 0xDE, 0xFD, 0xEE, 0xFE, 0xEE, 0xFD,
    0xBA, 0xF9, 0x99, 0xF8, 0xDE, 0xFD, 0xEF, 0xFE,
    0xEF, 0xFE, 0xEF, 0xFF, 0xAB, 0xFB, 0x33, 0xF4,
    0x12, 0xF2, 0x33, 0xF3, 0x99, 0xF8, 0xCC, 0xFB,
    0xCD, 0xFC, 0x67, 0xF6, 0x22, 0xF2, 0x12, 0xF4,
    0x13, 0xF5, 0x13, 0xF6, 0x12, 0xF7, 0x12, 0xF7,
    0x22, 0xF5, 0x55, 0xF4, 0xCA, 0xF9, 0xA9, 0xF8,
    0x43, 0xF4, 0x32, 0xF4, 0x22, 0xF4, 0x22, 0xF4,
    0x22, 0xF4, 0x22, 0xF3, 0x22, 0xF3, 0x32, 0xF2,
    0x98, 0xF7, 0xBA, 0xF9, 0x43, 0xF2, 0x22, 0xF2,
    0x22, 0xF3, 0x23, 0xF3, 0x23, 0xF2, 0x23, 0xF3,
    0x13, 0xF3, 0x23, 0xF2, 0x32, 0xF1, 0x64, 0xF3,
    0x87, 0xF5, 0xBB, 0xF9, 0xBB, 0xFA, 0xAA, 0xF9,
    0xBB, 0xFB, 0xAA, 0xFA, 0x99, 0xF8, 0xBB, 0xFA,
    0xCC, 0xFA, 0xCB, 0xF9, 0xA9, 0xF7, 0xA9, 0xF7,
    0xCB, 0xF9, 0xCB, 0xFA, 0xBB, 0xF9, 0xBC, 0xFA,
    0xBC, 0xFB, 0xAB, 0xFA, 0xBB, 0xFA, 0xDD, 0xFB,
    0x88, 0xF6, 0x65, 0xF3, 0xBB, 0xF9, 0xAA, 0xF9,
    0xAB, 0xFA, 0xAA, 0xF9, 0xBC, 0xFB, 0xBC, 0xFB,
    0xAA, 0xF9, 0xCC, 0xFB, 0xCB, 0xFA, 0x87, 0xF5,
    0xBA, 0xF8, 0xCC, 0xFA, 0xBB, 0xFA, 0xBB, 0xFA,
    0xAB, 0xFA, 0xAB, 0xFA, 0xBC, 0xFB, 0xAA, 0xF9,
    0xBB, 0xFA, 0xBA, 0xF9, 0x98, 0xF6, 0x54, 0xF3,
    0x11, 0xF1, 0x12, 0xF2, 0x12, 0xF2, 0x12, 0xF2,
    0x11, 0xF4, 0x11, 0xF7, 0x11, 0xF6, 0x21, 0xF3,
    0x99, 0xF9, 0xCC, 0xFC, 0x34, 0xF4, 0x21, 0xF5,
    0x12, 0xF4, 0x12, 0xF2, 0x12, 0xF2, 0x12, 0xF2,
    0x12, 0xF2, 0x11, 0xF1, 0x42, 0xF2, 0x87, 0xF5,
    0x98, 0xF6, 0xCC, 0xFA, 0xCC, 0xFB, 0xBC, 0xFB,
    0xAA, 0xF9, 0xBB, 0xFA, 0xBB, 0xFA, 0xBB, 0xFA,
    0xBA, 0xF9, 0x98, 0xF6, 0xBA, 0xF8, 0xBB, 0xF9,
    0xBA, 0xF9, 0xAA, 0xF9, 0x9A, 0xF9, 0xAB, 0xFA,
    0x9A, 0xF9, 0x9A, 0xF9, 0xBB, 0xFA, 0xBA, 0xF9,
    0x87, 0xF6, 0x75, 0xF4, 0xA9, 0xF8, 0xAA, 0xF9,
    0x9A, 0xF8, 0xAB, 0xFA, 0xAA, 0xFA, 0xAA, 0xF9,
    0xBB, 0xFA, 0xBB, 0xFA, 0x9A, 0xF9, 0xCC, 0xFB,
    0xCD, 0xFC, 0x9A, 0xF9, 0xBB, 0xFA, 0xAA, 0xF9,
    0x9A, 0xF9, 0xAA, 0xF9, 0x9A, 0xF9, 0x9A, 0xF9,
    0xCC, 0xFA, 0xA9, 0xF8, 0x76, 0xF4, 0xBA, 0xF8,
    0xBA, 0xF9, 0xBB, 0xFA, 0xAA, 0xF9, 0xAA, 0xF9,
    0xAB, 0xFA, 0x9A, 0xF9, 0xAB, 0xF9, 0xAA, 0xF9,
    0x98, 0xF6, 0x98, 0xF7, 0xDD, 0xFC, 0x77, 0xF6,
    0x22, 0xF2, 0x12, 0xF2, 0x12, 0xF2, 0xDE, 0xFD,
    0x56, 0xF7, 0x21, 0xF2, 0x64, 0xF4, 0x97, 0xF7,
    0x43, 0xF2, 0x22, 0xF1, 0x22, 0xF2, 0x22, 0xF2,
    0x22, 0xF2, 0x12, 0xF2, 0x12, 0xF2, 0x12, 0xF4,
    0x12, 0xF3, 0x21, 0xF1, 0x97, 0xF5, 0xCA, 0xF9,
    0x53, 0xF3, 0x11, 0xF1, 0x45, 0xF4, 0x9B, 0xFA,
    0xAB, 0xFA, 0x9A, 0xF9, 0xAA, 0xF9, 0x98, 0xF7,
    0x86, 0xF5, 0x98, 0xF6, 0xBA, 0xF9, 0xAA, 0xF8,
    0xAA, 0xF9, 0x99, 0xF8, 0x99, 0xF9, 0x99, 0xF8,
    0x9A, 0xF9, 0x99, 0xF8, 0xAA, 0xF8, 0x98, 0xF7,
    0xBB, 0xF8, 0xBB, 0xF9, 0x9A, 0xF8, 0x99, 0xF8,
    0xAA, 0xFA, 0x9A, 0xF9, 0x9A, 0xF9, 0x99, 0xF9,
    0x88, 0xF7, 0x86, 0xF4, 0xA9, 0xF6, 0x99, 0xF8,
    0x66, 0xF7, 0x12, 0xF4, 0x12, 0xF4, 0x12, 0xF4,
    0x12, 0xF5, 0x12, 0xF5, 0x12, 0xF4, 0x22, 0xF4,
    0x22, 0xF2, 0x76, 0xF5, 0xCC, 0xFA, 0x77, 0xF5,
    0x22, 0xF3, 0x23, 0xF4, 0x12, 0xF5, 0x22, 0xF5,
    0x22, 0xF4, 0x33, 0xF3, 0x99, 0xF6, 0xA9, 0xF7,
    0x54, 0xF4, 0x22, 0xF4, 0x22, 0xF4, 0x23, 0xF4,
    0x22, 0xF4, 0x22, 0xF5, 0x22, 0xF5, 0x22, 0xF4,
    0x22, 0xF4, 0x22, 0xF3, 0x67, 0xF6, 0xDE, 0xFD,
    0xAB, 0xFA, 0x23, 0xF2, 0x45, 0xF4, 0x89, 0xF8,
    0xBC, 0xFB, 0xCD, 0xFC, 0xDD, 0xFD, 0xA9, 0xF8,
    0x99, 0xF7, 0xEE, 0xFD, 0xEF, 0xFE, 0xEF, 0xFE,
    0xEF, 0xFE, 0xDE, 0xFE, 0xAB, 0xFB, 0x12, 0xF3,
    0x12, 0xF2, 0x11, 0xF2, 0x66, 0xF6, 0x78, 0xF7,
    0xEE, 0xFD, 0x78, 0xF7, 0x22, 0xF2, 0x12, 0xF4,
    0x13, 0xF5, 0x13, 0xF6, 0x13, 0xF6, 0x22, 0xF5,
    0x66, 0xF5, 0xB9, 0xF8, 0x87, 0xF6, 0x32, 0xF4,
    0x22, 0xF5, 0x22, 0xF5, 0x23, 0xF5, 0x23, 0xF6,
    0x23, 0xF5, 0x23, 0xF5, 0x22, 0xF5, 0x22, 0xF4,
    0x22, 0xF3, 0x98, 0xF6, 0xBA, 0xF9, 0x54, 0xF4,
    0x22, 0xF2, 0x23, 0xF2, 0x23, 0xF2, 0x23, 0xF4,
    0x22, 0xF3, 0x23, 0xF2, 0x77, 0xF5, 0xCB, 0xF8,
    0xCC, 0xFA, 0xAA, 0xF8, 0xBB, 0xFA, 0xAA, 0xF9,
    0xBB, 0xFB, 0xAA, 0xF9, 0xAB, 0xFA, 0xAA, 0xF9,
    0xAB, 0xFA, 0xBC, 0xFA, 0xCC, 0xFA, 0x98, 0xF6,
    0xB9, 0xF7, 0xDB, 0xF9, 0xCB, 0xFA, 0xBB, 0xF9,
    0xAA, 0xF9, 0xAA, 0xF9, 0xBC, 0xFB, 0x87, 0xF6,
    0x86, 0xF5, 0xBA, 0xF8, 0xBB, 0xFA, 0xAA, 0xF9,
    0xAA, 0xF9, 0xAB, 0xFA, 0xAB, 0xFA, 0xBB, 0xFA,
    0xBC, 0xFB, 0xBB, 0xF9, 0xBB, 0xF9, 0xBA, 0xF9,
    0x98, 0xF7, 0xCC, 0xFA, 0xBB, 0xF9, 0xAA, 0xF9,
    0xBC, 0xFA, 0xBB, 0xFA, 0xAB, 0xFA, 0xCC, 0xFA,
    0xBB, 0xFA, 0x77, 0xF5, 0xAB, 0xF9, 0x22, 0xF1,
    0x12, 0xF1, 0x12, 0xF2, 0x12, 0xF2, 0x12, 0xF2,
    0x12, 0xF4, 0x12, 0xF7, 0x11, 0xF8, 0x11, 0xF6,
    0x21, 0xF4, 0xAA, 0xFA, 0xCC, 0xFC, 0x34, 0xF4,
    0x12, 0xF2, 0x12, 0xF1, 0x12, 0xF1, 0x22, 0xF1,
    0x22, 0xF2, 0x42, 0xF2, 0x87, 0xF5, 0x64, 0xF3,
    0xAA, 0xF8, 0xBB, 0xFA, 0xCD, 0xFC, 0xBC, 0xFC,
    0xBB, 0xFA, 0xBB, 0xFA, 0xAB, 0xFA, 0xBB, 0xFA,
    0xAA, 0xF9, 0xCB, 0xFA, 0x98, 0xF7, 0xBA, 0xF8,
    0xBB, 0xF9, 0xAA, 0xF9, 0xAA, 0xF9, 0xAA, 0xF9,
    0xAA, 0xF9, 0xBB, 0xFA, 0xBA, 0xF9, 0x77, 0xF5,
    0x76, 0xF4, 0xBA, 0xF9, 0xBB, 0xFA, 0xAA, 0xF9,
    0xAB, 0xFA, 0xAA, 0xF9, 0xAA, 0xFA, 0x99, 0xF8,
    0x9A, 0xF9, 0xAA, 0xF9, 0xAA, 0xF9, 0x88, 0xF7,
    0xCC, 0xFC, 0xDD, 0xFC, 0x9A, 0xF9, 0x9A, 0xF8,
    0xAB, 0xFA, 0xAA, 0xF9, 0xBB, 0xFA, 0xBB, 0xFA,
    0x99, 0xF7, 0x76, 0xF5, 0xBB, 0xF9, 0xBB, 0xFA,
    0xBB, 0xFA, 0xCC, 0xFB, 0xBB, 0xFA, 0xAA, 0xFA,
    0xBB, 0xFA, 0xAA, 0xF9, 0xBB, 0xFA, 0xAA, 0xF9,
    0xCC, 0xFA, 0xA9, 0xF8, 0xA9, 0xF8, 0xDC, 0xFB,
    0x9A, 0xF9, 0x12, 0xF1, 0x34, 0xF4, 0xDE, 0xFE,
    0x65, 0xF5, 0x75, 0xF5, 0x86, 0xF6, 0x32, 0xF2,
    0x12, 0xF2, 0x12, 0xF2, 0x12, 0xF2, 0x12, 0xF2,
    0x22, 0xF2, 0x12, 0xF2, 0x12, 0xF3, 0x12, 0xF4,
    0x21, 0xF4, 0x32, 0xF1, 0x43, 0xF0, 0x97, 0xF6,
    0xCA, 0xF9, 0x54, 0xF2, 0x66, 0xF6, 0xAB, 0xFB,
    0x9A, 0xF9, 0xBA, 0xF9, 0x98, 0xF7, 0x86, 0xF5,
    0x98, 0xF6, 0xA9, 0xF7, 0xAA, 0xF8, 0xBC, 0xFB,
    0xAA, 0xFA, 0xBB, 0xFA, 0xAA, 0xF9, 0x99, 0xF8,
    0x99, 0xF8, 0x99, 0xF9, 0x99, 0xF8, 0xAA, 0xF9,
    0x98, 0xF7, 0xCB, 0xFA, 0xCC, 0xFB, 0x89, 0xF8,
    0xAA, 0xF9, 0x99, 0xF8, 0x99, 0xF8, 0x88, 0xF7,
    0x77, 0xF5, 0xA9, 0xF7, 0xAA, 0xF8, 0x99, 0xF8,
    0x88, 0xF9, 0x34, 0xF5, 0x12, 0xF4, 0x12, 0xF4,
    0x22, 0xF4, 0x12, 0xF4, 0x12, 0xF4, 0x12, 0xF4,
    0x22, 0xF5, 0x22, 0xF5, 0x77, 0xF7, 0xDE, 0xFC,
    0x78, 0xF7, 0x12, 0xF3, 0x23, 0xF6, 0x22, 0xF5,
    0x43, 0xF5, 0x99, 0xF8, 0x99, 0xF8, 0x33, 0xF3,
    0x22, 0xF5, 0x22, 0xF5, 0x23, 0xF5, 0x23, 0xF5,
    0x22, 0xF6, 0x22, 0xF6, 0x22, 0xF6, 0x22, 0xF5,
    0x22, 0xF5, 0x22, 0xF4, 0x44, 0xF5, 0x67, 0xF6,
    0xCC, 0xFC, 0xAB, 0xFA, 0x44, 0xF3, 0x88, 0xF8,
    0xAA, 0xF9, 0xA9, 0xF9, 0x98, 0xF7, 0x99, 0xF8,
    0xCC, 0xFB, 0xEE, 0xFD, 0xDE, 0xFD, 0xDE, 0xFD,
    0xDE, 0xFD, 0xDE, 0xFD, 0xCD, 0xFD, 0x23, 0xF4,
    0x12, 0xF3, 0x12, 0xF2, 0x12, 0xF1, 0xAB, 0xFA,
    0xDD, 0xFD, 0xCD, 0xFC, 0x88, 0xF7, 0x22, 0xF2,
    0x22, 0xF4, 0x23, 0xF5, 0x33, 0xF4, 0x76, 0xF6,
    0x98, 0xF8, 0x65, 0xF5, 0x33, 0xF5, 0x23, 0xF6,
    0x22, 0xF6, 0x13, 0xF6, 0x13, 0xF6, 0x13, 0xF6,
    0x13, 0xF6, 0x23, 0xF6, 0x12, 0xF5, 0x23, 0xF5,
    0x22, 0xF5, 0x32, 0xF4, 0x77, 0xF6, 0xBB, 0xF9,
    0x66, 0xF4, 0x32, 0xF2, 0x32, 0xF3, 0x32, 0xF3,
    0x42, 0xF2, 0x98, 0xF7, 0xBA, 0xF8, 0x76, 0xF5,
    0xAA, 0xF8, 0xAA, 0xF9, 0xBC, 0xFB, 0xAA, 0xFA,
    0x89, 0xF8, 0xAB, 0xFA, 0xCD, 0xFC, 0xBB, 0xFB,
    0xBB, 0xFB, 0xAB, 0xFA, 0xBC, 0xFA, 0xBB, 0xF9,
    0xA9, 0xF7, 0xCA, 0xF9, 0xDC, 0xFA, 0xCB, 0xFA,
    0xCC, 0xFA, 0xBB, 0xF9, 0x76, 0xF5, 0x87, 0xF6,
    0xCB, 0xF9, 0xCC, 0xFB, 0xBB, 0xFA, 0xBC, 0xFB,
    0xAB, 0xFA, 0xBC, 0xFB, 0xAA, 0xFA, 0xBC, 0xFA,
    0x99, 0xF8, 0xCC, 0xFB, 0xAA, 0xF9, 0xBB, 0xFA,
    0xBB, 0xFA, 0xA9, 0xF8, 0xBB, 0xF9, 0xBB, 0xFA,
    0xBB, 0xF9, 0xBB, 0xFA, 0xBB, 0xFA, 0x98, 0xF7,
    0x76, 0xF5, 0xBA, 0xF8, 0xDC, 0xFB, 0x22, 0xF2,
    0x12, 0xF2, 0x12, 0xF2, 0x12, 0xF2, 0x22, 0xF2,
    0x12, 0xF2, 0x12, 0xF6, 0x01, 0xF8, 0x11, 0xF7,
    0x12, 0xF6, 0x22, 0xF5, 0x9A, 0xFA, 0xCD, 0xFC,
    0x34, 0xF3, 0x22, 0xF1, 0x22, 0xF2, 0x21, 0xF1,
    0x53, 0xF2, 0x86, 0xF5, 0x53, 0xF2, 0x20, 0xF0,
    0xAB, 0xFA, 0xBC, 0xFC, 0xAB, 0xFB, 0xBB, 0xFB,
    0xBB, 0xFB, 0xBC, 0xFB, 0xAA, 0xF9, 0xAB, 0xFA,
    0xAB, 0xFA, 0xAA, 0xF9, 0xAA, 0xF9, 0x98, 0xF6,
    0xAA, 0xF8, 0xBB, 0xF9, 0xBB, 0xF9, 0xCB, 0xFA,
    0xCB, 0xFA, 0xBA, 0xF9, 0x76, 0xF5, 0x87, 0xF5,
    0xBB, 0xF9, 0xAA, 0xF9, 0xAA, 0xF9, 0xAA, 0xFA,
    0xAB, 0xFA, 0xBB, 0xFA, 0xAA, 0xF9, 0x9A, 0xF9,
    0xAA, 0xFA, 0x99, 0xF8, 0xAB, 0xFA, 0x99, 0xF8,
    0x9A, 0xF8, 0xBC, 0xFB, 0xDE, 0xFD, 0xAB, 0xFA,
    0xCC, 0xFB, 0xBB, 0xFA, 0xAA, 0xF9, 0x87, 0xF6,
    0x77, 0xF5, 0xAA, 0xF8, 0xBB, 0xFA, 0xBB, 0xFA,
    0xBC, 0xFB, 0xBC, 0xFA, 0xBC, 0xFB, 0xBB, 0xFA,
    0xAA, 0xFA, 0xBB, 0xFA, 0xBB, 0xFA, 0xAA, 0xF9,
    0xBB, 0xFA, 0xCC, 0xFB, 0xA9, 0xF8, 0xA9, 0xF8,
    0xA9, 0xF8, 0x21, 0xF0, 0x55, 0xF5, 0xDE, 0xFD,
    0x86, 0xF5, 0x75, 0xF5, 0x21, 0xF3, 0x12, 0xF3,
    0x12, 0xF3, 0x12, 0xF3, 0x12, 0xF2, 0x22, 0xF2,
    0x22, 0xF3, 0x22, 0xF3, 0x22, 0xF4, 0x12, 0xF4,
    0x21, 0xF4, 0x32, 0xF1, 0x43, 0xF0, 0x53, 0xF1,
    0x86, 0xF5, 0xCB, 0xF9, 0x98, 0xF8, 0xAA, 0xFA,
    0xBA, 0xFA, 0x87, 0xF5, 0x76, 0xF5, 0xA9, 0xF8,
    0xBA, 0xF9, 0xAB, 0xF9, 0x9A, 0xF9, 0xAA, 0xFA,
    0xAB, 0xFA, 0x9A, 0xF9, 0xAB, 0xFA, 0xBB, 0xFA,
    0xBB, 0xFA, 0xAA, 0xFA, 0xAA, 0xF9, 0xCC, 0xFB,
    0xCD, 0xFB, 0xAA, 0xF9, 0xBC, 0xFB, 0xCD, 0xFC,
    0x99, 0xF8, 0xAA, 0xF9, 0x77, 0xF6, 0x76, 0xF5,
    0xAA, 0xF8, 0xBB, 0xF9, 0xAB, 0xF9, 0xAA, 0xF9,
    0x9A, 0xF9, 0x45, 0xF6, 0x12, 0xF3, 0x22, 0xF4,
    0x22, 0xF4, 0x22, 0xF5, 0x23, 0xF6, 0x13, 0xF6,
    0x13, 0xF7, 0x23, 0xF7, 0x33, 0xF6, 0x67, 0xF7,
    0xCD, 0xFD, 0x99, 0xFA, 0x33, 0xF4, 0x55, 0xF4,
    0xA9, 0xF8, 0x87, 0xF7, 0x43, 0xF5, 0x23, 0xF6,
    0x23, 0xF7, 0x23, 0xF7, 0x23, 0xF6, 0x22, 0xF6,
    0x22, 0xF6, 0x22, 0xF6, 0x22, 0xF6, 0x22, 0xF6,
    0x22, 0xF5, 0x22, 0xF5, 0x22, 0xF4, 0x12, 0xF3,
    0x33, 0xF4, 0xBB, 0xFB, 0xCD, 0xFC, 0xAA, 0xF9,
    0xBB, 0xFA, 0x98, 0xF7, 0xAA, 0xF9, 0xDE, 0xFD,
    0x99, 0xF8, 0xDD, 0xFC, 0xEF, 0xFE, 0xEF, 0xFE,
    0xEF, 0xFF, 0xEF, 0xFF, 0xEE, 0xFF, 0x44, 0xF5,
    0x12, 0xF3, 0x12, 0xF2, 0x12, 0xF1, 0x88, 0xF8,
    0x77, 0xF7, 0x66, 0xF5, 0xDD, 0xFC, 0x9A, 0xF9,
    0x33, 0xF3, 0x43, 0xF4, 0x87, 0xF7, 0x97, 0xF7,
    0x43, 0xF5, 0x23, 0xF6, 0x23, 0xF7, 0x23, 0xF7,
    0x23, 0xF7, 0x13, 0xF7, 0x13, 0xF7, 0x13, 0xF7,
    0x13, 0xF7, 0x23, 0xF6, 0x23, 0xF6, 0x23, 0xF6,
    0x23, 0xF6, 0x23, 0xF5, 0x22, 0xF4, 0x66, 0xF5,
    0xCC, 0xFA, 0x87, 0xF6, 0x32, 0xF2, 0x54, 0xF3,
    0xB9, 0xF8, 0xA9, 0xF8, 0x54, 0xF3, 0x32, 0xF2,
    0xAB, 0xF9, 0xAA, 0xF9, 0x9A, 0xF9, 0xAA, 0xF9,
    0x9A, 0xF9, 0xAA, 0xF9, 0xAA, 0xF9, 0xBB, 0xFA,
    0xAA, 0xF9, 0xAB, 0xFA, 0x9A, 0xF9, 0x9A, 0xF9,
    0xBB, 0xFA, 0xAB, 0xFA, 0xBB, 0xF9, 0xDC, 0xFA,
    0xBA, 0xF8, 0x75, 0xF4, 0x98, 0xF7, 0xCC, 0xFA,
    0xAA, 0xF8, 0xBC, 0xFB, 0xAB, 0xFA, 0xAB, 0xFA,
    0xBB, 0xFA, 0xAA, 0xF9, 0xBB, 0xFA, 0xCC, 0xFB,
    0xAA, 0xF9, 0xBB, 0xFA, 0xAB, 0xFA, 0x9A, 0xF9,
    0xAA, 0xF9, 0xBB, 0xFA, 0xAA, 0xF8, 0xDD, 0xFB,
    0xDD, 0xFB, 0xBA, 0xF9, 0x98, 0xF7, 0x76, 0xF5,
    0xDD, 0xFB, 0xCC, 0xFB, 0xBC, 0xFB, 0x22, 0xF2,
    0x12, 0xF2, 0x12, 0xF2, 0x12, 0xF2, 0x12, 0xF2,
    0x12, 0xF3, 0x12, 0xF6, 0x01, 0xF7, 0x12, 0xF6,
    0x89, 0xFC, 0x78, 0xFA, 0x34, 0xF6, 0xAA, 0xF9,
    0xCD, 0xFC, 0x56, 0xF5, 0x21, 0xF1, 0x54, 0xF3,
    0x86, 0xF4, 0x53, 0xF1, 0x21, 0xF1, 0x11, 0xF1,
    0xAB, 0xFB, 0xBC, 0xFB, 0xCD, 0xFC, 0xBB, 0xFA,
    0xAA, 0xF9, 0x9A, 0xF9, 0xAA, 0xFA, 0xCD, 0xFC,
    0xCD, 0xFC, 0xAB, 0xF9, 0xAA, 0xF9, 0xBB, 0xFA,
    0x88, 0xF6, 0xCC, 0xFA, 0xCC, 0xFA, 0xCB, 0xFA,
    0xCB, 0xFA, 0x65, 0xF3, 0x87, 0xF5, 0xAA, 0xF8,
    0xCC, 0xFB, 0xAB, 0xFA, 0xAB, 0xFA, 0xAB, 0xFA,
    0xAB, 0xFA, 0xBB, 0xFA, 0xAA, 0xF9, 0xAA, 0xFA,
    0xBB, 0xFB, 0xAA, 0xF9, 0x99, 0xF8, 0x99, 0xF8,
    0xBB, 0xFA, 0x9A, 0xF9, 0xBC, 0xFA, 0xDD, 0xFC,
    0xAA, 0xF9, 0xCB, 0xFA, 0x88, 0xF6, 0x77, 0xF5,
    0xBB, 0xF9, 0xBA, 0xF9, 0xAA, 0xF9, 0xBB, 0xFA,
    0xAB, 0xFA, 0xBB, 0xFB, 0xAA, 0xF9, 0xAA, 0xF9,
    0xBB, 0xFA, 0xAA, 0xFA, 0xBC, 0xFB, 0xBC, 0xFB,
    0xAB, 0xF9, 0xBB, 0xFA, 0xCB, 0xFA, 0xBB, 0xF9,
    0xB9, 0xF8, 0x87, 0xF6, 0x64, 0xF4, 0x98, 0xF7,
    0x54, 0xF2, 0x21, 0xF2, 0x12, 0xF5, 0x12, 0xF5,
    0x22, 0xF4, 0x22, 0xF3, 0x12, 0xF3, 0x12, 0xF3,
    0x12, 0xF4, 0x12, 0xF4, 0x22, 0xF5, 0x21, 0xF4,
    0x12, 0xF3, 0x22, 0xF1, 0x42, 0xF0, 0x64, 0xF1,
    0x32, 0xF0, 0x77, 0xF5, 0xDB, 0xFB, 0xB9, 0xF8,
    0x86, 0xF4, 0x87, 0xF6, 0x9A, 0xF8, 0xAA, 0xF9,
    0x9A, 0xF9, 0xAA, 0xFA, 0xAA, 0xFA, 0x9A, 0xF9,
    0xAB, 0xFA, 0xBB, 0xFA, 0xBB, 0xFA, 0xBB, 0xFA,
    0x99, 0xF8, 0x9A, 0xF9, 0x99, 0xF8, 0xAA, 0xF9,
    0xBB, 0xFA, 0xCD, 0xFB, 0xBC, 0xFA, 0xBB, 0xFA,
    0xCC, 0xFB, 0x66, 0xF5, 0x98, 0xF7, 0xBB, 0xF9,
    0xBB, 0xF9, 0xBB, 0xFA, 0xAA, 0xF9, 0x9A, 0xF9,
    0x89, 0xF8, 0x66, 0xF7, 0x22, 0xF4, 0x12, 0xF4,
    0x12, 0xF5, 0x22, 0xF5, 0x22, 0xF6, 0x12, 0xF6,
    0x13, 0xF6, 0x13, 0xF5, 0x23, 0xF6, 0x33, 0xF6,
    0x56, 0xF6, 0xDD, 0xFD, 0xA9, 0xF8, 0xA9, 0xF6,
    0x76, 0xF4, 0x32, 0xF4, 0x22, 0xF6, 0x22, 0xF6,
    0x22, 0xF6, 0x22, 0xF6, 0x23, 0xF6, 0x22, 0xF5,
    0x22, 0xF5, 0x22, 0xF5, 0x22, 0xF5, 0x22, 0xF5,
    0x22, 0xF5, 0x22, 0xF5, 0x12, 0xF4, 0x12, 0xF4,
    0x12, 0xF3, 0x45, 0xF5, 0x99, 0xF8, 0xBB, 0xFA,
    0x88, 0xF6, 0x99, 0xF8, 0xEF, 0xFD, 0xEE, 0xFD,
    0xAB, 0xFA, 0xDE, 0xFD, 0xEF, 0xFE, 0xEF, 0xFF,
    0xEF, 0xFF, 0xEF, 0xFF, 0xEE, 0xFF, 0x45, 0xF6,
    0x11, 0xF4, 0x12, 0xF2, 0x12, 0xF2, 0x12, 0xF2,
    0x22, 0xF2, 0x22, 0xF1, 0x55, 0xF5, 0xCC, 0xFC,
    0xAA, 0xF8, 0x87, 0xF6, 0x76, 0xF6, 0x32, 0xF5,
    0x23, 0xF6, 0x13, 0xF8, 0x13, 0xF7, 0x23, 0xF6,
    0x23, 0xF6, 0x24, 0xF7, 0x23, 0xF7, 0x23, 0xF6,
    0x23, 0xF6, 0x23, 0xF6, 0x23, 0xF6, 0x23, 0xF6,
    0x23, 0xF6, 0x23, 0xF5, 0x23, 0xF5, 0x33, 0xF4,
    0x65, 0xF5, 0xCB, 0xFB, 0x99, 0xF8, 0xBA, 0xF8,
    0x87, 0xF6, 0x33, 0xF2, 0x23, 0xF3, 0x23, 0xF3,
    0xAB, 0xF9, 0x9A, 0xF8, 0xAB, 0xF9, 0xBB, 0xFA,
    0xCC, 0xFB, 0xAB, 0xFA, 0xBB, 0xFA, 0xCC, 0xFA,
    0xAA, 0xF9, 0xAB, 0xFA, 0xAB, 0xFA, 0xBC, 0xFB,
    0x9A, 0xF9, 0xAB, 0xFA, 0xBB, 0xF9, 0xBA, 0xF8,
    0x64, 0xF3, 0xA8, 0xF7, 0xBA, 0xF9, 0xAA, 0xF9,
    0xBB, 0xFA, 0x9A, 0xF9, 0xBB, 0xFA, 0xBB, 0xFA,
    0xBC, 0xFB, 0xAB, 0xFA, 0xAA, 0xF9, 0xBB, 0xFA,
    0xBB, 0xFA, 0xBB, 0xFA, 0xAB, 0xFA, 0xAB, 0xFA,
    0xBB, 0xFA, 0xBB, 0xFA, 0xBB, 0xFA, 0xBB, 0xF9,
    0xCD, 0xFB, 0x77, 0xF5, 0x88, 0xF6, 0xCB, 0xFA,
    0xBB, 0xFA, 0xBC, 0xFB, 0xBB, 0xFB, 0x23, 0xF2,
    0x21, 0xF1, 0x22, 0xF1, 0x12, 0xF1, 0x12, 0xF1,
    0x11, 0xF3, 0x34, 0xF8, 0x79, 0xFC, 0x57, 0xFA,
    0xAC, 0xFD, 0xBD, 0xFE, 0xBC, 0xFE, 0x67, 0xF8,
    0x9A, 0xFA, 0xDE, 0xFC, 0x87, 0xF5, 0x76, 0xF4,
    0x42, 0xF2, 0x21, 0xF1, 0x12, 0xF2, 0x01, 0xF2,
    0xAB, 0xFA, 0xBC, 0xFB, 0xBB, 0xF9, 0xAA, 0xF8,
    0xBB, 0xFA, 0xBB, 0xFA, 0xAB, 0xFA, 0xAB, 0xFA,
    0xBC, 0xFB, 0xAB, 0xF9, 0xAA, 0xF9, 0xAA, 0xF9,
    0xAA, 0xF8, 0x98, 0xF7, 0xBB, 0xF9, 0xA9, 0xF8,
    0x65, 0xF3, 0x98, 0xF7, 0xAA, 0xF9, 0xAA, 0xF9,
    0xAA, 0xF9, 0x9A, 0xF9, 0xAA, 0xFA, 0xBC, 0xFB,
    0xBB, 0xFA, 0xBB, 0xFA, 0xAA, 0xF9, 0xAA, 0xF9,
    0xAA, 0xF9, 0xBB, 0xFA, 0xAA, 0xF9, 0xAB, 0xF9,
    0xBB, 0xFA, 0xAA, 0xF9, 0xAB, 0xFA, 0xAB, 0xFA,
    0xCC, 0xFB, 0x76, 0xF4, 0x99, 0xF7, 0xAA, 0xF8,
    0xBB, 0xFA, 0xAB, 0xFA, 0xAA, 0xF9, 0xAB, 0xFA,
    0xAB, 0xFA, 0xBB, 0xFA, 0xBB, 0xFA, 0xBB, 0xFA,
    0xAA, 0xFA, 0xAA, 0xFA, 0xBB, 0xFA, 0xCC, 0xFB,
    0xBC, 0xFB, 0xAB, 0xFA, 0xCC, 0xFB, 0xCC, 0xFB,
    0xA9, 0xF8, 0xA8, 0xF7, 0x85, 0xF4, 0xAA, 0xF8,
    0x22, 0xF1, 0x12, 0xF3, 0x12, 0xF4, 0x12, 0xF5,
    0x12, 0xF5, 0x12, 0xF4, 0x02, 0xF3, 0x02, 0xF4,
    0x03, 0xF5, 0x02, 0xF5, 0x02, 0xF5, 0x12, 0xF4,
    0x12, 0xF2, 0x22, 0xF0, 0x53, 0xF0, 0x65, 0xF0,
    0x33, 0xF0, 0x22, 0xF0, 0x86, 0xF5, 0x86, 0xF4,
    0x98, 0xF6, 0xAA, 0xF8, 0xAA, 0xF9, 0x9A, 0xF9,
    0x9A, 0xFA, 0x89, 0xF9, 0xAA, 0xFA, 0xAA, 0xF9,
    0xAB, 0xFA, 0xAA, 0xFA, 0x9A, 0xF9, 0xAA, 0xF9,
    0xBB, 0xFA, 0xBC, 0xFB, 0xDD, 0xFC, 0xDE, 0xFC,
    0xEE, 0xFD, 0xDD, 0xFC, 0xCC, 0xFB, 0xCC, 0xFB,
    0x55, 0xF3, 0x87, 0xF5, 0xEE, 0xFC, 0xEE, 0xFC,
    0xCD, 0xFC, 0xCD, 0xFC, 0xCD, 0xFC, 0xDE, 0xFC,
    0xBB, 0xFA, 0x99, 0xF9, 0x55, 0xF7, 0x12, 0xF5,
    0x12, 0xF6, 0x12, 0xF5, 0x12, 0xF6, 0x13, 0xF6,
    0x13, 0xF5, 0x13, 0xF4, 0x13, 0xF5, 0x22, 0xF6,
    0x22, 0xF5, 0x65, 0xF4, 0x98, 0xF5, 0x76, 0xF4,
    0x22, 0xF4, 0x23, 0xF5, 0x23, 0xF6, 0x23, 0xF6,
    0x23, 0xF6, 0x23, 0xF6, 0x23, 0xF6, 0x23, 0xF5,
    0x23, 0xF5, 0x23, 0xF5, 0x23, 0xF5, 0x22, 0xF5,
    0x22, 0xF5, 0x22, 0xF5, 0x22, 0xF5, 0x22, 0xF4,
    0x12, 0xF4, 0x55, 0xF6, 0x55, 0xF4, 0x76, 0xF5,
    0xAA, 0xF8, 0xDD, 0xFC, 0xEF, 0xFE, 0xEF, 0xFF,
    0xEF, 0xFF, 0xEF, 0xFF, 0xEF, 0xFE, 0xEF, 0xFE,
    0xEF, 0xFF, 0xEF, 0xFF, 0xEF, 0xFF, 0x45, 0xF7,
    0x12, 0xF4, 0x12, 0xF3, 0x12, 0xF2, 0x12, 0xF2,
    0x22, 0xF3, 0x22, 0xF2, 0x22, 0xF2, 0x54, 0xF3,
    0x76, 0xF4, 0x76, 0xF4, 0x32, 0xF5, 0x23, 0xF7,
    0x13, 0xF8, 0x13, 0xF8, 0x13, 0xF7, 0x14, 0xF6,
    0x24, 0xF7, 0x23, 0xF7, 0x23, 0xF7, 0x23, 0xF6,
    0x24, 0xF6, 0x24, 0xF6, 0x24, 0xF6, 0x24, 0xF6,
    0x23, 0xF6, 0x23, 0xF5, 0x23, 0xF6, 0x33, 0xF6,
    0x43, 0xF4, 0x66, 0xF5, 0x98, 0xF6, 0x76, 0xF4,
    0x22, 0xF2, 0x23, 0xF3, 0x23, 0xF3, 0x23, 0xF3,
    0xAA, 0xF9, 0xBB, 0xFA, 0xAA, 0xF9, 0xBB, 0xFA,
    0xAA, 0xF9, 0xAA, 0xF9, 0xBC, 0xFB, 0x99, 0xF8,
    0xAA, 0xF9, 0xBB, 0xFA, 0xBB, 0xFA, 0xBC, 0xFA,
    0xAB, 0xF9, 0xAA, 0xF9, 0xCB, 0xFA, 0x54, 0xF2,
    0x77, 0xF5, 0xBB, 0xF9, 0xBA, 0xF9, 0xBC, 0xFB,
    0x9A, 0xF9, 0x9A, 0xF9, 0xAB, 0xFA, 0xAA, 0xF9,
    0xAA, 0xF9, 0xAB, 0xFA, 0xAB, 0xFA, 0xAB, 0xFA,
    0xAA, 0xF9, 0xAB, 0xFA, 0xAB, 0xFA, 0xAB, 0xFA,
    0x9A, 0xF9, 0xAB, 0xFA, 0xBB, 0xFA, 0xBB, 0xFA,
    0x66, 0xF4, 0x66, 0xF4, 0xCB, 0xF9, 0xCC, 0xFA,
    0xAA, 0xFA, 0xBB, 0xFA, 0xDC, 0xFB, 0x97, 0xF6,
    0x62, 0xF0, 0x61, 0xF0, 0x62, 0xF1, 0x52, 0xF1,
    0x32, 0xF2, 0x67, 0xFA, 0x9B, 0xFE, 0x8B, 0xFD,
    0x9B, 0xFC, 0xAC, 0xFE, 0xAD, 0xFE, 0x57, 0xF8,
    0x12, 0xF1, 0x88, 0xF6, 0x65, 0xF3, 0x32, 0xF1,
    0x22, 0xF2, 0x12, 0xF2, 0x12, 0xF2, 0x01, 0xF1,
    0xAA, 0xFA, 0xCC, 0xFB, 0xAA, 0xF9, 0xAB, 0xFA,
    0xBB, 0xFA, 0xCC, 0xFB, 0xBB, 0xFA, 0xBB, 0xFA,
    0xAB, 0xFA, 0xAB, 0xFA, 0xAB, 0xFA, 0xBC, 0xFB,
    0xAA, 0xF9, 0xAA, 0xF8, 0x98, 0xF6, 0x54, 0xF2,
    0xA9, 0xF8, 0xBB, 0xF9, 0xBB, 0xFA, 0xAB, 0xFA,
    0x9A, 0xF9, 0xAA, 0xFA, 0xBB, 0xFA, 0xBB, 0xFA,
    0xAB, 0xFA, 0xBB, 0xFA, 0xBB, 0xFA, 0xAA, 0xF9,
    0x99, 0xF9, 0x99, 0xF9, 0xAA, 0xF9, 0xAB, 0xFA,
    0xAA, 0xF9, 0xAB, 0xFA, 0xAA, 0xF9, 0xCC, 0xFB,
    0x54, 0xF3, 0x98, 0xF6, 0xCC, 0xFA, 0xBB, 0xF9,
    0xAB, 0xF9, 0xAB, 0xFA, 0xAB, 0xFA, 0xBB, 0xFA,
    0xBB, 0xFA, 0xCC, 0xFB, 0xBC, 0xFB, 0xAA, 0xF9,
    0xAB, 0xFA, 0xAA, 0xFA, 0xAA, 0xFA, 0xBB, 0xFA,
    0xCC, 0xFB, 0xCD, 0xFC, 0xAB, 0xFA, 0xBC, 0xFB,
    0x99, 0xF8, 0x43, 0xF1, 0x98, 0xF6, 0x66, 0xF5,
    0x11, 0xF2, 0x22, 0xF2, 0x22, 0xF2, 0x12, 0xF4,
    0x14, 0xF8, 0x26, 0xF8, 0x37, 0xF9, 0x49, 0xFA,
    0x4A, 0xFC, 0x6B, 0xFD, 0x69, 0xFC, 0x35, 0xF6,
    0x12, 0xF1, 0x44, 0xF0, 0x77, 0xF1, 0xBB, 0xF5,
    0xCB, 0xF5, 0xBA, 0xF4, 0x54, 0xF1, 0x99, 0xF6,
    0xCC, 0xFA, 0xAA, 0xF9, 0xAA, 0xFA, 0xAA, 0xFA,
    0xAB, 0xFA, 0xBC, 0xFA, 0xCD, 0xFC, 0xCC, 0xFB,
    0xAB, 0xFA, 0xCC, 0xFC, 0xCC, 0xFC, 0xAA, 0xFA,
    0xBB, 0xFA, 0xBB, 0xFA, 0xCC, 0xFB, 0xCD, 0xFC,
    0xCD, 0xFC, 0xDD, 0xFC, 0xDD, 0xFC, 0xCB, 0xFA,
    0x65, 0xF3, 0xDC, 0xF9, 0xDD, 0xFB, 0xEE, 0xFD,
    0xEE, 0xFE, 0xEE, 0xFE, 0xDD, 0xFC, 0xDD, 0xFC,
    0xDD, 0xFC, 0xDD, 0xFD, 0x99, 0xFB, 0x45, 0xF8,
    0x13, 0xF7, 0x13, 0xF8, 0x13, 0xF8, 0x24, 0xF8,
    0x23, 0xF8, 0x23, 0xF8, 0x13, 0xF7, 0x23, 0xF7,
    0x23, 0xF7, 0x55, 0xF4, 0xDD, 0xF9, 0xCD, 0xFC,
    0x33, 0xF8, 0x23, 0xF8, 0x13, 0xF6, 0x23, 0xF7,
    0x13, 0xF6, 0x13, 0xF6, 0x23, 0xF7, 0x23, 0xF6,
    0x13, 0xF5, 0x23, 0xF4, 0x23, 0xF4, 0x23, 0xF5,
    0x22, 0xF5, 0x22, 0xF5, 0x22, 0xF5, 0x22, 0xF4,
    0x12, 0xF5, 0x56, 0xF7, 0x66, 0xF6, 0xBB, 0xF9,
    0xDD, 0xFC, 0xEE, 0xFD, 0xEF, 0xFE, 0xEF, 0xFF,
    0xEF, 0xFF, 0xEF, 0xFE, 0xEF, 0xFF, 0xEF, 0xFF,
    0xEF, 0xFF, 0xEF, 0xFF, 0xEF, 0xFF, 0x55, 0xF7,
    0x12, 0xF5, 0x12, 0xF3, 0x12, 0xF2, 0x12, 0xF2,
    0x12, 0xF3, 0x22, 0xF2, 0x22, 0xF1, 0x43, 0xF0,
    0xBA, 0xF8, 0xBB, 0xFB, 0x23, 0xF6, 0x14, 0xF8,
    0x14, 0xF7, 0x13, 0xF7, 0x23, 0xF7, 0x14, 0xF8,
    0x24, 0xF7, 0x24, 0xF7, 0x24, 0xF7, 0x24, 0xF7,
    0x24, 0xF7, 0x24, 0xF7, 0x24, 0xF7, 0x24, 0xF6,
    0x23, 0xF6, 0x23, 0xF6, 0x23, 0xF6, 0x23, 0xF6,
    0x34, 0xF5, 0x66, 0xF4, 0xDE, 0xFB, 0xAA, 0xFA,
    0x32, 0xF3, 0x23, 0xF3, 0x23, 0xF3, 0x23, 0xF3,
    0xAA, 0xF9, 0xBB, 0xFA, 0xCC, 0xFB, 0xCC, 0xFB,
    0xBB, 0xFA, 0xAB, 0xFA, 0xAA, 0xF9, 0xAB, 0xFA,
    0xBB, 0xFA, 0xCC, 0xFB, 0xBB, 0xF9, 0xAB, 0xF9,
    0xBB, 0xFA, 0xAA, 0xF9, 0xA9, 0xF8, 0x98, 0xF7,
    0xDC, 0xFB, 0xBB, 0xF9, 0xBB, 0xFA, 0xBB, 0xFB,
    0xAB, 0xFB, 0xAA, 0xF9, 0xAA, 0xF9, 0xAB, 0xFA,
    0xAB, 0xFA, 0x9A, 0xF9, 0x99, 0xF9, 0xAB, 0xFA,
    0xBB, 0xFA, 0xBB, 0xFA, 0x9A, 0xF9, 0xBB, 0xFA,
    0xBB, 0xFA, 0xBB, 0xFA, 0xBB, 0xFA, 0xBB, 0xFA,
    0x77, 0xF5, 0xCC, 0xFA, 0xCC, 0xFA, 0xBB, 0xFA,
    0xCD, 0xFC, 0xBB, 0xFA, 0xDC, 0xFA, 0xD9, 0xF7,
    0xC5, 0xF1, 0xB3, 0xF0, 0xD6, 0xF4, 0xD7, 0xF5,
    0xB8, 0xF6, 0x56, 0xF8, 0x9A, 0xFD, 0x8A, 0xFD,
    0x8B, 0xFD, 0xBD, 0xFF, 0xBD, 0xFE, 0x56, 0xF7,
    0x11, 0xF1, 0x55, 0xF4, 0xBC, 0xFB, 0x66, 0xF6,
    0x21, 0xF1, 0x31, 0xF1, 0x31, 0xF0, 0x20, 0xF0,
    0xAA, 0xF9, 0xAA, 0xF9, 0xAA, 0xF8, 0xAB, 0xFA,
    0xBB, 0xFA, 0xBB, 0xFA, 0xAB, 0xFA, 0xCC, 0xFB,
    0xBB, 0xFA, 0x9A, 0xF9, 0xBB, 0xFA, 0x9A, 0xF9,
    0xBB, 0xFA, 0xBB, 0xF9, 0x65, 0xF4, 0xAA, 0xF9,
    0xCC, 0xFA, 0xAA, 0xF8, 0xAB, 0xFA, 0xAA, 0xF9,
    0xAB, 0xFA, 0xAA, 0xF9, 0xBB, 0xFA, 0xBB, 0xFA,
    0xBB, 0xFA, 0xAA, 0xF9, 0x9A, 0xF9, 0xAB, 0xFA,
    0x99, 0xF8, 0xBB, 0xFA, 0xBB, 0xFA, 0xAA, 0xF9,
    0xAB, 0xFA, 0xBB, 0xFA, 0xBB, 0xFA, 0xAA, 0xF9,
    0x98, 0xF7, 0xDD, 0xFA, 0xBB, 0xF9, 0xBC, 0xFB,
    0xAB, 0xFA, 0xAB, 0xFA, 0xAA, 0xFA, 0xAA, 0xFA,
    0xCC, 0xFB, 0xBB, 0xFA, 0xAB, 0xFA, 0xBB, 0xFA,
    0xAA, 0xF9, 0xCC, 0xFC, 0xBB, 0xFA, 0xBB, 0xFB,
    0xBB, 0xFA, 0xBB, 0xFB, 0xAB, 0xFB, 0xAB, 0xFA,
    0x9A, 0xF9, 0x77, 0xF5, 0xEE, 0xFC, 0xBB, 0xFB,
    0x12, 0xF3, 0x22, 0xF2, 0x21, 0xF1, 0x11, 0xF5,
    0x49, 0xFC, 0x4B, 0xFC, 0x28, 0xF9, 0x28, 0xFB,
    0x5A, 0xFD, 0x5B, 0xFC, 0x4A, 0xFC, 0x9C, 0xFA,
    0xBB, 0xF4, 0xDD, 0xF2, 0xEF, 0xF4, 0xEE, 0xF6,
    0xEF, 0xF7, 0xCD, 0xF2, 0x65, 0xF3, 0xDC, 0xFA,
    0xDD, 0xFC, 0xCC, 0xFB, 0xAB, 0xFA, 0xAB, 0xFA,
    0xAA, 0xF9, 0xAA, 0xF9, 0xBB, 0xFA, 0xBB, 0xFA,
    0xAB, 0xFA, 0xAB, 0xFA, 0xBB, 0xFB, 0xAA, 0xFA,
    0xAA, 0xFA, 0xAA, 0xF9, 0xAA, 0xFA, 0xBC, 0xFB,
    0xBC, 0xFB, 0xCC, 0xFB, 0xCB, 0xFB, 0xCB, 0xFA,
    0x98, 0xF6, 0xDC, 0xF9, 0xCC, 0xFA, 0xBB, 0xFA,
    0xBB, 0xFA, 0xBC, 0xFB, 0xBC, 0xFB, 0xBC, 0xFA,
    0xCC, 0xFB, 0xBC, 0xFB, 0x89, 0xFA, 0x45, 0xF7,
    0x13, 0xF6, 0x13, 0xF7, 0x12, 0xF7, 0x23, 0xF7,
    0x23, 0xF8, 0x23, 0xF8, 0x23, 0xF8, 0x23, 0xF8,
    0x23, 0xF7, 0x45, 0xF4, 0xDD, 0xFA, 0xBC, 0xFA,
    0x44, 0xF8, 0x35, 0xFA, 0x25, 0xF8, 0x25, 0xF9,
    0x24, 0xF9, 0x23, 0xF9, 0x23, 0xF9, 0x23, 0xF8,
    0x13, 0xF7, 0x13, 0xF6, 0x23, 0xF6, 0x22, 0xF6,
    0x22, 0xF5, 0x22, 0xF5, 0x22, 0xF5, 0x22, 0xF5,
    0x12, 0xF5, 0x56, 0xF7, 0x55, 0xF5, 0xCC, 0xFA,
    0xEE, 0xFC, 0xDE, 0xFC, 0xEF, 0xFE, 0xEF, 0xFF,
    0xEF, 0xFF, 0xEF, 0xFF, 0xEF, 0xFF, 0xEF, 0xFF,
    0xEF, 0xFF, 0xEF, 0xFF, 0xEE, 0xFF, 0x45, 0xF7,
    0x12, 0xF4, 0x11, 0xF2, 0x22, 0xF1, 0x22, 0xF1,
    0x12, 0xF2, 0x22, 0xF1, 0x32, 0xF1, 0x64, 0xF3,
    0xDD, 0xFA, 0xAA, 0xF8, 0x24, 0xF6, 0x14, 0xF7,
    0x13, 0xF7, 0x13, 0xF7, 0x23, 0xF8, 0x24, 0xF8,
    0x14, 0xF6, 0x24, 0xF7, 0x13, 0xF7, 0x24, 0xF7,
    0x24, 0xF7, 0x23, 0xF7, 0x24, 0xF7, 0x24, 0xF6,
    0x24, 0xF6, 0x24, 0xF6, 0x23, 0xF6, 0x23, 0xF6,
    0x33, 0xF4, 0x66, 0xF4, 0xDE, 0xFB, 0xAA, 0xF9,
    0x33, 0xF3, 0x23, 0xF3, 0x23, 0xF3, 0x33, 0xF3,
    0xBB, 0xFA, 0xBC, 0xFB, 0xBB, 0xFA, 0xBB, 0xFA,
    0xBB, 0xFA, 0xBB, 0xFA, 0xBB, 0xFA, 0xAB, 0xF9,
    0xCD, 0xFB, 0xAB, 0xFA, 0x9A, 0xF9, 0xAB, 0xFA,
    0xBB, 0xFA, 0xCC, 0xFB, 0xBA, 0xF9, 0xBA, 0xF8,
    0xCB, 0xF9, 0xBB, 0xF8, 0x99, 0xF7, 0x99, 0xF8,
    0xAA, 0xF9, 0x99, 0xF9, 0x9A, 0xF9, 0xAA, 0xF9,
    0xAA, 0xF9, 0xAB, 0xFA, 0xCC, 0xFB, 0xBB, 0xFB,
    0xAB, 0xFA, 0xBB, 0xFA, 0xAA, 0xF9, 0x9A, 0xF9,
    0xBC, 0xFB, 0xBB, 0xFA, 0xAA, 0xF9, 0xBB, 0xF9,
    0xBB, 0xFA, 0xDD, 0xFB, 0xBB, 0xF9, 0xAB, 0xFA,
    0xBC, 0xFB, 0xCD, 0xFB, 0xDC, 0xFA, 0xDA, 0xF7,
    0xB4, 0xF1, 0xC3, 0xF0, 0xD5, 0xF2, 0xE6, 0xF3,
    0xC8, 0xF6, 0x54, 0xF6, 0x9A, 0xFD, 0xAB, 0xFE,
    0x9B, 0xFD, 0xBD, 0xFF, 0xBC, 0xFD, 0xAA, 0xFB,
    0x44, 0xF3, 0x99, 0xF8, 0xEE, 0xFD, 0x55, 0xF4,
    0x51, 0xF0, 0x92, 0xF0, 0xB4, 0xF2, 0xB7, 0xF5,
    0xCB, 0xF9, 0xAA, 0xF9, 0xAB, 0xFA, 0xAA, 0xF9,
    0x9A, 0xF9, 0xBB, 0xFA, 0xAB, 0xFA, 0xAA, 0xF9,
    0xBC, 0xFB, 0xBB, 0xFA, 0xBC, 0xFB, 0xAB, 0xFA,
    0xAA, 0xF9, 0xAA, 0xF9, 0x88, 0xF7, 0xDD, 0xFB,
    0xAA, 0xF9, 0xAA, 0xF9, 0xAA, 0xF9, 0xBC, 0xFB,
    0x9A, 0xF9, 0xAA, 0xF9, 0xAA, 0xF9, 0xAA, 0xF9,
    0xAB, 0xFA, 0xAB, 0xFA, 0xAA, 0xF9, 0xAB, 0xFA,
    0xBB, 0xFA, 0xAA, 0xF9, 0xBB, 0xFA, 0xAA, 0xFA,
    0xAA, 0xFA, 0xAA, 0xF9, 0xBB, 0xFA, 0xCB, 0xFA,
    0xAA, 0xF8, 0xCC, 0xFA, 0xAA, 0xF8, 0xAA, 0xF9,
    0xBB, 0xFA, 0xBC, 0xFB, 0xBB, 0xFB, 0xAA, 0xF9,
    0xAB, 0xFA, 0xBB, 0xFA, 0xAB, 0xFA, 0xAB, 0xFA,
    0xAA, 0xFA, 0xBB, 0xFA, 0xBC, 0xFB, 0xAB, 0xFA,
    0xBC, 0xFB, 0xBC, 0xFB, 0xAB, 0xFA, 0xAB, 0xFA,
    0xBB, 0xFA, 0x98, 0xF7, 0xED, 0xFB, 0xBB, 0xF9,
    0x22, 0xF2, 0x67, 0xF2, 0x99, 0xF2, 0x44, 0xF2,
    0x26, 0xF8, 0x6C, 0xFD, 0x5A, 0xFC, 0x18, 0xFB,
    0x4A, 0xFC, 0x6B, 0xFD, 0x5B, 0xFC, 0xAC, 0xF9,
    0xBA, 0xF1, 0xDD, 0xF0, 0xEF, 0xF0, 0xEE, 0xF5,
    0xEF, 0xF7, 0xDE, 0xF2, 0xA9, 0xF6, 0xDC, 0xFB,
    0xCC, 0xFA, 0xBB, 0xFA, 0x99, 0xF9, 0xAA, 0xFA,
    0xAB, 0xFA, 0xAA, 0xF9, 0xAA, 0xFA, 0xAA, 0xF9,
    0xAB, 0xFA, 0x9A, 0xF9, 0xAA, 0xFA, 0x88, 0xF8,
    0xAA, 0xF9, 0x9A, 0xF9, 0x89, 0xF8, 0x9A, 0xF9,
    0xAB, 0xFA, 0x99, 0xF8, 0x99, 0xF8, 0xA9, 0xF7,
    0xCA, 0xF9, 0xA8, 0xF6, 0xBA, 0xF8, 0xA9, 0xF7,
    0x99, 0xF8, 0xAA, 0xFA, 0xAA, 0xFA, 0xAB, 0xFA,
    0xBB, 0xFA, 0xAA, 0xFA, 0x88, 0xF8, 0x34, 0xF5,
    0x12, 0xF5, 0x12, 0xF5, 0x12, 0xF5, 0x12, 0xF5,
    0x12, 0xF5, 0x13, 0xF5, 0x23, 0xF5, 0x22, 0xF5,
    0x33, 0xF4, 0xAB, 0xFA, 0xDE, 0xFC, 0xCD, 0xFB,
    0x89, 0xF9, 0x23, 0xF6, 0x24, 0xF7, 0x24, 0xF8,
    0x24, 0xF8, 0x24, 0xF9, 0x24, 0xF8, 0x24, 0xF8,
    0x24, 0xF8, 0x23, 0xF7, 0x23, 0xF6, 0x23, 0xF6,
    0x22, 0xF5, 0x22, 0xF5, 0x22, 0xF5, 0x23, 0xF6,
    0x23, 0xF5, 0x56, 0xF7, 0x99, 0xF8, 0xDD, 0xFC,
    0xDD, 0xFC, 0xEE, 0xFD, 0xEF, 0xFE, 0xEF, 0xFF,
    0xEF, 0xFF, 0xEF, 0xFF, 0xEF, 0xFF, 0xEF, 0xFF,
    0xEF, 0xFF, 0xEF, 0xFF, 0xEF, 0xFE, 0x57, 0xF8,
    0x24, 0xF3, 0x78, 0xF4, 0x66, 0xF1, 0x77, 0xF1,
    0x99, 0xF1, 0xCC, 0xF5, 0x55, 0xF1, 0xCB, 0xF7,
    0xCA, 0xF8, 0xCB, 0xF9, 0x98, 0xF7, 0x33, 0xF6,
    0x23, 0xF8, 0x13, 0xF8, 0x14, 0xF8, 0x23, 0xF7,
    0x23, 0xF7, 0x13, 0xF6, 0x13, 0xF7, 0x24, 0xF7,
    0x24, 0xF7, 0x24, 0xF7, 0x24, 0xF7, 0x24, 0xF7,
    0x23, 0xF6, 0x13, 0xF6, 0x23, 0xF6, 0x33, 0xF5,
    0x44, 0xF4, 0xCC, 0xFA, 0xCC, 0xFA, 0xDD, 0xFB,
    0x77, 0xF6, 0x33, 0xF4, 0x23, 0xF4, 0x23, 0xF4,
    0xBB, 0xFA, 0xAB, 0xFA, 0xBC, 0xFB, 0xCC, 0xFB,
    0xBB, 0xFA, 0xBB, 0xFA, 0xAA, 0xF9, 0xBC, 0xFA,
    0xAB, 0xFA, 0xBB, 0xFA, 0xAB, 0xFA, 0xBC, 0xFB,
    0xAA, 0xF9, 0xBB, 0xF9, 0x98, 0xF6, 0xBA, 0xF8,
    0xA9, 0xF7, 0xBA, 0xF8, 0xAA, 0xF8, 0xAA, 0xF9,
    0xAA, 0xF9, 0xAA, 0xFA, 0xBC, 0xFB, 0xAB, 0xFA,
    0xAB, 0xFA, 0xAA, 0xF9, 0x99, 0xF9, 0x88, 0xF8,
    0xAB, 0xFA, 0xBB, 0xFA, 0x9A, 0xF9, 0xAA, 0xF9,
    0xBC, 0xFB, 0xBB, 0xFA, 0xBB, 0xFA, 0xA9, 0xF8,
    0xAA, 0xF8, 0xAB, 0xF8, 0xDD, 0xFB, 0xAA, 0xF9,
    0xBB, 0xFA, 0xBB, 0xFA, 0xBB, 0xFA, 0x97, 0xF5,
    0xA5, 0xF2, 0xC4, 0xF1, 0xD5, 0xF1, 0xE6, 0xF2,
    0xD7, 0xF6, 0x65, 0xF7, 0x9A, 0xFD, 0xAC, 0xFE,
    0x9B, 0xFC, 0xCE, 0xFF, 0xBC, 0xFD, 0xCC, 0xFB,
    0xA8, 0xF8, 0xDB, 0xFA, 0xBB, 0xFA, 0xCC, 0xFA,
    0xA6, 0xF4, 0xC3, 0xF0, 0xD3, 0xF0, 0xD7, 0xF4,
    0xCB, 0xF9, 0xBC, 0xFA, 0xBC, 0xFB, 0xBC, 0xFB,
    0xBB, 0xFB, 0xBC, 0xFB, 0xBB, 0xFB, 0xBC, 0xFB,
    0x9A, 0xF9, 0xAA, 0xF9, 0xAB, 0xFA, 0x99, 0xF9,
    0xBB, 0xFA, 0xBA, 0xF9, 0xAA, 0xF8, 0xAA, 0xF8,
    0xCC, 0xFB, 0xAA, 0xF8, 0xBB, 0xF9, 0xBB, 0xFA,
    0xAB, 0xFA, 0xAA, 0xF9, 0xBC, 0xFB, 0xAA, 0xF9,
    0xAA, 0xF9, 0xBB, 0xFA, 0xBB, 0xFA, 0xAA, 0xF9,
    0xAB, 0xFA, 0xAA, 0xF9, 0xAA, 0xF9, 0xBB, 0xFB,
    0xAB, 0xFA, 0xBB, 0xFA, 0xA9, 0xF8, 0xA9, 0xF7,
    0xBA, 0xF8, 0x99, 0xF7, 0xCC, 0xFA, 0xBB, 0xFA,
    0xBA, 0xF9, 0xAA, 0xF9, 0xBC, 0xFB, 0xAB, 0xFA,
    0x9A, 0xF9, 0xAB, 0xFA, 0xAB, 0xF9, 0xBB, 0xFA,
    0xBC, 0xFB, 0xBB, 0xFB, 0xBB, 0xFB, 0xAB, 0xFA,
    0x9B, 0xF9, 0xAB, 0xFA, 0xBB, 0xFB, 0xBB, 0xFA,
    0xBA, 0xF9, 0xCB, 0xFA, 0x87, 0xF5, 0xDE, 0xFC,
    0xCD, 0xFC, 0xDE, 0xFA, 0xBA, 0xF3, 0xA9, 0xF1,
    0x23, 0xF3, 0x8B, 0xFE, 0x6B, 0xFE, 0x18, 0xFB,
    0x29, 0xFB, 0x4A, 0xFC, 0x6A, 0xFC, 0xBB, 0xF8,
    0xA8, 0xF0, 0xDC, 0xF0, 0xEF, 0xF0, 0xDE, 0xF4,
    0xEF, 0xF8, 0xCC, 0xF3, 0xCB, 0xF8, 0xBB, 0xFA,
    0x99, 0xF8, 0xBB, 0xFA, 0xBA, 0xFA, 0xBB, 0xFA,
    0xAA, 0xF9, 0x99, 0xF9, 0xBB, 0xFA, 0xAA, 0xFA,
    0xBB, 0xFB, 0xBC, 0xFB, 0xBB, 0xFA, 0xAA, 0xF9,
    0xAA, 0xFA, 0x99, 0xF8, 0xBC, 0xFB, 0x99, 0xF9,
    0xAA, 0xF9, 0xCC, 0xFB, 0x98, 0xF7, 0xA9, 0xF8,
    0xBA, 0xF8, 0xBA, 0xF9, 0x88, 0xF6, 0xBB, 0xF9,
    0xAA, 0xF9, 0xAA, 0xF9, 0xAA, 0xFA, 0xBB, 0xFA,
    0xAA, 0xFA, 0xAB, 0xF9, 0x99, 0xF9, 0x66, 0xF7,
    0x22, 0xF5, 0x12, 0xF4, 0x12, 0xF4, 0x12, 0xF4,
    0x13, 0xF4, 0x23, 0xF4, 0x22, 0xF3, 0x33, 0xF2,
    0xBA, 0xF9, 0xDD, 0xFB, 0x55, 0xF4, 0x66, 0xF6,
    0xDD, 0xFB, 0x88, 0xF7, 0x22, 0xF4, 0x22, 0xF5,
    0x23, 0xF5, 0x13, 0xF5, 0x13, 0xF6, 0x13, 0xF6,
    0x23, 0xF6, 0x22, 0xF7, 0x32, 0xF6, 0x23, 0xF5,
    0x23, 0xF4, 0x12, 0xF5, 0x22, 0xF5, 0x22, 0xF5,
    0x22, 0xF3, 0x88, 0xF7, 0xDD, 0xFC, 0xBB, 0xFA,
    0xAA, 0xFA, 0xCC, 0xFC, 0xEF, 0xFE, 0xEF, 0xFE,
    0xEE, 0xFD, 0xEF, 0xFE, 0xEF, 0xFE, 0xEF, 0xFF,
    0xEF, 0xFF, 0xEF, 0xFF, 0xDF, 0xFF, 0x8B, 0xFB,
    0x79, 0xF7, 0xAA, 0xF4, 0x99, 0xF0, 0x99, 0xF0,
    0xB9, 0xF1, 0x87, 0xF1, 0x98, 0xF4, 0xCC, 0xF6,
    0x87, 0xF4, 0x75, 0xF3, 0xCA, 0xF9, 0x98, 0xF8,
    0x33, 0xF6, 0x24, 0xF8, 0x14, 0xF8, 0x23, 0xF7,
    0x23, 0xF7, 0x24, 0xF7, 0x24, 0xF7, 0x24, 0xF7,
    0x24, 0xF7, 0x24, 0xF7, 0x23, 0xF7, 0x23, 0xF7,
    0x24, 0xF7, 0x24, 0xF7, 0x23, 0xF6, 0x44, 0xF5,
    0xA9, 0xF9, 0xBA, 0xFA, 0x44, 0xF3, 0x66, 0xF4,
    0xDC, 0xFA, 0x77, 0xF6, 0x23, 0xF4, 0x23, 0xF4,
    0xAA, 0xF9, 0x9A, 0xF9, 0xAA, 0xF9, 0xAB, 0xFA,
    0x9A, 0xF9, 0xAA, 0xF9, 0x99, 0xF8, 0xAB, 0xF9,
    0xAA, 0xF9, 0xAA, 0xF9, 0xAA, 0xFA, 0x98, 0xF8,
    0xBA, 0xF9, 0x87, 0xF5, 0x98, 0xF6, 0xBB, 0xF9,
    0xAA, 0xF8, 0x99, 0xF7, 0xA9, 0xF8, 0xBA, 0xF8,
    0xBA, 0xF9, 0xAA, 0xFA, 0xAB, 0xFA, 0xBB, 0xFB,
    0xAA, 0xFA, 0xAB, 0xFA, 0xAB, 0xFA, 0xAA, 0xF9,
    0xAB, 0xFA, 0xBC, 0xFA, 0xBB, 0xFA, 0xAA, 0xF9,
    0xAA, 0xF9, 0xA9, 0xF8, 0x98, 0xF7, 0xA9, 0xF7,
    0xBB, 0xF9, 0xAA, 0xF8, 0xAA, 0xF8, 0xBB, 0xFA,
    0xAA, 0xF9, 0xBB, 0xFA, 0xCC, 0xFB, 0x54, 0xF3,
    0x84, 0xF2, 0xB4, 0xF2, 0xD4, 0xF1, 0xD5, 0xF0,
    0xC7, 0xF5, 0x86, 0xF8, 0x9A, 0xFD, 0x9A, 0xFD,
    0x68, 0xF9, 0xAB, 0xFC, 0xBB, 0xFB, 0xCB, 0xFA,
    0xCA, 0xF8, 0xC9, 0xF8, 0x97, 0xF7, 0xA8, 0xF7,
    0xDB, 0xF9, 0x83, 0xF1, 0xC4, 0xF1, 0xC7, 0xF5,
    0xCB, 0xFA, 0x89, 0xF8, 0xBC, 0xFB, 0xAA, 0xF9,
    0xCC, 0xFB, 0xBB, 0xFA, 0xCC, 0xFC, 0x9A, 0xF9,
    0xBB, 0xFB, 0x9A, 0xF9, 0xAB, 0xF9, 0x99, 0xF8,
    0xAA, 0xF9, 0x88, 0xF7, 0x99, 0xF7, 0x99, 0xF7,
    0x99, 0xF7, 0xBB, 0xF9, 0xBB, 0xF9, 0xBA, 0xF9,
    0xBB, 0xFA, 0xBB, 0xFA, 0xAB, 0xFA, 0xAA, 0xF9,
    0xBB, 0xFA, 0xCC, 0xFB, 0xAA, 0xF9, 0xAA, 0xF9,
    0xAA, 0xF9, 0xBB, 0xFB, 0xAA, 0xFA, 0xAA, 0xF9,
    0xAA, 0xFA, 0xBB, 0xFA, 0x87, 0xF6, 0x98, 0xF6,
    0xBA, 0xF8, 0xAA, 0xF9, 0x99, 0xF7, 0xBA, 0xF9,
    0xBA, 0xF9, 0xBB, 0xFA, 0xBB, 0xFA, 0xAA, 0xFA,
    0xAA, 0xFA, 0xAA, 0xF9, 0x9A, 0xF9, 0xAA, 0xF9,
    0xAB, 0xFA, 0xAB, 0xFA, 0xBB, 0xFB, 0xAB, 0xFA,
    0x9A, 0xF9, 0xBC, 0xFB, 0xBB, 0xFA, 0xBB, 0xF9,
    0xA8, 0xF7, 0x54, 0xF3, 0xBA, 0xF6, 0xCC, 0xFA,
    0xDD, 0xFC, 0xEF, 0xFE, 0xCC, 0xF9, 0xBA, 0xF3,
    0x99, 0xF5, 0x47, 0xF9, 0x6B, 0xFE, 0x18, 0xFB,
    0x2A, 0xFC, 0x29, 0xFC, 0x6A, 0xFB, 0xBB, 0xF7,
    0xCA, 0xF0, 0xDC, 0xF0, 0xEF, 0xF1, 0xEE, 0xF3,
    0xDC, 0xF6, 0xBA, 0xF4, 0x75, 0xF3, 0x76, 0xF6,
    0xBB, 0xFA, 0x87, 0xF7, 0xBA, 0xF9, 0xCB, 0xFA,
    0xA9, 0xF9, 0xBA, 0xFA, 0xAA, 0xFA, 0xAA, 0xF9,
    0xAB, 0xFA, 0x9A, 0xF9, 0xBB, 0xFA, 0x9A, 0xF9,
    0x9A, 0xF9, 0x9A, 0xF9, 0xAA, 0xF9, 0x99, 0xF8,
    0x99, 0xF8, 0xAA, 0xF8, 0x98, 0xF6, 0xA9, 0xF7,
    0xA9, 0xF9, 0xAA, 0xF9, 0x99, 0xF8, 0x87, 0xF6,
    0xBA, 0xF8, 0xA9, 0xF8, 0xBB, 0xFA, 0xBB, 0xFA,
    0xBB, 0xFA, 0xBB, 0xFA, 0xAB, 0xFA, 0x89, 0xF9,
    0x33, 0xF5, 0x12, 0xF5, 0x12, 0xF5, 0x12, 0xF5,
    0x22, 0xF5, 0x22, 0xF5, 0x32, 0xF3, 0x99, 0xF7,
    0xDC, 0xFA, 0x54, 0xF4, 0x23, 0xF4, 0x23, 0xF3,
    0x55, 0xF4, 0xCC, 0xFA, 0x98, 0xF8, 0x32, 0xF3,
    0x23, 0xF3, 0x23, 0xF4, 0x23, 0xF5, 0x23, 0xF5,
    0x23, 0xF5, 0x32, 0xF5, 0x22, 0xF6, 0x23, 0xF4,
    0x23, 0xF5, 0x23, 0xF5, 0x22, 0xF5, 0x22, 0xF3,
    0x76, 0xF5, 0xCC, 0xFA, 0x99, 0xF9, 0x77, 0xF8,
    0x78, 0xF8, 0x55, 0xF5, 0xCC, 0xFB, 0xEF, 0xFE,
    0xEF, 0xFE, 0xEF, 0xFE, 0xEF, 0xFE, 0xEF, 0xFF,
    0xEF, 0xFF, 0xEF, 0xFF, 0xDE, 0xFF, 0x8A, 0xFA,
    0x89, 0xF5, 0x99, 0xF1, 0x99, 0xF0, 0xA8, 0xF1,
    0x85, 0xF0, 0xA8, 0xF6, 0xDB, 0xF7, 0xCC, 0xF5,
    0xA9, 0xF4, 0x75, 0xF3, 0x63, 0xF3, 0xBA, 0xF9,
    0x99, 0xF8, 0x33, 0xF6, 0x24, 0xF8, 0x24, 0xF7,
    0x24, 0xF7, 0x24, 0xF7, 0x24, 0xF7, 0x24, 0xF7,
    0x24, 0xF7, 0x24, 0xF7, 0x24, 0xF7, 0x24, 0xF7,
    0x24, 0xF7, 0x24, 0xF6, 0x34, 0xF5, 0x99, 0xF8,
    0xA9, 0xF9, 0x54, 0xF5, 0x44, 0xF5, 0x34, 0xF5,
    0x76, 0xF6, 0xDD, 0xFB, 0x88, 0xF6, 0x33, 0xF3,
    0xBB, 0xF9, 0x99, 0xF8, 0x9A, 0xF9, 0x9A, 0xF9,
    0x9A, 0xF9, 0xAB, 0xFA, 0x9A, 0xF8, 0x9A, 0xF8,
    0xBB, 0xFA, 0xAA, 0xF9, 0xAA, 0xF9, 0xA9, 0xF8,
    0x87, 0xF5, 0x98, 0xF7, 0xBB, 0xFA, 0xCC, 0xFB,
    0xCC, 0xFA, 0xCC, 0xFA, 0x88, 0xF6, 0xA9, 0xF8,
    0xBA, 0xF9, 0x99, 0xF8, 0xAA, 0xF9, 0xAB, 0xFA,
    0xAA, 0xF9, 0xAB, 0xFA, 0xAA, 0xF9, 0xBC, 0xFB,
    0xAB, 0xF9, 0xBB, 0xFA, 0xCC, 0xFA, 0xBA, 0xF9,
    0xBB, 0xFA, 0x98, 0xF7, 0x87, 0xF6, 0xAA, 0xF8,
    0xAA, 0xF9, 0xBB, 0xF9, 0xBB, 0xFA, 0x88, 0xF7,
    0xAA, 0xF9, 0xBA, 0xF9, 0xCB, 0xFA, 0x86, 0xF5,
    0x40, 0xF0, 0x93, 0xF2, 0xB4, 0xF2, 0xE6, 0xF2,
    0xC6, 0xF4, 0x87, 0xF8, 0x9A, 0xFD, 0x9B, 0xFD,
    0x9B, 0xFC, 0x9B, 0xFB, 0xCC, 0xFB, 0xB9, 0xF7,
    0xCB, 0xF9, 0xCA, 0xF9, 0x75, 0xF4, 0x96, 0xF5,
    0xB8, 0xF6, 0xCA, 0xF7, 0x83, 0xF2, 0xA7, 0xF7,
    0xB9, 0xF9, 0x99, 0xF9, 0xAA, 0xF9, 0x9A, 0xF8,
    0x9A, 0xF8, 0xAB, 0xFA, 0x99, 0xF8, 0xAB, 0xFA,
    0x99, 0xF8, 0x99, 0xF8, 0x99, 0xF8, 0xAA, 0xF9,
    0x87, 0xF6, 0x77, 0xF6, 0xAA, 0xF8, 0xA9, 0xF8,
    0x99, 0xF7, 0x77, 0xF5, 0xAA, 0xF8, 0xBA, 0xF9,
    0xA9, 0xF8, 0xBB, 0xFB, 0xAB, 0xFA, 0xBC, 0xFB,
    0xAA, 0xF9, 0xAA, 0xF9, 0xAA, 0xF9, 0xAB, 0xFA,
    0xAB, 0xFA, 0x99, 0xF9, 0x99, 0xF9, 0xCC, 0xFC,
    0xBB, 0xF9, 0x99, 0xF7, 0x76, 0xF4, 0xAA, 0xF8,
    0xBA, 0xF9, 0x99, 0xF7, 0xBB, 0xF9, 0x98, 0xF7,
    0xBA, 0xF9, 0xBA, 0xF9, 0xBB, 0xFA, 0xBB, 0xFA,
    0xAB, 0xFA, 0xBC, 0xFB, 0xBB, 0xFB, 0xAB, 0xFA,
    0xAA, 0xFA, 0xBC, 0xFB, 0xAB, 0xFA, 0xBB, 0xFB,
    0xAA, 0xFA, 0xCB, 0xFB, 0xA9, 0xF8, 0x87, 0xF6,
    0xCB, 0xF9, 0xBA, 0xF6, 0xBA, 0xF3, 0xCB, 0xF5,
    0xAA, 0xF8, 0xBA, 0xFA, 0xAA, 0xF9, 0x44, 0xF1,
    0x9A, 0xF7, 0x78, 0xF8, 0x59, 0xFC, 0x18, 0xFC,
    0x2A, 0xFD, 0x19, 0xFC, 0x8B, 0xFB, 0xA9, 0xF5,
    0xCA, 0xF1, 0xCC, 0xF1, 0xEE, 0xF1, 0xCD, 0xF3,
    0x98, 0xF1, 0x98, 0xF3, 0x88, 0xF4, 0x43, 0xF2,
    0xAA, 0xFA, 0xA9, 0xF9, 0x76, 0xF5, 0xA9, 0xF8,
    0xA9, 0xF8, 0xBA, 0xFA, 0xAA, 0xF9, 0xBB, 0xFB,
    0xCC, 0xFB, 0xBC, 0xFB, 0x9A, 0xF9, 0xBB, 0xFA,
    0xAA, 0xF9, 0x9A, 0xF9, 0xBB, 0xFA, 0xBB, 0xF9,
    0xA9, 0xF7, 0x98, 0xF6, 0xA9, 0xF7, 0xBA, 0xF9,
    0xAA, 0xF9, 0xAA, 0xF9, 0xAA, 0xF9, 0xAA, 0xF9,
    0x77, 0xF5, 0xBA, 0xF8, 0xBA, 0xF9, 0xBB, 0xFA,
    0xBB, 0xFA, 0xBB, 0xFA, 0xBB, 0xFA, 0x99, 0xF9,
    0x55, 0xF6, 0x22, 0xF5, 0x22, 0xF5, 0x22, 0xF5,
    0x22, 0xF4, 0x32, 0xF3, 0x88, 0xF7, 0xBB, 0xFA,
    0x54, 0xF4, 0x32, 0xF4, 0x23, 0xF5, 0x23, 0xF4,
    0x22, 0xF4, 0x54, 0xF4, 0xCC, 0xFA, 0x99, 0xF7,
    0x32, 0xF2, 0x23, 0xF4, 0x23, 0xF5, 0x23, 0xF4,
    0x23, 0xF4, 0x23, 0xF4, 0x23, 0xF5, 0x23, 0xF5,
    0x12, 0xF5, 0x22, 0xF4, 0x32, 0xF3, 0x76, 0xF4,
    0xCC, 0xF9, 0x98, 0xF7, 0x55, 0xF7, 0x56, 0xF7,
    0x56, 0xF6, 0x56, 0xF5, 0x66, 0xF6, 0xBC, 0xFB,
    0xEE, 0xFD, 0xEF, 0xFE, 0xEF, 0xFF, 0xEF, 0xFF,
    0xEF, 0xFF, 0xEF, 0xFF, 0xEE, 0xFF, 0x9A, 0xFA,
    0xBC, 0xF6, 0x99, 0xF0, 0x99, 0xF1, 0x76, 0xF2,
    0x98, 0xF5, 0xDC, 0xF6, 0xDC, 0xF3, 0xDC, 0xF3,
    0xBA, 0xF3, 0x98, 0xF5, 0x32, 0xF4, 0x33, 0xF4,
    0xAA, 0xF8, 0x99, 0xF8, 0x33, 0xF5, 0x24, 0xF8,
    0x24, 0xF7, 0x24, 0xF7, 0x24, 0xF7, 0x24, 0xF7,
    0x24, 0xF7, 0x24, 0xF7, 0x24, 0xF7, 0x24, 0xF7,
    0x34, 0xF6, 0x44, 0xF5, 0x98, 0xF8, 0x98, 0xF8,
    0x54, 0xF5, 0x33, 0xF6, 0x24, 0xF6, 0x24, 0xF7,
    0x33, 0xF6, 0x66, 0xF5, 0xCC, 0xFA, 0x98, 0xF7,
    0xBA, 0xF8, 0xAA, 0xF8, 0xBB, 0xFA, 0xAA, 0xF9,
    0xAB, 0xFA, 0xBC, 0xFB, 0xAB, 0xFA, 0xBB, 0xFA,
    0xBB, 0xFA, 0xBB, 0xFA, 0xBA, 0xF9, 0x76, 0xF5,
    0x87, 0xF5, 0xBB, 0xF9, 0xBB, 0xFA, 0xAB, 0xFA,
    0xAA, 0xF9, 0xBB, 0xFA, 0xBB, 0xF9, 0x99, 0xF7,
    0xA9, 0xF7, 0xA9, 0xF7, 0xBB, 0xF9, 0xBC, 0xFA,
    0xBC, 0xFA, 0xBC, 0xFB, 0xCD, 0xFB, 0xAA, 0xF9,
    0xBC, 0xFA, 0xBB, 0xFA, 0xCC, 0xFB, 0xDD, 0xFC,
    0x88, 0xF6, 0x76, 0xF5, 0xBB, 0xF9, 0xAA, 0xF9,
    0xAA, 0xF9, 0xAB, 0xFA, 0xAA, 0xF9, 0xAA, 0xF9,
    0x98, 0xF7, 0xAA, 0xF8, 0xCA, 0xF8, 0xB8, 0xF6,
    0x62, 0xF1, 0x40, 0xF0, 0x83, 0xF1, 0xD5, 0xF3,
    0xD8, 0xF6, 0x87, 0xF8, 0x9A, 0xFD, 0x9B, 0xFD,
    0xAC, 0xFD, 0xAB, 0xFB, 0xA8, 0xF7, 0xB9, 0xF8,
    0xDC, 0xFB, 0x77, 0xF6, 0x64, 0xF3, 0xC9, 0xF7,
    0xA5, 0xF3, 0xA6, 0xF5, 0xC9, 0xF7, 0x53, 0xF2,
    0xCB, 0xFB, 0xCC, 0xFC, 0xBB, 0xFA, 0xAB, 0xFA,
    0xBB, 0xFA, 0xBB, 0xFA, 0xAB, 0xFA, 0xAB, 0xFA,
    0xAA, 0xF9, 0xBB, 0xFA, 0xBB, 0xF9, 0x87, 0xF6,
    0x87, 0xF5, 0xBB, 0xFA, 0xBB, 0xFA, 0xAA, 0xF9,
    0xBB, 0xFA, 0x99, 0xF8, 0x99, 0xF7, 0xAA, 0xF8,
    0xBB, 0xF9, 0xAA, 0xF9, 0x99, 0xF8, 0xAA, 0xF9,
    0x99, 0xF8, 0xAB, 0xFA, 0xAA, 0xF9, 0x99, 0xF8,
    0x9A, 0xF9, 0x99, 0xF8, 0xAA, 0xF9, 0xBA, 0xF9,
    0x97, 0xF5, 0x87, 0xF5, 0xAA, 0xF8, 0xAA, 0xF9,
    0x99, 0xF8, 0xAA, 0xF9, 0xBB, 0xF9, 0xBB, 0xF9,
    0x87, 0xF6, 0xA9, 0xF8, 0xBA, 0xF9, 0xAA, 0xF9,
    0xAA, 0xF9, 0xBC, 0xFB, 0xBB, 0xFA, 0xBB, 0xFA,
    0xBC, 0xFB, 0xBC, 0xFB, 0xAA, 0xF9, 0xAA, 0xF9,
    0xDC, 0xFB, 0xA9, 0xF9, 0x87, 0xF6, 0xBB, 0xF9,
    0xBA, 0xF9, 0xBA, 0xF5, 0xBB, 0xF1, 0xDD, 0xF4,
    0xAA, 0xF5, 0x32, 0xF1, 0xBA, 0xF8, 0xA8, 0xF7,
    0x32, 0xF1, 0x88, 0xF8, 0x24, 0xF6, 0x27, 0xFC,
    0x29, 0xFD, 0x28, 0xFC, 0x8A, 0xFA, 0xBA, 0xF3,
    0xB9, 0xF1, 0xCA, 0xF1, 0xCB, 0xF1, 0x87, 0xF0,
    0xBB, 0xF4, 0xEE, 0xF5, 0xAA, 0xF4, 0x33, 0xF1,
    0x78, 0xF7, 0x88, 0xF8, 0xA9, 0xF8, 0x87, 0xF6,
    0xA9, 0xF7, 0xA9, 0xF7, 0x98, 0xF7, 0x99, 0xF8,
    0x9A, 0xF9, 0x89, 0xF8, 0x9A, 0xF9, 0xAB, 0xFA,
    0xAB, 0xFA, 0x99, 0xF8, 0x99, 0xF8, 0xA9, 0xF7,
    0x98, 0xF6, 0xA9, 0xF7, 0xAA, 0xF8, 0xAA, 0xF9,
    0xAB, 0xFA, 0xBB, 0xFA, 0xAB, 0xF9, 0xCC, 0xFB,
    0xCD, 0xFB, 0x88, 0xF6, 0xBA, 0xF8, 0xCB, 0xFA,
    0xBB, 0xF9, 0xAA, 0xF9, 0xBB, 0xFA, 0x99, 0xF9,
    0x77, 0xF8, 0x23, 0xF4, 0x22, 0xF4, 0x22, 0xF4,
    0x32, 0xF2, 0x98, 0xF7, 0xBB, 0xF9, 0x43, 0xF3,
    0x22, 0xF5, 0x22, 0xF6, 0x23, 0xF5, 0x23, 0xF5,
    0x23, 0xF5, 0x22, 0xF4, 0x44, 0xF3, 0xCB, 0xFA,
    0x99, 0xF8, 0x32, 0xF3, 0x32, 0xF4, 0x22, 0xF4,
    0x23, 0xF4, 0x23, 0xF4, 0x23, 0xF4, 0x22, 0xF5,
    0x22, 0xF4, 0x22, 0xF3, 0x76, 0xF5, 0xCB, 0xF9,
    0x87, 0xF6, 0x66, 0xF6, 0x66, 0xF8, 0x99, 0xFB,
    0xBC, 0xFC, 0xBC, 0xFB, 0x89, 0xF9, 0x66, 0xF5,
    0xCC, 0xFB, 0xEF, 0xFE, 0xEF, 0xFE, 0xEF, 0xFF,
    0xEF, 0xFF, 0xEF, 0xFF, 0xEE, 0xFE, 0xBC, 0xFA,
    0xCB, 0xF5, 0x98, 0xF1, 0x66, 0xF1, 0x99, 0xF6,
    0xCB, 0xF8, 0xCB, 0xF1, 0xDD, 0xF3, 0xCB, 0xF3,
    0xDC, 0xF6, 0x98, 0xF4, 0x44, 0xF5, 0x33, 0xF6,
    0x34, 0xF5, 0xBA, 0xF9, 0xA9, 0xF9, 0x34, 0xF6,
    0x24, 0xF7, 0x34, 0xF7, 0x24, 0xF7, 0x24, 0xF7,
    0x24, 0xF7, 0x24, 0xF7, 0x24, 0xF7, 0x34, 0xF6,
    0x44, 0xF5, 0x98, 0xF8, 0x98, 0xF8, 0x44, 0xF5,
    0x34, 0xF6, 0x24, 0xF6, 0x24, 0xF6, 0x24, 0xF7,
    0x24, 0xF6, 0x33, 0xF5, 0x55, 0xF4, 0xDC, 0xFB,
    0x87, 0xF5, 0xA9, 0xF8, 0xBB, 0xF9, 0xCD, 0xFC,
    0x9A, 0xF9, 0xBC, 0xFB, 0xAB, 0xFA, 0x99, 0xF9,
    0x99, 0xF8, 0x98, 0xF7, 0x76, 0xF5, 0x87, 0xF6,
    0xBB, 0xF9, 0xAA, 0xF9, 0xAA, 0xF9, 0xAB, 0xFA,
    0x9A, 0xF9, 0xAB, 0xFA, 0xAB, 0xF9, 0xAA, 0xF8,
    0xAA, 0xF8, 0xB9, 0xF8, 0xCB, 0xF9, 0xCC, 0xFA,
    0xAB, 0xFA, 0xBC, 0xFA, 0xBB, 0xFA, 0xAA, 0xF9,
    0xBB, 0xFA, 0xBB, 0xFA, 0xBB, 0xFA, 0x98, 0xF7,
    0x87, 0xF5, 0xBB, 0xFA, 0xAA, 0xF9, 0xAB, 0xFA,
    0x9A, 0xF9, 0xAB, 0xFA, 0xAB, 0xFA, 0xAB, 0xFA,
    0xCC, 0xFB, 0x98, 0xF7, 0xCA, 0xF7, 0xD8, 0xF6,
    0x95, 0xF3, 0x53, 0xF2, 0x40, 0xF0, 0xA3, 0xF2,
    0xC6, 0xF6, 0x64, 0xF6, 0x9A, 0xFD, 0xAB, 0xFD,
    0xBC, 0xFC, 0x98, 0xF8, 0xBA, 0xF9, 0xCC, 0xFB,
    0x76, 0xF6, 0x74, 0xF3, 0xC8, 0xF7, 0xC7, 0xF4,
    0xB4, 0xF2, 0xA2, 0xF0, 0xB6, 0xF4, 0xC9, 0xF7,
    0xCC, 0xFA, 0xAB, 0xF9, 0xBB, 0xFA, 0xBB, 0xFB,
    0xBB, 0xFA, 0xBB, 0xFA, 0xDD, 0xFC, 0xBB, 0xFA,
    0x99, 0xF8, 0xBB, 0xF9, 0x87, 0xF6, 0x76, 0xF4,
    0xCB, 0xF9, 0xAA, 0xF9, 0xBC, 0xFB, 0xBB, 0xFB,
    0xBC, 0xFB, 0xAA, 0xF9, 0xCB, 0xFA, 0xAA, 0xF8,
    0xAA, 0xF9, 0xBC, 0xFA, 0xAA, 0xF9, 0xAA, 0xF9,
    0x9A, 0xF9, 0x9A, 0xF9, 0x9A, 0xF9, 0x9A, 0xF9,
    0xAB, 0xFA, 0xCC, 0xFB, 0xBB, 0xFA, 0x87, 0xF6,
    0x86, 0xF4, 0xAA, 0xF8, 0xBB, 0xF9, 0x9A, 0xF9,
    0xAA, 0xF9, 0xAA, 0xF9, 0x99, 0xF8, 0xBB, 0xFA,
    0xAA, 0xF8, 0x87, 0xF5, 0xBA, 0xF9, 0xBB, 0xFA,
    0xAA, 0xF9, 0xAA, 0xF9, 0x9A, 0xF9, 0x99, 0xF9,
    0xAB, 0xFA, 0x99, 0xF9, 0xAB, 0xFA, 0xBA, 0xFA,
    0xA9, 0xF7, 0x76, 0xF5, 0xBA, 0xF9, 0xAA, 0xF9,
    0xAA, 0xFA, 0xBA, 0xF5, 0xBA, 0xF0, 0xDC, 0xF1,
    0xDD, 0xF6, 0x54, 0xF1, 0x64, 0xF1, 0xA8, 0xF5,
    0xB9, 0xF5, 0x87, 0xF5, 0x11, 0xF3, 0x02, 0xF7,
    0x39, 0xFC, 0x49, 0xFC, 0x8A, 0xF8, 0xCB, 0xF4,
    0xA8, 0xF1, 0xA8, 0xF1, 0x97, 0xF1, 0xCB, 0xF3,
    0xEE, 0xF5, 0xEF, 0xF5, 0xCC, 0xF2, 0x44, 0xF1,
    0x67, 0xF6, 0x99, 0xF9, 0xAA, 0xFA, 0xAA, 0xF8,
    0x98, 0xF7, 0xA9, 0xF7, 0xA9, 0xF8, 0xBB, 0xFA,
    0xBB, 0xFA, 0x9A, 0xF9, 0x99, 0xF8, 0x99, 0xF9,
    0xAA, 0xFA, 0xCC, 0xFB, 0xBA, 0xF8, 0x98, 0xF5,
    0xBA, 0xF7, 0xCC, 0xF9, 0xBB, 0xF9, 0xAB, 0xFA,
    0xAB, 0xFA, 0xBC, 0xFA, 0xCD, 0xFB, 0xBC, 0xFB,
    0xDD, 0xFC, 0xDE, 0xFC, 0x99, 0xF7, 0xBA, 0xF8,
    0xDD, 0xFC, 0xDD, 0xFC, 0xDE, 0xFD, 0xBC, 0xFB,
    0x9A, 0xF9, 0x56, 0xF7, 0x22, 0xF5, 0x42, 0xF5,
    0xA9, 0xF8, 0xBA, 0xF8, 0x43, 0xF2, 0x32, 0xF5,
    0x23, 0xF6, 0x23, 0xF5, 0x23, 0xF5, 0x22, 0xF5,
    0x33, 0xF4, 0x23, 0xF4, 0x23, 0xF4, 0x44, 0xF4,
    0xCB, 0xFA, 0xA9, 0xF8, 0x33, 0xF2, 0x33, 0xF4,
    0x22, 0xF5, 0x23, 0xF5, 0x23, 0xF4, 0x22, 0xF4,
    0x32, 0xF3, 0x77, 0xF5, 0xCB, 0xF9, 0x77, 0xF6,
    0x22, 0xF3, 0x56, 0xF7, 0x67, 0xF8, 0xAB, 0xFC,
    0xCD, 0xFC, 0xEE, 0xFE, 0xEF, 0xFE, 0xCD, 0xFC,
    0x56, 0xF5, 0xBC, 0xFB, 0xEF, 0xFF, 0xEF, 0xFF,
    0xEF, 0xFF, 0xEF, 0xFF, 0xEE, 0xFE, 0xBC, 0xF9,
    0xA9, 0xF4, 0x64, 0xF1, 0x99, 0xF7, 0xCC, 0xF9,
    0x87, 0xF3, 0xBA, 0xF0, 0xDE, 0xF2, 0xCC, 0xF3,
    0xDD, 0xF6, 0x76, 0xF1, 0x86, 0xF6, 0x32, 0xF6,
    0x23, 0xF7, 0x33, 0xF5, 0xA9, 0xF9, 0xBA, 0xF9,
    0x44, 0xF6, 0x24, 0xF7, 0x24, 0xF8, 0x24, 0xF7,
    0x24, 0xF8, 0x24, 0xF7, 0x34, 0xF6, 0x55, 0xF5,
    0x99, 0xF8, 0x98, 0xF7, 0x54, 0xF6, 0x34, 0xF7,
    0x24, 0xF6, 0x24, 0xF6, 0x34, 0xF6, 0x23, 0xF6,
    0x23, 0xF6, 0x34, 0xF7, 0x33, 0xF5, 0x54, 0xF3,
    0xAA, 0xF9, 0x97, 0xF6, 0xB9, 0xF8, 0xBB, 0xF9,
    0xAB, 0xFA, 0xAB, 0xFA, 0x9A, 0xF9, 0xAA, 0xF8,
    0xA9, 0xF8, 0x65, 0xF3, 0x98, 0xF7, 0xBB, 0xF9,
    0xBB, 0xFA, 0xAB, 0xFA, 0xBB, 0xFB, 0xBB, 0xFB,
    0xAB, 0xFA, 0xBC, 0xFB, 0xBC, 0xFB, 0x9A, 0xF8,
    0xBC, 0xFA, 0x99, 0xF7, 0x98, 0xF6, 0xB9, 0xF8,
    0xBB, 0xF9, 0xBB, 0xFA, 0xBC, 0xFB, 0xCD, 0xFC,
    0xCC, 0xFB, 0xBB, 0xF9, 0x77, 0xF6, 0x66, 0xF4,
    0xAA, 0xF9, 0xBB, 0xFA, 0xAA, 0xF9, 0xAA, 0xF9,
    0xBC, 0xFB, 0xAB, 0xFA, 0xBC, 0xFB, 0xBB, 0xFA,
    0x9A, 0xF8, 0xAB, 0xF9, 0xA8, 0xF6, 0xD9, 0xF7,
    0xA6, 0xF4, 0x84, 0xF2, 0x62, 0xF1, 0x60, 0xF0,
    0x94, 0xF4, 0x64, 0xF6, 0xAA, 0xFC, 0xBB, 0xFB,
    0x87, 0xF7, 0x88, 0xF7, 0xAA, 0xFA, 0x43, 0xF3,
    0x96, 0xF5, 0xB7, 0xF6, 0xC9, 0xF7, 0xC6, 0xF5,
    0xA3, 0xF0, 0xB2, 0xF0, 0xC5, 0xF2, 0x96, 0xF4,
    0xBA, 0xF8, 0xBB, 0xF9, 0xAA, 0xF8, 0x9A, 0xF9,
    0xAB, 0xFA, 0xAB, 0xFB, 0xAA, 0xFA, 0xAA, 0xF9,
    0xBB, 0xF9, 0x88, 0xF5, 0x87, 0xF5, 0xAA, 0xF9,
    0xBC, 0xFA, 0xBB, 0xFA, 0xAB, 0xFA, 0xAB, 0xFA,
    0xAB, 0xFA, 0xAA, 0xFA, 0xAA, 0xF9, 0xAA, 0xF9,
    0x99, 0xF8, 0xCC, 0xFB, 0xCD, 0xFC, 0xAB, 0xFA,
    0xAB, 0xFA, 0xCD, 0xFB, 0xAB, 0xFA, 0xBC, 0xFB,
    0xAA, 0xF9, 0xBB, 0xF9, 0x98, 0xF6, 0x76, 0xF4,
    0x99, 0xF8, 0xBB, 0xFA, 0xAA, 0xFA, 0xAA, 0xFA,
    0x99, 0xF9, 0xAB, 0xFA, 0xAA, 0xF9, 0xAA, 0xF9,
    0xCC, 0xFB, 0xBB, 0xFA, 0x77, 0xF5, 0xA9, 0xF8,
    0xBB, 0xF9, 0xBB, 0xFA, 0xBB, 0xFA, 0xBB, 0xFB,
    0x9A, 0xFA, 0x9A, 0xF9, 0xBB, 0xF9, 0x98, 0xF7,
    0x86, 0xF5, 0xAA, 0xF8, 0xBB, 0xFB, 0xBC, 0xFB,
    0xAB, 0xFA, 0x99, 0xF5, 0xB9, 0xF0, 0xDC, 0xF1,
    0xAA, 0xF1, 0x98, 0xF3, 0x75, 0xF2, 0x98, 0xF2,
    0xA8, 0xF2, 0xDB, 0xF7, 0xA8, 0xF7, 0x11, 0xF4,
    0x04, 0xF8, 0x6A, 0xFB, 0x9B, 0xF6, 0xB9, 0xF3,
    0xA6, 0xF2, 0x85, 0xF1, 0xCB, 0xF2, 0xEF, 0xF2,
    0xDE, 0xF4, 0xEF, 0xF5, 0xDD, 0xF2, 0x56, 0xF0,
    0x11, 0xF1, 0x77, 0xF7, 0xAA, 0xFA, 0x9A, 0xF9,
    0xAA, 0xF9, 0x77, 0xF6, 0xA9, 0xF6, 0xBA, 0xF8,
    0xCC, 0xFB, 0xCC, 0xFC, 0xBC, 0xFB, 0xCD, 0xFC,
    0xBB, 0xF9, 0xBA, 0xF9, 0xA9, 0xF7, 0xBA, 0xF9,
    0xCB, 0xFA, 0xBB, 0xFA, 0xBB, 0xFA, 0xBB, 0xFA,
    0xCD, 0xFB, 0xDD, 0xFC, 0xCC, 0xFB, 0xCC, 0xFB,
    0xCC, 0xFB, 0xDD, 0xFC, 0xDD, 0xFC, 0x99, 0xF7,
    0xBA, 0xF9, 0xDC, 0xFB, 0xCC, 0xFA, 0xCC, 0xFB,
    0xAA, 0xFA, 0x66, 0xF7, 0x54, 0xF4, 0xA9, 0xF8,
    0x97, 0xF8, 0x42, 0xF3, 0x22, 0xF5, 0x23, 0xF5,
    0x22, 0xF6, 0x23, 0xF6, 0x23, 0xF5, 0x23, 0xF5,
    0x23, 0xF5, 0x23, 0xF5, 0x23, 0xF5, 0x33, 0xF4,
    0x44, 0xF4, 0xCB, 0xFA, 0xBA, 0xF9, 0x43, 0xF3,
    0x23, 0xF4, 0x13, 0xF4, 0x23, 0xF3, 0x43, 0xF2,
    0x98, 0xF7, 0xBA, 0xF9, 0x55, 0xF5, 0x22, 0xF3,
    0x22, 0xF4, 0x56, 0xF8, 0x67, 0xF8, 0xAB, 0xFB,
    0xCD, 0xFD, 0xDE, 0xFE, 0xEF, 0xFE, 0xEF, 0xFF,
    0xCD, 0xFC, 0x66, 0xF6, 0xBC, 0xFB, 0xEF, 0xFE,
    0xEF, 0xFF, 0xEF, 0xFF, 0xEF, 0xFE, 0xBB, 0xFA,
    0x54, 0xF2, 0xBA, 0xF8, 0xCB, 0xF7, 0xA8, 0xF4,
    0x65, 0xF0, 0xBA, 0xF0, 0xDD, 0xF1, 0xCC, 0xF2,
    0xDD, 0xF5, 0x76, 0xF1, 0x74, 0xF4, 0x32, 0xF4,
    0x13, 0xF7, 0x24, 0xF7, 0x44, 0xF5, 0xA9, 0xF8,
    0xBA, 0xF9, 0x44, 0xF5, 0x34, 0xF6, 0x24, 0xF8,
    0x24, 0xF9, 0x34, 0xF6, 0x55, 0xF5, 0x98, 0xF8,
    0x86, 0xF7, 0x44, 0xF6, 0x34, 0xF6, 0x24, 0xF6,
    0x24, 0xF6, 0x24, 0xF7, 0x24, 0xF6, 0x24, 0xF6,
    0x24, 0xF6, 0x24, 0xF6, 0x34, 0xF6, 0x34, 0xF6,
    0xAB, 0xF9, 0xAA, 0xF8, 0x87, 0xF5, 0xBA, 0xF9,
    0xAA, 0xF9, 0x99, 0xF8, 0xBB, 0xF9, 0xBA, 0xF8,
    0x65, 0xF3, 0xA8, 0xF7, 0xCB, 0xFA, 0xBB, 0xFA,
    0xAB, 0xFA, 0xAB, 0xFA, 0x9A, 0xF9, 0xAB, 0xFA,
    0xAB, 0xFA, 0x99, 0xF9, 0xAA, 0xF9, 0xAB, 0xFA,
    0xBC, 0xFB, 0xBC, 0xFA, 0x98, 0xF7, 0xB9, 0xF7,
    0xBB, 0xF9, 0xBC, 0xFA, 0xBB, 0xFA, 0xBB, 0xFA,
    0xBB, 0xFA, 0x77, 0xF5, 0x76, 0xF5, 0xAA, 0xF8,
    0xBB, 0xFA, 0xAB, 0xFA, 0xCC, 0xFB, 0xBC, 0xFB,
    0xBC, 0xFB, 0xBC, 0xFB, 0xAB, 0xFA, 0x9A, 0xF9,
    0xBB, 0xFA, 0xBC, 0xFA, 0xBB, 0xFA, 0xA7, 0xF5,
    0xDA, 0xF8, 0x95, 0xF3, 0x83, 0xF1, 0xA4, 0xF2,
    0x61, 0xF0, 0x41, 0xF1, 0x76, 0xF7, 0x87, 0xF8,
    0xAA, 0xFA, 0x56, 0xF6, 0x76, 0xF6, 0xCA, 0xFA,
    0xB8, 0xF7, 0xDA, 0xF8, 0xD9, 0xF7, 0xB6, 0xF4,
    0xB3, 0xF0, 0xB2, 0xF0, 0xD6, 0xF3, 0xB8, 0xF6,
    0x98, 0xF7, 0xBA, 0xF9, 0xCB, 0xFA, 0xAA, 0xF9,
    0x9A, 0xF9, 0xAB, 0xFA, 0xBB, 0xFA, 0xA9, 0xF8,
    0x76, 0xF4, 0x87, 0xF5, 0xBA, 0xF8, 0xBB, 0xFA,
    0xAB, 0xFA, 0xAB, 0xF9, 0xBB, 0xFA, 0xAA, 0xF9,
    0xAB, 0xFA, 0x99, 0xF9, 0x9A, 0xF9, 0x99, 0xF9,
    0xAB, 0xFA, 0x99, 0xF8, 0xBC, 0xFB, 0xCD, 0xFC,
    0xAB, 0xFA, 0xCC, 0xFB, 0xAA, 0xF9, 0xBA, 0xF9,
    0x98, 0xF7, 0x87, 0xF5, 0x87, 0xF5, 0xBA, 0xF9,
    0xBB, 0xFA, 0xBB, 0xFA, 0xAB, 0xFA, 0xAA, 0xFA,
    0xAA, 0xF9, 0xAA, 0xFA, 0xAA, 0xF9, 0xBB, 0xFB,
    0x99, 0xF8, 0xCC, 0xFB, 0xBB, 0xF9, 0x88, 0xF6,
    0xA9, 0xF7, 0xCC, 0xFA, 0x99, 0xF8, 0xBC, 0xFB,
    0xAB, 0xF9, 0xA9, 0xF8, 0x87, 0xF6, 0x76, 0xF5,
    0xAA, 0xF9, 0xBB, 0xFA, 0x99, 0xF9, 0xAB, 0xFA,
    0xBC, 0xFB, 0xA9, 0xF6, 0xCB, 0xF3, 0xDC, 0xF1,
    0xBA, 0xF1, 0xBA, 0xF5, 0x76, 0xF2, 0x98, 0xF2,
    0xCA, 0xF1, 0xA8, 0xF1, 0xCB, 0xF7, 0x77, 0xF5,
    0x01, 0xF5, 0x45, 0xF8, 0xAA, 0xF8, 0xA7, 0xF3,
    0x85, 0xF1, 0xBA, 0xF1, 0xED, 0xF0, 0xEF, 0xF0,
    0xDE, 0xF3, 0xEF, 0xF5, 0xDE, 0xF1, 0x55, 0xF0,
    0x88, 0xF8, 0xAA, 0xFB, 0xBB, 0xFB, 0xAA, 0xF9,
    0xBB, 0xFB, 0xBB, 0xFA, 0x98, 0xF7, 0xBA, 0xF8,
    0xBA, 0xF8, 0xAA, 0xF9, 0xBB, 0xFB, 0xBB, 0xFA,
    0xA9, 0xF7, 0x98, 0xF6, 0xA9, 0xF8, 0xBB, 0xFA,
    0xBB, 0xFA, 0xCC, 0xFB, 0xBB, 0xFB, 0xAB, 0xFA,
    0xAA, 0xF9, 0xCC, 0xFB, 0xCC, 0xFB, 0xBB, 0xFA,
    0xBB, 0xFA, 0xBC, 0xFB, 0xBB, 0xFA, 0xCC, 0xFB,
    0x98, 0xF7, 0xBA, 0xF8, 0xCC, 0xF9, 0xBB, 0xFA,
    0xBA, 0xFA, 0x97, 0xF6, 0xA9, 0xF7, 0x76, 0xF5,
    0x32, 0xF3, 0x22, 0xF5, 0x22, 0xF6, 0x23, 0xF6,
    0x23, 0xF6, 0x23, 0xF6, 0x23, 0xF6, 0x23, 0xF6,
    0x23, 0xF6, 0x23, 0xF6, 0x23, 0xF6, 0x22, 0xF5,
    0x33, 0xF4, 0x44, 0xF4, 0xCB, 0xFA, 0xBB, 0xFA,
    0x33, 0xF3, 0x22, 0xF3, 0x54, 0xF3, 0xB9, 0xF8,
    0xBA, 0xF8, 0x53, 0xF3, 0x22, 0xF3, 0x22, 0xF4,
    0x13, 0xF4, 0x56, 0xF8, 0x67, 0xF8, 0xAB, 0xFB,
    0xCD, 0xFC, 0xDE, 0xFD, 0xEF, 0xFE, 0xEF, 0xFF,
    0xEF, 0xFF, 0xCD, 0xFC, 0x45, 0xF5, 0xBC, 0xFB,
    0xEF, 0xFF, 0xEF, 0xFF, 0xDE, 0xFD, 0x65, 0xF5,
    0xCB, 0xF9, 0xCB, 0xF7, 0x98, 0xF2, 0x87, 0xF2,
    0x76, 0xF1, 0xBA, 0xF0, 0xDD, 0xF1, 0xCC, 0xF1,
    0xDC, 0xF4, 0x76, 0xF1, 0x74, 0xF4, 0x42, 0xF4,
    0x23, 0xF6, 0x13, 0xF7, 0x24, 0xF7, 0x43, 0xF5,
    0xA9, 0xF8, 0xCB, 0xFA, 0x55, 0xF4, 0x34, 0xF6,
    0x44, 0xF7, 0x76, 0xF7, 0x98, 0xF8, 0x76, 0xF7,
    0x44, 0xF6, 0x34, 0xF7, 0x34, 0xF7, 0x34, 0xF7,
    0x34, 0xF7, 0x34, 0xF7, 0x24, 0xF7, 0x24, 0xF7,
    0x24, 0xF7, 0x24, 0xF7, 0x34, 0xF7, 0x34, 0xF7,
    0xBC, 0xFA, 0xAB, 0xF9, 0xAB, 0xF9, 0x87, 0xF5,
    0xA9, 0xF8, 0xCC, 0xFA, 0xA8, 0xF7, 0x63, 0xF2,
    0xBB, 0xF9, 0xCB, 0xF9, 0xA9, 0xF8, 0xBC, 0xFB,
    0xAB, 0xF9, 0xAC, 0xFA, 0xBC, 0xFA, 0x89, 0xF8,
    0xAA, 0xF9, 0x99, 0xF8, 0xAA, 0xF9, 0x99, 0xF8,
    0xBC, 0xFB, 0xAA, 0xF9, 0xAA, 0xF9, 0x98, 0xF7,
    0x88, 0xF6, 0xAA, 0xF8, 0xAA, 0xF9, 0xBB, 0xFA,
    0x66, 0xF5, 0x88, 0xF7, 0xCC, 0xFB, 0xBB, 0xF9,
    0xCC, 0xFB, 0xAA, 0xF9, 0xBB, 0xFA, 0xAA, 0xF9,
    0xAB, 0xFA, 0xAB, 0xFA, 0xBC, 0xFB, 0xAA, 0xF9,
    0xAB, 0xFA, 0xCD, 0xFC, 0xBB, 0xFA, 0x87, 0xF6,
    0xA7, 0xF6, 0xDB, 0xF9, 0xA5, 0xF3, 0xB5, 0xF1,
    0xA4, 0xF2, 0x96, 0xF5, 0x87, 0xF7, 0x55, 0xF6,
    0x44, 0xF6, 0x43, 0xF3, 0xDC, 0xFB, 0xCA, 0xF9,
    0xC9, 0xF7, 0xDA, 0xF8, 0xD9, 0xF7, 0xB5, 0xF3,
    0xB3, 0xF1, 0xC3, 0xF1, 0xC6, 0xF3, 0xB9, 0xF7,
    0xBB, 0xFA, 0x99, 0xF8, 0xBB, 0xF9, 0xBB, 0xFA,
    0xBB, 0xFA, 0xCC, 0xFB, 0xA9, 0xF8, 0x76, 0xF5,
    0x88, 0xF6, 0xAA, 0xF8, 0xCD, 0xFB, 0xBB, 0xFA,
    0xAA, 0xF9, 0xCC, 0xFB, 0xAB, 0xFA, 0x9A, 0xF9,
    0x99, 0xF9, 0x88, 0xF8, 0x99, 0xF8, 0x9A, 0xF9,
    0x99, 0xF8, 0xAA, 0xF9, 0x99, 0xF8, 0xBB, 0xFA,
    0xCC, 0xFB, 0xAA, 0xF8, 0xBA, 0xF8, 0xA9, 0xF7,
    0x87, 0xF5, 0x86, 0xF5, 0xBA, 0xF9, 0xAA, 0xF9,
    0xAB, 0xFA, 0xAA, 0xF9, 0xBB, 0xFA, 0x99, 0xF9,
    0x99, 0xF9, 0xBB, 0xFA, 0xBC, 0xFB, 0xBB, 0xFB,
    0xBB, 0xFB, 0xAA, 0xF9, 0xBC, 0xFB, 0xAA, 0xF9,
    0x98, 0xF7, 0xBA, 0xF9, 0xBA, 0xF9, 0xAA, 0xF8,
    0xBA, 0xF9, 0x87, 0xF6, 0x87, 0xF6, 0xAA, 0xF8,
    0xAA, 0xF9, 0xAB, 0xFA, 0xAB, 0xFB, 0xCD, 0xFD,
    0xBB, 0xFA, 0xAA, 0xF7, 0xCA, 0xF4, 0xDC, 0xF1,
    0xED, 0xF4, 0x75, 0xF2, 0x75, 0xF1, 0x66, 0xF0,
    0xBA, 0xF0, 0xCA, 0xF2, 0xA9, 0xF4, 0xBA, 0xF8,
    0x33, 0xF3, 0x54, 0xF5, 0x87, 0xF4, 0x75, 0xF0,
    0xA8, 0xF1, 0xBA, 0xF1, 0xDD, 0xF0, 0xEF, 0xF0,
    0xDE, 0xF2, 0xEF, 0xF5, 0xDE, 0xF2, 0x66, 0xF0,
    0x44, 0xF4, 0x44, 0xF4, 0xAA, 0xFA, 0xAB, 0xFA,
    0xAA, 0xFA, 0xBB, 0xFB, 0xBA, 0xFA, 0xA9, 0xF8,
    0xBA, 0xF8, 0xBB, 0xF9, 0xBB, 0xFA, 0x99, 0xF7,
    0x99, 0xF6, 0xAA, 0xF8, 0xAA, 0xF9, 0xBB, 0xFB,
    0xBB, 0xFB, 0xBB, 0xFB, 0xBB, 0xFB, 0xBB, 0xFB,
    0x99, 0xF8, 0xAA, 0xF9, 0xAB, 0xFA, 0x9A, 0xF9,
    0xBC, 0xFB, 0x9A, 0xF9, 0xAB, 0xFA, 0xAB, 0xFA,
    0xBB, 0xFA, 0x98, 0xF6, 0xCB, 0xF8, 0xDC, 0xFA,
    0xB8, 0xF8, 0xA8, 0xF7, 0x76, 0xF5, 0x22, 0xF2,
    0x13, 0xF3, 0x13, 0xF5, 0x22, 0xF5, 0x22, 0xF5,
    0x22, 0xF5, 0x23, 0xF5, 0x23, 0xF5, 0x23, 0xF5,
    0x33, 0xF5, 0x34, 0xF6, 0x33, 0xF6, 0x23, 0xF5,
    0x23, 0xF5, 0x23, 0xF4, 0x44, 0xF3, 0xCC, 0xFA,
    0xBB, 0xFA, 0x75, 0xF4, 0xCA, 0xF8, 0xA8, 0xF7,
    0x43, 0xF2, 0x32, 0xF3, 0x22, 0xF4, 0x12, 0xF5,
    0x12, 0xF4, 0x56, 0xF7, 0x67, 0xF8, 0xAA, 0xFB,
    0xCC, 0xFC, 0xDE, 0xFD, 0xEF, 0xFF, 0xEF, 0xFE,
    0xEF, 0xFF, 0xEF, 0xFF, 0xAA, 0xFA, 0x89, 0xF9,
    0xCD, 0xFC, 0xEF, 0xFF, 0xDE, 0xFD, 0xBB, 0xF9,
    0xBA, 0xF7, 0x98, 0xF1, 0x99, 0xF1, 0x55, 0xF1,
    0x98, 0xF2, 0xA9, 0xF0, 0xDD, 0xF0, 0xCC, 0xF1,
    0xDC, 0xF3, 0x87, 0xF2, 0x73, 0xF3, 0x52, 0xF5,
    0x22, 0xF6, 0x13, 0xF7, 0x24, 0xF8, 0x24, 0xF8,
    0x33, 0xF5, 0xA9, 0xF7, 0xCC, 0xFA, 0x65, 0xF4,
    0x87, 0xF7, 0x98, 0xF9, 0x65, 0xF7, 0x34, 0xF7,
    0x34, 0xF7, 0x34, 0xF7, 0x34, 0xF7, 0x34, 0xF7,
    0x34, 0xF7, 0x34, 0xF7, 0x34, 0xF7, 0x24, 0xF7,
    0x24, 0xF7, 0x24, 0xF7, 0x24, 0xF7, 0x24, 0xF7,
    0xAB, 0xF9, 0xAB, 0xF9, 0xAA, 0xF9, 0xBA, 0xF9,
    0x87, 0xF4, 0x87, 0xF4, 0x75, 0xF3, 0xBA, 0xF9,
    0xBB, 0xF9, 0xBB, 0xFA, 0xBB, 0xFA, 0xBB, 0xFA,
    0xAB, 0xF9, 0xAB, 0xFA, 0xAA, 0xF9, 0xAA, 0xF9,
    0xAA, 0xF9, 0xBB, 0xFA, 0x9A, 0xF9, 0x99, 0xF8,
    0x9A, 0xF9, 0x9A, 0xF9, 0xAA, 0xF9, 0xBA, 0xF9,
    0xAA, 0xF8, 0xAA, 0xF8, 0xBA, 0xF8, 0x75, 0xF4,
    0x88, 0xF7, 0xBB, 0xFA, 0xAA, 0xF9, 0xBB, 0xFA,
    0xAB, 0xF9, 0xAA, 0xF9, 0xAA, 0xF9, 0xAA, 0xFA,
    0xBB, 0xFB, 0xBB, 0xFB, 0xBB, 0xFA, 0xBB, 0xFB,
    0xBC, 0xFB, 0xCD, 0xFC, 0xBB, 0xFA, 0x87, 0xF6,
    0x74, 0xF3, 0xA7, 0xF6, 0xDB, 0xF8, 0xB7, 0xF3,
    0xC6, 0xF3, 0x95, 0xF4, 0x53, 0xF4, 0x53, 0xF5,
    0xB9, 0xFA, 0xA8, 0xF8, 0xD9, 0xF8, 0xC9, 0xF8,
    0xDA, 0xF8, 0xD9, 0xF7, 0xC8, 0xF6, 0xA4, 0xF3,
    0xA2, 0xF0, 0xB4, 0xF2, 0xB6, 0xF4, 0xB9, 0xF8,
    0xCC, 0xFB, 0xCD, 0xFB, 0xAA, 0xF8, 0xCC, 0xFA,
    0xCB, 0xF9, 0xA9, 0xF7, 0x65, 0xF3, 0xAA, 0xF9,
    0xCC, 0xFA, 0x99, 0xF8, 0xAA, 0xF9, 0xAA, 0xF9,
    0xAA, 0xF9, 0xAA, 0xF9, 0xAA, 0xF9, 0xAB, 0xFA,
    0xAA, 0xF9, 0xAA, 0xF9, 0x99, 0xF8, 0xAA, 0xF9,
    0xBB, 0xFA, 0x99, 0xF8, 0x9A, 0xF9, 0x99, 0xF8,
    0xAB, 0xF9, 0xCC, 0xFA, 0xA9, 0xF7, 0x76, 0xF3,
    0x97, 0xF5, 0xAA, 0xF8, 0xAA, 0xF9, 0x9A, 0xF9,
    0xBB, 0xFB, 0xBB, 0xFA, 0x99, 0xF8, 0xAA, 0xFA,
    0xAB, 0xFA, 0xBB, 0xFA, 0xBB, 0xFB, 0xCC, 0xFB,
    0xAB, 0xFA, 0xAA, 0xFA, 0xAA, 0xF9, 0xBB, 0xFA,
    0xBB, 0xFA, 0x98, 0xF7, 0xCB, 0xF9, 0xA8, 0xF6,
    0x76, 0xF4, 0x97, 0xF6, 0xBB, 0xFA, 0xBB, 0xFA,
    0xBC, 0xFB, 0xAA, 0xFA, 0xBC, 0xFC, 0xAB, 0xFB,
    0xBB, 0xFB, 0xCB, 0xF9, 0xBA, 0xF3, 0xCB, 0xF1,
    0xEE, 0xF6, 0x65, 0xF2, 0x64, 0xF1, 0x87, 0xF0,
    0xB9, 0xF0, 0xCA, 0xF1, 0xDC, 0xF7, 0xB9, 0xF6,
    0x98, 0xF5, 0x86, 0xF5, 0x53, 0xF2, 0x98, 0xF4,
    0xCB, 0xF4, 0xA9, 0xF0, 0xDD, 0xF0, 0xEF, 0xF0,
    0xEE, 0xF1, 0xEF, 0xF6, 0xEE, 0xF3, 0x99, 0xF2,
    0xCC, 0xFB, 0xAA, 0xFB, 0xBC, 0xFC, 0xBB, 0xFA,
    0xBB, 0xFB, 0xBC, 0xFB, 0xAA, 0xFA, 0xAA, 0xFA,
    0x98, 0xF7, 0xBA, 0xF8, 0x98, 0xF6, 0xA9, 0xF7,
    0xAA, 0xF9, 0x99, 0xF8, 0xAA, 0xF9, 0xAA, 0xF9,
    0x88, 0xF8, 0x99, 0xF9, 0x99, 0xF9, 0xAA, 0xF9,
    0x99, 0xF8, 0xAA, 0xFA, 0xAB, 0xFA, 0xAA, 0xF9,
    0x9A, 0xF9, 0xAA, 0xF9, 0x9A, 0xF9, 0xBB, 0xFA,
    0xBB, 0xFA, 0xCB, 0xFA, 0xBA, 0xF8, 0xB9, 0xF6,
    0xB9, 0xF7, 0xCB, 0xFA, 0x66, 0xF6, 0x22, 0xF3,
    0x12, 0xF4, 0x12, 0xF4, 0x23, 0xF3, 0x23, 0xF3,
    0x23, 0xF3, 0x23, 0xF3, 0x23, 0xF3, 0x23, 0xF3,
    0x23, 0xF3, 0x23, 0xF4, 0x23, 0xF4, 0x23, 0xF4,
    0x23, 0xF4, 0x23, 0xF3, 0x23, 0xF2, 0x44, 0xF3,
    0xBA, 0xF8, 0xA9, 0xF6, 0x76, 0xF4, 0x32, 0xF2,
    0x22, 0xF4, 0x22, 0xF4, 0x22, 0xF5, 0x12, 0xF5,
    0x13, 0xF5, 0x56, 0xF8, 0x67, 0xF8, 0xAA, 0xFB,
    0xCD, 0xFC, 0xDE, 0xFD, 0xEF, 0xFF, 0xEF, 0xFF,
    0xEF, 0xFE, 0xEF, 0xFE, 0xEF, 0xFF, 0x89, 0xF9,
    0xDE, 0xFE, 0xBC, 0xFB, 0xAA, 0xF8, 0x98, 0xF5,
    0x98, 0xF2, 0xAA, 0xF1, 0x88, 0xF0, 0x43, 0xF0,
    0x98, 0xF1, 0x99, 0xF0, 0xCC, 0xF0, 0xCC, 0xF0,
    0xDC, 0xF3, 0xA8, 0xF3, 0x62, 0xF2, 0x63, 0xF5,
    0x22, 0xF6, 0x22, 0xF7, 0x23, 0xF7, 0x23, 0xF8,
    0x24, 0xF7, 0x43, 0xF4, 0xA9, 0xF7, 0xA8, 0xF6,
    0x87, 0xF5, 0x54, 0xF5, 0x34, 0xF7, 0x34, 0xF8,
    0x34, 0xF7, 0x34, 0xF7, 0x34, 0xF8, 0x34, 0xF8,
    0x34, 0xF7, 0x34, 0xF7, 0x34, 0xF7, 0x34, 0xF7,
    0x34, 0xF7, 0x34, 0xF7, 0x34, 0xF7, 0x24, 0xF7,
    0x99, 0xF8, 0xAA, 0xF9, 0xA9, 0xF9, 0xBB, 0xF9,
    0x87, 0xF5, 0x53, 0xF0, 0xCB, 0xF9, 0xBC, 0xFA,
    0xBC, 0xFA, 0xCC, 0xFB, 0xBB, 0xFA, 0xBB, 0xFA,
    0xBB, 0xFA, 0xBB, 0xFA, 0xAA, 0xF9, 0xBB, 0xFA,
    0xBB, 0xFA, 0xAA, 0xF9, 0x9A, 0xF9, 0xBB, 0xFA,
    0xAB, 0xFA, 0xAB, 0xFA, 0xAB, 0xFA, 0xCC, 0xFA,
    0xAA, 0xF9, 0xBB, 0xF9, 0x76, 0xF4, 0x86, 0xF5,
    0xA9, 0xF8, 0xAA, 0xF9, 0xCC, 0xFB, 0xCC, 0xFB,
    0xBC, 0xFB, 0x99, 0xF8, 0xAA, 0xF9, 0x9A, 0xF9,
    0x99, 0xF8, 0xAB, 0xFA, 0x89, 0xF8, 0xAA, 0xFA,
    0x9A, 0xF9, 0x99, 0xF8, 0xAA, 0xF9, 0x86, 0xF5,
    0x74, 0xF3, 0x73, 0xF2, 0xA8, 0xF6, 0x97, 0xF4,
    0xA4, 0xF1, 0x74, 0xF3, 0x11, 0xF3, 0x64, 0xF5,
    0xC9, 0xF9, 0xA7, 0xF6, 0xC7, 0xF6, 0xD9, 0xF8,
    0xD9, 0xF8, 0xD9, 0xF8, 0xB7, 0xF5, 0xB5, 0xF3,
    0x92, 0xF0, 0xB4, 0xF3, 0xB7, 0xF5, 0xBA, 0xF9,
    0xCC, 0xFB, 0xCD, 0xFC, 0xBB, 0xFA, 0xBA, 0xF8,
    0x98, 0xF6, 0x76, 0xF4, 0xAA, 0xF8, 0xBB, 0xFA,
    0x9A, 0xF8, 0xAA, 0xF9, 0x99, 0xF8, 0xAA, 0xFA,
    0xAA, 0xFA, 0xCC, 0xFC, 0xAA, 0xF9, 0xAB, 0xFA,
    0xBC, 0xFB, 0xBB, 0xFA, 0xAA, 0xF9, 0xAB, 0xFA,
    0x9A, 0xF9, 0x99, 0xF8, 0x99, 0xF8, 0xAA, 0xF9,
    0xAA, 0xF9, 0x99, 0xF7, 0x75, 0xF3, 0xA9, 0xF7,
    0xA9, 0xF7, 0xAA, 0xF9, 0x99, 0xF8, 0xAB, 0xFA,
    0xAA, 0xFA, 0xAA, 0xF9, 0xAA, 0xFA, 0xAB, 0xFA,
    0xAA, 0xF9, 0xBB, 0xFA, 0x99, 0xF8, 0xAA, 0xFA,
    0xBB, 0xFB, 0xAA, 0xF9, 0xAA, 0xFA, 0xA9, 0xF9,
    0x99, 0xF8, 0xAA, 0xF8, 0x97, 0xF5, 0x75, 0xF3,
    0xBA, 0xF8, 0xAA, 0xF9, 0xAA, 0xF9, 0x9A, 0xF8,
    0xBB, 0xFB, 0x9A, 0xF9, 0xAB, 0xFA, 0xAA, 0xFA,
    0xAA, 0xFA, 0xAA, 0xF9, 0xA9, 0xF3, 0xCB, 0xF1,
    0xDB, 0xF4, 0xA9, 0xF5, 0x53, 0xF0, 0x87, 0xF0,
    0xB9, 0xF0, 0xCA, 0xF1, 0xDB, 0xF6, 0xBA, 0xF7,
    0x64, 0xF0, 0x54, 0xF3, 0x20, 0xF1, 0x32, 0xF1,
    0x76, 0xF3, 0x98, 0xF1, 0xDD, 0xF2, 0xEE, 0xF1,
    0xEE, 0xF1, 0xEF, 0xF5, 0xEE, 0xF3, 0xAA, 0xF3,
    0x88, 0xF7, 0x89, 0xF9, 0x9A, 0xFA, 0xAB, 0xFA,
    0xAA, 0xFA, 0xBC, 0xFB, 0xAB, 0xFA, 0xBB, 0xFB,
    0xA9, 0xF9, 0x75, 0xF3, 0x98, 0xF6, 0xCB, 0xF9,
    0xAA, 0xF9, 0xAB, 0xF9, 0xAB, 0xFA, 0xAA, 0xF9,
    0xAB, 0xFA, 0xAA, 0xFA, 0x9A, 0xF9, 0xAA, 0xF9,
    0xAA, 0xFA, 0xBB, 0xFB, 0xDD, 0xFD, 0xEE, 0xFE,
    0xEF, 0xFE, 0xDD, 0xFD, 0xCC, 0xFB, 0xAA, 0xF9,
    0xCB, 0xFB, 0xCB, 0xFB, 0x98, 0xF7, 0x97, 0xF4,
    0xCB, 0xF8, 0xBC, 0xFA, 0x89, 0xF8, 0x34, 0xF5,
    0x22, 0xF4, 0x22, 0xF4, 0x22, 0xF4, 0x23, 0xF4,
    0x23, 0xF4, 0x23, 0xF4, 0x23, 0xF4, 0x23, 0xF4,
    0x23, 0xF4, 0x23, 0xF4, 0x23, 0xF5, 0x23, 0xF4,
    0x23, 0xF3, 0x23, 0xF3, 0x23, 0xF4, 0x32, 0xF3,
    0x86, 0xF4, 0xCB, 0xF9, 0x44, 0xF3, 0x23, 0xF3,
    0x13, 0xF4, 0x22, 0xF5, 0x22, 0xF5, 0x22, 0xF4,
    0x12, 0xF4, 0x56, 0xF7, 0x67, 0xF8, 0xAB, 0xFB,
    0xCC, 0xFC, 0xDE, 0xFD, 0xEF, 0xFF, 0xEF, 0xFE,
    0xEF, 0xFE, 0xEF, 0xFE, 0xEF, 0xFF, 0xBB, 0xFC,
    0xBB, 0xFB, 0x77, 0xF6, 0xCC, 0xF9, 0xA9, 0xF5,
    0x98, 0xF2, 0xBB, 0xF2, 0xBB, 0xF6, 0x65, 0xF1,
    0xA9, 0xF1, 0x99, 0xF0, 0xCB, 0xF0, 0xDC, 0xF0,
    0xDC, 0xF3, 0xBA, 0xF4, 0x62, 0xF1, 0x74, 0xF4,
    0x22, 0xF5, 0x22, 0xF7, 0x22, 0xF6, 0x23, 0xF6,
    0x14, 0xF7, 0x33, 0xF7, 0x64, 0xF4, 0xA9, 0xF7,
    0x77, 0xF5, 0x34, 0xF6, 0x24, 0xF8, 0x34, 0xF8,
    0x34, 0xF7, 0x24, 0xF7, 0x34, 0xF7, 0x34, 0xF7,
    0x34, 0xF7, 0x34, 0xF7, 0x34, 0xF7, 0x34, 0xF7,
    0x34, 0xF7, 0x34, 0xF7, 0x34, 0xF6, 0x24, 0xF7,
    0x99, 0xF8, 0xAA, 0xF9, 0x99, 0xF9, 0xCC, 0xFB,
    0x66, 0xF3, 0xCC, 0xF9, 0xAA, 0xF8, 0xBB, 0xFA,
    0x99, 0xF8, 0xAB, 0xFA, 0xAA, 0xFA, 0xAA, 0xF9,
    0xCC, 0xFB, 0xAA, 0xF9, 0xBC, 0xFA, 0xBC, 0xFB,
    0xBB, 0xFA, 0xAB, 0xFA, 0x9A, 0xF9, 0x99, 0xF8,
    0xBB, 0xFA, 0xBB, 0xFA, 0xAB, 0xF9, 0xBC, 0xFB,
    0x55, 0xF4, 0xAA, 0xF9, 0xCC, 0xFA, 0xAA, 0xF8,
    0xCC, 0xFB, 0xCC, 0xFB, 0xAA, 0xF9, 0x9A, 0xF9,
    0xAA, 0xF9, 0xAB, 0xFA, 0x89, 0xF8, 0x9A, 0xF9,
    0x88, 0xF8, 0x99, 0xF8, 0xBB, 0xFB, 0xAA, 0xFA,
    0x9A, 0xF9, 0x9A, 0xF9, 0xA9, 0xF8, 0x75, 0xF4,
    0x73, 0xF2, 0x73, 0xF2, 0x63, 0xF1, 0x87, 0xF5,
    0xA6, 0xF5, 0x30, 0xF0, 0x21, 0xF2, 0x42, 0xF3,
    0xA8, 0xF8, 0x86, 0xF5, 0xB7, 0xF6, 0xD9, 0xF8,
    0xC8, 0xF7, 0xC8, 0xF7, 0xA6, 0xF4, 0xB5, 0xF4,
    0x92, 0xF0, 0xB4, 0xF3, 0xA6, 0xF5, 0xCB, 0xFA,
    0xCC, 0xFB, 0xAB, 0xFB, 0xBB, 0xFA, 0x88, 0xF6,
    0x54, 0xF2, 0xAA, 0xF8, 0xBB, 0xFA, 0xBB, 0xFA,
    0xBC, 0xFA, 0x9A, 0xF9, 0xAA, 0xF9, 0xAA, 0xF9,
    0xAA, 0xF9, 0xAA, 0xF9, 0xAB, 0xFA, 0xCC, 0xFB,
    0xAA, 0xF9, 0xAA, 0xF9, 0xAA, 0xF9, 0xAB, 0xFA,
    0xBC, 0xFB, 0xAB, 0xFA, 0xAA, 0xF9, 0xBB, 0xFA,
    0x99, 0xF8, 0x65, 0xF3, 0xBA, 0xF9, 0xAA, 0xF9,
    0xAA, 0xF9, 0x99, 0xF8, 0x9A, 0xF9, 0x9A, 0xF9,
    0xAA, 0xF9, 0xAA, 0xF9, 0xAA, 0xF9, 0xAB, 0xFA,
    0xBB, 0xFB, 0xAA, 0xF9, 0xAA, 0xF9, 0xAA, 0xF9,
    0x9A, 0xF9, 0xAA, 0xF9, 0xBB, 0xFA, 0x9A, 0xF9,
    0x9A, 0xF9, 0xBB, 0xFA, 0x54, 0xF2, 0xAA, 0xF8,
    0xBB, 0xF9, 0xAA, 0xFA, 0xAB, 0xFA, 0xAB, 0xFA,
    0xAB, 0xFA, 0x89, 0xF8, 0x9A, 0xF9, 0xAB, 0xFA,
    0xCC, 0xFC, 0xBB, 0xFA, 0x98, 0xF2, 0xB9, 0xF0,
    0xCB, 0xF1, 0xA8, 0xF2, 0x32, 0xF0, 0x86, 0xF0,
    0xA8, 0xF0, 0xCA, 0xF1, 0xCA, 0xF5, 0x97, 0xF5,
    0xCB, 0xF8, 0xBA, 0xF8, 0x65, 0xF2, 0x98, 0xF4,
    0x65, 0xF2, 0x21, 0xF0, 0x54, 0xF0, 0xA9, 0xF2,
    0xDE, 0xF3, 0xEF, 0xF5, 0xEE, 0xF4, 0xBB, 0xF3,
    0x21, 0xF0, 0x00, 0xF0, 0x88, 0xF8, 0xAA, 0xF9,
    0xAA, 0xF9, 0xBC, 0xFB, 0x9A, 0xF9, 0x99, 0xF9,
    0x99, 0xF8, 0x77, 0xF5, 0xDD, 0xFB, 0xAA, 0xF8,
    0xAA, 0xF9, 0xAA, 0xF9, 0x9A, 0xF9, 0x89, 0xF8,
    0x99, 0xF9, 0xAA, 0xFA, 0x9A, 0xF9, 0xAA, 0xF9,
    0xAA, 0xFA, 0xAB, 0xFA, 0x99, 0xF8, 0x99, 0xF9,
    0xAB, 0xFA, 0xBC, 0xFB, 0xBB, 0xFA, 0xCC, 0xFB,
    0xAA, 0xFA, 0xBB, 0xFA, 0x87, 0xF6, 0xCA, 0xF8,
    0xDD, 0xFA, 0xAB, 0xF8, 0xAA, 0xFA, 0x67, 0xF8,
    0x22, 0xF5, 0x22, 0xF5, 0x22, 0xF5, 0x22, 0xF5,
    0x22, 0xF5, 0x23, 0xF5, 0x23, 0xF5, 0x23, 0xF5,
    0x23, 0xF5, 0x23, 0xF6, 0x23, 0xF6, 0x23, 0xF5,
    0x23, 0xF5, 0x23, 0xF5, 0x23, 0xF5, 0x22, 0xF3,
    0x87, 0xF4, 0xEE, 0xFB, 0x55, 0xF4, 0x23, 0xF3,
    0x23, 0xF5, 0x22, 0xF4, 0x22, 0xF4, 0x22, 0xF4,
    0x12, 0xF4, 0x56, 0xF7, 0x67, 0xF8, 0xAB, 0xFB,
    0xCC, 0xFC, 0xDE, 0xFD, 0xEF, 0xFF, 0xEF, 0xFF,
    0xEF, 0xFE, 0xEF, 0xFE, 0xEF, 0xFF, 0xDD, 0xFE,
    0x55, 0xF5, 0x88, 0xF7, 0xCC, 0xFA, 0x98, 0xF5,
    0x77, 0xF2, 0xCC, 0xF5, 0xEE, 0xF8, 0x87, 0xF2,
    0x99, 0xF1, 0x98, 0xF0, 0xBA, 0xF0, 0xCC, 0xF0,
    0xCC, 0xF3, 0xCC, 0xF5, 0x62, 0xF0, 0x85, 0xF5,
    0x32, 0xF4, 0x12, 0xF7, 0x22, 0xF6, 0x23, 0xF6,
    0x14, 0xF7, 0x34, 0xF7, 0x65, 0xF4, 0xED, 0xFA,
    0x99, 0xF7, 0x34, 0xF6, 0x24, 0xF8, 0x24, 0xF7,
    0x34, 0xF7, 0x34, 0xF7, 0x34, 0xF7, 0x34, 0xF7,
    0x34, 0xF7, 0x34, 0xF7, 0x34, 0xF7, 0x24, 0xF6,
    0x34, 0xF7, 0x34, 0xF6, 0x34, 0xF6, 0x34, 0xF7,
    0x88, 0xF8, 0xAA, 0xFA, 0x9A, 0xF9, 0xAA, 0xF9,
    0x99, 0xF6, 0xCC, 0xF9, 0xCC, 0xFA, 0xCC, 0xFB,
    0xBA, 0xFA, 0xAA, 0xF9, 0x9A, 0xF9, 0x9A, 0xF9,
    0x99, 0xF8, 0xBC, 0xFB, 0xBC, 0xFA, 0xAB, 0xFA,
    0x9A, 0xF9, 0x9A, 0xF8, 0xBB, 0xFA, 0xBB, 0xFA,
    0xAA, 0xF9, 0x99, 0xF8, 0x9A, 0xF9, 0xAB, 0xFB,
    0x78, 0xF7, 0x66, 0xF5, 0xBB, 0xF9, 0xBA, 0xF8,
    0x99, 0xF8, 0x9A, 0xF8, 0xAB, 0xFA, 0xAA, 0xFA,
    0xAB, 0xFA, 0xCC, 0xFB, 0xAA, 0xF9, 0xAB, 0xFA,
    0xCC, 0xFC, 0x99, 0xF8, 0x99, 0xF9, 0x9A, 0xF9,
    0x9A, 0xF9, 0x9A, 0xF9, 0x99, 0xF9, 0x65, 0xF4,
    0x73, 0xF2, 0x73, 0xF2, 0x75, 0xF3, 0xDD, 0xFB,
    0xC9, 0xF7, 0x64, 0xF3, 0x53, 0xF3, 0x65, 0xF4,
    0x43, 0xF2, 0x54, 0xF3, 0x63, 0xF3, 0xB8, 0xF7,
    0xC8, 0xF7, 0xB7, 0xF6, 0xB7, 0xF5, 0xA5, 0xF3,
    0x93, 0xF1, 0xB6, 0xF5, 0x96, 0xF5, 0xBA, 0xF9,
    0xBC, 0xFB, 0xAC, 0xFB, 0xAB, 0xFA, 0x87, 0xF6,
    0xCB, 0xF9, 0xCD, 0xFB, 0xAB, 0xF9, 0xAA, 0xF9,
    0xBB, 0xFB, 0x9A, 0xF9, 0xBB, 0xFA, 0xBB, 0xFA,
    0xAA, 0xF9, 0xAA, 0xF9, 0xAB, 0xFA, 0xBB, 0xFA,
    0x89, 0xF8, 0x88, 0xF7, 0xAA, 0xF9, 0xAB, 0xFA,
    0xAB, 0xFA, 0xAA, 0xF9, 0xBB, 0xFA, 0xAA, 0xF9,
    0xCB, 0xFA, 0x98, 0xF7, 0xDD, 0xFB, 0xAA, 0xF9,
    0xBC, 0xFB, 0x99, 0xF9, 0x9A, 0xF9, 0x99, 0xF9,
    0xAB, 0xFA, 0xAA, 0xF9, 0xAA, 0xF9, 0xAA, 0xF9,
    0xAA, 0xF9, 0xBB, 0xFB, 0xAA, 0xF9, 0xAA, 0xF9,
    0xAA, 0xF9, 0x9A, 0xF9, 0x9A, 0xF9, 0x99, 0xF9,
    0xAA, 0xF9, 0xBA, 0xF9, 0x77, 0xF5, 0xCD, 0xFA,
    0xBB, 0xF9, 0xBB, 0xFA, 0xAA, 0xFA, 0x9B, 0xFA,
    0x89, 0xF9, 0x9A, 0xF9, 0xBB, 0xFB, 0x9A, 0xF9,
    0x99, 0xF9, 0xAA, 0xFA, 0x98, 0xF4, 0xBA, 0xF2,
    0xCB, 0xF0, 0xA9, 0xF0, 0x43, 0xF0, 0x86, 0xF0,
    0xA9, 0xF0, 0xA9, 0xF0, 0xBA, 0xF2, 0xDC, 0xF7,
    0xCB, 0xF8, 0xBB, 0xF8, 0x98, 0xF1, 0xCA, 0xF2,
    0x88, 0xF1, 0xA9, 0xF2, 0x98, 0xF2, 0x54, 0xF0,
    0x55, 0xF0, 0x99, 0xF3, 0xDD, 0xF5, 0xCB, 0xF4,
    0x22, 0xF0, 0x01, 0xF1, 0x55, 0xF5, 0x9A, 0xF8,
    0xAA, 0xFA, 0x9A, 0xF9, 0xAA, 0xFA, 0x99, 0xF9,
    0xAA, 0xF9, 0xAA, 0xF8, 0xDD, 0xFB, 0xAA, 0xF8,
    0xAA, 0xF9, 0xAA, 0xF9, 0xAA, 0xF9, 0xAA, 0xFA,
    0x99, 0xF8, 0xBB, 0xFA, 0xAA, 0xFA, 0xAA, 0xF9,
    0x9A, 0xF9, 0xBC, 0xFB, 0xBB, 0xFB, 0x9A, 0xF9,
    0x9A, 0xF9, 0xAA, 0xF9, 0x9A, 0xF9, 0xAB, 0xFA,
    0xBC, 0xFB, 0xBB, 0xFA, 0xCB, 0xF9, 0xDB, 0xF9,
    0xCB, 0xF9, 0xBA, 0xF9, 0xAA, 0xFA, 0x66, 0xF8,
    0x23, 0xF6, 0x13, 0xF5, 0x22, 0xF5, 0x22, 0xF6,
    0x22, 0xF5, 0x23, 0xF5, 0x23, 0xF5, 0x23, 0xF5,
    0x23, 0xF5, 0x23, 0xF5, 0x23, 0xF6, 0x22, 0xF6,
    0x32, 0xF6, 0x22, 0xF6, 0x22, 0xF5, 0x33, 0xF3,
    0xCC, 0xF9, 0xED, 0xFA, 0x88, 0xF6, 0x23, 0xF3,
    0x23, 0xF4, 0x22, 0xF4, 0x22, 0xF4, 0x12, 0xF4,
    0x12, 0xF4, 0x56, 0xF7, 0x67, 0xF8, 0xAB, 0xFB,
    0xCC, 0xFC, 0xDE, 0xFD, 0xEF, 0xFF, 0xEF, 0xFF,
    0xEF, 0xFE, 0xEF, 0xFE, 0xEF, 0xFF, 0x66, 0xF7,
    0xAA, 0xFA, 0xBB, 0xFA, 0xCC, 0xFB, 0x55, 0xF4,
    0x33, 0xF0, 0xAA, 0xF5, 0xDD, 0xF7, 0x98, 0xF2,
    0x98, 0xF0, 0x98, 0xF0, 0xA9, 0xF0, 0xDC, 0xF0,
    0xCB, 0xF2, 0xDC, 0xF5, 0x63, 0xF1, 0x84, 0xF4,
    0x42, 0xF4, 0x13, 0xF7, 0x22, 0xF6, 0x12, 0xF6,
    0x13, 0xF6, 0x33, 0xF5, 0xA9, 0xF7, 0xED, 0xFA,
    0xBA, 0xF8, 0x44, 0xF6, 0x34, 0xF7, 0x25, 0xF7,
    0x24, 0xF7, 0x35, 0xF7, 0x35, 0xF7, 0x35, 0xF7,
    0x34, 0xF7, 0x34, 0xF7, 0x34, 0xF7, 0x34, 0xF7,
    0x35, 0xF7, 0x35, 0xF7, 0x24, 0xF6, 0x34, 0xF7,
    0x99, 0xF9, 0xAA, 0xF9, 0x9A, 0xF8, 0xAA, 0xF7,
    0xA9, 0xF7, 0xA9, 0xF7, 0xBB, 0xF8, 0xCB, 0xF9,
    0xCB, 0xFA, 0xCC, 0xFB, 0x9A, 0xF9, 0xBC, 0xFB,
    0xAA, 0xF9, 0xBB, 0xFA, 0xAA, 0xF8, 0xAA, 0xF9,
    0x9A, 0xF8, 0xAB, 0xFA, 0xAA, 0xF9, 0xAB, 0xFA,
    0xAB, 0xFA, 0xAA, 0xFA, 0xBC, 0xFB, 0xAB, 0xF9,
    0xBC, 0xFA, 0xBB, 0xFA, 0xCC, 0xFA, 0xCB, 0xFA,
    0xBB, 0xF9, 0xBB, 0xFA, 0x9A, 0xF9, 0x9A, 0xF9,
    0x9A, 0xF9, 0xAA, 0xF9, 0xBB, 0xFA, 0xAB, 0xFA,
    0xAB, 0xFA, 0xAA, 0xFA, 0xAA, 0xFA, 0xAA, 0xFA,
    0xBC, 0xFB, 0xAB, 0xFA, 0x9A, 0xF9, 0x87, 0xF6,
    0x73, 0xF2, 0x73, 0xF2, 0xA7, 0xF6, 0xDC, 0xFA,
    0xDC, 0xFB, 0x64, 0xF3, 0xA6, 0xF5, 0xC8, 0xF6,
    0xB8, 0xF7, 0xA8, 0xF7, 0x42, 0xF2, 0x75, 0xF4,
    0xC7, 0xF7, 0xC8, 0xF7, 0xB7, 0xF5, 0x95, 0xF2,
    0x83, 0xF2, 0xB7, 0xF5, 0x95, 0xF4, 0x87, 0xF7,
    0xAA, 0xFA, 0xAB, 0xFA, 0xAA, 0xF9, 0xA9, 0xF8,
    0xBB, 0xF8, 0xDC, 0xFA, 0xBB, 0xF9, 0xAB, 0xFA,
    0xAB, 0xFA, 0xAA, 0xFA, 0xAA, 0xF9, 0xBB, 0xFA,
    0xAB, 0xFA, 0xAA, 0xF9, 0xBB, 0xFA, 0xBB, 0xFA,
    0xAB, 0xFA, 0x9A, 0xF9, 0x9A, 0xF9, 0xAA, 0xF9,
    0xAA, 0xF9, 0xAA, 0xFA, 0xAB, 0xFA, 0xAA, 0xF9,
    0xAA, 0xF9, 0xBA, 0xF8, 0xCB, 0xFA, 0xCB, 0xF9,
    0xAA, 0xF8, 0x99, 0xF9, 0xAB, 0xFA, 0xAB, 0xFB,
    0xBB, 0xFB, 0x99, 0xF8, 0xBB, 0xFA, 0xAA, 0xF9,
    0xAA, 0xF9, 0xBB, 0xFB, 0xAA, 0xF9, 0xA9, 0xF9,
    0xBB, 0xFB, 0xBB, 0xFA, 0xCD, 0xFC, 0xAA, 0xFA,
    0xAB, 0xFA, 0xAA, 0xF9, 0xBA, 0xF8, 0xCB, 0xF9,
    0xBB, 0xF9, 0xBA, 0xF8, 0x9A, 0xF9, 0xAB, 0xFB,
    0xBB, 0xFB, 0xAB, 0xFA, 0xAA, 0xFA, 0xBB, 0xFB,
    0xBB, 0xFB, 0xBB, 0xFA, 0xA9, 0xF5, 0xCA, 0xF4,
    0xCB, 0xF0, 0xCA, 0xF1, 0x86, 0xF0, 0xA8, 0xF1,
    0x87, 0xF0, 0x98, 0xF0, 0xB9, 0xF1, 0xCA, 0xF6,
    0xBA, 0xF6, 0xCA, 0xF8, 0xCA, 0xF5, 0xA9, 0xF1,
    0x87, 0xF0, 0x98, 0xF0, 0xCA, 0xF0, 0xEC, 0xF1,
    0xBB, 0xF1, 0x77, 0xF0, 0x44, 0xF0, 0x54, 0xF2,
    0x22, 0xF0, 0x22, 0xF2, 0x23, 0xF3, 0xAB, 0xFB,
    0xAA, 0xFA, 0x9A, 0xF9, 0xAA, 0xFA, 0xBB, 0xFA,
    0xA9, 0xF8, 0xBA, 0xF8, 0x98, 0xF6, 0xBB, 0xF9,
    0xAA, 0xF8, 0x99, 0xF8, 0xAA, 0xF9, 0xAB, 0xFA,
    0xAB, 0xFA, 0xAA, 0xFA, 0x99, 0xF8, 0x9A, 0xF9,
    0xAA, 0xF9, 0xAB, 0xFA, 0x99, 0xF9, 0xAA, 0xFA,
    0x9A, 0xF9, 0xAA, 0xF9, 0x9A, 0xF9, 0xAA, 0xF9,
    0xAA, 0xF9, 0x99, 0xF7, 0xBA, 0xF8, 0xBA, 0xF8,
    0xA9, 0xF7, 0xDC, 0xFA, 0xBA, 0xF9, 0x78, 0xF8,
    0x34, 0xF6, 0x12, 0xF5, 0x22, 0xF6, 0x22, 0xF6,
    0x22, 0xF5, 0x22, 0xF5, 0x22, 0xF6, 0x23, 0xF6,
    0x23, 0xF5, 0x23, 0xF5, 0x23, 0xF5, 0x23, 0xF5,
    0x23, 0xF5, 0x23, 0xF4, 0x33, 0xF2, 0xAA, 0xF8,
    0xCB, 0xFA, 0x87, 0xF5, 0xDD, 0xFA, 0x77, 0xF6,
    0x22, 0xF4, 0x23, 0xF4, 0x23, 0xF4, 0x12, 0xF4,
    0x12, 0xF4, 0x56, 0xF7, 0x67, 0xF8, 0xAA, 0xFB,
    0xCC, 0xFD, 0xDE, 0xFE, 0xEF, 0xFF, 0xEF, 0xFF,
    0xEF, 0xFF, 0xEF, 0xFF, 0xEF, 0xFF, 0x99, 0xF9,
    0x99, 0xF8, 0xBB, 0xFA, 0xBB, 0xFA, 0xBA, 0xFA,
    0x43, 0xF2, 0x44, 0xF1, 0x77, 0xF4, 0x77, 0xF2,
    0x98, 0xF1, 0x98, 0xF0, 0xA9, 0xF0, 0xDC, 0xF0,
    0xCC, 0xF3, 0xDC, 0xF6, 0x63, 0xF1, 0x96, 0xF5,
    0x53, 0xF4, 0x23, 0xF6, 0x13, 0xF6, 0x23, 0xF6,
    0x33, 0xF4, 0x88, 0xF7, 0xCB, 0xFB, 0x97, 0xF5,
    0xCA, 0xF9, 0xA9, 0xF9, 0x34, 0xF6, 0x25, 0xF7,
    0x34, 0xF7, 0x24, 0xF8, 0x24, 0xF7, 0x24, 0xF7,
    0x34, 0xF7, 0x35, 0xF7, 0x24, 0xF7, 0x24, 0xF7,
    0x24, 0xF7, 0x25, 0xF6, 0x34, 0xF6, 0x34, 0xF7,
    0x9A, 0xF9, 0xBB, 0xFA, 0xCB, 0xFA, 0x87, 0xF5,
    0x98, 0xF7, 0xCC, 0xFA, 0xAA, 0xF8, 0x98, 0xF6,
    0xBA, 0xF9, 0xAA, 0xF8, 0xAA, 0xF9, 0xAA, 0xF9,
    0x99, 0xF8, 0x99, 0xF8, 0x9A, 0xF8, 0x9A, 0xF9,
    0xAB, 0xFA, 0x99, 0xF8, 0xBB, 0xFA, 0xAA, 0xF9,
    0xAB, 0xFA, 0xAB, 0xFA, 0xBB, 0xFA, 0xBB, 0xFA,
    0x88, 0xF7, 0x99, 0xF7, 0xBB, 0xFA, 0x99, 0xF7,
    0xAA, 0xF7, 0xA9, 0xF7, 0xAA, 0xF8, 0x9A, 0xF8,
    0xAA, 0xF9, 0xBB, 0xFA, 0xBB, 0xFA, 0xAA, 0xF9,
    0xAA, 0xF9, 0xAB, 0xFA, 0xAB, 0xFA, 0xBC, 0xFB,
    0xAB, 0xFA, 0xBC, 0xFB, 0xBC, 0xFB, 0xA9, 0xF8,
    0x95, 0xF5, 0x85, 0xF3, 0xB9, 0xF7, 0x75, 0xF4,
    0xAA, 0xF8, 0xDB, 0xF9, 0xB7, 0xF5, 0xC7, 0xF5,
    0xB6, 0xF5, 0xDA, 0xF9, 0x96, 0xF6, 0x51, 0xF1,
    0x96, 0xF6, 0xB8, 0xF7, 0xA6, 0xF5, 0x84, 0xF2,
    0x83, 0xF2, 0xB6, 0xF5, 0x96, 0xF5, 0x87, 0xF6,
    0xBA, 0xF9, 0xAA, 0xF9, 0xAA, 0xF8, 0x99, 0xF7,
    0xAA, 0xF8, 0xBB, 0xF9, 0xBB, 0xF9, 0xBB, 0xF9,
    0xAA, 0xF9, 0x99, 0xF9, 0xBB, 0xFA, 0xAB, 0xFA,
    0xAB, 0xF9, 0xBB, 0xFA, 0xBB, 0xFA, 0xAA, 0xF9,
    0xBB, 0xFA, 0x9A, 0xF9, 0xAB, 0xFA, 0xBB, 0xFA,
    0xAA, 0xF9, 0xBB, 0xFA, 0xBA, 0xF9, 0xA9, 0xF8,
    0x98, 0xF7, 0x98, 0xF7, 0x99, 0xF7, 0xA9, 0xF7,
    0xCB, 0xF9, 0xCC, 0xFA, 0x9A, 0xF8, 0xAA, 0xFA,
    0xAA, 0xF9, 0xAB, 0xFA, 0xAA, 0xF9, 0xAA, 0xF9,
    0xAA, 0xFA, 0xBC, 0xFB, 0xBB, 0xFB, 0xAB, 0xFA,
    0xAA, 0xF9, 0xCC, 0xFB, 0xBB, 0xFA, 0xAA, 0xF9,
    0xAA, 0xF9, 0x99, 0xF7, 0x98, 0xF6, 0xBA, 0xF8,
    0x98, 0xF6, 0xBA, 0xF8, 0x99, 0xF8, 0xAA, 0xFA,
    0xCC, 0xFC, 0xAA, 0xFA, 0x9A, 0xF9, 0xAB, 0xFB,
    0xBB, 0xFA, 0xCC, 0xFA, 0x99, 0xF5, 0xBA, 0xF4,
    0xBA, 0xF0, 0xDB, 0xF2, 0xB9, 0xF2, 0xCB, 0xF4,
    0x87, 0xF0, 0xA8, 0xF0, 0xA8, 0xF3, 0xB9, 0xF5,
    0xBA, 0xF5, 0xA9, 0xF5, 0xCB, 0xF6, 0xA9, 0xF4,
    0x86, 0xF0, 0x98, 0xF0, 0xBA, 0xF0, 0xED, 0xF0,
    0xEE, 0xF0, 0xEE, 0xF3, 0xCD, 0xF7, 0x66, 0xF3,
    0x54, 0xF1, 0x55, 0xF4, 0x67, 0xF6, 0xAA, 0xFA,
    0xAA, 0xFA, 0xA9, 0xF9, 0xA9, 0xF9, 0x98, 0xF7,
    0xA9, 0xF8, 0xBB, 0xF9, 0xCB, 0xF9, 0x98, 0xF7,
    0xA9, 0xF8, 0xA9, 0xF8, 0xAA, 0xF8, 0xAA, 0xF9,
    0x9A, 0xF9, 0x99, 0xF9, 0xAA, 0xF9, 0xAA, 0xF9,
    0xAA, 0xF9, 0xAB, 0xFA, 0x9A, 0xF9, 0x9A, 0xF9,
    0x9A, 0xF9, 0xBB, 0xFA, 0xAA, 0xF9, 0xBB, 0xF9,
    0xAA, 0xF8, 0xA9, 0xF7, 0xBA, 0xF9, 0xCB, 0xFA,
    0xCB, 0xFA, 0xA9, 0xF7, 0xBB, 0xF9, 0x99, 0xF9,
    0x55, 0xF6, 0x22, 0xF5, 0x22, 0xF5, 0x22, 0xF5,
    0x22, 0xF5, 0x22, 0xF5, 0x23, 0xF5, 0x23, 0xF5,
    0x23, 0xF5, 0x23, 0xF5, 0x23, 0xF5, 0x13, 0xF5,
    0x23, 0xF4, 0x43, 0xF3, 0xA9, 0xF7, 0xBA, 0xF9,
    0x54, 0xF4, 0x32, 0xF3, 0x77, 0xF6, 0xCC, 0xFB,
    0x66, 0xF5, 0x22, 0xF3, 0x22, 0xF4, 0x22, 0xF4,
    0x12, 0xF4, 0x56, 0xF8, 0x67, 0xF8, 0xAB, 0xFB,
    0xCC, 0xFC, 0xDE, 0xFD, 0xEF, 0xFF, 0xEF, 0xFF,
    0xEF, 0xFF, 0xEF, 0xFF, 0xEF, 0xFF, 0xAA, 0xFA,
    0xAA, 0xFA, 0xAA, 0xFA, 0xEE, 0xFD, 0xBA, 0xF8,
    0xCA, 0xF8, 0x76, 0xF4, 0x43, 0xF2, 0x43, 0xF1,
    0x66, 0xF1, 0x88, 0xF0, 0x99, 0xF0, 0xCB, 0xF0,
    0xCB, 0xF2, 0xDC, 0xF5, 0x64, 0xF1, 0x85, 0xF3,
    0x64, 0xF4, 0x22, 0xF5, 0x23, 0xF5, 0x32, 0xF4,
    0x98, 0xF7, 0xBA, 0xFA, 0x66, 0xF6, 0x43, 0xF5,
    0x54, 0xF5, 0xCB, 0xFA, 0xA9, 0xF8, 0x44, 0xF6,
    0x34, 0xF7, 0x24, 0xF7, 0x24, 0xF7, 0x24, 0xF7,
    0x35, 0xF7, 0x34, 0xF7, 0x34, 0xF7, 0x34, 0xF7,
    0x34, 0xF7, 0x35, 0xF7, 0x35, 0xF7, 0x34, 0xF7,
    0xCC, 0xFB, 0x98, 0xF7, 0x65, 0xF3, 0x98, 0xF7,
    0xCB, 0xFA, 0xBA, 0xF9, 0xBA, 0xF9, 0xAA, 0xF8,
    0x98, 0xF6, 0xA9, 0xF7, 0xA9, 0xF8, 0xBB, 0xFA,
    0xAB, 0xFA, 0x9A, 0xF9, 0x99, 0xF8, 0xAA, 0xF9,
    0xAA, 0xF9, 0xAA, 0xF9, 0xAB, 0xFA, 0xAB, 0xFA,
    0xCC, 0xFB, 0x99, 0xF7, 0xBA, 0xF9, 0x77, 0xF5,
    0x86, 0xF5, 0xBA, 0xF9, 0xAB, 0xF9, 0xAA, 0xF8,
    0x99, 0xF6, 0xAA, 0xF7, 0xCB, 0xF9, 0xBB, 0xF9,
    0xBB, 0xFA, 0xAB, 0xF9, 0xBB, 0xFA, 0xAA, 0xF9,
    0x9A, 0xF9, 0xBC, 0xFA, 0xCC, 0xFB, 0xAB, 0xFA,
    0xBB, 0xFB, 0xAB, 0xF9, 0xAA, 0xF9, 0xBA, 0xF9,
    0x97, 0xF5, 0xA7, 0xF5, 0x64, 0xF2, 0x40, 0xF0,
    0x84, 0xF2, 0xC9, 0xF6, 0xD9, 0xF7, 0xC9, 0xF6,
    0xA5, 0xF4, 0xD9, 0xF8, 0xC8, 0xF7, 0x96, 0xF5,
    0x53, 0xF2, 0xB9, 0xF8, 0xA6, 0xF6, 0x83, 0xF2,
    0x84, 0xF3, 0xA6, 0xF5, 0x96, 0xF5, 0x97, 0xF6,
    0xBA, 0xF9, 0xA9, 0xF8, 0x87, 0xF5, 0x88, 0xF6,
    0xAA, 0xF9, 0xBC, 0xFA, 0x99, 0xF8, 0xBB, 0xF9,
    0xA9, 0xF8, 0xBB, 0xFA, 0xBB, 0xFA, 0xBB, 0xFA,
    0xBB, 0xFA, 0xBB, 0xFA, 0x99, 0xF8, 0xAA, 0xF9,
    0xAB, 0xFA, 0xBB, 0xFA, 0xAB, 0xFA, 0xBB, 0xFA,
    0xAA, 0xF9, 0xBA, 0xF9, 0xAA, 0xF8, 0x76, 0xF4,
    0x87, 0xF5, 0xAA, 0xF8, 0xBB, 0xF9, 0x99, 0xF7,
    0xBB, 0xF9, 0xCB, 0xF9, 0xBA, 0xF9, 0xBB, 0xFA,
    0xBC, 0xFB, 0xAA, 0xFA, 0x9A, 0xF9, 0xAA, 0xFA,
    0xBB, 0xFB, 0xBB, 0xFB, 0xAA, 0xFA, 0xAA, 0xFA,
    0xAA, 0xFA, 0xAA, 0xF9, 0xBB, 0xFA, 0xA9, 0xF8,
    0x76, 0xF5, 0x87, 0xF6, 0xA9, 0xF8, 0xBA, 0xF9,
    0xAA, 0xF8, 0x87, 0xF5, 0xA9, 0xF8, 0xCA, 0xFA,
    0xBA, 0xFA, 0xBB, 0xFA, 0xBB, 0xFA, 0xBC, 0xFB,
    0xAB, 0xFA, 0xCC, 0xFA, 0xBA, 0xF7, 0xA9, 0xF5,
    0xA9, 0xF0, 0xCA, 0xF0, 0xCA, 0xF3, 0xA8, 0xF2,
    0xA7, 0xF1, 0x96, 0xF0, 0xA7, 0xF2, 0xCB, 0xF6,
    0xCA, 0xF6, 0xBA, 0xF5, 0x98, 0xF2, 0xB9, 0xF5,
    0xA8, 0xF4, 0x97, 0xF0, 0xCB, 0xF0, 0xDC, 0xF0,
    0xDD, 0xF0, 0xEE, 0xF2, 0xEF, 0xF8, 0xDD, 0xF7,
    0x65, 0xF1, 0x55, 0xF4, 0x9A, 0xFA, 0xAA, 0xFA,
    0xBB, 0xFA, 0xCB, 0xFB, 0x98, 0xF7, 0xA9, 0xF7,
    0x99, 0xF8, 0xBA, 0xFA, 0xBA, 0xFA, 0xBA, 0xF9,
    0xA9, 0xF7, 0xA9, 0xF7, 0xBB, 0xF9, 0xBA, 0xF9,
    0xA9, 0xF8, 0x99, 0xF9, 0x99, 0xF9, 0x99, 0xF9,
    0xAA, 0xF9, 0x88, 0xF8, 0xBB, 0xFB, 0xAB, 0xFA,
    0xBB, 0xFA, 0x99, 0xF9, 0xA9, 0xF8, 0x98, 0xF7,
    0x98, 0xF7, 0xAA, 0xF8, 0xBA, 0xF9, 0xBB, 0xF9,
    0xBB, 0xFA, 0xAA, 0xF7, 0xA9, 0xF7, 0xBA, 0xF9,
    0x76, 0xF7, 0x33, 0xF4, 0x22, 0xF5, 0x13, 0xF5,
    0x22, 0xF5, 0x22, 0xF5, 0x23, 0xF5, 0x23, 0xF5,
    0x23, 0xF5, 0x23, 0xF5, 0x23, 0xF5, 0x23, 0xF5,
    0x44, 0xF4, 0xA9, 0xF8, 0xA9, 0xF8, 0x43, 0xF3,
    0x33, 0xF4, 0x22, 0xF4, 0x32, 0xF3, 0x77, 0xF6,
    0xDD, 0xFB, 0x66, 0xF5, 0x22, 0xF3, 0x22, 0xF4,
    0x12, 0xF4, 0x56, 0xF8, 0x67, 0xF8, 0xAB, 0xFB,
    0xCC, 0xFC, 0xDE, 0xFD, 0xEF, 0xFF, 0xEF, 0xFF,
    0xEF, 0xFF, 0xEF, 0xFE, 0xBB, 0xFA, 0xCC, 0xFB,
    0xEF, 0xFF, 0x99, 0xF9, 0xEE, 0xFD, 0xCB, 0xF7,
    0xBA, 0xF5, 0xDC, 0xF8, 0x88, 0xF6, 0x77, 0xF4,
    0x22, 0xF0, 0x55, 0xF0, 0x99, 0xF0, 0xBB, 0xF0,
    0xCB, 0xF1, 0xDD, 0xF5, 0x75, 0xF2, 0x63, 0xF1,
    0x64, 0xF3, 0x22, 0xF3, 0x33, 0xF3, 0xA8, 0xF7,
    0xCA, 0xF9, 0x64, 0xF5, 0x32, 0xF5, 0x23, 0xF7,
    0x23, 0xF6, 0x54, 0xF4, 0xDB, 0xF9, 0x98, 0xF8,
    0x34, 0xF6, 0x34, 0xF7, 0x34, 0xF7, 0x34, 0xF7,
    0x34, 0xF7, 0x34, 0xF7, 0x34, 0xF7, 0x34, 0xF7,
    0x34, 0xF7, 0x34, 0xF8, 0x34, 0xF7, 0x44, 0xF5,
    0x98, 0xF7, 0x65, 0xF3, 0x98, 0xF6, 0xAA, 0xF8,
    0xAA, 0xF9, 0x99, 0xF8, 0xAA, 0xF9, 0xCC, 0xFA,
    0xA9, 0xF7, 0x98, 0xF6, 0xCB, 0xF9, 0xBB, 0xF9,
    0xBB, 0xFA, 0xAA, 0xF9, 0x9A, 0xF8, 0x9A, 0xF8,
    0xAB, 0xFA, 0x9A, 0xF9, 0xBB, 0xFA, 0xBB, 0xFA,
    0x99, 0xF7, 0xAA, 0xF8, 0x76, 0xF4, 0x87, 0xF6,
    0xCC, 0xFA, 0x99, 0xF8, 0xAA, 0xF9, 0x9A, 0xF8,
    0xBB, 0xF9, 0x88, 0xF6, 0xA9, 0xF7, 0xA9, 0xF8,
    0xBB, 0xFA, 0xBC, 0xFB, 0xCD, 0xFC, 0xAB, 0xFA,
    0x9A, 0xF9, 0xAB, 0xF9, 0xAB, 0xFA, 0xBC, 0xFB,
    0xAA, 0xF9, 0xBA, 0xFA, 0xBB, 0xF9, 0x98, 0xF6,
    0x86, 0xF4, 0x53, 0xF2, 0x30, 0xF0, 0x72, 0xF0,
    0xB4, 0xF3, 0xB5, 0xF3, 0xB8, 0xF5, 0xDB, 0xF8,
    0x96, 0xF5, 0xC8, 0xF6, 0xD8, 0xF7, 0xA7, 0xF6,
    0xA7, 0xF7, 0x65, 0xF4, 0xA7, 0xF6, 0x83, 0xF2,
    0x94, 0xF4, 0xA6, 0xF5, 0x96, 0xF5, 0xA8, 0xF7,
    0xBA, 0xF8, 0x86, 0xF5, 0x99, 0xF7, 0xBB, 0xFA,
    0xBC, 0xFB, 0xBC, 0xFB, 0xBB, 0xF9, 0x98, 0xF7,
    0xBB, 0xF9, 0xBB, 0xF9, 0xBB, 0xFA, 0xAB, 0xFA,
    0x99, 0xF8, 0x9A, 0xF9, 0xBB, 0xFA, 0xBB, 0xFA,
    0xAB, 0xFA, 0xAA, 0xF9, 0x9A, 0xF9, 0xBB, 0xFA,
    0xBB, 0xFA, 0xBB, 0xF9, 0x65, 0xF3, 0x98, 0xF7,
    0xDC, 0xFB, 0xBB, 0xFA, 0xBB, 0xF9, 0xBB, 0xF9,
    0x98, 0xF7, 0xBA, 0xF9, 0xCB, 0xF9, 0xAA, 0xF9,
    0x9A, 0xF9, 0xAA, 0xF9, 0xAA, 0xF9, 0xAA, 0xF9,
    0x89, 0xF8, 0xAA, 0xFA, 0x9A, 0xF9, 0xBB, 0xFB,
    0xAA, 0xF9, 0xA9, 0xF8, 0xBA, 0xF9, 0x87, 0xF6,
    0x87, 0xF6, 0xBB, 0xFA, 0xAA, 0xF9, 0xAA, 0xF9,
    0x9A, 0xF8, 0xAA, 0xF9, 0x87, 0xF6, 0xA9, 0xF8,
    0xCB, 0xFA, 0xBB, 0xFA, 0xAB, 0xFA, 0x9A, 0xF9,
    0xBC, 0xFB, 0xBB, 0xFA, 0x99, 0xF8, 0x98, 0xF5,
    0x98, 0xF1, 0xBA, 0xF1, 0xDB, 0xF5, 0x86, 0xF2,
    0xA7, 0xF1, 0x86, 0xF0, 0xB9, 0xF1, 0xB9, 0xF3,
    0xDC, 0xF8, 0xBA, 0xF4, 0x98, 0xF1, 0x76, 0xF1,
    0xCA, 0xF6, 0xB9, 0xF2, 0xCB, 0xF0, 0xBA, 0xF0,
    0xDC, 0xF0, 0xDD, 0xF1, 0xEF, 0xF7, 0xEE, 0xF8,
    0x99, 0xF5, 0x99, 0xF8, 0xAA, 0xFA, 0x99, 0xF9,
    0xA9, 0xF8, 0x98, 0xF7, 0x98, 0xF6, 0xBB, 0xFA,
    0x99, 0xF9, 0xAA, 0xFA, 0xAA, 0xF9, 0x99, 0xF8,
    0xBB, 0xFA, 0x98, 0xF6, 0xBA, 0xF9, 0xBA, 0xF9,
    0xBA, 0xF9, 0xAA, 0xF9, 0xAA, 0xF9, 0xAB, 0xFA,
    0x99, 0xF8, 0x99, 0xF9, 0xAA, 0xF9, 0x99, 0xF8,
    0xAA, 0xF9, 0xAA, 0xF9, 0x98, 0xF7, 0x97, 0xF6,
    0xBB, 0xF9, 0xBA, 0xF9, 0xBB, 0xFA, 0xAA, 0xF9,
    0xAA, 0xF9, 0xBB, 0xFA, 0xAA, 0xF8, 0xA9, 0xF8,
    0xA9, 0xF8, 0x55, 0xF5, 0x22, 0xF4, 0x22, 0xF6,
    0x22, 0xF6, 0x23, 0xF5, 0x23, 0xF5, 0x23, 0xF5,
    0x23, 0xF5, 0x23, 0xF5, 0x22, 0xF4, 0x54, 0xF4,
    0xA9, 0xF9, 0x98, 0xF7, 0x33, 0xF3, 0x32, 0xF4,
    0x23, 0xF4, 0x23, 0xF5, 0x23, 0xF4, 0x32, 0xF3,
    0x88, 0xF6, 0xCC, 0xFA, 0x55, 0xF4, 0x22, 0xF3,
    0x22, 0xF5, 0x56, 0xF8, 0x67, 0xF8, 0xAA, 0xFB,
    0xCD, 0xFC, 0xDE, 0xFE, 0xEF, 0xFF, 0xEF, 0xFF,
    0xEE, 0xFE, 0xAA, 0xF9, 0xBB, 0xFA, 0xEF, 0xFE,
    0xEF, 0xFF, 0xCD, 0xFD, 0xBC, 0xFB, 0xCC, 0xF6,
    0xCB, 0xF3, 0xCA, 0xF5, 0xCB, 0xF7, 0x99, 0xF4,
    0x54, 0xF1, 0x21, 0xF0, 0x65, 0xF1, 0xBB, 0xF2,
    0xBB, 0xF1, 0xDD, 0xF5, 0x76, 0xF3, 0x62, 0xF1,
    0x64, 0xF3, 0x33, 0xF2, 0x99, 0xF8, 0x97, 0xF7,
    0x53, 0xF4, 0x32, 0xF5, 0x23, 0xF6, 0x23, 0xF6,
    0x23, 0xF5, 0x33, 0xF5, 0x54, 0xF4, 0xCB, 0xFA,
    0x88, 0xF8, 0x34, 0xF5, 0x34, 0xF6, 0x34, 0xF6,
    0x24, 0xF7, 0x24, 0xF7, 0x34, 0xF7, 0x24, 0xF6,
    0x24, 0xF7, 0x34, 0xF6, 0x44, 0xF5, 0x87, 0xF7,
    0x65, 0xF4, 0xA9, 0xF8, 0xBB, 0xFA, 0xCC, 0xFB,
    0xBB, 0xFB, 0xBC, 0xFB, 0x9A, 0xF9, 0xBB, 0xFA,
    0xCC, 0xFA, 0x98, 0xF6, 0x98, 0xF6, 0xBA, 0xF8,
    0xAA, 0xF8, 0xAA, 0xF9, 0xBB, 0xFA, 0x9A, 0xF9,
    0xAB, 0xFA, 0xAA, 0xF9, 0xBB, 0xFA, 0xBB, 0xFA,
    0xAA, 0xF8, 0x65, 0xF3, 0x88, 0xF6, 0xA9, 0xF8,
    0xAA, 0xF9, 0xAA, 0xF9, 0xCC, 0xFB, 0xBC, 0xFB,
    0xCC, 0xFB, 0xBA, 0xF9, 0x97, 0xF6, 0xA8, 0xF7,
    0xCB, 0xFA, 0xBC, 0xFB, 0xBC, 0xFB, 0xAB, 0xF9,
    0x9A, 0xF8, 0xBC, 0xFB, 0xAA, 0xF9, 0xBB, 0xFA,
    0xCC, 0xFB, 0xBB, 0xFA, 0x88, 0xF6, 0x77, 0xF4,
    0x64, 0xF3, 0x20, 0xF1, 0x52, 0xF2, 0x83, 0xF1,
    0xC5, 0xF4, 0xB6, 0xF4, 0xB6, 0xF3, 0xC8, 0xF6,
    0xB8, 0xF7, 0xC8, 0xF6, 0xC9, 0xF7, 0x96, 0xF5,
    0xC8, 0xF8, 0x75, 0xF5, 0x53, 0xF3, 0x63, 0xF2,
    0x84, 0xF4, 0xA6, 0xF6, 0xA6, 0xF5, 0xA8, 0xF6,
    0x76, 0xF4, 0x98, 0xF7, 0xBA, 0xF9, 0xAB, 0xFA,
    0xBB, 0xFA, 0xBC, 0xFB, 0xCC, 0xFA, 0xAA, 0xF8,
    0x88, 0xF6, 0xAA, 0xF8, 0xBB, 0xFA, 0xBB, 0xF9,
    0xBC, 0xFB, 0xBB, 0xFA, 0xBC, 0xFB, 0xBC, 0xFA,
    0xBC, 0xFB, 0xDD, 0xFC, 0xBB, 0xFA, 0xCC, 0xFB,
    0xA9, 0xF8, 0x65, 0xF3, 0xA9, 0xF8, 0xBB, 0xF9,
    0xCC, 0xFA, 0xAA, 0xF9, 0xBB, 0xFB, 0xCC, 0xFB,
    0xAA, 0xF9, 0x98, 0xF7, 0xBB, 0xFA, 0xCC, 0xFA,
    0xBC, 0xFA, 0xAA, 0xF9, 0xBC, 0xFB, 0xBC, 0xFB,
    0xBB, 0xFA, 0xAB, 0xFA, 0x99, 0xF9, 0xAA, 0xF9,
    0xBB, 0xFA, 0xBB, 0xFA, 0x65, 0xF3, 0x98, 0xF6,
    0xBA, 0xF9, 0xBB, 0xFA, 0xBC, 0xFB, 0xBC, 0xFB,
    0xAB, 0xFA, 0xAA, 0xF9, 0xBB, 0xFA, 0x87, 0xF5,
    0xBA, 0xF8, 0xCC, 0xFA, 0xBB, 0xFA, 0xAB, 0xFA,
    0xBC, 0xFC, 0x99, 0xF9, 0x77, 0xF7, 0x32, 0xF1,
    0x98, 0xF2, 0xB9, 0xF2, 0xCA, 0xF5, 0x86, 0xF2,
    0x86, 0xF0, 0x87, 0xF0, 0xCA, 0xF0, 0xB9, 0xF3,
    0xDB, 0xF7, 0xCB, 0xF5, 0x87, 0xF0, 0x87, 0xF0,
    0x96, 0xF1, 0xB9, 0xF3, 0xCA, 0xF2, 0xA8, 0xF0,
    0xED, 0xF0, 0xEE, 0xF1, 0xEF, 0xF7, 0xEF, 0xF9,
    0xAA, 0xF7, 0xAA, 0xF9, 0xBB, 0xFB, 0xA9, 0xF8,
    0x87, 0xF5, 0x98, 0xF6, 0xAA, 0xF8, 0xBB, 0xFA,
    0xAB, 0xFA, 0xAB, 0xFA, 0x99, 0xF9, 0xAA, 0xF9,
    0x99, 0xF8, 0xAA, 0xF9, 0x98, 0xF6, 0xCB, 0xF9,
    0xA9, 0xF8, 0xA9, 0xF8, 0x99, 0xF9, 0x99, 0xF8,
    0x9A, 0xF9, 0xBB, 0xFB, 0xAA, 0xF9, 0xBB, 0xFA,
    0xBB, 0xFA, 0x87, 0xF6, 0x98, 0xF6, 0xBA, 0xF9,
    0xBA, 0xF9, 0xAA, 0xF9, 0x9A, 0xF9, 0xAB, 0xFA,
    0xAB, 0xFA, 0xBB, 0xFA, 0xBB, 0xFA, 0xA9, 0xF8,
    0xBA, 0xF8, 0x99, 0xF8, 0x22, 0xF3, 0x22, 0xF5,
    0x22, 0xF5, 0x23, 0xF6, 0x23, 0xF6, 0x23, 0xF5,
    0x23, 0xF5, 0x33, 0xF4, 0x65, 0xF5, 0xB9, 0xF8,
    0x87, 0xF7, 0x33, 0xF3, 0x23, 0xF4, 0x23, 0xF4,
    0x23, 0xF4, 0x23, 0xF4, 0x23, 0xF5, 0x22, 0xF4,
    0x32, 0xF3, 0x88, 0xF6, 0xCC, 0xFB, 0x55, 0xF5,
    0x22, 0xF3, 0x66, 0xF8, 0x67, 0xF8, 0xAA, 0xFB,
    0xBC, 0xFC, 0xDE, 0xFE, 0xEF, 0xFE, 0xDE, 0xFD,
    0xAA, 0xF9, 0xBC, 0xFB, 0xEF, 0xFE, 0xEF, 0xFF,
    0xEF, 0xFF, 0xEF, 0xFF, 0xAA, 0xF9, 0xCC, 0xF7,
    0xBA, 0xF2, 0xBA, 0xF4, 0xA9, 0xF5, 0xCB, 0xF7,
    0x87, 0xF2, 0x65, 0xF0, 0x31, 0xF1, 0x66, 0xF2,
    0xAB, 0xF2, 0xDD, 0xF6, 0x98, 0xF5, 0x52, 0xF1,
    0x63, 0xF3, 0xA9, 0xF7, 0x87, 0xF7, 0x33, 0xF4,
    0x22, 0xF5, 0x23, 0xF6, 0x23, 0xF6, 0x23, 0xF5,
    0x23, 0xF5, 0x23, 0xF6, 0x23, 0xF5, 0x45, 0xF5,
    0xCB, 0xFA, 0x98, 0xF8, 0x33, 0xF4, 0x33, 0xF5,
    0x23, 0xF6, 0x23, 0xF6, 0x24, 0xF6, 0x34, 0xF6,
    0x34, 0xF6, 0x44, 0xF5, 0xA8, 0xF8, 0xCA, 0xF9,
    0xBA, 0xF9, 0xCB, 0xFA, 0xAA, 0xF9, 0xAA, 0xF9,
    0xAA, 0xFA, 0xBB, 0xFA, 0x9A, 0xF9, 0xBB, 0xFA,
    0xBB, 0xFA, 0xBB, 0xF9, 0x98, 0xF6, 0xA8, 0xF6,
    0xBA, 0xF8, 0xBB, 0xF9, 0xBB, 0xFA, 0xAA, 0xF9,
    0xBB, 0xFB, 0xAA, 0xF9, 0xBB, 0xFA, 0xA9, 0xF8,
    0x75, 0xF3, 0x98, 0xF7, 0xBA, 0xF9, 0xCD, 0xFB,
    0xBC, 0xFB, 0xAB, 0xFA, 0x9A, 0xF9, 0x99, 0xF9,
    0xAA, 0xF9, 0xBB, 0xFA, 0xAA, 0xF8, 0x87, 0xF5,
    0xA9, 0xF7, 0xCB, 0xFA, 0xBB, 0xF9, 0xAA, 0xF9,
    0xAB, 0xFA, 0xAB, 0xFA, 0xAB, 0xFB, 0xBB, 0xFA,
    0xBB, 0xF9, 0x87, 0xF6, 0x88, 0xF7, 0xCC, 0xFA,
    0x42, 0xF2, 0x43, 0xF3, 0x63, 0xF3, 0x92, 0xF1,
    0xC6, 0xF4, 0xB6, 0xF4, 0xB6, 0xF4, 0xC8, 0xF7,
    0xC9, 0xF7, 0xDA, 0xF8, 0xC8, 0xF6, 0xB8, 0xF6,
    0x96, 0xF6, 0xB9, 0xF9, 0x32, 0xF1, 0x31, 0xF1,
    0x75, 0xF4, 0x95, 0xF5, 0xA6, 0xF4, 0x75, 0xF3,
    0x99, 0xF7, 0x99, 0xF8, 0x9A, 0xF9, 0xAB, 0xFA,
    0xBB, 0xFA, 0xAA, 0xF9, 0x99, 0xF8, 0xAA, 0xF9,
    0xBB, 0xFA, 0x98, 0xF7, 0xCB, 0xF9, 0xAA, 0xF8,
    0x9A, 0xF8, 0x99, 0xF8, 0x9A, 0xF9, 0xAA, 0xF9,
    0xBB, 0xFA, 0x99, 0xF8, 0xBA, 0xF9, 0xA9, 0xF8,
    0x64, 0xF3, 0x98, 0xF7, 0xBB, 0xF9, 0xAA, 0xF9,
    0xAA, 0xF9, 0xAA, 0xF9, 0xBB, 0xFB, 0xBB, 0xFA,
    0xBB, 0xFA, 0xAA, 0xF8, 0x98, 0xF7, 0xCC, 0xFA,
    0xBB, 0xF9, 0xBB, 0xFA, 0xAA, 0xF9, 0x9A, 0xF9,
    0x9A, 0xF9, 0x9A, 0xF9, 0xCC, 0xFB, 0xAA, 0xF9,
    0x99, 0xF7, 0x65, 0xF3, 0x98, 0xF7, 0xBB, 0xF9,
    0xAB, 0xF9, 0x9A, 0xF9, 0x9A, 0xF9, 0xAB, 0xFA,
    0x99, 0xF9, 0xBB, 0xFA, 0xBB, 0xFA, 0x99, 0xF8,
    0x87, 0xF5, 0xA9, 0xF8, 0xBA, 0xF9, 0xA9, 0xF9,
    0xAA, 0xFA, 0xAB, 0xFA, 0x9A, 0xFA, 0x11, 0xF0,
    0x43, 0xF0, 0x97, 0xF3, 0x86, 0xF1, 0x96, 0xF1,
    0x97, 0xF0, 0xA9, 0xF0, 0x98, 0xF0, 0xCA, 0xF0,
    0xBA, 0xF4, 0xBA, 0xF4, 0x77, 0xF0, 0x87, 0xF0,
    0x97, 0xF0, 0x97, 0xF0, 0xB9, 0xF3, 0xCA, 0xF3,
    0xED, 0xF0, 0xED, 0xF0, 0xEE, 0xF6, 0xDE, 0xF8,
    0x9A, 0xF6, 0xAA, 0xF9, 0xB9, 0xF9, 0x87, 0xF6,
    0xA9, 0xF8, 0xBA, 0xF9, 0xBB, 0xFA, 0x99, 0xF8,
    0x89, 0xF8, 0x89, 0xF8, 0x9A, 0xF9, 0x99, 0xF8,
    0x9A, 0xF9, 0x99, 0xF9, 0xBB, 0xFA, 0x98, 0xF6,
    0xCB, 0xF9, 0xA9, 0xF8, 0x99, 0xF9, 0x89, 0xF8,
    0x78, 0xF7, 0x89, 0xF8, 0x99, 0xF8, 0x99, 0xF8,
    0x76, 0xF5, 0x98, 0xF6, 0xA9, 0xF8, 0xBB, 0xFA,
    0xAA, 0xF9, 0xAA, 0xF9, 0x9A, 0xF9, 0xAB, 0xFA,
    0xBC, 0xFB, 0xAA, 0xFA, 0xBB, 0xFA, 0xDD, 0xFB,
    0x99, 0xF7, 0xBA, 0xF9, 0x98, 0xF8, 0x22, 0xF2,
    0x22, 0xF5, 0x22, 0xF5, 0x22, 0xF6, 0x22, 0xF5,
    0x32, 0xF4, 0x76, 0xF6, 0xA9, 0xF8, 0x76, 0xF5,
    0x32, 0xF4, 0x23, 0xF5, 0x23, 0xF4, 0x23, 0xF4,
    0x23, 0xF5, 0x23, 0xF5, 0x23, 0xF5, 0x23, 0xF5,
    0x22, 0xF4, 0x22, 0xF3, 0x88, 0xF7, 0xCD, 0xFB,
    0x55, 0xF4, 0x66, 0xF7, 0x67, 0xF7, 0xAA, 0xFB,
    0xBC, 0xFC, 0xDE, 0xFD, 0xDD, 0xFC, 0x98, 0xF7,
    0xBC, 0xFA, 0xEF, 0xFE, 0xEF, 0xFE, 0xEF, 0xFF,
    0xEF, 0xFF, 0xEF, 0xFF, 0xBC, 0xFB, 0xCC, 0xF6,
    0xCB, 0xF2, 0xCB, 0xF5, 0x65, 0xF3, 0xCA, 0xF7,
    0xCB, 0xF6, 0x97, 0xF2, 0x87, 0xF2, 0x33, 0xF0,
    0x44, 0xF1, 0xCC, 0xF8, 0x77, 0xF4, 0x64, 0xF3,
    0xA8, 0xF7, 0x76, 0xF5, 0x32, 0xF4, 0x22, 0xF4,
    0x23, 0xF6, 0x23, 0xF6, 0x23, 0xF6, 0x23, 0xF6,
    0x23, 0xF6, 0x23, 0xF6, 0x23, 0xF6, 0x23, 0xF5,
    0x44, 0xF4, 0xBB, 0xF9, 0x98, 0xF8, 0x44, 0xF6,
    0x33, 0xF6, 0x23, 0xF6, 0x34, 0xF6, 0x34, 0xF6,
    0x54, 0xF5, 0xA8, 0xF8, 0xCB, 0xFA, 0x65, 0xF5,
    0xCC, 0xFA, 0xBB, 0xF9, 0xAA, 0xF9, 0xCC, 0xFB,
    0xAA, 0xFA, 0xBB, 0xFA, 0xBB, 0xFA, 0x99, 0xF8,
    0xAB, 0xFA, 0xA9, 0xF8, 0xBA, 0xF8, 0xBA, 0xF8,
    0xBA, 0xF8, 0xCB, 0xFA, 0x99, 0xF7, 0xAA, 0xF9,
    0xBB, 0xFB, 0xCC, 0xFB, 0xBB, 0xFA, 0x65, 0xF3,
    0xA9, 0xF8, 0xBB, 0xF9, 0xAA, 0xF9, 0xAB, 0xFA,
    0xAB, 0xFA, 0xAA, 0xFA, 0x9A, 0xF9, 0xCC, 0xFB,
    0xAB, 0xFA, 0xAB, 0xFA, 0xAB, 0xF9, 0xA9, 0xF8,
    0x98, 0xF6, 0xBA, 0xF8, 0xBA, 0xF8, 0xAB, 0xF9,
    0xAB, 0xFA, 0xBC, 0xFB, 0xBB, 0xFB, 0xA9, 0xF8,
    0x77, 0xF5, 0x88, 0xF6, 0xBB, 0xFA, 0xBB, 0xFA,
    0xA9, 0xF8, 0x54, 0xF3, 0x63, 0xF2, 0x93, 0xF3,
    0xC7, 0xF5, 0xA5, 0xF3, 0xB7, 0xF5, 0xC9, 0xF7,
    0xA8, 0xF6, 0xC8, 0xF7, 0xDA, 0xF9, 0xB8, 0xF6,
    0xA8, 0xF7, 0xB8, 0xF8, 0x65, 0xF4, 0x21, 0xF0,
    0x53, 0xF2, 0x95, 0xF4, 0x85, 0xF3, 0xA8, 0xF7,
    0xAA, 0xF9, 0x9A, 0xF9, 0x9A, 0xF9, 0xAA, 0xF9,
    0xAB, 0xFA, 0x99, 0xF9, 0x99, 0xF8, 0x88, 0xF7,
    0xBB, 0xFA, 0x88, 0xF6, 0xA9, 0xF7, 0xA9, 0xF7,
    0x99, 0xF8, 0x99, 0xF8, 0x88, 0xF7, 0xAB, 0xF9,
    0xAA, 0xF9, 0xBA, 0xF9, 0x88, 0xF6, 0x65, 0xF3,
    0xA9, 0xF7, 0x99, 0xF7, 0x99, 0xF8, 0x88, 0xF7,
    0x9A, 0xF9, 0x99, 0xF8, 0x88, 0xF7, 0x99, 0xF8,
    0xAA, 0xF9, 0x99, 0xF8, 0x99, 0xF7, 0x99, 0xF8,
    0xCC, 0xFA, 0xCC, 0xFA, 0xAA, 0xF9, 0xAA, 0xF9,
    0xAA, 0xF9, 0xA9, 0xF8, 0x99, 0xF7, 0xAA, 0xF8,
    0x65, 0xF3, 0x99, 0xF7, 0xBB, 0xF9, 0xBB, 0xFA,
    0xBC, 0xFA, 0xBB, 0xFB, 0xAA, 0xFA, 0xAA, 0xFA,
    0xCC, 0xFB, 0xAA, 0xF9, 0x9A, 0xF9, 0xCC, 0xFB,
    0xCB, 0xFA, 0x98, 0xF7, 0xA9, 0xF8, 0xBB, 0xFA,
    0xBA, 0xF9, 0x89, 0xF8, 0xCD, 0xFC, 0x88, 0xF7,
    0x43, 0xF2, 0x85, 0xF3, 0xB9, 0xF5, 0xDC, 0xF6,
    0xA9, 0xF1, 0x87, 0xF0, 0xA9, 0xF0, 0xDC, 0xF1,
    0xED, 0xF6, 0xCB, 0xF5, 0x87, 0xF0, 0x98, 0xF0,
    0x97, 0xF0, 0xA9, 0xF1, 0x75, 0xF0, 0xCA, 0xF3,
    0xDB, 0xF1, 0xDC, 0xF1, 0xED, 0xF4, 0xEF, 0xF8,
    0xAA, 0xF6, 0xA9, 0xF8, 0x86, 0xF6, 0xA9, 0xF8,
    0xBA, 0xF9, 0xAA, 0xF9, 0xCC, 0xFB, 0xAA, 0xF9,
    0xBB, 0xFA, 0x9A, 0xF9, 0xAA, 0xF9, 0xAA, 0xFA,
    0xAA, 0xFA, 0xAA, 0xFA, 0xBB, 0xFA, 0x99, 0xF7,
    0x98, 0xF7, 0xCC, 0xFA, 0xAA, 0xF9, 0x88, 0xF7,
    0x88, 0xF7, 0x99, 0xF8, 0x99, 0xF8, 0x76, 0xF5,
    0x99, 0xF7, 0xBB, 0xFA, 0xAA, 0xF9, 0xAA, 0xF9,
    0xBB, 0xFB, 0x9A, 0xF9, 0x9A, 0xF9, 0xAA, 0xF9,
    0x9A, 0xF9, 0xAB, 0xF9, 0xAB, 0xFA, 0xAA, 0xF9,
    0xA9, 0xF8, 0x76, 0xF5, 0xBB, 0xF9, 0xAA, 0xF8,
    0x22, 0xF3, 0x22, 0xF4, 0x22, 0xF5, 0x32, 0xF4,
    0x87, 0xF7, 0xA9, 0xF8, 0x65, 0xF4, 0x23, 0xF4,
    0x23, 0xF5, 0x23, 0xF5, 0x23, 0xF5, 0x23, 0xF5,
    0x23, 0xF6, 0x23, 0xF6, 0x23, 0xF6, 0x23, 0xF5,
    0x22, 0xF5, 0x22, 0xF4, 0x22, 0xF3, 0x88, 0xF6,
    0xCD, 0xFB, 0x78, 0xF7, 0x66, 0xF6, 0xAA, 0xFA,
    0xCC, 0xFC, 0xBC, 0xFB, 0x99, 0xF7, 0xCC, 0xFB,
    0xEF, 0xFE, 0xEF, 0xFE, 0xEF, 0xFE, 0xEF, 0xFF,
    0xEF, 0xFF, 0xEF, 0xFF, 0xCC, 0xFB, 0xCB, 0xF5,
    0xCB, 0xF1, 0xCC, 0xF4, 0x88, 0xF5, 0xCB, 0xF8,
    0xA8, 0xF3, 0xDC, 0xF6, 0xA9, 0xF4, 0x77, 0xF1,
    0x32, 0xF2, 0x54, 0xF3, 0x76, 0xF3, 0xA8, 0xF6,
    0x75, 0xF4, 0x53, 0xF4, 0x32, 0xF5, 0x13, 0xF5,
    0x13, 0xF6, 0x23, 0xF6, 0x23, 0xF6, 0x23, 0xF7,
    0x23, 0xF7, 0x23, 0xF6, 0x23, 0xF6, 0x23, 0xF5,
    0x34, 0xF5, 0x54, 0xF4, 0xBA, 0xFA, 0xBA, 0xFA,
    0x44, 0xF5, 0x34, 0xF6, 0x34, 0xF6, 0x55, 0xF6,
    0xB9, 0xF9, 0xB9, 0xF9, 0x54, 0xF5, 0x44, 0xF6,
    0xBB, 0xFA, 0xBB, 0xFA, 0xBB, 0xFA, 0xBB, 0xFA,
    0xBB, 0xFA, 0x9A, 0xF9, 0xBB, 0xFA, 0xAA, 0xF9,
    0xAA, 0xFA, 0xBB, 0xFA, 0xAA, 0xF9, 0xBB, 0xF9,
    0x98, 0xF6, 0xCB, 0xF9, 0xCC, 0xFB, 0xCC, 0xFB,
    0xCC, 0xFB, 0x98, 0xF7, 0x75, 0xF4, 0xBA, 0xF8,
    0xBB, 0xFA, 0xBC, 0xFB, 0x9A, 0xF9, 0xBB, 0xFA,
    0xCC, 0xFB, 0xAA, 0xF9, 0xBB, 0xFA, 0xAA, 0xF9,
    0x9A, 0xF9, 0xAB, 0xFA, 0xAB, 0xFA, 0x99, 0xF9,
    0xBB, 0xFA, 0x99, 0xF7, 0xCB, 0xF9, 0xCC, 0xFB,
    0xAB, 0xFA, 0xAB, 0xF9, 0xBB, 0xF9, 0x76, 0xF4,
    0x99, 0xF8, 0xBB, 0xFA, 0xAA, 0xF9, 0xCC, 0xFB,
    0xBA, 0xF9, 0x64, 0xF4, 0x62, 0xF1, 0x83, 0xF3,
    0xB7, 0xF5, 0xA6, 0xF4, 0xB8, 0xF6, 0xD9, 0xF7,
    0xA7, 0xF5, 0xB8, 0xF7, 0xCA, 0xF8, 0xDC, 0xF9,
    0xB9, 0xF7, 0xA8, 0xF7, 0x85, 0xF4, 0x52, 0xF1,
    0x64, 0xF3, 0x85, 0xF4, 0x74, 0xF4, 0xA9, 0xF8,
    0xBB, 0xFA, 0x9B, 0xF9, 0xBC, 0xFB, 0xAA, 0xF9,
    0x9A, 0xF9, 0xAA, 0xFA, 0xAA, 0xFA, 0x99, 0xF8,
    0xCC, 0xFB, 0xAA, 0xF9, 0xBA, 0xF9, 0xAA, 0xF7,
    0xCC, 0xFA, 0xBB, 0xF9, 0xBB, 0xFA, 0xBB, 0xFA,
    0xBA, 0xF9, 0x87, 0xF6, 0x66, 0xF4, 0xBB, 0xFA,
    0xCC, 0xFA, 0xAA, 0xF9, 0xAB, 0xFA, 0xBC, 0xFB,
    0x99, 0xF8, 0xBB, 0xFA, 0xBC, 0xFB, 0x9A, 0xF9,
    0x99, 0xF8, 0x99, 0xF8, 0x9A, 0xF8, 0x9A, 0xF8,
    0x88, 0xF7, 0xCC, 0xFA, 0xBC, 0xFA, 0xAB, 0xFA,
    0x99, 0xF8, 0xBB, 0xF9, 0x98, 0xF6, 0x64, 0xF2,
    0xA9, 0xF7, 0x99, 0xF8, 0xAA, 0xF9, 0x99, 0xF8,
    0xAB, 0xFA, 0x89, 0xF8, 0x99, 0xF9, 0xBC, 0xFB,
    0xBB, 0xFA, 0xAB, 0xFA, 0xAB, 0xFA, 0xBB, 0xFA,
    0xBB, 0xFB, 0xBB, 0xFA, 0x88, 0xF6, 0xB9, 0xF8,
    0xBA, 0xF9, 0xCC, 0xFC, 0xAA, 0xF9, 0x98, 0xF7,
    0x75, 0xF3, 0x54, 0xF1, 0xBA, 0xF6, 0xDD, 0xF8,
    0xBA, 0xF2, 0xA9, 0xF0, 0xA9, 0xF0, 0xCB, 0xF2,
    0xED, 0xF6, 0xCB, 0xF5, 0xA9, 0xF2, 0xA8, 0xF0,
    0x97, 0xF0, 0x98, 0xF0, 0x97, 0xF0, 0xCA, 0xF1,
    0xBA, 0xF2, 0xDC, 0xF4, 0xDD, 0xF6, 0xEE, 0xF7,
    0xA9, 0xF5, 0x86, 0xF5, 0xA9, 0xF8, 0xCB, 0xFA,
    0x99, 0xF9, 0x99, 0xF9, 0xAA, 0xFA, 0x9A, 0xF9,
    0xAB, 0xFA, 0xAB, 0xFA, 0x99, 0xF9, 0xAA, 0xFA,
    0x99, 0xF9, 0x88, 0xF8, 0x99, 0xF8, 0x88, 0xF7,
    0xAA, 0xF9, 0x89, 0xF7, 0xDD, 0xFB, 0xAA, 0xF9,
    0x99, 0xF9, 0x99, 0xF8, 0x76, 0xF4, 0x99, 0xF7,
    0x99, 0xF8, 0x9A, 0xF9, 0xAB, 0xFA, 0xAA, 0xF9,
    0xBB, 0xFA, 0xAB, 0xFA, 0xBB, 0xFA, 0xBB, 0xFA,
    0xBB, 0xFA, 0xBC, 0xFA, 0xBB, 0xFA, 0x9A, 0xF9,
    0xAA, 0xF9, 0x88, 0xF8, 0x55, 0xF4, 0xCB, 0xFA,
    0xBB, 0xFA, 0x32, 0xF3, 0x33, 0xF3, 0x98, 0xF8,
    0xB9, 0xF8, 0x54, 0xF4, 0x23, 0xF4, 0x23, 0xF5,
    0x23, 0xF5, 0x23, 0xF6, 0x23, 0xF6, 0x23, 0xF6,
    0x23, 0xF6, 0x23, 0xF6, 0x22, 0xF5, 0x23, 0xF5,
    0x23, 0xF5, 0x22, 0xF4, 0x22, 0xF4, 0x22, 0xF3,
    0x77, 0xF5, 0xDD, 0xFB, 0x99, 0xF8, 0xAA, 0xFA,
    0xAA, 0xFA, 0x99, 0xF8, 0xCC, 0xFB, 0xEF, 0xFE,
    0xEF, 0xFE, 0xEF, 0xFE, 0xEF, 0xFE, 0xEF, 0xFF,
    0xEF, 0xFF, 0xEF, 0xFF, 0xDE, 0xFD, 0xBA, 0xF4,
    0xCB, 0xF1, 0xBB, 0xF2, 0xA9, 0xF6, 0xBB, 0xF6,
    0x98, 0xF1, 0xA8, 0xF3, 0xDC, 0xF9, 0x99, 0xF5,
    0x32, 0xF1, 0x75, 0xF5, 0x97, 0xF5, 0x74, 0xF3,
    0x63, 0xF2, 0x63, 0xF3, 0x32, 0xF5, 0x13, 0xF7,
    0x23, 0xF6, 0x23, 0xF6, 0x23, 0xF6, 0x23, 0xF7,
    0x23, 0xF7, 0x23, 0xF6, 0x23, 0xF6, 0x23, 0xF6,
    0x34, 0xF7, 0x34, 0xF6, 0x54, 0xF6, 0xBA, 0xF9,
    0xBB, 0xFA, 0x44, 0xF4, 0x55, 0xF5, 0xAA, 0xF9,
    0x98, 0xF8, 0x44, 0xF4, 0x34, 0xF6, 0x34, 0xF6,
    0xAA, 0xF9, 0xAA, 0xF9, 0xAA, 0xF9, 0xAA, 0xF9,
    0x88, 0xF7, 0xBB, 0xFA, 0xBC, 0xFB, 0xAB, 0xFA,
    0xAB, 0xFA, 0xAB, 0xFA, 0xAA, 0xF9, 0xBB, 0xFA,
    0xBB, 0xF9, 0xAA, 0xF8, 0xCB, 0xFA, 0xCB, 0xFA,
    0x77, 0xF5, 0x76, 0xF4, 0xBA, 0xF7, 0xCC, 0xFA,
    0xBC, 0xFB, 0xAA, 0xFA, 0xBC, 0xFB, 0xBC, 0xFB,
    0xAA, 0xF9, 0xBB, 0xFA, 0xAA, 0xF9, 0xAB, 0xF9,
    0xBB, 0xFA, 0xBB, 0xFA, 0xBB, 0xFA, 0xAB, 0xFA,
    0xAA, 0xF9, 0xBB, 0xF9, 0xAA, 0xF8, 0xCC, 0xFA,
    0xBB, 0xF9, 0xBB, 0xF9, 0x76, 0xF4, 0xAA, 0xF8,
    0xBB, 0xF9, 0xBB, 0xFA, 0xAB, 0xFA, 0x99, 0xF8,
    0xBB, 0xFA, 0x75, 0xF5, 0x62, 0xF2, 0x83, 0xF2,
    0xB7, 0xF6, 0xA7, 0xF5, 0xDA, 0xF8, 0xD9, 0xF7,
    0xCA, 0xF9, 0xA7, 0xF6, 0xB8, 0xF7, 0xBA, 0xF8,
    0xDC, 0xFA, 0xA9, 0xF7, 0x85, 0xF4, 0x95, 0xF4,
    0x74, 0xF3, 0x53, 0xF2, 0x54, 0xF3, 0xA9, 0xF9,
    0xBB, 0xFA, 0xAB, 0xFA, 0xAB, 0xFA, 0xAA, 0xF9,
    0xAA, 0xFA, 0xBC, 0xFB, 0xBC, 0xFB, 0xBB, 0xFA,
    0xAB, 0xFA, 0xCD, 0xFC, 0xBC, 0xFB, 0xAA, 0xF9,
    0x98, 0xF6, 0xCC, 0xF9, 0xBB, 0xF9, 0xCB, 0xFA,
    0x76, 0xF5, 0x76, 0xF4, 0xBB, 0xF9, 0x99, 0xF8,
    0x99, 0xF8, 0x89, 0xF8, 0xBB, 0xFA, 0x89, 0xF8,
    0xAA, 0xFA, 0x9A, 0xF9, 0xAA, 0xF9, 0x99, 0xF9,
    0xAB, 0xFA, 0xBB, 0xFA, 0x9A, 0xF9, 0xAB, 0xFA,
    0xBB, 0xFA, 0xAA, 0xF8, 0xCC, 0xFB, 0xCC, 0xFB,
    0xBB, 0xF9, 0x87, 0xF6, 0x65, 0xF4, 0xBA, 0xF9,
    0xBB, 0xF9, 0xBC, 0xFA, 0xAB, 0xFA, 0xBB, 0xFA,
    0x9A, 0xF9, 0xAB, 0xFA, 0x99, 0xF9, 0xAB, 0xFA,
    0xBC, 0xFB, 0xAB, 0xFA, 0xBB, 0xFA, 0xAB, 0xFA,
    0xAA, 0xF9, 0xBB, 0xFA, 0xAA, 0xF9, 0x98, 0xF7,
    0xBA, 0xF9, 0xDC, 0xFB, 0x87, 0xF7, 0x65, 0xF3,
    0x31, 0xF1, 0x10, 0xF0, 0x55, 0xF2, 0xCC, 0xF9,
    0xCC, 0xF6, 0xDC, 0xF2, 0xBA, 0xF0, 0xCB, 0xF1,
    0xDC, 0xF6, 0xCB, 0xF5, 0xBA, 0xF3, 0xA8, 0xF0,
    0x98, 0xF0, 0x87, 0xF0, 0xBA, 0xF0, 0xCA, 0xF0,
    0xB9, 0xF0, 0xBA, 0xF3, 0xDC, 0xF6, 0xBA, 0xF5,
    0x86, 0xF3, 0xBA, 0xF9, 0xBA, 0xFA, 0xBB, 0xFB,
    0xAB, 0xFA, 0x9A, 0xF9, 0xAA, 0xFA, 0xAB, 0xFA,
    0xBC, 0xFB, 0xBB, 0xFA, 0x9A, 0xF9, 0xBB, 0xFB,
    0xBC, 0xFB, 0x99, 0xF9, 0x99, 0xF8, 0x88, 0xF7,
    0x89, 0xF8, 0x99, 0xF8, 0x98, 0xF7, 0xDD, 0xFC,
    0x98, 0xF7, 0x76, 0xF5, 0x99, 0xF7, 0xA9, 0xF8,
    0x99, 0xF8, 0xAA, 0xF9, 0x99, 0xF8, 0x9A, 0xF9,
    0x99, 0xF8, 0x99, 0xF9, 0xAB, 0xFA, 0xAA, 0xF9,
    0xAB, 0xF9, 0xBB, 0xFA, 0xAB, 0xFA, 0xAB, 0xFA,
    0x9A, 0xF9, 0x99, 0xF9, 0x66, 0xF6, 0x44, 0xF4,
    0xBB, 0xF9, 0xBA, 0xF9, 0x98, 0xF7, 0x98, 0xF7,
    0x43, 0xF3, 0x33, 0xF4, 0x23, 0xF4, 0x23, 0xF5,
    0x23, 0xF5, 0x23, 0xF5, 0x23, 0xF5, 0x23, 0xF5,
    0x33, 0xF6, 0x34, 0xF6, 0x23, 0xF5, 0x23, 0xF5,
    0x23, 0xF5, 0x22, 0xF5, 0x22, 0xF5, 0x22, 0xF4,
    0x22, 0xF3, 0x66, 0xF6, 0xCC, 0xFB, 0xA9, 0xF8,
    0x98, 0xF7, 0xCC, 0xFB, 0xEF, 0xFE, 0xEF, 0xFE,
    0xEF, 0xFF, 0xEF, 0xFF, 0xEF, 0xFF, 0xEF, 0xFF,
    0xEF, 0xFF, 0xEF, 0xFF, 0xDE, 0xFD, 0xAA, 0xF4,
    0xCB, 0xF1, 0xBA, 0xF1, 0xAA, 0xF5, 0xAA, 0xF6,
    0x98, 0xF2, 0x77, 0xF1, 0x76, 0xF3, 0xDC, 0xF9,
    0x96, 0xF4, 0x86, 0xF5, 0x43, 0xF3, 0x42, 0xF2,
    0x52, 0xF2, 0x97, 0xF6, 0x43, 0xF4, 0x22, 0xF5,
    0x23, 0xF5, 0x23, 0xF5, 0x23, 0xF6, 0x23, 0xF6,
    0x23, 0xF6, 0x23, 0xF6, 0x23, 0xF6, 0x23, 0xF6,
    0x23, 0xF6, 0x23, 0xF7, 0x33, 0xF6, 0x43, 0xF4,
    0xAA, 0xF9, 0xCB, 0xF9, 0xBA, 0xF8, 0x87, 0xF6,
    0x33, 0xF4, 0x33, 0xF5, 0x33, 0xF6, 0x34, 0xF6,
    0xBB, 0xFA, 0xCC, 0xFB, 0xAA, 0xF9, 0xBB, 0xFA,
    0xAA, 0xF9, 0xAA, 0xF9, 0x9A, 0xF9, 0xBC, 0xFA,
    0xAA, 0xF9, 0xBC, 0xFB, 0xBB, 0xFB, 0xAB, 0xFA,
    0xBC, 0xFA, 0xAA, 0xF8, 0xAA, 0xF8, 0x98, 0xF7,
    0x76, 0xF3, 0xCB, 0xF9, 0xCB, 0xF9, 0xCC, 0xFB,
    0x99, 0xF9, 0x9A, 0xF9, 0xBB, 0xFB, 0xAA, 0xF9,
    0xAA, 0xF9, 0xBB, 0xFA, 0x99, 0xF8, 0xBB, 0xFA,
    0xBC, 0xFB, 0xBB, 0xFB, 0xAA, 0xF9, 0xBC, 0xFB,
    0xAA, 0xFA, 0xBB, 0xFA, 0xBB, 0xFA, 0xBB, 0xF9,
    0xAA, 0xF9, 0x65, 0xF3, 0xBB, 0xF9, 0xBB, 0xF9,
    0xBB, 0xFA, 0x9A, 0xFA, 0x9A, 0xF9, 0xBB, 0xFA,
    0xBB, 0xFB, 0x65, 0xF5, 0x63, 0xF3, 0x73, 0xF3,
    0xA8, 0xF6, 0xA7, 0xF6, 0xB8, 0xF6, 0xD9, 0xF8,
    0xDA, 0xF9, 0x96, 0xF5, 0xC9, 0xF8, 0xB9, 0xF8,
    0xBA, 0xF8, 0xDD, 0xFB, 0x74, 0xF3, 0x63, 0xF2,
    0x21, 0xF0, 0x21, 0xF1, 0xB9, 0xF9, 0xBA, 0xF9,
    0xAA, 0xF9, 0xAB, 0xFA, 0xBC, 0xFB, 0x9A, 0xF9,
    0xBB, 0xFB, 0xAA, 0xFA, 0x89, 0xF8, 0xAB, 0xFA,
    0xAA, 0xF9, 0xAB, 0xFA, 0xBB, 0xFA, 0xBB, 0xFB,
    0xAA, 0xF9, 0x99, 0xF6, 0xCB, 0xF9, 0x76, 0xF5,
    0x87, 0xF6, 0xBA, 0xF9, 0x9A, 0xF9, 0xBB, 0xFA,
    0xAB, 0xFA, 0xAB, 0xFA, 0x9A, 0xF9, 0x99, 0xF9,
    0x9A, 0xF9, 0x9A, 0xF9, 0xBC, 0xFB, 0xBC, 0xFB,
    0x9A, 0xF9, 0xAA, 0xFA, 0x9A, 0xF9, 0xAA, 0xF9,
    0xAB, 0xF9, 0xBB, 0xFA, 0xAA, 0xF8, 0xCC, 0xFA,
    0x87, 0xF6, 0x87, 0xF5, 0xBA, 0xF9, 0xBB, 0xFA,
    0xAB, 0xFA, 0xCC, 0xFC, 0x9A, 0xF9, 0xAA, 0xF9,
    0xAA, 0xF9, 0xAA, 0xF9, 0xAB, 0xFA, 0x9A, 0xF9,
    0xAB, 0xFA, 0xAA, 0xF9, 0xBB, 0xFA, 0xBB, 0xFA,
    0xBB, 0xFA, 0xAA, 0xF9, 0xAB, 0xFA, 0xAA, 0xF9,
    0xA9, 0xF8, 0x76, 0xF4, 0x87, 0xF5, 0x98, 0xF8,
    0x21, 0xF1, 0x43, 0xF3, 0x22, 0xF2, 0x33, 0xF2,
    0x88, 0xF5, 0xCB, 0xF2, 0xCB, 0xF0, 0xBA, 0xF1,
    0xDC, 0xF6, 0xBA, 0xF5, 0xCB, 0xF4, 0xA9, 0xF1,
    0xA9, 0xF0, 0x76, 0xF0, 0xCB, 0xF0, 0xCA, 0xF0,
    0xCB, 0xF0, 0xA9, 0xF0, 0x86, 0xF2, 0x99, 0xF5,
    0x98, 0xF6, 0x99, 0xF9, 0x88, 0xF9, 0x88, 0xF8,
    0x88, 0xF8, 0x89, 0xF8, 0x88, 0xF8, 0x9A, 0xF9,
    0x88, 0xF8, 0x78, 0xF7, 0x99, 0xF8, 0x88, 0xF8,
    0x89, 0xF8, 0x88, 0xF8, 0x99, 0xF8, 0x99, 0xF9,
    0x99, 0xF9, 0x99, 0xF8, 0xAA, 0xF9, 0x76, 0xF5,
    0x75, 0xF3, 0xA9, 0xF7, 0x99, 0xF7, 0x99, 0xF9,
    0x88, 0xF8, 0x9A, 0xF9, 0xBB, 0xFA, 0x99, 0xF9,
    0xBB, 0xFA, 0xAB, 0xFA, 0xAA, 0xF9, 0xAA, 0xF9,
    0x9A, 0xF9, 0xAA, 0xF9, 0xBB, 0xFA, 0x9A, 0xF9,
    0xAB, 0xFA, 0x9A, 0xF9, 0x78, 0xF8, 0x56, 0xF6,
    0x43, 0xF2, 0x86, 0xF4, 0x97, 0xF5, 0x32, 0xF2,
    0x23, 0xF4, 0x23, 0xF5, 0x22, 0xF4, 0x23, 0xF5,
    0x23, 0xF5, 0x23, 0xF5, 0x23, 0xF5, 0x23, 0xF5,
    0x23, 0xF5, 0x23, 0xF5, 0x23, 0xF5, 0x23, 0xF5,
    0x23, 0xF5, 0x23, 0xF5, 0x22, 0xF5, 0x22, 0xF5,
    0x23, 0xF4, 0x66, 0xF6, 0x65, 0xF4, 0x98, 0xF6,
    0xCB, 0xF9, 0xEE, 0xFD, 0xEF, 0xFE, 0xEF, 0xFF,
    0xEF, 0xFF, 0xEF, 0xFF, 0xEF, 0xFF, 0xEF, 0xFF,
    0xEF, 0xFF, 0xEF, 0xFF, 0xEE, 0xFE, 0x98, 0xF4,
    0xCB, 0xF1, 0xBA, 0xF0, 0xBA, 0xF4, 0x88, 0xF4,
    0x99, 0xF4, 0x77, 0xF0, 0x65, 0xF1, 0x74, 0xF2,
    0xA8, 0xF4, 0x87, 0xF4, 0x55, 0xF3, 0x32, 0xF2,
    0x42, 0xF2, 0x74, 0xF3, 0x75, 0xF6, 0x44, 0xF5,
    0x33, 0xF4, 0x23, 0xF5, 0x23, 0xF6, 0x23, 0xF6,
    0x23, 0xF6, 0x23, 0xF6, 0x23, 0xF6, 0x23, 0xF6,
    0x23, 0xF6, 0x23, 0xF6, 0x24, 0xF5, 0x33, 0xF4,
    0x54, 0xF4, 0xA9, 0xF6, 0xA9, 0xF7, 0x43, 0xF4,
    0x34, 0xF5, 0x33, 0xF6, 0x33, 0xF5, 0x33, 0xF5,
    0xAA, 0xF9, 0xAA, 0xF9, 0xAA, 0xF9, 0xAA, 0xF9,
    0xBB, 0xFA, 0xBB, 0xFA, 0xBC, 0xFB, 0xAA, 0xF9,
    0xCC, 0xFB, 0xAB, 0xFA, 0xCC, 0xFB, 0xBB, 0xFB,
    0xCC, 0xFB, 0xBB, 0xFA, 0x99, 0xF7, 0x66, 0xF4,
    0xAA, 0xF8, 0xCC, 0xFB, 0xAA, 0xFA, 0xAB, 0xFA,
    0xAB, 0xFB, 0xAB, 0xFA, 0x89, 0xF8, 0xBC, 0xFB,
    0xAB, 0xFA, 0xCC, 0xFB, 0xBB, 0xFA, 0x9A, 0xF9,
    0xAA, 0xF9, 0x99, 0xF9, 0xAB, 0xFA, 0xBB, 0xFA,
    0x9A, 0xF9, 0x99, 0xF9, 0xBB, 0xFA, 0xAA, 0xF9,
    0x54, 0xF2, 0x99, 0xF7, 0xAA, 0xF9, 0xAA, 0xF9,
    0x9A, 0xF9, 0x9A, 0xF9, 0xAB, 0xFB, 0xBC, 0xFB,
    0x77, 0xF7, 0x65, 0xF5, 0x64, 0xF4, 0x74, 0xF3,
    0xA8, 0xF7, 0xA7, 0xF6, 0xC8, 0xF6, 0xD9, 0xF7,
    0xEB, 0xF9, 0xA7, 0xF5, 0xD9, 0xF8, 0xC9, 0xF8,
    0xA7, 0xF6, 0x75, 0xF4, 0x75, 0xF3, 0x33, 0xF2,
    0x12, 0xF1, 0x11, 0xF1, 0x42, 0xF2, 0xBA, 0xF9,
    0xBA, 0xF9, 0xBC, 0xFA, 0xAA, 0xF9, 0xAB, 0xFA,
    0xAA, 0xFA, 0x99, 0xF8, 0xAB, 0xFA, 0xAB, 0xFA,
    0xBC, 0xFA, 0xCC, 0xFB, 0x9A, 0xF9, 0xBC, 0xFB,
    0xCD, 0xFB, 0xBB, 0xF9, 0x64, 0xF2, 0x66, 0xF3,
    0xAA, 0xF8, 0xAA, 0xF9, 0xAB, 0xFA, 0x9A, 0xF9,
    0xAA, 0xF9, 0x88, 0xF8, 0x99, 0xF9, 0x99, 0xF9,
    0x9A, 0xF9, 0x9A, 0xF9, 0xBB, 0xFA, 0xAA, 0xFA,
    0xBC, 0xFB, 0xBC, 0xFB, 0xAA, 0xFA, 0xBB, 0xFA,
    0xBB, 0xFB, 0xAA, 0xF9, 0xBB, 0xFA, 0x65, 0xF3,
    0x65, 0xF2, 0xBA, 0xF8, 0xA9, 0xF8, 0xAA, 0xFA,
    0x99, 0xF9, 0xAA, 0xFA, 0xAA, 0xFA, 0xAA, 0xFA,
    0xBB, 0xFA, 0xAA, 0xF9, 0xAB, 0xFA, 0xAB, 0xFA,
    0xBB, 0xFB, 0xAB, 0xFA, 0xBB, 0xFA, 0xBC, 0xFB,
    0xBB, 0xFB, 0xBC, 0xFB, 0xBB, 0xFB, 0xCC, 0xFC,
    0x99, 0xF8, 0x86, 0xF4, 0xCB, 0xF9, 0x87, 0xF6,
    0x88, 0xF3, 0x55, 0xF1, 0x55, 0xF2, 0x55, 0xF2,
    0x22, 0xF0, 0x54, 0xF0, 0xBA, 0xF3, 0xCA, 0xF5,
    0xCB, 0xF6, 0xBB, 0xF5, 0xCB, 0xF4, 0xB9, 0xF2,
    0xBA, 0xF1, 0xA8, 0xF0, 0xCA, 0xF0, 0xBA, 0xF0,
    0xBA, 0xF0, 0x98, 0xF0, 0x87, 0xF3, 0xDC, 0xF9,
    0x77, 0xF6, 0x9A, 0xF9, 0x99, 0xFA, 0x99, 0xF9,
    0xAA, 0xFA, 0xAA, 0xFA, 0x89, 0xF8, 0x89, 0xF8,
    0xAA, 0xFA, 0x89, 0xF8, 0xAA, 0xFA, 0x99, 0xF9,
    0xAA, 0xFA, 0x9A, 0xF9, 0xAA, 0xFA, 0x99, 0xF9,
    0x88, 0xF8, 0x78, 0xF7, 0xAA, 0xF9, 0x54, 0xF3,
    0xB9, 0xF7, 0xBB, 0xF8, 0x88, 0xF7, 0x78, 0xF8,
    0xAA, 0xFA, 0x9A, 0xF9, 0xAA, 0xF9, 0x9A, 0xF9,
    0xAA, 0xF9, 0x99, 0xF9, 0xAA, 0xF9, 0x9A, 0xF9,
    0x9A, 0xF9, 0xBB, 0xFA, 0xCC, 0xFB, 0xAA, 0xF9,
    0xBB, 0xFA, 0x9A, 0xF9, 0x99, 0xFA, 0x66, 0xF7,
    0x43, 0xF3, 0xB9, 0xF7, 0xED, 0xFB, 0x33, 0xF3,
    0x13, 0xF4, 0x13, 0xF5, 0x23, 0xF4, 0x23, 0xF4,
    0x23, 0xF4, 0x23, 0xF5, 0x23, 0xF5, 0x23, 0xF5,
    0x23, 0xF5, 0x23, 0xF5, 0x23, 0xF5, 0x23, 0xF5,
    0x22, 0xF5, 0x22, 0xF4, 0x23, 0xF4, 0x12, 0xF4,
    0x23, 0xF5, 0x56, 0xF6, 0x99, 0xF7, 0xEE, 0xFB,
    0xDD, 0xFB, 0xDE, 0xFD, 0xEF, 0xFF, 0xEF, 0xFF,
    0xEF, 0xFF, 0xEF, 0xFF, 0xEF, 0xFF, 0xEF, 0xFE,
    0xEF, 0xFF, 0xEF, 0xFF, 0xEE, 0xFD, 0x88, 0xF4,
    0xBA, 0xF1, 0xBA, 0xF0, 0xBB, 0xF4, 0x66, 0xF3,
    0xAA, 0xF5, 0x98, 0xF0, 0x86, 0xF2, 0x75, 0xF2,
    0xDC, 0xF8, 0xDC, 0xF7, 0xAA, 0xF6, 0x32, 0xF2,
    0x42, 0xF2, 0x74, 0xF3, 0x52, 0xF3, 0x76, 0xF8,
    0x44, 0xF6, 0x23, 0xF6, 0x23, 0xF6, 0x23, 0xF6,
    0x23, 0xF6, 0x23, 0xF6, 0x23, 0xF6, 0x23, 0xF6,
    0x23, 0xF5, 0x23, 0xF5, 0x24, 0xF5, 0x24, 0xF5,
    0x54, 0xF4, 0xCC, 0xF9, 0xDD, 0xFB, 0x34, 0xF5,
    0x33, 0xF5, 0x23, 0xF5, 0x33, 0xF5, 0x33, 0xF4,
    0x99, 0xF8, 0x99, 0xF8, 0xAA, 0xF9, 0xAB, 0xFA,
    0xBB, 0xFA, 0xBC, 0xFB, 0xCD, 0xFC, 0xBB, 0xFA,
    0xBB, 0xFA, 0xBB, 0xFA, 0xAA, 0xFA, 0xAA, 0xF9,
    0xBA, 0xFA, 0xAA, 0xF9, 0x77, 0xF5, 0xBB, 0xF9,
    0xCB, 0xFA, 0xA9, 0xF9, 0xAB, 0xFB, 0x9A, 0xF9,
    0xAB, 0xF9, 0xBB, 0xFA, 0xAA, 0xF9, 0x99, 0xF8,
    0xBB, 0xFA, 0x99, 0xF8, 0x9A, 0xF9, 0xAA, 0xF9,
    0xBB, 0xFA, 0xBB, 0xFA, 0x9A, 0xF9, 0x99, 0xF8,
    0xAA, 0xFA, 0xBC, 0xFB, 0x89, 0xF8, 0x66, 0xF4,
    0xBA, 0xF8, 0xCC, 0xFA, 0xBC, 0xFA, 0xAB, 0xFA,
    0xAB, 0xFB, 0xAB, 0xFA, 0xAB, 0xFA, 0xBB, 0xFA,
    0x78, 0xF7, 0x11, 0xF1, 0x32, 0xF2, 0x64, 0xF4,
    0xA8, 0xF7, 0xB7, 0xF6, 0xA6, 0xF4, 0xD8, 0xF6,
    0xD9, 0xF7, 0xC8, 0xF6, 0xD9, 0xF8, 0xC8, 0xF7,
    0xA7, 0xF6, 0x98, 0xF7, 0xCC, 0xFA, 0x55, 0xF3,
    0x12, 0xF1, 0x54, 0xF4, 0x65, 0xF4, 0x99, 0xF8,
    0xBB, 0xFA, 0xBB, 0xFA, 0xBC, 0xFB, 0xCC, 0xFB,
    0xBC, 0xFB, 0xAB, 0xFA, 0xAB, 0xFA, 0xAB, 0xFA,
    0xCC, 0xFB, 0xAB, 0xFA, 0xAA, 0xF9, 0xAB, 0xFA,
    0xBC, 0xFB, 0x99, 0xF7, 0x66, 0xF4, 0xDD, 0xFA,
    0x99, 0xF7, 0x9A, 0xF9, 0xAB, 0xFA, 0xAA, 0xFA,
    0xBB, 0xFB, 0xAA, 0xF9, 0x99, 0xF9, 0xAB, 0xFA,
    0x9A, 0xF9, 0x99, 0xF8, 0x9A, 0xF9, 0xAB, 0xFA,
    0xAB, 0xFA, 0x9A, 0xF9, 0x99, 0xF8, 0x9A, 0xF9,
    0xAA, 0xF9, 0x99, 0xF9, 0x99, 0xF8, 0x54, 0xF2,
    0xDD, 0xFA, 0xCB, 0xF9, 0xCC, 0xFB, 0xAB, 0xFA,
    0x99, 0xF8, 0x99, 0xF9, 0xBB, 0xFB, 0xBB, 0xFB,
    0xAA, 0xF9, 0x99, 0xF9, 0xAA, 0xFA, 0xBB, 0xFA,
    0x89, 0xF8, 0xBB, 0xFB, 0xBB, 0xFA, 0xBC, 0xFB,
    0xAA, 0xFA, 0xAB, 0xFA, 0xAB, 0xFA, 0xBB, 0xFA,
    0x88, 0xF7, 0xCB, 0xF9, 0xDB, 0xF9, 0xBA, 0xF9,
    0xA9, 0xF4, 0x98, 0xF0, 0x99, 0xF1, 0xBB, 0xF2,
    0xBA, 0xF1, 0x76, 0xF0, 0x21, 0xF0, 0x54, 0xF2,
    0xA9, 0xF6, 0xCC, 0xF8, 0xBA, 0xF4, 0xCB, 0xF3,
    0xA9, 0xF0, 0xB9, 0xF0, 0xB9, 0xF0, 0xA9, 0xF0,
    0xA9, 0xF0, 0x98, 0xF0, 0x98, 0xF4, 0xDD, 0xF9,
    0xDE, 0xFB, 0x9A, 0xFA, 0xAB, 0xFB, 0xAB, 0xFB,
    0xAA, 0xFA, 0xA9, 0xF9, 0xAB, 0xFA, 0x99, 0xF9,
    0x9A, 0xF9, 0x89, 0xF8, 0xAA, 0xFA, 0x99, 0xF9,
    0xAB, 0xFA, 0x99, 0xF8, 0xAA, 0xF9, 0x99, 0xF9,
    0x9A, 0xF9, 0x89, 0xF8, 0x99, 0xF8, 0x76, 0xF5,
    0xCB, 0xF9, 0xBB, 0xF8, 0x99, 0xF7, 0x88, 0xF8,
    0x78, 0xF8, 0x78, 0xF7, 0x88, 0xF8, 0x9A, 0xF9,
    0x88, 0xF7, 0x9A, 0xF9, 0xAB, 0xFA, 0xBB, 0xFA,
    0xAA, 0xF9, 0x99, 0xF9, 0x99, 0xF9, 0xAA, 0xF9,
    0xBB, 0xFA, 0xBB, 0xFA, 0x99, 0xF9, 0x67, 0xF7,
    0x44, 0xF3, 0x98, 0xF6, 0xDD, 0xFB, 0x33, 0xF2,
    0x13, 0xF4, 0x23, 0xF4, 0x23, 0xF4, 0x23, 0xF4,
    0x23, 0xF5, 0x23, 0xF5, 0x23, 0xF5, 0x23, 0xF5,
    0x23, 0xF5, 0x23, 0xF5, 0x23, 0xF5, 0x23, 0xF5,
    0x23, 0xF5, 0x23, 0xF4, 0x23, 0xF4, 0x12, 0xF4,
    0x22, 0xF4, 0x66, 0xF6, 0x89, 0xF6, 0xDD, 0xFB,
    0xDD, 0xFB, 0xDE, 0xFD, 0xEF, 0xFE, 0xEF, 0xFF,
    0xEF, 0xFF, 0xEF, 0xFF, 0xEF, 0xFF, 0xEF, 0xFF,
    0xEF, 0xFF, 0xEF, 0xFF, 0xEE, 0xFD, 0x98, 0xF5,
    0x98, 0xF0, 0xBA, 0xF0, 0xAA, 0xF2, 0x77, 0xF3,
    0xBA, 0xF6, 0x86, 0xF1, 0x43, 0xF0, 0x87, 0xF5,
    0xED, 0xFA, 0xBB, 0xF6, 0xAA, 0xF6, 0x55, 0xF4,
    0x53, 0xF3, 0x74, 0xF3, 0x43, 0xF4, 0x32, 0xF5,
    0x33, 0xF6, 0x23, 0xF6, 0x23, 0xF6, 0x23, 0xF6,
    0x23, 0xF6, 0x23, 0xF6, 0x23, 0xF6, 0x23, 0xF6,
    0x23, 0xF5, 0x33, 0xF6, 0x23, 0xF6, 0x34, 0xF5,
    0x44, 0xF3, 0xCC, 0xFA, 0xCD, 0xFB, 0x44, 0xF4,
    0x33, 0xF5, 0x33, 0xF5, 0x34, 0xF5, 0x34, 0xF5,
    0x99, 0xF8, 0xAA, 0xF9, 0xAA, 0xF9, 0x9A, 0xF9,
    0x99, 0xF8, 0xAA, 0xFA, 0xAA, 0xFA, 0xBB, 0xFA,
    0xAA, 0xF9, 0x99, 0xF9, 0x99, 0xF9, 0x99, 0xF9,
    0x88, 0xF7, 0xBB, 0xF9, 0x99, 0xF7, 0xBA, 0xF8,
    0xDC, 0xFA, 0xBB, 0xF9, 0xAA, 0xFA, 0x99, 0xF8,
    0xBC, 0xFA, 0xAA, 0xF9, 0xAA, 0xF9, 0xAA, 0xF9,
    0xAA, 0xF9, 0xAB, 0xFA, 0x9A, 0xF9, 0x9A, 0xF9,
    0x9A, 0xF9, 0x9A, 0xF9, 0xAA, 0xF9, 0xAA, 0xF9,
    0xBC, 0xFB, 0xAB, 0xFA, 0xAB, 0xF9, 0xAA, 0xF8,
    0xCB, 0xF9, 0xDC, 0xFA, 0xBB, 0xFA, 0xAA, 0xFA,
    0xAA, 0xFA, 0xBB, 0xFB, 0xAB, 0xFA, 0xAB, 0xF9,
    0xAA, 0xF9, 0x23, 0xF2, 0x11, 0xF1, 0x43, 0xF4,
    0x86, 0xF6, 0xB7, 0xF6, 0x93, 0xF2, 0xD7, 0xF5,
    0xD9, 0xF6, 0xC8, 0xF6, 0xC7, 0xF5, 0xC8, 0xF6,
    0xC9, 0xF7, 0xCC, 0xF9, 0xCC, 0xF9, 0x43, 0xF2,
    0x54, 0xF3, 0x97, 0xF6, 0xA8, 0xF6, 0xBA, 0xF9,
    0xAB, 0xFA, 0xAB, 0xFA, 0xAB, 0xFB, 0x9A, 0xF9,
    0xAA, 0xF9, 0xAB, 0xFA, 0xAB, 0xFA, 0xAB, 0xFA,
    0xBB, 0xFA, 0xAA, 0xF9, 0x9A, 0xF9, 0x99, 0xF8,
    0xBB, 0xFA, 0xBB, 0xF9, 0x98, 0xF6, 0xDC, 0xFB,
    0xBA, 0xF9, 0x99, 0xF8, 0xAA, 0xF9, 0xAA, 0xFA,
    0xAA, 0xF9, 0x99, 0xF8, 0xAA, 0xF9, 0xCC, 0xFB,
    0x9A, 0xF9, 0xBB, 0xFA, 0xBC, 0xFB, 0xBB, 0xFA,
    0x9A, 0xF9, 0x9A, 0xF9, 0x89, 0xF7, 0x9A, 0xF9,
    0x99, 0xF9, 0xBA, 0xFA, 0xBA, 0xF9, 0xAA, 0xF8,
    0xDD, 0xFA, 0xAA, 0xF8, 0xBB, 0xFA, 0xAB, 0xFA,
    0x88, 0xF8, 0xAA, 0xF9, 0xAA, 0xFA, 0x88, 0xF8,
    0x99, 0xF8, 0x9A, 0xF9, 0xBB, 0xFB, 0x99, 0xF9,
    0xBB, 0xFB, 0xBC, 0xFB, 0x9A, 0xF9, 0xAB, 0xFA,
    0xAB, 0xFA, 0xAA, 0xF9, 0x99, 0xF9, 0xAA, 0xF9,
    0xA9, 0xF8, 0xCC, 0xFA, 0xCB, 0xF9, 0xCB, 0xF9,
    0xA9, 0xF4, 0xA9, 0xF0, 0xDC, 0xF2, 0xED, 0xF1,
    0xDC, 0xF0, 0xDC, 0xF0, 0xA9, 0xF0, 0x44, 0xF0,
    0x21, 0xF0, 0x98, 0xF7, 0xCB, 0xF7, 0xDB, 0xF3,
    0xCB, 0xF0, 0xCB, 0xF0, 0xA9, 0xF0, 0xB9, 0xF0,
    0xA7, 0xF1, 0x64, 0xF1, 0xCB, 0xF7, 0xCB, 0xF7,
    0xDD, 0xFA, 0x88, 0xF8, 0x99, 0xFA, 0x9A, 0xFA,
    0x99, 0xF9, 0xAA, 0xFA, 0x99, 0xF9, 0x9A, 0xFA,
    0x89, 0xF8, 0x89, 0xF8, 0xAA, 0xFA, 0x99, 0xF9,
    0xAA, 0xF9, 0x99, 0xF8, 0xAA, 0xF9, 0xAA, 0xFA,
    0xAB, 0xFA, 0x9A, 0xF9, 0xAA, 0xF8, 0xBA, 0xF8,
    0xCA, 0xF8, 0xBA, 0xF8, 0xAA, 0xF8, 0xBA, 0xF9,
    0x99, 0xF8, 0x9A, 0xF9, 0x99, 0xF8, 0x89, 0xF8,
    0x9A, 0xF9, 0xAA, 0xF9, 0xAA, 0xF9, 0x99, 0xF8,
    0x99, 0xF8, 0x89, 0xF8, 0x9A, 0xF9, 0x9A, 0xF9,
    0xAA, 0xF9, 0xAA, 0xFA, 0x9A, 0xF9, 0x77, 0xF6,
    0x87, 0xF5, 0xED, 0xFB, 0xCB, 0xF9, 0xBB, 0xF9,
    0x33, 0xF3, 0x22, 0xF4, 0x22, 0xF4, 0x23, 0xF4,
    0x23, 0xF4, 0x23, 0xF5, 0x23, 0xF5, 0x23, 0xF5,
    0x23, 0xF5, 0x23, 0xF5, 0x23, 0xF4, 0x23, 0xF4,
    0x23, 0xF4, 0x22, 0xF4, 0x22, 0xF4, 0x22, 0xF4,
    0x32, 0xF3, 0x77, 0xF6, 0xDD, 0xFA, 0xCC, 0xF9,
    0xEE, 0xFD, 0xDE, 0xFD, 0xEF, 0xFE, 0xEF, 0xFF,
    0xEF, 0xFF, 0xEF, 0xFF, 0xEF, 0xFF, 0xEF, 0xFF,
    0xEF, 0xFF, 0xEF, 0xFF, 0xEE, 0xFE, 0x99, 0xF7,
    0x88, 0xF1, 0xBA, 0xF0, 0xBA, 0xF2, 0x87, 0xF3,
    0x78, 0xF5, 0x44, 0xF1, 0x76, 0xF2, 0xDB, 0xF7,
    0xDB, 0xF6, 0xDC, 0xF6, 0xAA, 0xF6, 0x54, 0xF3,
    0x64, 0xF2, 0x74, 0xF4, 0x43, 0xF5, 0x23, 0xF6,
    0x23, 0xF6, 0x23, 0xF6, 0x23, 0xF6, 0x23, 0xF6,
    0x23, 0xF6, 0x23, 0xF6, 0x23, 0xF6, 0x24, 0xF6,
    0x23, 0xF5, 0x23, 0xF5, 0x23, 0xF6, 0x33, 0xF4,
    0x99, 0xF7, 0xDC, 0xFA, 0xCC, 0xFA, 0xBB, 0xFA,
    0x44, 0xF5, 0x33, 0xF5, 0x23, 0xF5, 0x24, 0xF5,
    0xBB, 0xF9, 0x9A, 0xF9, 0xAA, 0xF9, 0xAA, 0xFA,
    0xBB, 0xFA, 0xCC, 0xFB, 0xAA, 0xFA, 0xBC, 0xFB,
    0x88, 0xF7, 0xBB, 0xFB, 0x99, 0xF9, 0xAA, 0xFA,
    0xBB, 0xF9, 0x98, 0xF7, 0x88, 0xF6, 0x99, 0xF7,
    0xA9, 0xF7, 0xBB, 0xF8, 0xBA, 0xF9, 0xAA, 0xF9,
    0xAA, 0xF9, 0x9A, 0xF9, 0x9A, 0xFA, 0xAB, 0xFA,
    0xAB, 0xF9, 0xBB, 0xF9, 0xAA, 0xF9, 0xAB, 0xFA,
    0x99, 0xF8, 0xAA, 0xFA, 0xAA, 0xFA, 0xAB, 0xFA,
    0xAB, 0xFA, 0xBB, 0xFA, 0xAA, 0xF8, 0xA9, 0xF7,
    0xA9, 0xF7, 0xAA, 0xF8, 0xBB, 0xF9, 0xAA, 0xF8,
    0xA9, 0xF8, 0x99, 0xF8, 0xAA, 0xF9, 0xBB, 0xFA,
    0x99, 0xF8, 0x54, 0xF3, 0x32, 0xF2, 0x10, 0xF1,
    0x53, 0xF3, 0xB7, 0xF7, 0xA3, 0xF3, 0xC6, 0xF4,
    0xD8, 0xF5, 0xC7, 0xF5, 0xB5, 0xF3, 0xD9, 0xF7,
    0xCA, 0xF8, 0xBA, 0xF8, 0xBA, 0xF8, 0xB9, 0xF8,
    0x97, 0xF6, 0x97, 0xF6, 0x96, 0xF5, 0xCB, 0xFA,
    0xAB, 0xFA, 0x9B, 0xFA, 0xAA, 0xFA, 0xCC, 0xFB,
    0xCC, 0xFB, 0xAB, 0xFA, 0xBB, 0xFA, 0xBC, 0xFA,
    0xAB, 0xF9, 0xDD, 0xFC, 0x9A, 0xF9, 0xAA, 0xF9,
    0xCC, 0xFA, 0xBB, 0xF9, 0xBB, 0xF9, 0xA9, 0xF8,
    0xCB, 0xFA, 0xAA, 0xF8, 0x99, 0xF8, 0xBB, 0xFB,
    0xBB, 0xFA, 0xAB, 0xFA, 0xCD, 0xFC, 0xAB, 0xFA,
    0x9A, 0xF9, 0x9A, 0xF9, 0xAB, 0xFA, 0xBB, 0xFA,
    0xBB, 0xFA, 0xAB, 0xF9, 0xAB, 0xFA, 0x9A, 0xF9,
    0x89, 0xF8, 0xBA, 0xFA, 0xBB, 0xFA, 0xBA, 0xF8,
    0xA9, 0xF7, 0xBB, 0xF9, 0xBB, 0xFA, 0xBB, 0xF9,
    0xBB, 0xFA, 0x88, 0xF8, 0x99, 0xF9, 0xAA, 0xF9,
    0x99, 0xF8, 0xAA, 0xF9, 0x9A, 0xF9, 0xBB, 0xFA,
    0xAA, 0xF9, 0xAA, 0xF9, 0xAB, 0xFA, 0xBB, 0xFA,
    0xAB, 0xFA, 0xBB, 0xFB, 0xCC, 0xFB, 0xBA, 0xF9,
    0xA9, 0xF8, 0xBA, 0xF9, 0x98, 0xF6, 0xCB, 0xF8,
    0xB9, 0xF5, 0xA8, 0xF0, 0xCA, 0xF0, 0xED, 0xF1,
    0xDC, 0xF0, 0xDC, 0xF0, 0xDC, 0xF0, 0xBA, 0xF0,
    0xA9, 0xF2, 0x66, 0xF2, 0x43, 0xF1, 0x98, 0xF3,
    0xDC, 0xF2, 0xCB, 0xF0, 0xA9, 0xF0, 0x97, 0xF0,
    0x43, 0xF0, 0xBA, 0xF6, 0xDC, 0xF6, 0xDC, 0xF6,
    0xCB, 0xF6, 0xBB, 0xF9, 0xAA, 0xF9, 0x89, 0xF7,
    0x89, 0xF8, 0x9A, 0xF9, 0x88, 0xF8, 0x89, 0xF8,
    0x88, 0xF8, 0x89, 0xF8, 0x88, 0xF8, 0x99, 0xF9,
    0x88, 0xF8, 0x9A, 0xF9, 0xAA, 0xFA, 0x99, 0xF9,
    0xAA, 0xF9, 0xA9, 0xF8, 0xA9, 0xF7, 0xB9, 0xF7,
    0xA9, 0xF7, 0x97, 0xF5, 0xB9, 0xF8, 0xBA, 0xF8,
    0xA9, 0xF8, 0xAA, 0xF9, 0x99, 0xF8, 0xAB, 0xFA,
    0x9A, 0xF9, 0x89, 0xF8, 0x9A, 0xF9, 0xAA, 0xF9,
    0x9A, 0xF9, 0x99, 0xF8, 0x9A, 0xF9, 0x9A, 0xF9,
    0xAB, 0xFA, 0xAA, 0xF9, 0xAA, 0xF9, 0xA9, 0xF8,
    0xDC, 0xFA, 0x99, 0xF7, 0x33, 0xF2, 0xAA, 0xF9,
    0xBA, 0xF9, 0x43, 0xF3, 0x32, 0xF4, 0x23, 0xF5,
    0x23, 0xF4, 0x23, 0xF4, 0x23, 0xF5, 0x23, 0xF5,
    0x23, 0xF4, 0x23, 0xF4, 0x23, 0xF4, 0x23, 0xF4,
    0x22, 0xF4, 0x22, 0xF4, 0x22, 0xF4, 0x22, 0xF3,
    0x43, 0xF3, 0xBB, 0xF9, 0xBA, 0xF9, 0xAA, 0xF9,
    0xAA, 0xFA, 0xDE, 0xFD, 0xEF, 0xFE, 0xEF, 0xFE,
    0xEF, 0xFE, 0xEF, 0xFF, 0xEF, 0xFF, 0xEF, 0xFF,
    0xEF, 0xFF, 0xEF, 0xFF, 0xEE, 0xFE, 0x99, 0xF8,
    0x88, 0xF3, 0x98, 0xF1, 0xBA, 0xF4, 0x88, 0xF4,
    0x22, 0xF1, 0x88, 0xF5, 0xAA, 0xF5, 0xCA, 0xF4,
    0xCA, 0xF1, 0xA9, 0xF2, 0xCB, 0xF7, 0x75, 0xF3,
    0x62, 0xF1, 0x52, 0xF2, 0x33, 0xF4, 0x13, 0xF6,
    0x23, 0xF6, 0x23, 0xF6, 0x23, 0xF6, 0x23, 0xF6,
    0x23, 0xF6, 0x23, 0xF6, 0x23, 0xF6, 0x23, 0xF6,
    0x23, 0xF6, 0x23, 0xF5, 0x33, 0xF4, 0x88, 0xF7,
    0xDC, 0xFA, 0x76, 0xF6, 0x54, 0xF4, 0xBA, 0xFA,
    0xBB, 0xFA, 0x44, 0xF4, 0x23, 0xF5, 0x24, 0xF5,
    0xAA, 0xF8, 0x99, 0xF8, 0x9A, 0xF9, 0xAA, 0xFA,
    0x99, 0xF8, 0x99, 0xF8, 0xAB, 0xFA, 0x89, 0xF8,
    0x99, 0xF9, 0x99, 0xF9, 0x99, 0xF8, 0xA9, 0xF8,
    0x87, 0xF5, 0x87, 0xF5, 0xA9, 0xF8, 0xBB, 0xF9,
    0xAA, 0xF8, 0x99, 0xF7, 0xCB, 0xF9, 0xBB, 0xF9,
    0xBA, 0xF9, 0x9A, 0xF9, 0xAB, 0xFA, 0x9A, 0xF9,
    0xAA, 0xF9, 0xDC, 0xFB, 0xAA, 0xF9, 0x9A, 0xF9,
    0xBC, 0xFB, 0xAB, 0xFA, 0xAB, 0xFA, 0xBB, 0xFA,
    0xBB, 0xF9, 0xCC, 0xFA, 0x97, 0xF6, 0xB9, 0xF8,
    0xA9, 0xF8, 0xBB, 0xF9, 0x88, 0xF6, 0xBB, 0xF9,
    0xCB, 0xF9, 0xCB, 0xFA, 0xBC, 0xFB, 0xAA, 0xFA,
    0xBB, 0xFA, 0x97, 0xF6, 0x64, 0xF2, 0x52, 0xF2,
    0x31, 0xF0, 0x61, 0xF1, 0xA3, 0xF4, 0xA3, 0xF3,
    0xB6, 0xF5, 0xC7, 0xF6, 0xC8, 0xF6, 0xB8, 0xF6,
    0xA8, 0xF6, 0x43, 0xF2, 0x53, 0xF2, 0xB8, 0xF7,
    0xC9, 0xF8, 0x96, 0xF5, 0xB8, 0xF6, 0xBB, 0xF9,
    0xCC, 0xFB, 0x9A, 0xF9, 0xCC, 0xFB, 0xCC, 0xFC,
    0xBB, 0xFA, 0xAA, 0xF9, 0x9A, 0xF9, 0xCC, 0xFB,
    0xBC, 0xFA, 0xBB, 0xFA, 0xAB, 0xFA, 0xBB, 0xFA,
    0xBA, 0xF8, 0x87, 0xF5, 0x98, 0xF7, 0xBA, 0xF9,
    0x98, 0xF7, 0xBB, 0xF9, 0xBB, 0xFA, 0x99, 0xF8,
    0x88, 0xF8, 0xAA, 0xFA, 0x9A, 0xF9, 0x9A, 0xF9,
    0x9A, 0xF9, 0xAA, 0xF9, 0xAB, 0xFA, 0xAB, 0xFA,
    0xAB, 0xFA, 0xCC, 0xFC, 0xBC, 0xFB, 0xAB, 0xFA,
    0xAA, 0xF9, 0xAA, 0xF8, 0x98, 0xF6, 0xA9, 0xF8,
    0xA9, 0xF7, 0xAA, 0xF8, 0xAA, 0xF8, 0xCC, 0xFB,
    0xCC, 0xFB, 0xAA, 0xFA, 0x99, 0xF8, 0xBB, 0xFA,
    0x9A, 0xF9, 0x9A, 0xF9, 0xAB, 0xFA, 0xAA, 0xF9,
    0x99, 0xF9, 0x89, 0xF8, 0xAA, 0xFA, 0x9A, 0xF9,
    0xBB, 0xFB, 0xAA, 0xFA, 0xBA, 0xF9, 0x98, 0xF6,
    0xAA, 0xF8, 0xCC, 0xFB, 0xAA, 0xF9, 0x77, 0xF6,
    0xB9, 0xF6, 0xA8, 0xF2, 0xCA, 0xF0, 0xED, 0xF0,
    0xED, 0xF0, 0xDC, 0xF0, 0xEC, 0xF0, 0xCB, 0xF0,
    0xCB, 0xF3, 0xDD, 0xF8, 0x76, 0xF4, 0x32, 0xF0,
    0xBA, 0xF2, 0xCA, 0xF1, 0x97, 0xF0, 0x42, 0xF0,
    0x97, 0xF4, 0xBA, 0xF4, 0xCB, 0xF1, 0xED, 0xF5,
    0xDD, 0xF7, 0xA9, 0xF7, 0xBA, 0xF9, 0x88, 0xF6,
    0x99, 0xF9, 0x89, 0xF8, 0x78, 0xF8, 0x9A, 0xFA,
    0x99, 0xF9, 0x89, 0xF8, 0x9A, 0xF9, 0x99, 0xF9,
    0x99, 0xF9, 0xAA, 0xFA, 0xAA, 0xFA, 0xBA, 0xF9,
    0xA9, 0xF8, 0xA9, 0xF7, 0xA9, 0xF7, 0x98, 0xF6,
    0xA9, 0xF8, 0xA9, 0xF8, 0x98, 0xF6, 0x98, 0xF6,
    0xAA, 0xF8, 0xBB, 0xFA, 0xBA, 0xFA, 0xAA, 0xFA,
    0xAB, 0xFB, 0x89, 0xF8, 0x99, 0xF8, 0xAA, 0xF9,
    0xAA, 0xFA, 0x99, 0xF9, 0x9A, 0xF9, 0xAB, 0xFA,
    0x9A, 0xF9, 0xAA, 0xF9, 0xAA, 0xF8, 0xBA, 0xF8,
    0xA9, 0xF8, 0x44, 0xF4, 0x22, 0xF3, 0x32, 0xF2,
    0xA9, 0xF9, 0xBA, 0xFA, 0x43, 0xF4, 0x22, 0xF4,
    0x23, 0xF4, 0x23, 0xF4, 0x23, 0xF5, 0x23, 0xF5,
    0x23, 0xF4, 0x23, 0xF4, 0x23, 0xF4, 0x23, 0xF4,
    0x23, 0xF4, 0x23, 0xF4, 0x22, 0xF3, 0x33, 0xF3,
    0xA9, 0xF7, 0xBA, 0xF9, 0x77, 0xF7, 0x99, 0xF9,
    0x99, 0xFA, 0x88, 0xF7, 0xDD, 0xFC, 0xEF, 0xFE,
    0xEF, 0xFE, 0xEF, 0xFE, 0xEF, 0xFF, 0xEF, 0xFF,
    0xEF, 0xFF, 0xEF, 0xFF, 0xDE, 0xFE, 0x66, 0xF5,
    0x88, 0xF5, 0x87, 0xF2, 0x99, 0xF4, 0x44, 0xF1,
    0x65, 0xF2, 0xBA, 0xF6, 0xB9, 0xF4, 0x98, 0xF0,
    0xCA, 0xF0, 0xB9, 0xF0, 0xA9, 0xF4, 0xDB, 0xF9,
    0x75, 0xF4, 0x52, 0xF2, 0x32, 0xF4, 0x23, 0xF6,
    0x23, 0xF6, 0x23, 0xF6, 0x23, 0xF6, 0x23, 0xF6,
    0x23, 0xF6, 0x23, 0xF6, 0x23, 0xF6, 0x23, 0xF6,
    0x23, 0xF6, 0x33, 0xF4, 0x88, 0xF7, 0xCB, 0xFA,
    0x76, 0xF6, 0x33, 0xF5, 0x33, 0xF5, 0x44, 0xF4,
    0xBA, 0xF9, 0xBB, 0xFA, 0x44, 0xF4, 0x33, 0xF4,
    0xAA, 0xF8, 0xAA, 0xF9, 0xBB, 0xFB, 0xAA, 0xF9,
    0x77, 0xF6, 0xAA, 0xF9, 0x89, 0xF8, 0xAB, 0xFA,
    0x9A, 0xF9, 0xBB, 0xFA, 0xBB, 0xF9, 0x98, 0xF6,
    0x76, 0xF5, 0xAA, 0xF8, 0xAA, 0xF9, 0xBC, 0xFA,
    0xAA, 0xF8, 0xAA, 0xF9, 0x99, 0xF7, 0xBB, 0xF9,
    0xAA, 0xF8, 0xAA, 0xF8, 0xAB, 0xFA, 0x9A, 0xF9,
    0xBB, 0xFA, 0x99, 0xF8, 0xAB, 0xFA, 0x9A, 0xF9,
    0xAB, 0xFA, 0xAA, 0xF9, 0xAB, 0xF9, 0xBB, 0xF9,
    0xA9, 0xF7, 0x76, 0xF4, 0x98, 0xF6, 0xA9, 0xF8,
    0xBB, 0xFA, 0xAB, 0xFA, 0xAA, 0xF9, 0x98, 0xF7,
    0xBA, 0xF8, 0xBA, 0xF9, 0xBB, 0xFA, 0x9A, 0xFA,
    0xBB, 0xFA, 0x86, 0xF5, 0x94, 0xF2, 0xA4, 0xF3,
    0xA4, 0xF2, 0x71, 0xF0, 0x60, 0xF0, 0x61, 0xF1,
    0x62, 0xF1, 0xC8, 0xF7, 0xB7, 0xF5, 0x97, 0xF6,
    0x31, 0xF1, 0x86, 0xF6, 0x97, 0xF6, 0x73, 0xF1,
    0xB8, 0xF6, 0xB8, 0xF6, 0xB8, 0xF6, 0xBA, 0xF9,
    0xAA, 0xF9, 0xBC, 0xFB, 0xBC, 0xFB, 0xAB, 0xFA,
    0xCC, 0xFC, 0xCC, 0xFB, 0xBC, 0xFB, 0xAB, 0xFA,
    0xBC, 0xFB, 0xBB, 0xFA, 0xAA, 0xF8, 0xBA, 0xF9,
    0x87, 0xF5, 0xA9, 0xF7, 0xBB, 0xFA, 0xAB, 0xFA,
    0xA9, 0xF8, 0x87, 0xF5, 0xA9, 0xF8, 0xAA, 0xF8,
    0x99, 0xF8, 0xAA, 0xF9, 0x99, 0xF9, 0x99, 0xF8,
    0x9A, 0xF9, 0xBB, 0xFA, 0xAA, 0xF9, 0xAB, 0xFA,
    0x9A, 0xF9, 0xAB, 0xFA, 0xBB, 0xFA, 0xBB, 0xFA,
    0xA9, 0xF8, 0x76, 0xF4, 0x98, 0xF7, 0x99, 0xF7,
    0xAB, 0xF9, 0xAA, 0xF9, 0x99, 0xF8, 0x99, 0xF8,
    0xBB, 0xF9, 0xA9, 0xF8, 0xA9, 0xF9, 0xBB, 0xFA,
    0xCC, 0xFC, 0xAA, 0xF9, 0x99, 0xF8, 0xAB, 0xFA,
    0xAA, 0xF9, 0xCD, 0xFC, 0xBB, 0xFA, 0xAB, 0xFA,
    0xBB, 0xFA, 0xAA, 0xF9, 0x88, 0xF6, 0xAA, 0xF8,
    0xBB, 0xFA, 0x9A, 0xF9, 0x9A, 0xFA, 0xAA, 0xFA,
    0x98, 0xF6, 0xA8, 0xF3, 0xBA, 0xF1, 0xED, 0xF0,
    0xED, 0xF0, 0xDB, 0xF0, 0xEC, 0xF0, 0xDC, 0xF0,
    0xDB, 0xF1, 0xDC, 0xF5, 0xAA, 0xF4, 0x65, 0xF1,
    0x98, 0xF4, 0xA9, 0xF4, 0x32, 0xF0, 0x96, 0xF4,
    0xA8, 0xF4, 0x98, 0xF0, 0xBA, 0xF0, 0xED, 0xF4,
    0xEE, 0xF7, 0x98, 0xF6, 0x98, 0xF8, 0xAA, 0xF9,
    0x99, 0xF8, 0x98, 0xF7, 0x77, 0xF7, 0x88, 0xF7,
    0x89, 0xF8, 0x89, 0xF8, 0x99, 0xF9, 0x99, 0xF8,
    0x99, 0xF9, 0x88, 0xF7, 0x99, 0xF8, 0x99, 0xF7,
    0x98, 0xF6, 0xA9, 0xF7, 0xA9, 0xF7, 0x99, 0xF8,
    0x9A, 0xF9, 0xAA, 0xF9, 0x99, 0xF8, 0x88, 0xF6,
    0x99, 0xF7, 0xAA, 0xF8, 0xA9, 0xF8, 0xA9, 0xF9,
    0x99, 0xF9, 0xAA, 0xFA, 0xAA, 0xF9, 0xAA, 0xF9,
    0xAA, 0xF9, 0x9A, 0xFA, 0xAB, 0xFA, 0x99, 0xF9,
    0xAA, 0xF8, 0xA9, 0xF7, 0xAA, 0xF7, 0xA9, 0xF6,
    0x98, 0xF6, 0x45, 0xF5, 0x22, 0xF4, 0x22, 0xF4,
    0x32, 0xF2, 0x99, 0xF7, 0xBB, 0xF9, 0x44, 0xF2,
    0x32, 0xF4, 0x23, 0xF4, 0x23, 0xF4, 0x23, 0xF5,
    0x23, 0xF5, 0x23, 0xF4, 0x23, 0xF4, 0x23, 0xF4,
    0x23, 0xF4, 0x23, 0xF3, 0x33, 0xF3, 0xA8, 0xF7,
    0xA8, 0xF8, 0x66, 0xF6, 0x55, 0xF7, 0x55, 0xF7,
    0x55, 0xF6, 0x66, 0xF6, 0x77, 0xF6, 0xDD, 0xFC,
    0xEF, 0xFE, 0xEF, 0xFF, 0xEF, 0xFE, 0xEF, 0xFF,
    0xEF, 0xFF, 0xEF, 0xFF, 0xDE, 0xFF, 0x55, 0xF5,
    0xBA, 0xF8, 0x55, 0xF2, 0x44, 0xF3, 0xA9, 0xF6,
    0xB9, 0xF6, 0xB9, 0xF5, 0x87, 0xF1, 0x98, 0xF0,
    0xBA, 0xF0, 0xA9, 0xF0, 0xBB, 0xF5, 0x76, 0xF4,
    0xDB, 0xF9, 0x96, 0xF6, 0x43, 0xF4, 0x22, 0xF5,
    0x23, 0xF6, 0x23, 0xF6, 0x23, 0xF6, 0x23, 0xF6,
    0x23, 0xF6, 0x23, 0xF7, 0x23, 0xF6, 0x23, 0xF6,
    0x33, 0xF5, 0x87, 0xF6, 0xCA, 0xF9, 0x76, 0xF6,
    0x33, 0xF5, 0x23, 0xF6, 0x24, 0xF6, 0x33, 0xF5,
    0x43, 0xF4, 0xA9, 0xF9, 0xCC, 0xFB, 0x55, 0xF4,
    0xBA, 0xF8, 0xAA, 0xF8, 0xBB, 0xF9, 0xBB, 0xFA,
    0xAA, 0xF9, 0x9A, 0xF9, 0x99, 0xF8, 0x89, 0xF8,
    0x99, 0xF7, 0xA9, 0xF8, 0x98, 0xF6, 0x75, 0xF4,
    0xA9, 0xF8, 0x99, 0xF8, 0x9A, 0xF9, 0x9A, 0xF8,
    0x9A, 0xF9, 0xAA, 0xF9, 0xAA, 0xF9, 0x87, 0xF5,
    0x99, 0xF6, 0xAA, 0xF7, 0xBB, 0xF9, 0xAA, 0xF9,
    0xBB, 0xFA, 0x99, 0xF9, 0x9A, 0xF9, 0x9A, 0xF9,
    0xAB, 0xFA, 0xBB, 0xFA, 0xDD, 0xFB, 0xBA, 0xF8,
    0x76, 0xF4, 0xA9, 0xF7, 0xBB, 0xFA, 0xAA, 0xF9,
    0xAB, 0xFA, 0x99, 0xF9, 0xAA, 0xFA, 0xBB, 0xF9,
    0x98, 0xF6, 0xAA, 0xF8, 0xAA, 0xF9, 0xAA, 0xFA,
    0xBB, 0xFA, 0x75, 0xF4, 0xA5, 0xF3, 0xB4, 0xF2,
    0xC5, 0xF2, 0xC5, 0xF2, 0x93, 0xF1, 0x51, 0xF0,
    0x32, 0xF1, 0x97, 0xF5, 0xA6, 0xF5, 0x75, 0xF4,
    0xA8, 0xF7, 0xA8, 0xF7, 0x96, 0xF5, 0x84, 0xF3,
    0xB7, 0xF6, 0x96, 0xF5, 0xCA, 0xF8, 0xCB, 0xFA,
    0xBB, 0xFA, 0xAB, 0xF9, 0xAA, 0xF9, 0xBB, 0xFB,
    0xBB, 0xFA, 0xBB, 0xFA, 0xBC, 0xFB, 0xAA, 0xFA,
    0xBB, 0xFA, 0xBB, 0xF9, 0x98, 0xF7, 0x87, 0xF5,
    0xA9, 0xF8, 0xCC, 0xFA, 0xAA, 0xF9, 0xAB, 0xF9,
    0xAA, 0xF9, 0xBB, 0xFA, 0x98, 0xF6, 0xA9, 0xF7,
    0xA9, 0xF8, 0xBB, 0xF9, 0x99, 0xF8, 0xAB, 0xFA,
    0x99, 0xF9, 0xAA, 0xF9, 0x99, 0xF9, 0xAA, 0xF9,
    0xBB, 0xFA, 0x99, 0xF8, 0x99, 0xF8, 0xA9, 0xF8,
    0x76, 0xF4, 0x99, 0xF7, 0xBB, 0xF9, 0xAB, 0xF9,
    0xAB, 0xFA, 0xAB, 0xFA, 0xBB, 0xFA, 0xAA, 0xF8,
    0x98, 0xF7, 0xBA, 0xF9, 0xCB, 0xFA, 0xBB, 0xFA,
    0xBB, 0xFB, 0xAB, 0xFA, 0xBB, 0xFA, 0xBB, 0xFB,
    0xAB, 0xFA, 0xBC, 0xFB, 0x99, 0xF8, 0xAA, 0xF9,
    0xBA, 0xF9, 0x98, 0xF6, 0x99, 0xF8, 0xAA, 0xF9,
    0x89, 0xF8, 0xBB, 0xFB, 0x9A, 0xFA, 0x89, 0xF8,
    0xAA, 0xF9, 0x87, 0xF4, 0xA8, 0xF2, 0xDC, 0xF2,
    0xED, 0xF0, 0xDC, 0xF0, 0xCB, 0xF0, 0xEC, 0xF0,
    0xDB, 0xF0, 0xDB, 0xF2, 0xA9, 0xF1, 0xA9, 0xF3,
    0x76, 0xF4, 0x32, 0xF0, 0x97, 0xF4, 0x97, 0xF2,
    0x97, 0xF0, 0x97, 0xF0, 0xCA, 0xF0, 0xED, 0xF3,
    0xEE, 0xF7, 0x98, 0xF5, 0xA9, 0xFA, 0x88, 0xF7,
    0xAA, 0xF9, 0x98, 0xF7, 0x88, 0xF7, 0x99, 0xF8,
    0x99, 0xF9, 0x78, 0xF8, 0x89, 0xF9, 0x88, 0xF8,
    0x88, 0xF7, 0x98, 0xF7, 0xBA, 0xF9, 0xA9, 0xF7,
    0xA9, 0xF7, 0xA9, 0xF7, 0x99, 0xF8, 0x89, 0xF8,
    0x9A, 0xF9, 0xBC, 0xFB, 0xBB, 0xFA, 0xBB, 0xFA,
    0xAA, 0xF8, 0x99, 0xF7, 0xBA, 0xF8, 0xBA, 0xF8,
    0xAA, 0xF9, 0xAA, 0xF9, 0xBC, 0xFB, 0x9A, 0xF9,
    0x9A, 0xF9, 0x89, 0xF8, 0x99, 0xF8, 0xBA, 0xF9,
    0xA9, 0xF7, 0xA9, 0xF7, 0xBA, 0xF8, 0xCC, 0xFA,
    0xBA, 0xF9, 0x89, 0xF9, 0x34, 0xF6, 0x12, 0xF4,
    0x22, 0xF3, 0x32, 0xF2, 0xA9, 0xF7, 0xCB, 0xF9,
    0x44, 0xF3, 0x22, 0xF3, 0x23, 0xF4, 0x23, 0xF5,
    0x23, 0xF4, 0x23, 0xF4, 0x23, 0xF4, 0x23, 0xF3,
    0x22, 0xF2, 0x44, 0xF3, 0xA9, 0xF8, 0x98, 0xF7,
    0x32, 0xF2, 0x66, 0xF7, 0x55, 0xF7, 0x78, 0xF9,
    0x9A, 0xFA, 0x89, 0xF9, 0x66, 0xF6, 0x67, 0xF6,
    0xCD, 0xFC, 0xEF, 0xFE, 0xEF, 0xFF, 0xEF, 0xFF,
    0xEF, 0xFF, 0xEF, 0xFF, 0xDE, 0xFF, 0x44, 0xF5,
    0x55, 0xF3, 0x33, 0xF2, 0x87, 0xF5, 0xA9, 0xF6,
    0xB9, 0xF5, 0x98, 0xF2, 0x87, 0xF0, 0x99, 0xF0,
    0xA9, 0xF0, 0x99, 0xF0, 0xBB, 0xF5, 0x65, 0xF2,
    0x75, 0xF4, 0xDA, 0xF9, 0x86, 0xF6, 0x32, 0xF3,
    0x22, 0xF5, 0x23, 0xF6, 0x23, 0xF6, 0x23, 0xF6,
    0x23, 0xF6, 0x23, 0xF6, 0x23, 0xF5, 0x33, 0xF4,
    0x87, 0xF7, 0xBA, 0xF9, 0x65, 0xF5, 0x43, 0xF5,
    0x33, 0xF6, 0x24, 0xF6, 0x24, 0xF6, 0x34, 0xF6,
    0x33, 0xF5, 0x43, 0xF4, 0xAA, 0xF8, 0xCC, 0xFA,
    0x98, 0xF6, 0xBA, 0xF8, 0xA9, 0xF8, 0x99, 0xF8,
    0xAA, 0xFA, 0xAB, 0xFA, 0xAB, 0xFA, 0xAA, 0xF9,
    0xBB, 0xFA, 0x87, 0xF6, 0x86, 0xF4, 0xBA, 0xF8,
    0xBB, 0xF9, 0xAA, 0xF9, 0xAA, 0xF9, 0x99, 0xF8,
    0xAA, 0xFA, 0xAA, 0xF9, 0xAA, 0xF9, 0xBB, 0xF9,
    0x99, 0xF7, 0xBA, 0xF8, 0xBA, 0xF8, 0xCB, 0xFA,
    0x88, 0xF7, 0xAA, 0xFA, 0x9A, 0xF9, 0x89, 0xF8,
    0xBB, 0xFB, 0xCC, 0xFB, 0xBA, 0xF9, 0x86, 0xF5,
    0xAA, 0xF8, 0xCB, 0xFA, 0xBC, 0xFA, 0xAB, 0xF9,
    0xAB, 0xFA, 0xAB, 0xFB, 0x9A, 0xF9, 0xAB, 0xF9,
    0xBB, 0xF9, 0x99, 0xF7, 0xAA, 0xF8, 0xCB, 0xF9,
    0xB9, 0xF9, 0x84, 0xF4, 0x94, 0xF3, 0xA4, 0xF2,
    0xB4, 0xF1, 0xD5, 0xF1, 0xD5, 0xF1, 0xA4, 0xF1,
    0xA7, 0xF5, 0x86, 0xF5, 0xA8, 0xF7, 0xC9, 0xF8,
    0xA7, 0xF6, 0xA7, 0xF7, 0x96, 0xF5, 0x84, 0xF3,
    0xA7, 0xF6, 0x85, 0xF5, 0x97, 0xF6, 0xBA, 0xF9,
    0xCC, 0xFB, 0xCC, 0xFB, 0xCC, 0xFB, 0xAB, 0xFA,
    0xBB, 0xFB, 0xAB, 0xFA, 0xBC, 0xFB, 0x9A, 0xF9,
    0xBB, 0xFA, 0xAA, 0xF8, 0x76, 0xF3, 0xBA, 0xF8,
    0xBB, 0xF9, 0xAA, 0xF9, 0xAA, 0xF9, 0x89, 0xF8,
    0x9A, 0xF9, 0xAA, 0xF9, 0xBB, 0xF9, 0x98, 0xF6,
    0x99, 0xF7, 0xAA, 0xF8, 0xBB, 0xF9, 0xAA, 0xF9,
    0xAA, 0xF9, 0xAA, 0xF9, 0x9A, 0xF9, 0xAA, 0xF9,
    0xAA, 0xF9, 0xBB, 0xFA, 0xA9, 0xF8, 0x65, 0xF4,
    0xA9, 0xF7, 0xBB, 0xFA, 0xAA, 0xF8, 0x9A, 0xF9,
    0x9A, 0xF9, 0xBB, 0xFA, 0xBB, 0xFA, 0xBA, 0xF9,
    0xBA, 0xF9, 0x87, 0xF6, 0xA9, 0xF7, 0xBA, 0xF9,
    0xBB, 0xFA, 0xAA, 0xF9, 0xBC, 0xFB, 0xAB, 0xFA,
    0xAB, 0xFA, 0xAA, 0xFA, 0xBB, 0xFA, 0xAA, 0xF8,
    0x98, 0xF6, 0x99, 0xF7, 0xCB, 0xFA, 0xAA, 0xF9,
    0xAA, 0xFA, 0xBB, 0xFB, 0xBB, 0xFB, 0xAB, 0xFB,
    0xAA, 0xF9, 0xA9, 0xF6, 0x86, 0xF0, 0xB9, 0xF2,
    0xEC, 0xF2, 0xDC, 0xF0, 0xCB, 0xF0, 0xCB, 0xF0,
    0xEC, 0xF0, 0xDC, 0xF2, 0xCB, 0xF4, 0x76, 0xF2,
    0x32, 0xF0, 0x86, 0xF5, 0x96, 0xF4, 0x85, 0xF1,
    0xA8, 0xF0, 0x87, 0xF0, 0xCB, 0xF0, 0xED, 0xF2,
    0xED, 0xF5, 0x77, 0xF4, 0x9A, 0xFB, 0x99, 0xF9,
    0x98, 0xF7, 0xCB, 0xF9, 0x99, 0xF8, 0x78, 0xF7,
    0x99, 0xF9, 0x89, 0xF8, 0x99, 0xF9, 0x89, 0xF8,
    0x77, 0xF6, 0xA9, 0xF8, 0x98, 0xF6, 0x98, 0xF6,
    0x98, 0xF7, 0xA9, 0xF8, 0x99, 0xF8, 0x9A, 0xF9,
    0x99, 0xF9, 0x99, 0xF9, 0x99, 0xF9, 0x99, 0xF8,
    0xBB, 0xFA, 0xBA, 0xF9, 0xA9, 0xF7, 0xDB, 0xF9,
    0xBA, 0xF8, 0xBA, 0xF9, 0xBB, 0xFB, 0x99, 0xF9,
    0xBB, 0xFB, 0x99, 0xF8, 0xAA, 0xF9, 0x98, 0xF7,
    0x98, 0xF6, 0xA9, 0xF8, 0x99, 0xF8, 0xBB, 0xFA,
    0x99, 0xF8, 0x88, 0xF9, 0x56, 0xF7, 0x13, 0xF4,
    0x22, 0xF4, 0x22, 0xF4, 0x32, 0xF3, 0x99, 0xF7,
    0xCC, 0xF9, 0x55, 0xF3, 0x22, 0xF4, 0x23, 0xF4,
    0x23, 0xF4, 0x23, 0xF4, 0x23, 0xF4, 0x32, 0xF2,
    0x54, 0xF3, 0xA9, 0xF7, 0x88, 0xF7, 0x33, 0xF3,
    0x22, 0xF3, 0x66, 0xF7, 0x67, 0xF9, 0xAB, 0xFC,
    0xCD, 0xFD, 0xDE, 0xFE, 0xDE, 0xFD, 0x89, 0xF8,
    0x66, 0xF6, 0xCD, 0xFC, 0xEF, 0xFF, 0xEF, 0xFF,
    0xEF, 0xFF, 0xEF, 0xFF, 0xEE, 0xFF, 0x45, 0xF5,
    0x33, 0xF3, 0x99, 0xF7, 0xA8, 0xF4, 0xB9, 0xF5,
    0xBA, 0xF5, 0x98, 0xF3, 0x77, 0xF0, 0x98, 0xF0,
    0x99, 0xF0, 0x98, 0xF0, 0xAB, 0xF5, 0x77, 0xF4,
    0x42, 0xF2, 0x85, 0xF4, 0xDC, 0xFA, 0x77, 0xF6,
    0x22, 0xF4, 0x23, 0xF5, 0x23, 0xF6, 0x23, 0xF6,
    0x23, 0xF5, 0x23, 0xF5, 0x33, 0xF4, 0x87, 0xF7,
    0xA9, 0xF8, 0x54, 0xF5, 0x43, 0xF5, 0x33, 0xF6,
    0x34, 0xF6, 0x23, 0xF5, 0x23, 0xF6, 0x23, 0xF6,
    0x24, 0xF5, 0x34, 0xF5, 0x44, 0xF3, 0xA9, 0xF8,
    0xAA, 0xF9, 0x87, 0xF5, 0xA8, 0xF7, 0x98, 0xF7,
    0x99, 0xF8, 0xAA, 0xF9, 0x99, 0xF8, 0xCB, 0xF9,
    0x87, 0xF5, 0x65, 0xF3, 0x98, 0xF7, 0x99, 0xF7,
    0xAB, 0xFA, 0x99, 0xF8, 0x99, 0xF8, 0xAA, 0xF9,
    0x99, 0xF8, 0xAA, 0xFA, 0xAA, 0xF9, 0xAA, 0xF9,
    0xBB, 0xFA, 0xA9, 0xF7, 0xA9, 0xF7, 0xBB, 0xF9,
    0xAA, 0xF8, 0x99, 0xF8, 0xAA, 0xF9, 0x99, 0xF8,
    0xBB, 0xFA, 0xA9, 0xF8, 0x76, 0xF5, 0xA9, 0xF8,
    0xBB, 0xFA, 0xCC, 0xFC, 0xAA, 0xFA, 0xBC, 0xFB,
    0xAB, 0xFA, 0x99, 0xF8, 0x9A, 0xF9, 0xCD, 0xFC,
    0xAA, 0xF9, 0x9A, 0xF8, 0x98, 0xF6, 0xBA, 0xF8,
    0xA8, 0xF7, 0x85, 0xF4, 0x85, 0xF3, 0x94, 0xF2,
    0xC4, 0xF1, 0xC5, 0xF1, 0xB5, 0xF0, 0xB6, 0xF3,
    0x95, 0xF4, 0x53, 0xF3, 0xB9, 0xF8, 0xB8, 0xF7,
    0xB8, 0xF7, 0xA7, 0xF7, 0x85, 0xF4, 0x84, 0xF4,
    0x96, 0xF6, 0x64, 0xF4, 0xB9, 0xF8, 0x87, 0xF6,
    0xA9, 0xF8, 0xCC, 0xFA, 0xBB, 0xF9, 0xBB, 0xFA,
    0xAB, 0xFA, 0x89, 0xF8, 0xAA, 0xF9, 0xAA, 0xF9,
    0x98, 0xF7, 0x54, 0xF3, 0xA9, 0xF7, 0xA9, 0xF8,
    0xAA, 0xF9, 0x99, 0xF9, 0xBC, 0xFB, 0x89, 0xF8,
    0x88, 0xF7, 0x88, 0xF8, 0x9A, 0xF8, 0x98, 0xF7,
    0x88, 0xF6, 0xA9, 0xF7, 0xAA, 0xF8, 0x99, 0xF8,
    0xBB, 0xFA, 0xBC, 0xFB, 0xAA, 0xF9, 0xAA, 0xF9,
    0xBA, 0xF9, 0xA9, 0xF8, 0x65, 0xF4, 0x87, 0xF6,
    0xBA, 0xF9, 0xAB, 0xFA, 0xBB, 0xFA, 0x99, 0xF8,
    0xBB, 0xFA, 0xAA, 0xFA, 0xAB, 0xFA, 0x99, 0xF8,
    0xAA, 0xF9, 0xBA, 0xF9, 0x87, 0xF6, 0xBA, 0xF8,
    0xBA, 0xF8, 0xBB, 0xFA, 0xAA, 0xF9, 0xCD, 0xFC,
    0xAB, 0xFA, 0x99, 0xF9, 0xBA, 0xF9, 0x87, 0xF5,
    0x98, 0xF6, 0xBA, 0xF9, 0xBB, 0xFA, 0xAB, 0xFA,
    0xAA, 0xFA, 0x9A, 0xFA, 0x99, 0xF9, 0xAA, 0xFB,
    0xAA, 0xF9, 0xBB, 0xF7, 0x97, 0xF0, 0xB9, 0xF1,
    0xA8, 0xF1, 0xDC, 0xF2, 0xDB, 0xF0, 0xCA, 0xF0,
    0xDC, 0xF0, 0xED, 0xF3, 0xDC, 0xF3, 0x97, 0xF2,
    0x97, 0xF4, 0x86, 0xF4, 0x42, 0xF1, 0x54, 0xF1,
    0x86, 0xF1, 0x97, 0xF0, 0xCA, 0xF0, 0xED, 0xF1,
    0xED, 0xF3, 0x77, 0xF3, 0x89, 0xFA, 0x9A, 0xFA,
    0xAA, 0xF9, 0x98, 0xF8, 0xBB, 0xFA, 0x99, 0xF8,
    0x9A, 0xF9, 0x89, 0xF8, 0x99, 0xF8, 0x98, 0xF8,
    0x98, 0xF7, 0x98, 0xF6, 0x98, 0xF6, 0xA9, 0xF8,
    0x99, 0xF8, 0x99, 0xF8, 0x9A, 0xF9, 0x9A, 0xF9,
    0x99, 0xF9, 0x99, 0xF9, 0x99, 0xF9, 0xAA, 0xF9,
    0x99, 0xF8, 0x99, 0xF8, 0x98, 0xF7, 0xA9, 0xF7,
    0xCB, 0xF9, 0xA9, 0xF8, 0xAA, 0xF9, 0x99, 0xF9,
    0xBA, 0xFA, 0x99, 0xF7, 0xA9, 0xF7, 0x99, 0xF7,
    0xA9, 0xF8, 0xAA, 0xF9, 0xA9, 0xF9, 0xAA, 0xFA,
    0xAB, 0xFA, 0x89, 0xF8, 0x56, 0xF6, 0x22, 0xF4,
    0x22, 0xF5, 0x22, 0xF5, 0x22, 0xF5, 0x32, 0xF3,
    0x99, 0xF7, 0xCC, 0xFA, 0x55, 0xF4, 0x33, 0xF3,
    0x23, 0xF4, 0x23, 0xF4, 0x32, 0xF3, 0x65, 0xF5,
    0xA9, 0xF8, 0x76, 0xF5, 0x32, 0xF2, 0x22, 0xF3,
    0x22, 0xF4, 0x56, 0xF8, 0x67, 0xF8, 0xAB, 0xFB,
    0xCD, 0xFC, 0xDE, 0xFD, 0xEF, 0xFE, 0xEF, 0xFE,
    0x9A, 0xFA, 0x67, 0xF6, 0xCD, 0xFC, 0xEF, 0xFF,
    0xEF, 0xFF, 0xEF, 0xFF, 0xEE, 0xFE, 0x45, 0xF5,
    0x43, 0xF3, 0x98, 0xF6, 0x97, 0xF4, 0x98, 0xF4,
    0xBB, 0xF7, 0xA9, 0xF5, 0x77, 0xF1, 0x88, 0xF0,
    0x98, 0xF0, 0x88, 0xF0, 0xBB, 0xF5, 0x88, 0xF6,
    0x32, 0xF2, 0x64, 0xF3, 0x75, 0xF4, 0xCC, 0xFB,
    0x77, 0xF7, 0x22, 0xF4, 0x23, 0xF5, 0x23, 0xF5,
    0x22, 0xF4, 0x54, 0xF4, 0x98, 0xF8, 0x98, 0xF8,
    0x54, 0xF4, 0x33, 0xF6, 0x33, 0xF6, 0x34, 0xF6,
    0x23, 0xF6, 0x34, 0xF6, 0x33, 0xF6, 0x33, 0xF6,
    0x24, 0xF5, 0x24, 0xF5, 0x24, 0xF5, 0x44, 0xF4,
    0xA9, 0xF8, 0xAA, 0xF8, 0x87, 0xF5, 0xA9, 0xF8,
    0xAA, 0xF9, 0xAA, 0xF9, 0xAA, 0xF8, 0x86, 0xF4,
    0x86, 0xF5, 0xAA, 0xF8, 0xBB, 0xF9, 0x89, 0xF8,
    0x89, 0xF8, 0x78, 0xF7, 0x88, 0xF7, 0xBB, 0xFA,
    0x88, 0xF7, 0x99, 0xF8, 0x99, 0xF8, 0xBB, 0xFB,
    0xAB, 0xFA, 0xBB, 0xF9, 0x87, 0xF5, 0xA9, 0xF7,
    0xBB, 0xF9, 0x99, 0xF8, 0xA9, 0xF9, 0xA9, 0xF8,
    0xBA, 0xF8, 0x76, 0xF4, 0x99, 0xF7, 0xAA, 0xF9,
    0xAA, 0xF9, 0xBC, 0xFB, 0xAA, 0xFA, 0xBC, 0xFB,
    0xAA, 0xF9, 0xAB, 0xF9, 0xAA, 0xF9, 0xBB, 0xFB,
    0xBB, 0xFA, 0x9A, 0xF9, 0xAA, 0xF8, 0x99, 0xF6,
    0xCB, 0xF9, 0x97, 0xF5, 0x85, 0xF3, 0xA5, 0xF2,
    0xB4, 0xF0, 0xC5, 0xF1, 0xC6, 0xF3, 0x84, 0xF2,
    0x30, 0xF0, 0xA8, 0xF8, 0x74, 0xF4, 0xA7, 0xF7,
    0xA8, 0xF7, 0xA7, 0xF7, 0x95, 0xF4, 0x84, 0xF3,
    0x85, 0xF5, 0x75, 0xF4, 0xCB, 0xFA, 0xBB, 0xFA,
    0x88, 0xF7, 0xBA, 0xF8, 0xBB, 0xF9, 0x9A, 0xF8,
    0xBB, 0xFB, 0xAA, 0xFA, 0xBB, 0xFA, 0x98, 0xF7,
    0x65, 0xF3, 0x99, 0xF7, 0xAA, 0xF8, 0xAA, 0xF9,
    0xCC, 0xFB, 0x99, 0xF9, 0x99, 0xF8, 0xAA, 0xF9,
    0x9A, 0xF9, 0x9A, 0xF9, 0x9A, 0xF9, 0x99, 0xF8,
    0xAA, 0xF8, 0xA9, 0xF7, 0xAA, 0xF8, 0xCC, 0xFA,
    0xAA, 0xF9, 0xAA, 0xF9, 0xBB, 0xFA, 0xCB, 0xFA,
    0x97, 0xF6, 0x75, 0xF3, 0x99, 0xF7, 0xAA, 0xF8,
    0x99, 0xF8, 0x99, 0xF9, 0xBB, 0xFB, 0xAA, 0xFA,
    0xBC, 0xFB, 0xAA, 0xF9, 0x9A, 0xF9, 0xCC, 0xFB,
    0x88, 0xF7, 0xAA, 0xF9, 0xBB, 0xF9, 0x87, 0xF5,
    0xB9, 0xF7, 0xBA, 0xF9, 0xBB, 0xFA, 0xAA, 0xF9,
    0xCC, 0xFB, 0xAA, 0xF9, 0x76, 0xF5, 0x98, 0xF7,
    0xCC, 0xFA, 0xAA, 0xF9, 0xBB, 0xFB, 0xAB, 0xFB,
    0xBB, 0xFB, 0xAA, 0xFA, 0xAA, 0xFA, 0xAB, 0xFA,
    0x9A, 0xF9, 0xAA, 0xF7, 0x87, 0xF1, 0xB9, 0xF0,
    0xCA, 0xF2, 0xB9, 0xF2, 0xEC, 0xF2, 0xDC, 0xF0,
    0xBB, 0xF0, 0xED, 0xF6, 0xCB, 0xF3, 0x97, 0xF3,
    0x75, 0xF2, 0x97, 0xF4, 0x76, 0xF4, 0x11, 0xF0,
    0x21, 0xF0, 0x76, 0xF1, 0xBA, 0xF1, 0xEC, 0xF1,
    0xED, 0xF3, 0x88, 0xF3, 0x78, 0xF9, 0x9B, 0xFB,
    0xAB, 0xFA, 0xA9, 0xF9, 0x98, 0xF7, 0xCC, 0xFB,
    0xAA, 0xF9, 0xAA, 0xF9, 0xA9, 0xF8, 0xA8, 0xF7,
    0x98, 0xF6, 0x98, 0xF6, 0x98, 0xF7, 0xAA, 0xF9,
    0x88, 0xF8, 0x99, 0xF9, 0x88, 0xF8, 0x88, 0xF8,
    0x88, 0xF7, 0x99, 0xF8, 0x89, 0xF8, 0x89, 0xF8,
    0x88, 0xF8, 0xAA, 0xF9, 0x99, 0xF7, 0xA9, 0xF8,
    0xBA, 0xF8, 0xCB, 0xFA, 0x9A, 0xF8, 0xAA, 0xF9,
    0xA9, 0xF7, 0x98, 0xF6, 0x98, 0xF6, 0xBA, 0xF9,
    0xBB, 0xFA, 0xAA, 0xF9, 0x99, 0xF9, 0xAB, 0xFA,
    0x9A, 0xF9, 0x99, 0xF9, 0x66, 0xF6, 0x23, 0xF4,
    0x12, 0xF4, 0x22, 0xF4, 0x22, 0xF4, 0x22, 0xF4,
    0x32, 0xF3, 0x99, 0xF7, 0xDC, 0xFA, 0x55, 0xF4,
    0x32, 0xF4, 0x33, 0xF3, 0x87, 0xF5, 0xA9, 0xF8,
    0x65, 0xF5, 0x32, 0xF3, 0x22, 0xF3, 0x22, 0xF3,
    0x12, 0xF4, 0x56, 0xF8, 0x67, 0xF8, 0xAB, 0xFB,
    0xCD, 0xFC, 0xDE, 0xFD, 0xEF, 0xFF, 0xEF, 0xFF,
    0xEF, 0xFF, 0x99, 0xF9, 0x56, 0xF5, 0xCC, 0xFC,
    0xEF, 0xFF, 0xEF, 0xFF, 0xEE, 0xFE, 0x87, 0xF6,
    0xA8, 0xF6, 0x86, 0xF5, 0xA9, 0xF7, 0x88, 0xF4,
    0xBB, 0xF7, 0xBB, 0xF8, 0x77, 0xF2, 0x77, 0xF0,
    0x87, 0xF0, 0x88, 0xF0, 0xBB, 0xF5, 0x78, 0xF5,
    0x33, 0xF2, 0x53, 0xF3, 0x42, 0xF2, 0x55, 0xF5,
    0xCC, 0xFB, 0x88, 0xF6, 0x23, 0xF4, 0x33, 0xF4,
    0x65, 0xF5, 0xA8, 0xF8, 0x97, 0xF7, 0x43, 0xF4,
    0x33, 0xF5, 0x23, 0xF6, 0x23, 0xF6, 0x23, 0xF6,
    0x23, 0xF7, 0x33, 0xF6, 0x33, 0xF6, 0x24, 0xF5,
    0x34, 0xF5, 0x23, 0xF5, 0x23, 0xF5, 0x24, 0xF5,
    0xAB, 0xFA, 0x88, 0xF7, 0x88, 0xF7, 0x87, 0xF5,
    0xBA, 0xF7, 0x98, 0xF5, 0x64, 0xF3, 0x76, 0xF5,
    0xA9, 0xF8, 0xBA, 0xF9, 0xAA, 0xF9, 0x9A, 0xF8,
    0x88, 0xF7, 0x89, 0xF8, 0x89, 0xF8, 0x99, 0xF8,
    0xAA, 0xF9, 0xAA, 0xF9, 0xAA, 0xF9, 0xBB, 0xFB,
    0x89, 0xF8, 0xAA, 0xF9, 0xBB, 0xF9, 0xBB, 0xF9,
    0xA9, 0xF7, 0xBB, 0xF9, 0xBA, 0xF9, 0x98, 0xF7,
    0x65, 0xF3, 0xA9, 0xF8, 0xDC, 0xFB, 0xAA, 0xF9,
    0xAA, 0xF9, 0xBC, 0xFB, 0xAB, 0xFA, 0xAA, 0xF9,
    0x9A, 0xF9, 0xAA, 0xF9, 0xAA, 0xF9, 0x99, 0xF9,
    0xBB, 0xFB, 0xCD, 0xFC, 0xAA, 0xF9, 0xAB, 0xF9,
    0x99, 0xF7, 0xCB, 0xFA, 0x97, 0xF5, 0x95, 0xF2,
    0xA5, 0xF1, 0xD6, 0xF2, 0xB4, 0xF1, 0x62, 0xF1,
    0x40, 0xF1, 0xCA, 0xFA, 0xA8, 0xF7, 0x64, 0xF4,
    0xA9, 0xF8, 0xA7, 0xF6, 0x84, 0xF3, 0x84, 0xF3,
    0x96, 0xF5, 0xB8, 0xF8, 0x98, 0xF7, 0xAB, 0xF9,
    0xBC, 0xFB, 0x98, 0xF7, 0xA9, 0xF8, 0xCC, 0xFB,
    0xCC, 0xFB, 0xCB, 0xFA, 0x97, 0xF6, 0x65, 0xF3,
    0xAA, 0xF9, 0xBC, 0xFB, 0x99, 0xF8, 0x9A, 0xF9,
    0x9A, 0xF9, 0xAA, 0xFA, 0xAB, 0xFA, 0x99, 0xF8,
    0x99, 0xF8, 0xAB, 0xFA, 0xAB, 0xFA, 0x9A, 0xF9,
    0x99, 0xF8, 0x99, 0xF8, 0x98, 0xF7, 0xAA, 0xF8,
    0xBB, 0xF9, 0xBB, 0xFA, 0xBA, 0xF9, 0x87, 0xF6,
    0x75, 0xF3, 0xBA, 0xF8, 0xBA, 0xF8, 0xAB, 0xF9,
    0x99, 0xF9, 0x99, 0xF8, 0xBC, 0xFB, 0xAA, 0xF9,
    0x99, 0xF8, 0x89, 0xF8, 0xAA, 0xF9, 0x9A, 0xF9,
    0xAA, 0xFA, 0xAB, 0xFA, 0xAB, 0xF9, 0xAA, 0xF7,
    0xA9, 0xF6, 0xCB, 0xFA, 0xBA, 0xF9, 0xBA, 0xFA,
    0x98, 0xF7, 0x86, 0xF5, 0x88, 0xF6, 0xAA, 0xF9,
    0xBB, 0xFA, 0xAA, 0xF9, 0xAB, 0xFA, 0xAB, 0xFA,
    0xAB, 0xFB, 0x99, 0xF9, 0x99, 0xF9, 0x89, 0xF8,
    0xAB, 0xFA, 0x9A, 0xF8, 0x98, 0xF3, 0xA9, 0xF0,
    0xCB, 0xF2, 0xCB, 0xF3, 0xCA, 0xF2, 0xED, 0xF3,
    0xCB, 0xF3, 0xB9, 0xF5, 0x96, 0xF3, 0x64, 0xF1,
    0xBA, 0xF5, 0xCB, 0xF6, 0x87, 0xF3, 0x87, 0xF2,
    0x54, 0xF0, 0x11, 0xF0, 0x44, 0xF0, 0xBA, 0xF3,
    0xDC, 0xF6, 0x78, 0xF4, 0x34, 0xF4, 0xBC, 0xFC,
    0xBB, 0xFB, 0xAA, 0xF9, 0xA9, 0xF8, 0x88, 0xF6,
    0xCC, 0xFA, 0xBA, 0xF8, 0xB9, 0xF7, 0x97, 0xF5,
    0x97, 0xF6, 0x99, 0xF8, 0x9A, 0xF8, 0xAB, 0xFA,
    0x99, 0xF9, 0x78, 0xF7, 0x77, 0xF7, 0x88, 0xF7,
    0x89, 0xF8, 0x88, 0xF8, 0x9A, 0xF9, 0x89, 0xF8,
    0x9A, 0xF9, 0x99, 0xF8, 0x99, 0xF8, 0xAA, 0xF8,
    0xA9, 0xF8, 0xBB, 0xF9, 0xCC, 0xFA, 0xA9, 0xF7,
    0x97, 0xF6, 0x98, 0xF7, 0xA9, 0xF8, 0x99, 0xF8,
    0xBB, 0xFA, 0x9A, 0xF9, 0x99, 0xF9, 0x9A, 0xF9,
    0x99, 0xF8, 0x89, 0xF8, 0x78, 0xF8, 0x44, 0xF6,
    0x22, 0xF4, 0x23, 0xF4, 0x22, 0xF3, 0x22, 0xF4,
    0x22, 0xF4, 0x22, 0xF2, 0x99, 0xF7, 0xDD, 0xFB,
    0x66, 0xF4, 0x98, 0xF6, 0x98, 0xF7, 0x44, 0xF4,
    0x22, 0xF4, 0x22, 0xF3, 0x23, 0xF3, 0x22, 0xF4,
    0x12, 0xF4, 0x56, 0xF8, 0x67, 0xF8, 0xAB, 0xFB,
    0xCC, 0xFC, 0xDE, 0xFE, 0xEF, 0xFE, 0xEF, 0xFF,
    0xEF, 0xFF, 0xEF, 0xFE, 0x67, 0xF6, 0xBC, 0xFA,
    0xCD, 0xFC, 0xEF, 0xFF, 0xDC, 0xFB, 0xA8, 0xF6,
    0x75, 0xF3, 0x20, 0xF1, 0xAB, 0xF9, 0x89, 0xF5,
    0xA9, 0xF6, 0xBB, 0xF8, 0x98, 0xF5, 0x77, 0xF1,
    0x77, 0xF0, 0x77, 0xF0, 0xBB, 0xF6, 0x88, 0xF5,
    0x33, 0xF2, 0x54, 0xF4, 0x64, 0xF4, 0x22, 0xF3,
    0x55, 0xF5, 0xDD, 0xFB, 0x87, 0xF6, 0x86, 0xF6,
    0xBA, 0xF9, 0x87, 0xF7, 0x43, 0xF5, 0x33, 0xF6,
    0x33, 0xF6, 0x23, 0xF6, 0x23, 0xF6, 0x23, 0xF5,
    0x34, 0xF6, 0x23, 0xF6, 0x23, 0xF5, 0x24, 0xF5,
    0x23, 0xF5, 0x34, 0xF5, 0x23, 0xF5, 0x24, 0xF6,
    0x9A, 0xF9, 0x89, 0xF8, 0x89, 0xF8, 0xA9, 0xF7,
    0x97, 0xF4, 0x64, 0xF1, 0x98, 0xF6, 0x88, 0xF7,
    0x88, 0xF8, 0x88, 0xF7, 0xAA, 0xF9, 0xAA, 0xF9,
    0xBB, 0xFA, 0x9A, 0xF8, 0xBB, 0xFA, 0x9A, 0xF9,
    0xBB, 0xFA, 0xBC, 0xFB, 0x9A, 0xF9, 0xAA, 0xF9,
    0xBC, 0xFB, 0xBB, 0xFA, 0x9A, 0xF9, 0xCC, 0xFA,
    0xBA, 0xF8, 0xBA, 0xF8, 0x86, 0xF5, 0x75, 0xF3,
    0xBA, 0xF8, 0xAA, 0xF8, 0xCC, 0xFB, 0xAB, 0xFA,
    0xBB, 0xFA, 0xAA, 0xF9, 0x99, 0xF8, 0xAA, 0xF9,
    0xAA, 0xF9, 0xAA, 0xF9, 0xAB, 0xFA, 0xBC, 0xFB,
    0xAB, 0xFA, 0x99, 0xF9, 0x9A, 0xF9, 0xAA, 0xF9,
    0x99, 0xF8, 0x98, 0xF7, 0xDB, 0xF9, 0x96, 0xF3,
    0xA6, 0xF2, 0xA4, 0xF1, 0x82, 0xF1, 0x60, 0xF0,
    0x93, 0xF2, 0xB8, 0xF8, 0xDB, 0xFA, 0x63, 0xF3,
    0x87, 0xF6, 0xA7, 0xF7, 0x84, 0xF3, 0x85, 0xF4,
    0x96, 0xF5, 0xC9, 0xF8, 0xA9, 0xF8, 0x9A, 0xF8,
    0xBB, 0xFA, 0xCC, 0xFC, 0x99, 0xF7, 0xBB, 0xF9,
    0xAA, 0xF9, 0x76, 0xF5, 0x98, 0xF6, 0xAA, 0xF8,
    0xBC, 0xFB, 0x9A, 0xF9, 0xAA, 0xFA, 0xBC, 0xFB,
    0xBB, 0xFA, 0x9A, 0xF9, 0x99, 0xF8, 0xAA, 0xF9,
    0xAA, 0xF9, 0x9A, 0xF9, 0x99, 0xF9, 0x9A, 0xF9,
    0xBB, 0xFB, 0xBB, 0xFA, 0xBB, 0xF9, 0x99, 0xF7,
    0xBB, 0xF9, 0xDC, 0xFA, 0x87, 0xF5, 0x87, 0xF5,
    0xAA, 0xF8, 0x99, 0xF7, 0xBC, 0xFB, 0x99, 0xF8,
    0x9A, 0xF9, 0xBB, 0xFB, 0xBB, 0xFB, 0xAA, 0xF9,
    0x88, 0xF7, 0xAA, 0xFA, 0x89, 0xF8, 0x9A, 0xF9,
    0x99, 0xF9, 0x88, 0xF7, 0xAB, 0xFA, 0xAA, 0xF8,
    0xAA, 0xF8, 0xA9, 0xF7, 0xCC, 0xFA, 0x97, 0xF6,
    0x87, 0xF5, 0xBA, 0xF8, 0xAA, 0xF9, 0xAA, 0xF9,
    0xCD, 0xFC, 0xAA, 0xFA, 0xAB, 0xFA, 0x9A, 0xF9,
    0xBB, 0xFB, 0xAB, 0xFA, 0x87, 0xF7, 0xAA, 0xFA,
    0x89, 0xF9, 0xAB, 0xFA, 0x99, 0xF5, 0x98, 0xF0,
    0xBA, 0xF0, 0xED, 0xF2, 0xDC, 0xF2, 0xCA, 0xF4,
    0xA8, 0xF3, 0x85, 0xF2, 0x42, 0xF1, 0x97, 0xF1,
    0xDB, 0xF3, 0xDC, 0xF4, 0xCB, 0xF4, 0x87, 0xF0,
    0x86, 0xF0, 0x87, 0xF2, 0x43, 0xF0, 0x22, 0xF0,
    0x66, 0xF4, 0x55, 0xF4, 0x01, 0xF2, 0xCD, 0xFE,
    0xAB, 0xFB, 0xCC, 0xFB, 0xAA, 0xF9, 0x99, 0xF7,
    0x99, 0xF7, 0xB9, 0xF8, 0xA8, 0xF5, 0xBA, 0xF8,
    0xAA, 0xF9, 0x88, 0xF7, 0x89, 0xF8, 0x89, 0xF8,
    0x88, 0xF8, 0x78, 0xF7, 0x77, 0xF7, 0x88, 0xF7,
    0xBB, 0xFB, 0x88, 0xF7, 0x9A, 0xF9, 0xAB, 0xFA,
    0xAB, 0xFA, 0xAB, 0xFA, 0x89, 0xF8, 0xAA, 0xFA,
    0xAA, 0xF9, 0x98, 0xF6, 0xA9, 0xF8, 0x97, 0xF5,
    0xA9, 0xF7, 0x99, 0xF8, 0xBC, 0xFB, 0x99, 0xF8,
    0xAA, 0xF9, 0xBC, 0xFB, 0x99, 0xF8, 0xBB, 0xFA,
    0xAB, 0xFA, 0xBB, 0xFB, 0x9A, 0xFA, 0x56, 0xF7,
    0x33, 0xF5, 0x22, 0xF4, 0x23, 0xF4, 0x13, 0xF4,
    0x23, 0xF4, 0x22, 0xF4, 0x32, 0xF2, 0xA9, 0xF7,
    0xA9, 0xF6, 0x87, 0xF6, 0x33, 0xF2, 0x22, 0xF3,
    0x23, 0xF4, 0x22, 0xF4, 0x22, 0xF4, 0x12, 0xF3,
    0x12, 0xF4, 0x56, 0xF8, 0x67, 0xF8, 0xAB, 0xFB,
    0xCC, 0xFD, 0xDE, 0xFD, 0xEF, 0xFE, 0xEF, 0xFF,
    0xEF, 0xFF, 0xEF, 0xFF, 0xCD, 0xFD, 0x99, 0xF9,
    0xCD, 0xFC, 0xAA, 0xF9, 0x96, 0xF4, 0x97, 0xF3,
    0xA9, 0xF5, 0x22, 0xF1, 0x45, 0xF4, 0xAB, 0xF8,
    0x78, 0xF4, 0xBA, 0xF7, 0x99, 0xF6, 0x77, 0xF3,
    0x66, 0xF0, 0x66, 0xF0, 0xAB, 0xF7, 0xBB, 0xF9,
    0x44, 0xF3, 0x53, 0xF3, 0x75, 0xF5, 0x23, 0xF4,
    0x23, 0xF4, 0x66, 0xF5, 0xCA, 0xF8, 0xA8, 0xF7,
    0x65, 0xF4, 0x33, 0xF4, 0x23, 0xF6, 0x23, 0xF6,
    0x23, 0xF6, 0x23, 0xF6, 0x23, 0xF6, 0x23, 0xF6,
    0x34, 0xF6, 0x33, 0xF6, 0x34, 0xF6, 0x23, 0xF5,
    0x23, 0xF5, 0x23, 0xF5, 0x23, 0xF5, 0x23, 0xF5,
    0x9A, 0xF9, 0xBB, 0xFA, 0xAA, 0xF9, 0xCC, 0xFA,
    0x54, 0xF1, 0x76, 0xF4, 0xBB, 0xF9, 0xCC, 0xFB,
    0xBC, 0xFB, 0xBB, 0xFA, 0xBB, 0xFA, 0xCC, 0xFB,
    0xAB, 0xFA, 0xAA, 0xF9, 0xBB, 0xFA, 0xAB, 0xF9,
    0x9A, 0xF9, 0xAB, 0xFA, 0x89, 0xF8, 0xBC, 0xFB,
    0xBB, 0xFA, 0xAA, 0xF9, 0xBC, 0xFB, 0xBB, 0xFA,
    0xBA, 0xF9, 0x65, 0xF3, 0x65, 0xF3, 0xCC, 0xFA,
    0xDD, 0xFC, 0xAA, 0xF9, 0x9A, 0xF9, 0xAA, 0xFA,
    0x9A, 0xF9, 0xBB, 0xFA, 0xBB, 0xFA, 0xAA, 0xF9,
    0xBB, 0xFA, 0xAA, 0xFA, 0x88, 0xF7, 0xAA, 0xF9,
    0x9A, 0xF9, 0xAA, 0xF9, 0xAB, 0xFA, 0x9A, 0xF9,
    0x99, 0xF8, 0x87, 0xF6, 0x97, 0xF5, 0x85, 0xF3,
    0x84, 0xF2, 0x84, 0xF2, 0x60, 0xF0, 0xC3, 0xF2,
    0xB3, 0xF2, 0xA7, 0xF6, 0xC9, 0xF8, 0x96, 0xF5,
    0x32, 0xF1, 0x75, 0xF5, 0x63, 0xF4, 0x85, 0xF5,
    0x96, 0xF5, 0xC9, 0xF8, 0xA9, 0xF8, 0xAA, 0xFA,
    0xBC, 0xFB, 0xBB, 0xFA, 0xAB, 0xF9, 0xAA, 0xF8,
    0x75, 0xF3, 0x99, 0xF7, 0xAA, 0xF9, 0xBC, 0xFB,
    0xBC, 0xFB, 0x99, 0xF8, 0xAA, 0xF9, 0xAA, 0xFA,
    0xAA, 0xF9, 0xAA, 0xF9, 0x99, 0xF9, 0xAA, 0xF9,
    0x99, 0xF8, 0xAB, 0xFA, 0xAA, 0xF9, 0xBB, 0xFB,
    0xAA, 0xF9, 0xBC, 0xFB, 0xAA, 0xF9, 0xAA, 0xF9,
    0xA9, 0xF8, 0x76, 0xF3, 0x98, 0xF6, 0xCB, 0xFA,
    0xCC, 0xFA, 0xBB, 0xFA, 0xCC, 0xFC, 0xAA, 0xFA,
    0xAB, 0xFA, 0xAA, 0xF9, 0xAA, 0xF9, 0xBC, 0xFB,
    0xAA, 0xF9, 0xAA, 0xF9, 0xAA, 0xFA, 0x9A, 0xF9,
    0xAA, 0xFA, 0xAB, 0xFB, 0xAB, 0xFA, 0x99, 0xF8,
    0xCC, 0xFC, 0xBB, 0xF9, 0x76, 0xF4, 0x88, 0xF5,
    0xCC, 0xFA, 0xAA, 0xF9, 0xBB, 0xFA, 0x88, 0xF7,
    0xAB, 0xFA, 0xBB, 0xFB, 0xAA, 0xFA, 0xAA, 0xFA,
    0x9A, 0xF9, 0x9A, 0xF9, 0xAA, 0xFA, 0x99, 0xF9,
    0x9A, 0xFA, 0xBB, 0xFC, 0xAA, 0xF8, 0x98, 0xF0,
    0xBA, 0xF0, 0xED, 0xF1, 0xED, 0xF3, 0x77, 0xF2,
    0x86, 0xF3, 0x55, 0xF3, 0xA9, 0xF4, 0xCB, 0xF2,
    0xCA, 0xF0, 0xED, 0xF3, 0xDC, 0xF4, 0x87, 0xF0,
    0x97, 0xF0, 0x97, 0xF0, 0xB9, 0xF2, 0xA9, 0xF3,
    0x54, 0xF1, 0x11, 0xF1, 0x01, 0xF3, 0xAB, 0xFC,
    0xAB, 0xFC, 0xAA, 0xFA, 0xAA, 0xF9, 0xAA, 0xFA,
    0x87, 0xF6, 0x87, 0xF5, 0xAA, 0xF8, 0x99, 0xF8,
    0x9A, 0xF9, 0x88, 0xF8, 0x9A, 0xF9, 0xAA, 0xFA,
    0x9A, 0xF9, 0x9A, 0xF9, 0x99, 0xF8, 0x99, 0xF9,
    0x88, 0xF8, 0x89, 0xF8, 0x99, 0xF8, 0x89, 0xF8,
    0xAA, 0xF9, 0xAB, 0xFA, 0xAA, 0xF9, 0x9A, 0xF9,
    0xAB, 0xFB, 0x88, 0xF7, 0x76, 0xF3, 0xBA, 0xF7,
    0xAA, 0xF8, 0x89, 0xF8, 0x9A, 0xF9, 0x99, 0xF9,
    0x9A, 0xF9, 0xAA, 0xFA, 0x9A, 0xF9, 0xAB, 0xFA,
    0xAA, 0xFA, 0xAB, 0xFA, 0xAB, 0xFA, 0x67, 0xF7,
    0x44, 0xF6, 0x22, 0xF4, 0x23, 0xF4, 0x13, 0xF4,
    0x22, 0xF4, 0x22, 0xF4, 0x32, 0xF2, 0x54, 0xF2,
    0xAA, 0xF7, 0x77, 0xF5, 0x32, 0xF3, 0x23, 0xF3,
    0x23, 0xF3, 0x22, 0xF4, 0x22, 0xF4, 0x22, 0xF4,
    0x12, 0xF4, 0x56, 0xF8, 0x67, 0xF8, 0xAB, 0xFB,
    0xCC, 0xFD, 0xDE, 0xFE, 0xEF, 0xFE, 0xEF, 0xFF,
    0xEF, 0xFE, 0xEF, 0xFF, 0xEF, 0xFF, 0x99, 0xF9,
    0xBB, 0xFB, 0x86, 0xF4, 0xCB, 0xF9, 0x87, 0xF4,
    0x99, 0xF3, 0x78, 0xF3, 0x34, 0xF3, 0x99, 0xF7,
    0x88, 0xF4, 0xAA, 0xF6, 0x88, 0xF4, 0x77, 0xF2,
    0x99, 0xF3, 0x78, 0xF2, 0x89, 0xF5, 0xAA, 0xF9,
    0x33, 0xF2, 0x43, 0xF2, 0x75, 0xF6, 0x22, 0xF5,
    0x22, 0xF5, 0x43, 0xF3, 0xA8, 0xF6, 0xAA, 0xF8,
    0x33, 0xF4, 0x23, 0xF5, 0x23, 0xF6, 0x23, 0xF6,
    0x23, 0xF7, 0x23, 0xF6, 0x23, 0xF6, 0x23, 0xF6,
    0x23, 0xF6, 0x23, 0xF6, 0x23, 0xF5, 0x23, 0xF5,
    0x24, 0xF5, 0x23, 0xF5, 0x33, 0xF4, 0x23, 0xF5,
    0x99, 0xF8, 0xBC, 0xFB, 0xAA, 0xF9, 0xCC, 0xFB,
    0x87, 0xF5, 0xDD, 0xFA, 0xDD, 0xFB, 0xBC, 0xFA,
    0xBC, 0xFB, 0x99, 0xF8, 0x99, 0xF8, 0xAA, 0xFA,
    0xAA, 0xF9, 0x99, 0xF8, 0x88, 0xF8, 0xAA, 0xF9,
    0x99, 0xF8, 0xBB, 0xFA, 0xAB, 0xFA, 0xAA, 0xF9,
    0x88, 0xF7, 0xBB, 0xFA, 0xAA, 0xFA, 0x99, 0xF9,
    0x99, 0xF8, 0x77, 0xF5, 0xCC, 0xFA, 0xCB, 0xF9,
    0x9A, 0xF9, 0x9A, 0xF9, 0x9A, 0xF9, 0x99, 0xF9,
    0x89, 0xF8, 0xAA, 0xF9, 0xAA, 0xF9, 0xBB, 0xFA,
    0xAA, 0xF9, 0xAA, 0xFA, 0xBB, 0xFA, 0xAA, 0xFA,
    0xAB, 0xFA, 0x89, 0xF8, 0xBC, 0xFB, 0x9A, 0xF9,
    0xAA, 0xF9, 0x88, 0xF7, 0x55, 0xF2, 0xBB, 0xF9,
    0x75, 0xF3, 0x51, 0xF0, 0xB3, 0xF1, 0xD3, 0xF1,
    0xD3, 0xF1, 0x94, 0xF3, 0xC9, 0xF8, 0x96, 0xF5,
    0x98, 0xF7, 0x31, 0xF1, 0x42, 0xF2, 0x87, 0xF7,
    0x86, 0xF5, 0xA7, 0xF6, 0xCB, 0xFA, 0xAA, 0xFA,
    0xAB, 0xFA, 0xCE, 0xFC, 0xBC, 0xFB, 0x54, 0xF2,
    0xA9, 0xF6, 0xCB, 0xF9, 0xBD, 0xFC, 0x9B, 0xFA,
    0x9A, 0xF9, 0xAA, 0xF9, 0xAA, 0xFA, 0xBB, 0xFB,
    0xCC, 0xFB, 0xAA, 0xF9, 0xAB, 0xFA, 0xAA, 0xF9,
    0xAB, 0xFA, 0x9A, 0xF9, 0xAA, 0xF9, 0xAA, 0xFA,
    0xAA, 0xF9, 0xAA, 0xFA, 0xAB, 0xFA, 0xAB, 0xF9,
    0x77, 0xF6, 0x99, 0xF7, 0xCB, 0xF9, 0xBB, 0xFA,
    0xBB, 0xFA, 0x9A, 0xF9, 0xAB, 0xFA, 0xAA, 0xF9,
    0xAA, 0xF9, 0x9A, 0xF9, 0xBB, 0xFA, 0xBB, 0xFA,
    0x9A, 0xF9, 0xBB, 0xFB, 0xBC, 0xFB, 0xAA, 0xFA,
    0xBB, 0xFA, 0xBC, 0xFB, 0xAB, 0xFA, 0x9A, 0xF9,
    0xAA, 0xFA, 0x99, 0xF9, 0x88, 0xF6, 0xDC, 0xF9,
    0xA9, 0xF7, 0x99, 0xF9, 0x99, 0xF9, 0x9A, 0xF9,
    0x99, 0xF9, 0xBB, 0xFB, 0xAA, 0xF9, 0x9A, 0xF9,
    0x9A, 0xF9, 0xAA, 0xFA, 0xBC, 0xFB, 0x9A, 0xF9,
    0x89, 0xF9, 0x89, 0xF9, 0xAA, 0xF8, 0x87, 0xF1,
    0xA9, 0xF0, 0xDC, 0xF1, 0xDD, 0xF4, 0x77, 0xF4,
    0xDD, 0xF9, 0xA9, 0xF5, 0xDD, 0xF6, 0xCB, 0xF0,
    0xBB, 0xF0, 0xDB, 0xF2, 0xDC, 0xF5, 0x97, 0xF1,
    0x97, 0xF0, 0x86, 0xF0, 0xA9, 0xF0, 0xCC, 0xF3,
    0xCC, 0xF4, 0x55, 0xF2, 0x23, 0xF2, 0xAB, 0xFB,
    0x8A, 0xFA, 0x9A, 0xFA, 0x89, 0xF9, 0x98, 0xF9,
    0x65, 0xF4, 0xCC, 0xF9, 0xCC, 0xFA, 0x99, 0xF9,
    0x99, 0xF8, 0x89, 0xF9, 0x89, 0xF8, 0xAA, 0xFA,
    0x89, 0xF8, 0x9A, 0xF9, 0xAA, 0xF9, 0xA9, 0xF9,
    0x88, 0xF7, 0x99, 0xF9, 0x99, 0xF9, 0x99, 0xF9,
    0x99, 0xF9, 0xAA, 0xFA, 0x89, 0xF8, 0x99, 0xF9,
    0x89, 0xF9, 0x99, 0xF8, 0x97, 0xF5, 0xDC, 0xF9,
    0x98, 0xF6, 0xAB, 0xFA, 0xAB, 0xFA, 0xBC, 0xFB,
    0xDD, 0xFD, 0xBB, 0xFA, 0xBB, 0xFB, 0xAB, 0xFA,
    0xAB, 0xFA, 0xAB, 0xFA, 0x99, 0xF8, 0x88, 0xF8,
    0x45, 0xF6, 0x22, 0xF5, 0x22, 0xF4, 0x22, 0xF4,
    0x22, 0xF4, 0x22, 0xF4, 0x22, 0xF3, 0x44, 0xF2,
    0xDD, 0xFA, 0x88, 0xF6, 0x22, 0xF3, 0x23, 0xF4,
    0x13, 0xF3, 0x22, 0xF3, 0x22, 0xF4, 0x22, 0xF4,
    0x12, 0xF4, 0x56, 0xF7, 0x67, 0xF8, 0xAA, 0xFB,
    0xCC, 0xFD, 0xDE, 0xFE, 0xEF, 0xFE, 0xEF, 0xFF,
    0xEF, 0xFE, 0xEF, 0xFF, 0xEF, 0xFF, 0x89, 0xFA,
    0x54, 0xF5, 0xBA, 0xF7, 0xDD, 0xFB, 0x55, 0xF4,
    0x55, 0xF2, 0x99, 0xF6, 0x33, 0xF1, 0xAA, 0xF7,
    0xAA, 0xF6, 0x88, 0xF2, 0x88, 0xF2, 0x88, 0xF1,
    0x99, 0xF0, 0x99, 0xF1, 0x89, 0xF4, 0xBB, 0xF8,
    0x55, 0xF4, 0x32, 0xF1, 0x76, 0xF6, 0x32, 0xF4,
    0x22, 0xF5, 0x33, 0xF2, 0xBA, 0xF7, 0xCC, 0xFA,
    0x32, 0xF4, 0x23, 0xF5, 0x13, 0xF5, 0x23, 0xF6,
    0x23, 0xF6, 0x23, 0xF6, 0x23, 0xF6, 0x23, 0xF6,
    0x23, 0xF6, 0x23, 0xF6, 0x23, 0xF6, 0x23, 0xF5,
    0x23, 0xF5, 0x33, 0xF5, 0x33, 0xF5, 0x34, 0xF5,
    0x99, 0xF8, 0xBB, 0xFA, 0xBA, 0xF9, 0xBA, 0xF9,
    0xAA, 0xF8, 0xCC, 0xFA, 0xBB, 0xF9, 0xAA, 0xF9,
    0xBB, 0xFA, 0x99, 0xF8, 0x9A, 0xF9, 0x88, 0xF8,
    0xDD, 0xFD, 0x88, 0xF8, 0xBB, 0xFA, 0xAB, 0xFA,
    0x9A, 0xF9, 0x99, 0xF8, 0x99, 0xF8, 0x99, 0xF8,
    0xBB, 0xFA, 0xCD, 0xFC, 0xAA, 0xFA, 0x9A, 0xF9,
    0x99, 0xF7, 0xAA, 0xF8, 0xDC, 0xFA, 0xCC, 0xFA,
    0xBB, 0xFA, 0xAA, 0xFA, 0xAA, 0xFA, 0xAB, 0xFA,
    0xBB, 0xFA, 0xBB, 0xFA, 0xBB, 0xFA, 0xAA, 0xFA,
    0xBC, 0xFB, 0xDE, 0xFD, 0x9A, 0xF9, 0x9A, 0xF9,
    0x99, 0xF9, 0x89, 0xF8, 0xBC, 0xFB, 0xAA, 0xFA,
    0xBC, 0xFB, 0xA9, 0xF8, 0x87, 0xF5, 0xDD, 0xFB,
    0x54, 0xF3, 0xA4, 0xF1, 0xD4, 0xF0, 0xC3, 0xF0,
    0xD3, 0xF1, 0x92, 0xF1, 0xDA, 0xF8, 0x96, 0xF5,
    0xA9, 0xF7, 0x87, 0xF6, 0x20, 0xF1, 0x66, 0xF5,
    0x86, 0xF6, 0x96, 0xF6, 0xCB, 0xFB, 0xBB, 0xFB,
    0xBC, 0xFB, 0xCD, 0xFC, 0xAB, 0xFA, 0x88, 0xF6,
    0xDC, 0xF9, 0xCC, 0xF9, 0xAB, 0xFA, 0xAB, 0xFA,
    0xBC, 0xFB, 0xAA, 0xF9, 0xAB, 0xFA, 0x9A, 0xF9,
    0xBB, 0xFA, 0xAB, 0xFA, 0xAA, 0xF9, 0xAA, 0xF9,
    0xAB, 0xFA, 0xBC, 0xFB, 0xBB, 0xFA, 0xAA, 0xF9,
    0xAB, 0xFA, 0xBC, 0xFB, 0xBB, 0xFB, 0xAA, 0xF9,
    0x99, 0xF8, 0xCB, 0xFA, 0xCB, 0xF9, 0xAA, 0xF9,
    0x9A, 0xF9, 0x9A, 0xF9, 0x99, 0xF8, 0x9A, 0xF8,
    0xAA, 0xF9, 0xAB, 0xF9, 0xAA, 0xF9, 0x99, 0xF9,
    0xAB, 0xFA, 0x88, 0xF7, 0xAB, 0xFA, 0x9A, 0xF9,
    0x89, 0xF8, 0x9A, 0xF8, 0x9A, 0xF8, 0xAA, 0xF9,
    0x99, 0xF9, 0xBB, 0xFA, 0xA9, 0xF7, 0xDD, 0xFA,
    0xAA, 0xF8, 0xAA, 0xFA, 0xBB, 0xFB, 0x9A, 0xF9,
    0xAB, 0xFA, 0xAB, 0xFA, 0xAB, 0xFA, 0xAA, 0xFA,
    0x9A, 0xF9, 0xBB, 0xFB, 0x9A, 0xF9, 0xAB, 0xFA,
    0x9A, 0xF9, 0x99, 0xF9, 0xCD, 0xFC, 0x76, 0xF2,
    0x98, 0xF0, 0xCB, 0xF1, 0xDC, 0xF4, 0x98, 0xF6,
    0xED, 0xFA, 0xDC, 0xF7, 0xDC, 0xF5, 0xDC, 0xF0,
    0xCC, 0xF0, 0xCA, 0xF1, 0xDD, 0xF6, 0x97, 0xF1,
    0x97, 0xF0, 0x86, 0xF0, 0xA9, 0xF0, 0xDC, 0xF1,
    0xDC, 0xF3, 0x77, 0xF2, 0x23, 0xF3, 0x78, 0xF9,
    0xAB, 0xFC, 0xAB, 0xFB, 0x89, 0xF9, 0xBB, 0xFB,
    0xA9, 0xF8, 0xCB, 0xF9, 0xCC, 0xFA, 0x98, 0xF7,
    0x99, 0xF8, 0x99, 0xF9, 0x78, 0xF7, 0x88, 0xF8,
    0x77, 0xF7, 0xAA, 0xF9, 0x89, 0xF8, 0x88, 0xF8,
    0xAA, 0xF9, 0xAA, 0xF9, 0xAA, 0xF9, 0x88, 0xF8,
    0x99, 0xF9, 0x99, 0xF9, 0xAB, 0xFA, 0xAA, 0xF9,
    0xBB, 0xFA, 0xCB, 0xFA, 0xCB, 0xF8, 0xDC, 0xF9,
    0xAA, 0xF7, 0x99, 0xF8, 0xAB, 0xFA, 0x99, 0xF9,
    0xAA, 0xF9, 0xAA, 0xF9, 0x9A, 0xF9, 0xAA, 0xF9,
    0xAA, 0xF9, 0xAA, 0xF9, 0xBC, 0xFB, 0x9A, 0xF9,
    0x77, 0xF8, 0x23, 0xF5, 0x22, 0xF4, 0x22, 0xF4,
    0x22, 0xF4, 0x13, 0xF3, 0x23, 0xF2, 0x99, 0xF7,
    0xEE, 0xFB, 0xBA, 0xF8, 0x32, 0xF3, 0x23, 0xF4,
    0x23, 0xF4, 0x23, 0xF3, 0x23, 0xF3, 0x22, 0xF4,
    0x12, 0xF4, 0x56, 0xF7, 0x67, 0xF8, 0xAA, 0xFB,
    0xBC, 0xFD, 0xDE, 0xFD, 0xEF, 0xFF, 0xEF, 0xFF,
    0xEF, 0xFE, 0xEF, 0xFF, 0x9A, 0xFA, 0x55, 0xF6,
    0xCD, 0xFC, 0xCC, 0xF9, 0xDD, 0xFC, 0xAA, 0xF8,
    0x32, 0xF1, 0x32, 0xF2, 0x22, 0xF2, 0x34, 0xF1,
    0x88, 0xF4, 0x98, 0xF2, 0x88, 0xF0, 0x88, 0xF0,
    0x99, 0xF0, 0xAA, 0xF0, 0xA9, 0xF3, 0xBA, 0xF6,
    0x66, 0xF4, 0x32, 0xF1, 0x76, 0xF5, 0x32, 0xF3,
    0x32, 0xF3, 0x65, 0xF4, 0xDD, 0xFA, 0xDD, 0xFB,
    0x65, 0xF5, 0x32, 0xF4, 0x23, 0xF4, 0x23, 0xF5,
    0x23, 0xF6, 0x23, 0xF6, 0x23, 0xF5, 0x23, 0xF5,
    0x23, 0xF6, 0x23, 0xF6, 0x33, 0xF6, 0x23, 0xF5,
    0x33, 0xF6, 0x33, 0xF5, 0x23, 0xF5, 0x24, 0xF5,
    0x88, 0xF6, 0xAA, 0xF8, 0xA9, 0xF8, 0x87, 0xF5,
    0xAA, 0xF8, 0xAA, 0xF8, 0xAA, 0xF8, 0xCB, 0xFA,
    0xAA, 0xF9, 0x88, 0xF7, 0x9A, 0xF9, 0x89, 0xF8,
    0x9A, 0xF9, 0x99, 0xF9, 0xAA, 0xF9, 0xAB, 0xFA,
    0x99, 0xF9, 0x9A, 0xF9, 0x99, 0xF8, 0xAA, 0xF9,
    0xBB, 0xFA, 0xAA, 0xF9, 0x99, 0xF8, 0xAA, 0xF9,
    0x99, 0xF7, 0xBA, 0xF8, 0xA9, 0xF7, 0xBA, 0xF9,
    0x99, 0xF7, 0xAA, 0xF9, 0x99, 0xF8, 0x9A, 0xF9,
    0xAA, 0xF9, 0xAA, 0xF9, 0x99, 0xF8, 0xBB, 0xFB,
    0xAA, 0xFA, 0xAB, 0xFA, 0xBC, 0xFB, 0xBB, 0xFA,
    0xBC, 0xFB, 0x9A, 0xF9, 0x89, 0xF9, 0xAA, 0xFA,
    0xBB, 0xFB, 0x98, 0xF7, 0xBA, 0xF8, 0xBB, 0xF9,
    0xCB, 0xF9, 0xB5, 0xF2, 0xD4, 0xF0, 0xD4, 0xF0,
    0xC3, 0xF0, 0xB3, 0xF2, 0xC9, 0xF8, 0xB9, 0xF7,
    0xA9, 0xF7, 0xA9, 0xF8, 0x76, 0xF5, 0x11, 0xF0,
    0x98, 0xF8, 0x97, 0xF7, 0xBA, 0xFA, 0xAB, 0xFA,
    0xAB, 0xFA, 0xDD, 0xFC, 0xBB, 0xFA, 0xBB, 0xF9,
    0xCB, 0xF8, 0xCC, 0xFA, 0x99, 0xF7, 0xAA, 0xF9,
    0xCC, 0xFC, 0x9A, 0xF9, 0xAB, 0xFA, 0x9A, 0xF9,
    0xBC, 0xFB, 0xAB, 0xFA, 0xAB, 0xFA, 0xAA, 0xF9,
    0xBB, 0xFA, 0xBB, 0xFA, 0x99, 0xF9, 0xAB, 0xFA,
    0xAA, 0xF9, 0xAA, 0xF9, 0x99, 0xF9, 0xAA, 0xF9,
    0x99, 0xF7, 0xBB, 0xF9, 0xCB, 0xFA, 0xA9, 0xF8,
    0xBB, 0xFA, 0x99, 0xF8, 0x99, 0xF8, 0xAB, 0xFA,
    0x99, 0xF8, 0xBC, 0xFA, 0x88, 0xF7, 0x99, 0xF9,
    0xCC, 0xFB, 0xBB, 0xFB, 0xAB, 0xFA, 0x9A, 0xF9,
    0xAB, 0xFA, 0xAA, 0xFA, 0x88, 0xF8, 0xAA, 0xF9,
    0xCC, 0xFB, 0xBA, 0xF9, 0xBA, 0xF8, 0xBB, 0xF8,
    0xBB, 0xF9, 0xAA, 0xF9, 0xAA, 0xFA, 0xAA, 0xFA,
    0x99, 0xF9, 0xAB, 0xFA, 0x9A, 0xF9, 0x99, 0xF9,
    0xBC, 0xFB, 0x9A, 0xF9, 0x99, 0xF9, 0xAB, 0xFA,
    0xBB, 0xFB, 0x99, 0xF9, 0xAA, 0xF9, 0x66, 0xF3,
    0x77, 0xF0, 0xA9, 0xF1, 0x97, 0xF3, 0xDB, 0xF6,
    0xBA, 0xF5, 0xDB, 0xF6, 0xB9, 0xF3, 0xDC, 0xF0,
    0xDC, 0xF0, 0xDC, 0xF3, 0xED, 0xF6, 0x87, 0xF1,
    0x86, 0xF0, 0x76, 0xF0, 0xA9, 0xF0, 0xCB, 0xF1,
    0xDC, 0xF3, 0x77, 0xF3, 0x11, 0xF2, 0x45, 0xF6,
    0xCD, 0xFD, 0x9A, 0xFB, 0x99, 0xF9, 0xA9, 0xF8,
    0xA9, 0xF7, 0xBB, 0xF9, 0x99, 0xF8, 0xBB, 0xFA,
    0xAA, 0xF8, 0x99, 0xF8, 0x88, 0xF8, 0x88, 0xF7,
    0x99, 0xF9, 0xAA, 0xFA, 0xBB, 0xFB, 0x99, 0xF8,
    0xAA, 0xF9, 0x99, 0xF8, 0xAA, 0xFA, 0x88, 0xF8,
    0x78, 0xF7, 0xAA, 0xF9, 0x9A, 0xF9, 0xAA, 0xF9,
    0xA8, 0xF7, 0xA9, 0xF7, 0xBB, 0xF8, 0x88, 0xF5,
    0xBA, 0xF8, 0xA9, 0xF8, 0xA9, 0xF8, 0x99, 0xF8,
    0x89, 0xF8, 0x99, 0xF8, 0xAA, 0xF9, 0xAB, 0xFA,
    0xBB, 0xFA, 0xBB, 0xFA, 0x99, 0xF8, 0x9A, 0xF9,
    0x77, 0xF8, 0x44, 0xF5, 0x12, 0xF4, 0x13, 0xF4,
    0x23, 0xF3, 0x22, 0xF2, 0x77, 0xF6, 0xDC, 0xFB,
    0x87, 0xF6, 0xCB, 0xFA, 0xA9, 0xF8, 0x22, 0xF3,
    0x23, 0xF3, 0x22, 0xF3, 0x23, 0xF3, 0x22, 0xF4,
    0x22, 0xF4, 0x56, 0xF7, 0x67, 0xF8, 0xAB, 0xFB,
    0xBC, 0xFC, 0xDE, 0xFD, 0xEF, 0xFF, 0xEF, 0xFF,
    0xEF, 0xFF, 0xEF, 0xFF, 0xCD, 0xFC, 0x77, 0xF6,
    0xAB, 0xF9, 0xCD, 0xFB, 0xAA, 0xF9, 0xBB, 0xF8,
    0x87, 0xF3, 0x32, 0xF1, 0x32, 0xF2, 0x88, 0xF6,
    0x22, 0xF0, 0x76, 0xF3, 0x88, 0xF3, 0x98, 0xF0,
    0x99, 0xF0, 0xAA, 0xF0, 0x99, 0xF2, 0xBA, 0xF6,
    0x67, 0xF5, 0x32, 0xF2, 0x64, 0xF4, 0x43, 0xF2,
    0x54, 0xF4, 0xCB, 0xFA, 0xBA, 0xF9, 0x88, 0xF6,
    0xDD, 0xFC, 0x65, 0xF5, 0x32, 0xF4, 0x23, 0xF5,
    0x23, 0xF5, 0x23, 0xF6, 0x23, 0xF5, 0x23, 0xF5,
    0x23, 0xF5, 0x23, 0xF6, 0x23, 0xF6, 0x33, 0xF5,
    0x33, 0xF5, 0x33, 0xF5, 0x23, 0xF5, 0x24, 0xF5,
    0x99, 0xF8, 0xA9, 0xF7, 0x87, 0xF5, 0x98, 0xF6,
    0x99, 0xF8, 0xAA, 0xF8, 0xBA, 0xF8, 0xA9, 0xF7,
    0xCB, 0xF9, 0xAA, 0xF9, 0x99, 0xF9, 0xAB, 0xFA,
    0xAA, 0xFA, 0xAA, 0xFA, 0xBB, 0xFB, 0x99, 0xF8,
    0xBC, 0xFB, 0xAB, 0xFA, 0xAA, 0xF9, 0xBC, 0xFB,
    0x99, 0xF8, 0xBB, 0xFB, 0xAA, 0xF9, 0x98, 0xF7,
    0x88, 0xF6, 0x99, 0xF6, 0xA9, 0xF8, 0x98, 0xF7,
    0xA9, 0xF7, 0xA9, 0xF7, 0xBB, 0xFA, 0xBB, 0xFA,
    0xAA, 0xF9, 0xBB, 0xFB, 0xBC, 0xFB, 0xBB, 0xFB,
    0xBC, 0xFB, 0x99, 0xF9, 0xAA, 0xFA, 0xBC, 0xFB,
    0x89, 0xF8, 0x9A, 0xF9, 0x9A, 0xF9, 0x99, 0xF9,
    0xA9, 0xF8, 0x97, 0xF6, 0x97, 0xF6, 0x64, 0xF2,
    0xA7, 0xF4, 0xDA, 0xF6, 0xC5, 0xF2, 0xE4, 0xF0,
    0xD3, 0xF0, 0xB4, 0xF1, 0xDA, 0xF8, 0xB9, 0xF8,
    0xA9, 0xF7, 0xA8, 0xF7, 0x97, 0xF7, 0x33, 0xF2,
    0x33, 0xF3, 0x75, 0xF6, 0xA9, 0xF9, 0x9B, 0xF9,
    0x89, 0xF8, 0xCB, 0xFB, 0xA9, 0xF8, 0x99, 0xF7,
    0xA9, 0xF8, 0xAA, 0xF7, 0xCB, 0xF8, 0xBB, 0xF9,
    0xBC, 0xFB, 0x9A, 0xF9, 0xAB, 0xFA, 0x88, 0xF7,
    0xBB, 0xFA, 0x88, 0xF7, 0x89, 0xF8, 0xCC, 0xFB,
    0xAA, 0xF9, 0x99, 0xF8, 0x9A, 0xF9, 0x9A, 0xF9,
    0xAA, 0xF9, 0xBB, 0xFA, 0xAA, 0xF9, 0x87, 0xF6,
    0xA9, 0xF7, 0xAA, 0xF8, 0x98, 0xF6, 0xCC, 0xFA,
    0x99, 0xF8, 0xAA, 0xFA, 0x99, 0xF9, 0x99, 0xF9,
    0x89, 0xF8, 0xAB, 0xFA, 0x99, 0xF8, 0xBB, 0xFA,
    0xAB, 0xFA, 0xAA, 0xF9, 0x9A, 0xF9, 0xBB, 0xFB,
    0x89, 0xF9, 0xBC, 0xFC, 0x99, 0xF9, 0xAA, 0xF9,
    0xAA, 0xF8, 0x76, 0xF4, 0xA9, 0xF7, 0xA9, 0xF7,
    0xA9, 0xF7, 0xAA, 0xF7, 0xAA, 0xF8, 0x98, 0xF8,
    0xAA, 0xFA, 0x99, 0xF9, 0x88, 0xF8, 0x99, 0xF9,
    0xBC, 0xFC, 0xBB, 0xFB, 0xAA, 0xFA, 0xAA, 0xFA,
    0xCC, 0xFC, 0xBB, 0xFB, 0xAB, 0xFA, 0x67, 0xF6,
    0x65, 0xF2, 0x64, 0xF1, 0xA8, 0xF3, 0xDB, 0xF4,
    0xDB, 0xF3, 0xB9, 0xF1, 0xCA, 0xF3, 0xCA, 0xF0,
    0xDC, 0xF0, 0xED, 0xF3, 0xED, 0xF5, 0x87, 0xF0,
    0x76, 0xF0, 0x76, 0xF0, 0xA8, 0xF0, 0xCB, 0xF0,
    0xCC, 0xF3, 0x88, 0xF5, 0x01, 0xF2, 0x24, 0xF5,
    0xAC, 0xFD, 0xAA, 0xFB, 0xBA, 0xFA, 0xA8, 0xF6,
    0xB9, 0xF8, 0xAA, 0xF9, 0x99, 0xF7, 0x99, 0xF7,
    0xBA, 0xF9, 0x98, 0xF7, 0x99, 0xF9, 0xAA, 0xF9,
    0x89, 0xF8, 0x88, 0xF8, 0x78, 0xF7, 0x88, 0xF8,
    0x99, 0xF9, 0x9A, 0xF9, 0xAA, 0xFA, 0x9A, 0xF9,
    0x89, 0xF8, 0x99, 0xF9, 0xAA, 0xFA, 0xA9, 0xF8,
    0xA8, 0xF6, 0xA9, 0xF7, 0x99, 0xF7, 0x99, 0xF7,
    0x97, 0xF6, 0xCA, 0xF8, 0xA9, 0xF7, 0x88, 0xF7,
    0x9A, 0xF8, 0x9A, 0xF9, 0x9A, 0xF9, 0x99, 0xF8,
    0xAA, 0xFA, 0xAA, 0xFA, 0xAB, 0xFA, 0x9A, 0xFA,
    0x88, 0xF9, 0x56, 0xF7, 0x33, 0xF5, 0x12, 0xF4,
    0x22, 0xF2, 0x98, 0xF6, 0xCB, 0xF9, 0x87, 0xF6,
    0x32, 0xF2, 0x43, 0xF2, 0xBB, 0xF9, 0x99, 0xF8,
    0x22, 0xF2, 0x22, 0xF3, 0x22, 0xF3, 0x12, 0xF3,
    0x12, 0xF3, 0x56, 0xF7, 0x67, 0xF8, 0xAA, 0xFB,
    0xBC, 0xFC, 0xDE, 0xFD, 0xEF, 0xFF, 0xEF, 0xFF,
    0xEF, 0xFE, 0xEF, 0xFE, 0xDD, 0xFC, 0xAA, 0xF8,
    0x99, 0xF8, 0xDE, 0xFD, 0xDD, 0xFC, 0xBA, 0xF8,
    0xBA, 0xF7, 0x76, 0xF2, 0x77, 0xF3, 0x9A, 0xF7,
    0x78, 0xF5, 0x22, 0xF1, 0x77, 0xF3, 0x98, 0xF2,
    0x99, 0xF0, 0xAA, 0xF0, 0x98, 0xF1, 0xAA, 0xF5,
    0x77, 0xF6, 0x32, 0xF3, 0x75, 0xF4, 0x98, 0xF6,
    0xBA, 0xF8, 0x98, 0xF7, 0x33, 0xF3, 0x32, 0xF2,
    0x99, 0xF8, 0xCB, 0xFB, 0x44, 0xF4, 0x23, 0xF5,
    0x23, 0xF5, 0x23, 0xF5, 0x23, 0xF5, 0x23, 0xF5,
    0x23, 0xF5, 0x23, 0xF5, 0x23, 0xF5, 0x23, 0xF5,
    0x33, 0xF5, 0x23, 0xF5, 0x23, 0xF5, 0x23, 0xF5,
    0xAA, 0xF8, 0x98, 0xF6, 0x87, 0xF6, 0xCB, 0xFA,
    0xAA, 0xF9, 0x9A, 0xF9, 0x89, 0xF8, 0xBB, 0xF9,
    0xA9, 0xF7, 0xBA, 0xF8, 0xA9, 0xF8, 0x99, 0xF8,
    0x99, 0xF9, 0x99, 0xF9, 0xAA, 0xF9, 0xAA, 0xF9,
    0xAB, 0xFA, 0x9A, 0xF9, 0xAB, 0xFA, 0x88, 0xF8,
    0xBB, 0xFA, 0xBA, 0xF9, 0x99, 0xF7, 0x76, 0xF5,
    0xA9, 0xF7, 0xBB, 0xF9, 0xBC, 0xFA, 0xBC, 0xFA,
    0x99, 0xF7, 0xA9, 0xF7, 0xCB, 0xF9, 0xBB, 0xFA,
    0xBB, 0xFA, 0xBC, 0xFB, 0xBC, 0xFB, 0xCD, 0xFC,
    0xAA, 0xF9, 0xAA, 0xF9, 0xBB, 0xFA, 0xBC, 0xFB,
    0xBB, 0xFB, 0x99, 0xF9, 0xAA, 0xF9, 0xCC, 0xFB,
    0x98, 0xF6, 0x86, 0xF5, 0x75, 0xF4, 0x74, 0xF2,
    0x94, 0xF1, 0xB7, 0xF4, 0xD9, 0xF6, 0xC5, 0xF1,
    0xC4, 0xF0, 0xB4, 0xF1, 0xD9, 0xF7, 0xDC, 0xFB,
    0x97, 0xF6, 0x86, 0xF5, 0x86, 0xF5, 0x64, 0xF3,
    0x53, 0xF2, 0x20, 0xF0, 0x99, 0xF9, 0xBC, 0xFB,
    0xBB, 0xF9, 0xAA, 0xF8, 0x98, 0xF6, 0xAA, 0xF9,
    0xBB, 0xF9, 0xAA, 0xF8, 0x98, 0xF6, 0xBA, 0xF8,
    0xBA, 0xF9, 0xBB, 0xFA, 0x89, 0xF8, 0x99, 0xF8,
    0xAA, 0xFA, 0x9A, 0xF9, 0x9A, 0xF8, 0x89, 0xF7,
    0x99, 0xF8, 0x89, 0xF8, 0xAB, 0xFA, 0x9A, 0xF9,
    0xAA, 0xF9, 0xCB, 0xF9, 0x87, 0xF6, 0x76, 0xF4,
    0xAA, 0xF9, 0x99, 0xF8, 0x99, 0xF8, 0x99, 0xF8,
    0xCC, 0xFB, 0xBA, 0xFA, 0xAA, 0xF9, 0x77, 0xF7,
    0x99, 0xF9, 0xBB, 0xFB, 0x99, 0xF9, 0xAA, 0xFA,
    0x9A, 0xF9, 0x88, 0xF8, 0x89, 0xF8, 0x89, 0xF8,
    0x9A, 0xF9, 0x99, 0xF9, 0xBA, 0xFA, 0xBA, 0xF9,
    0x76, 0xF4, 0xAA, 0xF8, 0x99, 0xF7, 0xBB, 0xFA,
    0xAA, 0xF9, 0x99, 0xF7, 0xBB, 0xF9, 0xBA, 0xF9,
    0xBB, 0xFB, 0xAA, 0xF9, 0x9A, 0xF9, 0x99, 0xF9,
    0x9A, 0xF9, 0xAA, 0xF9, 0xAA, 0xFA, 0x89, 0xF9,
    0x9A, 0xF9, 0xAA, 0xFA, 0xBB, 0xFC, 0x88, 0xF8,
    0x53, 0xF1, 0x97, 0xF3, 0xCA, 0xF4, 0xEC, 0xF2,
    0xDC, 0xF0, 0xCB, 0xF1, 0xA8, 0xF2, 0xB9, 0xF2,
    0xCB, 0xF1, 0xDD, 0xF3, 0xEE, 0xF5, 0x88, 0xF1,
    0x76, 0xF0, 0x76, 0xF0, 0xA8, 0xF0, 0xCA, 0xF0,
    0xDC, 0xF3, 0x89, 0xF6, 0x01, 0xF2, 0x01, 0xF2,
    0x88, 0xF8, 0xA9, 0xF9, 0x97, 0xF6, 0x98, 0xF7,
    0x99, 0xF8, 0xBB, 0xFA, 0xAA, 0xF9, 0x99, 0xF8,
    0xAA, 0xF8, 0xBB, 0xF8, 0xA9, 0xF7, 0x99, 0xF8,
    0x78, 0xF7, 0x9A, 0xF9, 0x89, 0xF8, 0xAA, 0xF9,
    0xAB, 0xFA, 0x99, 0xF9, 0x9A, 0xF9, 0x99, 0xF9,
    0x9A, 0xF9, 0xAB, 0xFA, 0xAA, 0xF8, 0x97, 0xF6,
    0xA9, 0xF7, 0xA9, 0xF8, 0x99, 0xF8, 0x89, 0xF8,
    0x99, 0xF8, 0x87, 0xF5, 0xB9, 0xF7, 0x98, 0xF5,
    0x98, 0xF7, 0x9A, 0xF9, 0x89, 0xF9, 0x9A, 0xF9,
    0xBB, 0xFB, 0xBB, 0xFA, 0xAA, 0xFA, 0xAA, 0xFA,
    0x89, 0xF8, 0x66, 0xF7, 0x23, 0xF4, 0x32, 0xF2,
    0x97, 0xF6, 0xCB, 0xF8, 0x66, 0xF4, 0x22, 0xF2,
    0x23, 0xF3, 0x22, 0xF4, 0x43, 0xF3, 0xCB, 0xF9,
    0x98, 0xF6, 0x32, 0xF2, 0x22, 0xF3, 0x12, 0xF3,
    0x12, 0xF3, 0x56, 0xF7, 0x67, 0xF8, 0x9A, 0xFA,
    0xBC, 0xFC, 0xCE, 0xFD, 0xEF, 0xFF, 0xEF, 0xFF,
    0xEF, 0xFE, 0xDD, 0xFC, 0xAA, 0xF9, 0xEE, 0xFD,
    0xDE, 0xFE, 0x9A, 0xFA, 0xEE, 0xFE, 0x87, 0xF7,
    0xCA, 0xF7, 0xBA, 0xF6, 0xBB, 0xF6, 0x88, 0xF4,
    0xBC, 0xF8, 0x67, 0xF3, 0x33, 0xF1, 0x77, 0xF3,
    0x98, 0xF1, 0xA9, 0xF0, 0x98, 0xF1, 0x99, 0xF5,
    0x65, 0xF4, 0x31, 0xF2, 0x86, 0xF4, 0xB9, 0xF6,
    0x86, 0xF5, 0x32, 0xF3, 0x23, 0xF5, 0x22, 0xF4,
    0x33, 0xF3, 0x88, 0xF8, 0xCB, 0xFA, 0x44, 0xF4,
    0x33, 0xF4, 0x23, 0xF5, 0x23, 0xF5, 0x33, 0xF5,
    0x23, 0xF5, 0x23, 0xF5, 0x23, 0xF5, 0x33, 0xF4,
    0x23, 0xF4, 0x23, 0xF5, 0x23, 0xF5, 0x54, 0xF4,
    0x76, 0xF4, 0x77, 0xF5, 0xCB, 0xFA, 0xAA, 0xF8,
    0xBB, 0xFA, 0xBC, 0xFB, 0xBC, 0xFB, 0xAA, 0xF8,
    0xA9, 0xF7, 0xA9, 0xF7, 0xA9, 0xF7, 0x98, 0xF7,
    0x99, 0xF8, 0xAA, 0xFA, 0xCC, 0xFB, 0x9A, 0xF9,
    0x89, 0xF8, 0x99, 0xF9, 0xAA, 0xF9, 0x99, 0xF8,
    0xBB, 0xF9, 0xAA, 0xF8, 0x65, 0xF3, 0xBA, 0xF9,
    0xAA, 0xF8, 0xAA, 0xF9, 0xAB, 0xFA, 0xAB, 0xFA,
    0xCC, 0xFA, 0x99, 0xF7, 0xA8, 0xF7, 0xBA, 0xF9,
    0xA9, 0xF8, 0xBB, 0xFA, 0x9A, 0xF9, 0xBB, 0xFA,
    0x99, 0xF8, 0xAA, 0xF9, 0xAA, 0xF9, 0x89, 0xF8,
    0xAA, 0xF9, 0xBB, 0xFA, 0xBB, 0xF9, 0x76, 0xF5,
    0x99, 0xF7, 0xBB, 0xF9, 0x86, 0xF4, 0x74, 0xF2,
    0x84, 0xF1, 0xA4, 0xF2, 0xB6, 0xF3, 0xC8, 0xF4,
    0xC5, 0xF2, 0xB5, 0xF3, 0xDB, 0xF9, 0xEC, 0xFB,
    0xDB, 0xFA, 0x96, 0xF5, 0x83, 0xF2, 0x84, 0xF3,
    0xB8, 0xF7, 0x86, 0xF5, 0x98, 0xF8, 0xAA, 0xF9,
    0x88, 0xF6, 0x76, 0xF4, 0xAA, 0xF8, 0xBB, 0xFA,
    0xBB, 0xFA, 0xAA, 0xF9, 0xBB, 0xF9, 0x88, 0xF6,
    0xBA, 0xF9, 0xAA, 0xF8, 0xBB, 0xF9, 0xCC, 0xFB,
    0xBB, 0xFB, 0xAB, 0xFA, 0x9A, 0xF9, 0xBC, 0xFB,
    0xCC, 0xFB, 0xBB, 0xFA, 0x89, 0xF8, 0xAA, 0xFA,
    0xA9, 0xF8, 0x98, 0xF6, 0x76, 0xF4, 0x99, 0xF7,
    0x88, 0xF7, 0x99, 0xF8, 0xAA, 0xF9, 0xAA, 0xF9,
    0x99, 0xF8, 0xCC, 0xFB, 0xAA, 0xF9, 0x88, 0xF7,
    0x88, 0xF8, 0xAA, 0xFA, 0x99, 0xF8, 0xAA, 0xF9,
    0xAA, 0xF9, 0x99, 0xF9, 0xAB, 0xFA, 0x88, 0xF7,
    0xBB, 0xFA, 0xBB, 0xFA, 0x88, 0xF7, 0x65, 0xF4,
    0xAA, 0xF8, 0xCC, 0xFA, 0xAA, 0xF9, 0xAA, 0xF9,
    0x99, 0xF8, 0xAA, 0xF9, 0x87, 0xF6, 0xA9, 0xF8,
    0xBB, 0xFA, 0xBB, 0xFA, 0xAA, 0xF9, 0x99, 0xF9,
    0x99, 0xF9, 0xAA, 0xFA, 0xAA, 0xFA, 0xBC, 0xFB,
    0xAA, 0xFA, 0xAA, 0xF9, 0xBA, 0xFA, 0x97, 0xF7,
    0x86, 0xF3, 0x87, 0xF1, 0xBA, 0xF1, 0xEC, 0xF2,
    0xDB, 0xF0, 0xCB, 0xF2, 0xDC, 0xF6, 0xA9, 0xF3,
    0xCA, 0xF2, 0xDC, 0xF5, 0xEE, 0xF7, 0x98, 0xF2,
    0x76, 0xF0, 0x75, 0xF0, 0x98, 0xF0, 0xBA, 0xF0,
    0xCB, 0xF3, 0x88, 0xF5, 0x12, 0xF2, 0x11, 0xF1,
    0x65, 0xF4, 0x98, 0xF6, 0xBA, 0xF9, 0xBB, 0xFA,
    0xBB, 0xFA, 0x99, 0xF8, 0xAB, 0xFA, 0xAA, 0xF9,
    0xA9, 0xF8, 0xA9, 0xF7, 0xBB, 0xF9, 0xA9, 0xF8,
    0x99, 0xF8, 0xAB, 0xFA, 0x89, 0xF8, 0xAB, 0xFA,
    0x99, 0xF9, 0x9A, 0xF9, 0x89, 0xF8, 0x99, 0xF8,
    0x98, 0xF7, 0x98, 0xF7, 0x87, 0xF5, 0x87, 0xF6,
    0xBB, 0xF9, 0x98, 0xF7, 0x89, 0xF8, 0x99, 0xF9,
    0x89, 0xF8, 0x88, 0xF7, 0x98, 0xF5, 0xBA, 0xF8,
    0xAA, 0xF8, 0xBB, 0xFA, 0x99, 0xF8, 0x9A, 0xF9,
    0x99, 0xF8, 0x9A, 0xF9, 0x9A, 0xF9, 0xAB, 0xFA,
    0x99, 0xF8, 0x77, 0xF7, 0x54, 0xF4, 0x98, 0xF6,
    0xB9, 0xF8, 0x54, 0xF3, 0x22, 0xF2, 0x23, 0xF3,
    0x23, 0xF4, 0x23, 0xF4, 0x22, 0xF4, 0x54, 0xF4,
    0xCB, 0xFA, 0x88, 0xF6, 0x22, 0xF1, 0x22, 0xF3,
    0x22, 0xF4, 0x56, 0xF7, 0x67, 0xF8, 0x9A, 0xFB,
    0xBC, 0xFC, 0xDD, 0xFD, 0xEE, 0xFE, 0xEF, 0xFF,
    0xCC, 0xFC, 0xAA, 0xF9, 0xEE, 0xFD, 0xEF, 0xFE,
    0xEF, 0xFF, 0x9A, 0xFA, 0xCD, 0xFD, 0x99, 0xF8,
    0x87, 0xF5, 0xCB, 0xF7, 0xCB, 0xF8, 0x99, 0xF6,
    0xDC, 0xF9, 0x99, 0xF5, 0x77, 0xF5, 0x32, 0xF0,
    0x77, 0xF2, 0x99, 0xF2, 0x88, 0xF3, 0x55, 0xF3,
    0x44, 0xF2, 0x87, 0xF6, 0xB9, 0xF6, 0xCA, 0xF7,
    0x65, 0xF3, 0x32, 0xF4, 0x22, 0xF5, 0x23, 0xF5,
    0x23, 0xF3, 0x22, 0xF2, 0x98, 0xF8, 0xBB, 0xFA,
    0x44, 0xF4, 0x33, 0xF4, 0x23, 0xF5, 0x23, 0xF6,
    0x23, 0xF5, 0x23, 0xF5, 0x23, 0xF5, 0x23, 0xF6,
    0x23, 0xF5, 0x33, 0xF4, 0x65, 0xF4, 0xBA, 0xF9,
    0x99, 0xF7, 0xBB, 0xF9, 0xBB, 0xFA, 0xBB, 0xFA,
    0xBB, 0xFA, 0xAB, 0xFA, 0xAA, 0xF9, 0x9A, 0xF8,
    0xAA, 0xF9, 0xAA, 0xF8, 0xA8, 0xF6, 0xA8, 0xF7,
    0xBA, 0xF9, 0x99, 0xF8, 0xBC, 0xFB, 0xAA, 0xFA,
    0xAB, 0xFA, 0xAB, 0xFA, 0xAA, 0xF9, 0xBB, 0xF9,
    0x88, 0xF6, 0x76, 0xF3, 0xCC, 0xFA, 0x99, 0xF7,
    0xBB, 0xFB, 0xAB, 0xFA, 0xAB, 0xFA, 0xBB, 0xFB,
    0xAA, 0xF9, 0xBB, 0xF9, 0x87, 0xF5, 0xA9, 0xF7,
    0xBB, 0xF9, 0xBB, 0xFA, 0xAB, 0xF9, 0xBB, 0xFA,
    0x9A, 0xF9, 0x89, 0xF9, 0xAB, 0xFB, 0x99, 0xF8,
    0xBB, 0xF9, 0x98, 0xF7, 0x76, 0xF4, 0x99, 0xF8,
    0xBC, 0xFB, 0xBC, 0xFB, 0x98, 0xF7, 0x74, 0xF3,
    0x83, 0xF1, 0xB3, 0xF1, 0xC6, 0xF3, 0xA7, 0xF3,
    0xD8, 0xF5, 0xC7, 0xF5, 0xDA, 0xF9, 0xEC, 0xFB,
    0xDB, 0xF9, 0xC8, 0xF6, 0xB4, 0xF2, 0xB5, 0xF3,
    0xC7, 0xF5, 0xB7, 0xF5, 0x96, 0xF5, 0x86, 0xF5,
    0x77, 0xF6, 0xAA, 0xF8, 0xBB, 0xF9, 0xCC, 0xFB,
    0xAA, 0xF9, 0xBC, 0xFB, 0xBB, 0xFA, 0xAA, 0xF8,
    0x98, 0xF6, 0xBA, 0xF8, 0xCC, 0xFA, 0xBB, 0xF9,
    0xCD, 0xFC, 0xBB, 0xFA, 0xBC, 0xFB, 0xAB, 0xFA,
    0xAB, 0xFA, 0x99, 0xF8, 0xA9, 0xF8, 0xBA, 0xF9,
    0x76, 0xF4, 0x88, 0xF6, 0xBA, 0xF9, 0x99, 0xF8,
    0xAB, 0xF9, 0x89, 0xF8, 0x99, 0xF8, 0x99, 0xF8,
    0x98, 0xF7, 0x98, 0xF7, 0xCC, 0xFB, 0x88, 0xF7,
    0x88, 0xF7, 0xBB, 0xF9, 0x98, 0xF8, 0x88, 0xF7,
    0x88, 0xF7, 0x89, 0xF8, 0xBB, 0xFA, 0x99, 0xF9,
    0xBA, 0xF9, 0xAA, 0xF8, 0x65, 0xF3, 0x99, 0xF8,
    0xBB, 0xFA, 0xBB, 0xFA, 0xAB, 0xFA, 0xBB, 0xFB,
    0x99, 0xF9, 0x99, 0xF8, 0xBA, 0xF9, 0x87, 0xF6,
    0xCB, 0xFA, 0xA9, 0xF8, 0xAA, 0xF9, 0xAA, 0xF9,
    0x9A, 0xF9, 0x9A, 0xFA, 0x9A, 0xFA, 0x9A, 0xFA,
    0xAB, 0xFA, 0x99, 0xF8, 0x76, 0xF5, 0x87, 0xF5,
    0x43, 0xF1, 0x76, 0xF1, 0x98, 0xF0, 0xDC, 0xF2,
    0xDB, 0xF2, 0xDC, 0xF5, 0xED, 0xF7, 0xDC, 0xF3,
    0xB9, 0xF0, 0xCA, 0xF4, 0xEE, 0xF8, 0x99, 0xF3,
    0x76, 0xF0, 0x76, 0xF0, 0xA9, 0xF0, 0xA9, 0xF0,
    0xBB, 0xF4, 0x77, 0xF4, 0x22, 0xF1, 0x65, 0xF4,
    0x97, 0xF6, 0xBA, 0xF8, 0xAA, 0xF9, 0x9A, 0xF9,
    0xBB, 0xFB, 0x89, 0xF8, 0xBB, 0xFB, 0xAA, 0xF9,
    0xAA, 0xF9, 0x99, 0xF8, 0xAA, 0xF8, 0xBA, 0xF8,
    0x99, 0xF8, 0x99, 0xF8, 0x99, 0xF8, 0xAB, 0xFA,
    0xAB, 0xFA, 0x89, 0xF8, 0xA9, 0xF9, 0xA9, 0xF8,
    0x98, 0xF7, 0x97, 0xF5, 0x99, 0xF7, 0xA9, 0xF8,
    0x99, 0xF8, 0x99, 0xF8, 0xAB, 0xFA, 0x99, 0xF9,
    0x9A, 0xF9, 0x9A, 0xF9, 0xAA, 0xF8, 0x87, 0xF5,
    0xBA, 0xF8, 0xAA, 0xF8, 0xAA, 0xF8, 0xAB, 0xF9,
    0x9A, 0xF9, 0xAA, 0xFA, 0xAA, 0xFA, 0xAA, 0xF9,
    0xAA, 0xF9, 0x98, 0xF7, 0x98, 0xF6, 0xA8, 0xF6,
    0x43, 0xF3, 0x32, 0xF3, 0x22, 0xF4, 0x13, 0xF4,
    0x13, 0xF4, 0x23, 0xF4, 0x22, 0xF4, 0x22, 0xF4,
    0x54, 0xF4, 0xCB, 0xF9, 0x98, 0xF6, 0x32, 0xF2,
    0x22, 0xF3, 0x56, 0xF7, 0x57, 0xF8, 0x9A, 0xFB,
    0xBC, 0xFC, 0xDD, 0xFD, 0xEE, 0xFE, 0xBB, 0xFA,
    0xAA, 0xF9, 0xDE, 0xFD, 0xEF, 0xFF, 0xEF, 0xFF,
    0xEF, 0xFF, 0xDD, 0xFD, 0xAB, 0xFB, 0x77, 0xF7,
    0x98, 0xF6, 0x76, 0xF4, 0xBB, 0xF8, 0xCB, 0xF8,
    0xCB, 0xF8, 0xA9, 0xF5, 0x98, 0xF5, 0x44, 0xF3,
    0x33, 0xF0, 0x78, 0xF3, 0x67, 0xF5, 0x66, 0xF4,
    0xA9, 0xF7, 0xA8, 0xF7, 0x75, 0xF3, 0xDC, 0xF8,
    0x65, 0xF3, 0x22, 0xF3, 0x23, 0xF5, 0x23, 0xF5,
    0x23, 0xF4, 0x23, 0xF4, 0x33, 0xF3, 0x87, 0xF7,
    0xAA, 0xF9, 0x54, 0xF4, 0x33, 0xF4, 0x23, 0xF6,
    0x23, 0xF5, 0x23, 0xF5, 0x23, 0xF5, 0x23, 0xF6,
    0x33, 0xF4, 0x76, 0xF5, 0xBA, 0xF8, 0x86, 0xF6,
    0xBB, 0xF9, 0xCC, 0xFB, 0xAA, 0xF9, 0xBC, 0xFB,
    0xBB, 0xFA, 0xBB, 0xFA, 0x88, 0xF8, 0xAA, 0xF9,
    0x9A, 0xF8, 0xAB, 0xF9, 0x98, 0xF6, 0xB9, 0xF7,
    0xA9, 0xF7, 0x99, 0xF7, 0x99, 0xF9, 0x9A, 0xF9,
    0xAA, 0xF9, 0xAA, 0xF9, 0xAA, 0xF9, 0x87, 0xF5,
    0x76, 0xF4, 0xA9, 0xF8, 0xCB, 0xFA, 0x99, 0xF9,
    0x99, 0xF9, 0x89, 0xF8, 0x89, 0xF8, 0x9A, 0xF9,
    0x89, 0xF8, 0xBB, 0xFA, 0xBA, 0xF8, 0x98, 0xF6,
    0xBA, 0xF8, 0xBA, 0xF9, 0xBA, 0xF9, 0xBB, 0xFA,
    0x9A, 0xF9, 0xAB, 0xFB, 0x9A, 0xF9, 0xCC, 0xFB,
    0x98, 0xF7, 0x66, 0xF4, 0xBA, 0xF9, 0xAA, 0xF9,
    0x89, 0xF8, 0x9A, 0xF9, 0x99, 0xF8, 0x75, 0xF4,
    0x84, 0xF1, 0xA3, 0xF1, 0xC6, 0xF3, 0xC8, 0xF5,
    0xB8, 0xF5, 0xC9, 0xF7, 0xD9, 0xF8, 0xEC, 0xFA,
    0xC9, 0xF7, 0xD8, 0xF5, 0xB3, 0xF0, 0xC5, 0xF2,
    0xD7, 0xF5, 0xB6, 0xF4, 0x73, 0xF2, 0x86, 0xF5,
    0xAA, 0xF9, 0xAB, 0xF9, 0xAA, 0xF9, 0xAB, 0xFA,
    0xAB, 0xFA, 0xBC, 0xFB, 0xBC, 0xFB, 0xBA, 0xF9,
    0xBB, 0xF9, 0x98, 0xF6, 0xCB, 0xF9, 0xDC, 0xFB,
    0xAA, 0xF9, 0xAA, 0xF9, 0xAB, 0xFA, 0xAA, 0xF9,
    0x99, 0xF8, 0xBB, 0xFA, 0xA9, 0xF8, 0x75, 0xF4,
    0x87, 0xF6, 0x99, 0xF7, 0xBA, 0xF9, 0xBB, 0xFA,
    0xBC, 0xFB, 0xAB, 0xFA, 0xAB, 0xFA, 0x9A, 0xF9,
    0x99, 0xF8, 0xBA, 0xF9, 0x88, 0xF7, 0xBB, 0xFA,
    0x99, 0xF7, 0x99, 0xF8, 0x99, 0xF8, 0xAA, 0xF9,
    0xAA, 0xF9, 0xBB, 0xFA, 0xAA, 0xF9, 0xBB, 0xFA,
    0x77, 0xF5, 0x87, 0xF5, 0xA9, 0xF7, 0xBA, 0xF9,
    0xAB, 0xFA, 0x99, 0xF9, 0xAA, 0xFA, 0x99, 0xF9,
    0x89, 0xF8, 0xCC, 0xFB, 0xBB, 0xFA, 0x88, 0xF6,
    0x87, 0xF5, 0xA9, 0xF8, 0xCB, 0xFA, 0x99, 0xF8,
    0xBB, 0xFB, 0xBB, 0xFB, 0x9A, 0xFA, 0x99, 0xF9,
    0xBB, 0xFA, 0x76, 0xF5, 0x87, 0xF6, 0xBB, 0xFA,
    0x22, 0xF1, 0x22, 0xF0, 0x76, 0xF2, 0xCC, 0xF5,
    0xDC, 0xF4, 0xCC, 0xF5, 0xDC, 0xF4, 0xCB, 0xF0,
    0xDC, 0xF1, 0xA9, 0xF1, 0xCC, 0xF6, 0x99, 0xF4,
    0x76, 0xF0, 0x86, 0xF0, 0x98, 0xF0, 0xA9, 0xF0,
    0xCB, 0xF4, 0x98, 0xF4, 0x76, 0xF5, 0x97, 0xF7,
    0x32, 0xF1, 0xAB, 0xFA, 0x9A, 0xF9, 0x9A, 0xF9,
    0xAB, 0xFB, 0x9A, 0xFA, 0xAB, 0xFB, 0x99, 0xF8,
    0xAA, 0xF9, 0x9A, 0xF9, 0x88, 0xF6, 0xA9, 0xF8,
    0xBA, 0xF8, 0x99, 0xF7, 0x99, 0xF8, 0xBB, 0xFA,
    0x99, 0xF8, 0x99, 0xF8, 0xBA, 0xFA, 0x98, 0xF7,
    0x86, 0xF5, 0xBA, 0xF9, 0xCC, 0xFA, 0x9A, 0xF9,
    0x99, 0xF8, 0x9A, 0xF9, 0xAA, 0xFA, 0x9A, 0xF9,
    0x99, 0xF9, 0x9A, 0xF9, 0x9A, 0xF9, 0xA9, 0xF8,
    0x97, 0xF6, 0xCB, 0xF9, 0xCB, 0xF9, 0xBB, 0xF9,
    0xAA, 0xF9, 0xAA, 0xFA, 0xAA, 0xFA, 0xBB, 0xFA,
    0xAA, 0xF8, 0x98, 0xF6, 0x98, 0xF6, 0x43, 0xF3,
    0x22, 0xF3, 0x22, 0xF4, 0x13, 0xF3, 0x23, 0xF3,
    0x22, 0xF4, 0x22, 0xF4, 0x23, 0xF3, 0x13, 0xF4,
    0x22, 0xF3, 0x53, 0xF3, 0xCB, 0xF9, 0x99, 0xF7,
    0x23, 0xF2, 0x56, 0xF6, 0x56, 0xF7, 0x9A, 0xFB,
    0xBC, 0xFC, 0xDD, 0xFC, 0xBA, 0xF9, 0xAA, 0xF8,
    0xEE, 0xFD, 0xEF, 0xFE, 0xEF, 0xFF, 0xEF, 0xFF,
    0xEF, 0xFF, 0xEF, 0xFF, 0x99, 0xFA, 0x67, 0xF6,
    0x89, 0xF7, 0x66, 0xF5, 0x44, 0xF2, 0xCB, 0xF8,
    0xDC, 0xF8, 0xBA, 0xF5, 0x99, 0xF4, 0x78, 0xF5,
    0x23, 0xF2, 0x45, 0xF4, 0xAB, 0xFA, 0xCD, 0xFB,
    0xBA, 0xF9, 0x64, 0xF4, 0x54, 0xF2, 0xDC, 0xF8,
    0x87, 0xF3, 0x23, 0xF3, 0x22, 0xF4, 0x23, 0xF4,
    0x23, 0xF4, 0x23, 0xF4, 0x22, 0xF4, 0x32, 0xF3,
    0x77, 0xF7, 0xAA, 0xF9, 0x54, 0xF4, 0x33, 0xF4,
    0x23, 0xF5, 0x23, 0xF5, 0x33, 0xF4, 0x33, 0xF3,
    0x87, 0xF6, 0xBA, 0xF9, 0x76, 0xF5, 0x33, 0xF4,
    0x99, 0xF8, 0x99, 0xF8, 0x99, 0xF8, 0xAA, 0xFA,
    0x88, 0xF7, 0x88, 0xF7, 0xAB, 0xFA, 0xAB, 0xFA,
    0xAB, 0xFA, 0xAA, 0xF9, 0xBB, 0xF9, 0xA9, 0xF7,
    0xA9, 0xF7, 0xCB, 0xF9, 0xBB, 0xFA, 0xBB, 0xFA,
    0xBB, 0xF9, 0xBA, 0xF9, 0x76, 0xF5, 0x77, 0xF5,
    0xAA, 0xF8, 0xA9, 0xF8, 0xAA, 0xFA, 0xAB, 0xFA,
    0xBC, 0xFB, 0x99, 0xF8, 0x99, 0xF8, 0x9A, 0xF9,
    0xBB, 0xFB, 0x9A, 0xF9, 0xAA, 0xF9, 0xCC, 0xFA,
    0x98, 0xF6, 0xBB, 0xF9, 0xBA, 0xF9, 0xAA, 0xF9,
    0x99, 0xF8, 0x99, 0xF8, 0xBB, 0xFB, 0x87, 0xF6,
    0x65, 0xF3, 0x99, 0xF7, 0xCC, 0xFB, 0xBB, 0xFA,
    0x9A, 0xF9, 0x9B, 0xFA, 0x78, 0xF7, 0x43, 0xF2,
    0x73, 0xF2, 0x94, 0xF2, 0xD7, 0xF4, 0xC6, 0xF4,
    0xC8, 0xF6, 0xA7, 0xF5, 0xDA, 0xF9, 0xDB, 0xF9,
    0xC8, 0xF6, 0xD7, 0xF4, 0xC4, 0xF1, 0xC4, 0xF2,
    0xC5, 0xF3, 0x83, 0xF1, 0x97, 0xF5, 0x98, 0xF7,
    0xAA, 0xF9, 0x9A, 0xF9, 0xAB, 0xFA, 0xAB, 0xFA,
    0x9A, 0xF9, 0xAB, 0xFA, 0xAB, 0xFA, 0xCC, 0xFB,
    0xAA, 0xF9, 0xAA, 0xF8, 0x98, 0xF6, 0xBB, 0xF9,
    0xCC, 0xFA, 0xAA, 0xF8, 0xAA, 0xF9, 0xBB, 0xFA,
    0xBB, 0xFA, 0x99, 0xF8, 0x65, 0xF3, 0x97, 0xF6,
    0xBB, 0xFA, 0xBB, 0xFA, 0xBB, 0xFA, 0xBC, 0xFB,
    0xBC, 0xFB, 0xBB, 0xFB, 0xAB, 0xFA, 0x99, 0xF8,
    0x99, 0xF8, 0x99, 0xF8, 0xAA, 0xF9, 0x99, 0xF8,
    0xCC, 0xFA, 0xBB, 0xF9, 0x99, 0xF8, 0x99, 0xF8,
    0xAA, 0xF9, 0xBB, 0xFA, 0xAA, 0xF9, 0x76, 0xF5,
    0x87, 0xF5, 0xBA, 0xF9, 0xCB, 0xFA, 0xAA, 0xF9,
    0xAB, 0xFA, 0xAA, 0xFA, 0xAB, 0xFA, 0xBB, 0xFA,
    0xAA, 0xF9, 0xAA, 0xF9, 0xBB, 0xFA, 0xAA, 0xF9,
    0xAA, 0xF9, 0x87, 0xF6, 0xAA, 0xF8, 0xA9, 0xF8,
    0xAA, 0xF9, 0x99, 0xF9, 0xBA, 0xFA, 0xA9, 0xF9,
    0x76, 0xF5, 0x98, 0xF7, 0xCC, 0xFB, 0xBB, 0xFB,
    0x23, 0xF4, 0x01, 0xF2, 0x01, 0xF0, 0x77, 0xF3,
    0xBB, 0xF6, 0xCC, 0xF6, 0xCB, 0xF2, 0xDC, 0xF0,
    0xDC, 0xF0, 0xDC, 0xF2, 0xBA, 0xF3, 0xCC, 0xF6,
    0xA8, 0xF4, 0x76, 0xF0, 0x87, 0xF0, 0x98, 0xF0,
    0xCA, 0xF3, 0x98, 0xF5, 0x76, 0xF5, 0x31, 0xF1,
    0x22, 0xF2, 0xCD, 0xFD, 0xAB, 0xFB, 0xAB, 0xFB,
    0xAB, 0xFA, 0xBB, 0xFB, 0xAA, 0xFA, 0x99, 0xF9,
    0xBB, 0xFA, 0xAB, 0xFA, 0xBB, 0xF9, 0x99, 0xF7,
    0xAA, 0xF8, 0xCC, 0xFA, 0xAA, 0xF9, 0xBB, 0xFA,
    0x98, 0xF8, 0x98, 0xF8, 0x76, 0xF5, 0x87, 0xF6,
    0xAA, 0xF8, 0xAA, 0xF8, 0x88, 0xF7, 0xAA, 0xF9,
    0xAB, 0xFA, 0x9A, 0xF9, 0x9A, 0xF9, 0xAB, 0xFA,
    0x9A, 0xF9, 0x99, 0xF9, 0x89, 0xF8, 0xAA, 0xF9,
    0xAA, 0xF8, 0x98, 0xF6, 0xCB, 0xFA, 0xBB, 0xF9,
    0xAA, 0xF9, 0x99, 0xF8, 0x99, 0xF8, 0x98, 0xF8,
    0x98, 0xF6, 0xA9, 0xF8, 0x87, 0xF7, 0x44, 0xF6,
    0x12, 0xF4, 0x13, 0xF4, 0x23, 0xF3, 0x23, 0xF3,
    0x22, 0xF3, 0x22, 0xF3, 0x23, 0xF3, 0x13, 0xF3,
    0x22, 0xF4, 0x32, 0xF3, 0x43, 0xF3, 0xBB, 0xF9,
    0xAA, 0xF8, 0x56, 0xF5, 0x66, 0xF6, 0xAA, 0xFA,
    0xBB, 0xFA, 0xAA, 0xF8, 0xAA, 0xF8, 0xEE, 0xFD,
    0xEF, 0xFE, 0xEF, 0xFF, 0xEF, 0xFF, 0xEF, 0xFF,
    0xEF, 0xFF, 0xEF, 0xFF, 0xBB, 0xFC, 0x44, 0xF4,
    0x89, 0xF7, 0x77, 0xF5, 0x44, 0xF2, 0xDC, 0xF9,
    0xBA, 0xF5, 0xDC, 0xF8, 0xA9, 0xF5, 0x55, 0xF3,
    0x45, 0xF6, 0xBC, 0xFC, 0xBC, 0xFC, 0xAA, 0xFA,
    0xCB, 0xFB, 0x66, 0xF6, 0x43, 0xF1, 0xDD, 0xF8,
    0xAA, 0xF5, 0x33, 0xF2, 0x23, 0xF4, 0x23, 0xF4,
    0x23, 0xF5, 0x23, 0xF5, 0x23, 0xF4, 0x33, 0xF4,
    0x33, 0xF3, 0x77, 0xF6, 0xBA, 0xF9, 0x65, 0xF4,
    0x32, 0xF4, 0x33, 0xF5, 0x33, 0xF3, 0x98, 0xF6,
    0xB9, 0xF8, 0x65, 0xF5, 0x33, 0xF4, 0x23, 0xF5,
    0xAB, 0xFA, 0xAA, 0xF9, 0x99, 0xF9, 0x9A, 0xF9,
    0x9A, 0xF9, 0xBC, 0xFB, 0xAB, 0xFA, 0xBC, 0xFB,
    0x99, 0xF8, 0x88, 0xF7, 0x99, 0xF8, 0xAB, 0xF9,
    0x88, 0xF6, 0xA9, 0xF7, 0xBB, 0xF9, 0xBA, 0xF9,
    0xCC, 0xFA, 0x76, 0xF4, 0x87, 0xF5, 0xBB, 0xF9,
    0xBB, 0xFA, 0xAA, 0xF9, 0x99, 0xF9, 0xAA, 0xF9,
    0xBB, 0xFA, 0xAA, 0xF9, 0xAA, 0xF9, 0x99, 0xF8,
    0xAA, 0xF9, 0xAB, 0xFA, 0x99, 0xF9, 0xAA, 0xF9,
    0x99, 0xF8, 0x99, 0xF7, 0xCC, 0xFB, 0xBB, 0xFA,
    0xAA, 0xF8, 0xA9, 0xF8, 0x87, 0xF6, 0x65, 0xF4,
    0xAA, 0xF9, 0xBB, 0xF9, 0x89, 0xF8, 0x99, 0xF9,
    0x9A, 0xF9, 0x9A, 0xF9, 0x9A, 0xF8, 0x33, 0xF3,
    0x31, 0xF1, 0x74, 0xF3, 0xC7, 0xF5, 0xC6, 0xF5,
    0xA4, 0xF3, 0xA7, 0xF6, 0xB9, 0xF7, 0xDA, 0xF9,
    0xD9, 0xF7, 0xC7, 0xF4, 0xA4, 0xF0, 0xB5, 0xF2,
    0xA5, 0xF3, 0x85, 0xF3, 0xA9, 0xF8, 0xAA, 0xF9,
    0x99, 0xF9, 0x99, 0xF9, 0x99, 0xF9, 0x99, 0xF8,
    0x9A, 0xF9, 0x9A, 0xF9, 0x99, 0xF9, 0xAB, 0xFA,
    0xCD, 0xFC, 0xAA, 0xF9, 0xBB, 0xFA, 0xA9, 0xF8,
    0xCB, 0xFA, 0xAA, 0xF9, 0xCC, 0xFB, 0xAA, 0xF8,
    0x99, 0xF7, 0x65, 0xF3, 0x98, 0xF6, 0xBB, 0xFA,
    0xBB, 0xFA, 0xAA, 0xF9, 0x99, 0xF8, 0xBC, 0xFB,
    0xBB, 0xFA, 0xAA, 0xF9, 0xBB, 0xFA, 0xAB, 0xFA,
    0x9A, 0xF9, 0x9A, 0xF9, 0xAA, 0xF9, 0xAA, 0xF9,
    0x99, 0xF7, 0xCD, 0xFB, 0xBB, 0xFA, 0x99, 0xF8,
    0x88, 0xF7, 0xBB, 0xFA, 0x76, 0xF5, 0x66, 0xF4,
    0xAA, 0xF8, 0xAA, 0xF9, 0xCC, 0xFB, 0xAB, 0xFA,
    0x99, 0xF8, 0xBB, 0xFA, 0xAB, 0xF9, 0xBC, 0xFA,
    0x9A, 0xF9, 0xAA, 0xFA, 0xAB, 0xFA, 0xCC, 0xFB,
    0xBB, 0xFA, 0xAA, 0xF9, 0x88, 0xF6, 0xA9, 0xF7,
    0xBA, 0xF9, 0xBA, 0xF9, 0x99, 0xF8, 0x86, 0xF5,
    0x87, 0xF7, 0xAA, 0xFA, 0x9A, 0xF9, 0x9A, 0xF9,
    0x67, 0xF7, 0x45, 0xF5, 0x45, 0xF3, 0x12, 0xF0,
    0x44, 0xF2, 0x88, 0xF4, 0xBB, 0xF4, 0xDD, 0xF1,
    0xEC, 0xF0, 0xED, 0xF2, 0xED, 0xF5, 0xBB, 0xF5,
    0xDC, 0xF7, 0xA8, 0xF4, 0x76, 0xF0, 0x86, 0xF0,
    0x87, 0xF3, 0x65, 0xF2, 0x54, 0xF3, 0x43, 0xF2,
    0x11, 0xF1, 0x9B, 0xFC, 0xAB, 0xFB, 0x9A, 0xFA,
    0xAB, 0xFA, 0xAA, 0xF9, 0xAA, 0xF9, 0x99, 0xF8,
    0x99, 0xF9, 0xAA, 0xFA, 0xAA, 0xFA, 0xAA, 0xF9,
    0x99, 0xF7, 0xAA, 0xF8, 0xBB, 0xF9, 0xAA, 0xF8,
    0x98, 0xF7, 0x87, 0xF6, 0x88, 0xF6, 0x98, 0xF7,
    0x99, 0xF8, 0xAA, 0xF9, 0x89, 0xF8, 0x9A, 0xF9,
    0x9A, 0xF9, 0x89, 0xF8, 0x9A, 0xF9, 0x99, 0xF8,
    0xAA, 0xF9, 0xAA, 0xF9, 0x9A, 0xF9, 0x99, 0xF9,
    0xAA, 0xF9, 0xA9, 0xF8, 0xA9, 0xF7, 0xCC, 0xFA,
    0xBA, 0xF9, 0xBA, 0xF9, 0x98, 0xF7, 0x97, 0xF6,
    0x98, 0xF7, 0xAA, 0xF9, 0x88, 0xF8, 0x66, 0xF8,
    0x34, 0xF5, 0x12, 0xF3, 0x22, 0xF3, 0x22, 0xF4,
    0x22, 0xF3, 0x23, 0xF3, 0x23, 0xF3, 0x23, 0xF3,
    0x23, 0xF3, 0x22, 0xF4, 0x22, 0xF3, 0x33, 0xF2,
    0xAB, 0xF9, 0xBC, 0xFA, 0x76, 0xF5, 0xA9, 0xF9,
    0x99, 0xF8, 0xAA, 0xF9, 0xEF, 0xFD, 0xEF, 0xFF,
    0xEF, 0xFF, 0xEF, 0xFF, 0xEF, 0xFF, 0xEF, 0xFF,
    0xEF, 0xFF, 0xEF, 0xFF, 0xCD, 0xFE, 0x12, 0xF2,
    0x9A, 0xF8, 0x88, 0xF7, 0x22, 0xF0, 0xBB, 0xF8,
    0xBA, 0xF6, 0xBA, 0xF6, 0xCC, 0xF8, 0x43, 0xF1,
    0x55, 0xF4, 0x55, 0xF5, 0x77, 0xF7, 0xAA, 0xFA,
    0x99, 0xF8, 0x44, 0xF4, 0x43, 0xF1, 0xDC, 0xF7,
    0xCC, 0xF6, 0x33, 0xF2, 0x23, 0xF4, 0x23, 0xF4,
    0x23, 0xF5, 0x23, 0xF5, 0x22, 0xF5, 0x23, 0xF4,
    0x23, 0xF4, 0x33, 0xF3, 0x76, 0xF5, 0xCB, 0xFA,
    0x66, 0xF5, 0x43, 0xF3, 0xA9, 0xF8, 0xA9, 0xF8,
    0x54, 0xF4, 0x33, 0xF4, 0x23, 0xF5, 0x23, 0xF5,
    0x99, 0xF9, 0xAA, 0xFA, 0xAB, 0xFA, 0xAB, 0xFA,
    0x99, 0xF8, 0xBB, 0xFA, 0x9A, 0xF8, 0xBB, 0xFA,
    0x99, 0xF9, 0x99, 0xF8, 0xAB, 0xFA, 0xBC, 0xFB,
    0x9A, 0xF8, 0x98, 0xF7, 0xBA, 0xF8, 0xCB, 0xF9,
    0x76, 0xF4, 0x88, 0xF6, 0xBB, 0xF9, 0xAA, 0xF8,
    0x88, 0xF6, 0x89, 0xF8, 0xAB, 0xFA, 0xAA, 0xF9,
    0x99, 0xF8, 0xAA, 0xF9, 0xDD, 0xFD, 0x9A, 0xF9,
    0xAB, 0xFA, 0x78, 0xF7, 0x89, 0xF8, 0xAA, 0xF9,
    0xAA, 0xF9, 0xAA, 0xF9, 0x99, 0xF7, 0xCC, 0xFB,
    0xA9, 0xF7, 0x87, 0xF5, 0x98, 0xF6, 0xBA, 0xF9,
    0xBB, 0xFA, 0xAA, 0xF9, 0xBB, 0xFB, 0xAB, 0xFA,
    0xAA, 0xF9, 0x9A, 0xF9, 0x89, 0xF8, 0x99, 0xF9,
    0x22, 0xF2, 0x41, 0xF1, 0x96, 0xF5, 0xB8, 0xF7,
    0x94, 0xF3, 0xB7, 0xF6, 0xCB, 0xF8, 0xC8, 0xF6,
    0xDA, 0xF7, 0xB7, 0xF4, 0xA4, 0xF1, 0xA5, 0xF3,
    0xA5, 0xF4, 0x74, 0xF4, 0x98, 0xF8, 0xBB, 0xFB,
    0xAA, 0xFA, 0xAA, 0xFA, 0xBB, 0xFA, 0xAA, 0xFA,
    0xAA, 0xF9, 0x9A, 0xF8, 0xBC, 0xFB, 0xAB, 0xFA,
    0xAA, 0xFA, 0x9A, 0xF9, 0x99, 0xF8, 0x99, 0xF8,
    0xA9, 0xF8, 0xBB, 0xF9, 0xBA, 0xF9, 0x98, 0xF6,
    0x65, 0xF3, 0xA9, 0xF7, 0xBB, 0xFA, 0x88, 0xF7,
    0x99, 0xF8, 0x99, 0xF9, 0xAA, 0xF9, 0xAB, 0xFA,
    0xBB, 0xFA, 0xAA, 0xF9, 0x99, 0xF8, 0x89, 0xF8,
    0x99, 0xF8, 0x99, 0xF8, 0x89, 0xF8, 0x89, 0xF8,
    0xBB, 0xFA, 0x99, 0xF8, 0xCC, 0xFA, 0xBB, 0xFA,
    0xA9, 0xF8, 0x76, 0xF5, 0x99, 0xF7, 0xBB, 0xF9,
    0x9A, 0xF8, 0x9A, 0xF9, 0x99, 0xF8, 0xBB, 0xFA,
    0xAA, 0xFA, 0xBC, 0xFB, 0xAB, 0xFA, 0x9A, 0xF8,
    0xBB, 0xFA, 0xAA, 0xFA, 0x99, 0xF8, 0x99, 0xF9,
    0xAA, 0xF9, 0x9A, 0xF9, 0xBB, 0xFA, 0x87, 0xF6,
    0xBA, 0xF8, 0xA9, 0xF7, 0x86, 0xF5, 0x98, 0xF7,
    0xBB, 0xFA, 0xAB, 0xFA, 0xAB, 0xFA, 0xAA, 0xFA,
    0x89, 0xF8, 0x45, 0xF3, 0x56, 0xF2, 0x89, 0xF5,
    0x56, 0xF4, 0x11, 0xF1, 0x56, 0xF2, 0xCC, 0xF3,
    0xDC, 0xF2, 0xDC, 0xF3, 0xED, 0xF6, 0xCC, 0xF5,
    0x87, 0xF2, 0xDC, 0xF8, 0x98, 0xF4, 0x85, 0xF4,
    0x64, 0xF3, 0x55, 0xF2, 0x77, 0xF4, 0x66, 0xF3,
    0x11, 0xF0, 0x8A, 0xFB, 0x9A, 0xFA, 0xBB, 0xFB,
    0x9A, 0xF9, 0x9A, 0xF9, 0x9A, 0xF9, 0xBB, 0xFA,
    0xAA, 0xF9, 0xBB, 0xFB, 0xBB, 0xFA, 0xAA, 0xFA,
    0xAB, 0xFA, 0x88, 0xF7, 0xBA, 0xF8, 0xBA, 0xF8,
    0x76, 0xF4, 0x87, 0xF5, 0x99, 0xF7, 0x88, 0xF7,
    0x88, 0xF8, 0x78, 0xF7, 0x88, 0xF7, 0x78, 0xF7,
    0x77, 0xF7, 0x88, 0xF7, 0x99, 0xF8, 0x88, 0xF7,
    0x99, 0xF8, 0x99, 0xF8, 0x9A, 0xF9, 0x9A, 0xFA,
    0x89, 0xF9, 0xAA, 0xF9, 0xAA, 0xF8, 0x88, 0xF6,
    0xDD, 0xFA, 0x98, 0xF6, 0x97, 0xF5, 0xBA, 0xF8,
    0xCC, 0xFA, 0x99, 0xF8, 0x99, 0xF9, 0x77, 0xF8,
    0x45, 0xF6, 0x12, 0xF3, 0x22, 0xF4, 0x22, 0xF4,
    0x23, 0xF3, 0x13, 0xF3, 0x22, 0xF4, 0x22, 0xF3,
    0x23, 0xF3, 0x13, 0xF3, 0x13, 0xF3, 0x22, 0xF4,
    0x22, 0xF2, 0xAA, 0xF9, 0xBA, 0xF9, 0x98, 0xF7,
    0xA9, 0xF8, 0xDE, 0xFD, 0xEF, 0xFE, 0xEF, 0xFF,
    0xEF, 0xFF, 0xEF, 0xFF, 0xEF, 0xFE, 0xEF, 0xFF,
    0xEF, 0xFF, 0xEF, 0xFF, 0xDD, 0xFE, 0x23, 0xF3,
    0x88, 0xF7, 0xAA, 0xF9, 0x44, 0xF4, 0x9A, 0xF7,
    0xCC, 0xF8, 0xBA, 0xF5, 0x98, 0xF4, 0x87, 0xF5,
    0xAA, 0xF7, 0x88, 0xF4, 0x33, 0xF1, 0x78, 0xF7,
    0xAB, 0xFA, 0x44, 0xF4, 0x32, 0xF1, 0xBA, 0xF6,
    0xED, 0xF8, 0x55, 0xF3, 0x22, 0xF4, 0x23, 0xF4,
    0x23, 0xF4, 0x22, 0xF5, 0x23, 0xF5, 0x23, 0xF4,
    0x23, 0xF4, 0x23, 0xF5, 0x23, 0xF3, 0x77, 0xF5,
    0xCC, 0xF9, 0xA8, 0xF6, 0x98, 0xF7, 0x43, 0xF3,
    0x33, 0xF5, 0x23, 0xF5, 0x23, 0xF5, 0x23, 0xF4,
    0x99, 0xF8, 0xAA, 0xFA, 0xAB, 0xFA, 0x99, 0xF8,
    0xBB, 0xFA, 0xBB, 0xFA, 0x9A, 0xF9, 0xBC, 0xFB,
    0x9A, 0xF9, 0xBB, 0xFA, 0xAB, 0xFA, 0xAA, 0xF9,
    0x89, 0xF7, 0x88, 0xF7, 0x98, 0xF6, 0x65, 0xF3,
    0x87, 0xF5, 0xBB, 0xF9, 0xAA, 0xF9, 0xAB, 0xF9,
    0xAA, 0xF9, 0xAB, 0xF9, 0xAB, 0xFA, 0xAB, 0xFA,
    0xAB, 0xFA, 0xAA, 0xFA, 0xAA, 0xF9, 0xAA, 0xF9,
    0xBB, 0xFA, 0x99, 0xF8, 0xAB, 0xFA, 0xAA, 0xF9,
    0xAA, 0xF9, 0xBB, 0xFA, 0xBB, 0xFA, 0xAA, 0xF8,
    0x87, 0xF5, 0x76, 0xF3, 0xCB, 0xFA, 0xBB, 0xFA,
    0xCC, 0xFC, 0xAB, 0xFA, 0xCD, 0xFB, 0xAB, 0xFA,
    0xBC, 0xFB, 0xBC, 0xFB, 0xBB, 0xFA, 0xBB, 0xFA,
    0x65, 0xF4, 0x21, 0xF0, 0x11, 0xF0, 0x76, 0xF6,
    0x85, 0xF5, 0xA7, 0xF6, 0xDA, 0xF8, 0xC8, 0xF5,
    0xC9, 0xF6, 0xB8, 0xF6, 0x94, 0xF1, 0xA6, 0xF4,
    0x74, 0xF3, 0x53, 0xF3, 0x99, 0xF8, 0xBC, 0xFB,
    0xAB, 0xFA, 0xBC, 0xFB, 0xAB, 0xFA, 0xAA, 0xF9,
    0x9A, 0xF9, 0xCC, 0xFB, 0xAB, 0xFA, 0x99, 0xF8,
    0xAA, 0xF9, 0xBB, 0xFB, 0x9A, 0xF9, 0xAA, 0xFA,
    0xA9, 0xF8, 0xA9, 0xF7, 0x98, 0xF6, 0x65, 0xF2,
    0x98, 0xF6, 0xAA, 0xF9, 0x99, 0xF9, 0xAB, 0xFA,
    0xAA, 0xF9, 0x88, 0xF7, 0x88, 0xF7, 0xAB, 0xFA,
    0xAA, 0xF9, 0xBB, 0xFA, 0x99, 0xF8, 0x9A, 0xF9,
    0x9A, 0xF9, 0xAA, 0xF9, 0x9A, 0xF9, 0x99, 0xF9,
    0xAA, 0xFA, 0x99, 0xF9, 0x99, 0xF8, 0xA9, 0xF8,
    0x65, 0xF2, 0x88, 0xF6, 0xBB, 0xFA, 0x88, 0xF7,
    0x9A, 0xF9, 0xAA, 0xFA, 0x89, 0xF8, 0xBB, 0xFA,
    0xBB, 0xFB, 0xBB, 0xFB, 0xAA, 0xFA, 0x99, 0xF9,
    0x99, 0xF8, 0xAA, 0xF9, 0x99, 0xF9, 0x99, 0xF8,
    0x9A, 0xF9, 0x9A, 0xF9, 0x89, 0xF8, 0xAA, 0xF9,
    0x97, 0xF6, 0x74, 0xF3, 0x98, 0xF6, 0xCC, 0xFB,
    0xBC, 0xFB, 0xAB, 0xFA, 0xAA, 0xF9, 0xBB, 0xFB,
    0xAA, 0xFA, 0x44, 0xF4, 0x55, 0xF3, 0x77, 0xF4,
    0xAB, 0xF8, 0x88, 0xF6, 0x33, 0xF1, 0x21, 0xF0,
    0x76, 0xF2, 0xBB, 0xF5, 0xDD, 0xF7, 0xCC, 0xF5,
    0x97, 0xF0, 0x86, 0xF2, 0x75, 0xF3, 0x53, 0xF2,
    0x66, 0xF3, 0xBB, 0xF6, 0x99, 0xF2, 0x66, 0xF1,
    0x11, 0xF1, 0x8A, 0xFA, 0xAB, 0xFB, 0xBB, 0xFB,
    0xAA, 0xFA, 0xBC, 0xFB, 0xBC, 0xFB, 0xAB, 0xFA,
    0xAB, 0xFA, 0x99, 0xF9, 0xAA, 0xF9, 0x99, 0xF8,
    0x89, 0xF8, 0x88, 0xF8, 0x87, 0xF6, 0x64, 0xF2,
    0x87, 0xF5, 0x99, 0xF7, 0x89, 0xF8, 0x9A, 0xF9,
    0x89, 0xF8, 0x88, 0xF7, 0x9A, 0xF9, 0x89, 0xF8,
    0x88, 0xF8, 0x99, 0xF9, 0x99, 0xF8, 0x89, 0xF8,
    0x78, 0xF7, 0x78, 0xF7, 0x99, 0xF8, 0x78, 0xF7,
    0x99, 0xF9, 0xBB, 0xFB, 0x99, 0xF9, 0xAA, 0xF9,
    0x65, 0xF4, 0x86, 0xF4, 0xA9, 0xF6, 0xA9, 0xF7,
    0xAB, 0xFA, 0x9A, 0xFA, 0x89, 0xF8, 0x78, 0xF8,
    0x45, 0xF6, 0x23, 0xF4, 0x22, 0xF4, 0x22, 0xF4,
    0x23, 0xF3, 0x23, 0xF3, 0x22, 0xF3, 0x22, 0xF4,
    0x22, 0xF4, 0x22, 0xF3, 0x22, 0xF3, 0x12, 0xF4,
    0x22, 0xF3, 0x54, 0xF4, 0x86, 0xF5, 0xAA, 0xF8,
    0xBC, 0xFB, 0xDE, 0xFD, 0xEF, 0xFE, 0xEF, 0xFF,
    0xEF, 0xFF, 0xEF, 0xFF, 0xEF, 0xFF, 0xEF, 0xFF,
    0xEF, 0xFF, 0xEF, 0xFF, 0xDE, 0xFE, 0x34, 0xF4,
    0x56, 0xF5, 0x9A, 0xF9, 0x66, 0xF6, 0x56, 0xF4,
    0xDD, 0xF9, 0xBA, 0xF5, 0xA9, 0xF6, 0xA8, 0xF5,
    0xCB, 0xF6, 0x88, 0xF1, 0x98, 0xF3, 0x78, 0xF4,
    0x88, 0xF7, 0xBC, 0xFB, 0x44, 0xF3, 0x99, 0xF5,
    0xDD, 0xF7, 0x77, 0xF3, 0x23, 0xF3, 0x22, 0xF4,
    0x23, 0xF4, 0x23, 0xF4, 0x23, 0xF4, 0x23, 0xF4,
    0x23, 0xF4, 0x23, 0xF5, 0x23, 0xF4, 0x33, 0xF2,
    0x86, 0xF3, 0xCA, 0xF8, 0x54, 0xF3, 0x33, 0xF5,
    0x23, 0xF5, 0x23, 0xF5, 0x23, 0xF5, 0x23, 0xF4,
    0x9A, 0xF9, 0x78, 0xF7, 0x88, 0xF7, 0xAA, 0xF9,
    0xAA, 0xF9, 0xAB, 0xFA, 0x9A, 0xF9, 0x88, 0xF7,
    0x88, 0xF7, 0x9A, 0xF9, 0xBB, 0xFB, 0xBB, 0xFA,
    0xAA, 0xF9, 0xBC, 0xFB, 0x65, 0xF4, 0xBA, 0xF9,
    0xCC, 0xFA, 0xAA, 0xF9, 0xAA, 0xF9, 0xAA, 0xF9,
    0xAA, 0xFA, 0xAB, 0xF9, 0xAA, 0xF9, 0xBB, 0xFB,
    0xAA, 0xF9, 0xAA, 0xF9, 0x89, 0xF8, 0xCC, 0xFB,
    0xBB, 0xFA, 0x99, 0xF9, 0xCC, 0xFB, 0xBC, 0xFB,
    0xAA, 0xFA, 0xBC, 0xFB, 0x9A, 0xF8, 0x66, 0xF4,
    0x77, 0xF5, 0xCB, 0xF9, 0x88, 0xF7, 0xAB, 0xFA,
    0xAB, 0xFA, 0xAB, 0xFA, 0xAA, 0xF9, 0xAB, 0xFA,
    0x9A, 0xF9, 0x99, 0xF8, 0xCD, 0xFC, 0xAA, 0xF9,
    0x77, 0xF6, 0x64, 0xF3, 0x42, 0xF1, 0x20, 0xF0,
    0x30, 0xF0, 0x75, 0xF4, 0xDA, 0xF9, 0xD8, 0xF5,
    0xA6, 0xF4, 0x85, 0xF2, 0x96, 0xF4, 0x62, 0xF1,
    0x62, 0xF1, 0xB9, 0xF8, 0x98, 0xF8, 0x9A, 0xF9,
    0x9A, 0xF9, 0xAB, 0xFA, 0x9A, 0xF9, 0xBC, 0xFB,
    0xCD, 0xFB, 0xAA, 0xF9, 0xBB, 0xFA, 0xAA, 0xF9,
    0xBB, 0xFB, 0xAA, 0xF9, 0xAA, 0xFA, 0xAB, 0xFA,
    0x9A, 0xF8, 0x88, 0xF6, 0x54, 0xF2, 0xA9, 0xF6,
    0xAA, 0xF9, 0xAA, 0xFA, 0xAA, 0xFA, 0x99, 0xF9,
    0x9A, 0xF9, 0xAB, 0xFA, 0x89, 0xF8, 0xBC, 0xFB,
    0xAA, 0xFA, 0x9A, 0xF9, 0x99, 0xF8, 0x9A, 0xF9,
    0xAA, 0xF9, 0x99, 0xF8, 0x9A, 0xF9, 0x99, 0xF9,
    0xAA, 0xF9, 0xAA, 0xF9, 0xA9, 0xF8, 0x64, 0xF2,
    0xA9, 0xF7, 0xCC, 0xFA, 0xBB, 0xFA, 0xBB, 0xFB,
    0xBC, 0xFB, 0xAB, 0xFA, 0xAA, 0xF9, 0x99, 0xF8,
    0x9A, 0xF9, 0xAA, 0xFA, 0x9A, 0xF9, 0x99, 0xF8,
    0x89, 0xF8, 0xAA, 0xF9, 0xAB, 0xFA, 0xAB, 0xFA,
    0x99, 0xF8, 0xCC, 0xFC, 0xCC, 0xFC, 0xAA, 0xF9,
    0x54, 0xF3, 0xBB, 0xF8, 0xBB, 0xF8, 0xBB, 0xFA,
    0x9A, 0xF9, 0xBB, 0xFB, 0x99, 0xF9, 0xBC, 0xFB,
    0xAA, 0xFA, 0x55, 0xF5, 0x66, 0xF5, 0x55, 0xF3,
    0x88, 0xF5, 0xBB, 0xF4, 0xCC, 0xF3, 0x98, 0xF2,
    0x32, 0xF0, 0x22, 0xF0, 0x87, 0xF5, 0xCB, 0xF7,
    0x87, 0xF0, 0x54, 0xF0, 0xBA, 0xF7, 0xCB, 0xF8,
    0xBA, 0xF6, 0xBA, 0xF5, 0xAA, 0xF3, 0x77, 0xF1,
    0x11, 0xF1, 0x67, 0xF7, 0xAB, 0xFB, 0x99, 0xF9,
    0xAA, 0xFA, 0xAA, 0xFA, 0xAA, 0xFA, 0xAA, 0xFA,
    0x9A, 0xF9, 0x9A, 0xFA, 0xAA, 0xF9, 0x77, 0xF7,
    0x99, 0xF9, 0xBB, 0xFB, 0x87, 0xF6, 0x97, 0xF5,
    0xCB, 0xF8, 0x99, 0xF7, 0x9A, 0xF9, 0x9A, 0xF9,
    0x89, 0xF9, 0x89, 0xF8, 0x89, 0xF8, 0x9A, 0xF9,
    0x9A, 0xF9, 0xAA, 0xFA, 0x88, 0xF8, 0x88, 0xF8,
    0x99, 0xF9, 0x88, 0xF8, 0x88, 0xF7, 0x99, 0xF8,
    0xAA, 0xFA, 0x99, 0xF9, 0x99, 0xF9, 0xAA, 0xF9,
    0x65, 0xF3, 0xDC, 0xF9, 0xBA, 0xF8, 0x9A, 0xF9,
    0x9A, 0xF9, 0xBC, 0xFB, 0x9A, 0xF9, 0x89, 0xF9,
    0x67, 0xF7, 0x22, 0xF4, 0x12, 0xF4, 0x22, 0xF4,
    0x22, 0xF3, 0x22, 0xF3, 0x22, 0xF4, 0x22, 0xF4,
    0x22, 0xF4, 0x22, 0xF3, 0x12, 0xF3, 0x12, 0xF3,
    0x22, 0xF3, 0x43, 0xF3, 0xBB, 0xF8, 0xDD, 0xFA,
    0xBC, 0xFB, 0xDE, 0xFE, 0xEF, 0xFE, 0xEF, 0xFF,
    0xEF, 0xFF, 0xEF, 0xFF, 0xEF, 0xFF, 0xEF, 0xFF,
    0xEF, 0xFF, 0xEF, 0xFF, 0xDE, 0xFE, 0x34, 0xF5,
    0x34, 0xF4, 0xAA, 0xF9, 0x78, 0xF7, 0x22, 0xF1,
    0xCD, 0xFB, 0xBC, 0xF8, 0x55, 0xF2, 0x99, 0xF6,
    0xED, 0xF9, 0x87, 0xF0, 0x99, 0xF1, 0xBB, 0xF6,
    0xAB, 0xF7, 0x78, 0xF7, 0xBB, 0xFA, 0xA9, 0xF6,
    0xEE, 0xF8, 0x99, 0xF5, 0x23, 0xF2, 0x22, 0xF4,
    0x23, 0xF5, 0x23, 0xF5, 0x23, 0xF5, 0x23, 0xF5,
    0x23, 0xF5, 0x23, 0xF5, 0x23, 0xF5, 0x33, 0xF3,
    0x77, 0xF4, 0xEE, 0xFA, 0x76, 0xF5, 0x33, 0xF6,
    0x23, 0xF5, 0x23, 0xF5, 0x23, 0xF5, 0x23, 0xF5,
    0xAA, 0xF9, 0x99, 0xF8, 0x89, 0xF8, 0xBB, 0xFA,
    0x99, 0xF8, 0xAB, 0xFA, 0xAB, 0xFA, 0x99, 0xF8,
    0xAB, 0xFA, 0x89, 0xF8, 0xBB, 0xFB, 0xBB, 0xFA,
    0xAA, 0xF9, 0xAA, 0xF9, 0x88, 0xF6, 0xDD, 0xFB,
    0xAA, 0xF9, 0xBC, 0xFA, 0xBB, 0xFA, 0xAA, 0xFA,
    0x9A, 0xF9, 0x99, 0xF8, 0xAA, 0xF9, 0x9A, 0xF9,
    0x9A, 0xF9, 0x9A, 0xF9, 0x99, 0xF9, 0x9A, 0xF9,
    0xAA, 0xF9, 0xAA, 0xF9, 0xBB, 0xFB, 0x99, 0xF9,
    0x99, 0xF8, 0xAA, 0xFA, 0x99, 0xF8, 0x77, 0xF5,
    0xDD, 0xFB, 0xBB, 0xF9, 0xCC, 0xFB, 0xAB, 0xFA,
    0x9A, 0xFA, 0xAA, 0xFA, 0x99, 0xF8, 0xBB, 0xFA,
    0xAA, 0xFA, 0x9A, 0xF9, 0xBB, 0xFB, 0xBC, 0xFB,
    0x88, 0xF7, 0x53, 0xF2, 0x85, 0xF4, 0x75, 0xF4,
    0x54, 0xF3, 0x30, 0xF0, 0xB8, 0xF7, 0xC7, 0xF5,
    0x85, 0xF3, 0xDC, 0xF9, 0xAA, 0xF7, 0x74, 0xF2,
    0xA6, 0xF5, 0xB8, 0xF7, 0xA8, 0xF8, 0xAA, 0xF9,
    0xBB, 0xFB, 0xAB, 0xFA, 0xBC, 0xFB, 0xAB, 0xFA,
    0xAB, 0xFA, 0x9A, 0xF9, 0xAB, 0xFA, 0xAA, 0xF9,
    0xAB, 0xFA, 0x9A, 0xF9, 0xAA, 0xFA, 0xAA, 0xFA,
    0xAA, 0xF9, 0x88, 0xF6, 0xCB, 0xF8, 0xDC, 0xFA,
    0x99, 0xF8, 0x9A, 0xF9, 0x9A, 0xF9, 0xAA, 0xF9,
    0x99, 0xF9, 0x9A, 0xF9, 0xAB, 0xFA, 0x9A, 0xF9,
    0xAA, 0xFA, 0xAA, 0xF9, 0x99, 0xF8, 0xAA, 0xF9,
    0x9A, 0xF9, 0xAB, 0xFA, 0xAB, 0xFA, 0xAB, 0xFA,
    0xBB, 0xFB, 0xAA, 0xF9, 0x99, 0xF8, 0x88, 0xF6,
    0xDD, 0xFB, 0xBA, 0xF8, 0xAB, 0xF9, 0xAA, 0xFA,
    0x9A, 0xF9, 0x9A, 0xF9, 0xAA, 0xF9, 0xAB, 0xFA,
    0x9A, 0xF9, 0xBC, 0xFB, 0x99, 0xF8, 0x99, 0xF9,
    0x99, 0xF8, 0xBB, 0xFB, 0x9A, 0xF9, 0xAA, 0xFA,
    0x89, 0xF8, 0x89, 0xF8, 0x9A, 0xF9, 0x99, 0xF7,
    0x98, 0xF7, 0xDD, 0xFA, 0xAA, 0xF7, 0xAB, 0xF9,
    0xAA, 0xFA, 0xAB, 0xFB, 0xAA, 0xFA, 0x9A, 0xFA,
    0xAB, 0xFA, 0x78, 0xF6, 0x56, 0xF4, 0x76, 0xF2,
    0xA9, 0xF2, 0xCB, 0xF1, 0xED, 0xF0, 0xDD, 0xF1,
    0xDC, 0xF2, 0x99, 0xF4, 0x32, 0xF1, 0x33, 0xF1,
    0x65, 0xF1, 0x43, 0xF1, 0xDC, 0xF9, 0xDC, 0xF8,
    0xBA, 0xF5, 0xBA, 0xF5, 0xAA, 0xF3, 0x87, 0xF1,
    0x11, 0xF0, 0x33, 0xF4, 0xAB, 0xFC, 0x9A, 0xFA,
    0x88, 0xF8, 0x99, 0xF9, 0xAB, 0xFB, 0x99, 0xF9,
    0x99, 0xF8, 0xAB, 0xFA, 0x99, 0xF8, 0xAA, 0xFA,
    0x99, 0xF9, 0x9A, 0xF9, 0x99, 0xF7, 0xA9, 0xF6,
    0xDC, 0xF9, 0x98, 0xF6, 0x88, 0xF7, 0x88, 0xF7,
    0x89, 0xF8, 0x88, 0xF7, 0x88, 0xF8, 0x89, 0xF8,
    0x99, 0xF9, 0x89, 0xF8, 0x99, 0xF9, 0x9A, 0xF9,
    0x99, 0xF8, 0x99, 0xF9, 0x78, 0xF7, 0x89, 0xF8,
    0x88, 0xF8, 0x89, 0xF9, 0x99, 0xF9, 0x9A, 0xF8,
    0xA9, 0xF6, 0xDD, 0xF9, 0xAA, 0xF8, 0x9A, 0xF9,
    0x9A, 0xF9, 0x89, 0xF8, 0x99, 0xF8, 0x9A, 0xF9,
    0x67, 0xF7, 0x34, 0xF5, 0x12, 0xF4, 0x22, 0xF4,
    0x22, 0xF3, 0x22, 0xF3, 0x22, 0xF4, 0x22, 0xF4,
    0x22, 0xF4, 0x22, 0xF3, 0x12, 0xF3, 0x12, 0xF3,
    0x12, 0xF3, 0x66, 0xF5, 0xCC, 0xF9, 0xDC, 0xFA,
    0xCC, 0xFB, 0xDE, 0xFD, 0xEF, 0xFF, 0xEF, 0xFF,
    0xEF, 0xFF, 0xEF, 0xFE, 0xEF, 0xFE, 0xEF, 0xFE,
    0xEF, 0xFF, 0xEF, 0xFF, 0xDE, 0xFE, 0x34, 0xF5,
    0x11, 0xF3, 0x9A, 0xF9, 0x88, 0xF7, 0x11, 0xF1,
    0x88, 0xF7, 0x56, 0xF4, 0x88, 0xF6, 0xCC, 0xF9,
    0xDC, 0xF8, 0x87, 0xF1, 0xA9, 0xF1, 0xAA, 0xF3,
    0xBB, 0xF7, 0x77, 0xF5, 0x9A, 0xF8, 0xAA, 0xF7,
    0xDD, 0xF7, 0xBC, 0xF6, 0x23, 0xF2, 0x22, 0xF4,
    0x22, 0xF5, 0x23, 0xF5, 0x23, 0xF5, 0x23, 0xF5,
    0x22, 0xF5, 0x23, 0xF5, 0x23, 0xF4, 0x22, 0xF3,
    0x99, 0xF7, 0xEE, 0xFA, 0x77, 0xF6, 0x23, 0xF5,
    0x23, 0xF5, 0x23, 0xF5, 0x23, 0xF5, 0x23, 0xF5,
    0xAB, 0xFA, 0xAA, 0xF9, 0x99, 0xF8, 0x99, 0xF9,
    0x99, 0xF8, 0xAA, 0xF9, 0xBB, 0xFA, 0x99, 0xF9,
    0xAA, 0xF9, 0xAB, 0xFA, 0xBB, 0xFA, 0xAA, 0xF9,
    0xBB, 0xFA, 0xAA, 0xF9, 0xAA, 0xF8, 0xAA, 0xF8,
    0xCB, 0xFA, 0xCC, 0xFA, 0xAA, 0xF8, 0x99, 0xF8,
    0xAA, 0xF9, 0x99, 0xF8, 0xBB, 0xFB, 0xAA, 0xFA,
    0x99, 0xF8, 0xAA, 0xF9, 0xCC, 0xFC, 0xBB, 0xFB,
    0x99, 0xF8, 0xAA, 0xF9, 0x89, 0xF8, 0xAA, 0xFA,
    0x99, 0xF8, 0xAA, 0xF9, 0x99, 0xF7, 0xBA, 0xF8,
    0xCB, 0xF9, 0xDD, 0xFB, 0xAA, 0xF8, 0xAA, 0xF9,
    0xBB, 0xFA, 0xCC, 0xFB, 0xAA, 0xFA, 0x99, 0xF8,
    0xAA, 0xFA, 0x9A, 0xF9, 0x99, 0xF9, 0xAB, 0xFA,
    0xBC, 0xFA, 0x77, 0xF5, 0x75, 0xF3, 0x74, 0xF3,
    0x74, 0xF3, 0x62, 0xF2, 0x96, 0xF6, 0xB8, 0xF6,
    0xA8, 0xF6, 0xDD, 0xFA, 0xCB, 0xF8, 0xB8, 0xF5,
    0xA6, 0xF4, 0xDA, 0xF9, 0xB8, 0xF8, 0xBA, 0xF9,
    0xAB, 0xFA, 0xBC, 0xFB, 0xAB, 0xFA, 0xAB, 0xFA,
    0xAB, 0xFA, 0x9A, 0xF9, 0xBB, 0xFA, 0xBB, 0xFB,
    0xAB, 0xFA, 0xBB, 0xFA, 0x9A, 0xF9, 0xAA, 0xFA,
    0xAA, 0xF9, 0xAA, 0xF8, 0xCB, 0xF9, 0xDC, 0xFA,
    0xCC, 0xFA, 0xAA, 0xF9, 0xAA, 0xF9, 0xAA, 0xF9,
    0xAB, 0xFA, 0x99, 0xF9, 0xBC, 0xFB, 0x9A, 0xF9,
    0xAA, 0xF9, 0xBB, 0xFA, 0x99, 0xF8, 0x9A, 0xF9,
    0xAA, 0xFA, 0x9A, 0xF9, 0x9A, 0xF9, 0xAB, 0xFA,
    0x99, 0xF8, 0xA9, 0xF8, 0xA9, 0xF7, 0xBA, 0xF8,
    0xCC, 0xFA, 0xBA, 0xF8, 0xBB, 0xF9, 0xBC, 0xFB,
    0xBB, 0xFB, 0xCC, 0xFC, 0xAB, 0xFA, 0xBC, 0xFB,
    0xAA, 0xF9, 0xAB, 0xFA, 0xBB, 0xFA, 0xAA, 0xF9,
    0xAA, 0xF9, 0xAA, 0xFA, 0xBC, 0xFB, 0xAA, 0xFA,
    0x9A, 0xFA, 0xAB, 0xFB, 0x99, 0xF8, 0xBB, 0xFA,
    0xBA, 0xF8, 0xBB, 0xF8, 0xCB, 0xF9, 0xAA, 0xF9,
    0xAA, 0xF9, 0xCC, 0xFC, 0xAA, 0xFA, 0x9A, 0xF9,
    0xBC, 0xFA, 0x9A, 0xF9, 0x33, 0xF2, 0x76, 0xF2,
    0x98, 0xF0, 0xCB, 0xF0, 0xED, 0xF1, 0xED, 0xF0,
    0xED, 0xF0, 0xDD, 0xF4, 0xBB, 0xF7, 0x21, 0xF1,
    0x31, 0xF1, 0x98, 0xF6, 0xDC, 0xF9, 0xCB, 0xF7,
    0xCB, 0xF7, 0xCB, 0xF6, 0x98, 0xF3, 0x98, 0xF2,
    0x22, 0xF0, 0x12, 0xF2, 0x9B, 0xFB, 0x9A, 0xFA,
    0x88, 0xF8, 0x99, 0xF9, 0xAA, 0xFA, 0xAA, 0xFA,
    0x9A, 0xF9, 0x9A, 0xF9, 0x88, 0xF7, 0xBB, 0xFB,
    0x99, 0xF9, 0x99, 0xF8, 0x99, 0xF7, 0xDC, 0xF9,
    0xA9, 0xF6, 0xBB, 0xF9, 0xA9, 0xF8, 0x98, 0xF8,
    0x88, 0xF7, 0x88, 0xF8, 0x89, 0xF8, 0x88, 0xF8,
    0x88, 0xF8, 0x99, 0xF9, 0x9A, 0xF9, 0x88, 0xF8,
    0x99, 0xF9, 0x89, 0xF8, 0x88, 0xF7, 0x89, 0xF8,
    0x88, 0xF7, 0x99, 0xF9, 0xAB, 0xFA, 0x99, 0xF7,
    0xCB, 0xF8, 0xBA, 0xF8, 0xBA, 0xF8, 0xA9, 0xF7,
    0xAA, 0xF9, 0x99, 0xF9, 0x9A, 0xF9, 0x89, 0xF8,
    0x78, 0xF8, 0x56, 0xF7, 0x22, 0xF4, 0x12, 0xF4,
    0x22, 0xF3, 0x22, 0xF2, 0x22, 0xF3, 0x22, 0xF3,
    0x22, 0xF3, 0x22, 0xF3, 0x22, 0xF3, 0x12, 0xF3,
    0x33, 0xF2, 0xBB, 0xF9, 0xBA, 0xF9, 0xAA, 0xF8,
    0xDD, 0xFB, 0xDE, 0xFD, 0xEF, 0xFE, 0xEF, 0xFF,
    0xEF, 0xFF, 0xEF, 0xFE, 0xEF, 0xFE, 0xEF, 0xFE,
    0xEF, 0xFF, 0xEF, 0xFF, 0xDE, 0xFE, 0x33, 0xF5,
    0x11, 0xF4, 0x78, 0xF7, 0xAB, 0xF9, 0x22, 0xF2,
    0x22, 0xF2, 0x99, 0xF6, 0xAA, 0xF6, 0xCC, 0xF8,
    0xBC, 0xF8, 0xCC, 0xF7, 0x98, 0xF0, 0xA9, 0xF2,
    0xBB, 0xF6, 0x78, 0xF5, 0x55, 0xF4, 0xBB, 0xF9,
    0xDD, 0xF7, 0xCC, 0xF6, 0x33, 0xF2, 0x22, 0xF3,
    0x22, 0xF5, 0x23, 0xF5, 0x22, 0xF5, 0x23, 0xF5,
    0x22, 0xF5, 0x23, 0xF4, 0x23, 0xF3, 0x88, 0xF6,
    0xEE, 0xFB, 0x98, 0xF6, 0xDD, 0xFB, 0x77, 0xF6,
    0x33, 0xF4, 0x33, 0xF4, 0x23, 0xF5, 0x23, 0xF5,
    0xBC, 0xFA, 0xAA, 0xF9, 0xAA, 0xF9, 0x99, 0xF8,
    0xAB, 0xFA, 0xBB, 0xFB, 0xAA, 0xF9, 0xBC, 0xFB,
    0xAB, 0xFA, 0xAB, 0xFA, 0xAA, 0xF9, 0xAA, 0xF8,
    0xBA, 0xF9, 0x88, 0xF7, 0xAA, 0xF9, 0xA9, 0xF8,
    0x98, 0xF7, 0xCB, 0xF9, 0xBA, 0xF9, 0xBA, 0xF9,
    0x99, 0xF8, 0xAA, 0xFA, 0xCC, 0xFB, 0x9A, 0xF9,
    0x88, 0xF8, 0x99, 0xF9, 0x89, 0xF8, 0x88, 0xF7,
    0x89, 0xF8, 0x9A, 0xF9, 0x88, 0xF8, 0x89, 0xF8,
    0xAA, 0xF9, 0xAA, 0xF9, 0x98, 0xF7, 0xBA, 0xF8,
    0xA9, 0xF7, 0x98, 0xF6, 0xBB, 0xF9, 0xA9, 0xF8,
    0xBB, 0xFA, 0x99, 0xF8, 0xAB, 0xFA, 0xAB, 0xFA,
    0xAA, 0xFA, 0xAA, 0xFA, 0x9A, 0xF9, 0xAB, 0xFA,
    0xBC, 0xFB, 0x9A, 0xF8, 0x55, 0xF3, 0x86, 0xF4,
    0x72, 0xF1, 0x61, 0xF1, 0x97, 0xF7, 0x96, 0xF5,
    0xCB, 0xF9, 0xA8, 0xF6, 0xB8, 0xF6, 0xDA, 0xF7,
    0xA6, 0xF4, 0xC9, 0xF8, 0xB8, 0xF7, 0xCB, 0xFA,
    0xBB, 0xFA, 0x9A, 0xF9, 0xAB, 0xFA, 0x9A, 0xF9,
    0xBB, 0xFA, 0xAB, 0xFA, 0xBC, 0xFB, 0xBB, 0xFB,
    0x9A, 0xF9, 0xAB, 0xFA, 0x99, 0xF8, 0x99, 0xF8,
    0x98, 0xF8, 0xAA, 0xF8, 0xBA, 0xF8, 0x99, 0xF7,
    0xCC, 0xFA, 0xCB, 0xF9, 0xBA, 0xF9, 0xBB, 0xFA,
    0xBB, 0xFA, 0x99, 0xF8, 0x99, 0xF9, 0x89, 0xF8,
    0x99, 0xF9, 0x78, 0xF7, 0xAA, 0xF9, 0xBB, 0xFA,
    0x9A, 0xF9, 0x9A, 0xF9, 0x99, 0xF8, 0x99, 0xF9,
    0x99, 0xF8, 0xA9, 0xF8, 0x98, 0xF7, 0xBA, 0xF9,
    0xBA, 0xF9, 0xBB, 0xF9, 0xBA, 0xF8, 0xBA, 0xF9,
    0xAA, 0xF9, 0x9A, 0xF9, 0xAA, 0xFA, 0xAA, 0xF9,
    0x99, 0xF8, 0xBB, 0xFA, 0xBB, 0xFA, 0xAA, 0xF9,
    0xBB, 0xFA, 0xBC, 0xFB, 0xAB, 0xFA, 0xBB, 0xFA,
    0xAB, 0xFA, 0xBC, 0xFB, 0xCC, 0xFB, 0x99, 0xF7,
    0xBB, 0xF9, 0x98, 0xF6, 0xA9, 0xF8, 0xBA, 0xF9,
    0xBB, 0xFA, 0x99, 0xF9, 0xAB, 0xFA, 0xBB, 0xFB,
    0xBB, 0xFA, 0xBC, 0xFB, 0x34, 0xF3, 0x77, 0xF3,
    0x87, 0xF0, 0xBA, 0xF0, 0xDC, 0xF0, 0xED, 0xF0,
    0xDC, 0xF0, 0xDD, 0xF5, 0x66, 0xF3, 0x21, 0xF0,
    0x97, 0xF6, 0xBA, 0xF6, 0xBA, 0xF3, 0xBA, 0xF5,
    0xCA, 0xF7, 0xCC, 0xF8, 0x66, 0xF3, 0x99, 0xF3,
    0x54, 0xF0, 0x11, 0xF1, 0x9A, 0xFB, 0x89, 0xFA,
    0x99, 0xF9, 0x9A, 0xFA, 0x89, 0xF9, 0x89, 0xF8,
    0xAA, 0xFA, 0x89, 0xF8, 0x88, 0xF7, 0x99, 0xF9,
    0x88, 0xF7, 0x98, 0xF7, 0xBB, 0xF9, 0x99, 0xF7,
    0x88, 0xF6, 0x88, 0xF6, 0xBA, 0xF9, 0x98, 0xF7,
    0xAA, 0xF9, 0x99, 0xF9, 0x89, 0xF8, 0x88, 0xF8,
    0x88, 0xF8, 0x88, 0xF8, 0x89, 0xF8, 0x77, 0xF7,
    0x88, 0xF7, 0x78, 0xF7, 0x78, 0xF7, 0x88, 0xF7,
    0x99, 0xF9, 0x88, 0xF8, 0xAA, 0xF8, 0xBA, 0xF8,
    0xAA, 0xF8, 0xBA, 0xF9, 0x98, 0xF6, 0xCA, 0xF7,
    0xCA, 0xF8, 0xAA, 0xFA, 0xAA, 0xFA, 0xAA, 0xFA,
    0x89, 0xF9, 0x56, 0xF7, 0x23, 0xF4, 0x12, 0xF3,
    0x22, 0xF2, 0x22, 0xF2, 0x22, 0xF3, 0x22, 0xF3,
    0x22, 0xF3, 0x22, 0xF3, 0x22, 0xF3, 0x33, 0xF3,
    0xBB, 0xFA, 0xAA, 0xF9, 0x66, 0xF6, 0xA9, 0xF9,
    0x99, 0xF8, 0xDD, 0xFC, 0xEF, 0xFE, 0xEF, 0xFF,
    0xEF, 0xFE, 0xEF, 0xFF, 0xEF, 0xFF, 0xEF, 0xFF,
    0xEF, 0xFF, 0xEF, 0xFF, 0xDE, 0xFE, 0x23, 0xF5,
    0x11, 0xF4, 0x56, 0xF6, 0x88, 0xF7, 0x22, 0xF1,
    0x22, 0xF0, 0xBB, 0xF8, 0xCB, 0xF8, 0x99, 0xF5,
    0x87, 0xF3, 0xBB, 0xF7, 0xCB, 0xF6, 0x98, 0xF3,
    0xBA, 0xF6, 0x88, 0xF5, 0x34, 0xF3, 0xCC, 0xFA,
    0xCC, 0xF6, 0xDD, 0xF8, 0x33, 0xF2, 0x22, 0xF3,
    0x22, 0xF4, 0x22, 0xF5, 0x23, 0xF5, 0x23, 0xF5,
    0x23, 0xF5, 0x23, 0xF3, 0x67, 0xF5, 0xDD, 0xFB,
    0x98, 0xF6, 0x42, 0xF2, 0x77, 0xF5, 0xDE, 0xFB,
    0x77, 0xF6, 0x33, 0xF3, 0x23, 0xF4, 0x23, 0xF4,
    0x99, 0xF8, 0x99, 0xF9, 0xAA, 0xF9, 0xBB, 0xFB,
    0x99, 0xF8, 0xAA, 0xFA, 0xAA, 0xF9, 0xAB, 0xFA,
    0xCC, 0xFC, 0xAA, 0xF9, 0xAA, 0xF8, 0xAA, 0xF8,
    0x88, 0xF6, 0x99, 0xF8, 0x98, 0xF8, 0xAA, 0xF9,
    0xAA, 0xF8, 0x87, 0xF5, 0xBA, 0xF9, 0xCC, 0xFB,
    0x99, 0xF8, 0x89, 0xF8, 0x9A, 0xF9, 0xAB, 0xFB,
    0xAB, 0xFA, 0xBB, 0xFB, 0x99, 0xF9, 0x99, 0xF8,
    0xAB, 0xFA, 0xAB, 0xFA, 0xAB, 0xFA, 0x9A, 0xF9,
    0x99, 0xF7, 0x98, 0xF6, 0x98, 0xF6, 0xA9, 0xF7,
    0x99, 0xF8, 0xBC, 0xFA, 0x99, 0xF7, 0xCC, 0xFA,
    0xAA, 0xF8, 0x99, 0xF8, 0x89, 0xF8, 0x89, 0xF8,
    0xAA, 0xFA, 0xAA, 0xF9, 0xAB, 0xFA, 0xAB, 0xFA,
    0xAA, 0xFA, 0xBB, 0xFA, 0xA9, 0xF8, 0xDB, 0xF8,
    0xA7, 0xF5, 0x50, 0xF0, 0x65, 0xF4, 0xCA, 0xF9,
    0xA8, 0xF6, 0xA7, 0xF5, 0x93, 0xF1, 0xC8, 0xF5,
    0xCA, 0xF7, 0xB8, 0xF6, 0xC9, 0xF8, 0xBA, 0xF9,
    0xCD, 0xFC, 0x9A, 0xF9, 0xAA, 0xFA, 0xBB, 0xFA,
    0xAA, 0xF9, 0xAA, 0xF9, 0x9A, 0xF9, 0x88, 0xF8,
    0x89, 0xF8, 0xAA, 0xF9, 0xAA, 0xF9, 0x98, 0xF6,
    0x98, 0xF6, 0x99, 0xF7, 0xCC, 0xFB, 0xAA, 0xF8,
    0xAA, 0xF8, 0xBA, 0xF9, 0xBA, 0xF9, 0xBB, 0xFA,
    0xBB, 0xFA, 0xAA, 0xFA, 0xAB, 0xFA, 0xAA, 0xFA,
    0xBC, 0xFC, 0xBB, 0xFB, 0x99, 0xF8, 0xAA, 0xF9,
    0x9A, 0xF9, 0x99, 0xF8, 0xAB, 0xFA, 0x99, 0xF9,
    0x88, 0xF7, 0x97, 0xF6, 0x98, 0xF7, 0x98, 0xF7,
    0xCC, 0xFB, 0xAA, 0xF8, 0xA9, 0xF7, 0xBA, 0xF8,
    0xA9, 0xF8, 0x99, 0xF8, 0xAB, 0xFA, 0x9A, 0xF9,
    0x99, 0xF8, 0x9A, 0xF9, 0xBC, 0xFA, 0x9A, 0xF8,
    0x99, 0xF8, 0x89, 0xF8, 0x9A, 0xF9, 0x9A, 0xF9,
    0xBC, 0xFA, 0xAA, 0xF9, 0x98, 0xF7, 0x99, 0xF7,
    0x99, 0xF7, 0xAA, 0xF9, 0xCB, 0xFA, 0x77, 0xF5,
    0xBA, 0xF9, 0xBA, 0xF9, 0xAA, 0xF9, 0xAA, 0xFA,
    0xAB, 0xFA, 0xCC, 0xFB, 0x88, 0xF7, 0x66, 0xF3,
    0x77, 0xF2, 0xBA, 0xF0, 0xDC, 0xF0, 0xED, 0xF0,
    0xED, 0xF0, 0x76, 0xF0, 0x31, 0xF0, 0x87, 0xF5,
    0xBA, 0xF7, 0x98, 0xF2, 0xBA, 0xF1, 0xCB, 0xF5,
    0xA9, 0xF5, 0xA9, 0xF5, 0x98, 0xF4, 0xAA, 0xF4,
    0x77, 0xF0, 0x21, 0xF1, 0x8A, 0xFA, 0x9A, 0xFA,
    0x78, 0xF7, 0x89, 0xF8, 0x78, 0xF8, 0x88, 0xF8,
    0x88, 0xF8, 0x99, 0xF9, 0x9A, 0xF9, 0x99, 0xF8,
    0xA9, 0xF8, 0xBA, 0xF9, 0xAA, 0xF8, 0x88, 0xF7,
    0x77, 0xF6, 0x88, 0xF6, 0x87, 0xF5, 0xBA, 0xF8,
    0x98, 0xF7, 0x88, 0xF7, 0x99, 0xF9, 0x99, 0xF9,
    0xBB, 0xFA, 0x9A, 0xF9, 0x9A, 0xF9, 0x99, 0xF8,
    0x89, 0xF8, 0x88, 0xF8, 0x99, 0xF8, 0x9A, 0xF9,
    0x88, 0xF7, 0x88, 0xF7, 0xAA, 0xF8, 0xA9, 0xF7,
    0x99, 0xF7, 0x99, 0xF8, 0xAA, 0xF9, 0xA9, 0xF7,
    0xBA, 0xF8, 0xBA, 0xF8, 0xAA, 0xF8, 0x99, 0xF8,
    0x88, 0xF8, 0x67, 0xF7, 0x34, 0xF5, 0x12, 0xF3,
    0x22, 0xF3, 0x22, 0xF4, 0x22, 0xF4, 0x22, 0xF3,
    0x22, 0xF3, 0x22, 0xF3, 0x33, 0xF3, 0xAA, 0xF9,
    0xBB, 0xFA, 0x65, 0xF6, 0x56, 0xF7, 0x89, 0xFA,
    0x99, 0xFA, 0x88, 0xF8, 0xDD, 0xFC, 0xEF, 0xFF,
    0xEF, 0xFF, 0xEF, 0xFE, 0xEF, 0xFF, 0xEF, 0xFF,
    0xEF, 0xFF, 0xEF, 0xFF, 0xDE, 0xFE, 0x22, 0xF5,
    0x11, 0xF5, 0x12, 0xF3, 0x23, 0xF3, 0x77, 0xF7,
    0x66, 0xF4, 0xCB, 0xF9, 0x98, 0xF6, 0x98, 0xF6,
    0x88, 0xF4, 0x87, 0xF3, 0xBA, 0xF6, 0xCB, 0xF7,
    0xBA, 0xF6, 0x88, 0xF5, 0x23, 0xF1, 0xAB, 0xF8,
    0xBB, 0xF6, 0xDD, 0xF7, 0x66, 0xF3, 0x22, 0xF3,
    0x22, 0xF4, 0x22, 0xF5, 0x23, 0xF4, 0x23, 0xF4,
    0x23, 0xF4, 0x76, 0xF5, 0xDC, 0xFA, 0x88, 0xF7,
    0x32, 0xF3, 0x23, 0xF4, 0x33, 0xF4, 0x66, 0xF5,
    0xCC, 0xFB, 0x88, 0xF7, 0x33, 0xF3, 0x23, 0xF4,
    0xBA, 0xF9, 0x98, 0xF8, 0x99, 0xF8, 0x89, 0xF8,
    0x99, 0xF8, 0xBC, 0xFB, 0xAA, 0xF9, 0xAB, 0xFA,
    0x89, 0xF8, 0x99, 0xF8, 0xA9, 0xF7, 0x77, 0xF5,
    0x88, 0xF6, 0xAA, 0xF9, 0xAA, 0xFA, 0xBB, 0xFB,
    0xBC, 0xFB, 0x99, 0xF8, 0x99, 0xF7, 0xBB, 0xF9,
    0x9A, 0xF8, 0x88, 0xF7, 0x99, 0xF8, 0x88, 0xF8,
    0xBC, 0xFB, 0x9A, 0xF9, 0x99, 0xF8, 0x9A, 0xF9,
    0xBC, 0xFB, 0x89, 0xF8, 0xAA, 0xF9, 0xCC, 0xFA,
    0x98, 0xF6, 0x98, 0xF6, 0xA9, 0xF7, 0x9A, 0xF9,
    0x99, 0xF9, 0xBB, 0xFA, 0x99, 0xF7, 0x99, 0xF7,
    0xBB, 0xF9, 0xAA, 0xF8, 0xBC, 0xFB, 0x99, 0xF8,
    0x99, 0xF9, 0xAA, 0xFA, 0xAB, 0xFA, 0xAA, 0xF9,
    0x99, 0xF9, 0xBB, 0xFA, 0xDC, 0xFB, 0xEC, 0xF9,
    0xB8, 0xF6, 0x74, 0xF3, 0xA9, 0xF8, 0x87, 0xF6,
    0xA8, 0xF7, 0xA6, 0xF5, 0xA3, 0xF2, 0xC6, 0xF4,
    0xB7, 0xF4, 0xCA, 0xF8, 0xC8, 0xF7, 0xCA, 0xF9,
    0xBA, 0xF9, 0xAA, 0xFA, 0xAB, 0xFA, 0xBB, 0xFA,
    0xBB, 0xFA, 0x89, 0xF8, 0x9A, 0xF9, 0x9A, 0xF9,
    0x89, 0xF8, 0xAA, 0xF9, 0xAA, 0xF9, 0x98, 0xF6,
    0x99, 0xF6, 0xAA, 0xF9, 0xBC, 0xFB, 0x9A, 0xF9,
    0xAA, 0xF9, 0x88, 0xF6, 0xA9, 0xF7, 0xBB, 0xF9,
    0x88, 0xF7, 0x9A, 0xF9, 0xAB, 0xFA, 0xAB, 0xFA,
    0x9A, 0xF9, 0x99, 0xF8, 0xCC, 0xFC, 0xAB, 0xFA,
    0x99, 0xF9, 0x88, 0xF7, 0xA9, 0xF9, 0xAA, 0xF9,
    0x87, 0xF6, 0x98, 0xF6, 0xA9, 0xF8, 0x99, 0xF8,
    0xBB, 0xFB, 0xBB, 0xFA, 0xA9, 0xF8, 0x98, 0xF6,
    0xA9, 0xF7, 0xBB, 0xF9, 0x9A, 0xF9, 0xBC, 0xFB,
    0xAB, 0xFA, 0xCC, 0xFB, 0xAA, 0xF9, 0x99, 0xF8,
    0xAB, 0xF9, 0xAA, 0xF9, 0xAA, 0xF9, 0xAA, 0xF9,
    0xBA, 0xF9, 0xA9, 0xF8, 0x98, 0xF7, 0xAA, 0xF8,
    0xAB, 0xF9, 0xBC, 0xFB, 0xBB, 0xFA, 0xAA, 0xF9,
    0x99, 0xF7, 0x99, 0xF7, 0xBA, 0xF8, 0xBB, 0xFA,
    0xAB, 0xFA, 0xBC, 0xFB, 0xAB, 0xFA, 0x44, 0xF3,
    0x77, 0xF4, 0x98, 0xF0, 0xCB, 0xF1, 0xED, 0xF1,
    0xED, 0xF1, 0xDC, 0xF5, 0x87, 0xF4, 0xBA, 0xF8,
    0x64, 0xF2, 0x87, 0xF1, 0xA9, 0xF2, 0xCB, 0xF5,
    0xBA, 0xF6, 0xCB, 0xF7, 0xB9, 0xF5, 0xCA, 0xF5,
    0xA9, 0xF3, 0x22, 0xF1, 0x67, 0xF7, 0xBC, 0xFC,
    0x9A, 0xFA, 0x99, 0xF9, 0x89, 0xF8, 0x89, 0xF8,
    0x99, 0xF9, 0x89, 0xF8, 0xAA, 0xF9, 0xA9, 0xF8,
    0xBB, 0xF9, 0xA9, 0xF8, 0xAA, 0xF9, 0x78, 0xF7,
    0x77, 0xF7, 0x88, 0xF7, 0x87, 0xF6, 0x86, 0xF5,
    0xBA, 0xF8, 0x98, 0xF6, 0x98, 0xF7, 0x99, 0xF8,
    0x89, 0xF8, 0x99, 0xF8, 0x9A, 0xF9, 0xAB, 0xFA,
    0xAA, 0xFA, 0x9A, 0xF9, 0x9A, 0xF9, 0x99, 0xF8,
    0x98, 0xF7, 0x99, 0xF7, 0xA9, 0xF8, 0x99, 0xF7,
    0x89, 0xF7, 0x78, 0xF7, 0x9A, 0xF9, 0xBB, 0xFA,
    0x87, 0xF5, 0xBA, 0xF7, 0xBB, 0xF9, 0xBB, 0xFA,
    0xAA, 0xF9, 0x89, 0xF8, 0x46, 0xF6, 0x23, 0xF3,
    0x12, 0xF4, 0x12, 0xF5, 0x22, 0xF5, 0x22, 0xF4,
    0x22, 0xF3, 0x33, 0xF3, 0xAA, 0xF9, 0xAA, 0xF9,
    0x33, 0xF3, 0x55, 0xF7, 0x34, 0xF7, 0x34, 0xF7,
    0x44, 0xF6, 0x44, 0xF5, 0x78, 0xF7, 0xDE, 0xFC,
    0xEF, 0xFF, 0xEF, 0xFF, 0xEF, 0xFF, 0xEF, 0xFF,
    0xEF, 0xFF, 0xEF, 0xFF, 0xDE, 0xFE, 0x12, 0xF5,
    0x11, 0xF5, 0x12, 0xF4, 0x22, 0xF3, 0x99, 0xF8,
    0xBA, 0xF8, 0x76, 0xF5, 0x55, 0xF3, 0x43, 0xF1,
    0x22, 0xF0, 0x33, 0xF1, 0x55, 0xF3, 0xBA, 0xF7,
    0xCC, 0xF8, 0x99, 0xF6, 0x23, 0xF0, 0x99, 0xF7,
    0xBB, 0xF6, 0xDD, 0xF7, 0x88, 0xF4, 0x32, 0xF2,
    0x23, 0xF4, 0x23, 0xF5, 0x23, 0xF4, 0x22, 0xF3,
    0x77, 0xF6, 0xCB, 0xFA, 0x88, 0xF6, 0x33, 0xF3,
    0x23, 0xF5, 0x23, 0xF5, 0x23, 0xF5, 0x33, 0xF4,
    0x55, 0xF4, 0xCD, 0xFC, 0x9A, 0xF9, 0x23, 0xF3,
    0xB9, 0xF8, 0x87, 0xF6, 0x99, 0xF8, 0x89, 0xF8,
    0x89, 0xF8, 0xAA, 0xFA, 0x89, 0xF8, 0xAB, 0xFA,
    0xAA, 0xF9, 0xAA, 0xF8, 0x87, 0xF5, 0x87, 0xF5,
    0xAA, 0xF9, 0x9A, 0xF9, 0xAA, 0xFA, 0x99, 0xF9,
    0x9A, 0xF9, 0xBC, 0xFB, 0xBB, 0xFA, 0x99, 0xF7,
    0xA9, 0xF7, 0xAA, 0xF8, 0xCC, 0xFC, 0x99, 0xF9,
    0x9A, 0xF9, 0xCD, 0xFC, 0x99, 0xF8, 0xAA, 0xFA,
    0x89, 0xF8, 0x9A, 0xF9, 0x98, 0xF7, 0x87, 0xF5,
    0x87, 0xF5, 0xAA, 0xF8, 0x99, 0xF8, 0x78, 0xF7,
    0x89, 0xF9, 0x9A, 0xF9, 0x9A, 0xF9, 0xAA, 0xF8,
    0x98, 0xF6, 0xA9, 0xF7, 0xAA, 0xF8, 0xBB, 0xF9,
    0xBC, 0xFB, 0xAB, 0xFA, 0xBC, 0xFB, 0x9A, 0xF8,
    0x99, 0xF8, 0xAA, 0xF9, 0xA9, 0xF8, 0xEC, 0xF9,
    0xA7, 0xF5, 0xB8, 0xF6, 0x76, 0xF5, 0x76, 0xF6,
    0x32, 0xF1, 0x96, 0xF5, 0xA4, 0xF3, 0xC6, 0xF4,
    0xA6, 0xF4, 0xA8, 0xF5, 0xCA, 0xF7, 0xB9, 0xF8,
    0xBA, 0xF9, 0xAA, 0xF9, 0xAB, 0xFA, 0xBB, 0xFA,
    0xAA, 0xF9, 0x9A, 0xF9, 0x99, 0xF9, 0xAB, 0xFA,
    0x9A, 0xF8, 0xBB, 0xF9, 0x87, 0xF5, 0x98, 0xF6,
    0xAA, 0xF8, 0xAA, 0xF9, 0xAA, 0xFA, 0x99, 0xF9,
    0x88, 0xF8, 0x9A, 0xF8, 0x99, 0xF7, 0xA9, 0xF7,
    0xA9, 0xF8, 0xAA, 0xF9, 0xAB, 0xFA, 0xCD, 0xFC,
    0xAB, 0xFA, 0xAA, 0xFA, 0x99, 0xF9, 0x9A, 0xF9,
    0x89, 0xF8, 0xAA, 0xF9, 0xAA, 0xF9, 0x98, 0xF6,
    0x98, 0xF6, 0xBA, 0xF9, 0xCB, 0xFA, 0xAA, 0xF9,
    0x99, 0xF8, 0x99, 0xF8, 0xCD, 0xFC, 0x98, 0xF7,
    0x87, 0xF5, 0xCB, 0xF9, 0xCC, 0xFB, 0xCC, 0xFB,
    0xDE, 0xFD, 0xDE, 0xFD, 0xDD, 0xFD, 0xBC, 0xFB,
    0xAA, 0xFA, 0xBB, 0xFA, 0x99, 0xF8, 0xBA, 0xFA,
    0xA9, 0xF8, 0x87, 0xF6, 0xAA, 0xF9, 0xBB, 0xFA,
    0x99, 0xF9, 0x88, 0xF8, 0x89, 0xF8, 0x9A, 0xFA,
    0xAA, 0xF8, 0x98, 0xF6, 0xA9, 0xF7, 0xBA, 0xF8,
    0xCC, 0xFB, 0xBB, 0xFA, 0xCD, 0xFB, 0x11, 0xF0,
    0x66, 0xF3, 0x87, 0xF0, 0xBA, 0xF0, 0xED, 0xF3,
    0xED, 0xF3, 0xCA, 0xF3, 0xA8, 0xF3, 0xA8, 0xF5,
    0x44, 0xF1, 0x21, 0xF0, 0x66, 0xF2, 0xBA, 0xF7,
    0xAA, 0xF7, 0xDD, 0xF9, 0xBA, 0xF7, 0xBA, 0xF6,
    0xCC, 0xF6, 0x32, 0xF1, 0x45, 0xF6, 0x9A, 0xFB,
    0x9A, 0xFA, 0x9A, 0xF9, 0x9A, 0xF9, 0xAB, 0xFA,
    0x89, 0xF8, 0x99, 0xF8, 0x98, 0xF7, 0xAA, 0xF8,
    0xA9, 0xF7, 0x99, 0xF8, 0x89, 0xF9, 0x89, 0xF8,
    0x89, 0xF8, 0x89, 0xF8, 0x78, 0xF7, 0x98, 0xF7,
    0x98, 0xF6, 0xBA, 0xF8, 0x99, 0xF7, 0x99, 0xF8,
    0x88, 0xF7, 0x9A, 0xF9, 0x9A, 0xF9, 0x9A, 0xF9,
    0x99, 0xF8, 0x99, 0xF9, 0xAA, 0xF9, 0xB9, 0xF8,
    0xA8, 0xF6, 0x98, 0xF6, 0xAA, 0xF9, 0xAA, 0xF9,
    0xAB, 0xF9, 0xAB, 0xF9, 0xAB, 0xFA, 0xAB, 0xFA,
    0x89, 0xF7, 0xA9, 0xF7, 0xBB, 0xF8, 0xBB, 0xF9,
    0x9A, 0xF8, 0xAA, 0xFA, 0x78, 0xF7, 0x35, 0xF5,
    0x12, 0xF4, 0x12, 0xF5, 0x12, 0xF4, 0x22, 0xF3,
    0x33, 0xF3, 0xAA, 0xF9, 0x99, 0xF8, 0x33, 0xF2,
    0x22, 0xF3, 0x45, 0xF7, 0x34, 0xF7, 0x56, 0xF8,
    0x68, 0xF9, 0x56, 0xF7, 0x34, 0xF4, 0x77, 0xF6,
    0xDD, 0xFC, 0xEF, 0xFF, 0xEF, 0xFF, 0xEF, 0xFF,
    0xEF, 0xFF, 0xEF, 0xFF, 0xDE, 0xFE, 0x12, 0xF5,
    0x11, 0xF4, 0x11, 0xF2, 0x77, 0xF5, 0xAA, 0xF8,
    0x66, 0xF4, 0x34, 0xF2, 0xCC, 0xF9, 0xAA, 0xF8,
    0x88, 0xF6, 0x44, 0xF2, 0x22, 0xF0, 0x32, 0xF1,
    0xA9, 0xF8, 0xCC, 0xFA, 0x44, 0xF3, 0x88, 0xF6,
    0xAA, 0xF7, 0xCD, 0xF6, 0x88, 0xF4, 0x32, 0xF2,
    0x22, 0xF4, 0x13, 0xF5, 0x13, 0xF4, 0x77, 0xF6,
    0xDD, 0xFB, 0x88, 0xF7, 0x23, 0xF3, 0x23, 0xF4,
    0x23, 0xF5, 0x23, 0xF5, 0x23, 0xF5, 0x23, 0xF5,
    0x23, 0xF5, 0x45, 0xF5, 0xCD, 0xFC, 0x9A, 0xF9,
    0x87, 0xF5, 0xA9, 0xF7, 0xCC, 0xFA, 0xAA, 0xF9,
    0xBB, 0xFA, 0xAA, 0xFA, 0xBB, 0xFB, 0xA9, 0xF8,
    0x98, 0xF7, 0x76, 0xF4, 0x88, 0xF6, 0x99, 0xF7,
    0xAB, 0xFA, 0x99, 0xF8, 0x9A, 0xF9, 0x9A, 0xF9,
    0x99, 0xF9, 0xAB, 0xFA, 0x88, 0xF7, 0xAB, 0xF9,
    0x88, 0xF6, 0xA9, 0xF7, 0xCA, 0xF9, 0x88, 0xF7,
    0x78, 0xF7, 0x9A, 0xF9, 0x9A, 0xFA, 0x9A, 0xFA,
    0x99, 0xF8, 0x88, 0xF6, 0x87, 0xF5, 0x77, 0xF4,
    0x99, 0xF7, 0xAA, 0xF9, 0x88, 0xF8, 0x88, 0xF8,
    0x88, 0xF8, 0x78, 0xF7, 0x9A, 0xF9, 0x88, 0xF7,
    0xAA, 0xF8, 0x98, 0xF6, 0xBA, 0xF8, 0x98, 0xF7,
    0xAA, 0xF9, 0xAA, 0xFA, 0xAB, 0xFA, 0xAB, 0xFA,
    0x99, 0xF9, 0x99, 0xF9, 0xA9, 0xF8, 0xCA, 0xF8,
    0xA6, 0xF5, 0x63, 0xF2, 0x97, 0xF7, 0xC9, 0xF9,
    0x64, 0xF4, 0x31, 0xF1, 0x74, 0xF3, 0xC7, 0xF6,
    0xB6, 0xF6, 0xA6, 0xF5, 0x97, 0xF5, 0xBA, 0xF8,
    0xBB, 0xFA, 0xBB, 0xFA, 0xBC, 0xFB, 0xAB, 0xFA,
    0xAA, 0xFA, 0xAB, 0xFA, 0xBB, 0xFA, 0xAA, 0xF8,
    0x99, 0xF7, 0x87, 0xF6, 0x98, 0xF6, 0xCC, 0xFA,
    0xBB, 0xF9, 0xBB, 0xFA, 0xBB, 0xFA, 0xAB, 0xFA,
    0xAA, 0xF9, 0x89, 0xF8, 0xCC, 0xFB, 0x99, 0xF7,
    0x99, 0xF7, 0xAA, 0xF8, 0x98, 0xF7, 0x99, 0xF8,
    0x9A, 0xF9, 0xAB, 0xFA, 0xBC, 0xFB, 0x99, 0xF8,
    0x88, 0xF7, 0xA9, 0xF8, 0x77, 0xF5, 0x87, 0xF5,
    0xAA, 0xF8, 0x99, 0xF8, 0x99, 0xF8, 0xBC, 0xFB,
    0x99, 0xF8, 0x99, 0xF8, 0xBB, 0xFA, 0xBB, 0xFA,
    0xAA, 0xF9, 0xA9, 0xF8, 0xBB, 0xF9, 0xBB, 0xFA,
    0x9A, 0xF9, 0xAB, 0xFA, 0x9A, 0xF9, 0xBB, 0xFB,
    0x99, 0xF8, 0xBA, 0xFA, 0xA9, 0xF8, 0x87, 0xF7,
    0x76, 0xF5, 0x98, 0xF7, 0xBB, 0xFA, 0xBC, 0xFB,
    0xAA, 0xFA, 0xAA, 0xFA, 0x99, 0xF9, 0xAA, 0xFA,
    0x99, 0xF8, 0xCC, 0xFB, 0x88, 0xF6, 0x98, 0xF7,
    0xCB, 0xFA, 0xAA, 0xF8, 0xDD, 0xFA, 0x56, 0xF4,
    0x45, 0xF2, 0x77, 0xF0, 0xB9, 0xF1, 0xDB, 0xF3,
    0xB9, 0xF2, 0x97, 0xF1, 0xCB, 0xF5, 0xAA, 0xF5,
    0x77, 0xF1, 0x66, 0xF1, 0x32, 0xF0, 0x43, 0xF3,
    0x88, 0xF7, 0xDD, 0xFA, 0xAB, 0xF7, 0x65, 0xF2,
    0xBA, 0xF6, 0xA9, 0xF7, 0x22, 0xF2, 0xAA, 0xFA,
    0x9A, 0xFA, 0x9A, 0xFA, 0x89, 0xF8, 0x99, 0xF8,
    0x98, 0xF8, 0xAA, 0xF8, 0xAA, 0xF8, 0x99, 0xF7,
    0x99, 0xF8, 0xAA, 0xF9, 0x78, 0xF7, 0x99, 0xF9,
    0x89, 0xF8, 0x9A, 0xF9, 0x88, 0xF8, 0x89, 0xF8,
    0xAA, 0xF8, 0x88, 0xF6, 0xBA, 0xF8, 0xCB, 0xFA,
    0x99, 0xF8, 0x77, 0xF7, 0x89, 0xF9, 0x89, 0xF8,
    0x89, 0xF8, 0x88, 0xF7, 0x98, 0xF7, 0x98, 0xF7,
    0x98, 0xF7, 0xA9, 0xF7, 0x89, 0xF8, 0x89, 0xF8,
    0xAB, 0xFA, 0xAA, 0xFA, 0x78, 0xF8, 0x9A, 0xF9,
    0xAA, 0xF9, 0xAA, 0xF9, 0x88, 0xF7, 0xBB, 0xF8,
    0xAB, 0xF8, 0x99, 0xF8, 0x78, 0xF8, 0x56, 0xF7,
    0x23, 0xF5, 0x12, 0xF4, 0x22, 0xF2, 0x44, 0xF4,
    0xAA, 0xF9, 0x99, 0xF8, 0x22, 0xF2, 0x22, 0xF2,
    0x12, 0xF3, 0x45, 0xF7, 0x56, 0xF8, 0x9A, 0xFB,
    0xBC, 0xFD, 0xDE, 0xFE, 0xBC, 0xFB, 0x55, 0xF5,
    0x77, 0xF6, 0xDD, 0xFB, 0xEF, 0xFE, 0xEF, 0xFF,
    0xEF, 0xFF, 0xEF, 0xFF, 0xDE, 0xFE, 0x22, 0xF4,
    0x21, 0xF2, 0x88, 0xF6, 0xAA, 0xF7, 0x99, 0xF7,
    0x88, 0xF7, 0x12, 0xF2, 0xBB, 0xF8, 0xAA, 0xF6,
    0xAA, 0xF6, 0x89, 0xF3, 0x77, 0xF2, 0x33, 0xF0,
    0x22, 0xF1, 0x99, 0xF8, 0xBB, 0xFA, 0x76, 0xF4,
    0xBA, 0xF6, 0xCB, 0xF6, 0x99, 0xF6, 0x23, 0xF3,
    0x22, 0xF4, 0x22, 0xF3, 0x78, 0xF6, 0xCC, 0xFB,
    0x77, 0xF6, 0x23, 0xF3, 0x23, 0xF4, 0x22, 0xF4,
    0x23, 0xF4, 0x23, 0xF4, 0x23, 0xF5, 0x23, 0xF5,
    0x23, 0xF5, 0x23, 0xF5, 0x44, 0xF5, 0xCC, 0xFB,
    0x77, 0xF5, 0x88, 0xF6, 0xA9, 0xF7, 0xA9, 0xF8,
    0x88, 0xF7, 0x9A, 0xF9, 0xAA, 0xF9, 0xBA, 0xF9,
    0x75, 0xF4, 0x99, 0xF7, 0x99, 0xF8, 0x89, 0xF8,
    0xAB, 0xFA, 0x88, 0xF8, 0x88, 0xF7, 0x99, 0xF8,
    0x9A, 0xF9, 0x88, 0xF8, 0x89, 0xF8, 0x9A, 0xF9,
    0x99, 0xF8, 0xA9, 0xF6, 0xA9, 0xF7, 0xCB, 0xFA,
    0xAA, 0xF9, 0xAA, 0xFA, 0x78, 0xF7, 0x88, 0xF8,
    0x77, 0xF5, 0x76, 0xF4, 0x76, 0xF4, 0x87, 0xF5,
    0xAB, 0xF9, 0x99, 0xF9, 0x99, 0xF9, 0x99, 0xF8,
    0xAB, 0xFA, 0xAA, 0xFA, 0x9A, 0xFA, 0x99, 0xF9,
    0x9A, 0xF9, 0x98, 0xF7, 0x98, 0xF7, 0xBA, 0xF8,
    0xBB, 0xF9, 0x99, 0xF8, 0xAB, 0xFA, 0xBC, 0xFB,
    0xAA, 0xF9, 0xCC, 0xFB, 0x99, 0xF8, 0x87, 0xF5,
    0x74, 0xF3, 0x64, 0xF4, 0xB9, 0xF9, 0xC8, 0xF8,
    0xB8, 0xF8, 0x65, 0xF5, 0x30, 0xF0, 0x96, 0xF6,
    0xB6, 0xF6, 0xA6, 0xF6, 0xCA, 0xF9, 0x98, 0xF7,
    0xBB, 0xF9, 0xAA, 0xF8, 0xBB, 0xFA, 0x9A, 0xF9,
    0xBC, 0xFC, 0xBC, 0xFB, 0x99, 0xF7, 0xBA, 0xF9,
    0x87, 0xF5, 0x99, 0xF7, 0xAA, 0xF9, 0x99, 0xF8,
    0xAB, 0xFA, 0xAB, 0xFA, 0xCC, 0xFB, 0xAA, 0xF9,
    0xAB, 0xFA, 0xAA, 0xFA, 0xBB, 0xFA, 0xAA, 0xF8,
    0x88, 0xF6, 0xBA, 0xF8, 0xBA, 0xF8, 0x88, 0xF7,
    0xBB, 0xFA, 0xAB, 0xFA, 0x89, 0xF8, 0x98, 0xF7,
    0x87, 0xF6, 0x87, 0xF5, 0x87, 0xF5, 0xA9, 0xF8,
    0xAA, 0xF9, 0xBB, 0xFA, 0xAB, 0xFA, 0xBB, 0xFA,
    0x99, 0xF8, 0xCC, 0xFB, 0xBC, 0xFB, 0x9A, 0xF9,
    0xAA, 0xF8, 0xAA, 0xF9, 0x99, 0xF7, 0xAA, 0xF8,
    0xAA, 0xF8, 0xAB, 0xFA, 0x99, 0xF9, 0x88, 0xF8,
    0x99, 0xF8, 0xBB, 0xF9, 0x87, 0xF5, 0x76, 0xF4,
    0xBB, 0xF9, 0x99, 0xF8, 0xBB, 0xFA, 0x9A, 0xF9,
    0xBB, 0xFA, 0xAB, 0xFA, 0x99, 0xF9, 0x99, 0xF9,
    0x99, 0xF9, 0xBB, 0xFB, 0xBB, 0xFA, 0x87, 0xF6,
    0x98, 0xF6, 0xBA, 0xF8, 0xDD, 0xFB, 0x88, 0xF7,
    0x33, 0xF1, 0x76, 0xF3, 0xA8, 0xF3, 0xA8, 0xF1,
    0x96, 0xF1, 0xCB, 0xF5, 0xED, 0xF6, 0xDC, 0xF6,
    0x77, 0xF1, 0x88, 0xF1, 0x98, 0xF3, 0x88, 0xF4,
    0x22, 0xF1, 0x89, 0xF8, 0x99, 0xF7, 0x44, 0xF2,
    0x99, 0xF4, 0xCB, 0xF7, 0xA9, 0xF7, 0x99, 0xF9,
    0x9A, 0xFA, 0x9A, 0xF9, 0xAA, 0xFA, 0x99, 0xF8,
    0xA9, 0xF8, 0xA9, 0xF8, 0x99, 0xF8, 0x9A, 0xF9,
    0x99, 0xF9, 0x88, 0xF8, 0x88, 0xF8, 0x99, 0xF9,
    0xAB, 0xFA, 0xAA, 0xFA, 0x89, 0xF8, 0xAB, 0xFA,
    0xAA, 0xF9, 0xAA, 0xF9, 0x87, 0xF5, 0xBB, 0xF9,
    0x99, 0xF7, 0xAA, 0xFA, 0x9A, 0xF9, 0x99, 0xF9,
    0x9A, 0xF8, 0x87, 0xF5, 0x98, 0xF6, 0x88, 0xF6,
    0x99, 0xF7, 0x88, 0xF7, 0xAA, 0xF9, 0x9A, 0xF9,
    0x9A, 0xF9, 0x89, 0xF9, 0x89, 0xF8, 0x89, 0xF8,
    0x99, 0xF9, 0x99, 0xF9, 0xAB, 0xFA, 0x88, 0xF6,
    0xAB, 0xF8, 0xBB, 0xF9, 0x78, 0xF7, 0x66, 0xF7,
    0x34, 0xF5, 0x22, 0xF2, 0x55, 0xF4, 0xBB, 0xFA,
    0x78, 0xF6, 0x22, 0xF2, 0x22, 0xF2, 0x22, 0xF3,
    0x12, 0xF3, 0x45, 0xF6, 0x46, 0xF7, 0x8A, 0xFA,
    0xBC, 0xFC, 0xCE, 0xFD, 0xEF, 0xFF, 0xDE, 0xFE,
    0x66, 0xF6, 0x67, 0xF5, 0xDE, 0xFC, 0xEF, 0xFF,
    0xEF, 0xFF, 0xEF, 0xFF, 0xDE, 0xFE, 0x33, 0xF3,
    0xA9, 0xF8, 0xAA, 0xF8, 0x44, 0xF2, 0x88, 0xF7,
    0x89, 0xF8, 0x12, 0xF3, 0x89, 0xF6, 0xAB, 0xF7,
    0xAA, 0xF6, 0x88, 0xF1, 0x88, 0xF1, 0x77, 0xF2,
    0x34, 0xF2, 0x22, 0xF2, 0x99, 0xF8, 0xBB, 0xF9,
    0xAA, 0xF6, 0x98, 0xF4, 0x44, 0xF2, 0x22, 0xF2,
    0x33, 0xF3, 0x98, 0xF7, 0xBB, 0xF9, 0x55, 0xF4,
    0x22, 0xF3, 0x22, 0xF4, 0x23, 0xF4, 0x22, 0xF4,
    0x23, 0xF4, 0x23, 0xF4, 0x23, 0xF4, 0x23, 0xF5,
    0x23, 0xF5, 0x23, 0xF5, 0x22, 0xF4, 0x44, 0xF4,
    0x88, 0xF7, 0xBB, 0xFA, 0x86, 0xF5, 0xA9, 0xF7,
    0x88, 0xF6, 0xAA, 0xF8, 0xAA, 0xF8, 0x75, 0xF3,
    0xA9, 0xF7, 0x99, 0xF7, 0x9A, 0xF9, 0xAA, 0xFA,
    0x9A, 0xF9, 0x99, 0xF9, 0x88, 0xF7, 0x89, 0xF8,
    0xAB, 0xFA, 0x99, 0xF9, 0x88, 0xF7, 0xAA, 0xF9,
    0xAA, 0xFA, 0xBB, 0xF9, 0x99, 0xF8, 0xBB, 0xF9,
    0xBB, 0xF9, 0x99, 0xF8, 0xA9, 0xF8, 0x99, 0xF7,
    0x87, 0xF4, 0x87, 0xF5, 0xA9, 0xF8, 0x98, 0xF8,
    0xAA, 0xF9, 0x89, 0xF8, 0xAB, 0xFA, 0x88, 0xF7,
    0xCC, 0xFC, 0x9A, 0xF9, 0xAA, 0xFA, 0x89, 0xF9,
    0x89, 0xF8, 0x78, 0xF7, 0x99, 0xF7, 0x98, 0xF7,
    0xCB, 0xFA, 0xCB, 0xFA, 0xA9, 0xF8, 0xBB, 0xF9,
    0xBB, 0xFA, 0xA9, 0xF8, 0x66, 0xF4, 0xBA, 0xF9,
    0xA8, 0xF7, 0x86, 0xF6, 0xB9, 0xF9, 0xB8, 0xF7,
    0x96, 0xF5, 0x95, 0xF5, 0x62, 0xF2, 0x41, 0xF1,
    0x96, 0xF5, 0xA7, 0xF6, 0xA8, 0xF8, 0xBA, 0xF8,
    0x99, 0xF7, 0xBA, 0xF9, 0xAA, 0xF8, 0xBB, 0xFA,
    0xBB, 0xFA, 0xBB, 0xFA, 0x98, 0xF6, 0x76, 0xF4,
    0xBA, 0xF9, 0xAA, 0xF8, 0xAB, 0xF9, 0x9A, 0xF9,
    0xAA, 0xFA, 0xBB, 0xFA, 0x9A, 0xF9, 0x9A, 0xF9,
    0x88, 0xF8, 0x99, 0xF9, 0xBB, 0xFB, 0x9A, 0xF9,
    0xBA, 0xF9, 0x98, 0xF7, 0xA9, 0xF7, 0xBB, 0xF9,
    0xBB, 0xFA, 0x99, 0xF8, 0xBB, 0xFA, 0xBA, 0xF9,
    0x65, 0xF3, 0x76, 0xF4, 0x88, 0xF6, 0x99, 0xF8,
    0xAA, 0xF9, 0xAB, 0xFA, 0x99, 0xF8, 0x9A, 0xF8,
    0x99, 0xF8, 0xBB, 0xFA, 0xAA, 0xF9, 0x89, 0xF8,
    0xAA, 0xF9, 0xBB, 0xFA, 0xAA, 0xF8, 0xA9, 0xF8,
    0xBA, 0xF8, 0x99, 0xF8, 0xCC, 0xFC, 0x99, 0xF8,
    0xAA, 0xF8, 0x87, 0xF5, 0x87, 0xF5, 0xA9, 0xF8,
    0xAA, 0xF9, 0x99, 0xF8, 0xAA, 0xF9, 0x89, 0xF8,
    0xAA, 0xF9, 0x99, 0xF9, 0x9A, 0xF9, 0x99, 0xF8,
    0x78, 0xF7, 0xAB, 0xFA, 0x9A, 0xF9, 0xA9, 0xF8,
    0x87, 0xF6, 0x97, 0xF6, 0xDC, 0xFA, 0xA9, 0xF7,
    0x22, 0xF0, 0x65, 0xF3, 0x86, 0xF3, 0x85, 0xF1,
    0xBA, 0xF3, 0xED, 0xF5, 0xED, 0xF6, 0xDC, 0xF7,
    0xAA, 0xF4, 0x99, 0xF0, 0x99, 0xF2, 0xCD, 0xF8,
    0x89, 0xF7, 0x22, 0xF1, 0x11, 0xF0, 0x22, 0xF1,
    0xAA, 0xF5, 0xCB, 0xF4, 0xBA, 0xF8, 0xBB, 0xF9,
    0xBB, 0xFA, 0x9A, 0xF9, 0x99, 0xF8, 0xAA, 0xF8,
    0xCB, 0xF9, 0xA9, 0xF8, 0xAA, 0xF9, 0x99, 0xF9,
    0x9A, 0xF9, 0x99, 0xF9, 0x9A, 0xF9, 0x89, 0xF8,
    0x99, 0xF9, 0xAA, 0xFA, 0x89, 0xF8, 0xAB, 0xFA,
    0xBC, 0xFB, 0xBB, 0xFA, 0x9A, 0xF8, 0x99, 0xF6,
    0xBB, 0xF9, 0xAA, 0xF9, 0xAA, 0xF8, 0xAA, 0xF8,
    0x99, 0xF7, 0x98, 0xF5, 0x87, 0xF5, 0x88, 0xF6,
    0x78, 0xF7, 0x89, 0xF8, 0x78, 0xF8, 0x88, 0xF8,
    0x88, 0xF8, 0x89, 0xF8, 0x9A, 0xF9, 0x89, 0xF7,
    0x9A, 0xF9, 0x9A, 0xFA, 0x89, 0xF9, 0x99, 0xF8,
    0x99, 0xF7, 0xAB, 0xF9, 0xAB, 0xFA, 0x66, 0xF6,
    0x44, 0xF4, 0x66, 0xF5, 0xA9, 0xF8, 0x66, 0xF5,
    0x22, 0xF2, 0x22, 0xF2, 0x12, 0xF3, 0x12, 0xF3,
    0x12, 0xF3, 0x45, 0xF6, 0x46, 0xF7, 0x8A, 0xFA,
    0xBC, 0xFB, 0xCD, 0xFD, 0xEF, 0xFF, 0xEF, 0xFF,
    0xDE, 0xFE, 0x56, 0xF5, 0x77, 0xF6, 0xDE, 0xFC,
    0xEF, 0xFE, 0xEF, 0xFF, 0xDE, 0xFE, 0x99, 0xF8,
    0x88, 0xF7, 0x32, 0xF3, 0x21, 0xF3, 0x78, 0xF7,
    0x89, 0xF7, 0x24, 0xF3, 0x44, 0xF4, 0xBC, 0xF9,
    0x89, 0xF4, 0x88, 0xF3, 0x77, 0xF1, 0x88, 0xF1,
    0x88, 0xF5, 0x66, 0xF5, 0x22, 0xF1, 0x99, 0xF7,
    0xBB, 0xF8, 0x55, 0xF3, 0xAA, 0xF8, 0x65, 0xF3,
    0xA9, 0xF7, 0xA9, 0xF8, 0x54, 0xF3, 0x22, 0xF3,
    0x23, 0xF4, 0x22, 0xF4, 0x22, 0xF4, 0x23, 0xF4,
    0x23, 0xF4, 0x23, 0xF3, 0x23, 0xF4, 0x23, 0xF5,
    0x23, 0xF5, 0x23, 0xF4, 0x23, 0xF4, 0x22, 0xF3,
    0x99, 0xF9, 0x99, 0xF8, 0xBB, 0xFA, 0x98, 0xF6,
    0xBA, 0xF8, 0x87, 0xF4, 0x76, 0xF4, 0xAA, 0xF8,
    0xCC, 0xFA, 0xBB, 0xFA, 0xAA, 0xF9, 0xBB, 0xFB,
    0x9A, 0xF9, 0x78, 0xF7, 0xBB, 0xFA, 0x99, 0xF8,
    0xAB, 0xFA, 0xAA, 0xFA, 0x88, 0xF8, 0x99, 0xF9,
    0x89, 0xF8, 0x9A, 0xF9, 0x99, 0xF8, 0x99, 0xF7,
    0xBB, 0xF9, 0xBA, 0xF9, 0x87, 0xF6, 0x65, 0xF3,
    0xA9, 0xF7, 0xAA, 0xF8, 0x98, 0xF8, 0x9A, 0xF9,
    0xAA, 0xFA, 0x99, 0xF8, 0x99, 0xF8, 0x89, 0xF8,
    0x88, 0xF8, 0x89, 0xF8, 0xAB, 0xFA, 0x99, 0xF9,
    0xAA, 0xFA, 0x89, 0xF8, 0x9A, 0xF9, 0xBB, 0xF9,
    0xA9, 0xF8, 0xCB, 0xFA, 0xBA, 0xF8, 0xA9, 0xF7,
    0x87, 0xF5, 0x76, 0xF4, 0xAA, 0xF9, 0xBB, 0xF9,
    0x98, 0xF7, 0x97, 0xF6, 0xC9, 0xF9, 0xA8, 0xF7,
    0xA6, 0xF5, 0xA5, 0xF5, 0x94, 0xF3, 0x96, 0xF5,
    0x30, 0xF0, 0x63, 0xF3, 0xB9, 0xF8, 0xA9, 0xF8,
    0xAA, 0xF8, 0x98, 0xF7, 0xCB, 0xFA, 0xBB, 0xFA,
    0xA9, 0xF8, 0xA9, 0xF8, 0x77, 0xF5, 0xBA, 0xF9,
    0xBB, 0xFA, 0xCC, 0xFB, 0x9A, 0xF9, 0xBB, 0xFB,
    0xAA, 0xF9, 0xBC, 0xFB, 0x89, 0xF8, 0xAA, 0xF9,
    0x99, 0xF9, 0x99, 0xF9, 0x99, 0xF8, 0x99, 0xF8,
    0xBB, 0xFA, 0xAA, 0xF9, 0x88, 0xF6, 0xAA, 0xF8,
    0xCB, 0xFA, 0xBA, 0xF9, 0xA9, 0xF8, 0x76, 0xF4,
    0xA9, 0xF8, 0xBA, 0xF9, 0xAA, 0xF9, 0x99, 0xF8,
    0xAA, 0xFA, 0xAA, 0xF9, 0x88, 0xF7, 0x9A, 0xF8,
    0xBB, 0xFA, 0xAA, 0xF9, 0xAA, 0xFA, 0x99, 0xF9,
    0xAB, 0xFA, 0xBB, 0xFA, 0xBB, 0xFA, 0xA9, 0xF8,
    0x99, 0xF7, 0xBB, 0xF9, 0xBA, 0xF8, 0xBA, 0xF8,
    0x87, 0xF5, 0x87, 0xF5, 0xA9, 0xF7, 0xBB, 0xFA,
    0xBB, 0xFA, 0xAA, 0xFA, 0xBB, 0xFA, 0x99, 0xF8,
    0x9A, 0xF9, 0xAB, 0xFA, 0xBC, 0xFB, 0xBB, 0xFB,
    0xAA, 0xFA, 0xAB, 0xFA, 0xAA, 0xF9, 0x99, 0xF9,
    0x99, 0xF8, 0x98, 0xF6, 0xB9, 0xF7, 0xCA, 0xF7,
    0x75, 0xF2, 0x86, 0xF5, 0x65, 0xF3, 0x97, 0xF2,
    0xCB, 0xF2, 0xDC, 0xF2, 0xEE, 0xF6, 0xDD, 0xF7,
    0xAA, 0xF3, 0x98, 0xF0, 0x97, 0xF1, 0xBB, 0xF6,
    0xBB, 0xF8, 0xAA, 0xF6, 0x89, 0xF6, 0x22, 0xF0,
    0x87, 0xF4, 0xDC, 0xF6, 0x65, 0xF2, 0xCB, 0xF9,
    0xCC, 0xFA, 0xAA, 0xF9, 0xAA, 0xF9, 0xAA, 0xF9,
    0xBA, 0xF9, 0xAA, 0xF9, 0x89, 0xF8, 0xAA, 0xFA,
    0xAB, 0xFA, 0x9A, 0xF9, 0xAB, 0xFA, 0xAA, 0xF9,
    0xAB, 0xFA, 0xBB, 0xFB, 0xAB, 0xFA, 0x9A, 0xF9,
    0x9A, 0xF9, 0xAB, 0xFA, 0xAA, 0xF9, 0x99, 0xF8,
    0x88, 0xF6, 0xBB, 0xF9, 0xA9, 0xF7, 0x98, 0xF6,
    0x98, 0xF5, 0x98, 0xF7, 0x88, 0xF6, 0x99, 0xF8,
    0x89, 0xF8, 0x9A, 0xFA, 0xAA, 0xFA, 0x89, 0xF8,
    0x9A, 0xF9, 0x89, 0xF8, 0x9A, 0xF9, 0x89, 0xF8,
    0x89, 0xF8, 0x78, 0xF7, 0x88, 0xF8, 0x99, 0xF9,
    0x9A, 0xF9, 0x99, 0xF8, 0xBB, 0xFA, 0xAA, 0xF9,
    0x77, 0xF6, 0x99, 0xF8, 0x54, 0xF4, 0x22, 0xF2,
    0x22, 0xF3, 0x12, 0xF3, 0x12, 0xF3, 0x12, 0xF3,
    0x02, 0xF3, 0x35, 0xF6, 0x46, 0xF7, 0x8A, 0xFA,
    0xBC, 0xFB, 0xCD, 0xFD, 0xEF, 0xFE, 0xEF, 0xFF,
    0xEF, 0xFF, 0xCC, 0xFD, 0x67, 0xF6, 0xBC, 0xFB,
    0xDD, 0xFC, 0xDD, 0xFD, 0x99, 0xF9, 0x66, 0xF5,
    0x11, 0xF2, 0x21, 0xF4, 0x11, 0xF4, 0x56, 0xF6,
    0x8A, 0xF7, 0x46, 0xF4, 0x12, 0xF2, 0x89, 0xF7,
    0x67, 0xF3, 0x88, 0xF4, 0x77, 0xF1, 0x88, 0xF0,
    0x99, 0xF4, 0xAA, 0xF7, 0x33, 0xF2, 0x56, 0xF6,
    0x9A, 0xF8, 0xCC, 0xFA, 0xAA, 0xF7, 0xA9, 0xF7,
    0x87, 0xF5, 0x32, 0xF2, 0x22, 0xF3, 0x22, 0xF3,
    0x13, 0xF4, 0x23, 0xF4, 0x22, 0xF4, 0x22, 0xF4,
    0x23, 0xF4, 0x23, 0xF3, 0x23, 0xF4, 0x23, 0xF4,
    0x23, 0xF4, 0x23, 0xF3, 0x23, 0xF4, 0x23, 0xF4,
    0x9A, 0xF9, 0x9A, 0xF9, 0xAB, 0xF9, 0xBB, 0xF9,
    0x87, 0xF5, 0x87, 0xF5, 0xCB, 0xF9, 0xBC, 0xFA,
    0xAB, 0xFA, 0xAA, 0xF9, 0xAA, 0xF9, 0xAA, 0xF9,
    0xCC, 0xFB, 0xAA, 0xF9, 0xBB, 0xFA, 0xAA, 0xF9,
    0xAA, 0xF9, 0xAA, 0xF9, 0xAA, 0xF9, 0x99, 0xF8,
    0x99, 0xF9, 0xAA, 0xFA, 0x88, 0xF7, 0xCD, 0xFA,
    0xAA, 0xF8, 0xA9, 0xF8, 0x32, 0xF1, 0xAA, 0xF9,
    0xBB, 0xFA, 0xBB, 0xFA, 0xAB, 0xFA, 0xAA, 0xF9,
    0x89, 0xF8, 0xBB, 0xFA, 0xCC, 0xFB, 0x9A, 0xF9,
    0x88, 0xF7, 0xAA, 0xF9, 0x99, 0xF8, 0xAB, 0xFA,
    0x99, 0xF8, 0xAA, 0xF9, 0xAA, 0xFA, 0xAA, 0xF9,
    0xBB, 0xFA, 0xBA, 0xF9, 0xCC, 0xFA, 0x87, 0xF4,
    0x76, 0xF4, 0x99, 0xF7, 0xBA, 0xFA, 0xAA, 0xF9,
    0x98, 0xF7, 0xA8, 0xF7, 0xC9, 0xF9, 0xB9, 0xF8,
    0xA6, 0xF5, 0xA5, 0xF4, 0x95, 0xF3, 0xB8, 0xF7,
    0x96, 0xF6, 0x63, 0xF3, 0xA9, 0xF8, 0x99, 0xF8,
    0x78, 0xF7, 0x99, 0xF7, 0x98, 0xF7, 0xCC, 0xFA,
    0x98, 0xF6, 0x87, 0xF5, 0xA9, 0xF8, 0xAA, 0xF9,
    0xAB, 0xFA, 0xAB, 0xFA, 0xBC, 0xFA, 0xCC, 0xFB,
    0xAA, 0xF9, 0xAA, 0xF9, 0x99, 0xF9, 0x89, 0xF8,
    0x99, 0xF8, 0x99, 0xF8, 0x88, 0xF7, 0x99, 0xF8,
    0xAA, 0xFA, 0xBB, 0xFA, 0xAA, 0xF9, 0xA9, 0xF8,
    0xCB, 0xF9, 0xA9, 0xF7, 0x75, 0xF4, 0xAA, 0xF8,
    0xBA, 0xF9, 0xBB, 0xFA, 0x9A, 0xF9, 0x99, 0xF9,
    0x88, 0xF7, 0x9A, 0xF9, 0x89, 0xF7, 0x9A, 0xF8,
    0x99, 0xF8, 0xBC, 0xFB, 0xAA, 0xF9, 0xAA, 0xFA,
    0xAA, 0xF9, 0xAA, 0xF9, 0x9A, 0xF9, 0x99, 0xF8,
    0x99, 0xF7, 0xBA, 0xF8, 0xA9, 0xF7, 0x86, 0xF4,
    0x97, 0xF6, 0xBB, 0xF9, 0xAA, 0xF9, 0xAA, 0xFA,
    0xAB, 0xFA, 0x89, 0xF8, 0x99, 0xF8, 0xBB, 0xFB,
    0xAA, 0xF9, 0xAA, 0xF9, 0xAA, 0xF9, 0x99, 0xF8,
    0xCC, 0xFB, 0xBB, 0xFB, 0xAA, 0xF9, 0xAA, 0xF9,
    0x99, 0xF9, 0xAA, 0xF9, 0x98, 0xF6, 0xA8, 0xF4,
    0x85, 0xF3, 0x42, 0xF1, 0x54, 0xF2, 0x88, 0xF1,
    0xA9, 0xF0, 0xCC, 0xF2, 0xED, 0xF6, 0xEE, 0xF8,
    0xA9, 0xF4, 0x87, 0xF0, 0x97, 0xF1, 0xAA, 0xF6,
    0xBA, 0xF6, 0xCB, 0xF5, 0xDD, 0xF9, 0x44, 0xF1,
    0x55, 0xF4, 0xDC, 0xF8, 0x87, 0xF3, 0x87, 0xF4,
    0xBA, 0xF8, 0xA9, 0xF8, 0xA9, 0xF8, 0x99, 0xF8,
    0x99, 0xF8, 0x9A, 0xF9, 0x9A, 0xF9, 0x9A, 0xF9,
    0x89, 0xF8, 0x9A, 0xF9, 0xBB, 0xFB, 0x88, 0xF8,
    0x99, 0xF8, 0x9A, 0xF9, 0x9A, 0xF9, 0x9A, 0xF9,
    0x89, 0xF8, 0x99, 0xF9, 0x9A, 0xFA, 0xAA, 0xF9,
    0xA9, 0xF8, 0xA9, 0xF7, 0x98, 0xF5, 0x98, 0xF5,
    0xA9, 0xF7, 0x88, 0xF7, 0x89, 0xF8, 0xAA, 0xFA,
    0x89, 0xF8, 0x89, 0xF8, 0x9A, 0xF9, 0x9A, 0xF9,
    0x78, 0xF7, 0x78, 0xF7, 0x89, 0xF9, 0x9A, 0xF9,
    0x89, 0xF9, 0x78, 0xF7, 0x99, 0xF9, 0xAB, 0xFA,
    0x89, 0xF8, 0x89, 0xF8, 0x78, 0xF6, 0x88, 0xF6,
    0x77, 0xF6, 0x44, 0xF4, 0x21, 0xF3, 0x22, 0xF4,
    0x12, 0xF4, 0x12, 0xF3, 0x12, 0xF3, 0x12, 0xF2,
    0x02, 0xF3, 0x35, 0xF6, 0x46, 0xF7, 0x89, 0xFA,
    0xBC, 0xFC, 0xCD, 0xFD, 0xEF, 0xFE, 0xEF, 0xFF,
    0xEF, 0xFF, 0xEF, 0xFF, 0x9A, 0xFA, 0xCD, 0xFD,
    0x9A, 0xF9, 0x66, 0xF5, 0x99, 0xF9, 0x33, 0xF3,
    0x11, 0xF3, 0x12, 0xF3, 0x12, 0xF2, 0x34, 0xF4,
    0x8A, 0xF8, 0x78, 0xF6, 0x12, 0xF1, 0x55, 0xF2,
    0x78, 0xF3, 0x78, 0xF2, 0x77, 0xF1, 0x9A, 0xF4,
    0x89, 0xF4, 0x79, 0xF5, 0x23, 0xF3, 0x79, 0xF9,
    0x45, 0xF5, 0x89, 0xF5, 0x99, 0xF4, 0x88, 0xF5,
    0x22, 0xF3, 0x22, 0xF4, 0x22, 0xF4, 0x23, 0xF3,
    0x23, 0xF3, 0x23, 0xF3, 0x23, 0xF4, 0x22, 0xF4,
    0x23, 0xF4, 0x23, 0xF4, 0x23, 0xF3, 0x23, 0xF4,
    0x23, 0xF3, 0x23, 0xF4, 0x23, 0xF4, 0x23, 0xF4,
    0x99, 0xF8, 0x89, 0xF8, 0xCD, 0xFC, 0xAB, 0xF9,
    0x77, 0xF5, 0xBB, 0xF9, 0xCB, 0xFA, 0xBC, 0xFB,
    0xAB, 0xFA, 0x88, 0xF7, 0xBB, 0xFA, 0xAA, 0xF9,
    0xAA, 0xF9, 0x9A, 0xF9, 0xAA, 0xF9, 0x99, 0xF8,
    0x99, 0xF8, 0xBC, 0xFB, 0x88, 0xF8, 0xAA, 0xF9,
    0xBB, 0xFA, 0xBB, 0xFB, 0xAB, 0xFA, 0x9A, 0xF8,
    0x99, 0xF7, 0x55, 0xF4, 0x44, 0xF2, 0x9A, 0xF8,
    0x99, 0xF9, 0xAB, 0xFA, 0x9A, 0xF9, 0x9A, 0xF9,
    0xBB, 0xFA, 0xAA, 0xFA, 0xAA, 0xF9, 0x99, 0xF9,
    0x99, 0xF8, 0xAA, 0xF9, 0xAA, 0xF9, 0xBC, 0xFB,
    0x99, 0xF8, 0xAB, 0xFA, 0xBB, 0xFA, 0xBB, 0xFA,
    0x9A, 0xF8, 0xAB, 0xF9, 0x66, 0xF3, 0x87, 0xF5,
    0xBB, 0xF9, 0xBB, 0xF9, 0xAB, 0xFA, 0xCC, 0xFB,
    0x98, 0xF7, 0xA8, 0xF7, 0xC9, 0xF8, 0xB8, 0xF7,
    0x85, 0xF4, 0x95, 0xF4, 0xA5, 0xF3, 0xB7, 0xF6,
    0xA7, 0xF6, 0xA8, 0xF7, 0xA9, 0xF8, 0x89, 0xF7,
    0x89, 0xF8, 0x9A, 0xF9, 0x99, 0xF7, 0x87, 0xF5,
    0x76, 0xF4, 0xBB, 0xF9, 0xAA, 0xF9, 0xBC, 0xFB,
    0x99, 0xF9, 0xAA, 0xF9, 0x99, 0xF8, 0xAA, 0xF9,
    0x9A, 0xF9, 0x99, 0xF9, 0xAA, 0xFA, 0x99, 0xF9,
    0x99, 0xF9, 0x99, 0xF8, 0xBB, 0xFA, 0xAB, 0xFA,
    0xAB, 0xFA, 0x99, 0xF9, 0xAA, 0xFA, 0xAA, 0xF9,
    0x76, 0xF4, 0x65, 0xF2, 0xCB, 0xF9, 0xBB, 0xF9,
    0xCC, 0xFB, 0xAA, 0xF9, 0x9A, 0xF9, 0x99, 0xF9,
    0x99, 0xF9, 0x89, 0xF8, 0x9A, 0xF9, 0x89, 0xF7,
    0x9A, 0xF9, 0x99, 0xF8, 0xAA, 0xFA, 0x99, 0xF8,
    0x99, 0xF8, 0x89, 0xF8, 0xAA, 0xF9, 0xAB, 0xFA,
    0xCC, 0xFB, 0xA9, 0xF7, 0x74, 0xF2, 0xBA, 0xF8,
    0x99, 0xF7, 0xAA, 0xFA, 0x99, 0xF9, 0x99, 0xF8,
    0x88, 0xF8, 0x99, 0xF9, 0xBB, 0xFA, 0xAA, 0xFA,
    0xBB, 0xFB, 0x9A, 0xF9, 0xBB, 0xFA, 0x9A, 0xF9,
    0x99, 0xF8, 0xBB, 0xFA, 0xBB, 0xFB, 0xBA, 0xFA,
    0x99, 0xF9, 0xAA, 0xFA, 0x88, 0xF6, 0x75, 0xF2,
    0x75, 0xF3, 0x31, 0xF0, 0x44, 0xF2, 0x77, 0xF2,
    0x98, 0xF1, 0xCB, 0xF3, 0xDC, 0xF5, 0xED, 0xF7,
    0xA9, 0xF3, 0x77, 0xF0, 0x87, 0xF0, 0xBA, 0xF5,
    0xA9, 0xF5, 0xCB, 0xF5, 0xED, 0xFA, 0x77, 0xF4,
    0x33, 0xF2, 0xAA, 0xF8, 0x98, 0xF2, 0x98, 0xF3,
    0x87, 0xF5, 0xAA, 0xF7, 0xAB, 0xF9, 0xAA, 0xF9,
    0x99, 0xF9, 0x89, 0xF9, 0x89, 0xF9, 0x89, 0xF8,
    0x99, 0xF9, 0xAA, 0xFA, 0x89, 0xF8, 0xAB, 0xFA,
    0x9A, 0xF9, 0x9A, 0xFA, 0x9A, 0xFA, 0x89, 0xF8,
    0x9A, 0xF9, 0x99, 0xF8, 0x78, 0xF8, 0x99, 0xFA,
    0x99, 0xF8, 0x54, 0xF2, 0x88, 0xF5, 0xCC, 0xF9,
    0x88, 0xF7, 0x77, 0xF7, 0x78, 0xF8, 0x78, 0xF7,
    0x78, 0xF8, 0x89, 0xF8, 0x78, 0xF8, 0x89, 0xF8,
    0x89, 0xF9, 0x9A, 0xF9, 0x79, 0xF8, 0x79, 0xF8,
    0x89, 0xF9, 0x9A, 0xFA, 0x78, 0xF8, 0x89, 0xF8,
    0x68, 0xF8, 0x78, 0xF8, 0x56, 0xF5, 0x89, 0xF7,
    0xAA, 0xF9, 0x22, 0xF3, 0x11, 0xF3, 0x12, 0xF3,
    0x12, 0xF3, 0x12, 0xF3, 0x12, 0xF2, 0x12, 0xF2,
    0x02, 0xF3, 0x35, 0xF7, 0x45, 0xF7, 0x89, 0xFA,
    0xAC, 0xFC, 0xCD, 0xFD, 0xEF, 0xFE, 0xEF, 0xFF,
    0xEF, 0xFF, 0xEF, 0xFF, 0xDE, 0xFE, 0x55, 0xF6,
    0x67, 0xF5, 0xCD, 0xFA, 0xDE, 0xFE, 0x33, 0xF4,
    0x11, 0xF3, 0x12, 0xF3, 0x12, 0xF2, 0x12, 0xF3,
    0x68, 0xF7, 0x79, 0xF7, 0x34, 0xF3, 0x67, 0xF4,
    0x89, 0xF3, 0x89, 0xF2, 0x78, 0xF1, 0xAB, 0xF6,
    0xAB, 0xF7, 0x9A, 0xF7, 0x35, 0xF4, 0x9A, 0xFB,
    0x34, 0xF3, 0x77, 0xF3, 0xBC, 0xF8, 0x55, 0xF3,
    0x22, 0xF4, 0x12, 0xF5, 0x12, 0xF4, 0x22, 0xF3,
    0x22, 0xF4, 0x22, 0xF4, 0x22, 0xF4, 0x22, 0xF4,
    0x22, 0xF4, 0x22, 0xF4, 0x22, 0xF4, 0x22, 0xF4,
    0x22, 0xF4, 0x22, 0xF4, 0x22, 0xF5, 0x22, 0xF5,
    0x89, 0xF8, 0x88, 0xF7, 0xBB, 0xFA, 0xBB, 0xF9,
    0xAA, 0xF8, 0xDD, 0xFA, 0xA9, 0xF7, 0xAA, 0xF9,
    0xBB, 0xFB, 0x9A, 0xF9, 0xAA, 0xFA, 0x99, 0xF8,
    0x99, 0xF8, 0xAA, 0xF9, 0x99, 0xF8, 0xBC, 0xFB,
    0xBB, 0xFA, 0xAA, 0xF9, 0xAA, 0xFA, 0xAA, 0xF9,
    0x89, 0xF8, 0xAA, 0xFA, 0xAB, 0xFA, 0x99, 0xF8,
    0x77, 0xF6, 0xAA, 0xF9, 0x77, 0xF6, 0xAA, 0xF9,
    0x9A, 0xF9, 0x9A, 0xF9, 0x99, 0xF9, 0x88, 0xF8,
    0xAA, 0xFA, 0xAA, 0xF9, 0x88, 0xF8, 0x99, 0xF9,
    0xAA, 0xF9, 0x99, 0xF9, 0x9A, 0xF9, 0x9A, 0xF8,
    0x9A, 0xF9, 0xAB, 0xFA, 0xAB, 0xFA, 0xAA, 0xFA,
    0xAA, 0xF9, 0x99, 0xF7, 0x88, 0xF6, 0xCC, 0xFA,
    0x99, 0xF7, 0xBB, 0xFA, 0x88, 0xF7, 0xBB, 0xFA,
    0xBA, 0xF9, 0xB8, 0xF7, 0xC8, 0xF7, 0xC8, 0xF7,
    0x96, 0xF5, 0x95, 0xF3, 0x95, 0xF3, 0xC7, 0xF6,
    0xA7, 0xF5, 0xA8, 0xF7, 0xBA, 0xF9, 0xAB, 0xFA,
    0xAB, 0xFA, 0xAA, 0xF9, 0x98, 0xF7, 0x77, 0xF4,
    0xCC, 0xF9, 0xBB, 0xF9, 0xAB, 0xF9, 0xAB, 0xFA,
    0x9A, 0xFA, 0x99, 0xF8, 0x99, 0xF9, 0x89, 0xF8,
    0xAA, 0xFA, 0x99, 0xF9, 0xAB, 0xFA, 0x9A, 0xF9,
    0xBB, 0xFA, 0xBC, 0xFB, 0xAA, 0xFA, 0x9A, 0xF9,
    0xAA, 0xF9, 0xAA, 0xF9, 0xAA, 0xFA, 0x99, 0xF8,
    0x66, 0xF3, 0xCC, 0xFA, 0xAA, 0xF8, 0xA9, 0xF9,
    0x99, 0xF9, 0x9A, 0xF9, 0xAB, 0xFA, 0x99, 0xF8,
    0x99, 0xF8, 0x89, 0xF8, 0x99, 0xF8, 0x99, 0xF8,
    0x99, 0xF9, 0xAA, 0xF9, 0xAA, 0xFA, 0x99, 0xF8,
    0xBC, 0xFB, 0xAB, 0xFA, 0x99, 0xF9, 0x99, 0xF8,
    0xAA, 0xF9, 0x65, 0xF4, 0xCB, 0xF8, 0xCB, 0xF8,
    0xBB, 0xF9, 0x9A, 0xF9, 0x9A, 0xFA, 0xBB, 0xFA,
    0xAB, 0xFA, 0xAA, 0xF9, 0x99, 0xF8, 0xCC, 0xFC,
    0xBC, 0xFB, 0xAA, 0xFA, 0xAB, 0xFA, 0xAA, 0xFA,
    0xAA, 0xFA, 0xAA, 0xFA, 0xAA, 0xFA, 0xAA, 0xFA,
    0xBB, 0xFB, 0x99, 0xF9, 0x88, 0xF7, 0xB9, 0xF6,
    0xCA, 0xF7, 0x76, 0xF3, 0x22, 0xF0, 0x65, 0xF3,
    0x77, 0xF2, 0xBA, 0xF4, 0xCC, 0xF5, 0xDC, 0xF6,
    0x98, 0xF3, 0x76, 0xF1, 0x66, 0xF0, 0xAA, 0xF5,
    0xAA, 0xF4, 0xBB, 0xF3, 0xED, 0xFA, 0x88, 0xF5,
    0x45, 0xF3, 0x66, 0xF4, 0xA9, 0xF4, 0x99, 0xF4,
    0x88, 0xF6, 0xDD, 0xFA, 0x89, 0xF8, 0x89, 0xF8,
    0xAA, 0xFA, 0xAA, 0xFA, 0x99, 0xF9, 0x78, 0xF7,
    0x88, 0xF8, 0x9A, 0xF9, 0x88, 0xF8, 0x89, 0xF9,
    0x78, 0xF8, 0x99, 0xF9, 0x9A, 0xF9, 0x99, 0xF8,
    0xAA, 0xF9, 0xBB, 0xFA, 0xAA, 0xFA, 0xBA, 0xFA,
    0xBA, 0xFA, 0x65, 0xF4, 0xCC, 0xF9, 0xA9, 0xF7,
    0x99, 0xF8, 0xA9, 0xF9, 0xA9, 0xF9, 0x88, 0xF7,
    0x99, 0xF8, 0x99, 0xF8, 0xAA, 0xF9, 0x99, 0xF8,
    0x88, 0xF7, 0x88, 0xF7, 0x99, 0xF8, 0x88, 0xF8,
    0x89, 0xF8, 0x99, 0xF9, 0x88, 0xF7, 0x88, 0xF7,
    0x88, 0xF8, 0x99, 0xF8, 0x77, 0xF5, 0x9A, 0xF7,
    0xBA, 0xF9, 0x43, 0xF3, 0x11, 0xF2, 0x11, 0xF2,
    0x11, 0xF1, 0x11, 0xF1, 0x11, 0xF1, 0x11, 0xF2,
    0x11, 0xF2, 0x44, 0xF5, 0x55, 0xF6, 0x89, 0xF9,
    0xBB, 0xFC, 0xDD, 0xFD, 0xEF, 0xFE, 0xEF, 0xFF,
    0xEF, 0xFF, 0xEF, 0xFF, 0xBB, 0xFB, 0x65, 0xF5,
    0x87, 0xF6, 0xDD, 0xFA, 0xDE, 0xFD, 0x33, 0xF3,
    0x11, 0xF2, 0x11, 0xF2, 0x11, 0xF2, 0x11, 0xF2,
    0x33, 0xF3, 0x67, 0xF5, 0x55, 0xF3, 0x77, 0xF5,
    0x98, 0xF4, 0x99, 0xF3, 0x87, 0xF2, 0x88, 0xF3,
    0x88, 0xF4, 0xAA, 0xF8, 0x67, 0xF6, 0x9A, 0xFA,
    0x22, 0xF1, 0x77, 0xF4, 0xDD, 0xF9, 0x66, 0xF4,
    0x22, 0xF3, 0x12, 0xF3, 0x22, 0xF3, 0x22, 0xF3,
    0x22, 0xF3, 0x22, 0xF3, 0x22, 0xF3, 0x22, 0xF3,
    0x22, 0xF3, 0x22, 0xF3, 0x22, 0xF3, 0x22, 0xF3,
    0x22, 0xF3, 0x12, 0xF3, 0x12, 0xF4, 0x12, 0xF4,
    0xAA, 0xF9, 0xAA, 0xF9, 0x99, 0xF8, 0x99, 0xF7,
    0xCC, 0xF9, 0xAA, 0xF7, 0xCB, 0xFA, 0xBA, 0xF9,
    0xAA, 0xF8, 0x9A, 0xF9, 0xAA, 0xF9, 0xAA, 0xFA,
    0xCC, 0xFB, 0xAA, 0xF9, 0x88, 0xF7, 0x88, 0xF7,
    0x99, 0xF8, 0xAA, 0xF9, 0xAB, 0xFA, 0xAA, 0xF9,
    0x88, 0xF7, 0xAA, 0xFA, 0xAB, 0xFA, 0x88, 0xF7,
    0x88, 0xF7, 0xBB, 0xF9, 0xAA, 0xF8, 0xBA, 0xF9,
    0x99, 0xF8, 0x88, 0xF7, 0x99, 0xF9, 0x88, 0xF8,
    0x9A, 0xF9, 0xAA, 0xFA, 0x99, 0xF9, 0x99, 0xF8,
    0xAA, 0xF9, 0x9A, 0xF9, 0x88, 0xF7, 0x89, 0xF8,
    0x9A, 0xF9, 0x89, 0xF8, 0xAB, 0xFB, 0xAA, 0xF9,
    0x99, 0xF8, 0xCB, 0xFA, 0xBB, 0xF8, 0xDD, 0xFA,
    0xBB, 0xF9, 0xAA, 0xF8, 0x99, 0xF8, 0x98, 0xF8,
    0xA9, 0xF8, 0xB8, 0xF7, 0xB8, 0xF6, 0xB8, 0xF7,
    0x95, 0xF4, 0x95, 0xF4, 0x95, 0xF4, 0xB7, 0xF6,
    0xA7, 0xF5, 0xA8, 0xF7, 0xB9, 0xF8, 0x88, 0xF8,
    0x9A, 0xF9, 0xCC, 0xFB, 0xCB, 0xFA, 0xAA, 0xF7,
    0xDD, 0xFB, 0xBB, 0xF8, 0xAA, 0xF9, 0x9A, 0xF9,
    0xBB, 0xFB, 0x99, 0xF9, 0xBC, 0xFB, 0xAA, 0xF9,
    0x99, 0xF9, 0x99, 0xF8, 0xBC, 0xFB, 0x9A, 0xF9,
    0x9A, 0xF9, 0xAA, 0xF9, 0xBB, 0xFA, 0x9A, 0xF9,
    0xAA, 0xFA, 0x99, 0xF9, 0xAA, 0xF9, 0x99, 0xF7,
    0x98, 0xF5, 0xDC, 0xF9, 0xCB, 0xF9, 0xAB, 0xF9,
    0x99, 0xF8, 0x99, 0xF8, 0x98, 0xF8, 0x99, 0xF8,
    0x99, 0xF8, 0x99, 0xF8, 0x9A, 0xF9, 0x99, 0xF9,
    0x9A, 0xF9, 0xAA, 0xFA, 0xAA, 0xFA, 0xBC, 0xFB,
    0x99, 0xF8, 0x89, 0xF8, 0xAB, 0xFA, 0x99, 0xF8,
    0xBB, 0xFA, 0x98, 0xF7, 0xCC, 0xF9, 0xCB, 0xF8,
    0x99, 0xF7, 0xAA, 0xF9, 0x89, 0xF9, 0xBC, 0xFB,
    0xAB, 0xFA, 0x89, 0xF8, 0x9A, 0xF9, 0xCC, 0xFB,
    0xBB, 0xFA, 0x99, 0xF8, 0xAB, 0xFA, 0xBB, 0xFB,
    0xAA, 0xF9, 0xBB, 0xFB, 0xBB, 0xFB, 0xAA, 0xFA,
    0xAA, 0xF9, 0xCC, 0xFB, 0xA9, 0xF8, 0xCB, 0xF7,
    0xCA, 0xF6, 0xA8, 0xF4, 0x54, 0xF1, 0x76, 0xF4,
    0x54, 0xF1, 0x99, 0xF4, 0xAB, 0xF5, 0xCC, 0xF8,
    0x88, 0xF6, 0x66, 0xF3, 0x55, 0xF0, 0x89, 0xF4,
    0xBB, 0xF4, 0xCB, 0xF2, 0xED, 0xF8, 0x66, 0xF2,
    0x33, 0xF2, 0x67, 0xF5, 0x65, 0xF3, 0x54, 0xF2,
    0xCB, 0xF9, 0xDD, 0xFA, 0xBA, 0xF9, 0x99, 0xF8,
    0xAA, 0xFA, 0x89, 0xF9, 0x88, 0xF8, 0x99, 0xF9,
    0x89, 0xF8, 0x78, 0xF8, 0x99, 0xF9, 0x89, 0xF9,
    0x88, 0xF8, 0x87, 0xF7, 0x97, 0xF7, 0xA7, 0xF7,
    0xA7, 0xF6, 0xA7, 0xF6, 0xA8, 0xF6, 0xB8, 0xF7,
    0xB8, 0xF8, 0xB8, 0xF6, 0xC9, 0xF7, 0xB8, 0xF6,
    0xA7, 0xF7, 0xB8, 0xF7, 0xB8, 0xF7, 0xA7, 0xF7,
    0xA7, 0xF7, 0xA7, 0xF7, 0xA7, 0xF6, 0xB8, 0xF7,
    0xB8, 0xF7, 0xB9, 0xF8, 0xA8, 0xF7, 0xB8, 0xF7,
    0xB9, 0xF8, 0xB8, 0xF8, 0xA8, 0xF7, 0xA7, 0xF6,
    0xA7, 0xF7, 0xA7, 0xF7, 0xB8, 0xF6, 0xB8, 0xF6,
    0xC9, 0xF8, 0xA7, 0xF6, 0x96, 0xF6, 0xA7, 0xF6,
    0xA7, 0xF6, 0xA7, 0xF6, 0xA8, 0xF6, 0xA7, 0xF6,
    0xA7, 0xF6, 0xA8, 0xF6, 0xA7, 0xF6, 0xA8, 0xF7,
    0xA8, 0xF8, 0xB9, 0xF9, 0xCA, 0xFA, 0xCA, 0xFA,
    0xBA, 0xF9, 0xB9, 0xF9, 0xA6, 0xF6, 0xA7, 0xF6,
    0xB8, 0xF7, 0xB8, 0xF6, 0xB8, 0xF8, 0xB8, 0xF8,
    0xA7, 0xF7, 0xB8, 0xF7, 0xA7, 0xF7, 0xA7, 0xF7,
    0x96, 0xF6, 0x96, 0xF5, 0x97, 0xF5, 0x97, 0xF5,
    0xA8, 0xF4, 0xA8, 0xF3, 0xA7, 0xF3, 0x97, 0xF3,
    0x97, 0xF4, 0xA9, 0xF7, 0x76, 0xF5, 0x75, 0xF5,
    0x75, 0xF4, 0xB9, 0xF6, 0xDB, 0xF8, 0xCB, 0xF9,
    0x97, 0xF7, 0x65, 0xF4, 0x65, 0xF4, 0x75, 0xF4,
    0x75, 0xF5, 0x76, 0xF5, 0x76, 0xF5, 0x76, 0xF5,
    0x76, 0xF5, 0x76, 0xF5, 0x65, 0xF4, 0x65, 0xF4,
    0x65, 0xF4, 0x54, 0xF3, 0x54, 0xF4, 0x54, 0xF4,
    0x88, 0xF7, 0xA9, 0xF8, 0x99, 0xF8, 0x99, 0xF7,
    0xBA, 0xF8, 0xBA, 0xF8, 0xA9, 0xF8, 0xCB, 0xF9,
    0x99, 0xF7, 0xBB, 0xFA, 0x77, 0xF6, 0x9A, 0xF9,
    0xAB, 0xFA, 0x9A, 0xF9, 0x99, 0xF8, 0xAA, 0xF9,
    0xBB, 0xFA, 0x9A, 0xF9, 0xBB, 0xFA, 0x99, 0xF8,
    0x9A, 0xF9, 0x99, 0xF9, 0x99, 0xF8, 0xBA, 0xF9,
    0xBB, 0xF9, 0xBB, 0xF9, 0x88, 0xF6, 0xBA, 0xF8,
    0xAA, 0xF8, 0x88, 0xF7, 0xAA, 0xF9, 0xAA, 0xFA,
    0xAA, 0xFA, 0x99, 0xF8, 0xAB, 0xFA, 0xCC, 0xFB,
    0x89, 0xF8, 0x99, 0xF8, 0xAB, 0xFA, 0x9A, 0xF9,
    0x89, 0xF8, 0x89, 0xF8, 0x9A, 0xF9, 0xBC, 0xFB,
    0xBB, 0xFA, 0xBA, 0xF9, 0xBB, 0xF9, 0xBA, 0xF8,
    0xCB, 0xF9, 0xCC, 0xFA, 0xBB, 0xFA, 0xCC, 0xFB,
    0xBA, 0xF9, 0xA8, 0xF7, 0xB8, 0xF6, 0xA6, 0xF5,
    0x84, 0xF3, 0x84, 0xF3, 0x95, 0xF4, 0xC8, 0xF7,
    0xA7, 0xF5, 0xA7, 0xF6, 0xB8, 0xF8, 0xA9, 0xF9,
    0xBC, 0xFB, 0xBB, 0xFA, 0x99, 0xF8, 0xBB, 0xF9,
    0xAA, 0xF8, 0xCC, 0xFA, 0xAA, 0xF9, 0x99, 0xF8,
    0x89, 0xF8, 0xAA, 0xF9, 0x89, 0xF8, 0x9A, 0xF9,
    0x9A, 0xF9, 0x9A, 0xF9, 0xBB, 0xFA, 0xAA, 0xF9,
    0x99, 0xF8, 0xAA, 0xF9, 0xAA, 0xF9, 0x88, 0xF7,
    0xAA, 0xFA, 0x9A, 0xF9, 0x99, 0xF8, 0x99, 0xF7,
    0xA9, 0xF6, 0xA9, 0xF7, 0xBA, 0xF9, 0x98, 0xF7,
    0xAA, 0xF9, 0x99, 0xF8, 0x99, 0xF9, 0x88, 0xF8,
    0x99, 0xF8, 0xAA, 0xF9, 0x99, 0xF8, 0x89, 0xF8,
    0xAA, 0xF9, 0x99, 0xF8, 0x99, 0xF8, 0xAA, 0xFA,
    0xBB, 0xFA, 0xAB, 0xFA, 0x99, 0xF8, 0xAA, 0xF9,
    0xBA, 0xF9, 0x99, 0xF7, 0xCB, 0xF9, 0xBA, 0xF7,
    0xAA, 0xF7, 0xBB, 0xFA, 0x9A, 0xF9, 0xAA, 0xFA,
    0x99, 0xF8, 0xAA, 0xF9, 0x99, 0xF9, 0x99, 0xF8,
    0xAB, 0xFA, 0xBB, 0xFB, 0x9A, 0xF9, 0xA9, 0xF9,
    0x99, 0xF9, 0x9A, 0xFA, 0x89, 0xF9, 0x9A, 0xF9,
    0xBB, 0xFA, 0xBA, 0xF9, 0xA9, 0xF7, 0xCC, 0xF9,
    0xA9, 0xF5, 0xDB, 0xF7, 0x86, 0xF3, 0x87, 0xF4,
    0x54, 0xF0, 0x77, 0xF3, 0xAA, 0xF7, 0xBA, 0xF8,
    0x88, 0xF5, 0x87, 0xF4, 0x65, 0xF1, 0x77, 0xF1,
    0xCC, 0xF4, 0xCB, 0xF1, 0xED, 0xF7, 0x87, 0xF4,
    0x11, 0xF0, 0x23, 0xF3, 0x32, 0xF1, 0xA9, 0xF7,
    0xCB, 0xF7, 0x87, 0xF3, 0xCB, 0xF8, 0xAA, 0xF7,
    0xA9, 0xF8, 0x99, 0xF9, 0x89, 0xF8, 0x89, 0xF9,
    0x99, 0xF9, 0x9A, 0xF9, 0x89, 0xF8, 0x89, 0xF8,
    0x99, 0xF8, 0x64, 0xF4, 0x95, 0xF5, 0xB6, 0xF6,
    0xC7, 0xF6, 0xC8, 0xF6, 0xC8, 0xF6, 0xC8, 0xF6,
    0xC7, 0xF7, 0xD8, 0xF7, 0xD8, 0xF6, 0xC8, 0xF6,
    0xC8, 0xF7, 0xC7, 0xF7, 0xC7, 0xF6, 0xC7, 0xF6,
    0xD8, 0xF7, 0xD8, 0xF7, 0xD8, 0xF7, 0xD8, 0xF7,
    0xD8, 0xF7, 0xD8, 0xF7, 0xD8, 0xF7, 0xD8, 0xF7,
    0xC8, 0xF7, 0xD8, 0xF7, 0xC8, 0xF7, 0xC8, 0xF7,
    0xD8, 0xF7, 0xD8, 0xF7, 0xD8, 0xF6, 0xD8, 0xF6,
    0xD8, 0xF6, 0xC8, 0xF6, 0xD8, 0xF7, 0xC8, 0xF6,
    0xC8, 0xF6, 0xC7, 0xF6, 0xC8, 0xF6, 0xC7, 0xF6,
    0xC7, 0xF5, 0xC8, 0xF6, 0xC7, 0xF6, 0xB7, 0xF5,
    0xB6, 0xF5, 0xB7, 0xF6, 0xC7, 0xF6, 0xC7, 0xF6,
    0xC8, 0xF7, 0xC8, 0xF7, 0xC7, 0xF6, 0xC7, 0xF6,
    0xB6, 0xF5, 0xB6, 0xF5, 0xC7, 0xF6, 0xC7, 0xF6,
    0xC7, 0xF7, 0xC7, 0xF6, 0xD8, 0xF6, 0xD8, 0xF7,
    0xC8, 0xF6, 0xD9, 0xF7, 0xC8, 0xF7, 0xD8, 0xF7,
    0xD8, 0xF6, 0xD9, 0xF6, 0xD9, 0xF6, 0xD9, 0xF7,
    0xC9, 0xF7, 0xC9, 0xF7, 0xDA, 0xF8, 0xC9, 0xF8,
    0xD9, 0xF8, 0xC8, 0xF7, 0xD8, 0xF7, 0xD8, 0xF7,
    0xD9, 0xF8, 0xD9, 0xF8, 0xD9, 0xF8, 0xDA, 0xF8,
    0xD9, 0xF9, 0xDA, 0xF8, 0xDA, 0xF8, 0xDA, 0xF8,
    0xDA, 0xF8, 0xDA, 0xF8, 0xDA, 0xF8, 0xEA, 0xF9,
    0xDA, 0xF8, 0xDA, 0xF9, 0xDA, 0xF9, 0xDA, 0xF9,
    0xBB, 0xF9, 0xA9, 0xF7, 0x87, 0xF6, 0xA9, 0xF8,
    0xBB, 0xF9, 0xBB, 0xF9, 0xAA, 0xF8, 0x98, 0xF6,
    0xBA, 0xF8, 0x99, 0xF7, 0x77, 0xF6, 0x88, 0xF7,
    0x78, 0xF7, 0x99, 0xF8, 0x78, 0xF7, 0x77, 0xF6,
    0x99, 0xF8, 0x78, 0xF7, 0xBC, 0xFB, 0x89, 0xF7,
    0xBB, 0xFA, 0xAA, 0xF9, 0x98, 0xF7, 0x88, 0xF7,
    0x98, 0xF7, 0x99, 0xF7, 0x98, 0xF7, 0x99, 0xF7,
    0xBB, 0xF9, 0xAA, 0xF8, 0x99, 0xF8, 0xAA, 0xFA,
    0xAA, 0xFA, 0x88, 0xF7, 0xAB, 0xFA, 0xBC, 0xFB,
    0x9A, 0xF9, 0x99, 0xF8, 0xAB, 0xFA, 0xAB, 0xFA,
    0x99, 0xF9, 0xBB, 0xFA, 0xAA, 0xF9, 0xAA, 0xF9,
    0x99, 0xF7, 0x98, 0xF7, 0xAA, 0xF8, 0xAA, 0xF8,
    0x99, 0xF7, 0xBA, 0xF9, 0xA9, 0xF9, 0xBA, 0xF9,
    0xAA, 0xF8, 0xB9, 0xF7, 0xC9, 0xF7, 0xA7, 0xF6,
    0x95, 0xF4, 0x83, 0xF2, 0x95, 0xF4, 0xB8, 0xF7,
    0xA6, 0xF4, 0xC8, 0xF7, 0xA6, 0xF5, 0xCA, 0xF9,
    0xBB, 0xFA, 0xA9, 0xF8, 0x99, 0xF8, 0xBC, 0xFA,
    0xAA, 0xF8, 0x99, 0xF8, 0xBB, 0xFA, 0x99, 0xF7,
    0xBB, 0xFA, 0x99, 0xF8, 0xAA, 0xFA, 0x99, 0xF8,
    0xAA, 0xF9, 0xBB, 0xFA, 0xBB, 0xFA, 0xBB, 0xFA,
    0x99, 0xF8, 0x99, 0xF9, 0x99, 0xF8, 0x99, 0xF8,
    0xAA, 0xFA, 0xAA, 0xF9, 0xBB, 0xFA, 0x77, 0xF5,
    0xBA, 0xF8, 0xAB, 0xF8, 0x99, 0xF7, 0xA9, 0xF7,
    0xBA, 0xF9, 0xA9, 0xF8, 0x99, 0xF8, 0xAB, 0xFA,
    0xAA, 0xF9, 0x89, 0xF8, 0x99, 0xF8, 0x99, 0xF8,
    0x89, 0xF8, 0x99, 0xF8, 0x99, 0xF9, 0xAA, 0xFA,
    0xAA, 0xF9, 0xCC, 0xFB, 0xAA, 0xF9, 0x99, 0xF8,
    0x87, 0xF6, 0xA9, 0xF8, 0xA9, 0xF8, 0xA9, 0xF6,
    0xA9, 0xF7, 0xBA, 0xF8, 0xA9, 0xF8, 0xBB, 0xFA,
    0xAB, 0xFA, 0xAA, 0xF9, 0xAA, 0xF9, 0xAB, 0xFA,
    0xAA, 0xFA, 0xAA, 0xF9, 0xBC, 0xFB, 0x99, 0xF8,
    0x99, 0xF9, 0xAB, 0xFA, 0x88, 0xF8, 0xAA, 0xFA,
    0x99, 0xF8, 0x97, 0xF6, 0x98, 0xF7, 0xCC, 0xFA,
    0xBB, 0xF7, 0xA7, 0xF3, 0xCA, 0xF7, 0x76, 0xF3,
    0x87, 0xF2, 0x76, 0xF2, 0x98, 0xF6, 0x87, 0xF4,
    0x98, 0xF4, 0xA9, 0xF3, 0x87, 0xF2, 0x87, 0xF1,
    0xCB, 0xF3, 0xCB, 0xF2, 0xDC, 0xF7, 0xA9, 0xF7,
    0x44, 0xF3, 0x33, 0xF3, 0xA9, 0xF7, 0xA8, 0xF6,
    0x87, 0xF2, 0x65, 0xF3, 0xBA, 0xF8, 0xBA, 0xF8,
    0xA9, 0xF9, 0xBB, 0xFA, 0x89, 0xF8, 0x9A, 0xFA,
    0x78, 0xF8, 0x89, 0xF8, 0x78, 0xF7, 0x89, 0xF8,
    0x99, 0xF9, 0x65, 0xF4, 0xA6, 0xF5, 0xC7, 0xF6,
    0xD7, 0xF6, 0xD7, 0xF6, 0xD7, 0xF5, 0xD7, 0xF5,
    0xD7, 0xF6, 0xD7, 0xF6, 0xD7, 0xF6, 0xD7, 0xF6,
    0xD7, 0xF5, 0xD7, 0xF5, 0xD7, 0xF5, 0xD7, 0xF6,
    0xD7, 0xF5, 0xD7, 0xF6, 0xD7, 0xF6, 0xD7, 0xF6,
    0xD7, 0xF6, 0xD7, 0xF6, 0xD7, 0xF6, 0xD7, 0xF6,
    0xC7, 0xF6, 0xC7, 0xF6, 0xD7, 0xF6, 0xD7, 0xF6,
    0xD7, 0xF6, 0xD7, 0xF6, 0xD7, 0xF5, 0xD7, 0xF5,
    0xD7, 0xF6, 0xD7, 0xF6, 0xD8, 0xF6, 0xD7, 0xF6,
    0xD7, 0xF6, 0xD7, 0xF6, 0xD7, 0xF6, 0xD7, 0xF6,
    0xD7, 0xF5, 0xD7, 0xF6, 0xD7, 0xF6, 0xC6, 0xF5,
    0xD7, 0xF6, 0xC7, 0xF5, 0xC7, 0xF5, 0xC7, 0xF5,
    0xB6, 0xF5, 0xC7, 0xF5, 0xC6, 0xF5, 0xC6, 0xF4,
    0xC6, 0xF5, 0xC7, 0xF6, 0xC6, 0xF5, 0xC7, 0xF5,
    0xC7, 0xF5, 0xD7, 0xF5, 0xD7, 0xF5, 0xD7, 0xF5,
    0xD7, 0xF6, 0xD7, 0xF6, 0xC7, 0xF6, 0xC7, 0xF6,
    0xD7, 0xF6, 0xC7, 0xF6, 0xC7, 0xF6, 0xD7, 0xF6,
    0xC7, 0xF6, 0xC7, 0xF6, 0xC8, 0xF6, 0xC8, 0xF6,
    0xC7, 0xF6, 0xD7, 0xF6, 0xD7, 0xF6, 0xD8, 0xF7,
    0xD7, 0xF6, 0xD8, 0xF6, 0xD8, 0xF6, 0xD8, 0xF7,
    0xD8, 0xF7, 0xD8, 0xF7, 0xD8, 0xF7, 0xD8, 0xF7,
    0xD8, 0xF7, 0xE9, 0xF7, 0xE9, 0xF7, 0xE9, 0xF7,
    0xE8, 0xF7, 0xE8, 0xF7, 0xD8, 0xF7, 0xD8, 0xF7,
    0xA9, 0xF7, 0x76, 0xF4, 0x98, 0xF7, 0xCC, 0xFB,
    0xBB, 0xFA, 0xAB, 0xF9, 0x88, 0xF7, 0x99, 0xF7,
    0xA9, 0xF7, 0xA9, 0xF7, 0xA9, 0xF7, 0xAA, 0xF9,
    0x99, 0xF8, 0x99, 0xF8, 0x78, 0xF7, 0xAB, 0xFA,
    0x9A, 0xF9, 0x89, 0xF8, 0x99, 0xF8, 0xAA, 0xF9,
    0xBB, 0xFA, 0xA9, 0xF8, 0x87, 0xF6, 0x87, 0xF6,
    0xBB, 0xF9, 0xBB, 0xFA, 0xAA, 0xF9, 0xAA, 0xF8,
    0xAA, 0xF8, 0xAA, 0xF8, 0xBA, 0xF9, 0xA9, 0xF8,
    0x88, 0xF8, 0x9A, 0xF9, 0x89, 0xF8, 0xAB, 0xFA,
    0x89, 0xF8, 0x99, 0xF8, 0xAA, 0xFA, 0x9A, 0xF9,
    0x88, 0xF7, 0xAA, 0xF9, 0xBC, 0xFA, 0x99, 0xF7,
    0x87, 0xF6, 0xA9, 0xF9, 0xA9, 0xF9, 0x9A, 0xF8,
    0xAA, 0xF8, 0x98, 0xF6, 0xA9, 0xF8, 0xBB, 0xF9,
    0xCC, 0xFA, 0xB9, 0xF7, 0xC9, 0xF7, 0xA6, 0xF5,
    0x95, 0xF4, 0x82, 0xF2, 0x95, 0xF4, 0xB7, 0xF6,
    0xA6, 0xF4, 0xC8, 0xF6, 0xB7, 0xF6, 0xC9, 0xF8,
    0xAB, 0xF9, 0x97, 0xF6, 0xAA, 0xF9, 0xAA, 0xF9,
    0x99, 0xF8, 0x99, 0xF8, 0x99, 0xF7, 0xCC, 0xFB,
    0xA9, 0xF8, 0xBC, 0xFA, 0x89, 0xF8, 0x9A, 0xF9,
    0x9A, 0xF9, 0xBC, 0xFB, 0x99, 0xF8, 0xAB, 0xFA,
    0xAB, 0xFA, 0x99, 0xF8, 0x99, 0xF8, 0x88, 0xF8,
    0xCC, 0xFB, 0xBA, 0xF9, 0x76, 0xF4, 0xAA, 0xF8,
    0x99, 0xF8, 0x9A, 0xF9, 0x99, 0xF7, 0x86, 0xF5,
    0xA8, 0xF7, 0xA9, 0xF7, 0x99, 0xF7, 0xAA, 0xF9,
    0xAA, 0xF9, 0xAA, 0xF9, 0xAA, 0xF9, 0x99, 0xF8,
    0x99, 0xF8, 0x99, 0xF8, 0x89, 0xF8, 0x99, 0xF9,
    0xBB, 0xFA, 0xCC, 0xFB, 0xBB, 0xFA, 0x87, 0xF5,
    0x98, 0xF6, 0xBA, 0xF9, 0x99, 0xF8, 0xAA, 0xF8,
    0xA9, 0xF8, 0x98, 0xF7, 0xA9, 0xF8, 0xBA, 0xF9,
    0x89, 0xF8, 0x89, 0xF8, 0xAA, 0xFA, 0xAA, 0xF9,
    0x99, 0xF8, 0xAB, 0xFA, 0x9A, 0xF9, 0xBC, 0xFB,
    0x99, 0xF9, 0x88, 0xF8, 0x99, 0xF9, 0x98, 0xF8,
    0x76, 0xF5, 0x87, 0xF7, 0xAA, 0xFA, 0x99, 0xF8,
    0xCC, 0xF8, 0x98, 0xF2, 0x97, 0xF3, 0xCA, 0xF5,
    0xA8, 0xF2, 0xA8, 0xF3, 0xA8, 0xF4, 0x76, 0xF2,
    0x98, 0xF2, 0x98, 0xF2, 0x97, 0xF1, 0x97, 0xF0,
    0xCA, 0xF1, 0xCB, 0xF1, 0xDC, 0xF6, 0xCB, 0xF8,
    0x65, 0xF4, 0x97, 0xF5, 0x87, 0xF5, 0x32, 0xF1,
    0x99, 0xF5, 0x22, 0xF1, 0xAA, 0xF9, 0x87, 0xF6,
    0xA9, 0xF9, 0xA9, 0xF8, 0xAA, 0xF9, 0x99, 0xF9,
    0x88, 0xF8, 0x89, 0xF8, 0x88, 0xF8, 0x89, 0xF8,
    0x99, 0xF9, 0x76, 0xF6, 0xA6, 0xF6, 0xD7, 0xF6,
    0xD7, 0xF6, 0xD8, 0xF6, 0xD7, 0xF6, 0xD7, 0xF6,
    0xD8, 0xF6, 0xD7, 0xF6, 0xD7, 0xF6, 0xD7, 0xF6,
    0xD7, 0xF5, 0xD7, 0xF5, 0xD7, 0xF5, 0xD7, 0xF5,
    0xD7, 0xF6, 0xD7, 0xF6, 0xD7, 0xF6, 0xD7, 0xF6,
    0xD8, 0xF6, 0xD7, 0xF6, 0xD7, 0xF6, 0xD7, 0xF6,
    0xD7, 0xF6, 0xD7, 0xF6, 0xD7, 0xF6, 0xD8, 0xF6,
    0xD8, 0xF6, 0xD8, 0xF5, 0xD7, 0xF6, 0xD8, 0xF6,
    0xD7, 0xF6, 0xD8, 0xF6, 0xD7, 0xF6, 0xD7, 0xF6,
    0xD7, 0xF6, 0xD8, 0xF6, 0xD7, 0xF6, 0xD7, 0xF5,
    0xC6, 0xF5, 0xC6, 0xF5, 0xC6, 0xF5, 0xC7, 0xF5,
    0xC7, 0xF5, 0xC7, 0xF5, 0xC7, 0xF5, 0xC7, 0xF5,
    0xB6, 0xF4, 0xC6, 0xF4, 0xD7, 0xF5, 0xD7, 0xF6,
    0xD7, 0xF6, 0xC7, 0xF6, 0xD7, 0xF6, 0xD7, 0xF6,
    0xD7, 0xF6, 0xD7, 0xF5, 0xD7, 0xF5, 0xD7, 0xF6,
    0xD7, 0xF6, 0xD8, 0xF6, 0xD7, 0xF6, 0xD7, 0xF6,
    0xD7, 0xF6, 0xD8, 0xF7, 0xD8, 0xF7, 0xD7, 0xF6,
    0xD8, 0xF6, 0xD8, 0xF6, 0xD8, 0xF6, 0xD8, 0xF6,
    0xD8, 0xF6, 0xD8, 0xF6, 0xD8, 0xF6, 0xC8, 0xF6,
    0xC8, 0xF6, 0xD8, 0xF6, 0xD8, 0xF7, 0xC8, 0xF6,
    0xD8, 0xF6, 0xD8, 0xF7, 0xC8, 0xF6, 0xC8, 0xF6,
    0xC8, 0xF6, 0xC8, 0xF6, 0xC8, 0xF6, 0xD8, 0xF6,
    0xD8, 0xF7, 0xD8, 0xF6, 0xC8, 0xF6, 0xC8, 0xF6,
    0x87, 0xF4, 0xA9, 0xF7, 0xBB, 0xFA, 0x99, 0xF8,
    0xAB, 0xFA, 0xAA, 0xF9, 0x99, 0xF8, 0xBB, 0xFA,
    0xAA, 0xF8, 0xA9, 0xF7, 0xBA, 0xF8, 0x88, 0xF6,
    0x88, 0xF7, 0xAA, 0xFA, 0x9A, 0xF9, 0xAA, 0xFA,
    0xAB, 0xFA, 0xAB, 0xFA, 0x9A, 0xF9, 0xAA, 0xF9,
    0x99, 0xF7, 0x98, 0xF5, 0x88, 0xF6, 0xA9, 0xF8,
    0x99, 0xF8, 0x99, 0xF8, 0xBB, 0xFA, 0xBB, 0xFB,
    0xCC, 0xFA, 0x99, 0xF7, 0xA9, 0xF7, 0xA9, 0xF8,
    0x99, 0xF8, 0xAA, 0xF9, 0xAA, 0xF9, 0xAA, 0xF9,
    0xBB, 0xFA, 0xAB, 0xFA, 0x99, 0xF8, 0x89, 0xF8,
    0xAA, 0xF9, 0xBB, 0xFA, 0x88, 0xF6, 0x98, 0xF5,
    0xBA, 0xF8, 0x99, 0xF8, 0x9A, 0xF9, 0x9A, 0xF9,
    0xAB, 0xF9, 0xBA, 0xF9, 0x98, 0xF7, 0xAA, 0xF8,
    0xAA, 0xF8, 0xA8, 0xF7, 0xC9, 0xF7, 0xA7, 0xF6,
    0x95, 0xF4, 0x82, 0xF2, 0x95, 0xF4, 0xB7, 0xF6,
    0xA7, 0xF4, 0xD8, 0xF6, 0xD7, 0xF5, 0xA7, 0xF5,
    0x77, 0xF5, 0xA8, 0xF7, 0xA9, 0xF8, 0x9A, 0xF8,
    0xBB, 0xFA, 0x9A, 0xF9, 0x9A, 0xF8, 0x99, 0xF8,
    0xDC, 0xFB, 0xDE, 0xFC, 0xAB, 0xF9, 0xAA, 0xFA,
    0x99, 0xF8, 0xBC, 0xFB, 0xAB, 0xFA, 0x9A, 0xF9,
    0xAB, 0xFA, 0xAB, 0xFA, 0xBC, 0xFB, 0xAA, 0xF9,
    0xA9, 0xF8, 0x75, 0xF4, 0xBA, 0xF7, 0xAA, 0xF8,
    0x89, 0xF8, 0xBC, 0xFB, 0x9A, 0xF9, 0x99, 0xF7,
    0x76, 0xF4, 0xA9, 0xF7, 0xBA, 0xF9, 0xBB, 0xFA,
    0xBB, 0xFB, 0xAB, 0xFA, 0xAA, 0xFA, 0xAB, 0xFA,
    0xBB, 0xFA, 0xCC, 0xFB, 0x99, 0xF8, 0x89, 0xF8,
    0x99, 0xF8, 0xAA, 0xF9, 0x76, 0xF5, 0x87, 0xF6,
    0xAA, 0xF8, 0xA9, 0xF8, 0xAA, 0xF9, 0x89, 0xF8,
    0x9A, 0xF8, 0xAA, 0xF8, 0x87, 0xF5, 0xBA, 0xF9,
    0xAA, 0xF9, 0xBB, 0xFB, 0x88, 0xF8, 0x99, 0xF8,
    0x9A, 0xF9, 0x9A, 0xF9, 0xAA, 0xFA, 0xAB, 0xFA,
    0x9A, 0xF9, 0xBA, 0xFA, 0x98, 0xF7, 0x76, 0xF5,
    0x98, 0xF7, 0xA9, 0xF9, 0xCD, 0xFC, 0xBC, 0xFB,
    0x65, 0xF4, 0x87, 0xF3, 0xBA, 0xF3, 0xB9, 0xF3,
    0xDB, 0xF5, 0xA8, 0xF1, 0xA8, 0xF2, 0x97, 0xF2,
    0x97, 0xF2, 0x87, 0xF1, 0x98, 0xF1, 0x97, 0xF0,
    0xB9, 0xF0, 0xDC, 0xF1, 0xCC, 0xF4, 0xBB, 0xF6,
    0xA8, 0xF3, 0xB8, 0xF3, 0xBA, 0xF6, 0x66, 0xF3,
    0x78, 0xF3, 0x12, 0xF1, 0xAB, 0xFA, 0x89, 0xF7,
    0x88, 0xF6, 0xBA, 0xF8, 0xAA, 0xF9, 0xAA, 0xF9,
    0x9A, 0xF9, 0x9A, 0xF9, 0xAA, 0xFA, 0x9A, 0xF9,
    0x66, 0xF7, 0x31, 0xF1, 0xB7, 0xF6, 0xC7, 0xF6,
    0xD7, 0xF6, 0xD7, 0xF6, 0xD7, 0xF6, 0xD7, 0xF6,
    0xD8, 0xF6, 0xD7, 0xF5, 0xD7, 0xF6, 0xD7, 0xF6,
    0xD7, 0xF6, 0xD7, 0xF5, 0xD7, 0xF5, 0xD7, 0xF5,
    0xD7, 0xF6, 0xD7, 0xF6, 0xC7, 0xF6, 0xD8, 0xF6,
    0xD7, 0xF6, 0xD8, 0xF6, 0xD7, 0xF6, 0xD8, 0xF6,
    0xD8, 0xF6, 0xD8, 0xF6, 0xD7, 0xF6, 0xD7, 0xF6,
    0xD8, 0xF6, 0xD7, 0xF5, 0xD7, 0xF6, 0xD7, 0xF6,
    0xD7, 0xF6, 0xD8, 0xF6, 0xD7, 0xF6, 0xD7, 0xF6,
    0xD7, 0xF6, 0xD7, 0xF6, 0xC7, 0xF5, 0xD7, 0xF5,
    0xC6, 0xF5, 0xC6, 0xF5, 0xC6, 0xF4, 0xC7, 0xF5,
    0xC7, 0xF5, 0xC7, 0xF6, 0xD7, 0xF6, 0xC7, 0xF5,
    0xC7, 0xF5, 0xC7, 0xF5, 0xC7, 0xF5, 0xD7, 0xF6,
    0xC7, 0xF6, 0xC7, 0xF6, 0xD7, 0xF6, 0xD7, 0xF6,
    0xD8, 0xF6, 0xD8, 0xF6, 0xD7, 0xF6, 0xD7, 0xF6,
    0xD7, 0xF6, 0xD8, 0xF6, 0xD7, 0xF6, 0xD8, 0xF6,
    0xD8, 0xF6, 0xD8, 0xF7, 0xD8, 0xF6, 0xD8, 0xF6,
    0xD8, 0xF7, 0xD8, 0xF7, 0xD8, 0xF7, 0xD8, 0xF6,
    0xD8, 0xF6, 0xD8, 0xF6, 0xD8, 0xF6, 0xD8, 0xF6,
    0xD8, 0xF6, 0xD8, 0xF6, 0xD8, 0xF7, 0xD8, 0xF7,
    0xD8, 0xF7, 0xD8, 0xF7, 0xD8, 0xF7, 0xD8, 0xF7,
    0xD8, 0xF7, 0xD8, 0xF7, 0xD8, 0xF7, 0xD8, 0xF7,
    0xD8, 0xF7, 0xD8, 0xF7, 0xD8, 0xF6, 0xD8, 0xF6,
    0xBB, 0xFA, 0xBB, 0xFA, 0x99, 0xF8, 0xAA, 0xF9,
    0xBC, 0xFB, 0xBB, 0xFA, 0x9A, 0xF9, 0xAA, 0xF9,
    0xAA, 0xF8, 0x88, 0xF6, 0xA8, 0xF6, 0xBA, 0xF8,
    0xCB, 0xFA, 0x99, 0xF8, 0x88, 0xF8, 0x9A, 0xF9,
    0x99, 0xF8, 0xBC, 0xFB, 0xBA, 0xF9, 0xBB, 0xF9,
    0x87, 0xF5, 0x99, 0xF7, 0xAA, 0xF8, 0x99, 0xF8,
    0x99, 0xF9, 0xAB, 0xFA, 0x9A, 0xF9, 0x9A, 0xF9,
    0xAA, 0xFA, 0xBB, 0xF9, 0x87, 0xF6, 0xBA, 0xF8,
    0xCC, 0xFA, 0xCC, 0xFB, 0xBA, 0xF9, 0xBB, 0xFA,
    0x9A, 0xFA, 0xBB, 0xFB, 0x89, 0xF8, 0x99, 0xF8,
    0xBA, 0xF9, 0x98, 0xF7, 0x87, 0xF5, 0xAA, 0xF8,
    0xCC, 0xFB, 0x9A, 0xF8, 0xCC, 0xFB, 0x9A, 0xF9,
    0x9A, 0xF8, 0x99, 0xF8, 0xBC, 0xFA, 0x77, 0xF5,
    0xBB, 0xF8, 0xC9, 0xF8, 0xB8, 0xF6, 0xA7, 0xF5,
    0x94, 0xF3, 0x81, 0xF2, 0x95, 0xF4, 0xA8, 0xF6,
    0xA7, 0xF4, 0xD8, 0xF6, 0xD8, 0xF6, 0xA7, 0xF4,
    0xBB, 0xF9, 0xAA, 0xF9, 0xAA, 0xF9, 0x9A, 0xF8,
    0xBC, 0xFA, 0x88, 0xF7, 0xAA, 0xF9, 0xBC, 0xFA,
    0x99, 0xF6, 0xDC, 0xFA, 0xBB, 0xF9, 0x99, 0xF8,
    0x99, 0xF8, 0xBC, 0xFB, 0xAA, 0xF9, 0x99, 0xF8,
    0xAB, 0xFA, 0x9A, 0xF9, 0xAA, 0xF8, 0xA9, 0xF8,
    0x86, 0xF5, 0xA9, 0xF8, 0xBA, 0xF9, 0x99, 0xF8,
    0x9A, 0xF9, 0xAB, 0xFA, 0x9A, 0xF9, 0x99, 0xF8,
    0x9A, 0xF8, 0x87, 0xF5, 0x98, 0xF6, 0xBA, 0xF8,
    0x98, 0xF8, 0xAA, 0xFA, 0x99, 0xF9, 0x89, 0xF8,
    0xBC, 0xFA, 0xAA, 0xF9, 0xDD, 0xFC, 0x99, 0xF8,
    0x98, 0xF7, 0x75, 0xF4, 0xBA, 0xF9, 0x98, 0xF7,
    0xCC, 0xFB, 0x99, 0xF9, 0xAB, 0xFA, 0x89, 0xF8,
    0x89, 0xF8, 0xBB, 0xFA, 0x98, 0xF7, 0x98, 0xF6,
    0xBA, 0xF9, 0xBA, 0xFA, 0xBA, 0xFA, 0xAB, 0xFA,
    0xAB, 0xFA, 0x9A, 0xF9, 0xAA, 0xFA, 0x99, 0xF9,
    0x99, 0xF8, 0x98, 0xF7, 0x87, 0xF5, 0x87, 0xF6,
    0x99, 0xF8, 0x88, 0xF8, 0xAA, 0xFA, 0xAA, 0xF9,
    0x99, 0xF8, 0x32, 0xF0, 0x98, 0xF3, 0xCB, 0xF5,
    0x98, 0xF4, 0xDB, 0xF7, 0xA8, 0xF2, 0x98, 0xF2,
    0x98, 0xF5, 0x87, 0xF2, 0x87, 0xF2, 0x87, 0xF0,
    0xA8, 0xF0, 0xDB, 0xF2, 0xBA, 0xF4, 0x97, 0xF2,
    0xA9, 0xF1, 0xDC, 0xF3, 0xBA, 0xF3, 0x77, 0xF3,
    0x88, 0xF3, 0x23, 0xF0, 0x9A, 0xF9, 0x88, 0xF8,
    0x99, 0xF9, 0x99, 0xF8, 0xBA, 0xF8, 0xBB, 0xF9,
    0xAA, 0xF8, 0x9A, 0xF9, 0xAB, 0xFA, 0xAB, 0xFB,
    0x66, 0xF7, 0x20, 0xF0, 0xA7, 0xF5, 0xD7, 0xF6,
    0xD7, 0xF6, 0xD7, 0xF6, 0xD7, 0xF6, 0xD7, 0xF6,
    0xD7, 0xF5, 0xD7, 0xF5, 0xD7, 0xF6, 0xD7, 0xF5,
    0xD7, 0xF5, 0xD7, 0xF5, 0xC7, 0xF5, 0xC7, 0xF5,
    0xD7, 0xF6, 0xC7, 0xF6, 0xC7, 0xF6, 0xD7, 0xF6,
    0xC7, 0xF6, 0xD7, 0xF6, 0xD7, 0xF6, 0xD7, 0xF6,
    0xD7, 0xF6, 0xD7, 0xF6, 0xD7, 0xF6, 0xD7, 0xF6,
    0xD7, 0xF6, 0xD8, 0xF6, 0xD7, 0xF6, 0xD7, 0xF6,
    0xC7, 0xF5, 0xC7, 0xF6, 0xC7, 0xF6, 0xD7, 0xF6,
    0xD7, 0xF6, 0xD7, 0xF6, 0xC7, 0xF5, 0xC7, 0xF5,
    0xC6, 0xF5, 0xC6, 0xF4, 0xC6, 0xF5, 0xC6, 0xF5,
    0xC7, 0xF5, 0xD7, 0xF6, 0xC7, 0xF6, 0xC7, 0xF5,
    0xD7, 0xF6, 0xC7, 0xF6, 0xC7, 0xF6, 0xC7, 0xF6,
    0xC7, 0xF6, 0xC7, 0xF5, 0xC7, 0xF5, 0xC7, 0xF6,
    0xC7, 0xF6, 0xC7, 0xF5, 0xC7, 0xF5, 0xC7, 0xF6,
    0xC7, 0xF6, 0xC7, 0xF6, 0xD7, 0xF6, 0xD7, 0xF6,
    0xC7, 0xF6, 0xD7, 0xF6, 0xC7, 0xF6, 0xC7, 0xF6,
    0xC7, 0xF6, 0xC7, 0xF6, 0xC7, 0xF6, 0xD7, 0xF6,
    0xD7, 0xF6, 0xD8, 0xF6, 0xD8, 0xF6, 0xD8, 0xF6,
    0xD8, 0xF6, 0xD8, 0xF6, 0xD8, 0xF6, 0xD8, 0xF6,
    0xD8, 0xF6, 0xD8, 0xF7, 0xD8, 0xF7, 0xD8, 0xF7,
    0xD8, 0xF7, 0xD8, 0xF7, 0xD8, 0xF7, 0xD8, 0xF7,
    0xD8, 0xF7, 0xD8, 0xF7, 0xD8, 0xF7, 0xD8, 0xF7,
    0xBB, 0xFA, 0x99, 0xF8, 0x99, 0xF9, 0xBB, 0xFA,
    0xCC, 0xFB, 0x9A, 0xF9, 0x99, 0xF9, 0x89, 0xF8,
    0xBC, 0xFB, 0xAA, 0xF8, 0xBA, 0xF8, 0x98, 0xF5,
    0xBA, 0xF8, 0x98, 0xF7, 0x88, 0xF7, 0x99, 0xF8,
    0x88, 0xF7, 0x99, 0xF8, 0x98, 0xF7, 0x77, 0xF5,
    0x88, 0xF6, 0xA9, 0xF8, 0x99, 0xF8, 0x99, 0xF8,
    0x99, 0xF8, 0xAA, 0xF9, 0xAB, 0xF9, 0x99, 0xF8,
    0xAB, 0xFA, 0x99, 0xF9, 0x99, 0xF8, 0x98, 0xF7,
    0xBA, 0xF9, 0xCB, 0xF9, 0x88, 0xF7, 0x99, 0xF8,
    0x89, 0xF8, 0x99, 0xF9, 0xAA, 0xF8, 0xBB, 0xF9,
    0x76, 0xF4, 0x88, 0xF6, 0xAA, 0xF9, 0xAA, 0xF8,
    0x9A, 0xF9, 0xAB, 0xFA, 0xBC, 0xFB, 0x89, 0xF8,
    0xAA, 0xF9, 0xAA, 0xF9, 0xBC, 0xFA, 0xAA, 0xF8,
    0x98, 0xF6, 0xCA, 0xF8, 0xB8, 0xF6, 0xB7, 0xF5,
    0x93, 0xF2, 0x92, 0xF2, 0x95, 0xF4, 0xB8, 0xF6,
    0xA7, 0xF5, 0xC7, 0xF5, 0xB6, 0xF4, 0x63, 0xF2,
    0xDC, 0xFA, 0x99, 0xF8, 0x9A, 0xF9, 0xDE, 0xFD,
    0xAB, 0xFA, 0x89, 0xF8, 0x88, 0xF8, 0xAA, 0xF9,
    0xCC, 0xFA, 0xAA, 0xF8, 0xCB, 0xF9, 0xBB, 0xFA,
    0xBB, 0xF9, 0x9A, 0xF9, 0xCC, 0xFB, 0xAB, 0xFA,
    0x99, 0xF8, 0xAA, 0xF9, 0x76, 0xF4, 0x87, 0xF6,
    0x99, 0xF7, 0xAA, 0xF9, 0x99, 0xF8, 0x78, 0xF7,
    0xAB, 0xFA, 0xAA, 0xF9, 0xAA, 0xFA, 0xAB, 0xFA,
    0x99, 0xF8, 0x99, 0xF7, 0x88, 0xF6, 0xCA, 0xF8,
    0xBA, 0xF8, 0xBA, 0xFA, 0xAB, 0xFA, 0x89, 0xF8,
    0xAB, 0xF9, 0xAA, 0xF9, 0x98, 0xF8, 0xA9, 0xF8,
    0x65, 0xF3, 0x98, 0xF7, 0xBA, 0xF9, 0xAB, 0xFA,
    0xBC, 0xFB, 0x9A, 0xF9, 0xBC, 0xFB, 0x9A, 0xFA,
    0xAB, 0xFB, 0xAA, 0xF9, 0xDD, 0xFB, 0xBA, 0xF9,
    0x87, 0xF5, 0xCA, 0xF9, 0x98, 0xF8, 0x88, 0xF8,
    0x9A, 0xFA, 0xBC, 0xFB, 0x98, 0xF8, 0xA9, 0xF9,
    0xA9, 0xF8, 0x86, 0xF5, 0xA9, 0xF8, 0xAA, 0xF9,
    0x89, 0xF8, 0x89, 0xF9, 0xAB, 0xFA, 0x99, 0xF8,
    0xCD, 0xFA, 0x55, 0xF3, 0x22, 0xF0, 0x98, 0xF6,
    0xA9, 0xF8, 0x98, 0xF6, 0xDC, 0xF8, 0x98, 0xF3,
    0x97, 0xF3, 0xA9, 0xF3, 0x76, 0xF1, 0xA9, 0xF3,
    0xA8, 0xF1, 0xC9, 0xF2, 0x97, 0xF2, 0x65, 0xF2,
    0xCB, 0xF3, 0xEE, 0xF3, 0xCC, 0xF3, 0xCC, 0xF7,
    0xAA, 0xF5, 0x45, 0xF2, 0x89, 0xF8, 0x89, 0xF8,
    0x9A, 0xFA, 0x9A, 0xF9, 0x99, 0xF8, 0xBA, 0xF8,
    0xBB, 0xF9, 0xBB, 0xFA, 0x9B, 0xFA, 0x9A, 0xFA,
    0x77, 0xF8, 0x20, 0xF0, 0xA7, 0xF5, 0xD8, 0xF6,
    0xD7, 0xF6, 0xD8, 0xF6, 0xD7, 0xF6, 0xD7, 0xF6,
    0xD7, 0xF6, 0xD7, 0xF6, 0xD7, 0xF6, 0xD7, 0xF6,
    0xD7, 0xF6, 0xD7, 0xF5, 0xC7, 0xF5, 0xC7, 0xF5,
    0xD7, 0xF5, 0xD7, 0xF6, 0xC7, 0xF5, 0xD7, 0xF6,
    0xD7, 0xF6, 0xD7, 0xF6, 0xD7, 0xF6, 0xC7, 0xF6,
    0xC7, 0xF5, 0xC7, 0xF5, 0xD7, 0xF6, 0xC7, 0xF5,
    0xC7, 0xF5, 0xD7, 0xF6, 0xD7, 0xF6, 0xD7, 0xF6,
    0xC7, 0xF5, 0xC7, 0xF6, 0xC7, 0xF5, 0xC7, 0xF6,
    0xC7, 0xF5, 0xD7, 0xF6, 0xC7, 0xF5, 0xC7, 0xF5,
    0xC6, 0xF4, 0xC7, 0xF5, 0xC7, 0xF6, 0xC7, 0xF5,
    0xC7, 0xF6, 0xC7, 0xF6, 0xC7, 0xF5, 0xC7, 0xF6,
    0xD7, 0xF6, 0xC7, 0xF6, 0xD7, 0xF6, 0xC7, 0xF6,
    0xD7, 0xF6, 0xD7, 0xF6, 0xD7, 0xF6, 0xD7, 0xF6,
    0xD7, 0xF6, 0xD7, 0xF6, 0xD7, 0xF6, 0xD7, 0xF6,
    0xD7, 0xF6, 0xC7, 0xF6, 0xD7, 0xF6, 0xD7, 0xF6,
    0xD7, 0xF6, 0xD7, 0xF6, 0xD7, 0xF6, 0xC7, 0xF6,
    0xC8, 0xF6, 0xC7, 0xF6, 0xD7, 0xF6, 0xD7, 0xF6,
    0xC7, 0xF6, 0xC7, 0xF6, 0xC7, 0xF6, 0xC7, 0xF6,
    0xC7, 0xF6, 0xC7, 0xF6, 0xC7, 0xF6, 0xC8, 0xF6,
    0xC7, 0xF6, 0xC8, 0xF6, 0xC8, 0xF6, 0xC7, 0xF6,
    0xC8, 0xF6, 0xC7, 0xF6, 0xC7, 0xF6, 0xC8, 0xF6,
    0xC7, 0xF6, 0xC7, 0xF6, 0xC7, 0xF6, 0xC7, 0xF6,
    0xBB, 0xFB, 0xBC, 0xFB, 0x9A, 0xF9, 0xAA, 0xF9,
    0xAB, 0xFA, 0xAB, 0xFA, 0x9A, 0xF9, 0x9A, 0xF9,
    0xAB, 0xFB, 0xAA, 0xFA, 0xAA, 0xF9, 0x99, 0xF6,
    0xA9, 0xF6, 0xCC, 0xF9, 0x98, 0xF7, 0xBC, 0xFA,
    0xAA, 0xF9, 0x88, 0xF6, 0x77, 0xF5, 0x88, 0xF6,
    0x99, 0xF8, 0x9A, 0xF9, 0x89, 0xF8, 0x88, 0xF8,
    0x89, 0xF8, 0x99, 0xF8, 0x9A, 0xF8, 0x89, 0xF7,
    0x9A, 0xF9, 0xAA, 0xF9, 0xAA, 0xF9, 0x98, 0xF7,
    0x88, 0xF6, 0xCB, 0xF9, 0x99, 0xF8, 0xBB, 0xFA,
    0xBB, 0xFA, 0xAA, 0xF9, 0xAA, 0xF9, 0x77, 0xF5,
    0x99, 0xF7, 0xA9, 0xF8, 0xAA, 0xF9, 0x89, 0xF8,
    0x9A, 0xF9, 0xAA, 0xF9, 0xAA, 0xFA, 0x99, 0xF9,
    0x88, 0xF8, 0x9A, 0xF9, 0xAA, 0xF9, 0xAB, 0xF9,
    0xBB, 0xFA, 0xA9, 0xF7, 0xCA, 0xF8, 0xB9, 0xF6,
    0x83, 0xF1, 0x82, 0xF1, 0x85, 0xF4, 0xB8, 0xF7,
    0xB7, 0xF6, 0xA5, 0xF4, 0x82, 0xF1, 0xB7, 0xF5,
    0xCA, 0xF9, 0xA9, 0xF8, 0x99, 0xF9, 0xBB, 0xFB,
    0xAB, 0xFA, 0x9A, 0xF9, 0xAA, 0xFA, 0x99, 0xF8,
    0x9A, 0xF8, 0xBB, 0xF9, 0xAA, 0xF8, 0xCC, 0xFA,
    0xBA, 0xF9, 0x99, 0xF7, 0x99, 0xF8, 0x99, 0xF8,
    0x99, 0xF8, 0x76, 0xF5, 0x86, 0xF5, 0xA9, 0xF8,
    0x9A, 0xF8, 0xAB, 0xF9, 0x88, 0xF7, 0xAA, 0xF9,
    0xAA, 0xF9, 0x99, 0xF8, 0x9A, 0xF9, 0xAB, 0xFA,
    0x9A, 0xF9, 0x88, 0xF7, 0xBB, 0xFA, 0x98, 0xF7,
    0xBA, 0xF7, 0xBA, 0xF8, 0xA9, 0xF8, 0x99, 0xF9,
    0xBB, 0xFB, 0xBB, 0xFA, 0xBA, 0xF9, 0x75, 0xF4,
    0x98, 0xF7, 0xAA, 0xF9, 0xBC, 0xFB, 0x89, 0xF8,
    0x9B, 0xFA, 0xAB, 0xFA, 0x9A, 0xF9, 0xBB, 0xFB,
    0xAB, 0xFA, 0x99, 0xF9, 0xBB, 0xFA, 0x99, 0xF8,
    0x98, 0xF6, 0x98, 0xF6, 0xA9, 0xF7, 0xBB, 0xFA,
    0x99, 0xF9, 0x9A, 0xF9, 0xAA, 0xF9, 0x97, 0xF6,
    0x86, 0xF5, 0xA9, 0xF8, 0x88, 0xF7, 0xAB, 0xFA,
    0x9A, 0xF9, 0x9A, 0xFA, 0x9A, 0xFA, 0x99, 0xF8,
    0xBC, 0xF9, 0x99, 0xF4, 0x66, 0xF2, 0x21, 0xF0,
    0x65, 0xF5, 0x20, 0xF1, 0x99, 0xF7, 0xCC, 0xF9,
    0x88, 0xF3, 0xBA, 0xF4, 0x98, 0xF2, 0x87, 0xF2,
    0xA6, 0xF1, 0x96, 0xF1, 0x86, 0xF2, 0xCB, 0xF6,
    0xBB, 0xF1, 0xDD, 0xF0, 0xDC, 0xF2, 0xDD, 0xF8,
    0xCC, 0xF6, 0x34, 0xF0, 0x78, 0xF7, 0x89, 0xF7,
    0xAA, 0xFA, 0xAB, 0xFA, 0x99, 0xF8, 0xA9, 0xF8,
    0xCC, 0xFA, 0xBB, 0xFA, 0x99, 0xF8, 0x9A, 0xF9,
    0x67, 0xF7, 0x20, 0xF0, 0xB7, 0xF6, 0xD8, 0xF6,
    0xD7, 0xF6, 0xD7, 0xF6, 0xD8, 0xF6, 0xD8, 0xF6,
    0xD7, 0xF6, 0xD7, 0xF6, 0xD7, 0xF6, 0xD7, 0xF6,
    0xD7, 0xF6, 0xD7, 0xF6, 0xC7, 0xF5, 0xC7, 0xF5,
    0xD7, 0xF6, 0xD7, 0xF6, 0xC7, 0xF6, 0xD7, 0xF6,
    0xD7, 0xF6, 0xD7, 0xF6, 0xD7, 0xF6, 0xC7, 0xF6,
    0xD7, 0xF6, 0xD7, 0xF6, 0xC7, 0xF5, 0xD7, 0xF6,
    0xD7, 0xF6, 0xD7, 0xF6, 0xD7, 0xF6, 0xD7, 0xF6,
    0xC7, 0xF5, 0xC7, 0xF6, 0xC7, 0xF5, 0xC7, 0xF5,
    0xC7, 0xF6, 0xC7, 0xF5, 0xC6, 0xF5, 0xC6, 0xF5,
    0xB6, 0xF4, 0xC7, 0xF5, 0xC7, 0xF5, 0xC7, 0xF5,
    0xC7, 0xF5, 0xD7, 0xF6, 0xD7, 0xF6, 0xD7, 0xF6,
    0xD7, 0xF6, 0xD7, 0xF6, 0xD7, 0xF6, 0xD7, 0xF6,
    0xD7, 0xF6, 0xD7, 0xF6, 0xD8, 0xF6, 0xD7, 0xF6,
    0xD7, 0xF6, 0xD7, 0xF6, 0xD7, 0xF6, 0xD7, 0xF6,
    0xD7, 0xF6, 0xD7, 0xF6, 0xD7, 0xF6, 0xD7, 0xF6,
    0xD7, 0xF6, 0xD7, 0xF6, 0xD7, 0xF6, 0xC7, 0xF6,
    0xC7, 0xF6, 0xD8, 0xF6, 0xD8, 0xF6, 0xD8, 0xF6,
    0xD7, 0xF6, 0xD7, 0xF6, 0xC7, 0xF6, 0xC7, 0xF6,
    0xD8, 0xF6, 0xD8, 0xF6, 0xD8, 0xF6, 0xD8, 0xF6,
    0xD8, 0xF6, 0xD8, 0xF6, 0xD8, 0xF6, 0xD8, 0xF6,
    0xD8, 0xF6, 0xD8, 0xF6, 0xD8, 0xF7, 0xD8, 0xF6,
    0xD8, 0xF6, 0xD7, 0xF6, 0xD8, 0xF6, 0xD8, 0xF6,
    0xBB, 0xFA, 0x88, 0xF7, 0x99, 0xF8, 0xAA, 0xF9,
    0x99, 0xF8, 0x99, 0xF8, 0x9A, 0xF9, 0xAB, 0xFA,
    0x89, 0xF9, 0x9A, 0xF9, 0x89, 0xF8, 0x99, 0xF7,
    0x88, 0xF5, 0x99, 0xF6, 0xCC, 0xFA, 0x98, 0xF6,
    0x98, 0xF6, 0x76, 0xF5, 0x88, 0xF7, 0xAA, 0xF9,
    0x88, 0xF7, 0x89, 0xF8, 0x9A, 0xF9, 0xBC, 0xFB,
    0xAA, 0xF9, 0x88, 0xF7, 0x99, 0xF8, 0x99, 0xF8,
    0xAB, 0xF9, 0x9A, 0xF9, 0x77, 0xF7, 0x99, 0xF9,
    0x99, 0xF7, 0x99, 0xF7, 0xBC, 0xFA, 0xBB, 0xF9,
    0x99, 0xF8, 0x98, 0xF6, 0x87, 0xF5, 0xAA, 0xF8,
    0xAA, 0xF8, 0xAB, 0xF9, 0x9A, 0xF9, 0xAA, 0xF9,
    0xAA, 0xF9, 0x99, 0xF9, 0x99, 0xF8, 0xAA, 0xF9,
    0xCC, 0xFC, 0x89, 0xF8, 0xBC, 0xFB, 0x89, 0xF7,
    0x9A, 0xF9, 0xAA, 0xF9, 0x87, 0xF6, 0xDC, 0xFA,
    0x86, 0xF5, 0x62, 0xF0, 0x75, 0xF4, 0xA8, 0xF6,
    0x85, 0xF3, 0x62, 0xF1, 0xC7, 0xF5, 0xD9, 0xF7,
    0xA8, 0xF6, 0xCB, 0xFA, 0x88, 0xF7, 0x9A, 0xF9,
    0xAB, 0xFA, 0x89, 0xF8, 0x9A, 0xF9, 0xAA, 0xF9,
    0x99, 0xF8, 0x89, 0xF8, 0x88, 0xF7, 0x98, 0xF7,
    0xCC, 0xFB, 0xAA, 0xF9, 0x99, 0xF8, 0x98, 0xF7,
    0x75, 0xF4, 0x87, 0xF6, 0xA9, 0xF8, 0x88, 0xF7,
    0xAB, 0xFA, 0x89, 0xF8, 0x9A, 0xF9, 0x9A, 0xF9,
    0x89, 0xF8, 0x89, 0xF8, 0x9A, 0xF9, 0xAA, 0xFA,
    0xBB, 0xFB, 0xBB, 0xFB, 0xAA, 0xF9, 0xBB, 0xFA,
    0x98, 0xF6, 0xBB, 0xF8, 0xAA, 0xF8, 0xA9, 0xF9,
    0xCB, 0xFB, 0x77, 0xF6, 0x87, 0xF5, 0xBB, 0xF9,
    0xBB, 0xFA, 0x99, 0xF8, 0x9A, 0xFA, 0xAB, 0xFA,
    0xAB, 0xFA, 0x9A, 0xF9, 0xAA, 0xF9, 0xAB, 0xFA,
    0xAA, 0xFA, 0x99, 0xF9, 0x99, 0xF9, 0x99, 0xF8,
    0x99, 0xF7, 0x88, 0xF6, 0x98, 0xF6, 0xCB, 0xFA,
    0xCB, 0xFA, 0xA9, 0xF8, 0x77, 0xF5, 0x87, 0xF6,
    0x99, 0xF7, 0xBB, 0xFA, 0x9A, 0xF9, 0x9A, 0xFA,
    0x78, 0xF8, 0x88, 0xF8, 0xAB, 0xFA, 0xAA, 0xFA,
    0xBB, 0xF8, 0x9A, 0xF4, 0x99, 0xF2, 0x98, 0xF2,
    0x55, 0xF0, 0x20, 0xF0, 0x32, 0xF2, 0x88, 0xF6,
    0xCB, 0xF8, 0xCB, 0xF6, 0xA8, 0xF3, 0x86, 0xF1,
    0x85, 0xF1, 0x97, 0xF1, 0xCB, 0xF3, 0xBB, 0xF3,
    0xCC, 0xF3, 0xDD, 0xF0, 0xDD, 0xF2, 0xDC, 0xF5,
    0xBB, 0xF6, 0x88, 0xF5, 0x78, 0xF7, 0x99, 0xF8,
    0x78, 0xF7, 0x9A, 0xFA, 0x89, 0xF8, 0x99, 0xF8,
    0x88, 0xF7, 0xCC, 0xFB, 0xBB, 0xF9, 0x98, 0xF7,
    0x66, 0xF6, 0x20, 0xF0, 0xA6, 0xF5, 0xD7, 0xF6,
    0xD7, 0xF6, 0xD7, 0xF6, 0xD7, 0xF6, 0xD7, 0xF6,
    0xD7, 0xF6, 0xD7, 0xF6, 0xD7, 0xF6, 0xC7, 0xF6,
    0xD7, 0xF6, 0xD7, 0xF6, 0xC7, 0xF5, 0xC7, 0xF5,
    0xD7, 0xF6, 0xC7, 0xF6, 0xD7, 0xF6, 0xD7, 0xF6,
    0xD7, 0xF6, 0xD7, 0xF6, 0xD8, 0xF6, 0xD7, 0xF6,
    0xC7, 0xF6, 0xD7, 0xF6, 0xD7, 0xF6, 0xD7, 0xF6,
    0xD7, 0xF6, 0xD7, 0xF6, 0xD7, 0xF6, 0xD7, 0xF6,
    0xC7, 0xF6, 0xD7, 0xF6, 0xC7, 0xF5, 0xC7, 0xF6,
    0xC7, 0xF5, 0xC7, 0xF5, 0xD7, 0xF6, 0xD7, 0xF6,
    0xC6, 0xF5, 0xC6, 0xF5, 0xC7, 0xF5, 0xC7, 0xF5,
    0xC7, 0xF5, 0xC7, 0xF5, 0xC7, 0xF5, 0xC7, 0xF5,
    0xC7, 0xF5, 0xC7, 0xF5, 0xC7, 0xF5, 0xC7, 0xF5,
    0xC7, 0xF5, 0xC7, 0xF5, 0xC7, 0xF6, 0xC7, 0xF6,
    0xC7, 0xF5, 0xC7, 0xF5, 0xC7, 0xF6, 0xC7, 0xF6,
    0xC7, 0xF5, 0xC7, 0xF6, 0xC7, 0xF6, 0xC7, 0xF6,
    0xC7, 0xF6, 0xC7, 0xF6, 0xC7, 0xF6, 0xC7, 0xF6,
    0xC7, 0xF6, 0xC7, 0xF6, 0xC7, 0xF6, 0xC7, 0xF6,
    0xD8, 0xF6, 0xD7, 0xF6, 0xD7, 0xF6, 0xC7, 0xF6,
    0xD7, 0xF6, 0xD8, 0xF6, 0xD8, 0xF6, 0xD7, 0xF6,
    0xD7, 0xF6, 0xD8, 0xF6, 0xD8, 0xF6, 0xD8, 0xF6,
    0xD8, 0xF6, 0xD8, 0xF6, 0xD8, 0xF6, 0xD8, 0xF6,
    0xD8, 0xF6, 0xD8, 0xF6, 0xD8, 0xF6, 0xD8, 0xF6,
    0x9A, 0xF9, 0x99, 0xF8, 0xAB, 0xFA, 0xBB, 0xFB,
    0xAA, 0xF9, 0xAA, 0xF9, 0xAB, 0xFA, 0xAB, 0xFA,
    0xAB, 0xFA, 0x88, 0xF8, 0x99, 0xF9, 0xBC, 0xFB,
    0xAA, 0xF9, 0x87, 0xF7, 0xBA, 0xF8, 0x98, 0xF6,
    0x87, 0xF5, 0xA9, 0xF8, 0x88, 0xF7, 0xAA, 0xF9,
    0xBB, 0xFA, 0x9A, 0xF9, 0xAA, 0xF9, 0x9A, 0xF9,
    0xBB, 0xFA, 0xAA, 0xF9, 0xAA, 0xFA, 0x9A, 0xF9,
    0x99, 0xF8, 0x9A, 0xF9, 0x9A, 0xF9, 0x99, 0xF8,
    0x88, 0xF7, 0x99, 0xF7, 0x99, 0xF7, 0xDD, 0xFB,
    0x99, 0xF7, 0x87, 0xF5, 0xA9, 0xF7, 0xAA, 0xF9,
    0xCD, 0xFB, 0xAB, 0xF9, 0xBB, 0xFA, 0xAB, 0xFA,
    0xAB, 0xFA, 0xAA, 0xF9, 0xAA, 0xF9, 0xAA, 0xF9,
    0xAB, 0xF9, 0xBB, 0xFA, 0xAB, 0xF9, 0x9A, 0xF9,
    0xBB, 0xFB, 0xAA, 0xF9, 0x88, 0xF8, 0x87, 0xF5,
    0xDD, 0xFB, 0x87, 0xF5, 0xA8, 0xF7, 0x75, 0xF4,
    0x64, 0xF3, 0xD9, 0xF7, 0xD8, 0xF5, 0xD9, 0xF6,
    0xB8, 0xF6, 0xCC, 0xFA, 0x89, 0xF7, 0x9A, 0xF9,
    0xAB, 0xFA, 0x9A, 0xF9, 0x9A, 0xF9, 0x89, 0xF8,
    0xAB, 0xFA, 0xBC, 0xFB, 0x99, 0xF8, 0xAA, 0xF9,
    0xAA, 0xF9, 0xCC, 0xFB, 0xAA, 0xF8, 0x65, 0xF4,
    0x76, 0xF5, 0x98, 0xF7, 0xAB, 0xFA, 0x78, 0xF7,
    0x99, 0xF8, 0x87, 0xF7, 0x99, 0xF8, 0x9A, 0xF9,
    0x89, 0xF8, 0x99, 0xF9, 0xAA, 0xFA, 0x77, 0xF7,
    0x88, 0xF8, 0x9A, 0xF9, 0x99, 0xF9, 0x99, 0xF8,
    0x99, 0xF8, 0xBB, 0xFA, 0xCB, 0xFA, 0xCB, 0xF9,
    0x87, 0xF6, 0x86, 0xF4, 0xAA, 0xF8, 0xAA, 0xF8,
    0xAB, 0xFA, 0x89, 0xF8, 0x99, 0xF9, 0xAA, 0xFA,
    0xAA, 0xF9, 0xAA, 0xF9, 0x99, 0xF8, 0xAA, 0xF9,
    0x99, 0xF9, 0x99, 0xF9, 0x88, 0xF8, 0x99, 0xF8,
    0x89, 0xF8, 0xAB, 0xFA, 0x99, 0xF8, 0x98, 0xF6,
    0xB8, 0xF7, 0x75, 0xF3, 0x98, 0xF6, 0xBB, 0xFA,
    0x88, 0xF7, 0xAB, 0xFA, 0xAA, 0xFA, 0x99, 0xF9,
    0xAA, 0xFA, 0x99, 0xF9, 0x77, 0xF7, 0x99, 0xF9,
    0xCB, 0xFB, 0xAA, 0xF5, 0x98, 0xF0, 0xA9, 0xF1,
    0xDC, 0xF5, 0x77, 0xF4, 0xA9, 0xF8, 0x55, 0xF4,
    0x76, 0xF5, 0xCB, 0xF8, 0x96, 0xF2, 0x75, 0xF1,
    0x75, 0xF0, 0xCA, 0xF1, 0xCB, 0xF0, 0xBB, 0xF2,
    0xDD, 0xF5, 0xED, 0xF1, 0xDC, 0xF0, 0xCA, 0xF3,
    0xAA, 0xF6, 0xAA, 0xF7, 0x44, 0xF3, 0x9A, 0xF9,
    0x89, 0xF9, 0x9A, 0xFA, 0x88, 0xF8, 0x88, 0xF7,
    0x89, 0xF8, 0x88, 0xF7, 0xCB, 0xFA, 0x76, 0xF4,
    0x55, 0xF4, 0x30, 0xF0, 0x96, 0xF5, 0xD7, 0xF6,
    0xD7, 0xF6, 0xD7, 0xF6, 0xD8, 0xF6, 0xD7, 0xF6,
    0xD7, 0xF6, 0xD7, 0xF6, 0xD7, 0xF6, 0xC7, 0xF5,
    0xC7, 0xF5, 0xC7, 0xF5, 0xC7, 0xF5, 0xC7, 0xF5,
    0xC7, 0xF5, 0xC7, 0xF5, 0xC7, 0xF6, 0xC7, 0xF5,
    0xC7, 0xF6, 0xC7, 0xF5, 0xC7, 0xF5, 0xC7, 0xF5,
    0xC7, 0xF5, 0xC7, 0xF5, 0xC7, 0xF6, 0xD7, 0xF6,
    0xD7, 0xF6, 0xD7, 0xF6, 0xD7, 0xF6, 0xD7, 0xF6,
    0xD7, 0xF6, 0xD7, 0xF6, 0xC7, 0xF5, 0xC7, 0xF5,
    0xC7, 0xF5, 0xC7, 0xF5, 0xC7, 0xF5, 0xC7, 0xF5,
    0xC7, 0xF5, 0xC7, 0xF5, 0xC7, 0xF5, 0xD7, 0xF6,
    0xC7, 0xF5, 0xC7, 0xF5, 0xC7, 0xF5, 0xC7, 0xF5,
    0xC7, 0xF5, 0xC7, 0xF5, 0xC7, 0xF6, 0xC7, 0xF5,
    0xC7, 0xF6, 0xC7, 0xF6, 0xC7, 0xF6, 0xC7, 0xF6,
    0xC7, 0xF6, 0xC7, 0xF6, 0xC7, 0xF5, 0xC7, 0xF6,
    0xC7, 0xF6, 0xC7, 0xF6, 0xC7, 0xF6, 0xC7, 0xF6,
    0xC7, 0xF6, 0xC7, 0xF6, 0xC7, 0xF6, 0xC7, 0xF6,
    0xC7, 0xF5, 0xC7, 0xF6, 0xC7, 0xF6, 0xC7, 0xF6,
    0xC7, 0xF6, 0xD7, 0xF6, 0xC7, 0xF6, 0xC7, 0xF6,
    0xC7, 0xF6, 0xC7, 0xF6, 0xC7, 0xF6, 0xC7, 0xF6,
    0xC7, 0xF6, 0xC7, 0xF6, 0xC7, 0xF6, 0xC7, 0xF6,
    0xD7, 0xF6, 0xC7, 0xF6, 0xC7, 0xF6, 0xC7, 0xF6,
    0xC7, 0xF6, 0xC7, 0xF6, 0xC7, 0xF6, 0xC7, 0xF6,
    0x99, 0xF8, 0x88, 0xF7, 0x99, 0xF8, 0xAA, 0xF9,
    0xAA, 0xF9, 0xBC, 0xFB, 0xAB, 0xFA, 0xAB, 0xFA,
    0xBB, 0xFB, 0x99, 0xF9, 0x9A, 0xF9, 0x9A, 0xF9,
    0x88, 0xF7, 0xAA, 0xF9, 0x87, 0xF5, 0x87, 0xF5,
    0xBA, 0xF9, 0x77, 0xF5, 0x99, 0xF8, 0x99, 0xF9,
    0x9A, 0xF9, 0xBB, 0xFA, 0x99, 0xF8, 0xAA, 0xF9,
    0x9A, 0xF9, 0xAA, 0xF9, 0x88, 0xF8, 0x88, 0xF7,
    0x99, 0xF9, 0x99, 0xF8, 0x89, 0xF8, 0x9A, 0xF9,
    0xAA, 0xF9, 0x99, 0xF8, 0x99, 0xF8, 0x88, 0xF6,
    0x77, 0xF4, 0xAA, 0xF7, 0xCC, 0xFB, 0x9A, 0xF9,
    0x99, 0xF8, 0x99, 0xF9, 0xBB, 0xFA, 0xBB, 0xFA,
    0x99, 0xF8, 0xAB, 0xFA, 0x99, 0xF8, 0xBB, 0xFA,
    0x99, 0xF8, 0x9A, 0xF8, 0xAB, 0xFA, 0x78, 0xF7,
    0x99, 0xF8, 0x99, 0xF8, 0x9A, 0xF9, 0x10, 0xF0,
    0x88, 0xF6, 0x88, 0xF5, 0x65, 0xF4, 0x53, 0xF2,
    0xB8, 0xF6, 0xDA, 0xF7, 0xD8, 0xF5, 0xD9, 0xF6,
    0xDA, 0xF8, 0xA9, 0xF8, 0x89, 0xF7, 0xAB, 0xFA,
    0xAA, 0xF9, 0xAB, 0xFA, 0x89, 0xF8, 0x99, 0xF9,
    0x88, 0xF8, 0x99, 0xF9, 0x89, 0xF7, 0xAB, 0xFA,
    0x99, 0xF8, 0x98, 0xF7, 0x65, 0xF3, 0x87, 0xF5,
    0x99, 0xF8, 0x88, 0xF7, 0x78, 0xF7, 0x89, 0xF8,
    0x88, 0xF8, 0xAA, 0xFA, 0x99, 0xF9, 0x88, 0xF7,
    0xBC, 0xFB, 0x99, 0xF9, 0xAA, 0xF9, 0x9A, 0xF9,
    0xAB, 0xFA, 0x99, 0xF8, 0xAA, 0xF9, 0xAA, 0xFA,
    0x89, 0xF8, 0xBB, 0xFB, 0x99, 0xF7, 0x87, 0xF5,
    0x98, 0xF5, 0xCB, 0xFA, 0xBB, 0xFA, 0x99, 0xF8,
    0x9A, 0xF9, 0x89, 0xF8, 0xBB, 0xFA, 0xAA, 0xF9,
    0x99, 0xF8, 0xAA, 0xF9, 0x9A, 0xF9, 0x99, 0xF8,
    0xAA, 0xF9, 0x99, 0xF8, 0x99, 0xF9, 0xAA, 0xF9,
    0xBC, 0xFB, 0xAA, 0xFA, 0xAA, 0xFA, 0xAA, 0xF8,
    0x74, 0xF1, 0x97, 0xF5, 0xCB, 0xFA, 0xAA, 0xF9,
    0x89, 0xF8, 0x89, 0xF8, 0xAB, 0xFA, 0xCC, 0xFC,
    0xBB, 0xFB, 0x99, 0xF9, 0xAA, 0xFA, 0xAA, 0xFA,
    0xAA, 0xF9, 0xAA, 0xF7, 0x98, 0xF1, 0xA9, 0xF0,
    0xDC, 0xF3, 0xBC, 0xF5, 0x77, 0xF5, 0xBB, 0xF9,
    0x31, 0xF1, 0x75, 0xF2, 0x87, 0xF4, 0x86, 0xF1,
    0x97, 0xF0, 0xB9, 0xF0, 0xCB, 0xF0, 0xBB, 0xF2,
    0xCD, 0xF6, 0xDD, 0xF3, 0xDD, 0xF0, 0xCB, 0xF2,
    0x98, 0xF4, 0xBB, 0xF8, 0x34, 0xF3, 0x99, 0xF9,
    0x99, 0xF9, 0x99, 0xF9, 0x99, 0xF9, 0x89, 0xF9,
    0x9A, 0xF9, 0xAA, 0xF9, 0x64, 0xF3, 0x98, 0xF6,
    0x77, 0xF5, 0x30, 0xF0, 0xA6, 0xF5, 0xD7, 0xF6,
    0xD7, 0xF6, 0xD7, 0xF6, 0xD7, 0xF6, 0xD7, 0xF6,
    0xD7, 0xF6, 0xD7, 0xF6, 0xD7, 0xF6, 0xD7, 0xF6,
    0xC7, 0xF5, 0xC7, 0xF5, 0xC7, 0xF5, 0xC7, 0xF5,
    0xC7, 0xF5, 0xC7, 0xF5, 0xC7, 0xF5, 0xC7, 0xF5,
    0xC7, 0xF5, 0xC7, 0xF5, 0xC7, 0xF5, 0xC7, 0xF5,
    0xC7, 0xF5, 0xC7, 0xF5, 0xC7, 0xF5, 0xC7, 0xF5,
    0xC7, 0xF5, 0xC7, 0xF5, 0xC7, 0xF6, 0xD7, 0xF6,
    0xD7, 0xF6, 0xC7, 0xF5, 0xC7, 0xF5, 0xC7, 0xF5,
    0xC7, 0xF5, 0xC7, 0xF5, 0xC7, 0xF5, 0xC7, 0xF5,
    0xC7, 0xF5, 0xC7, 0xF5, 0xC7, 0xF5, 0xC7, 0xF6,
    0xC7, 0xF5, 0xC7, 0xF5, 0xC7, 0xF5, 0xC7, 0xF5,
    0xD7, 0xF6, 0xC7, 0xF6, 0xC7, 0xF6, 0xC7, 0xF6,
    0xC7, 0xF6, 0xC7, 0xF6, 0xC7, 0xF6, 0xC7, 0xF6,
    0xC7, 0xF6, 0xC7, 0xF6, 0xC7, 0xF6, 0xC7, 0xF6,
    0xC7, 0xF6, 0xC7, 0xF6, 0xD7, 0xF6, 0xC7, 0xF6,
    0xC7, 0xF6, 0xC7, 0xF6, 0xC7, 0xF6, 0xC7, 0xF6,
    0xC7, 0xF6, 0xC8, 0xF6, 0xD8, 0xF6, 0xD8, 0xF6,
    0xC7, 0xF6, 0xD7, 0xF6, 0xD7, 0xF6, 0xD7, 0xF6,
    0xD7, 0xF6, 0xD7, 0xF6, 0xD7, 0xF6, 0xC7, 0xF6,
    0xD7, 0xF6, 0xD7, 0xF6, 0xD7, 0xF6, 0xD7, 0xF6,
    0xD8, 0xF6, 0xD7, 0xF6, 0xD7, 0xF6, 0xD7, 0xF6,
    0xD7, 0xF6, 0xD7, 0xF6, 0xD7, 0xF6, 0xD7, 0xF6,
    0x99, 0xF9, 0x77, 0xF6, 0xAA, 0xF9, 0xAA, 0xF9,
    0xBB, 0xFA, 0x9A, 0xF9, 0x99, 0xF8, 0x99, 0xF8,
    0xBB, 0xFB, 0x99, 0xF8, 0xAB, 0xF9, 0x9A, 0xF8,
    0x89, 0xF7, 0xAA, 0xFA, 0x88, 0xF6, 0xDD, 0xFB,
    0xCB, 0xFA, 0xAA, 0xF9, 0xAA, 0xF9, 0x9A, 0xF9,
    0x88, 0xF8, 0x77, 0xF7, 0x99, 0xF9, 0xAA, 0xF9,
    0xAA, 0xF9, 0xAB, 0xFA, 0xCD, 0xFC, 0xAA, 0xFA,
    0x99, 0xF8, 0x9A, 0xF9, 0xAA, 0xF9, 0x89, 0xF8,
    0xAA, 0xFA, 0x99, 0xF9, 0xAA, 0xFA, 0x65, 0xF3,
    0xDD, 0xFA, 0xAB, 0xF8, 0xAA, 0xF9, 0xAB, 0xFA,
    0xAB, 0xFA, 0xAA, 0xFA, 0x88, 0xF7, 0xAA, 0xFA,
    0x9A, 0xF9, 0x99, 0xF8, 0xBC, 0xFB, 0x9A, 0xF9,
    0xAB, 0xFA, 0xAB, 0xFA, 0xBC, 0xFC, 0xBC, 0xFB,
    0xAA, 0xF9, 0xAB, 0xF9, 0x99, 0xF8, 0x66, 0xF6,
    0x66, 0xF4, 0xBB, 0xF9, 0x87, 0xF6, 0x97, 0xF6,
    0xB7, 0xF5, 0xD9, 0xF7, 0xD9, 0xF6, 0xD8, 0xF5,
    0xDA, 0xF8, 0xA9, 0xF8, 0xBC, 0xFB, 0x99, 0xF9,
    0x99, 0xF8, 0x9A, 0xF9, 0x99, 0xF8, 0x99, 0xF9,
    0xAB, 0xFB, 0x9A, 0xF9, 0x9A, 0xF8, 0x9A, 0xFA,
    0xBB, 0xFB, 0x65, 0xF3, 0xBA, 0xF7, 0xBA, 0xF7,
    0x99, 0xF8, 0x88, 0xF8, 0xAA, 0xFA, 0x88, 0xF8,
    0x89, 0xF8, 0xAB, 0xFA, 0x99, 0xF9, 0x99, 0xF8,
    0x99, 0xF8, 0x88, 0xF7, 0x77, 0xF7, 0x99, 0xF8,
    0x89, 0xF8, 0x88, 0xF7, 0x99, 0xF9, 0xAA, 0xFA,
    0xAB, 0xFA, 0xAA, 0xF9, 0x87, 0xF6, 0x99, 0xF5,
    0xBA, 0xF7, 0xBB, 0xFA, 0x99, 0xF9, 0x99, 0xF9,
    0x99, 0xF8, 0xAA, 0xF9, 0xAA, 0xF9, 0x9A, 0xF9,
    0x89, 0xF8, 0xAA, 0xF9, 0xAA, 0xF9, 0x88, 0xF7,
    0xBB, 0xFA, 0xBB, 0xFA, 0x99, 0xF8, 0xAB, 0xFA,
    0xBB, 0xF9, 0xBB, 0xFB, 0xBB, 0xFB, 0x88, 0xF6,
    0xA9, 0xF6, 0xCB, 0xF9, 0x99, 0xF8, 0xAA, 0xFA,
    0x99, 0xF9, 0x99, 0xF9, 0x99, 0xF9, 0x9A, 0xF9,
    0xAA, 0xFA, 0xAA, 0xFA, 0xCC, 0xFC, 0x9A, 0xF9,
    0xAB, 0xF9, 0xBB, 0xF7, 0x99, 0xF1, 0xA9, 0xF0,
    0xCB, 0xF2, 0xEE, 0xF7, 0x66, 0xF3, 0xBB, 0xF7,
    0x42, 0xF1, 0x98, 0xF6, 0xDC, 0xF9, 0x97, 0xF1,
    0x87, 0xF0, 0xA9, 0xF0, 0xCB, 0xF0, 0xBA, 0xF2,
    0xAA, 0xF4, 0xEE, 0xF4, 0xED, 0xF0, 0xCB, 0xF1,
    0xA9, 0xF3, 0xCC, 0xF7, 0x56, 0xF3, 0x9A, 0xF9,
    0xAB, 0xFB, 0x9A, 0xF9, 0x9A, 0xFA, 0x9A, 0xFA,
    0x9A, 0xFA, 0x9A, 0xF8, 0x54, 0xF2, 0xCB, 0xF9,
    0xA9, 0xF7, 0x30, 0xF0, 0xA6, 0xF5, 0xD8, 0xF6,
    0xD7, 0xF6, 0xD7, 0xF6, 0xD7, 0xF6, 0xD7, 0xF6,
    0xD7, 0xF6, 0xD7, 0xF6, 0xD7, 0xF6, 0xD7, 0xF6,
    0xC7, 0xF5, 0xC7, 0xF5, 0xC6, 0xF5, 0xC7, 0xF5,
    0xC7, 0xF5, 0xC7, 0xF5, 0xC7, 0xF5, 0xC7, 0xF6,
    0xC7, 0xF6, 0xC7, 0xF5, 0xC7, 0xF6, 0xC7, 0xF6,
    0xC7, 0xF6, 0xC7, 0xF5, 0xC7, 0xF6, 0xC7, 0xF5,
    0xC7, 0xF5, 0xC7, 0xF5, 0xC7, 0xF5, 0xC7, 0xF5,
    0xC6, 0xF5, 0xC7, 0xF5, 0xC7, 0xF5, 0xC7, 0xF5,
    0xC7, 0xF5, 0xC7, 0xF5, 0xC7, 0xF6, 0xC7, 0xF5,
    0xC7, 0xF5, 0xC7, 0xF5, 0xC7, 0xF5, 0xC7, 0xF5,
    0xC7, 0xF5, 0xC7, 0xF5, 0xC7, 0xF5, 0xC7, 0xF5,
    0xC7, 0xF6, 0xC7, 0xF6, 0xC7, 0xF6, 0xC7, 0xF6,
    0xC7, 0xF6, 0xC7, 0xF6, 0xC7, 0xF6, 0xC7, 0xF6,
    0xC7, 0xF6, 0xC7, 0xF6, 0xC7, 0xF6, 0xC7, 0xF5,
    0xC7, 0xF6, 0xC7, 0xF6, 0xC7, 0xF6, 0xC7, 0xF5,
    0xC7, 0xF5, 0xC7, 0xF5, 0xC7, 0xF5, 0xC7, 0xF6,
    0xC7, 0xF5, 0xC7, 0xF6, 0xC7, 0xF6, 0xC7, 0xF6,
    0xC7, 0xF6, 0xC7, 0xF6, 0xD7, 0xF6, 0xC7, 0xF6,
    0xC7, 0xF6, 0xC7, 0xF6, 0xC7, 0xF6, 0xD7, 0xF6,
    0xC7, 0xF6, 0xC7, 0xF6, 0xC7, 0xF6, 0xC7, 0xF6,
    0xC7, 0xF6, 0xC7, 0xF6, 0xC7, 0xF6, 0xC7, 0xF6,
    0xC7, 0xF6, 0xD7, 0xF6, 0xC7, 0xF6, 0xC7, 0xF6
};

